ID,TARGET
32933,0.15186696
32713,0.48197725
90799,0.031310312
30990,0.95170534
110120,0.3790699
64879,0.45103157
86700,0.03130434
32599,0.30430406
42504,0.9208311
30559,0.14453802
97930,0.64087224
41814,0.1844453
83325,0.03130434
104376,0.77355826
57754,0.87728703
90016,0.03130434
19652,0.7650313
62811,0.39703065
47551,0.96290976
11370,0.2022309
70550,0.2605548
49494,0.16127795
124132,0.51261675
30807,0.96393096
112804,0.36131734
70340,0.31514782
27515,0.31553856
74851,0.3085391
23773,0.2661258
1905,0.863861
36533,0.46860376
85121,0.03130434
49630,0.25474632
120981,0.3624575
52205,0.383501
89516,0.03130434
46859,0.22974852
95029,0.19102913
33309,0.32092914
36372,0.96290976
46642,0.949466
77876,0.03130434
27967,0.28327733
63091,0.84597987
112046,0.34963745
100185,0.79346806
75328,0.03130434
119761,0.20881379
18970,0.2527323
93993,0.2216915
16516,0.4357308
111056,0.4572488
104819,0.25581354
1834,0.5173771
81597,0.03130434
21208,0.19291204
104115,0.37358308
60668,0.62940556
77085,0.03130434
31114,0.403211
44601,0.96393096
39482,0.84222555
35622,0.96290976
105276,0.27775964
111644,0.27677587
19609,0.7533607
46831,0.45621622
67796,0.26162446
97497,0.81153715
43621,0.9273083
21305,0.14530264
31350,0.94673926
25638,0.3463513
39958,0.18748035
116905,0.24102098
63544,0.78671986
71318,0.12385409
119726,0.3935724
98813,0.33499622
66351,0.3698178
94473,0.29506886
113650,0.3469486
12016,0.10639612
114787,0.5738036
59160,0.860123
76200,0.031310312
77519,0.031310312
53197,0.34009516
12077,0.3495698
112146,0.31718054
87227,0.03130434
71274,0.25581354
91319,0.03130434
27975,0.8099835
34909,0.81498253
70008,0.42715487
8719,0.21343563
12879,0.61632055
78498,0.03130434
117980,0.5814769
86705,0.031310312
45665,0.8758363
101761,0.82819414
106773,0.9146801
49470,0.56458336
76997,0.03130434
122677,0.8023064
51579,0.18525407
75429,0.031310312
7196,0.119666636
57834,0.87728703
18762,0.9284976
60024,0.41627684
91935,0.11652133
37195,0.96290976
45366,0.39703065
78321,0.031310312
31308,0.2206226
219,0.1184287
37532,0.96290976
93392,0.74050134
21536,0.93065524
54080,0.3910813
22147,0.93065524
89698,0.03130434
92849,0.31218278
4855,0.8272743
12988,0.21245174
75952,0.03130434
92039,0.11775758
36456,0.96290976
98659,0.2472191
108163,0.16044275
56935,0.96290976
60366,0.62940556
33317,0.39839596
63699,0.90787816
92138,0.23432541
58368,0.8796976
52166,0.17986925
61821,0.49716303
54413,0.32905048
107351,0.94194055
109938,0.18919964
62470,0.48442245
24453,0.11655196
116107,0.77560556
27751,0.75444716
53375,0.860123
57102,0.4230273
44187,0.18748035
54241,0.4355171
51642,0.47906628
70917,0.88695806
84722,0.03130434
25283,0.75444716
89106,0.03130434
116544,0.4725851
64814,0.8595642
70345,0.50459313
65943,0.6595186
88437,0.031310312
34393,0.3942423
71405,0.2030948
22288,0.9127136
71863,0.2340783
102765,0.29628864
45463,0.74414694
28616,0.8093808
16888,0.2867603
3345,0.21235535
10439,0.10639612
7506,0.2851606
117131,0.3162083
50448,0.31836024
47119,0.31451637
40832,0.8973856
58634,0.95226294
4825,0.34658924
107712,0.31866714
106090,0.25581354
95974,0.18701814
18969,0.10156157
24427,0.11655196
83219,0.031310312
31307,0.30534333
27371,0.25362933
20212,0.4208018
22287,0.9127136
55792,0.9177364
124159,0.7344843
49055,0.960363
34595,0.91424704
38653,0.96290976
11365,0.22160476
62740,0.8374354
51615,0.19585733
96456,0.20911352
17369,0.26711172
28545,0.76285684
123930,0.8663952
12249,0.77689314
46122,0.88546973
82569,0.031310312
25517,0.9576863
49118,0.4786194
12387,0.37625825
1451,0.3033325
46907,0.4947152
62122,0.9137137
62793,0.9001311
80038,0.03130434
112769,0.18211748
13833,0.23383927
117387,0.22210306
98295,0.8352814
117040,0.26141655
69156,0.3085391
108383,0.23404719
80162,0.03130434
90487,0.03130434
57007,0.89960104
122164,0.8023064
98934,0.3399628
22013,0.8277585
121276,0.46263853
121619,0.39140108
66475,0.4068606
7160,0.45063305
101439,0.6835472
114406,0.29050997
25628,0.09158824
81898,0.03130434
93667,0.39839217
87454,0.031310312
85894,0.03130434
35880,0.8758363
33368,0.42692924
56837,0.35454643
9759,0.48811638
8980,0.3318187
86473,0.03130434
118492,0.37808993
29785,0.26797763
4954,0.9357847
94226,0.94171447
25787,0.09158824
100373,0.29681158
116172,0.3474458
89868,0.03130434
89622,0.03130434
91351,0.03130434
77755,0.03130434
46760,0.39032894
7767,0.3318187
120572,0.29461455
29163,0.8820851
62600,0.42928833
93316,0.18966047
121961,0.45356947
96668,0.82912433
81910,0.03130434
68634,0.701712
31080,0.42501885
109041,0.15920162
99814,0.24264088
112044,0.746742
81866,0.03130434
55253,0.23093534
5213,0.9357847
95650,0.26646096
3744,0.21235535
19020,0.86426
64387,0.889368
3803,0.19243921
72598,0.3192434
106969,0.2030948
7535,0.5604483
59700,0.8696135
9414,0.8855285
107049,0.765426
117550,0.40493292
30168,0.16219588
119586,0.6828718
87756,0.031310312
99601,0.7591215
86645,0.03130434
115488,0.89231473
101469,0.17848307
361,0.2593381
49542,0.88868886
79688,0.03130434
95116,0.21772183
86092,0.03130434
70365,0.89794517
85203,0.031310312
27182,0.38877156
52390,0.24249882
40108,0.88546973
78524,0.03130434
101801,0.23362757
120810,0.8826961
29048,0.8191253
107985,0.26811102
18056,0.8670504
6486,0.7765706
92567,0.47810072
71959,0.2030948
56836,0.35454643
115995,0.80296695
27472,0.25997135
97544,0.68574613
63071,0.2825769
118130,0.23330303
28409,0.252591
100355,0.45797345
23544,0.4666397
41256,0.92534685
119245,0.2153792
5537,0.12480803
73118,0.25581354
56043,0.7887926
118876,0.5217252
87033,0.03130434
8049,0.7109738
100268,0.22225878
110317,0.65106755
109547,0.15552814
14730,0.825658
94952,0.325828
107556,0.94194055
40891,0.9254561
112923,0.31406686
68243,0.7066244
64292,0.4266294
90716,0.03130434
55756,0.73161304
69880,0.25581354
122207,0.66101736
13677,0.43385702
11216,0.90309274
125008,0.5139607
46094,0.44709235
82982,0.03130434
96309,0.7429555
50725,0.28811306
70310,0.16983578
111706,0.15451564
50762,0.8970733
45479,0.24472834
41741,0.1844453
112337,0.3773191
51054,0.1334903
54007,0.19134913
53753,0.87513113
35644,0.95170534
21693,0.7779481
1142,0.88612276
53739,0.17680426
61790,0.34430227
121504,0.78203154
53204,0.2980199
79840,0.03130434
60801,0.5075459
56861,0.4510818
35442,0.9519672
36072,0.94696
103482,0.29196018
7974,0.3318187
53790,0.73893493
77715,0.03130434
115484,0.5605188
17041,0.37004533
63378,0.7043625
97278,0.287981
28267,0.42338055
40230,0.9023784
109173,0.09752927
30535,0.96393096
20064,0.10156157
60385,0.8907591
62868,0.29986632
90501,0.03130434
5504,0.33317673
112133,0.33224446
29687,0.40060046
42269,0.2206226
29780,0.32989857
43616,0.48197725
124180,0.8892762
120552,0.42542177
70654,0.23404719
49378,0.37672767
120663,0.402575
58320,0.91415143
48923,0.949466
50730,0.20143037
20011,0.9499135
103250,0.25581354
106599,0.27249783
85603,0.03130434
13879,0.14268462
49518,0.88868886
89656,0.03130434
83574,0.03130434
105497,0.3368711
6987,0.19099386
84233,0.03130434
37940,0.9271307
116121,0.2539019
17611,0.35351065
63593,0.7587485
89672,0.03130434
52326,0.3074006
65186,0.45103157
33111,0.1844453
98338,0.2472191
55349,0.799897
35493,0.93818367
19361,0.17523654
47730,0.25997135
68589,0.22686978
46582,0.96290976
14105,0.8625989
2674,0.19002645
25523,0.958845
69380,0.23404719
73812,0.6783912
1257,0.9499135
94076,0.9384471
111332,0.17517772
33737,0.16762054
69521,0.2340783
18350,0.10156157
90474,0.03130434
75125,0.03130434
90553,0.03130434
69738,0.86843574
78157,0.03130434
87841,0.03130434
84421,0.03130434
118956,0.85050017
66108,0.4454462
119135,0.37808993
123338,0.85724896
23169,0.7078938
62890,0.29100558
106330,0.94194055
79920,0.03130434
48441,0.96290976
118596,0.4434572
47171,0.2206226
30142,0.13061339
108793,0.1867484
29796,0.117727935
56601,0.73030883
37741,0.96290976
28003,0.22391441
30370,0.96393096
75940,0.03130434
38785,0.6754362
39206,0.81498253
62448,0.9421789
55860,0.799897
17220,0.19999614
86088,0.031310312
17776,0.3101064
95778,0.3364418
89588,0.03130434
91781,0.26538283
17760,0.3326643
17920,0.3326643
67039,0.33079484
121532,0.53360575
84684,0.03130434
21718,0.910788
41684,0.8665855
12458,0.30993673
99714,0.7725063
80551,0.03130434
118910,0.2165065
115054,0.45777556
90147,0.031310312
102832,0.20034361
49861,0.75444716
43627,0.9314652
113624,0.36131734
6118,0.119666636
61625,0.16442306
121100,0.7814481
66348,0.27702808
83750,0.03130434
30688,0.96393096
99555,0.61715984
8992,0.119666636
70278,0.25549293
20202,0.37760314
57207,0.81498253
99445,0.16983578
48072,0.18900445
99147,0.79389507
48526,0.95170534
80771,0.03130434
39126,0.96080846
103101,0.17111853
64584,0.5643045
71277,0.3361596
116747,0.4399645
117253,0.22218464
67175,0.765426
125077,0.40547746
108462,0.34835294
63786,0.4871938
19351,0.5236166
51654,0.17428052
13345,0.73524386
75155,0.03130434
81559,0.03130434
24801,0.4414509
40662,0.9329873
121463,0.51795787
119125,0.26141655
67044,0.28201357
45915,0.96393096
57103,0.37787455
122494,0.4575926
73528,0.2975923
29546,0.37672767
7158,0.477822
23549,0.82356757
57075,0.9519672
110550,0.14298418
14148,0.9198163
17092,0.37205935
53106,0.8476641
58354,0.906613
83571,0.031310312
51975,0.1703985
94593,0.60496193
85879,0.03130434
103485,0.2340783
108903,0.16441408
94779,0.20182773
98859,0.61715984
119143,0.26141655
68547,0.4735905
112899,0.3474458
113971,0.45083553
13130,0.36387038
101883,0.3085391
21136,0.38359693
49106,0.28760076
93419,0.31649715
5714,0.12480803
94810,0.7516744
124653,0.91626215
117031,0.2289654
14996,0.3343386
86877,0.03130434
60824,0.4947152
101195,0.54755634
84374,0.031310312
114510,0.3590929
6711,0.36003512
53930,0.68946224
22124,0.89993906
123509,0.45245793
98259,0.5061463
19570,0.9284976
121090,0.6880465
99486,0.88114905
59319,0.9230428
71306,0.20838909
81240,0.03130434
51787,0.7747845
65834,0.4313774
93986,0.2216915
82169,0.03130434
60575,0.89675933
86347,0.031310312
68719,0.12832068
26267,0.55761075
90004,0.03130434
4080,0.85073787
13606,0.6699541
84653,0.03130434
32832,0.87728703
39723,0.22448991
14591,0.34577915
67656,0.35960427
70134,0.2605548
48068,0.16110021
35474,0.4789583
21292,0.12972468
12825,0.33821437
28645,0.37672767
24485,0.11655196
110810,0.12767246
12364,0.21245174
91271,0.03130434
67338,0.3207462
92167,0.3166243
99563,0.30073398
39023,0.9515991
48901,0.88546973
72970,0.8795149
101352,0.28293163
4644,0.33318532
66872,0.27702808
33268,0.2206226
52733,0.2507369
51720,0.41483587
87972,0.03130434
81181,0.03130434
37712,0.45593145
29181,0.37399346
45861,0.95170534
20002,0.8943086
39060,0.9592451
59055,0.9421789
177,0.9499135
46584,0.89960104
104156,0.23404719
22539,0.11655196
22687,0.35683784
8126,0.33759266
38153,0.45621622
65721,0.4740701
121815,0.87032795
79315,0.03130434
109390,0.08694715
88471,0.031310312
18722,0.38912302
35229,0.9189997
12202,0.24372803
12587,0.23383927
8440,0.22619922
84249,0.031310312
18127,0.9183403
82809,0.03130434
88603,0.03130434
80781,0.031310312
107589,0.18464723
26223,0.37672767
51885,0.1334903
2637,0.19136435
121546,0.4145169
122798,0.51795787
110865,0.17231268
88722,0.03130434
25620,0.09158824
57295,0.81498253
86591,0.03130434
3036,0.4170553
84328,0.03130434
116020,0.5641472
63628,0.9421789
4532,0.8780411
115456,0.26141655
42405,0.81498253
81165,0.03130434
111767,0.33737618
13838,0.77689314
50232,0.83437157
13987,0.31172016
40085,0.96290976
49290,0.8743015
14209,0.9081818
27900,0.28327733
12134,0.33189258
124788,0.87351954
102547,0.12832068
59420,0.8527178
2394,0.22507282
117203,0.2165065
46086,0.16762054
96986,0.38219392
104254,0.20838909
34989,0.96290976
35956,0.96290976
90615,0.03130434
72038,0.23777822
32481,0.5111874
98428,0.4359233
30325,0.8864545
39585,0.91252583
17495,0.9499135
94574,0.8215684
101756,0.35710767
115162,0.21040688
53985,0.29506886
76336,0.03130434
31204,0.9554212
55914,0.4515802
52903,0.1979359
96674,0.80695057
112289,0.3062433
74018,0.24119595
59607,0.95172524
41344,0.8758363
71599,0.44841218
101668,0.30416518
9558,0.20276134
79623,0.031310312
36045,0.46653733
98802,0.20034361
49827,0.39849648
104537,0.30825472
55036,0.4230273
115232,0.8680531
70369,0.18100202
54527,0.23093534
14004,0.86047524
24677,0.9009365
82793,0.03130434
79107,0.03130434
88565,0.03130434
76189,0.03130434
101501,0.17848307
60039,0.31159726
52913,0.1979359
63202,0.8893555
25490,0.94499403
87408,0.03130434
67711,0.17561463
80974,0.03130434
119056,0.18211748
67444,0.39588585
38846,0.91637546
3629,0.4022685
117302,0.1985602
104691,0.28869084
81048,0.03130434
111854,0.43612748
7460,0.33189258
116026,0.7010585
101819,0.32487923
8133,0.7985192
9767,0.81430286
33845,0.7098411
45956,0.96393096
34594,0.8865007
106212,0.83093673
21796,0.2596863
14788,0.9512742
79157,0.03130434
117092,0.4434572
44108,0.9554212
91317,0.03130434
77674,0.03130434
104568,0.74116045
21313,0.14530264
19713,0.2661258
105226,0.33427098
53005,0.85722774
78294,0.03130434
106894,0.94350517
41324,0.94673926
40761,0.6598607
121332,0.32538834
50098,0.43452618
116619,0.36617872
112927,0.2539019
62843,0.45399567
54799,0.8790545
114413,0.25489962
35200,0.93818367
82709,0.03130434
96027,0.51417804
117811,0.42657208
69424,0.24119595
59214,0.9185518
92887,0.9139515
16641,0.863861
87929,0.03130434
50977,0.4947152
102296,0.12832068
2050,0.8695366
124551,0.44167492
59301,0.87728703
121585,0.8663952
36990,0.96290976
13703,0.12200315
11090,0.31776014
50545,0.48197725
105281,0.29348382
83120,0.031310312
102282,0.34835294
76762,0.03130434
118477,0.1985602
83000,0.03130434
72656,0.21250242
68436,0.39588585
71208,0.32861802
48758,0.1916682
99542,0.32861406
55031,0.38584703
5901,0.13244395
67276,0.33217448
49673,0.8289991
116866,0.36617872
45997,0.9271307
112998,0.36117372
28244,0.2751256
85893,0.031310312
93027,0.94619924
103109,0.20034361
532,0.7132916
26788,0.87730765
114342,0.16101477
114322,0.78203154
12763,0.21245174
73177,0.25581354
31869,0.92534685
42666,0.91415143
105358,0.2947542
109623,0.13199246
46498,0.95170534
101165,0.7936544
13656,0.75567025
8955,0.29850736
124072,0.9003006
19490,0.9108036
123258,0.9061947
69099,0.27249783
64594,0.403944
122459,0.40535188
13469,0.48128662
24132,0.11655196
93293,0.20558472
58122,0.73297215
24444,0.11655196
81916,0.03130434
105241,0.33499622
60431,0.60609657
247,0.21138757
92184,0.82016003
9958,0.12480803
77618,0.031310312
54361,0.44359928
98299,0.53545773
7190,0.7765706
5052,0.9450165
67495,0.26162446
10741,0.2169093
27965,0.2001534
106444,0.33499622
94641,0.2989041
52759,0.7532634
67035,0.3647356
42885,0.90335053
80693,0.03130434
93718,0.25671712
88791,0.03130434
475,0.13109349
43664,0.5041699
26496,0.860123
118765,0.8680531
86573,0.03130434
91235,0.03130434
31862,0.5050983
106251,0.7713072
101449,0.21253584
116854,0.13818616
81355,0.03130434
27281,0.32117394
123344,0.44496882
82335,0.03130434
2105,0.19335319
26887,0.88150185
59904,0.8790545
110609,0.15946206
64041,0.2483777
100968,0.33036858
20972,0.88341886
29952,0.11218758
28285,0.16110021
16599,0.29940754
25460,0.9393818
65189,0.4313774
71927,0.25149405
49839,0.5097918
24701,0.9576863
48829,0.75575626
105214,0.44471475
105820,0.2030948
68285,0.27702808
98190,0.9424478
71225,0.50061154
122674,0.4075564
51483,0.20991126
109979,0.3122073
46791,0.13515216
38973,0.45621622
120089,0.3764618
75454,0.03130434
42516,0.96290976
110803,0.2287252
111495,0.2339014
102537,0.38219392
45514,0.18039882
87311,0.03130434
25438,0.8904079
5950,0.12480803
77385,0.03130434
92518,0.33499622
38399,0.91637546
115009,0.78203154
85021,0.03130434
24196,0.81498253
59318,0.9035957
121410,0.3896494
46307,0.96393096
103174,0.53408015
59406,0.90762305
55666,0.23093534
111847,0.209357
59738,0.4947152
29882,0.11218758
75032,0.03130434
66437,0.3434163
118024,0.43258783
106742,0.25581354
5198,0.9357847
20091,0.10156157
36893,0.88546973
85647,0.03130434
51442,0.1747816
111343,0.43704945
52225,0.45040303
114283,0.3409557
30338,0.96290976
33181,0.18748035
117427,0.20488672
47325,0.40929744
109514,0.26767382
107855,0.42255664
45687,0.94013
69272,0.42786315
84657,0.031310312
27345,0.7809187
115417,0.18211748
89251,0.03130434
91137,0.03130434
27641,0.28109452
79533,0.03130434
51385,0.23237932
123054,0.81854373
50797,0.12201437
64563,0.24003547
51216,0.44359928
124175,0.8917547
23573,0.9576863
79092,0.03130434
92054,0.13314341
77453,0.031310312
85259,0.03130434
1214,0.9499135
69223,0.19884904
50835,0.1367768
56492,0.91880554
51344,0.18525407
84408,0.03130434
99683,0.7029078
25501,0.9576863
14200,0.7948695
93315,0.28407004
71687,0.25581354
53351,0.8631297
61346,0.48442245
122027,0.8851817
17185,0.76285684
22274,0.86173636
69352,0.28944543
121892,0.42511675
110264,0.19691217
34291,0.5377715
66901,0.22123717
84927,0.03130434
116115,0.7344843
22301,0.90499485
55555,0.9137137
11652,0.22677469
48175,0.6564573
12569,0.7298426
18219,0.9225032
41347,0.9519672
36773,0.9519672
77183,0.03130434
8545,0.88340414
26273,0.7009056
88776,0.03130434
18910,0.10156157
28936,0.6718249
35394,0.31703597
73200,0.2605548
26429,0.7304224
112393,0.20881379
106635,0.32487923
100468,0.6340759
31086,0.8426271
91237,0.03130434
53499,0.76285684
43307,0.31451637
115974,0.38323477
97212,0.33616814
89468,0.03130434
85990,0.03130434
25873,0.7099934
33028,0.15186696
52142,0.14776088
10523,0.12480803
66842,0.35434297
96734,0.88695806
33390,0.52778286
124728,0.7302654
9802,0.4429247
6534,0.105922274
24044,0.11655196
46633,0.91637546
54605,0.375137
9916,0.5123193
5325,0.29850736
15833,0.14268462
88847,0.03130434
24380,0.860123
32663,0.9597026
50332,0.1182094
30029,0.60234964
51776,0.55044323
84310,0.031310312
55694,0.23093534
42278,0.2206226
16290,0.7478691
49111,0.28760076
109129,0.28367445
121653,0.67284214
2461,0.25605378
6589,0.2850851
102824,0.7300188
15111,0.1022291
6858,0.30087715
12839,0.8289407
119439,0.20881379
87160,0.03130434
120804,0.8872879
72188,0.24119595
9493,0.26710486
47864,0.44359928
10898,0.22246316
76280,0.031310312
29060,0.35137928
48722,0.95170534
6545,0.105922274
97182,0.20814428
9282,0.18231802
91033,0.03130434
2844,0.20095006
19772,0.37943122
59571,0.9390031
121036,0.18211748
52673,0.16121374
124296,0.8872879
46754,0.24472834
93080,0.9476553
48137,0.3953781
11658,0.30845845
122349,0.44503817
70881,0.2605548
28684,0.71860665
13293,0.13692203
41140,0.96290976
64325,0.7580588
111962,0.24993001
15636,0.94499403
46210,0.96290976
109141,0.114224315
108409,0.8038616
2918,0.19332613
86007,0.03130434
564,0.3902285
23336,0.8930994
4860,0.3137329
88049,0.03130434
23290,0.8462551
62834,0.8081905
9994,0.60368514
19489,0.8862143
4696,0.87960285
63397,0.8198562
71646,0.3527385
46636,0.87614733
103405,0.23404719
99096,0.33499622
91332,0.03130434
62463,0.9227062
49852,0.31836024
53766,0.6607861
63118,0.403944
49178,0.8970733
38028,0.96393096
88777,0.03130434
115408,0.38323477
93295,0.34835294
61706,0.23783341
65032,0.42031214
125042,0.43986088
65509,0.4322924
63714,0.8907591
98496,0.21800894
54236,0.20716664
87222,0.03130434
79679,0.03130434
70392,0.21250242
38940,0.9306392
39837,0.403211
25030,0.2661258
72046,0.23777822
37412,0.9306392
28951,0.38877156
115863,0.39536396
24149,0.88546973
45877,0.96290976
39396,0.81498253
120203,0.45989832
89538,0.03130434
59640,0.95226294
26310,0.15948981
56840,0.18466677
12455,0.21245174
36807,0.48197725
70832,0.31019792
27430,0.46860376
45129,0.88546973
34977,0.9306392
82795,0.03130434
38132,0.18748035
77579,0.03130434
93065,0.94619924
118840,0.402773
20736,0.42564377
44868,0.96290976
91588,0.03130434
27193,0.8375798
98480,0.22854485
95310,0.24264088
17340,0.55617404
52656,0.19335423
84094,0.03130434
108289,0.45262942
4534,0.89993906
34193,0.9306392
72959,0.82651126
447,0.16277035
98924,0.17848307
382,0.15342756
93421,0.3055729
50912,0.31836024
42385,0.16762054
61458,0.94221777
17113,0.42636782
47246,0.31703597
116446,0.4021736
96264,0.2472191
35495,0.9189997
87699,0.03130434
89405,0.03130434
37636,0.96290976
27758,0.3281106
18073,0.9165275
123349,0.22071311
3871,0.22507282
13075,0.94499403
32141,0.85344326
14753,0.9512742
112441,0.33154905
110518,0.27568305
55394,0.4154017
23565,0.91023386
7559,0.3318187
46847,0.22821797
91212,0.03130434
119806,0.20488672
118417,0.6988289
38952,0.94013
52267,0.91880554
53002,0.8631297
10770,0.20453136
118755,0.2153792
120312,0.19827189
563,0.33432338
60764,0.48442245
35246,0.9554212
59116,0.87728703
81409,0.03130434
109851,0.17968692
90897,0.03130434
12041,0.65163946
45365,0.8360774
66688,0.23638774
1394,0.31231087
83298,0.03130434
123203,0.91626215
75301,0.03130434
69306,0.20950115
80075,0.03130434
37506,0.93194836
6861,0.68795264
69298,0.4735905
12069,0.3432175
96922,0.79072076
19529,0.50141597
84303,0.031310312
78990,0.03130434
122415,0.30345544
1887,0.9084978
116600,0.5902682
113421,0.4357169
118514,0.20881379
119860,0.22218464
3923,0.18890408
100437,0.28407004
60874,0.90030754
96870,0.32861802
58382,0.52028084
94392,0.82535267
72716,0.7945083
73587,0.31992662
36654,0.96290976
113658,0.7149609
108846,0.23246667
100411,0.22854485
64312,0.43545714
112279,0.33224446
61994,0.8970733
76418,0.03130434
6595,0.7105915
3521,0.1965817
115888,0.4179905
68233,0.28201357
32815,0.77358884
83560,0.031310312
64251,0.89649034
35217,0.81498253
8788,0.2022309
76586,0.03130434
62750,0.403944
26012,0.24712557
20127,0.10156157
85805,0.03130434
92992,0.94619924
105995,0.32861802
38734,0.5567563
66630,0.1252729
88977,0.031310312
42696,0.96290976
32619,0.9071348
79086,0.031310312
12616,0.3866226
35105,0.95170534
90513,0.03130434
18427,0.30904177
92702,0.3432442
4395,0.33317673
13236,0.28922746
18366,0.10156157
22787,0.84677356
49402,0.9257487
85697,0.03130434
103926,0.34644756
36190,0.5402405
34140,0.59230435
22758,0.23327021
81776,0.031310312
9205,0.8320998
37469,0.96290976
92341,0.34835294
85149,0.03130434
122202,0.3896494
30615,0.95170534
94500,0.25693813
60831,0.9185518
96381,0.3361596
120970,0.7992722
41652,0.88546973
77064,0.03130434
33064,0.91637546
58700,0.87728703
49754,0.860123
119664,0.1712391
111780,0.36088017
1131,0.48811638
91376,0.03130434
120466,0.22218464
114300,0.67284214
82164,0.031310312
22219,0.92217124
85451,0.03130434
98250,0.21691208
62109,0.89682275
123355,0.44109732
88284,0.03130434
55173,0.23093534
25522,0.958845
107909,0.5292948
100486,0.7591215
73562,0.2605548
122332,0.8872879
18795,0.42845994
4402,0.89993906
92091,0.27257675
60720,0.23845762
62316,0.9257487
95133,0.6964881
4646,0.7950022
28611,0.8093808
5313,0.9084978
53322,0.51783645
45762,0.28582296
19907,0.11325728
95431,0.21253584
33198,0.92958856
59824,0.79530495
53207,0.7278305
80765,0.03130434
99296,0.21253584
49539,0.5362252
69054,0.28280175
119732,0.2627041
64564,0.403944
99948,0.34835294
48706,0.88546973
80192,0.03130434
100404,0.3578396
95618,0.59037954
109143,0.11685992
8591,0.8087474
56795,0.40848854
102754,0.12385409
118162,0.4434572
71607,0.7715863
16675,0.36108792
48556,0.91415143
99986,0.4178735
106628,0.32487923
98835,0.27381667
28921,0.8839478
23052,0.38891473
103508,0.28704655
61915,0.44359928
80194,0.03130434
2265,0.27320066
44825,0.76995146
118733,0.42526966
28118,0.32264453
43961,0.9341328
15683,0.22677469
101304,0.20814428
62867,0.25578496
114455,0.8375333
79908,0.03130434
89087,0.03130434
66027,0.26162446
114824,0.34113678
24690,0.9173011
51802,0.8191253
10708,0.28869084
91942,0.14298418
67229,0.33825725
82955,0.03130434
77727,0.03130434
91534,0.03130434
55714,0.4642347
59925,0.20553319
99475,0.16086607
12303,0.5123193
16982,0.7533607
12331,0.35271606
91067,0.031310312
103040,0.20911352
8416,0.2169093
71564,0.3361596
104644,0.46203277
88863,0.03130434
117760,0.24211182
38603,0.48351482
124525,0.7529213
49867,0.21750619
50294,0.17772704
66318,0.82462114
86636,0.03130434
6768,0.3766612
99970,0.34690365
62522,0.9306392
97067,0.3952521
23444,0.40144518
52755,0.8374354
56791,0.88546973
47571,0.18748035
83797,0.03130434
104785,0.22937126
8599,0.37338054
57506,0.5362252
19194,0.45993787
113307,0.28033805
95265,0.20170811
98787,0.24264088
83703,0.031310312
22912,0.81498253
67894,0.52297455
58134,0.4136897
124013,0.47819337
95034,0.1892869
50812,0.25198638
18854,0.38209352
117108,0.7260815
87762,0.03130434
5139,0.9357847
86845,0.031310312
63508,0.9318939
100051,0.32248288
101637,0.3368711
82115,0.03130434
82303,0.03130434
113468,0.78203154
105377,0.9162127
65004,0.8705224
11898,0.08458195
110130,0.1867484
22082,0.48542252
11736,0.23830368
97482,0.866293
91169,0.03130434
111848,0.2630966
8692,0.37187007
97990,0.18844602
99961,0.3368711
1089,0.323231
61005,0.31159726
43923,0.96290976
105028,0.2030948
112798,0.36131734
101534,0.72557956
58854,0.73030883
9002,0.39633325
50428,0.20628841
71517,0.24119595
44810,0.71755487
115786,0.31940177
40800,0.88546973
83337,0.031310312
81641,0.03130434
65652,0.49716303
124067,0.51237255
80246,0.031310312
90468,0.03130434
49108,0.45593145
109502,0.16516253
62227,0.8907591
14857,0.14268462
107840,0.50061154
106758,0.34750402
66134,0.6820612
44272,0.86936563
38699,0.9583529
33145,0.78102815
113500,0.19827189
76996,0.031310312
24456,0.11655196
38781,0.60234964
22875,0.46381745
58212,0.90702087
32812,0.7099934
51644,0.1703985
3458,0.3422166
125028,0.2596718
60756,0.72891086
10235,0.29850736
48249,0.96290976
30004,0.1451143
100552,0.28396383
28410,0.19163425
70763,0.3361596
105373,0.7713072
118023,0.30720195
60851,0.9109243
104683,0.6371123
125132,0.46199542
117965,0.2000533
106470,0.29348382
47227,0.1493025
90875,0.03130434
113864,0.67284214
43995,0.93818367
92605,0.12385409
106705,0.3399628
1581,0.33692366
77191,0.03130434
121658,0.8380931
91812,0.26538283
104701,0.32232672
23857,0.6160217
35777,0.96290976
34267,0.3022597
120753,0.41300967
40243,0.81498253
4049,0.21245174
97143,0.20814428
2080,0.27089122
107274,0.32270113
25500,0.9576863
87442,0.03130434
1128,0.34408906
118392,0.39535472
39796,0.87614733
22707,0.38891473
13494,0.28238574
47116,0.2206226
30948,0.9277622
64628,0.7303844
2440,0.30491543
41882,0.2206226
94433,0.5308227
79764,0.03130434
82002,0.031310312
34608,0.9332348
49482,0.18442392
3609,0.16200146
78070,0.031310312
122229,0.38543305
63691,0.8800906
116236,0.4289421
11822,0.08458195
86187,0.03130434
115219,0.31621665
38173,0.7608724
123649,0.42887315
68514,0.2579757
95225,0.4784067
61990,0.32978997
36280,0.28582296
50527,0.9204851
72780,0.2605548
36142,0.87614733
70566,0.32861802
95805,0.13772346
10683,0.23383927
70913,0.84093153
94252,0.9476553
89296,0.03130434
103207,0.2605548
98450,0.20908481
54835,0.23093534
115336,0.7260815
54017,0.5060588
54227,0.21966003
107977,0.23404719
64889,0.55277914
74491,0.25581354
15866,0.38045126
82114,0.03130434
50419,0.18961065
107207,0.94350517
48761,0.40356418
27948,0.8093808
92107,0.30260983
105955,0.7520705
70529,0.4735905
23942,0.23222189
46756,0.36873385
86664,0.031310312
52416,0.20705841
64925,0.40467575
88152,0.03130434
80049,0.031310312
83210,0.031310312
29139,0.92412096
35945,0.96290976
101160,0.7725063
36920,0.46653733
93782,0.8150685
79466,0.031310312
86033,0.03130434
14198,0.6737246
98876,0.28280175
96669,0.67191786
38420,0.18748035
67833,0.22123717
79910,0.03130434
73301,0.25581354
43085,0.17294705
26485,0.28760076
58802,0.75575626
87782,0.03130434
78180,0.031310312
87977,0.03130434
2922,0.4774865
45725,0.16762054
14734,0.9491987
34534,0.8907591
115528,0.9035959
81088,0.03130434
121985,0.5250995
16435,0.22246316
48775,0.4947152
58324,0.94013
23789,0.75444716
30800,0.96290976
3285,0.77689314
108528,0.6340759
3720,0.2864125
55116,0.90281117
38860,0.96290976
92507,0.5061463
32343,0.8426271
59344,0.89682275
79195,0.03130434
113114,0.25452465
116749,0.7221651
98535,0.21253584
53469,0.89238614
56860,0.34230834
42067,0.96290976
99395,0.16086607
109073,0.18441868
63078,0.7895873
68054,0.32600516
7343,0.9084978
67527,0.82651126
21611,0.9241818
23139,0.22188385
81250,0.03130434
2214,0.3260795
39517,0.511953
100354,0.234656
41927,0.96290976
69785,0.8970733
103658,0.19884904
56020,0.860123
15997,0.09733766
21333,0.38421112
54617,0.4136897
28263,0.3824362
10829,0.3092915
29248,0.6121557
121832,0.32631266
49912,0.17428052
63130,0.7382961
90596,0.03130434
15231,0.85901177
56740,0.4947152
3029,0.32579798
111669,0.24102098
106666,0.2030948
122628,0.43432412
108171,0.7517586
35791,0.5050983
45190,0.15186696
104451,0.2340783
92193,0.39140707
95121,0.62648994
88924,0.03130434
1504,0.9084978
32281,0.2206226
9289,0.11999774
108399,0.28869084
22800,0.37943122
67972,0.22123717
53194,0.26648578
117334,0.33737618
7061,0.4251171
41859,0.27861822
24751,0.40407833
84796,0.031310312
3953,0.32289952
49210,0.48197725
24291,0.9052432
42238,0.96290976
99682,0.6874505
19104,0.30575338
32929,0.403211
31351,0.9306392
83565,0.03130434
65495,0.7604396
36855,0.8547527
63640,0.9227062
40531,0.96290976
65422,0.20227867
85493,0.03130434
76467,0.031310312
26801,0.8578623
85039,0.03130434
111752,0.46489772
95639,0.26031482
17746,0.37970003
50626,0.30711156
11350,0.21909988
87124,0.03130434
77224,0.03130434
22673,0.439054
31157,0.1844453
80739,0.03130434
27173,0.41450492
87961,0.03130434
65317,0.9511684
84431,0.031310312
124151,0.47819337
7149,0.33352265
5991,0.12480803
73055,0.9132817
26682,0.86113924
120923,0.2939996
6448,0.08458195
40925,0.960363
72376,0.38565227
122535,0.4645215
59295,0.8007991
6283,0.32891375
21747,0.902265
20658,0.89993906
46499,0.96290976
96595,0.432831
69611,0.8596698
109620,0.13199246
30831,0.87614733
26051,0.25999683
89773,0.031310312
11883,0.12480803
20336,0.9028616
78922,0.031310312
97840,0.16044275
14732,0.9499135
16144,0.4213457
33934,0.96290976
5074,0.9357847
4832,0.6198969
1096,0.20522918
29029,0.31703597
36315,0.8527178
97558,0.22854485
34000,0.9544391
64773,0.32778472
91424,0.03130434
33048,0.88546973
110625,0.14934593
20047,0.81498253
15609,0.9284976
17878,0.86047524
6331,0.6079769
502,0.49891397
84471,0.03130434
938,0.8892631
113312,0.27677587
87331,0.03130434
4574,0.83432525
80172,0.03130434
92735,0.20034361
85673,0.03130434
105853,0.2727266
97021,0.859443
122178,0.72441196
112246,0.35877663
102203,0.30260983
68091,0.3179627
37477,0.93194836
63900,0.60609657
107170,0.94194055
18297,0.9357847
65572,0.7587485
5057,0.9357847
4182,0.33317673
72485,0.32248288
44582,0.96290976
606,0.9353937
102237,0.32487923
89137,0.03130434
98770,0.20439366
4857,0.85073787
45462,0.47749636
55590,0.36900908
18750,0.83543783
103407,0.25549293
24685,0.3855565
82000,0.03130434
117613,0.45199424
9814,0.33883044
49431,0.18442392
25195,0.958845
99919,0.21772183
53379,0.7887926
65840,0.5093295
13932,0.35215345
27854,0.19458532
114646,0.78203154
98143,0.38219392
89688,0.03130434
69478,0.2160823
23447,0.29859424
16548,0.803864
2070,0.27320066
101026,0.15945047
53119,0.8664309
3192,0.20522918
85487,0.03130434
117739,0.80067354
98045,0.16044275
87173,0.03130434
100535,0.2481145
9359,0.32351106
56520,0.4815105
22768,0.37943122
15767,0.09733766
42359,0.81851137
16637,0.75444716
13849,0.37226087
21781,0.8954587
73652,0.3578396
64666,0.43891653
69196,0.32861802
103604,0.30569765
11903,0.22010596
63680,0.32778472
45383,0.49879402
33470,0.39224413
117745,0.8705381
60560,0.91759527
51461,0.90723324
68597,0.39527798
88680,0.03130434
77124,0.03130434
88589,0.031310312
69756,0.8820279
45046,0.81498253
49596,0.789418
34238,0.91637546
33453,0.47924474
72431,0.3368711
16076,0.5604483
116491,0.747666
25582,0.09158824
39751,0.94673926
98544,0.29196018
88505,0.03130434
60845,0.9177364
5540,0.31776014
47338,0.5050983
122792,0.86706424
30198,0.38691664
123467,0.747666
22483,0.42653945
90389,0.03130434
46505,0.95170534
114798,0.78203154
71206,0.2340783
100852,0.706971
85707,0.03130434
25829,0.09158824
69328,0.25581354
65882,0.49716303
23959,0.439054
63029,0.8210734
32124,0.9519672
43031,0.8940943
45296,0.91637546
50104,0.21750619
85218,0.031310312
19862,0.10156157
23079,0.20875478
21793,0.47651693
73311,0.20952809
22443,0.9241818
114183,0.39535472
5100,0.9450165
11932,0.12480803
78822,0.03130434
20664,0.93065524
87026,0.03130434
1498,0.88868886
98282,0.15409186
109456,0.18092944
21615,0.9241818
98316,0.77349526
46762,0.52778286
4913,0.9172143
123565,0.8611166
48907,0.9341328
73498,0.30261797
17127,0.863861
54537,0.18419456
103516,0.7606542
83220,0.031310312
84598,0.031310312
35203,0.9537863
97166,0.20814428
97833,0.16044275
25894,0.21398759
28441,0.30385605
653,0.9499135
65818,0.4478592
91788,0.26538283
110350,0.12767246
68144,0.27702808
62101,0.8970733
69701,0.7692544
32235,0.8492527
107238,0.94350517
17946,0.9499135
39383,0.9306392
101870,0.21253584
111795,0.15451564
7936,0.27641055
396,0.88612276
15150,0.31088313
63746,0.8373445
96535,0.20814428
37799,0.92534685
43004,0.91880554
6370,0.37088668
107185,0.88228
124135,0.4636496
123826,0.26729608
120535,0.47975686
26727,0.30309048
35052,0.94629854
114488,0.21526568
91437,0.03130434
74304,0.2605548
94748,0.5863677
18951,0.10156157
69301,0.23404719
38083,0.96393096
65430,0.20227867
72814,0.25581354
47976,0.96290976
32338,0.81498253
100303,0.24264088
83787,0.03130434
114260,0.86633736
36049,0.9306392
37234,0.94382316
56175,0.90043604
42949,0.9314652
36447,0.87614733
9596,0.64522773
82816,0.03130434
123942,0.91626215
62829,0.403944
108434,0.24976906
37719,0.76995146
87234,0.03130434
30025,0.16219588
104671,0.31952056
62014,0.5362252
63204,0.8893555
44929,0.96393096
10278,0.19367898
60081,0.81726116
34317,0.15352459
12459,0.21245174
89914,0.031310312
90349,0.03130434
13183,0.5084775
65065,0.7465225
76598,0.03130434
120202,0.47975686
120879,0.40921125
55684,0.3808429
109548,0.071314126
24180,0.82356757
56974,0.4598379
80862,0.03130434
97513,0.8867364
90493,0.03130434
81280,0.03130434
33084,0.51783645
59719,0.91424704
106485,0.24275276
121895,0.6913226
95188,0.19668481
90767,0.031310312
55524,0.4322924
16043,0.2407878
81293,0.03130434
11228,0.21245174
10467,0.20283122
85516,0.03130434
8671,0.33317673
26941,0.6564573
73059,0.8970733
25676,0.38760167
43106,0.39703065
2366,0.7239464
117024,0.20881379
113534,0.3062433
34018,0.39674467
109742,0.14495237
106243,0.9327329
82734,0.03130434
75738,0.03130434
71707,0.25581354
91596,0.03130434
44813,0.40356418
8357,0.21245174
94786,0.252591
60944,0.4598379
77315,0.03130434
47431,0.24159405
69788,0.8970733
61412,0.41776636
86875,0.03130434
78996,0.03130434
116784,0.68349165
121144,0.35944235
52481,0.55044323
103246,0.35710767
48063,0.18900445
38563,0.88672805
18909,0.19291204
78636,0.031310312
7687,0.34658924
41060,0.947865
88531,0.03130434
118864,0.3764618
80415,0.03130434
97549,0.34060726
101127,0.34690365
114163,0.39535472
3064,0.85698783
63860,0.49716303
28993,0.45593145
124982,0.7164495
64935,0.20716664
72909,0.2605548
81574,0.03130434
77612,0.031310312
11906,0.23830368
102543,0.6929978
92667,0.34644756
56444,0.8946617
26109,0.60234964
121782,0.54626936
69158,0.5564114
44535,0.96290976
83954,0.03130434
75282,0.03130434
61510,0.94221777
77706,0.031310312
111750,0.36117634
121106,0.2922005
31935,0.9103443
46818,0.6564573
92034,0.12476426
54906,0.49716303
1908,0.8670504
12930,0.18231802
6652,0.20985325
116890,0.2153792
54164,0.39703065
43130,0.80233794
9428,0.35360643
14313,0.12200315
68521,0.20092995
25913,0.25839448
53416,0.7643319
120029,0.6537866
2469,0.22507282
62484,0.48197725
75907,0.031310312
12856,0.63186145
23403,0.80947405
81207,0.03130434
83732,0.03130434
2403,0.20095006
83208,0.031310312
45026,0.7900229
63121,0.41627684
112715,0.30234733
23580,0.9576863
90605,0.031310312
9442,0.22217189
123532,0.7489329
22410,0.9241818
25106,0.88546973
102101,0.24440591
97765,0.20034361
81118,0.03130434
32566,0.91661537
35851,0.88546973
72819,0.25581354
34997,0.9554212
10843,0.22246316
86754,0.031310312
1549,0.8756332
110551,0.31062615
33759,0.20283122
97127,0.36631116
91915,0.11045449
29894,0.17321622
26675,0.88722354
38931,0.81498253
100179,0.29681158
96865,0.56712437
51250,0.23044188
99856,0.31952056
43348,0.9066649
29625,0.4923886
106411,0.3578396
45177,0.15186696
4219,0.7109738
4864,0.63186145
37468,0.95170534
107475,0.2605548
113741,0.4179905
34353,0.16762054
86532,0.031310312
99226,0.20965731
16236,0.83508545
120399,0.16101477
37738,0.96290976
66891,0.32861406
10453,0.119666636
5471,0.69154745
15792,0.13692203
60701,0.9314652
82350,0.03130434
52064,0.46210852
103169,0.2340783
109993,0.19691217
39178,0.9306392
74158,0.2030948
103597,0.32270113
5709,0.29842988
79748,0.03130434
91931,0.26767382
122752,0.50417656
37257,0.96393096
101029,0.15945047
97028,0.8501166
31301,0.2206226
43556,0.80804664
28211,0.18900445
15824,0.14268462
97711,0.18966047
30205,0.19192421
72347,0.25549293
91411,0.031310312
123847,0.47819337
2526,0.19243921
72746,0.25581354
25072,0.9576863
46835,0.88868886
22517,0.11655196
24994,0.3614809
112865,0.20881379
23513,0.81498253
122190,0.8872879
14225,0.14268462
77984,0.03130434
30970,0.95170534
113105,0.3469486
77940,0.03130434
63831,0.25972027
104431,0.30322817
122971,0.24555467
97834,0.2652183
82497,0.031310312
85793,0.03130434
117617,0.8073952
16651,0.3990302
80239,0.031310312
24253,0.40681294
3908,0.7860403
10154,0.09542217
104320,0.7199705
98108,0.15945047
52663,0.16121374
83164,0.03130434
52714,0.34975985
8853,0.77689314
20042,0.40416133
14639,0.9499135
12084,0.35761562
45866,0.96290976
20654,0.92217124
66990,0.39588585
118239,0.34911624
551,0.57900864
38290,0.91252583
70447,0.25581354
119606,0.5430602
85448,0.03130434
5817,0.26674962
55900,0.43452618
124786,0.81854373
13549,0.12200315
36601,0.94673926
100034,0.16044275
54304,0.72432476
20484,0.2468477
22258,0.80947405
83302,0.03130434
111099,0.1471236
60880,0.8024413
105309,0.706971
75160,0.03130434
115311,0.31488678
17873,0.90540314
113524,0.21043155
27120,0.51507163
49658,0.31836024
91764,0.22000672
123884,0.8232686
70247,0.31514782
36057,0.95170534
32388,0.96290976
6338,0.6966585
82334,0.03130434
31411,0.3910059
49791,0.88868886
76141,0.03130434
117900,0.68417364
36761,0.91637546
95757,0.27072695
15620,0.9499135
56015,0.47253406
19554,0.88895386
16594,0.30983835
63817,0.32778472
2925,0.20520087
55493,0.79058343
107279,0.5292948
108203,0.4833752
9614,0.8062284
93476,0.18651922
40026,0.2206226
15320,0.23383927
47678,0.96290976
110738,0.124016955
122825,0.85724896
89376,0.03130434
56952,0.96351963
37029,0.9544391
10104,0.82867676
25041,0.76531404
107234,0.94350517
51824,0.90019435
93471,0.34644756
19672,0.863861
108711,0.16766885
111274,0.23539273
20223,0.4034626
17351,0.35453224
88200,0.03130434
95166,0.15934955
58498,0.87777483
49616,0.90030754
47281,0.4826862
35120,0.96290976
51687,0.45621622
36677,0.88546973
31606,0.81498253
101106,0.7328809
19304,0.17523654
5064,0.9357847
43134,0.8527178
47737,0.48197725
48513,0.81498253
12121,0.09542217
93678,0.39960083
54025,0.5541366
83069,0.03130434
17479,0.9499135
49669,0.14328405
88304,0.03130434
69276,0.78361666
66075,0.40916622
36032,0.87209076
103668,0.31952056
99286,0.21253584
95475,0.6115728
91422,0.03130434
39309,0.47252446
10561,0.12480803
27963,0.8093808
110233,0.362278
23373,0.38421112
90288,0.03130434
26240,0.60234964
53287,0.3899322
76699,0.031310312
120596,0.5885955
91409,0.03130434
42921,0.8210734
89168,0.03130434
120354,0.42323446
20353,0.91038513
99268,0.2472191
123315,0.47819337
61669,0.17457734
59570,0.9390031
88663,0.03130434
59595,0.95226294
92850,0.25149405
65871,0.87777483
119685,0.53442985
52022,0.2967557
73366,0.2030948
116483,0.7894813
100892,0.8951066
34567,0.8527178
31333,0.18748035
66167,0.6804576
75479,0.031310312
61813,0.77795964
119253,0.17649983
54626,0.6907578
29522,0.28760076
124896,0.44167492
76059,0.03130434
40987,0.96351963
97755,0.20173608
937,0.9353937
62493,0.9306392
49744,0.11635985
82792,0.03130434
34472,0.35137928
53543,0.375137
47494,0.9396809
70689,0.79616076
55107,0.76531404
6958,0.40046135
48338,0.51783645
76078,0.031310312
10505,0.38176432
24550,0.11655196
57169,0.37787455
30530,0.96393096
98942,0.21800894
33066,0.91415143
93206,0.32487923
105371,0.7108496
25182,0.958845
56484,0.263099
72587,0.25581354
97144,0.72557956
107410,0.24119595
61073,0.89675933
76246,0.03130434
3847,0.31059057
21656,0.7695713
120772,0.13818616
18322,0.10156157
47705,0.45621622
8267,0.35360643
19736,0.38421112
22496,0.8320998
60224,0.25223768
96306,0.2472191
14707,0.88609135
77780,0.03130434
44104,0.91661537
106536,0.3578396
40381,0.88546973
60213,0.2825769
20350,0.40407833
24136,0.11655196
39794,0.91637546
78037,0.03130434
104304,0.23404719
87205,0.031310312
46080,0.40762833
104167,0.20950115
77377,0.03130434
34121,0.8426271
112689,0.49411297
121128,0.4184413
71293,0.29196018
69064,0.71456665
108391,0.23638994
29799,0.4366265
14451,0.9284976
39058,0.9597026
31396,0.95170534
68353,0.32600516
70343,0.18962973
45980,0.38116187
77217,0.031310312
93968,0.34644756
74520,0.21250242
11459,0.101150125
33976,0.96290976
98311,0.45237526
76012,0.03130434
107500,0.28274912
66716,0.32712206
99849,0.21253584
120380,0.4576789
53712,0.2066276
81041,0.03130434
103561,0.4178735
13965,0.09733766
29326,0.8532851
2849,0.35794443
107889,0.24730371
100790,0.20558472
12014,0.0888955
62198,0.9079074
114759,0.3474458
20755,0.47651693
106845,0.94194055
112726,0.39535472
98184,0.8951066
111885,0.18211748
72862,0.23404719
20246,0.40144518
77356,0.03130434
72512,0.79389507
55199,0.68489516
107252,0.94350517
29750,0.68725026
9259,0.19367898
49279,0.48197725
79310,0.03130434
24709,0.94499403
2600,0.50353295
19581,0.48542252
103203,0.706971
18883,0.3463513
71598,0.32487923
24691,0.9297321
35315,0.37434217
56370,0.81498253
54128,0.40929744
64103,0.2483777
102414,0.2652183
59834,0.81726116
104393,0.62648994
56124,0.9332532
13514,0.75567025
68451,0.27702808
97615,0.27750233
111863,0.26668766
73624,0.40092883
17107,0.42323947
68863,0.1426088
25993,0.12916906
102962,0.13772346
30769,0.96290976
74828,0.31952056
52633,0.16121374
21070,0.23327021
9839,0.18231802
11361,0.22160476
48271,0.16762054
70583,0.23638994
100783,0.3399628
27647,0.71860665
96213,0.36303556
17571,0.35772887
98185,0.91540396
83336,0.03130434
81009,0.03130434
111219,0.18607113
719,0.859899
32519,0.15186696
110736,0.09318181
39608,0.96290976
65257,0.16719617
64403,0.787661
119904,0.33243203
108478,0.27775568
99554,0.3085391
112310,0.49337885
48081,0.22391441
51404,0.20671031
56729,0.5075459
12066,0.3432175
4840,0.85073787
81783,0.03130434
124820,0.46199542
111221,0.29740658
118794,0.42158607
67344,0.27702808
91297,0.031310312
123889,0.7992722
110910,0.14934593
114114,0.3062433
53086,0.89132786
51220,0.17428052
71741,0.7958469
53656,0.8779018
21787,0.39983803
89766,0.031310312
111032,0.07657604
52928,0.26648578
57815,0.89675933
114044,0.3590929
7455,0.35271606
13874,0.14268462
70454,0.3085391
107549,0.9327329
38159,0.9306392
26318,0.41490188
116157,0.3474458
66884,0.22123717
94409,0.4735905
66892,0.4174404
28930,0.7099934
1964,0.2165255
13150,0.32880864
85736,0.03130434
55214,0.4515802
93429,0.3055729
77588,0.031310312
89783,0.031310312
71842,0.25581354
58555,0.9314652
32357,0.96290976
17153,0.23696943
35185,0.431663
56070,0.9137137
90134,0.03130434
87924,0.03130434
93222,0.8598625
23530,0.9576863
50056,0.7382961
116685,0.4428854
1281,0.9499135
123057,0.7552478
113119,0.3624575
25946,0.3589897
15466,0.94499403
71925,0.2030948
99880,0.21253584
24111,0.19291204
58792,0.75575626
67005,0.27702808
7180,0.48811638
64319,0.87668294
105996,0.38618362
78003,0.031310312
123151,0.45292395
25918,0.5880703
98212,0.50061154
7073,0.37326017
119430,0.20881379
91018,0.03130434
72850,0.2340783
4882,0.8803831
12593,0.39041322
94146,0.90867126
76572,0.03130434
31361,0.41490188
46501,0.96290976
98101,0.15409186
53206,0.6817767
63562,0.9318939
17835,0.7129119
14949,0.38026646
65790,0.46746838
23626,0.8973856
56463,0.84430367
69084,0.3361596
65556,0.40429166
52161,0.16121374
94568,0.25218827
31912,0.2206226
72129,0.22937126
26087,0.4358729
20884,0.4055527
61964,0.8884945
19996,0.38209352
90869,0.03130434
113908,0.21043155
40276,0.49562588
57553,0.8198562
61411,0.48442245
19205,0.808778
108836,0.14129528
24118,0.11655196
65219,0.24092053
81692,0.03130434
32467,0.96290976
42991,0.9314652
88786,0.03130434
106906,0.94350517
24958,0.30983835
112462,0.209357
77264,0.03130434
32922,0.5239165
103379,0.20811133
108897,0.21250153
25496,0.94499403
16847,0.8743015
31098,0.2206226
83922,0.03130434
90120,0.03130434
110287,0.5773715
35197,0.91637546
2205,0.8219166
95735,0.26807368
2373,0.6832705
95577,0.3327883
114280,0.62338096
29487,0.44963035
108935,0.17035948
70710,0.23404719
56845,0.32905048
53879,0.2071535
87280,0.03130434
6531,0.105922274
109230,0.4813848
26477,0.45593145
100964,0.8038616
51690,0.18961065
101351,0.20558472
29253,0.4789583
91219,0.03130434
105867,0.2030948
97086,0.21253584
96939,0.79174083
91037,0.03130434
87220,0.03130434
18478,0.21217284
101573,0.3368711
29991,0.13061339
105657,0.3368711
54733,0.6817767
64567,0.24003547
80700,0.031310312
100320,0.34975833
7772,0.23383927
24985,0.40407833
121931,0.2656955
29019,0.26164263
69316,0.34835294
24901,0.11655196
30186,0.55761075
80329,0.03130434
111408,0.14149433
69544,0.2340783
73857,0.58572096
112957,0.14480105
10526,0.12480803
71605,0.23777822
53537,0.375137
9728,0.105922274
86073,0.03130434
1564,0.6564573
101684,0.20034361
87864,0.03130434
62438,0.91424704
70289,0.25549293
86844,0.03130434
76194,0.031310312
92911,0.94619924
2158,0.19335319
57967,0.87728703
108734,0.11108917
12130,0.26456466
83970,0.03130434
58655,0.95226294
102696,0.16044275
77981,0.031310312
61955,0.42640293
5190,0.9450165
91562,0.03130434
49891,0.56458336
78254,0.03130434
34829,0.36921132
89290,0.03130434
44889,0.96290976
122131,0.8608373
19227,0.8862143
47521,0.93503016
73145,0.706971
20647,0.8719473
58250,0.95170534
88431,0.03130434
111369,0.18625009
42574,0.92534685
30313,0.39907768
18539,0.22525302
110372,0.1991615
84011,0.03130434
1227,0.94499403
101216,0.17975773
66236,0.23638774
121723,0.88957304
116556,0.7260815
31190,0.9306392
95563,0.23362757
84247,0.031310312
22682,0.3930116
10482,0.2915542
31193,0.9387373
81212,0.031310312
60343,0.29100558
24596,0.19291204
24950,0.7650313
65452,0.4478592
110645,0.19177517
38716,0.6730268
2392,0.35434297
43002,0.5050983
99109,0.51417804
52010,0.46042454
84420,0.03130434
54686,0.9406784
103996,0.32066295
47223,0.5239165
87814,0.03130434
81601,0.031310312
102528,0.71612364
38770,0.91637546
78956,0.031310312
36306,0.91637546
119622,0.78203154
21800,0.2596863
67995,0.40151474
103971,0.38565227
72254,0.20811133
86814,0.03130434
29185,0.34110725
105406,0.84093153
104696,0.6371123
102273,0.18464723
67457,0.4136487
38638,0.9321722
122215,0.2596718
41519,0.8426271
67773,0.7094907
104083,0.2340783
114487,0.27604803
30301,0.59230435
113836,0.24102098
39176,0.91637546
59618,0.95172524
109581,0.2226675
33841,0.34279287
41317,0.8758363
26715,0.46860376
54401,0.4598379
49856,0.48197725
43522,0.9230428
122117,0.73071355
9880,0.2169093
114166,0.18211748
87028,0.03130434
38640,0.96290976
49705,0.8970733
68106,0.5903119
45482,0.6564573
32273,0.49169213
91028,0.03130434
109427,0.082790986
13885,0.14268462
35739,0.96290976
51978,0.14328405
120900,0.3409557
117735,0.3295943
23114,0.46381745
18149,0.9357847
7753,0.23383927
43274,0.84872174
100153,0.29642734
106193,0.7108496
14661,0.3343386
39318,0.48197725
89404,0.03130434
40981,0.96393096
24010,0.20929787
98702,0.19497147
106008,0.28944543
79984,0.031310312
67806,0.3491343
69219,0.19884904
61789,0.2825769
91826,0.25991738
88018,0.03130434
19615,0.8297078
107158,0.94194055
38654,0.96290976
15859,0.4353464
35861,0.9271307
19282,0.86426
7155,0.3702459
98040,0.16044275
112937,0.2539019
103350,0.2842968
25908,0.40407833
21236,0.11655196
68115,0.7345984
18647,0.39983803
49405,0.9114473
41830,0.13515216
100728,0.26576674
30156,0.13061339
64389,0.9096408
80476,0.03130434
82443,0.03130434
3070,0.6883518
17312,0.27425137
53626,0.36009762
105716,0.28944543
83019,0.03130434
51770,0.26454574
70175,0.29086792
40547,0.96290976
56148,0.4642347
46046,0.1844453
9283,0.18231802
85970,0.03130434
60811,0.8554636
11595,0.21173857
98987,0.21253584
78590,0.03130434
109808,0.29623106
95770,0.34835294
80294,0.03130434
99140,0.5502347
9057,0.31226373
85344,0.03130434
3934,0.13963537
72812,0.32487923
71812,0.25581354
93466,0.3434163
100521,0.27813867
103890,0.6621707
102173,0.8288931
13229,0.19661924
112312,0.3474458
80388,0.03130434
95726,0.33982116
356,0.3663472
7826,0.2169093
104580,0.3399628
123829,0.26729608
116646,0.46263853
112947,0.3743192
39423,0.9208311
34007,0.32432786
7880,0.22160476
60054,0.7929977
91064,0.031310312
115607,0.5047099
75013,0.03130434
1719,0.323231
65850,0.7882401
56152,0.7272997
48020,0.37826666
35816,0.87614733
10348,0.34611917
45836,0.1493025
119341,0.865231
37418,0.94673926
104820,0.36963782
51207,0.28085166
69585,0.78361666
29453,0.6564573
87391,0.03130434
30054,0.19192421
105568,0.28944543
50329,0.1182094
75110,0.031310312
108281,0.24119595
53940,0.66155213
23434,0.32006413
82557,0.03130434
6021,0.08458195
66383,0.40481707
6767,0.31765696
27744,0.22391441
49837,0.25198638
61583,0.8427659
46772,0.13515216
38276,0.91637546
4674,0.7715463
67837,0.366761
120511,0.8168756
69823,0.42394328
68422,0.265038
11317,0.70823854
22992,0.5060588
15046,0.35215345
21039,0.76531404
26403,0.40762833
9421,0.3240932
39428,0.59230435
39217,0.9231882
45145,0.1844453
79983,0.03130434
64703,0.8572046
27983,0.8093808
62616,0.79530495
119549,0.47975686
86659,0.03130434
101138,0.38614985
41665,0.15186696
15211,0.15122528
83761,0.03130434
58391,0.51783645
43512,0.9137137
6033,0.08458195
72364,0.2116036
111728,0.47371992
46863,0.45593145
32770,0.8777697
24741,0.9173011
110333,0.16441408
58081,0.9137137
79453,0.03130434
81524,0.031310312
111516,0.21000661
98848,0.21253584
49342,0.90030754
7721,0.4716852
36846,0.44359928
101036,0.30310395
60806,0.62940556
54216,0.36900908
110942,0.1696624
22536,0.11655196
4967,0.9450165
103403,0.23404719
82870,0.03130434
114330,0.39535472
74758,0.29196018
14965,0.14268462
37407,0.8997652
36721,0.8426271
101502,0.5335318
47779,0.9248594
16128,0.6028925
6068,0.32923824
67649,0.22123717
101579,0.30569765
98977,0.45797345
32127,0.9554212
73182,0.29348382
119320,0.87495404
77910,0.031310312
77507,0.03130434
68381,0.37339127
76207,0.03130434
109044,0.15920162
114295,0.3474458
65192,0.47796097
80508,0.03130434
113884,0.24102098
24479,0.11655196
124938,0.8232686
65126,0.75849545
115000,0.49249187
17141,0.23696943
99167,0.62681234
43316,0.8888306
110343,0.5160381
1469,0.39060602
924,0.9009365
63349,0.48442245
2117,0.28343996
7356,0.77689314
92290,0.83905965
103247,0.35434297
63934,0.403944
98241,0.13700894
66915,0.26162446
86568,0.03130434
72694,0.32487923
106805,0.84093153
36578,0.95170534
22940,0.8702536
121349,0.51237255
17958,0.94499403
84323,0.031310312
104846,0.29196018
82867,0.03130434
114792,0.8677327
121095,0.41489518
73297,0.29749116
77913,0.031310312
108433,0.25581354
36124,0.57316643
77732,0.03130434
60001,0.45621622
12959,0.39865115
31952,0.88546973
68557,0.353164
68938,0.15945047
109956,0.44673783
87750,0.031310312
9141,0.8072707
81622,0.031310312
93454,0.19807854
10007,0.119666636
16864,0.37293097
106665,0.2030948
84833,0.03130434
90427,0.03130434
107023,0.9162127
56289,0.7304224
91281,0.03130434
43617,0.75444716
94002,0.6604329
25485,0.9576863
114820,0.28689963
23414,0.23323919
74130,0.2030948
6735,0.12515134
6049,0.3318187
51489,0.3074006
123272,0.8663952
16472,0.860123
77976,0.031310312
2546,0.105922274
109556,0.096743286
122976,0.44895163
38102,0.96393096
93922,0.21716289
95760,0.4055622
84926,0.03130434
71677,0.45071968
35876,0.71606374
77667,0.03130434
63312,0.860123
110995,0.10260573
80696,0.031310312
39241,0.9597026
117901,0.7894813
2948,0.6132868
81156,0.03130434
114258,0.81854373
104860,0.32487923
84352,0.03130434
61221,0.44359928
44599,0.96290976
113369,0.24694805
47413,0.28760076
10873,0.22246316
108910,0.16441408
26455,0.8694587
120266,0.805732
4555,0.24743919
23036,0.9393818
65215,0.8306209
18220,0.9450165
68594,0.22686978
103934,0.3361596
23787,0.28091493
245,0.12423414
4428,0.8113396
22430,0.9233534
116597,0.47975686
125160,0.86706424
86829,0.03130434
54750,0.26648578
119502,0.3590929
30175,0.39907768
44626,0.8017669
94739,0.24712059
86450,0.03130434
47904,0.46860376
84234,0.03130434
12108,0.105922274
102143,0.26250902
70451,0.25581354
31284,0.16762054
122993,0.28795478
53059,0.72432476
105572,0.2030948
88955,0.03130434
67988,0.22123717
64744,0.48442245
120710,0.29050997
39827,0.2206226
115540,0.21040688
23508,0.4082904
78572,0.031310312
59387,0.48442245
120111,0.242522
16757,0.7779481
71027,0.35430196
82606,0.03130434
9024,0.105922274
5256,0.9084978
74990,0.03130434
86661,0.03130434
116849,0.41300967
105113,0.38219392
55265,0.7775501
46615,0.88546973
13125,0.9512742
78225,0.03130434
99093,0.728774
5644,0.13244395
112436,0.5190674
93389,0.769488
12704,0.6832705
100001,0.33427098
59037,0.9421789
103547,0.50061154
28090,0.38691664
33631,0.16762054
16854,0.2596863
40143,0.5050983
104149,0.25581354
92331,0.69672066
67848,0.366761
24189,0.8168296
53563,0.34230834
118474,0.209357
117036,0.2153792
85812,0.03130434
94844,0.20182773
74923,0.9381461
113973,0.58034074
11650,0.2169093
31207,0.9554212
18021,0.3340241
113670,0.25489962
43628,0.8940943
1052,0.9499135
116802,0.89231473
283,0.57900864
117391,0.30531928
23072,0.5060588
25651,0.09158824
41370,0.14335878
50102,0.31836024
18453,0.19999614
62486,0.81498253
33439,0.2206226
1734,0.19335319
77214,0.031310312
7176,0.08458195
36741,0.96290976
19808,0.22377388
69513,0.3042494
44663,0.8017669
39920,0.46653733
54075,0.25153294
10755,0.2169093
96414,0.2292244
27354,0.26804218
28115,0.8236832
87940,0.03130434
12830,0.36713666
75953,0.03130434
47761,0.60491955
85501,0.03130434
79631,0.03130434
80381,0.03130434
113996,0.16101477
64189,0.26253343
8359,0.2956658
28068,0.83451414
75381,0.03130434
85144,0.03130434
60872,0.4947152
119915,0.35875165
60326,0.48197725
89704,0.031310312
68604,0.22123717
98286,0.37023035
6085,0.81105477
37867,0.91637546
85033,0.03130434
106837,0.94194055
66599,0.17561463
16283,0.70823854
17431,0.3368773
37615,0.7033311
96824,0.22854485
41492,0.96290976
17067,0.2941493
103338,0.20838909
122877,0.7344843
119647,0.209357
74962,0.03130434
88118,0.03130434
33884,0.16110021
113951,0.3607884
18278,0.9357847
103674,0.701712
31983,0.15186696
84013,0.03130434
44128,0.96290976
55225,0.34230834
35100,0.9519672
83366,0.031310312
117395,0.22210306
20468,0.5458555
52862,0.48442245
28842,0.45593145
65706,0.23845762
8469,0.3318187
85156,0.03130434
58461,0.51783645
33676,0.48197725
55381,0.9121327
9157,0.7950022
29031,0.35760263
90469,0.03130434
118384,0.78203154
3210,0.36932433
36231,0.5525158
104694,0.25581354
9536,0.386922
100484,0.78982365
110731,0.69188887
94352,0.3017865
73238,0.25581354
119786,0.1985602
57957,0.7864684
69179,0.2030948
95254,0.20908481
117308,0.8375333
82126,0.03130434
47214,0.1844453
75982,0.03130434
102552,0.6929978
103662,0.4929851
75855,0.03130434
1426,0.363486
87211,0.03130434
120279,0.7729278
38237,0.9306392
120822,0.36496598
92539,0.6786926
10977,0.23830368
22326,0.9241818
40719,0.93508583
91666,0.03130434
8683,0.20985325
27631,0.33079484
62719,0.8081905
16666,0.23696943
90104,0.03130434
41149,0.92397183
7458,0.65055996
89934,0.031310312
61442,0.4947152
45884,0.96290976
45141,0.48121223
7104,0.26674962
99271,0.31952056
93887,0.24440591
1516,0.9084978
86427,0.03130434
49870,0.7293726
102164,0.8104719
25950,0.22160476
113257,0.5361903
74933,0.9381461
62959,0.76531404
68901,0.45071968
112531,0.32103196
45655,0.49562588
29908,0.11218758
70708,0.36015904
21369,0.9098462
31488,0.9544391
52340,0.5945995
81592,0.03130434
124387,0.40355456
49530,0.17988107
70461,0.25581354
20989,0.817883
14898,0.2652183
78394,0.03130434
43576,0.6564573
83323,0.03130434
86996,0.03130434
82527,0.031310312
115139,0.46263853
26623,0.5756367
2788,0.20147799
29471,0.34443828
72723,0.7958469
73714,0.21250242
18462,0.7382961
87040,0.03130434
58653,0.95226294
110230,0.15946206
117763,0.3295943
114437,0.8677327
59186,0.860123
10102,0.31565675
69770,0.8820279
6046,0.3318187
38209,0.5050983
25870,0.36750272
23168,0.3930116
58367,0.3962298
66810,0.33217448
86819,0.03130434
118374,0.43091348
104875,0.25581354
61654,0.279853
44694,0.15186696
78161,0.031310312
33655,0.16762054
58715,0.9035957
88135,0.03130434
6388,0.35434297
102731,0.12385409
97487,0.866293
81292,0.03130434
48438,0.96290976
15270,0.12146925
92289,0.21253584
93499,0.4735905
80973,0.03130434
52377,0.9137137
41426,0.47924474
1505,0.89993906
18228,0.9357847
66206,0.21670268
36283,0.3487261
112932,0.3474458
16040,0.39235225
89537,0.03130434
54943,0.8839478
108780,0.28762338
80731,0.03130434
27887,0.20426683
48543,0.8997652
84061,0.03130434
14571,0.9512742
119538,0.47975686
36690,0.95170534
85595,0.03130434
42875,0.82580566
111386,0.18625009
51447,0.6440808
109144,0.2847308
9151,0.3313739
44410,0.96393096
38476,0.36921132
74603,0.9439993
116453,0.3474458
25448,0.88546973
70268,0.34345675
101128,0.82885486
82434,0.03130434
17997,0.28689963
36376,0.96290976
107088,0.94194055
31905,0.45593145
118412,0.4434572
5656,0.28746784
52201,0.2002
55351,0.81037045
66291,0.39461812
30515,0.96393096
44022,0.9363707
122546,0.44503817
59484,0.9314652
122432,0.53067255
41197,0.96393096
69683,0.821729
111294,0.16425426
40759,0.7917285
76609,0.031310312
114379,0.2153792
67239,0.3647356
1382,0.60234964
38853,0.9208311
1744,0.34762648
7894,0.3411657
54368,0.4598379
35127,0.96290976
34031,0.14164568
107892,0.64087224
3329,0.21235535
97548,0.22854485
120891,0.82617617
76541,0.03130434
50027,0.44359928
12543,0.24743919
102251,0.16044275
91356,0.03130434
87512,0.03130434
21588,0.9241818
18103,0.9106116
87525,0.03130434
112478,0.34718773
15987,0.34577915
81303,0.03130434
6188,0.27957168
2391,0.22507282
57077,0.96290976
70963,0.34642264
100680,0.58570427
106535,0.38219392
101385,0.29915202
93517,0.29628864
38633,0.91637546
89547,0.031310312
118152,0.3590929
23999,0.20929787
76384,0.03130434
10537,0.12480803
42745,0.4947152
48366,0.81498253
99245,0.2216915
70890,0.6786926
18975,0.10156157
30380,0.96393096
38344,0.4947152
108220,0.81992453
74984,0.031310312
15233,0.8999914
61024,0.31159726
39350,0.87614733
55170,0.26648578
44812,0.7604396
11252,0.45123217
506,0.40693167
65748,0.3536664
5807,0.34476504
49288,0.5050983
7127,0.119666636
28579,0.8099835
111549,0.16425426
70280,0.23404719
100850,0.27381667
31785,0.9554212
66568,0.14096504
32184,0.9554212
107447,0.2605548
18138,0.9450165
23943,0.76285684
91415,0.03130434
78224,0.031310312
37002,0.48197725
116740,0.26541305
18763,0.9179923
123788,0.22696823
83172,0.03130434
42285,0.2206226
45662,0.49169213
47544,0.96290976
37357,0.511227
62715,0.860123
31827,0.94382316
75228,0.03130434
74396,0.2605548
18393,0.10156157
32375,0.93818367
6080,0.25100213
82360,0.03130434
100380,0.38845628
25789,0.09158824
120853,0.2172803
6875,0.7860403
8363,0.21245174
96209,0.20034361
53008,0.85722774
78497,0.031310312
88726,0.03130434
120867,0.8019048
3870,0.4135858
95842,0.34835294
46585,0.96290976
11041,0.08458195
97426,0.81153715
53018,0.89238614
47680,0.22634846
2854,0.22477908
32931,0.15186696
9954,0.12480803
81433,0.031310312
74749,0.34644756
41689,0.94673926
71634,0.23777822
78346,0.031310312
53292,0.7278305
72026,0.35309094
40746,0.35137928
50107,0.21750619
80430,0.03130434
104063,0.28955534
64582,0.23845762
53475,0.4322924
18579,0.10156157
40033,0.51783645
79898,0.03130434
32530,0.27262792
120968,0.8023064
69603,0.82651126
53508,0.9084194
64492,0.9624873
48475,0.93644804
78781,0.03130434
61358,0.8696135
62703,0.45621622
124886,0.935317
100629,0.20911352
122796,0.2603038
5726,0.26674962
11467,0.119666636
32358,0.95170534
114825,0.4771988
14995,0.34577915
33025,0.15186696
4567,0.77689314
42196,0.91637546
5234,0.7715463
62833,0.73297215
77892,0.03130434
5923,0.12480803
113302,0.27677587
117899,0.41415057
33326,0.2789005
73487,0.31490803
62131,0.8893555
21771,0.4124883
5465,0.32068625
77338,0.03130434
58673,0.6389443
9804,0.7478276
111502,0.19621347
77697,0.031310312
66276,0.36921132
42860,0.7668955
14157,0.9491987
83973,0.03130434
116748,0.5961681
75485,0.031310312
52648,0.8522262
37623,0.9306392
70287,0.38219392
91896,0.18875833
74497,0.25581354
6989,0.31910947
95388,0.24264088
108775,0.1471236
88553,0.03130434
65511,0.275889
38956,0.9519672
99800,0.2472191
76239,0.03130434
87847,0.03130434
3292,0.31582686
106172,0.34644756
115022,0.24102098
106966,0.2030948
33415,0.7742245
19892,0.10156157
31309,0.15186696
118664,0.8246414
97081,0.20034361
64843,0.24442023
81752,0.03130434
59242,0.403944
25944,0.35433108
96097,0.22166151
67537,0.86843574
53380,0.83654046
119571,0.2000533
124279,0.47528452
119086,0.20881379
30348,0.96290976
12372,0.37778103
53954,0.28691375
115335,0.23330303
8751,0.19048682
72905,0.2605548
37297,0.45593145
19725,0.31364426
4922,0.9183403
99375,0.16044275
15542,0.9512742
61297,0.9175356
89514,0.03130434
54215,0.403944
62628,0.4642347
14362,0.14268462
44927,0.96393096
32275,0.2206226
36974,0.91252583
56310,0.9204851
11169,0.18231802
110692,0.19092217
17644,0.32430664
92753,0.17111853
34674,0.95226294
81334,0.03130434
6454,0.08458195
116062,0.8408752
114502,0.2153792
39930,0.9306392
57262,0.75575626
33015,0.20220676
63655,0.95172524
5144,0.9357847
62908,0.81754225
13356,0.31246164
44638,0.44359928
41290,0.18748035
106685,0.42882755
69609,0.86843574
48131,0.43452618
64196,0.20509866
79204,0.03130434
87490,0.03130434
35803,0.48197725
101394,0.4267726
64024,0.7212439
18546,0.4347144
64748,0.78671986
38391,0.95170534
124624,0.8948889
11049,0.08458195
10910,0.5393285
21675,0.88868886
72462,0.25549293
85532,0.03130434
76794,0.03130434
121148,0.24102098
37240,0.96393096
70495,0.61715984
32115,0.91415143
115705,0.8232686
89200,0.03130434
104932,0.25581354
81411,0.03130434
99640,0.7725063
41858,0.2206226
119705,0.87167543
2644,0.6883518
109505,0.14298418
5802,0.105922274
50876,0.2412812
79829,0.03130434
3752,0.2165255
7333,0.37187007
53681,0.21909748
23936,0.40144518
68310,0.62648994
124595,0.9061947
23689,0.9572069
51977,0.48885077
30843,0.895751
72912,0.2605548
20951,0.87511665
17150,0.3301624
103781,0.2030948
85225,0.03130434
48565,0.9519672
88290,0.03130434
110516,0.13199246
124293,0.87402016
76145,0.031310312
117398,0.3260751
77625,0.031310312
45649,0.88546973
86168,0.03130434
89452,0.03130434
50823,0.38274157
115989,0.86681145
79800,0.03130434
80763,0.03130434
33930,0.96290976
20444,0.89577615
114257,0.16101477
84838,0.03130434
34001,0.94673926
120745,0.38323477
123672,0.45245793
118061,0.39871478
104772,0.34345675
82270,0.03130434
22098,0.88334817
44821,0.7668955
120621,0.6913226
100830,0.24264088
9540,0.22217189
80990,0.031310312
118098,0.27498305
121796,0.37552688
48218,0.91415143
83644,0.03130434
29559,0.25997135
70648,0.32426462
1204,0.9353937
84822,0.031310312
86292,0.03130434
67789,0.15620881
84667,0.031310312
111473,0.20736931
50271,0.7779481
13100,0.9499135
31798,0.96290976
51441,0.12619202
7052,0.82218975
98846,0.27381667
19124,0.5259417
74826,0.23404719
19643,0.40407833
16025,0.37353745
113382,0.29050997
13612,0.55434096
19874,0.10156157
26149,0.57940805
25125,0.9576863
108659,0.31952056
17565,0.2468477
28865,0.33076847
121806,0.24555467
37335,0.95170534
86233,0.03130434
55997,0.368795
34190,0.91637546
104479,0.23404719
66012,0.45807236
23408,0.5060588
28021,0.8404663
88872,0.03130434
106949,0.88695806
69458,0.23404719
5,0.323231
73184,0.706971
94498,0.71123654
65125,0.5447708
6386,0.3318187
1763,0.3663472
62613,0.68476546
99311,0.3085391
51374,0.41282943
39542,0.96290976
37129,0.8426271
80609,0.03130434
32158,0.96290976
63198,0.90019435
107366,0.24119595
75028,0.03130434
105654,0.2605548
20721,0.23323919
12002,0.46560848
58690,0.7864684
63849,0.48442245
18447,0.30904177
37793,0.8973856
106222,0.3368711
81299,0.03130434
75910,0.031310312
54154,0.45621622
31286,0.16762054
60031,0.20553319
13064,0.825658
23441,0.29859424
67570,0.27702808
14373,0.35215345
25563,0.36932066
46170,0.9208311
104896,0.31218278
95017,0.8046972
70702,0.24119595
87584,0.03130434
4572,0.63412476
58395,0.66648424
98936,0.22225878
73194,0.25581354
94907,0.27381667
6366,0.29607117
2232,0.87367415
94659,0.1925543
103844,0.27721456
39568,0.93194836
55852,0.4947152
58106,0.9137137
69014,0.61715984
86883,0.03130434
86231,0.03130434
11987,0.08458195
47593,0.88546973
44886,0.96290976
121778,0.75876653
86193,0.03130434
122773,0.37932622
122173,0.87032795
111727,0.5864462
83864,0.03130434
4015,0.34736302
68790,0.12832068
26510,0.7779481
108051,0.24119595
82576,0.031310312
97006,0.35649446
37910,0.48197725
98809,0.21253584
72226,0.7929474
116856,0.13818616
46624,0.47252446
73933,0.2605548
88556,0.03130434
49359,0.23127681
118574,0.5247167
25069,0.9525192
44363,0.96290976
42324,0.81498253
27047,0.34458572
83595,0.03130434
89748,0.031310312
117728,0.2106725
90319,0.03130434
115207,0.38323477
70452,0.6313606
33924,0.91252583
32256,0.51783645
104143,0.32487923
57864,0.7779481
97039,0.84035444
100300,0.5414164
85255,0.03130434
47361,0.96290976
7134,0.3192146
101854,0.18844602
89327,0.03130434
16867,0.36108792
104672,0.2605548
35766,0.96290976
86461,0.03130434
117238,0.4434572
3842,0.32192072
91564,0.031310312
71335,0.32533777
46424,0.96290976
102553,0.7710634
91731,0.14129528
14325,0.18610214
46071,0.16762054
55274,0.76531404
7100,0.2850851
16168,0.14268462
97422,0.81153715
52345,0.5097918
29158,0.89675933
19063,0.23327021
93455,0.2967934
68493,0.27702808
43108,0.24472834
61883,0.44106787
73796,0.2605548
679,0.859899
62067,0.9137137
85289,0.03130434
38623,0.8973856
20768,0.78671986
84923,0.03130434
52978,0.7643319
58412,0.29790917
52269,0.36200684
82150,0.03130434
2869,0.21996348
68230,0.58570427
58318,0.8973856
110820,0.10260573
34486,0.8527178
59649,0.95172524
2206,0.77689314
11551,0.21343563
64018,0.26253343
53192,0.3899322
9637,0.8062284
87459,0.03130434
116659,0.7260815
5978,0.12480803
123419,0.8872879
55340,0.76531404
17151,0.860123
16632,0.42323947
64641,0.24899146
59486,0.9314652
120666,0.7680687
12435,0.35360643
12698,0.22246316
74442,0.27080306
121817,0.8872879
86036,0.03130434
124441,0.8346738
94727,0.19538094
30654,0.96351963
2038,0.4553721
34935,0.8758363
94388,0.38565227
28294,0.23590651
72732,0.8046972
61202,0.60609657
12970,0.31278303
35160,0.2919539
97782,0.21253584
117177,0.82195824
95079,0.6316427
12042,0.9377997
3505,0.1965817
95235,0.3744967
87853,0.03130434
76729,0.031310312
13544,0.33189258
99985,0.24233142
121613,0.23946314
80088,0.03130434
124361,0.8809566
64550,0.5675942
59193,0.8210734
10022,0.6820612
64027,0.8764745
89952,0.03130434
110351,0.17004685
121041,0.1768078
512,0.291872
117936,0.24102098
67115,0.2579757
70988,0.16983578
107194,0.94194055
117902,0.8159439
81984,0.03130434
80235,0.03130434
6479,0.30087715
92177,0.6316427
32559,0.94673926
105151,0.18464723
61827,0.5800502
104633,0.25581354
64998,0.7882401
47458,0.76285684
32667,0.39839596
96048,0.21684395
68460,0.14096504
71637,0.60625017
23069,0.7134278
86346,0.031310312
80066,0.03130434
95191,0.35854262
59642,0.9421789
92873,0.3578396
111932,0.39535472
121240,0.34575593
35173,0.43603024
40604,0.31703597
12001,0.26941958
88925,0.03130434
16103,0.7336403
1081,0.2165255
105839,0.2030948
35523,0.88546973
119892,0.20450275
69593,0.31663266
65973,0.77689314
66964,0.27702808
92759,0.30260983
3610,0.55434096
57091,0.37787455
120571,0.87495404
62016,0.58840704
111553,0.16425426
22846,0.67640203
21444,0.92217124
29926,0.11218758
20201,0.41579103
73839,0.25581354
70767,0.60625017
92365,0.6835472
38911,0.81498253
50414,0.18961065
29645,0.38691664
30330,0.96290976
84929,0.031310312
46033,0.30340338
33098,0.15186696
107022,0.90867126
52183,0.2200094
110399,0.21175827
71917,0.2030948
91225,0.031310312
53625,0.26912594
116497,0.76843184
21531,0.93065524
18270,0.9357847
50802,0.1642434
120391,0.19553865
11954,0.12480803
107057,0.7788582
99546,0.21253584
3134,0.19335319
2226,0.6697563
9098,0.19244489
91062,0.03130434
107072,0.77494645
34985,0.95170534
49565,0.860123
77614,0.031310312
68222,0.31490391
69740,0.86843574
5269,0.3495698
8860,0.24743919
19440,0.46381745
31486,0.94673926
50506,0.4947152
19073,0.30428204
113668,0.24102098
13779,0.6754048
15089,0.12200315
72750,0.7345984
25579,0.87027943
3330,0.35434297
100698,0.38803992
76873,0.03130434
9150,0.19367898
105012,0.2030948
26069,0.33076847
7082,0.3803321
47508,0.96290976
17925,0.8973856
50450,0.21750619
88699,0.03130434
91488,0.03130434
108262,0.7108496
42806,0.6730268
112459,0.25452465
65793,0.49716303
57281,0.75575626
14131,0.34577915
106217,0.94194055
54179,0.23093534
28290,0.40804148
87978,0.03130434
25396,0.9576863
122834,0.42694137
62892,0.38678545
14262,0.15212852
3831,0.32494247
1556,0.23534751
74768,0.2030948
103541,0.25549293
31199,0.96290976
19473,0.8562553
38668,0.96290976
70395,0.21250242
83209,0.031310312
73052,0.8970733
63427,0.75597316
97410,0.8822433
97214,0.27518135
49473,0.789418
62993,0.26316988
99616,0.32861802
117377,0.37272042
62054,0.8210734
19201,0.8506109
643,0.9284976
4078,0.77689314
47167,0.49169213
76775,0.03130434
84242,0.03130434
8119,0.33189258
27676,0.3827496
4536,0.9084978
88277,0.03130434
82718,0.03130434
48792,0.9030965
89145,0.031310312
6086,0.8606375
75426,0.03130434
89720,0.031310312
88561,0.03130434
114985,0.46263853
93602,0.75047535
31473,0.45593145
86468,0.031310312
34675,0.9346028
10105,0.8433702
105439,0.30416518
72234,0.20811133
72748,0.25581354
45054,0.87614733
8857,0.3340868
111638,0.5440621
95591,0.7699997
5060,0.9450165
49918,0.19266485
18046,0.7129119
57051,0.96290976
107290,0.68038684
49182,0.89682275
48880,0.44359928
100540,0.4267726
30316,0.91637546
112699,0.3590929
90214,0.03130434
114731,0.7302654
49979,0.18961065
47387,0.48197725
86585,0.03130434
70977,0.16044275
108851,0.13199246
86838,0.03130434
44583,0.9624873
44576,0.96290976
113672,0.80918765
33063,0.88546973
279,0.23885842
51640,0.860123
116044,0.85050017
61251,0.18419456
30588,0.9475821
15033,0.31765696
38201,0.19381495
84175,0.03130434
106850,0.94194055
51859,0.9137137
114901,0.24102098
24748,0.3641033
22503,0.8631717
90600,0.03130434
66854,0.5819332
107112,0.86827034
66179,0.8076602
12917,0.64010215
5622,0.94499403
79133,0.031310312
52020,0.14328405
42206,0.94673926
60496,0.8792609
33758,0.16762054
75520,0.03130434
77319,0.03130434
83982,0.03130434
62680,0.4947152
6089,0.13244395
94161,0.94619924
78934,0.03130434
121124,0.31395927
75112,0.031310312
120118,0.1712391
11029,0.08458195
32039,0.9208311
52274,0.9103443
15835,0.56788003
31235,0.5006101
76705,0.03130434
10091,0.33189508
117674,0.43008852
65940,0.26913664
76010,0.03130434
83898,0.03130434
53074,0.8654703
9126,0.8855285
46259,0.88101935
29387,0.6564573
111453,0.18625009
8477,0.6892641
106242,0.9162127
113381,0.29050997
11270,0.64010215
84426,0.031310312
23740,0.958845
5733,0.09542217
24435,0.11655196
40771,0.16762054
85743,0.031310312
10276,0.18231802
42908,0.9116335
68085,0.31931847
22937,0.9173011
116599,0.42657208
53434,0.8631297
43425,0.8571945
84388,0.031310312
3376,0.31582686
50235,0.8368769
114119,0.209357
81813,0.03130434
48161,0.43452618
61908,0.860123
7059,0.855252
100344,0.6316427
23091,0.7625243
60067,0.73130363
15559,0.95837826
103050,0.2216915
2365,0.8799946
69870,0.81062317
73690,0.77721643
64847,0.23093534
26324,0.24472834
66451,0.40762988
75231,0.03130434
110836,0.17035948
41164,0.96351963
92975,0.88695806
1375,0.33692366
93564,0.27895018
36804,0.49169213
48389,0.94673926
11948,0.12480803
29624,0.38691664
92472,0.12832068
62626,0.66487265
109994,0.21854426
25434,0.4191718
82172,0.03130434
43365,0.88057697
109182,0.14934593
105493,0.28944543
107721,0.36002693
90871,0.03130434
79039,0.031310312
67473,0.26162446
95560,0.15409186
94540,0.2505019
79939,0.03130434
124787,0.7527655
116940,0.550692
21118,0.38287258
53209,0.5050983
34226,0.45593145
84818,0.03130434
42901,0.9116335
90450,0.03130434
100025,0.22166151
79258,0.031310312
116753,0.2627041
43835,0.18850145
2712,0.09542217
63643,0.9421789
22785,0.70245
89131,0.03130434
16052,0.14268462
64190,0.36674955
72341,0.25549293
58337,0.91661537
36209,0.81498253
117758,0.3409557
10345,0.5393285
71759,0.16983578
68304,0.7345984
117016,0.17086148
71821,0.6786926
88608,0.031310312
41487,0.89960104
84860,0.03130434
98952,0.20558472
68690,0.38219392
99002,0.29642734
81050,0.03130434
22297,0.9127136
64161,0.26253343
42330,0.1844453
118584,0.39871478
27816,0.21124457
39989,0.91637546
40948,0.96393096
124715,0.2656955
24644,0.3543485
2619,0.53619355
3415,0.22507282
45437,0.9208311
52713,0.19335423
54423,0.6817767
67325,0.2682448
40088,0.95170534
55365,0.62751484
104599,0.25581354
105754,0.21250242
86757,0.03130434
49552,0.47252446
86447,0.03130434
19454,0.75444716
47879,0.3096047
111,0.9353937
4099,0.3318187
105386,0.9327329
113487,0.3624575
101193,0.6228831
30930,0.28274912
36639,0.96290976
59334,0.2483777
1979,0.34840637
83715,0.03130434
57582,0.89675933
71922,0.2030948
20964,0.4842844
66002,0.22686978
115355,0.3743192
31412,0.1758152
52429,0.1703985
15659,0.14268462
38435,0.88546973
52266,0.90030754
110586,0.31554183
9992,0.6883518
21286,0.12972468
67375,0.7345984
37663,0.9459695
8835,0.24743919
86556,0.03130434
75964,0.03130434
10814,0.20453136
72660,0.33394322
99871,0.21253584
40495,0.9103443
60250,0.860123
48624,0.95170534
122818,0.747666
115211,0.47975686
100498,0.29681158
61724,0.48442245
56455,0.8946617
87705,0.03130434
25365,0.80344266
124378,0.43432412
84971,0.03130434
1190,0.88065124
74217,0.28944543
36575,0.96290976
12736,0.29850736
24611,0.88341886
87213,0.03130434
80571,0.03130434
108789,0.22039306
54432,0.49716303
121954,0.2656955
11472,0.34692293
64001,0.24899146
2342,0.17390084
95600,0.7660001
39596,0.95170534
73370,0.2030948
26146,0.74414694
32079,0.9208311
110616,0.14934593
98921,0.34644756
118203,0.2539019
70824,0.28944543
21712,0.790695
68656,0.25581354
106045,0.29348382
29596,0.41450492
18942,0.10156157
95035,0.25981477
3566,0.28343996
66344,0.35716844
50033,0.18961065
3076,0.7000269
72486,0.31952056
81746,0.03130434
67354,0.27702808
49083,0.28760076
27574,0.23370661
14258,0.19524924
97191,0.29196018
11262,0.35360643
88807,0.03130434
103835,0.94619924
107054,0.15945047
27598,0.32063192
119626,0.86706424
67217,0.18293878
47973,0.94673926
114266,0.6537866
119065,0.18211748
40626,0.16762054
116114,0.49249187
33113,0.9191643
117655,0.7260815
25287,0.89981025
71013,0.16983578
114408,0.7010585
124131,0.51353073
9273,0.18231802
76582,0.03130434
83645,0.03130434
98452,0.5469115
103684,0.18962973
22918,0.92124265
31312,0.18748035
63331,0.49562588
119429,0.78203154
59085,0.43891653
64447,0.95502293
86349,0.031310312
60718,0.41627684
467,0.13109349
57743,0.87728703
94184,0.94619924
7436,0.7543495
18965,0.21385325
71085,0.35649446
88265,0.03130434
118140,0.19197978
50292,0.17772704
46549,0.89097196
105751,0.21250242
54384,0.87904274
102279,0.16044275
118390,0.2165065
96711,0.7788582
82239,0.03130434
75206,0.03130434
95057,0.34212327
42647,0.18850145
66657,0.14096504
100668,0.42881432
23808,0.62940556
74813,0.1735555
5521,0.20985325
95933,0.4791639
31060,0.13515216
49919,0.17428052
19464,0.8297078
16761,0.86426
114709,0.86633736
34847,0.949466
7113,0.49879402
104521,0.20838909
118659,0.8492428
39971,0.88546973
6504,0.08974165
50028,0.7779481
37509,0.403211
12332,0.35111615
89362,0.03130434
95468,0.43643963
69494,0.27403837
80901,0.03130434
15974,0.34577915
68462,0.30786845
92171,0.6371123
110519,0.15312764
7953,0.3318187
124748,0.28223515
75766,0.03130434
47368,0.95170534
75564,0.031310312
94937,0.7953498
106653,0.2030948
83814,0.03130434
78069,0.03130434
86822,0.031310312
42678,0.93818367
66350,0.6616254
57339,0.5675942
82326,0.03130434
24843,0.860123
42402,0.49394926
60097,0.62940556
97334,0.7557089
97579,0.3361596
71407,0.23403016
125012,0.2656955
24638,0.8997652
117444,0.26917762
18514,0.20929787
3508,0.67914283
105426,0.60625017
3324,0.6883518
11391,0.31095117
107342,0.94194055
103496,0.25581354
102067,0.27150398
54747,0.32778472
21044,0.7986978
113413,0.31718054
55069,0.24020088
82525,0.03130434
14289,0.73524386
106046,0.29086792
18884,0.32573646
7256,0.75286466
57830,0.9137137
88900,0.03130434
114541,0.38323477
64852,0.24442023
8572,0.70988864
48608,0.96290976
94484,0.2856746
34320,0.6564573
13598,0.22572385
103481,0.26369536
149,0.9491987
14159,0.9499135
66021,0.42005444
24276,0.19869632
18163,0.9450165
15039,0.3219785
109263,0.16896763
3851,0.3937212
9923,0.3828932
61185,0.31159726
16197,0.10961695
77237,0.03130434
98746,0.12832068
98853,0.30073398
69165,0.79616076
67008,0.22123717
118064,0.8568455
28641,0.37343574
61741,0.20716664
11318,0.43438533
24431,0.11655196
52240,0.11007176
31143,0.45593145
2044,0.8567857
103062,0.26250902
56998,0.82515246
120785,0.8608373
80289,0.03130434
92208,0.45237526
22276,0.86173636
7817,0.2169093
67442,0.83965576
63611,0.8865007
34614,0.9039903
24601,0.11655196
93079,0.9476553
51948,0.9314652
39905,0.96290976
103367,0.16165158
69146,0.24119595
115214,0.36617872
3850,0.15762793
45829,0.94221777
17255,0.24021941
17880,0.9320912
60023,0.403944
9321,0.3318187
79903,0.03130434
38369,0.5582415
36783,0.95170534
79024,0.03130434
5545,0.1445623
57061,0.91637546
20475,0.40407833
45151,0.3862423
85081,0.03130434
113517,0.36131734
98589,0.83905965
58105,0.87728703
11303,0.21245174
17961,0.9499135
73816,0.73846585
39822,0.2206226
40407,0.8758363
5953,0.12480803
114239,0.31406686
65415,0.20227867
80159,0.03130434
123989,0.89438677
74829,0.2605548
123143,0.90203345
114694,0.1868359
24315,0.9393818
101736,0.7520705
71919,0.30073398
48505,0.91637546
70335,0.18962973
111265,0.22634089
17780,0.10156157
98177,0.86827034
33228,0.27262792
104917,0.12832068
8710,0.19048682
108883,0.1867484
96451,0.221336
51590,0.25198638
41977,0.95170534
56400,0.81498253
84589,0.031310312
29853,0.11218758
3013,0.78401446
105600,0.18962973
15755,0.09733766
49737,0.11238052
99390,0.16044275
49324,0.5050983
83487,0.03130434
93194,0.2292244
61295,0.9191643
65739,0.8774474
56168,0.81754225
72251,0.7958469
27445,0.4356794
21283,0.12972468
26854,0.8928819
119272,0.2153792
74496,0.25581354
23087,0.7695713
28689,0.8093808
103287,0.27539974
83258,0.03130434
47373,0.96290976
103862,0.12832068
96442,0.31952056
73706,0.21250242
23129,0.3125061
60829,0.8970733
98572,0.17848307
39861,0.9306392
52138,0.46210852
122991,0.28795478
103730,0.5885285
118775,0.30720195
105752,0.22312477
49391,0.7742245
22184,0.48688608
67189,0.23028636
76673,0.03130434
12795,0.34736302
12854,0.3597754
78555,0.03130434
12124,0.09542217
25947,0.2022309
91840,0.18875833
3957,0.26441097
119654,0.3743192
98499,0.21800894
106782,0.93772095
32429,0.95170534
68097,0.77678835
94933,0.8096975
109533,0.50537753
102773,0.31514782
122192,0.90203345
46768,0.36921132
53396,0.76531404
112593,0.27604803
100194,0.7896348
77523,0.031310312
93017,0.78577894
89413,0.031310312
123742,0.87548923
80478,0.03130434
43405,0.75514257
13679,0.29604745
77295,0.03130434
78279,0.03130434
9012,0.13244395
90003,0.03130434
77351,0.03130434
32302,0.51783645
117385,0.37330663
30355,0.96290976
24158,0.8702536
62736,0.860123
117585,0.3409557
10483,0.82867676
76422,0.03130434
47683,0.87614733
84120,0.03130434
26850,0.8928819
22973,0.19999614
75188,0.03130434
13552,0.12200315
108253,0.3361596
92816,0.37492883
92256,0.7523679
106482,0.24119595
39491,0.8219451
78223,0.031310312
65608,0.48442245
104621,0.74602604
44830,0.45304027
56261,0.37339664
52682,0.2041837
6914,0.37806398
50568,0.31836024
29398,0.15352459
38272,0.88546973
19395,0.46254787
110515,0.14495237
90103,0.03130434
62121,0.9137137
74186,0.2539431
46224,0.96290976
83882,0.03130434
527,0.23885842
22805,0.38736752
38226,0.28760076
26898,0.49169213
68088,0.23638774
57182,0.37787455
94219,0.94171447
50301,0.1182094
53172,0.8664309
21362,0.85325325
86583,0.03130434
75382,0.031310312
63995,0.43101567
83260,0.03130434
40280,0.81498253
113235,0.5090026
72620,0.25581354
83327,0.03130434
25716,0.860123
39187,0.94673926
25085,0.86013114
96854,0.24264088
27029,0.41096857
11186,0.18231802
44005,0.40601766
51495,0.58682895
5831,0.09542217
109748,0.17122203
12659,0.2803849
51067,0.44709235
38111,0.15186696
45475,0.46860376
41513,0.9554212
123513,0.629105
109347,0.08498182
39472,0.27692062
36557,0.9306392
74719,0.42681646
22968,0.6817767
62571,0.20716664
8535,0.7009554
99223,0.21253584
4120,0.72902894
102113,0.706971
25035,0.88868886
69923,0.6371123
18786,0.17523654
88883,0.03130434
55786,0.9185518
122064,0.73284274
124721,0.4014836
23013,0.8997652
79067,0.03130434
62761,0.4704303
48964,0.9023784
121670,0.87927777
67085,0.2884333
109047,0.17348406
58866,0.37654644
122065,0.5513085
85748,0.031310312
11513,0.119666636
55494,0.8371946
67564,0.30307817
48926,0.9519672
60071,0.70567787
35607,0.9519672
86760,0.03130434
30144,0.13061339
61673,0.21314284
21567,0.9241818
63613,0.87777483
83355,0.03130434
28480,0.19538094
3223,0.35619152
3268,0.28343996
23239,0.88868886
119541,0.7344843
124340,0.23946314
84655,0.031310312
80082,0.03130434
90598,0.03130434
52401,0.17428052
88790,0.03130434
78841,0.03130434
23071,0.790695
73107,0.27249783
107462,0.32533777
92529,0.3166243
44193,0.48288697
111404,0.14149433
29374,0.67258024
73168,0.32487923
54786,0.48442245
42089,0.38116187
51778,0.789418
93797,0.6786937
115640,0.7344843
60536,0.84160036
54402,0.75444716
19478,0.8862143
95961,0.20814428
5372,0.77689314
52507,0.36838534
39952,0.36921132
26402,0.39032894
38625,0.48197725
59562,0.9390031
84359,0.03130434
92945,0.34549025
63108,0.5075459
53125,0.85270435
15637,0.9499135
626,0.35903558
107550,0.80202824
79664,0.031310312
20656,0.89993906
27084,0.37672767
75770,0.031310312
75273,0.03130434
74232,0.60625017
114822,0.8375333
10661,0.36124867
27776,0.3953781
101966,0.706971
45325,0.20067975
70367,0.5446935
42304,0.2206226
98096,0.15409186
61575,0.7934567
80971,0.03130434
91768,0.5205932
48773,0.88546973
7412,0.3318187
11713,0.19048682
105891,0.84180415
22178,0.9450165
114640,0.38323477
103365,0.20811133
114332,0.13818616
65000,0.5075459
36652,0.96290976
106739,0.3368711
12151,0.37088668
5359,0.73421043
20696,0.9098462
17698,0.5675942
39583,0.87614733
49710,0.1947696
124429,0.7221651
21530,0.93065524
43393,0.904309
84472,0.031310312
7971,0.2520778
2550,0.88881016
35513,0.7952733
19710,0.28091493
82274,0.03130434
52341,0.24249882
64025,0.29100558
1733,0.19335319
30346,0.9554212
88604,0.03130434
30959,0.9519672
93125,0.86308324
91546,0.03130434
60291,0.87728703
86853,0.03130434
37512,0.91637546
39874,0.96290976
46799,0.47747374
65269,0.16719617
64686,0.73297215
81707,0.03130434
32028,0.8426271
124157,0.8701287
372,0.18157314
51366,0.12619202
15164,0.14306907
53394,0.5050983
91795,0.18875833
16784,0.75444716
17050,0.76531404
74312,0.32487923
47052,0.1844453
94858,0.19538094
100788,0.20558472
94595,0.8215684
93978,0.3766267
39271,0.9515991
40581,0.9329873
5517,0.4384287
906,0.7776266
87755,0.031310312
113888,0.24102098
24190,0.94499403
91686,0.03130434
11233,0.7688594
113761,0.81854373
54700,0.69639677
48557,0.8758363
42423,0.90539
17618,0.88895386
2131,0.8371372
116242,0.32538834
56872,0.3572196
41975,0.9519672
120862,0.87032795
78125,0.03130434
9026,0.09542217
43586,0.49169213
88946,0.03130434
95953,0.22398186
46456,0.36921132
94139,0.92321473
87078,0.03130434
116386,0.36228955
96763,0.34644756
107853,0.32426462
94390,0.50258344
36509,0.8426271
8016,0.2639617
9634,0.8062284
84556,0.031310312
55124,0.66648424
87416,0.03130434
46031,0.7237259
33467,0.18748035
47783,0.94673926
44023,0.9265099
43883,0.92534685
2812,0.20095006
125172,0.9170397
400,0.3650937
48528,0.95170534
59342,0.52741146
51610,0.16059506
43376,0.8930693
101071,0.27381667
26415,0.18900445
21188,0.11655196
57645,0.39701784
105075,0.20838909
85332,0.03130434
114376,0.48197085
122416,0.65525067
15275,0.2789005
122640,0.2596718
18964,0.10156157
59900,0.48197725
86368,0.031310312
61136,0.9421789
96769,0.21800894
58852,0.5675942
93117,0.7517586
59071,0.95172524
107278,0.32487923
119846,0.67284214
3155,0.19335319
48187,0.9208311
389,0.3472363
97662,0.18966047
90067,0.03130434
113539,0.25452465
51078,0.1703985
118830,0.41300967
9400,0.3318187
121956,0.31812727
52879,0.5327237
81437,0.03130434
27230,0.6714174
15162,0.14268462
45,0.78601956
57272,0.75575626
98460,0.68038684
68092,0.36154202
74094,0.21250242
73767,0.29196018
35011,0.9554212
113847,0.73939556
34194,0.94673926
30510,0.96393096
113289,0.3920502
97202,0.27249783
11709,0.31095117
76968,0.03130434
47528,0.91252583
8774,0.8639417
118727,0.24102098
50322,0.12619202
70506,0.821729
49047,0.960363
32215,0.2206226
98600,0.21253584
22771,0.88868886
1684,0.860123
10893,0.25320226
9609,0.72244096
110698,0.14298418
31063,0.40531373
71061,0.46992853
69247,0.47472665
86878,0.03130434
24015,0.539955
107866,0.42255664
48897,0.51783645
42959,0.9314652
103989,0.25581354
18245,0.9450165
121561,0.8948889
76833,0.031310312
17989,0.56835574
119801,0.6122754
8900,0.78601956
114927,0.78203154
121755,0.49714112
107705,0.60625017
116461,0.2627041
33460,0.25362933
34467,0.96290976
9403,0.23383927
50660,0.19335423
112634,0.3001688
61315,0.20227867
4362,0.3432175
6041,0.40743288
123253,0.9061947
102956,0.34644756
103574,0.3055729
103004,0.32487923
57575,0.84597987
73858,0.62629354
44086,0.94673926
121378,0.51237255
45162,0.1493025
35174,0.45703027
14794,0.95837826
75443,0.03130434
9947,0.12480803
1470,0.23896505
395,0.7874931
83650,0.03130434
17444,0.81498253
9822,0.19099386
4853,0.3351356
68403,0.23638774
86917,0.03130434
32822,0.75078344
44545,0.96290976
8097,0.2169093
47042,0.3468104
119228,0.4434572
122540,0.2596718
68739,0.12832068
86194,0.03130434
34187,0.81498253
109374,0.35388568
76380,0.03130434
98478,0.30260983
110742,0.1187181
75711,0.031310312
17806,0.34407723
98561,0.20034361
50411,0.15446714
80166,0.03130434
94980,0.65647763
76703,0.03130434
15392,0.14268462
123122,0.83130336
53587,0.403944
121511,0.41270715
50083,0.39703065
29425,0.21830754
98109,0.16044275
38677,0.81498253
1552,0.14664437
88364,0.03130434
44994,0.45621622
119047,0.4554986
91123,0.03130434
73220,0.6627897
35660,0.96290976
99677,0.78361666
41542,0.4947152
123924,0.9061947
26560,0.45593145
48450,0.96290976
110848,0.10260573
87926,0.031310312
114795,0.5866208
8541,0.76297784
58925,0.860123
40900,0.9475821
73711,0.60625017
27807,0.43319622
2350,0.30491543
3101,0.7217419
35983,0.96290976
106208,0.90867126
101438,0.77188313
48517,0.9306392
34860,0.96290976
64888,0.34230834
51188,0.4947152
4446,0.31226373
40652,0.8973856
110797,0.10260573
40156,0.8973856
124415,0.47819337
112400,0.32103196
65684,0.88101935
81730,0.03130434
106394,0.21250242
34780,0.4554561
116615,0.4434572
97872,0.16044275
85672,0.03130434
77971,0.031310312
57984,0.87728703
8361,0.21245174
49046,0.9592451
8318,0.20276134
46678,0.96290976
96399,0.3368711
107398,0.25581354
20315,0.85325325
64919,0.76448774
70674,0.5292948
60077,0.8297413
40271,0.2206226
69804,0.2030948
121936,0.8608373
120000,0.1985602
86674,0.03130434
4974,0.9357847
93409,0.18701814
35481,0.8973856
20199,0.41867527
78880,0.03130434
77080,0.03130434
49721,0.16127795
72726,0.5950309
19333,0.41815227
99791,0.30569765
57792,0.5075459
98368,0.34644756
29945,0.11218758
62449,0.9332348
30307,0.59230435
108783,0.16441408
52006,0.1703985
73673,0.34835294
65393,0.4815105
112616,0.2545257
35008,0.96290976
5284,0.8586349
119927,0.45191535
1889,0.89993906
125006,0.2656955
48715,0.94673926
110166,0.22039306
97318,0.7565848
29009,0.25997135
73635,0.25581354
111784,0.43353543
61107,0.9314652
50141,0.20143037
5274,0.55434096
49675,0.14328405
42000,0.45515043
4658,0.63412476
41335,0.9023784
36905,0.15186696
20446,0.91010755
27459,0.74414694
114269,0.2539019
13882,0.14268462
82973,0.03130434
33998,0.8309766
96558,0.18966047
77801,0.03130434
111192,0.16297223
86456,0.03130434
51936,0.9314652
9525,0.31765696
3126,0.19335319
122964,0.44503817
85901,0.03130434
53032,0.89238614
43077,0.16762054
89703,0.031310312
33204,0.13515216
91771,0.4441581
32732,0.43452618
82946,0.03130434
73977,0.21250242
50757,0.2702333
22314,0.8930994
2494,0.32533777
16943,0.860123
11084,0.2578143
121467,0.7556044
56087,0.9230428
26209,0.38691664
123127,0.82445616
22292,0.8881076
7145,0.3682685
18286,0.9357847
97754,0.8104719
41518,0.30534333
109112,0.18441868
71379,0.3361596
16471,0.24908651
52218,0.17772704
91052,0.03130434
61977,0.9066649
49789,0.1947696
68423,0.60625017
106979,0.2030948
16042,0.14268462
113291,0.27998403
83870,0.03130434
55796,0.48197725
22636,0.40769237
96170,0.35649446
19221,0.52628803
9361,0.37759668
118293,0.28770217
3205,0.32494247
92693,0.45172697
118241,0.24102098
102937,0.41233718
124228,0.87000215
123200,0.9061947
49752,0.4947152
85349,0.03130434
10577,0.08458195
62403,0.76531404
6382,0.3318187
29919,0.11218758
102183,0.7725063
22257,0.67640203
102563,0.33113784
25456,0.92517155
93074,0.94619924
44657,0.46653733
96578,0.36446393
18332,0.10156157
66064,0.39224413
2624,0.34312811
89364,0.03130434
63327,0.8680345
85094,0.03130434
87337,0.03130434
49038,0.9597026
25264,0.30983835
65636,0.7882401
66844,0.27702808
19218,0.8943086
55998,0.73297215
67009,0.26576674
75854,0.03130434
19394,0.5923581
57832,0.8280514
36116,0.4947152
33180,0.45621622
81459,0.031310312
92428,0.34211707
120143,0.3590929
43406,0.46722803
11530,0.119666636
99352,0.41066468
72040,0.4295317
116346,0.26141655
77687,0.03130434
52628,0.20143037
68948,0.15987167
35573,0.81498253
18299,0.9357847
20185,0.23696943
71555,0.3361596
37289,0.96393096
118382,0.44706085
123070,0.92803144
74204,0.29947177
21813,0.4063208
105744,0.20952809
106640,0.32487923
34563,0.8737159
42549,0.94696
65235,0.16719617
52508,0.29069006
67860,0.23124127
50531,0.9314652
32332,0.57316643
12323,0.3593011
112309,0.2153792
16747,0.4357308
57945,0.40113932
74899,0.29196018
5876,0.10639612
16680,0.29940754
48597,0.93511593
9722,0.105922274
94081,0.94619924
19650,0.40407833
82801,0.03130434
14361,0.14268462
81135,0.03130434
39298,0.96393096
116547,0.76181436
13173,0.3219785
58777,0.62940556
96029,0.5095252
44336,0.9515991
121551,0.7529213
113215,0.2539019
38481,0.46860376
85276,0.03130434
38532,0.53133357
98237,0.12385409
34186,0.48197725
41707,0.44359928
39825,0.2206226
64219,0.43891653
109624,0.17629611
78298,0.03130434
124053,0.747666
60688,0.9204851
75470,0.03130434
16232,0.8371302
100342,0.8038616
2379,0.33314902
31668,0.18748035
116244,0.7701982
97519,0.8387947
94529,0.46788406
60972,0.4947152
45147,0.1844453
117223,0.34911624
88843,0.03130434
20116,0.10156157
32658,0.9597026
68348,0.43097815
91849,0.23596407
107546,0.9162127
30567,0.9498314
124996,0.20236963
8520,0.19244489
35539,0.94673926
92238,0.61715984
93698,0.39839217
10344,0.32068625
97732,0.706971
23997,0.39634213
55303,0.8210734
122400,0.31990606
84747,0.03130434
120261,0.49249187
56912,0.96290976
10744,0.2169093
7561,0.24743919
86579,0.03130434
106844,0.94194055
90563,0.03130434
84797,0.031310312
117479,0.78203154
43013,0.9204851
26830,0.87730765
103216,0.25581354
84976,0.031310312
1543,0.33251724
107607,0.22391394
97910,0.12832068
65558,0.47083113
89446,0.03130434
9241,0.309398
99327,0.21253584
60324,0.48197725
89789,0.031310312
10633,0.6832705
69206,0.2030948
81943,0.03130434
19536,0.88546973
10791,0.84810895
10622,0.35271606
14400,0.9499135
1454,0.20522918
86095,0.03130434
121289,0.46360716
13347,0.1647358
27769,0.27484137
2231,0.8695366
35973,0.96290976
100255,0.21253584
61469,0.90448254
120115,0.3162083
103634,0.20811133
102482,0.12832068
64795,0.21909748
4682,0.8478492
120555,0.35875165
3385,0.21235535
104809,0.2340783
53136,0.8664309
106560,0.2030948
116922,0.3590929
12395,0.2169093
94312,0.4784067
6805,0.82977724
76964,0.031310312
9208,0.8455743
9163,0.8289407
115981,0.7706776
86500,0.031310312
58259,0.96290976
118536,0.41691723
111120,0.15920162
87715,0.031310312
73948,0.3085391
53818,0.65600604
71420,0.19884904
51070,0.43452618
58021,0.9230428
37946,0.89370066
23898,0.36750272
107190,0.94194055
47573,0.81498253
69802,0.2030948
65752,0.41627684
27815,0.6564573
55073,0.4978068
121098,0.7273303
71915,0.31952056
66037,0.47215587
121582,0.8663952
96043,0.706971
96842,0.57099485
8298,0.25669226
15847,0.14268462
101932,0.4784067
94668,0.2665397
61352,0.8527178
70677,0.34192467
76227,0.03130434
50190,0.12619202
79166,0.03130434
77115,0.03130434
85199,0.03130434
63532,0.50940806
112756,0.746742
98231,0.12385409
1819,0.38807675
76019,0.03130434
106866,0.94194055
77737,0.031310312
75109,0.031310312
44648,0.45621622
25940,0.19099386
42449,0.96290976
24342,0.24681543
57719,0.8970733
118948,0.8375333
56267,0.62940556
45820,0.9417419
14256,0.09733766
46480,0.8538549
41772,0.50378424
63647,0.9421789
67885,0.22686978
6957,0.3682685
109864,0.1622077
103402,0.23404719
25704,0.4164125
123599,0.48086417
63435,0.25578496
87749,0.03130434
59421,0.7895873
16225,0.7627731
18088,0.9084978
2139,0.707678
75451,0.03130434
10426,0.10639612
105501,0.25581354
70088,0.58570427
37236,0.96393096
21129,0.7129119
97935,0.5292948
92322,0.21253584
45622,0.81498253
97779,0.61715984
50556,0.25198638
27376,0.26797763
48809,0.95170534
47919,0.1916682
116914,0.17649983
101529,0.2216915
124764,0.3929513
98632,0.4228897
1968,0.2165255
49206,0.26164263
122308,0.78203154
41930,0.96290976
97281,0.20965731
97758,0.20034361
34714,0.95172524
60513,0.48197725
88976,0.031310312
73702,0.30260983
56933,0.96290976
20196,0.23696943
85123,0.03130434
94808,0.24712059
73778,0.2340783
19800,0.23696943
91436,0.03130434
62787,0.43871453
10026,0.24743919
41638,0.15186696
91383,0.03130434
104532,0.27249783
108477,0.36963782
5864,0.3092915
94706,0.19538094
66312,0.32531077
10317,0.33189258
115801,0.3624575
98001,0.8352814
11128,0.22616883
22130,0.92217124
45568,0.75444716
102791,0.29348382
85397,0.03130434
22444,0.9241818
40762,0.9191643
98901,0.17848307
58527,0.8696135
39779,0.96290976
71642,0.31952056
85481,0.03130434
1924,0.9084978
111297,0.16425426
111977,0.23758991
120769,0.13818616
123642,0.78203154
68592,0.3491343
92805,0.36963782
61178,0.9421789
34807,0.3910059
111605,0.30632004
91222,0.03130434
80314,0.03130434
65197,0.52028084
7581,0.3687339
117852,0.7371265
85684,0.03130434
55471,0.8335826
107463,0.2620982
97801,0.20034361
31733,0.96290976
29142,0.4241288
40306,0.95170534
22209,0.7650313
14924,0.39235225
92574,0.12832068
112098,0.2153792
71002,0.68822205
95361,0.20908481
8480,0.24743919
51073,0.28808442
22,0.3142129
31517,0.91637546
61938,0.8535543
112635,0.2078388
97617,0.2292244
112138,0.31718054
28811,0.88354594
89560,0.03130434
37361,0.95170534
25163,0.9491987
103621,0.18962973
4414,0.8478492
100208,0.78982365
61122,0.9390031
41917,0.91637546
35046,0.85344326
103764,0.25549293
70435,0.3125732
55026,0.4230273
21449,0.89993906
17447,0.82356757
10536,0.12480803
64590,0.46398416
70646,0.28944543
25184,0.958845
77175,0.03130434
45623,0.4947152
36625,0.58589435
57948,0.8297413
5446,0.32880864
46257,0.95170534
86232,0.03130434
28957,0.5393285
64943,0.32811105
8714,0.2956658
93691,0.6692796
124049,0.3929513
28234,0.21994603
21018,0.45852757
108156,0.9162127
83229,0.03130434
73375,0.2030948
38881,0.96290976
80489,0.031310312
9299,0.22677469
119095,0.41415057
15331,0.3432175
105794,0.2030948
4455,0.23383927
67437,0.8000937
100107,0.7474185
73348,0.31952056
84736,0.031310312
23762,0.47651693
60430,0.62940556
30813,0.96351963
58776,0.49716303
91245,0.03130434
47480,0.45621622
80147,0.03130434
30240,0.95170534
34437,0.9208311
111906,0.3773191
95828,0.15409186
59276,0.80446565
2462,0.25605378
98089,0.15409186
68333,0.78361666
42805,0.40356418
98565,0.65980566
115494,0.18211748
86169,0.03130434
113224,0.3586885
67524,0.61715984
15058,0.34578788
13819,0.5604483
63184,0.44072297
1637,0.22221601
67868,0.36154202
16521,0.30983835
36688,0.9519672
98129,0.34644756
90445,0.03130434
62687,0.23093534
97719,0.18966047
14585,0.95837826
119673,0.46263853
34803,0.44359928
21994,0.7031885
37492,0.9624873
82564,0.031310312
119909,0.51376927
37052,0.96290976
111247,0.22615592
55953,0.9137137
39448,0.8426271
124128,0.6165647
74542,0.8207935
8799,0.2022309
47778,0.8165149
91487,0.03130434
106469,0.30416518
110618,0.12874942
65906,0.45677742
23002,0.40681294
64062,0.7212439
103536,0.25549293
118315,0.33756235
112838,0.78203154
73461,0.25581354
67319,0.19163725
74888,0.31952056
80699,0.031310312
78611,0.03130434
87453,0.031310312
122204,0.6537866
94422,0.3055729
47296,0.1844453
121627,0.28875387
72854,0.25581354
63234,0.39034477
104338,0.27539974
65823,0.4313774
97137,0.20814428
120197,0.8986132
71755,0.16983578
12261,0.2956658
104284,0.706971
34659,0.95226294
10146,0.119666636
52264,0.48197725
111380,0.18625009
81995,0.03130434
48404,0.96290976
18784,0.81498253
2777,0.18344904
111140,0.50537753
79080,0.03130434
114327,0.81854373
15195,0.21069057
81913,0.03130434
51150,0.19667178
19075,0.7997744
46980,0.7668955
56118,0.9230428
326,0.19386604
33014,0.15186696
67857,0.23124127
62481,0.44712687
68035,0.40383658
27772,0.34345675
55564,0.52736723
53923,0.72432476
2769,0.33883044
95217,0.1925543
124521,0.8608373
57442,0.66648424
45252,0.40672666
6512,0.10769048
84493,0.03130434
118146,0.23330303
45576,0.2559846
111043,0.17348406
8776,0.40484875
30666,0.96393096
110943,0.14298418
77270,0.03130434
22541,0.11655196
21938,0.11655196
93306,0.60625017
73454,0.680995
39212,0.46860376
115968,0.41300967
68607,0.34357917
6789,0.35619152
75364,0.03130434
116271,0.2153792
81309,0.031310312
96281,0.31952056
103832,0.90867126
89480,0.03130434
114839,0.44909877
58188,0.94673926
59265,0.31159726
70965,0.16044275
66747,0.38123944
97822,0.34690365
33030,0.20220676
22058,0.83891463
18460,0.30935085
117267,0.29461455
124405,0.41270715
28372,0.8236832
70262,0.23404719
39693,0.96290976
94088,0.84197146
66815,0.35998562
117641,0.6423697
119305,0.7644341
43521,0.9230428
48213,0.92908674
91429,0.03130434
54712,0.6955692
43219,0.9257487
60630,0.44359928
76719,0.03130434
60659,0.31159726
30103,0.13061339
113034,0.13818616
36787,0.96290976
120632,0.8123172
115119,0.6230434
7633,0.22619922
63879,0.49716303
40866,0.91234124
43227,0.8354061
70333,0.31514782
2786,0.20147799
50906,0.12583026
65981,0.6874053
49337,0.47906628
79007,0.03130434
57578,0.62940556
26471,0.21124457
103617,0.20838909
61079,0.87777483
65998,0.4454462
66853,0.31781897
120100,0.38323477
43081,0.41450492
48842,0.8973856
60273,0.8297413
73453,0.40189412
97475,0.82541966
8017,0.2526386
35970,0.96290976
52465,0.14233825
43634,0.9314652
29727,0.88546973
57879,0.44359928
122529,0.85724896
79242,0.03130434
17626,0.3013125
42179,0.91415143
95691,0.19574589
76112,0.03130434
116495,0.3607884
23909,0.37943122
34069,0.14164568
32960,0.15186696
88903,0.03130434
50990,0.2200094
10850,0.20985325
59462,0.91424704
59158,0.47924474
80420,0.03130434
73031,0.9003424
98852,0.21253584
32353,0.94673926
22366,0.9241818
118645,0.3949461
6931,0.23383927
89346,0.03130434
37773,0.46653733
68098,0.36154202
120400,0.46437466
92544,0.24233142
119885,0.22218464
96764,0.23686752
59532,0.9116335
4736,0.87960285
5870,0.10639612
70811,0.25581354
111509,0.23677535
59740,0.43891653
22254,0.73297215
115600,0.3276944
92658,0.6340759
67679,0.22123717
83769,0.03130434
118238,0.5746072
43640,0.9314652
50182,0.13709156
103676,0.7658652
33816,0.8308462
115178,0.67284214
28534,0.11218758
73907,0.2340783
35145,0.96290976
2736,0.09542217
39330,0.2206226
80321,0.03130434
12329,0.33189258
88032,0.03130434
32721,0.48197725
65564,0.73030883
103263,0.2030948
21257,0.2527323
73695,0.2030948
101511,0.3368711
116457,0.5217252
50514,0.9079074
7057,0.71666056
106114,0.7520705
4116,0.6829337
31577,0.81498253
52651,0.81297517
38296,0.9519672
117938,0.35944235
112424,0.81854373
30471,0.96393096
36700,0.4947152
84150,0.03130434
19386,0.49962857
108431,0.25581354
97117,0.58570427
123210,0.88016915
25642,0.09158824
50860,0.8334706
43012,0.8905416
123450,0.47528452
121277,0.24102098
87884,0.03130434
56285,0.5050983
115483,0.18211748
17030,0.75444716
90792,0.031310312
3305,0.27089122
90053,0.03130434
86278,0.03130434
82985,0.03130434
693,0.8160318
57592,0.8820851
42357,0.13515216
76659,0.03130434
22277,0.86173636
96631,0.4784067
89788,0.031310312
40042,0.403211
98916,0.20814428
46206,0.96290976
35519,0.5050983
33114,0.73370075
67397,0.21829438
13456,0.2169093
72548,0.7958469
99028,0.3578396
91609,0.03130434
101520,0.19860084
20560,0.73817825
67786,0.15579547
27321,0.8093808
9705,0.119666636
22913,0.69228935
50226,0.35031688
50309,0.16618863
11770,0.13244395
99490,0.16044275
74470,0.28407004
23812,0.30983835
41946,0.53133357
32963,0.15186696
34330,0.18039882
88704,0.03130434
44466,0.96351963
22126,0.92217124
89034,0.03130434
75152,0.03130434
104056,0.29196018
15743,0.09733766
271,0.14756499
9836,0.18231802
100884,0.78577894
93549,0.22166151
77773,0.03130434
18948,0.19291204
31038,0.40258163
11056,0.21343563
117134,0.80067354
87621,0.03130434
26431,0.8147644
32671,0.403211
118194,0.411324
62891,0.29100558
77804,0.03130434
118517,0.23330303
30964,0.9554212
72547,0.38614985
28176,0.18900445
122458,0.87402016
32672,0.40672666
40144,0.21704315
108494,0.20838909
71421,0.19884904
5702,0.12480803
96046,0.3085391
70009,0.68822205
50638,0.7747845
67975,0.22123717
1992,0.35789374
51856,0.9137137
118166,0.2539019
111160,0.17968692
60098,0.49716303
49463,0.24249882
8269,0.40226296
92559,0.42715487
62340,0.9421789
102943,0.3085391
72103,0.28944543
81340,0.03130434
200,0.9320912
43978,0.49562588
80171,0.03130434
45123,0.96393096
82294,0.03130434
6740,0.24993552
12651,0.44867945
40803,0.9417419
56816,0.3899322
22621,0.48688608
53935,0.19163425
55501,0.8973512
19118,0.46381745
80,0.58317554
62422,0.91424704
96255,0.22854485
101384,0.34975833
45052,0.91637546
8186,0.389651
47346,0.91637546
76578,0.031310312
15879,0.9081818
114543,0.80918765
43778,0.18900445
25941,0.19099386
61329,0.20227867
57507,0.860123
95327,0.24264088
74690,0.25581354
13632,0.6716184
69152,0.789599
107071,0.94194055
90429,0.03130434
88930,0.03130434
49273,0.8970733
86752,0.03130434
109784,0.21854426
109351,0.17024016
26622,0.64324427
111413,0.14149433
62083,0.9137137
55948,0.8535543
111345,0.18682505
1812,0.26128393
20887,0.7958738
105094,0.20838909
91921,0.18875833
7853,0.6820612
64332,0.8705224
112662,0.21043155
45194,0.15186696
122351,0.49714112
100906,0.83467215
14388,0.9198163
46838,0.22821797
56433,0.8946617
36630,0.9030965
117640,0.7601094
7675,0.8113396
74924,0.9381461
8209,0.6699541
9775,0.89070785
61599,0.43452618
73664,0.3700838
81147,0.03130434
19291,0.8855285
120847,0.87222797
8940,0.33189258
12044,0.91023386
68447,0.33217448
47063,0.3766612
69271,0.24119595
80198,0.031310312
82924,0.03130434
106493,0.2605548
33887,0.18900445
6430,0.10022805
2910,0.27895018
113791,0.3260751
3105,0.325828
39412,0.91637546
33858,0.1590159
22423,0.9241818
100702,0.21568581
86225,0.03130434
18000,0.803864
78035,0.03130434
47729,0.25997135
41243,0.88546973
70082,0.2030948
75511,0.03130434
28157,0.836084
31456,0.36921132
11425,0.43059716
30751,0.9537863
45559,0.20067975
26777,0.87730765
9996,0.24881613
102831,0.20034361
117273,0.3260751
90648,0.03130434
72604,0.71006703
120947,0.3590929
118681,0.7395324
66370,0.39868554
82981,0.03130434
13101,0.9499135
20174,0.23696943
118756,0.5513085
7930,0.21343563
78188,0.031310312
13249,0.34345675
96594,0.34835294
105044,0.2030948
70240,0.36446393
52674,0.20156023
44751,0.4598379
1097,0.7382961
53900,0.23874417
38678,0.5582415
70961,0.81992453
5347,0.3495698
19155,0.9023784
73596,0.3578396
49951,0.23282209
8496,0.2759735
37638,0.96290976
63916,0.78671986
121088,0.32598767
79353,0.03130434
62982,0.42640293
111152,0.17968692
123499,0.4909261
26776,0.87730765
36248,0.47906628
51910,0.6825258
57673,0.48197725
36927,0.82087034
93484,0.19807854
32849,0.87728703
473,0.13109349
56853,0.14909081
118411,0.47533438
99220,0.32861406
83384,0.031310312
59625,0.9421789
67543,0.60625017
22926,0.939631
97050,0.8501166
58159,0.4313774
1436,0.30463526
113862,0.39521897
5399,0.3318187
34342,0.1916682
26288,0.8147644
124486,0.47819337
25418,0.9491987
63053,0.75444716
38763,0.74414694
48097,0.21124457
91974,0.26074508
89973,0.03130434
86196,0.03130434
68718,0.37421864
118476,0.38993233
22618,0.5846604
20497,0.4435006
68407,0.31477666
13966,0.19524924
74720,0.2605548
106889,0.94350517
23939,0.7382961
48099,0.18850145
94556,0.3361906
123102,0.75679165
114431,0.776525
34041,0.14164568
28920,0.88354594
60320,0.4947152
97670,0.4784067
62578,0.4355171
43396,0.90401465
50798,0.1703985
81462,0.031310312
31240,0.45950174
63988,0.30198476
95470,0.44347733
73101,0.24119595
42899,0.90335053
109882,0.10355454
98023,0.9439993
103399,0.2260415
43289,0.860123
5278,0.8113396
11129,0.31490803
64059,0.47355932
37030,0.96290976
75748,0.03130434
124733,0.43432412
113156,0.5250505
32708,0.81498253
86375,0.03130434
43129,0.65218693
44062,0.45593145
23782,0.4164125
31601,0.48197725
19258,0.75444716
108555,0.32487923
72154,0.23404719
23485,0.39634213
44828,0.8179381
78333,0.03130434
62046,0.48288697
11777,0.23383927
53922,0.66155213
12315,0.21245174
1424,0.20522918
90458,0.03130434
36366,0.96290976
112603,0.39535472
97988,0.15450151
76410,0.03130434
115503,0.18211748
20607,0.49962857
86699,0.03130434
114430,0.76843184
77686,0.03130434
59667,0.7779481
55484,0.7630779
72160,0.23638994
12542,0.35434297
97279,0.22225878
78207,0.03130434
73871,0.24730371
33978,0.96290976
61918,0.88868886
90113,0.03130434
14966,0.19497147
63175,0.8893555
88910,0.03130434
57340,0.403944
96020,0.35854262
116046,0.8525455
71648,0.4784067
20347,0.9153548
15599,0.40552974
6274,0.1445623
91069,0.031310312
66044,0.6883518
53918,0.7904582
109086,0.36121568
108962,0.19115457
45939,0.96351963
17927,0.88895386
85907,0.03130434
14334,0.8648912
90027,0.03130434
103515,0.6616254
31409,0.41490188
6398,0.6874053
77290,0.03130434
24464,0.11655196
29639,0.18224737
1452,0.34060726
3484,0.32494247
28412,0.31249204
82213,0.03130434
68692,0.7297363
580,0.26128393
81130,0.031310312
14124,0.9499135
101317,0.18966047
14140,0.8625989
10778,0.2169093
105590,0.19884904
107156,0.94194055
67160,0.3164938
51004,0.13709156
45059,0.88101935
34474,0.8790545
22371,0.90944266
42459,0.96290976
124977,0.776525
109862,0.26767382
109178,0.17035948
7016,0.30513668
6344,0.30262387
25089,0.91359925
62875,0.29100558
100336,0.37238288
72790,0.3361596
67023,0.22686978
100448,0.2292244
51041,0.16121374
31686,0.70823854
118872,0.4725851
14727,0.9499135
102305,0.12832068
92192,0.33826128
18926,0.10156157
51071,0.48885077
119636,0.37808993
37370,0.96290976
112694,0.31718054
109578,0.17348406
13034,0.28509587
96082,0.22166151
107675,0.30569765
67490,0.62681234
58564,0.9039903
104709,0.3368711
38387,0.9208311
14275,0.10961695
528,0.33076847
50658,0.1334903
120682,0.6481533
21594,0.9241818
62568,0.33337912
92825,0.2216915
25754,0.747459
98019,0.9439993
93750,0.8389562
10168,0.37759668
70494,0.30260983
124502,0.70096517
92856,0.30260983
105636,0.23777822
4002,0.3203959
46755,0.34046957
1646,0.76285684
97417,0.8822433
21788,0.4222304
16440,0.63186145
78289,0.03130434
17522,0.34919873
62057,0.81726116
104744,0.45237526
61579,0.8797536
118810,0.672695
106518,0.25581354
33748,0.2478089
1803,0.24717304
4225,0.9059526
85464,0.03130434
70225,0.24119595
36907,0.88546973
17313,0.2596863
69863,0.84338635
39726,0.60234964
59437,0.89675933
18523,0.3601932
8215,0.7784155
30494,0.96393096
92546,0.62648994
62049,0.8743015
92399,0.30073398
22604,0.11655196
72722,0.25549293
121213,0.46182948
23871,0.2941493
114194,0.18258554
73924,0.28280175
117653,0.42657208
69818,0.43643963
117697,0.37272042
48086,0.21124457
73760,0.30260983
26341,0.895751
7435,0.29850736
31178,0.5041699
16816,0.36516735
12246,0.87511665
30923,0.37672767
121401,0.32244474
83162,0.03130434
67676,0.73846585
90946,0.03130434
10347,0.4052229
43633,0.9116335
21999,0.30983835
91145,0.03130434
54369,0.7779481
100002,0.2292244
22133,0.9106116
71576,0.27381667
47353,0.94673926
113611,0.59061193
97446,0.81153715
12531,0.32068625
65188,0.6817767
44664,0.76790994
79454,0.03130434
96033,0.3129368
124269,0.2603038
7441,0.36124867
11179,0.21245174
67106,0.2579757
17482,0.9499135
36678,0.8662541
40936,0.96351963
102095,0.24440591
21933,0.33500916
74361,0.31649715
4215,0.37160045
94773,0.2004174
63324,0.89682275
117827,0.4434572
36169,0.45621622
110541,0.2024403
26,0.5393285
20889,0.7695713
8772,0.5281916
23784,0.75444716
110710,0.09318181
78002,0.03130434
106419,0.23988813
8251,0.31741014
9621,0.8450812
73250,0.33499622
116381,0.47975686
79381,0.03130434
120974,0.87222797
79946,0.03130434
4298,0.8707488
124308,0.8408752
62081,0.9137137
96336,0.23362757
16640,0.803864
23656,0.94499403
16214,0.5393285
28511,0.4366265
81125,0.03130434
91996,0.11108917
110087,0.20149873
2816,0.20095006
102652,0.16044275
121044,0.88607174
106862,0.94194055
1285,0.9572069
51453,0.8884945
122037,0.87927777
53267,0.91052693
94337,0.45172697
60571,0.7779481
535,0.3033325
26363,0.18628123
55110,0.799897
44531,0.9519672
64135,0.403944
39977,0.87614733
16179,0.09733766
95022,0.7947125
83473,0.03130434
69147,0.31866714
83044,0.03130434
97931,0.34835294
78102,0.03130434
120728,0.24102098
119697,0.75835896
105610,0.18962973
118594,0.8680531
45033,0.48197725
31987,0.3910059
18054,0.863861
32261,0.3953781
81222,0.03130434
30053,0.19192421
50340,0.19335423
44704,0.1758152
110845,0.12476426
105811,0.2030948
27194,0.81690407
94430,0.20908481
71501,0.3361596
16678,0.37205935
23407,0.29859424
73033,0.8970733
384,0.18110709
81386,0.03130434
49015,0.9597026
6535,0.21466565
77362,0.03130434
90644,0.03130434
25910,0.25839448
93503,0.22166151
79159,0.03130434
10610,0.08458195
29710,0.11218758
94431,0.66184485
96756,0.84525096
66869,0.27702808
64646,0.4352884
105273,0.16044275
79238,0.03130434
63594,0.89675933
122471,0.8641165
62824,0.8743015
25740,0.473752
71787,0.2340783
68242,0.71456665
74489,0.25581354
13719,0.14268462
118809,0.30720195
70525,0.3361596
56391,0.51783645
89916,0.031310312
4396,0.9084978
37498,0.96290976
45610,0.8973856
95897,0.23689711
40920,0.9597026
49646,0.31836024
57922,0.8535543
61169,0.9421789
59664,0.49716303
68677,0.25581354
74731,0.36303556
82386,0.03130434
51123,0.40115598
96458,0.32861802
84085,0.031310312
72926,0.36303556
87912,0.03130434
53941,0.2066276
16304,0.45852146
13670,0.26518336
68040,0.30701062
102527,0.16044275
75003,0.03130434
75061,0.03130434
18281,0.9357847
102760,0.5119126
91536,0.03130434
97890,0.16044275
10895,0.22246316
15189,0.14268462
120680,0.3474458
103595,0.55570155
11792,0.28113678
101441,0.34644756
23435,0.11655196
37106,0.85344326
63210,0.9137137
30421,0.96393096
2277,0.70322263
16743,0.42323947
1720,0.3033325
2906,0.15762793
34290,0.3487261
29712,0.11218758
82887,0.031310312
56565,0.4947152
46358,0.88546973
121445,0.22071311
24832,0.46381745
112551,0.13818616
14975,0.24743919
614,0.34738934
97322,0.7416663
123570,0.4174973
65485,0.26648578
27531,0.36653757
7694,0.10639612
77611,0.03130434
12921,0.19367898
8818,0.29850736
123476,0.86706424
64986,0.50608146
116357,0.7260815
104802,0.30260983
104973,0.31952056
99004,0.77064824
29103,0.7628406
41618,0.2206226
122783,0.28875387
8791,0.3434163
88818,0.03130434
20949,0.86173636
116995,0.6390387
29729,0.4241288
48108,0.90687215
1341,0.7478131
22811,0.24196497
107833,0.25581354
6387,0.23383927
67516,0.32762426
103488,0.3368711
76184,0.03130434
117508,0.5902682
4074,0.3432175
12086,0.21245174
103400,0.27895018
93033,0.94619924
44723,0.18748035
103017,0.20911352
122658,0.71926266
48947,0.2206226
56328,0.9314652
72204,0.7958469
77888,0.03130434
7990,0.09542217
107052,0.68050337
19589,0.8259466
59323,0.9230428
94086,0.9368869
17407,0.26711172
63894,0.6972887
14330,0.32596782
124619,0.8809566
97111,0.21253584
113303,0.26668766
57529,0.4835052
118275,0.42657208
36975,0.9341328
82054,0.03130434
35743,0.96290976
64141,0.4352884
79745,0.03130434
17361,0.17523654
116627,0.3474458
76392,0.03130434
93052,0.6814175
98858,0.65980566
67713,0.20155846
87780,0.03130434
87727,0.031310312
54469,0.26974234
95134,0.700898
115191,0.41296044
81518,0.031310312
57688,0.4425127
61607,0.48442245
67504,0.26162446
108377,0.682255
104192,0.24440591
105893,0.7725063
49474,0.25198638
86663,0.03130434
110325,0.17912889
82925,0.03130434
52976,0.7060256
93202,0.18844602
24933,0.7650313
64334,0.7587485
112150,0.26141655
110273,0.6880312
28394,0.2001534
53407,0.48442245
106679,0.33499622
35216,0.40762833
48357,0.21830754
45225,0.3709314
71070,0.47472665
21342,0.46381745
30093,0.13061339
78510,0.03130434
53811,0.89221984
116231,0.78203154
96637,0.32705167
42844,0.1493025
27538,0.7360293
100181,0.78982365
100574,0.45797345
83407,0.03130434
29737,0.25509548
34110,0.16762054
43566,0.43452618
58837,0.44359928
90043,0.03130434
112591,0.3062433
35271,0.96290976
9937,0.10639612
114622,0.84461474
52221,0.5255214
94503,0.23689711
113618,0.18211748
68608,0.45237526
107555,0.94194055
84546,0.03130434
91669,0.03130434
52549,0.1182094
98159,0.53155386
107043,0.771602
64126,0.26253343
51993,0.12619202
83517,0.031310312
38350,0.8426271
74350,0.71612364
14957,0.7782762
102614,0.4716852
35435,0.91637546
23669,0.94499403
63353,0.31159726
9862,0.29850736
101334,0.12832068
105153,0.82885486
89353,0.03130434
15068,0.38026646
121483,0.4504981
9417,0.6312402
36536,0.48197725
3261,0.87730765
79538,0.03130434
13397,0.2169093
8082,0.22246316
22084,0.8743015
83626,0.03130434
18588,0.24681543
26095,0.4366265
75558,0.03130434
120775,0.31488678
13145,0.36268446
35406,0.94221777
72426,0.37023035
40455,0.93818367
110952,0.20116115
47949,0.9537863
49941,0.20628841
94258,0.9476553
118210,0.39079496
24899,0.11655196
13012,0.29803362
124171,0.8917547
67330,0.22686978
8795,0.4459742
42756,0.9115184
12904,0.2956658
65570,0.58840704
102298,0.12832068
59716,0.87777483
20867,0.23323919
103765,0.4178735
64230,0.47083113
18633,0.2941493
39650,0.49169213
4949,0.9357847
37128,0.93818367
28136,0.8236832
7110,0.63186145
61668,0.21314284
18433,0.36229905
36151,0.47906628
52875,0.47299597
101944,0.32487923
122712,0.15447567
62455,0.9421789
50863,0.8913163
95228,0.64226395
7939,0.7145849
85641,0.03130434
21339,0.40407833
44242,0.43452618
83512,0.031310312
37722,0.8219314
85336,0.03130434
15631,0.9499135
64821,0.46398416
118028,0.4771988
38315,0.88101935
50836,0.15706496
73687,0.34644756
30288,0.59230435
110694,0.22051644
21455,0.92217124
81219,0.031310312
80219,0.03130434
90762,0.031310312
85009,0.03130434
35099,0.94673926
70215,0.12832068
31765,0.93503016
69945,0.25581354
105933,0.88114905
119746,0.36617872
43478,0.7694207
35733,0.9519672
68661,0.77809983
61279,0.9191643
84847,0.03130434
95712,0.3127869
82227,0.03130434
67525,0.8473785
109985,0.18441868
103068,0.27539974
105778,0.3578396
34490,0.30430406
118437,0.5015898
34858,0.95170534
53906,0.6817767
404,0.41813692
26375,0.42289355
43474,0.89675933
21089,0.24037102
69033,0.26250902
84515,0.03130434
53724,0.73893493
105224,0.25581354
118579,0.30720195
121824,0.8872879
80594,0.03130434
116760,0.7701982
41984,0.45593145
61092,0.9314652
65405,0.3572196
54807,0.80978954
96464,0.2472191
103838,0.9368869
19841,0.76531404
70076,0.2030948
73103,0.26250902
113343,0.24694805
9772,0.6288985
123853,0.89438677
21090,0.29986632
124904,0.4542818
36512,0.9306392
117242,0.7260815
89782,0.031310312
86032,0.03130434
25540,0.7986978
113880,0.29050997
72250,0.20811133
27915,0.8093808
19964,0.39983803
80711,0.03130434
72715,0.7699997
29372,0.31703597
37275,0.96393096
40843,0.8870045
110427,0.10260573
6554,0.105922274
91290,0.031310312
48423,0.96290976
33572,0.16762054
115899,0.2282253
26514,0.8694587
37344,0.48197725
65678,0.95170534
57800,0.403944
72791,0.60625017
118345,0.44055167
6624,0.8526094
108098,0.2030948
105302,0.3368711
68633,0.4178735
64929,0.7402539
56677,0.95170534
90077,0.03130434
99973,0.24233142
57194,0.43452618
55137,0.85477734
120559,0.4401213
85178,0.03130434
91026,0.03130434
62329,0.9257487
14743,0.8786143
49176,0.88868886
117163,0.3814726
72419,0.32861802
117725,0.24211182
84935,0.03130434
25902,0.44808677
62271,0.8675313
39149,0.960363
92228,0.27027065
49945,0.18961065
65402,0.48442245
22285,0.89096457
108201,0.3361596
107875,0.31952056
116739,0.3590929
20661,0.92217124
5373,0.8356119
64340,0.8535543
37111,0.9519672
7551,0.24743919
88005,0.03130434
10282,0.20453136
709,0.34738934
102806,0.26250902
112567,0.1712391
53224,0.90023947
60135,0.9314652
83334,0.03130434
107012,0.7108496
18469,0.7997744
47546,0.96290976
30566,0.9346015
15573,0.9512742
30028,0.4241288
4587,0.37759668
69760,0.8820279
11022,0.08458195
21539,0.93065524
66770,0.23874663
88745,0.03130434
78080,0.031310312
56688,0.95170534
121267,0.45191535
32907,0.8796976
66436,0.21829438
62975,0.7887926
29314,0.34268388
11565,0.09542217
72617,0.70581293
82140,0.03130434
28880,0.7513952
96293,0.24264088
79261,0.03130434
37625,0.94673926
78782,0.03130434
75840,0.031310312
60980,0.8970733
33287,0.6615652
111454,0.22659156
60050,0.403944
991,0.9284976
93012,0.32426462
124285,0.8505187
14462,0.94499403
50477,0.44514608
765,0.33432338
124193,0.8917547
20612,0.77728635
55032,0.32905048
31166,0.37774572
122232,0.34369883
103882,0.61715984
95089,0.29749116
34332,0.8888306
27322,0.71860665
4909,0.90724975
65437,0.20227867
27411,0.41591987
65353,0.9083622
85434,0.03130434
34247,0.9459695
111642,0.24967124
95971,0.18701814
15209,0.15122528
100503,0.27813867
35764,0.96290976
15988,0.2995889
115906,0.5430602
71254,0.23404719
63887,0.60609657
27229,0.4011721
122805,0.42694137
52966,0.24442023
116230,0.3590929
61111,0.8703252
45526,0.18748035
21320,0.14530264
45850,0.9208311
46996,0.89370066
120673,0.31488678
42062,0.96290976
15661,0.14268462
77992,0.03130434
23004,0.81498253
96554,0.20814428
45633,0.93818367
8230,0.10639612
103283,0.22312477
2213,0.27320066
99355,0.16044275
35776,0.96290976
11211,0.8113396
54069,0.3696951
53212,0.7206865
115891,0.2153792
37306,0.88546973
647,0.9353937
91275,0.03130434
48304,0.7934567
26353,0.19192421
54270,0.6817767
4830,0.6874053
99881,0.61715984
58718,0.91615355
5288,0.89070785
114861,0.5134598
4233,0.77689314
47526,0.9306392
54043,0.66155213
2578,0.2017492
65214,0.88316876
56879,0.4598379
10429,0.27957168
38080,0.94382316
54593,0.3572196
112886,0.32103196
43266,0.48197725
116912,0.2153792
20742,0.44750068
57415,0.403944
12024,0.10639612
10774,0.32068625
15062,0.14268462
5959,0.12480803
22764,0.23327021
103099,0.20034361
121003,0.4311819
4591,0.77689314
102571,0.3327883
107717,0.34975833
109600,0.21357353
70397,0.72557956
17501,0.32304597
51930,0.9314652
114316,0.39535472
39657,0.2206226
57248,0.75575626
81661,0.03130434
9851,0.32939613
25570,0.09158824
33865,0.18829237
29786,0.42145735
47099,0.51783645
59994,0.16719617
124783,0.44167492
50059,0.117867455
43534,0.4835052
3769,0.17390084
14990,0.34577915
43817,0.82515246
77503,0.03130434
115881,0.6957671
29121,0.90281117
65497,0.48442245
81689,0.03130434
32615,0.92108333
37272,0.96393096
72822,0.50061154
122333,0.8872879
1108,0.33009216
70270,0.8355008
49311,0.4947152
61602,0.8743015
104654,0.2116036
98557,0.20034361
54938,0.88354594
114845,0.23570354
85842,0.03130434
21415,0.40407833
81057,0.03130434
10313,0.3411657
3542,0.27320066
107801,0.25581354
91220,0.03130434
44263,0.9547702
96204,0.26935095
125121,0.7010585
21906,0.93065524
121759,0.4663005
58976,0.9332348
8365,0.31278303
64145,0.2483777
36362,0.96290976
28971,0.22763993
77071,0.031310312
4136,0.48626354
4059,0.23916388
49034,0.9515991
85477,0.03130434
88641,0.03130434
28053,0.48538813
115820,0.6390387
48319,0.21124457
1132,0.7728612
124735,0.28795478
76416,0.03130434
78053,0.03130434
91782,0.26538283
33977,0.96351963
39214,0.3766612
32774,0.8893693
73893,0.25581354
101173,0.20170811
36916,0.37672767
66937,0.27702808
70360,0.2842968
8377,0.21245174
27157,0.4366265
41714,0.61544204
62213,0.62940556
27003,0.4241288
99316,0.21253584
76653,0.03130434
92929,0.9368869
54632,0.42610747
34546,0.91424704
114429,0.7010585
38234,0.91637546
57947,0.68764704
50362,0.20276946
10072,0.2520778
36752,0.81498253
14234,0.14268462
45265,0.47747374
26761,0.8694587
107575,0.9424478
84104,0.031310312
45637,0.94673926
93137,0.9368869
71574,0.31218278
2464,0.73166746
367,0.44191977
76867,0.03130434
30218,0.4241288
47352,0.9306392
32583,0.9597026
115369,0.28179565
75253,0.03130434
58525,0.7401537
45210,0.18748035
26178,0.19192421
103810,0.68822205
26428,0.4241288
100626,0.7936544
112302,0.3590929
72933,0.706971
74185,0.22937126
118711,0.39535472
14419,0.40552974
56812,0.20716664
104468,0.2340783
107223,0.94350517
101530,0.32270113
101733,0.30416518
109596,0.20104697
99902,0.3085391
14394,0.94499403
2428,0.21235535
4660,0.6829337
44331,0.91234124
29545,0.37672767
40798,0.44284308
54952,0.88354594
82001,0.03130434
7623,0.21343563
10397,0.7189945
87399,0.03130434
2668,0.19002645
6008,0.08458195
73563,0.40735775
71709,0.7929474
14379,0.8439222
23279,0.86173636
4378,0.7100045
17035,0.25109112
71896,0.34976557
28462,0.19102913
108334,0.8355008
45707,0.6564573
70299,0.28280175
34387,0.44284308
86189,0.03130434
107117,0.9162127
22316,0.8930994
13122,0.9512742
63901,0.60609657
29165,0.36235768
105375,0.8526537
121831,0.40535188
95634,0.21139891
20461,0.2596863
102331,0.16044275
45803,0.5111874
28007,0.252591
69234,0.2030948
39261,0.9597026
66125,0.14096504
30898,0.49137014
16706,0.41776636
93292,0.29231092
49385,0.47924474
47317,0.44709235
102752,0.23172612
60519,0.49472484
109598,0.16007131
26582,0.41096857
15960,0.4412236
75033,0.031310312
10881,0.89070785
26664,0.8723369
43256,0.885877
55570,0.20716664
38007,0.96290976
14872,0.14268462
122126,0.22696823
100111,0.29681158
106580,0.2030948
109072,0.28489813
110505,0.17914192
76884,0.03130434
103512,0.23404719
87800,0.03130434
24585,0.11655196
110126,0.16009486
97843,0.16044275
87722,0.03130434
28980,0.60875577
73850,0.2030948
65404,0.22992508
18589,0.19350864
34024,0.42294315
76289,0.03130434
71589,0.2340783
64451,0.95502293
53525,0.7779481
96969,0.34835294
2307,0.27320066
30934,0.22821797
107797,0.28869084
84358,0.03130434
27277,0.30385605
54848,0.44359928
76927,0.031310312
68668,0.25581354
40016,0.88546973
78133,0.03130434
97151,0.39489302
118795,0.39182374
47432,0.22821797
40940,0.96393096
91885,0.25991738
93948,0.75047535
17759,0.38873264
118455,0.40719196
1554,0.5420999
18946,0.10156157
56855,0.19931579
27449,0.23833574
17929,0.86047524
67811,0.32600516
109500,0.14075728
22797,0.5675942
26105,0.7799733
98364,0.2292244
34266,0.16762054
53916,0.73523194
47825,0.92534685
96190,0.29196018
78184,0.031310312
97205,0.34835294
125139,0.44167492
120484,0.8406243
66828,0.26162446
54967,0.33968773
42123,0.9208311
77225,0.03130434
83436,0.031310312
45694,0.45621622
105672,0.24119595
65763,0.47083113
72990,0.8596698
108310,0.36930522
24605,0.11655196
117612,0.51376927
75537,0.03130434
103500,0.2630698
13521,0.8999914
31655,0.88672805
103205,0.2605548
52160,0.33773056
34948,0.44359928
106305,0.86827034
76816,0.03130434
119959,0.22218464
64448,0.95502293
111838,0.13342056
72918,0.31952056
33524,0.1844453
51689,0.18961065
47841,0.860123
117657,0.6957671
98406,0.13700894
73967,0.34766987
19740,0.22377388
112999,0.21043155
107609,0.35649446
43649,0.9211681
27477,0.44686866
88414,0.03130434
17742,0.27962762
62921,0.32778472
4,0.76285684
83423,0.03130434
24274,0.7533607
51946,0.8913163
42583,0.87614733
94429,0.30425867
76925,0.03130434
42701,0.9554212
74560,0.9478172
55585,0.1979359
53418,0.78236616
38896,0.44359928
26999,0.4241288
42072,0.96290976
121568,0.8675765
18153,0.9450165
2819,0.16574621
50007,0.5736595
123015,0.2656955
64918,0.74678385
100585,0.45797345
81890,0.03130434
91333,0.03130434
11525,0.119666636
87788,0.03130434
6754,0.3192146
97745,0.27249783
49006,0.9597026
78988,0.03130434
48267,0.16762054
118988,0.3573774
47435,0.5362252
100367,0.234656
51251,0.36838534
82554,0.03130434
118566,0.43545714
11243,0.19367898
27681,0.31249204
77905,0.03130434
74561,0.9478172
79254,0.03130434
74545,0.8123214
23759,0.7986978
57454,0.49716303
96717,0.81992453
8370,0.40939698
121813,0.75679165
53821,0.23093534
18599,0.4547836
116371,0.47975686
121726,0.5143142
10989,0.10639612
8222,0.2624285
35732,0.94013
27834,0.3440137
42945,0.9109243
96397,0.20700414
54503,0.49716303
817,0.94499403
59259,0.7043625
68736,0.12832068
72030,0.23777822
30967,0.96290976
119824,0.402575
34506,0.8790545
112901,0.5903231
105561,0.78361666
65433,0.20227867
28356,0.26023862
52324,0.23044188
107508,0.21250242
88373,0.03130434
98312,0.32861802
3119,0.22150166
1741,0.7382961
45925,0.96393096
25254,0.30983835
88700,0.031310312
74260,0.32487923
9334,0.71945775
81876,0.03130434
71316,0.12385409
109415,0.20298733
110575,0.1416943
67682,0.39140707
73020,0.8820279
100862,0.24065703
10095,0.3648808
124831,0.90861833
52239,0.10380996
18099,0.9084978
95425,0.45237526
50425,0.45621622
43317,0.90401465
83878,0.03130434
55725,0.37787455
41730,0.4947152
56909,0.92155355
50954,0.56458336
40070,0.8309766
84824,0.03130434
78919,0.03130434
122357,0.48164707
63821,0.47355932
97623,0.3368711
34544,0.91424704
87522,0.03130434
16572,0.42323947
31884,0.96290976
95108,0.769488
58869,0.46168202
110038,0.20261481
6528,0.09542217
92902,0.94619924
13355,0.14268462
31262,0.45593145
51068,0.23974206
34177,0.81498253
45300,0.91252583
34503,0.35137928
7063,0.22616883
15398,0.14268462
17499,0.38873264
61322,0.4038758
60864,0.9116335
77055,0.03130434
111979,0.5190674
55140,0.23845762
112314,0.78203154
82316,0.03130434
90945,0.03130434
55668,0.24442023
31453,0.36921132
44990,0.8309766
105673,0.40735775
62193,0.860123
50256,0.9314652
48451,0.96290976
78078,0.031310312
72061,0.34835294
71193,0.2605548
93305,0.35854262
76803,0.03130434
60087,0.45834848
38751,0.56222177
42109,0.90721285
61931,0.9273083
104185,0.23404719
11345,0.19988875
12256,0.24743919
27271,0.28619665
123990,0.83242923
347,0.29428807
27147,0.8517432
88163,0.03130434
55259,0.69298524
14387,0.91726774
33400,0.32797366
565,0.30194518
122946,0.4468891
35196,0.88546973
69654,0.8740363
76668,0.03130434
86392,0.031310312
102968,0.13772346
24095,0.27076778
57384,0.90030754
88823,0.03130434
123750,0.8906894
96513,0.21800894
49695,0.31836024
27673,0.26797763
118663,0.835176
108622,0.34192467
53685,0.29389632
87272,0.03130434
21628,0.9241818
28576,0.30385605
64129,0.41627684
111376,0.18625009
26931,0.49169213
39864,0.9519672
18495,0.3415334
107229,0.94350517
110646,0.14075728
107703,0.2605548
30581,0.9597026
77712,0.031310312
108063,0.3042494
115896,0.26141655
87493,0.03130434
69284,0.2605548
15539,0.9512742
115177,0.33737618
93060,0.9368869
35856,0.88546973
119839,0.3474458
33120,0.39703065
122120,0.26685876
31834,0.96290976
27713,0.62573624
109082,0.13253273
100743,0.20034361
119166,0.7135244
13680,0.31169012
68317,0.27702808
82661,0.03130434
40980,0.96393096
5861,0.33189258
24341,0.24681543
61808,0.33620062
95993,0.31649715
81440,0.031310312
42326,0.1844453
58336,0.96290976
26186,0.38606134
6809,0.24775574
40155,0.48197725
92879,0.6426429
6294,0.6675244
83112,0.031310312
52510,0.13021597
101332,0.120943554
123576,0.7556044
115134,0.23284929
10192,0.32880864
71797,0.27381667
112426,0.3062039
92701,0.2472191
29207,0.26797763
119100,0.2153792
77837,0.03130434
62974,0.45703426
82732,0.03130434
88891,0.031310312
64040,0.73297215
63748,0.7604396
98075,0.15945047
119905,0.3935724
8793,0.38783318
116649,0.4725851
72281,0.31514782
19091,0.28091493
6757,0.49879402
9178,0.84677356
2177,0.19335319
86519,0.03130434
30104,0.13061339
30610,0.9597026
37007,0.74414694
8297,0.19367898
51845,0.9137137
100258,0.3432442
7095,0.35356107
115880,0.84461474
33367,0.8743015
99596,0.35312548
48211,0.51783645
124291,0.86706424
114734,0.8827047
56417,0.55968934
60693,0.860123
31182,0.81498253
40812,0.9498314
110185,0.22039306
45865,0.96290976
17301,0.4357308
66703,0.2579757
72320,0.20838909
86293,0.031310312
84128,0.03130434
31586,0.4947152
69150,0.3741374
29575,0.39224413
21508,0.92217124
119714,0.8175809
59980,0.24092053
57730,0.73030883
94166,0.94619924
55627,0.23093534
75895,0.03130434
58781,0.32778472
54539,0.18419456
6578,0.08458195
124104,0.38929674
92981,0.94619924
3881,0.17255975
105019,0.31952056
31287,0.16762054
123177,0.85724896
117798,0.39781097
60484,0.7887926
15757,0.09733766
122513,0.37932622
103286,0.75801444
11832,0.09542217
72327,0.75047535
104243,0.20838909
1481,0.75444716
69037,0.26250902
49859,0.21750619
19671,0.803864
45794,0.90721285
91431,0.03130434
82835,0.03130434
43373,0.9166866
77460,0.03130434
102208,0.3166243
60201,0.27483895
83997,0.03130434
61618,0.16442306
34051,0.14164568
630,0.7776266
111344,0.17517772
87511,0.03130434
70803,0.23404719
64445,0.95502293
75411,0.03130434
39863,0.91252583
121537,0.8341663
123460,0.5051867
124640,0.8663952
120093,0.18211748
113420,0.73473614
12181,0.32068625
4221,0.8113396
40754,0.3843
124909,0.17212346
941,0.86426
41280,0.96290976
981,0.859899
4998,0.9357847
20180,0.82639706
109460,0.3253765
4210,0.3495698
102176,0.83117545
103608,0.18190712
21271,0.12972468
28868,0.8682459
96638,0.57491595
1466,0.2607378
33802,0.510684
20637,0.85325325
90718,0.03130434
21668,0.39983803
38819,0.96290976
118657,0.79671323
87103,0.03130434
9122,0.31435397
72807,0.35649446
97825,0.70328337
29870,0.11218758
26469,0.39224413
18563,0.4827976
101162,0.73426336
86748,0.03130434
36228,0.4598379
72148,0.46203277
123836,0.4924419
35226,0.93818367
119380,0.41300967
6824,0.28237507
22353,0.9241818
44839,0.4947152
48274,0.16762054
83949,0.03130434
65725,0.7303844
80828,0.03130434
54909,0.76531404
46649,0.95170534
94614,0.18701814
8976,0.32068625
2574,0.4774865
46550,0.8758363
103799,0.2856891
63577,0.91816753
100172,0.78982365
80547,0.03130434
23713,0.958845
26705,0.40446216
3407,0.25605378
28065,0.2519625
58224,0.96290976
39774,0.94673926
116286,0.37808993
51900,0.3074006
102724,0.27249783
5003,0.9357847
113254,0.28033805
110804,0.27568305
50663,0.16121374
58972,0.91424704
34967,0.80233794
47150,0.2766885
113452,0.2000533
10187,0.22246316
110529,0.17231268
99345,0.15945047
22596,0.11655196
41408,0.2206226
61330,0.4038758
123063,0.809771
16425,0.32351106
74739,0.21250242
51982,0.2967557
123654,0.7556044
46433,0.96290976
25650,0.09158824
58120,0.403944
68267,0.31227872
109122,0.31445822
14738,0.94499403
88926,0.03130434
33336,0.8330775
118155,0.20881379
13910,0.14268462
59056,0.9421789
119074,0.3295943
44881,0.9554212
10237,0.64010215
89158,0.03130434
29873,0.11218758
103592,0.25671712
95026,0.53033125
64753,0.41627684
41396,0.44709235
53333,0.7643319
60603,0.44359928
47220,0.1493025
110732,0.21445122
103097,0.24722563
31064,0.354258
24849,0.38419566
12457,0.21245174
87029,0.03130434
33139,0.40531373
99380,0.32487923
52699,0.16121374
46898,0.4947152
115300,0.38569424
114015,0.13818616
25521,0.9576863
3306,0.64010215
28251,0.46106076
93515,0.1710939
89045,0.03130434
107472,0.24119595
124440,0.8933574
13461,0.12200315
15895,0.4353464
97989,0.15409186
42016,0.94013
40236,0.91415143
13784,0.35271606
57817,0.81726116
124283,0.7344843
19810,0.6760995
71126,0.23404719
93533,0.22166151
102714,0.771602
19428,0.6776664
53552,0.3899322
100250,0.7896348
46102,0.88546973
101991,0.34835294
66545,0.2579757
29817,0.44686866
48721,0.92673963
109168,0.3364133
3856,0.41823187
8783,0.8855285
42838,0.16762054
15527,0.9512742
107198,0.94350517
62984,0.3740887
76086,0.03130434
92303,0.32861406
119588,0.32598767
100161,0.234656
31395,0.95170534
97753,0.706971
12848,0.43059716
31845,0.81498253
98567,0.23686752
51179,0.7225811
78336,0.03130434
69159,0.682255
116794,0.423877
6243,0.2607079
38425,0.18748035
45727,0.16762054
77760,0.03130434
78242,0.03130434
81035,0.03130434
50354,0.25198638
543,0.50020045
26405,0.49879402
96316,0.2292244
28667,0.31249204
52419,0.5197981
40128,0.2206226
107928,0.26369536
96307,0.36002693
69448,0.34835294
26649,0.4241288
109376,0.24158606
14267,0.09733766
48731,0.96290976
44507,0.8017669
119742,0.78203154
115462,0.3474458
46389,0.41921753
50742,0.16215724
21749,0.902265
43641,0.9314652
56622,0.44359928
67013,0.22686978
101832,0.2292244
14080,0.1647358
112447,0.25452465
1163,0.9499135
66989,0.31781897
67081,0.23638774
59040,0.9346028
84759,0.031310312
6456,0.08458195
111526,0.59948695
110966,0.081497826
67978,0.22123717
111417,0.14149433
82442,0.03130434
12666,0.2759735
46391,0.7565598
92491,0.30260983
123043,0.4951982
65844,0.8111491
115340,0.72736037
81001,0.03130434
45906,0.96290976
76322,0.03130434
111460,0.836134
115366,0.3624575
69225,0.28280175
19295,0.3198467
435,0.16277035
73505,0.2605548
3243,0.854816
14820,0.9512742
16088,0.23383927
3947,0.16455097
19158,0.78404725
99371,0.16044275
17096,0.76531404
35092,0.8290885
5243,0.90724975
58534,0.91424704
54357,0.7742245
79734,0.03130434
77677,0.03130434
62440,0.9039903
90095,0.03130434
47900,0.89675933
1866,0.9084978
8726,0.27641055
55354,0.90281117
9893,0.2169093
40282,0.85344326
57819,0.8453875
40302,0.96290976
18298,0.9225032
35688,0.49169213
87428,0.03130434
70661,0.387811
108429,0.23404719
71341,0.83369446
81912,0.03130434
90376,0.03130434
89508,0.03130434
44205,0.635079
95647,0.27667567
15131,0.12200315
76073,0.03130434
56888,0.949466
30482,0.96393096
90299,0.03130434
42920,0.8024413
6217,0.10769048
13368,0.15122528
54995,0.44709235
8455,0.76198405
76090,0.031310312
93944,0.74050134
101314,0.20814428
99467,0.13539925
49420,0.9338707
109091,0.12570642
15686,0.22677469
5887,0.13244395
103377,0.20811133
22662,0.3930116
59211,0.4598379
103113,0.20965731
123333,0.6230434
102356,0.2856891
62594,0.7328273
111459,0.309724
92260,0.21253584
45781,0.15186696
31168,0.31703597
93023,0.88695806
99538,0.26485965
56277,0.75597316
123297,0.4909261
75339,0.03130434
69077,0.6597877
56493,0.89675933
119442,0.17086148
95024,0.8086775
93686,0.4228897
46510,0.96290976
30734,0.9306392
64593,0.23845762
48425,0.96290976
19283,0.7807095
90232,0.031310312
4881,0.89070785
19647,0.86426
108932,0.5160381
47410,0.7724335
3952,0.16455097
68842,0.12832068
93873,0.18651922
62573,0.72663444
39219,0.57878006
91555,0.03130434
97218,0.73185754
105787,0.30260983
16428,0.20276134
120690,0.3474458
85399,0.03130434
65008,0.8862878
103997,0.29782614
47280,0.48197725
108102,0.18100202
66182,0.80101174
106125,0.81992453
113751,0.24102098
94707,0.20651188
33092,0.5006101
121854,0.7992722
73877,0.2605548
53325,0.76531404
75769,0.031310312
12330,0.5393285
62100,0.8743015
116442,0.3590929
53381,0.88138324
68395,0.27702808
110451,0.12062739
65309,0.9511684
36923,0.22763993
48632,0.81498253
10929,0.32068625
14668,0.81406146
29649,0.81498253
117152,0.28179565
90643,0.03130434
16697,0.40122524
46686,0.96290976
91636,0.03130434
40585,0.81923586
41776,0.1844453
105502,0.25581354
114197,0.18211748
83067,0.03130434
87600,0.03130434
37658,0.91637546
119964,0.42542177
50902,0.117867455
88051,0.03130434
112463,0.3375303
51228,0.1703985
9409,0.6874053
26590,0.5756367
45444,0.48197725
122236,0.2596718
37108,0.949466
81072,0.031310312
31534,0.5000759
111517,0.18046834
7170,0.12515134
48672,0.96290976
41145,0.96290976
32362,0.4947152
67631,0.36154202
19028,0.25422472
75467,0.03130434
71934,0.2030948
27179,0.27403393
123684,0.26729608
89587,0.03130434
62404,0.8198562
45589,0.43187666
102370,0.27249783
22829,0.7382961
7603,0.21343563
31490,0.95170534
7728,0.119666636
115225,0.7680932
117309,0.8653166
78164,0.031310312
93844,0.2292244
41757,0.43592718
42692,0.9554212
109434,0.27343264
88985,0.031310312
95479,0.43643963
47654,0.8878447
6278,0.12480803
59060,0.9346028
124250,0.8595455
8075,0.38191628
19839,0.46381745
119366,0.85179067
9924,0.2624285
107667,0.24119595
99117,0.7878666
8761,0.88620937
31579,0.87614733
23884,0.22377388
84330,0.031310312
85912,0.03130434
56551,0.48197725
61205,0.4815105
118156,0.38689736
92704,0.36002693
56985,0.49562588
63553,0.90787816
85102,0.03130434
117620,0.4254904
57300,0.23093534
122026,0.90827054
167,0.94499403
62326,0.9044326
65565,0.76448774
34607,0.9332348
95481,0.46002507
90259,0.031310312
12579,0.3092915
119867,0.22218464
77647,0.031310312
101580,0.2938009
46537,0.96290976
53010,0.8767474
49736,0.11238052
116243,0.24102098
89546,0.03130434
84698,0.031310312
66925,0.26162446
87485,0.03130434
72894,0.25581354
114993,0.29050997
50929,0.20156023
38244,0.9519672
39994,0.18748035
113997,0.16101477
76634,0.031310312
56655,0.9329873
74631,0.88695806
59015,0.9346028
43490,0.9137137
114656,0.25489962
75198,0.03130434
67928,0.23638774
39152,0.96080846
95058,0.61812675
60931,0.275889
46106,0.48121223
68960,0.15945047
3035,0.8219166
32201,0.96290976
7996,0.30994388
97752,0.6441023
6799,0.12480803
5226,0.8707488
78243,0.031310312
33401,0.5393285
31656,0.8759973
40330,0.96290976
65660,0.8830084
73911,0.25581354
53003,0.8527031
97646,0.18966047
61145,0.9421789
122657,0.60146266
62759,0.27021104
31813,0.96290976
48992,0.9515991
97091,0.30261797
54328,0.8057305
32111,0.8426271
87571,0.031310312
55451,0.9066649
8034,0.2276383
67936,0.37339127
107471,0.58570427
35116,0.95170534
92587,0.42394328
86443,0.03130434
101494,0.61715984
66754,0.31490391
115819,0.47533438
78072,0.031310312
101891,0.33427098
111617,0.22489004
21924,0.47651693
116312,0.3295943
59724,0.9332348
78122,0.03130434
87956,0.03130434
111141,0.1991615
806,0.830393
112767,0.21043155
75327,0.03130434
110949,0.14298418
1381,0.35789374
80452,0.031310312
76401,0.03130434
39026,0.9597026
107594,0.16044275
102689,0.3361596
25948,0.2022309
56426,0.8527178
77087,0.031310312
95733,0.20908481
20477,0.33500916
104114,0.22937126
110070,0.22039306
53098,0.8476641
48365,0.25997135
78040,0.03130434
120782,0.78203154
90787,0.031310312
95489,0.79389507
54576,0.81498253
37046,0.96290976
103256,0.29183823
88262,0.03130434
72369,0.38219392
87112,0.03130434
32146,0.87614733
120336,0.28480995
63847,0.34430227
101345,0.21800894
14168,0.45109743
6634,0.20276134
113766,0.87262654
56250,0.403944
106840,0.94194055
26442,0.48811638
89959,0.03130434
34097,0.16762054
71194,0.36002693
76682,0.031310312
25188,0.958845
93345,0.3127869
40219,0.93818367
37963,0.95170534
37705,0.2206226
115169,0.20881379
14067,0.14268462
23340,0.90499485
107289,0.3578396
76553,0.03130434
64391,0.90539
40902,0.9597026
76035,0.03130434
4148,0.77689314
20329,0.9028616
2527,0.8306315
71932,0.2030948
51191,0.85906166
83344,0.03130434
82761,0.03130434
94056,0.8335112
23697,0.958845
77371,0.03130434
90018,0.031310312
87598,0.031310312
20773,0.48542252
96895,0.7300188
33403,0.32797366
12998,0.25182775
48527,0.95170534
49270,0.30309048
36275,0.1844453
124514,0.8274938
104389,0.25549293
31693,0.49169213
111631,0.2593434
13633,0.64522773
10592,0.09542217
29744,0.96290976
74635,0.34835294
25966,0.27096766
21878,0.92217124
113518,0.5078938
6801,0.12480803
18439,0.21217284
105595,0.28280175
24406,0.23327021
26796,0.8578623
116505,0.46263853
15586,0.95837826
51277,0.20143037
119696,0.47621238
29353,0.21029693
94541,0.31362653
46159,0.9321722
58321,0.92534685
90592,0.03130434
7666,0.35434297
43892,0.94013
109209,0.14298418
25637,0.36758283
121207,0.13818616
26842,0.8645241
65053,0.5276604
11854,0.105922274
40753,0.48121223
17911,0.38873264
64784,0.26253343
24852,0.28091493
52659,0.16121374
55502,0.9137137
9021,0.105922274
81232,0.03130434
14952,0.73524386
42917,0.48197725
86983,0.03130434
55444,0.9085635
83533,0.031310312
111552,0.2334132
30030,0.7628406
122531,0.38575238
108787,0.351882
51010,0.13709156
123760,0.47321197
29539,0.860123
112797,0.31718054
44,0.37903422
112392,0.2539019
24236,0.94246227
8447,0.67914283
104851,0.34835294
61087,0.91816753
1569,0.32494247
76680,0.03130434
92302,0.20034361
46516,0.96290976
108710,0.099587396
115516,0.35218766
60421,0.4947152
43914,0.9208311
51390,0.80957866
70112,0.31218278
117083,0.43184218
118913,0.2165065
26002,0.12916906
25296,0.9098462
114034,0.7302654
34331,0.860123
19750,0.37943122
121851,0.2656955
76837,0.03130434
61276,0.81498253
82705,0.03130434
21847,0.8712553
107543,0.68822205
95014,0.8257571
10945,0.23383927
6262,0.32891375
112561,0.23330303
76177,0.03130434
44872,0.96290976
108603,0.3368711
22560,0.11655196
123123,0.8821898
98128,0.31218278
61535,0.24092053
81676,0.03130434
44067,0.71755487
72893,0.32487923
1472,0.32012084
66676,0.3164938
24770,0.4191718
39062,0.9597026
87169,0.03130434
108774,0.2024403
59537,0.9116335
123372,0.57219607
49096,0.48197725
6700,0.4765506
114215,0.18211748
44806,0.74414694
65661,0.8840229
122962,0.48440063
72459,0.25549293
49927,0.30572063
39354,0.94673926
73654,0.25581354
79175,0.031310312
101850,0.2292244
76266,0.03130434
61905,0.27021104
111114,0.19465026
10372,0.7765706
108408,0.77809983
50068,0.12201437
70136,0.27249783
50904,0.117867455
23311,0.90499485
10029,0.64522773
69304,0.3307425
29771,0.41096857
88951,0.03130434
72845,0.363486
109101,0.3790699
28988,0.39839596
101596,0.27381667
39234,0.947865
41907,0.47924474
86915,0.03130434
83174,0.03130434
63826,0.23845762
43656,0.5050983
47062,0.1844453
74519,0.21250242
30785,0.96290976
46178,0.96290976
98062,0.12832068
109651,0.10609739
103517,0.75047535
117977,0.3375303
78686,0.03130434
121251,0.1985602
56260,0.62751484
39072,0.96080846
97543,0.32861802
33550,0.16762054
22603,0.11655196
56596,0.2483777
56295,0.84872174
110817,0.11693063
72661,0.21250242
49702,0.4947152
115928,0.26141655
56537,0.8696135
98701,0.32487923
36273,0.5041699
42132,0.94696
64122,0.70376647
78587,0.03130434
45658,0.18748035
114671,0.22740982
22413,0.9241818
83253,0.03130434
7165,0.46132103
48090,0.21124457
12836,0.418144
93358,0.19860084
59520,0.9177364
13288,0.75567025
23341,0.8930994
6253,0.5094485
110281,0.19691217
1208,0.9499135
86830,0.03130434
19510,0.9106116
107760,0.25581354
68103,0.36080673
95798,0.26250902
50602,0.14148232
39768,0.81498253
95641,0.5308227
100998,0.7725063
69461,0.8216406
94974,0.7953498
69555,0.2340783
8340,0.34766987
95031,0.5680736
21258,0.12972468
116402,0.72141016
60049,0.23845762
100729,0.21253584
12338,0.2169093
76169,0.03130434
30622,0.9624873
35450,0.88101935
92450,0.30416518
63449,0.49716303
124581,0.87370193
70993,0.4359233
110408,0.45792574
65932,0.27702808
12011,0.10639612
10097,0.64978623
48262,0.3487261
33235,0.16762054
44384,0.9624873
70974,0.16086607
82260,0.03130434
97335,0.7416663
25897,0.21398759
31004,0.9277622
32372,0.85344326
9176,0.8320998
43264,0.9116335
67605,0.26913664
62567,0.860123
8655,0.63186145
74448,0.27381667
124874,0.935317
115135,0.24102098
2993,0.707678
122366,0.31990606
104482,0.25549293
35042,0.45593145
90393,0.03130434
51592,0.1703985
122223,0.2596718
99557,0.31952056
80995,0.031310312
23153,0.24256797
69646,0.8740363
98976,0.30073398
92523,0.6929978
93642,0.34644756
8633,0.26788342
14751,0.95837826
121138,0.25602314
100231,0.45797345
44778,0.18748035
95723,0.22166151
90243,0.031310312
91677,0.03130434
87171,0.03130434
95474,0.5726423
36290,0.51783645
45299,0.9306392
22601,0.11655196
51999,0.3604436
33715,0.47749636
38459,0.88546973
105604,0.30340338
97717,0.77624804
105854,0.26576674
26595,0.74934506
42541,0.96290976
89787,0.031310312
24060,0.11655196
43604,0.92753696
11061,0.22619922
69551,0.2340783
48854,0.91637546
58110,0.9207184
77689,0.031310312
40897,0.9009436
66400,0.22123717
82787,0.03130434
101795,0.32487923
23651,0.9452901
62104,0.83955395
44517,0.8665855
35458,0.48197725
56904,0.96290976
16015,0.24743919
116150,0.31809312
114058,0.3590929
74645,0.29196018
6473,0.10639612
48361,0.81498253
76607,0.03130434
828,0.9499135
54466,0.3899322
58364,0.40848854
122115,0.26685876
51851,0.9137137
103376,0.20811133
43685,0.92534685
78213,0.03130434
29428,0.23127681
97712,0.31278303
32148,0.9544391
121878,0.49217996
34259,0.14164568
95979,0.25877556
62865,0.25578496
7431,0.21398759
64221,0.5675942
496,0.49891397
111647,0.27677587
7036,0.6931264
50036,0.15446714
65563,0.68764704
37175,0.88596135
36612,0.96290976
112879,0.29050997
43657,0.8532851
32222,0.2206226
809,0.9009365
66185,0.40762988
30596,0.9597026
990,0.88612276
41964,0.949466
37742,0.96290976
39422,0.94673926
123330,0.5079429
42049,0.9519672
62253,0.76531404
50409,0.20131414
122662,0.5079429
12284,0.29850736
40463,0.81498253
104166,0.23404719
99150,0.34644756
11532,0.119666636
6420,0.35430196
93491,0.18651922
2856,0.22477908
84105,0.03130434
47029,0.1844453
124124,0.8691994
73647,0.25581354
111989,0.3262489
124810,0.4542818
118699,0.24102098
15984,0.2995889
12798,0.49879402
60364,0.49716303
93815,0.80780005
109593,0.17348406
96398,0.23678663
84660,0.031310312
83771,0.03130434
67432,0.31477666
5019,0.9357847
99110,0.6835472
21437,0.9098462
82611,0.03130434
125147,0.4542818
27132,0.46860376
45674,0.9306392
80125,0.03130434
116019,0.38152656
10386,0.2568971
70580,0.31952056
78326,0.03130434
12610,0.69140166
85851,0.03130434
9755,0.23383927
1545,0.19386604
18897,0.10156157
39028,0.9597026
97514,0.866293
55730,0.34147573
61971,0.89217144
73573,0.3085391
78791,0.03130434
40352,0.96290976
90758,0.03130434
84000,0.031310312
42841,0.1493025
99711,0.6870869
90054,0.03130434
28803,0.7848993
91969,0.13314341
14866,0.3343386
62423,0.91424704
4680,0.868481
122128,0.27461573
65799,0.368795
237,0.12423414
67097,0.21166408
37938,0.4947152
10569,0.12480803
50552,0.20143037
50143,0.1334903
49471,0.48511624
78762,0.03130434
8278,0.34283045
99485,0.62629354
45951,0.96393096
107510,0.21250242
28158,0.34147704
80310,0.03130434
124409,0.5250995
68402,0.23638774
94845,0.2610686
69169,0.2605548
72989,0.869496
18230,0.9357847
42517,0.96290976
30369,0.9624873
88329,0.03130434
73060,0.8970733
76835,0.03130434
112112,0.24102098
54420,0.429679
97354,0.8487098
111230,0.16396332
39603,0.96290976
123744,0.89587444
72870,0.25581354
112892,0.3474458
88454,0.03130434
33456,0.88546973
99075,0.31952056
17476,0.9499135
43996,0.94013
20733,0.23323919
48655,0.9554212
33892,0.16110021
57778,0.75444716
107262,0.94350517
23582,0.9576863
41454,0.93818367
90784,0.031310312
90217,0.03130434
76991,0.03130434
49488,0.26005176
40509,0.9537863
18922,0.10156157
57045,0.96290976
21490,0.90676683
61709,0.9257487
23461,0.44750068
57318,0.48442245
54082,0.34099716
69135,0.24119595
100667,0.34644756
110970,0.14934593
23347,0.35717002
14900,0.14268462
53126,0.8664309
40868,0.947865
108078,0.3578396
109738,0.14298418
55155,0.46816513
50342,0.1182094
58001,0.9035957
41812,0.1844453
76954,0.03130434
43018,0.7779481
67768,0.38089234
89142,0.03130434
85819,0.03130434
120835,0.8826961
39760,0.47928363
116216,0.88138765
108514,0.70180833
115960,0.8375333
46717,0.96393096
29885,0.11218758
81857,0.031310312
60948,0.48197725
2889,0.6883518
54474,0.18419456
52030,0.1703985
117361,0.22218464
53290,0.62940556
90777,0.031310312
45786,0.33663332
116673,0.36617872
122735,0.6774783
14405,0.94499403
32189,0.96290976
24736,0.3855565
123434,0.8568455
30824,0.895751
85340,0.03130434
58645,0.95226294
122952,0.8608373
60724,0.42640293
65255,0.16719617
101673,0.36661562
68572,0.79072076
13650,0.34577915
73617,0.24119595
78267,0.03130434
89355,0.03130434
105577,0.2030948
4808,0.5604483
63313,0.8970733
33919,0.90721285
12784,0.34736302
96583,0.33394322
1188,0.859899
80371,0.03130434
16987,0.89534163
42379,0.48121223
106450,0.2030948
81577,0.03130434
117711,0.78203154
59337,0.44359928
78302,0.03130434
43429,0.9066649
31479,0.81498253
85758,0.03130434
17354,0.41002432
34655,0.95226294
88240,0.03130434
1500,0.35789374
104405,0.32248288
39110,0.96080846
47674,0.96290976
18581,0.42101687
83233,0.03130434
123106,0.4828792
27410,0.67568135
111350,0.17517772
50169,0.3806171
74532,0.16044275
25399,0.9576863
115297,0.22137876
1028,0.9499135
96026,0.20034361
99084,0.54755634
123938,0.9061947
34045,0.14164568
75918,0.03130434
124134,0.82445616
14044,0.8769885
2266,0.7877222
91362,0.03130434
7851,0.3495698
51499,0.082477085
109525,0.19492142
121549,0.90084034
409,0.3895639
118649,0.7260815
20414,0.896183
99727,0.58570427
113109,0.25452465
22883,0.8346405
13250,0.7478276
116655,0.42657208
14722,0.9491987
110947,0.12062739
43765,0.16762054
22726,0.37943122
101024,0.15945047
106922,0.8462364
29922,0.11218758
8643,0.6127858
81356,0.03130434
78318,0.03130434
2479,0.25605378
110159,0.22316477
35030,0.96290976
109831,0.20298733
77069,0.03130434
95257,0.20908481
75402,0.031310312
60220,0.9079074
93974,0.2216915
105688,0.38219392
118077,0.49342546
88897,0.03130434
90275,0.031310312
114042,0.13818616
77333,0.03130434
22620,0.21500042
54729,0.40929744
49423,0.3074006
111952,0.40347153
122003,0.90827054
67595,0.60625017
85983,0.03130434
62566,0.39703065
118545,0.23330303
115230,0.8492428
3886,0.14664437
104619,0.706971
39147,0.96080846
16885,0.38873264
85210,0.031310312
69862,0.8355008
66629,0.1252729
86526,0.031310312
22453,0.9241818
65992,0.5393285
117698,0.3814726
76941,0.03130434
78699,0.03130434
94884,0.22524025
64479,0.95170534
15194,0.14268462
110489,0.20276691
68767,0.12832068
82410,0.03130434
84058,0.03130434
54020,0.65169096
68873,0.1426088
117485,0.64668465
85564,0.03130434
46089,0.8661465
57581,0.8970733
83550,0.031310312
26952,0.65653753
77744,0.031310312
23145,0.5591444
92503,0.12832068
56602,0.7929977
25883,0.38287258
80641,0.03130434
29684,0.44748455
25224,0.88717335
60558,0.91759527
32918,0.56222177
43620,0.8905416
114434,0.8705381
32386,0.95170534
86576,0.03130434
70946,0.9478172
107090,0.94194055
14203,0.91089123
96339,0.26485965
52380,0.37144873
31697,0.4947152
107214,0.94350517
92643,0.26485965
92592,0.12385409
8430,0.36952066
46054,0.3953781
98233,0.13700894
112029,0.45457506
31138,0.3287524
103905,0.22607188
88363,0.03130434
18282,0.9357847
75980,0.03130434
99393,0.16044275
38836,0.44359928
96163,0.3578396
123985,0.8608373
2548,0.21466565
17178,0.5675942
2887,0.19332613
119596,0.7057888
35526,0.8780172
2810,0.20095006
88078,0.03130434
51039,0.27067053
80939,0.03130434
94341,0.24264088
95294,0.24233142
65031,0.29589397
121223,0.3999559
123544,0.85114384
104155,0.19096552
30995,0.45304027
53215,0.91052693
76739,0.03130434
93890,0.19807854
96130,0.38219392
66866,0.27702808
31011,0.9519672
59459,0.4947152
28620,0.2523098
107735,0.2605548
16101,0.4486462
119677,0.7701982
2437,0.30491543
72318,0.20838909
117442,0.22218464
2722,0.09542217
85961,0.03130434
4937,0.9450165
40597,0.86936563
17552,0.3509344
3788,0.20147799
35890,0.91252583
43915,0.95170534
46765,0.65159017
123701,0.2026349
4927,0.929892
7178,0.08458195
13042,0.89800274
75768,0.03130434
63731,0.50940806
1588,0.860123
60407,0.45621622
78082,0.031310312
59461,0.9314652
114212,0.18211748
93272,0.24264088
10360,0.105922274
980,0.36780113
120476,0.26917762
45471,0.91252583
100643,0.21253584
112073,0.63937014
49950,0.18961065
75068,0.03130434
27213,0.26797763
24894,0.11655196
52552,0.17414215
95915,0.30053273
77994,0.03130434
100365,0.27648854
33854,0.18748035
35455,0.96290976
76005,0.03130434
86380,0.031310312
39662,0.8426271
44458,0.96393096
93057,0.9368869
123881,0.24555467
38582,0.51783645
122623,0.87222797
58404,0.52028084
101680,0.20034361
88832,0.03130434
120528,0.46820217
25040,0.46381745
55256,0.62940556
114748,0.41872928
117805,0.29050997
74529,0.7523679
11935,0.12480803
81162,0.03130434
33279,0.1844453
53347,0.8631297
23685,0.9576863
46703,0.96290976
53729,0.73893493
30280,0.59230435
36547,0.2206226
71739,0.32487923
98079,0.20283122
108786,0.3524804
59565,0.9353183
9476,0.27895018
63547,0.8675313
30224,0.91252583
2040,0.8219166
54404,0.86010957
17543,0.35772887
30808,0.96393096
56559,0.860123
80447,0.03130434
69209,0.2030948
19436,0.7916554
77749,0.03130434
6400,0.32068625
41477,0.96290976
95873,0.13772346
50760,0.88868886
105697,0.2605548
57088,0.5050983
69394,0.19884904
26133,0.8799946
113155,0.35877663
86727,0.03130434
82852,0.03130434
122983,0.5107757
53777,0.6931902
26360,0.21124457
83930,0.03130434
10215,0.20453136
65576,0.4322924
55697,0.3688964
10923,0.389651
56204,0.14909081
66654,0.14096504
30095,0.13061339
7411,0.24743919
66164,0.38423184
17383,0.12714666
29232,0.7779481
107945,0.18962973
84211,0.03130434
80896,0.03130434
72718,0.34835294
26272,0.534683
122263,0.42511675
44151,0.88546973
120973,0.86706424
7258,0.69154745
106626,0.20838909
78493,0.031310312
80365,0.03130434
10513,0.2652183
21619,0.9233534
86552,0.03130434
52177,0.21750619
52423,0.89217144
115151,0.72931963
115545,0.75650936
66519,0.2938009
41629,0.2206226
47948,0.9396809
109989,0.18441868
115916,0.68417364
43440,0.9166866
26871,0.8928819
86459,0.03130434
57083,0.96290976
84892,0.031310312
82649,0.03130434
116554,0.43091348
4757,0.77689314
58285,0.93644804
52123,0.43651453
43024,0.9079074
25178,0.958845
64386,0.82743657
115637,0.47975686
67092,0.58570427
57565,0.8219314
43492,0.9137137
81675,0.03130434
45894,0.93194836
121008,0.746742
95463,0.4784067
29375,0.6597
6692,0.82867676
97340,0.80220616
26059,0.45593145
19109,0.49962857
60682,0.91880554
89831,0.031310312
123944,0.88016915
111477,0.40271345
6409,0.8113396
52701,0.17772704
28102,0.45950174
886,0.9499135
59708,0.91424704
23568,0.9576863
50388,0.17939699
47966,0.22116286
64249,0.8893555
19112,0.7779481
86046,0.03130434
30416,0.96393096
1644,0.3142129
122950,0.77777565
27264,0.30309048
112158,0.78203154
32378,0.91252583
27505,0.37672767
123138,0.8909607
78187,0.031310312
35456,0.93511593
79520,0.03130434
28737,0.45593145
106713,0.53545773
70567,0.40735775
55760,0.82158434
117074,0.23330303
88412,0.03130434
88282,0.03130434
5724,0.12480803
4063,0.8113396
81768,0.03130434
39070,0.9597026
60825,0.860123
110671,0.15946206
54836,0.30253136
59668,0.8024413
116374,0.73573834
45057,0.9387373
88392,0.03130434
12974,0.2765214
37642,0.95170534
57214,0.8527178
67246,0.37142697
25551,0.33103272
14101,0.38026646
66590,0.17561463
25841,0.29778773
9946,0.0888955
35015,0.96290976
24907,0.11655196
64510,0.95625126
2745,0.09542217
1526,0.9084978
119482,0.28179565
29118,0.90281117
82352,0.031310312
40239,0.95170534
64493,0.95502293
123445,0.45834258
41085,0.14164568
72624,0.28944543
115157,0.89231473
56258,0.37339664
94586,0.2071535
11220,0.85150987
26576,0.22508654
80035,0.03130434
59108,0.8297413
59013,0.9421789
108502,0.24119595
46693,0.96290976
67028,0.34935352
12595,0.23273456
89894,0.031310312
61624,0.16442306
44880,0.96290976
25998,0.20283122
102703,0.16044275
92053,0.13314341
28429,0.22763993
58089,0.73297215
10612,0.31180507
111581,0.27775675
69794,0.76678014
4125,0.370656
70086,0.2030948
44489,0.25997135
10581,0.09542217
106276,0.94194055
15924,0.40080163
83926,0.03130434
16077,0.23830368
78875,0.031310312
119294,0.31488678
107439,0.12832068
102584,0.1426088
4246,0.73627204
63600,0.8179381
16686,0.30983835
48903,0.91637546
63968,0.25578496
107499,0.21250242
32365,0.81498253
119286,0.23330303
99497,0.16044275
16347,0.3219785
40422,0.75575626
51810,0.89675933
67585,0.26162446
94413,0.34690365
30219,0.81498253
118763,0.7010585
97613,0.2472191
105243,0.6115728
87099,0.03130434
28243,0.2813202
16152,0.8942949
8489,0.19244489
115885,0.8019048
99751,0.26250902
69860,0.33079484
63477,0.32778472
36339,0.9306392
12827,0.24712557
75002,0.03130434
22231,0.8465825
13546,0.33189258
6224,0.2607079
83365,0.03130434
57516,0.47253406
109819,0.15946206
116789,0.3949461
83082,0.03130434
15453,0.9499135
55490,0.75537235
69224,0.36106455
19279,0.84430367
105261,0.23944032
26098,0.8723369
25541,0.8009575
35240,0.96290976
62380,0.9421789
80689,0.03130434
108995,0.22638683
74717,0.3166243
37833,0.4947152
30786,0.96290976
59501,0.49716303
73811,0.706971
101159,0.37133685
37312,0.8426271
112875,0.20881379
44449,0.96393096
59615,0.95226294
111849,0.25452465
79249,0.03130434
109788,0.11108917
15405,0.7948695
90029,0.03130434
92392,0.20034361
30563,0.90952253
125152,0.78203154
6537,0.105922274
35158,0.90040463
3758,0.30491543
117113,0.3474458
106499,0.3361596
54606,0.37787455
55154,0.32905048
88709,0.03130434
79332,0.03130434
842,0.9499135
99116,0.69402
9786,0.39931804
3964,0.47747374
89966,0.03130434
124460,0.9061947
14895,0.14268462
90893,0.03130434
24371,0.41867527
121034,0.21043155
110592,0.15120897
53841,0.2071535
56818,0.20716664
124612,0.70096517
50879,0.1703985
93313,0.45237526
101871,0.35111615
94084,0.84197146
14469,0.9499135
92366,0.21253584
77989,0.03130434
112202,0.5078938
36417,0.81498253
83297,0.03130434
110839,0.12476426
64184,0.2483777
34249,0.96290976
91655,0.03130434
18473,0.21217284
93353,0.77721643
29106,0.799897
123079,0.8704253
14573,0.89514405
67945,0.35960427
120102,0.18211748
56535,0.8527178
13700,0.36782712
32240,0.2206226
40837,0.8306519
5843,0.08458195
86590,0.03130434
54618,0.88095886
68653,0.3368711
96589,0.34835294
12813,0.418144
37254,0.96393096
65483,0.26648578
4858,0.83556
60376,0.48197725
25113,0.9297321
21936,0.2468477
98832,0.17848307
3173,0.20522918
61168,0.9346028
37961,0.96290976
14448,0.9353937
61503,0.9329873
18352,0.10156157
60131,0.9204851
71432,0.2030948
67801,0.27702808
39427,0.4598379
124305,0.8872879
93973,0.20173608
39411,0.81498253
111423,0.14149433
93325,0.17848307
25328,0.8743015
29401,0.1916682
37341,0.96290976
35577,0.92534685
39094,0.96080846
35400,0.68368834
23538,0.9576863
45755,0.4590769
38025,0.96393096
32937,0.15186696
76601,0.03130434
106945,0.84178996
41962,0.90721285
12266,0.5604483
23352,0.860123
72885,0.68822205
32038,0.8648645
78130,0.03130434
40815,0.9597026
20816,0.22377388
29488,0.62888277
96101,0.2472191
62916,0.32778472
80726,0.031310312
3854,0.23047455
52362,0.9137137
39002,0.7154325
61177,0.9421789
50297,0.41282943
107737,0.2605548
24930,0.47651693
74085,0.30261797
39556,0.96290976
87052,0.03130434
76989,0.03130434
109693,0.17629611
43295,0.90401465
27511,0.29249275
36691,0.96290976
15961,0.3701738
4248,0.85073787
106431,0.2030948
118005,0.25452465
31195,0.96290976
95579,0.38219392
77900,0.03130434
63045,0.48197725
104026,0.23404719
89545,0.03130434
8309,0.27886045
47770,0.43452618
85910,0.03130434
11114,0.08458195
9064,0.29461756
49832,0.27609304
105663,0.23339364
82722,0.03130434
39800,0.94673926
89531,0.03130434
55416,0.7035453
13248,0.22616883
62289,0.8728122
74044,0.2605548
14219,0.91023386
114914,0.4460438
113910,0.21043155
60535,0.8946617
71912,0.51417804
55783,0.88868886
53598,0.3862684
88056,0.03130434
6126,0.33883044
97649,0.17848307
30641,0.9226735
42759,0.91124403
15876,0.88425815
74678,0.29183823
116359,0.39362705
30439,0.96393096
27347,0.31249204
39995,0.8506109
107560,0.94194055
69867,0.77706486
77645,0.03130434
40667,0.9498314
113723,0.26141655
9881,0.6697563
71383,0.3952521
52528,0.24994819
100955,0.34106898
106084,0.38219392
80669,0.03130434
63229,0.9230428
108706,0.099587396
102848,0.21253584
67423,0.36154202
20927,0.76588887
47984,0.96290976
3969,0.31980267
54456,0.23093534
98595,0.21253584
47370,0.96290976
53276,0.24442023
54308,0.71784234
48971,0.94221777
27390,0.25362933
27145,0.7779481
13060,0.9499135
92578,0.12832068
111807,0.4222443
44802,0.4947152
106177,0.36144003
20672,0.42653945
108681,0.13314341
81065,0.031310312
28703,0.40356418
95861,0.6298298
52042,0.35031688
24968,0.30983835
38157,0.76790994
86057,0.03130434
51291,0.20131414
70078,0.2030948
51963,0.48197725
103711,0.2605548
96483,0.72372323
38883,0.90219945
13396,0.7346959
187,0.859899
107285,0.20838909
18362,0.10156157
122830,0.87370193
20242,0.53713584
7573,0.5604483
61029,0.27021104
15695,0.22246316
80134,0.031310312
13880,0.73524386
12931,0.36106455
4391,0.83432525
100719,0.2472191
100721,0.37023035
76741,0.03130434
53144,0.8664309
75822,0.03130434
50469,0.31836024
47459,0.21830754
109874,0.11685992
27086,0.45593145
59049,0.9346028
89532,0.03130434
111563,0.27465189
9790,0.21099804
36001,0.80233794
104269,0.75241077
20955,0.91775715
68049,0.31490391
108038,0.31866714
79129,0.03130434
93221,0.6115728
15306,0.2520778
10560,0.12480803
85993,0.03130434
21054,0.76588887
15497,0.9499135
76551,0.03130434
83641,0.03130434
40693,0.88546973
21096,0.39634213
123034,0.64878917
75385,0.031310312
1709,0.20522918
93798,0.23376569
59311,0.86327064
55821,0.32905048
109310,0.13199246
27088,0.25997135
52349,0.789418
116645,0.38152656
34383,0.39703065
8244,0.23383927
12201,0.6820612
9198,0.8095151
22235,0.36892617
84648,0.03130434
58058,0.87728703
114242,0.3474458
68130,0.35434297
10530,0.12480803
91180,0.03130434
102134,0.7066244
38349,0.81498253
31843,0.48197725
34479,0.9115184
23418,0.29859424
30158,0.13061339
14807,0.9512742
90456,0.03130434
50768,0.8535543
117454,0.22218464
76423,0.03130434
3099,0.25240797
104126,0.25581354
34133,0.17294705
27258,0.40446216
81243,0.03130434
95572,0.2216915
25610,0.09158824
1896,0.35789374
5920,0.7765706
94774,0.19538094
113541,0.24798173
114065,0.36541787
14023,0.6228495
3103,0.17209123
63863,0.49716303
107164,0.94194055
63027,0.7401537
74151,0.2030948
106320,0.9162127
23492,0.46381745
42165,0.81498253
49677,0.21415034
70087,0.2030948
5601,0.9499135
89933,0.03130434
45904,0.93194836
16542,0.24037102
19711,0.76531404
91509,0.03130434
80599,0.03130434
15223,0.8999914
91031,0.03130434
29875,0.11218758
3233,0.5756367
29739,0.7170653
17653,0.76531404
18820,0.40416133
109878,0.11685992
15088,0.12233983
1421,0.20522918
90272,0.031310312
99048,0.27381667
102819,0.51546246
47785,0.9544391
93512,0.2975923
36294,0.88546973
94526,0.5935297
52256,0.20143037
80245,0.031310312
97775,0.20034361
7254,0.54082865
56782,0.76531404
57913,0.84872174
99890,0.20034361
101346,0.31362653
115588,0.28179565
61448,0.8796976
13351,0.34577915
101959,0.20034361
88890,0.03130434
88204,0.03130434
11834,0.10769048
101061,0.37312752
16231,0.8371302
9576,0.47332022
11260,0.19367898
66597,0.17561463
73405,0.20838909
101211,0.65980566
17673,0.3301624
72219,0.29749116
65811,0.4355171
101187,0.7936544
27550,0.2729817
13615,0.64522773
116620,0.2570407
37181,0.96290976
48669,0.96290976
101846,0.706971
85420,0.03130434
27187,0.6714174
121540,0.42694137
93775,0.77424264
39877,0.96290976
54793,0.2483777
106332,0.94194055
29852,0.11218758
3074,0.21235535
56127,0.9332532
50422,0.21599592
71888,0.44963035
110721,0.09318181
64518,0.4966637
61701,0.67235684
102138,0.34549025
7340,0.22246316
82873,0.03130434
66572,0.38116187
89243,0.03130434
28962,0.38691664
54103,0.48197725
50973,0.18961065
71098,0.30260983
13725,0.14268462
48360,0.5350268
70312,0.16983578
55405,0.62751484
82504,0.031310312
9162,0.2956658
121928,0.28046992
11037,0.08458195
103102,0.20034361
112090,0.3062433
53374,0.48197725
124628,0.8663952
59917,0.44716567
42550,0.6210203
95608,0.701712
4727,0.8478492
52360,0.9137137
120487,0.46263853
18225,0.9450165
49999,0.75444716
111789,0.29346073
954,0.89425576
108981,0.154441
4325,0.9084978
22806,0.2468477
47535,0.96290976
25619,0.15212852
29324,0.3983431
69871,0.84338635
75654,0.031310312
103615,0.21250242
100659,0.21253584
70632,0.31490803
98574,0.17975773
10956,0.32891375
33875,0.18900445
53436,0.8631297
73381,0.34644756
59821,0.7929977
102970,0.12988631
84193,0.03130434
122108,0.2331947
105297,0.4665294
119621,0.2000533
98244,0.6929978
82580,0.031310312
82445,0.03130434
50363,0.4137166
60051,0.58840704
105109,0.20982282
52945,0.4509101
20189,0.23696943
9665,0.6595186
62235,0.60609657
33112,0.81498253
22282,0.89096457
56405,0.949466
23679,0.94499403
45847,0.93503016
65615,0.5075459
56511,0.8946617
75667,0.03130434
70402,0.18962973
45848,0.9537863
91420,0.03130434
110568,0.21357353
53828,0.24442023
51947,0.9314652
41607,0.2206226
99272,0.20034361
95288,0.24233142
34241,0.9341328
53688,0.32722947
20908,0.86173636
79141,0.031310312
44306,0.8777697
37363,0.8648645
82309,0.03130434
121147,0.5803781
46012,0.20220676
16911,0.23696943
42718,0.71547365
72225,0.4784067
68204,0.34060726
41213,0.96351963
7702,0.13244395
71548,0.25581354
8479,0.35430196
6818,0.7359107
5606,0.78174305
54556,0.14071237
98972,0.21253584
104023,0.5538747
105117,0.20838909
38787,0.7668955
11091,0.1854243
112852,0.36117372
28045,0.36550426
61377,0.48442245
98169,0.82885486
106643,0.23777822
4777,0.17482892
17706,0.37925318
21993,0.11655196
53919,0.34230834
100214,0.7936544
74249,0.38219392
28587,0.8093808
114335,0.13818616
41229,0.96351963
47466,0.8017669
99686,0.32449678
94261,0.9476553
30344,0.96290976
80722,0.03130434
4226,0.8597697
46246,0.8648645
86047,0.031310312
77875,0.03130434
113412,0.37988272
22607,0.11655196
17813,0.40091348
62282,0.88868886
79200,0.03130434
46171,0.96290976
95277,0.27381667
42615,0.3910059
31689,0.9191643
13055,0.9009365
32074,0.94673926
5600,0.94499403
111084,0.17912889
12941,0.19367898
104681,0.25581354
15811,0.14268462
4433,0.7715463
105761,0.23777822
107975,0.23404719
102613,0.31514782
12871,0.32012084
84206,0.03130434
105560,0.6316427
33712,0.5582415
105412,0.66962254
72713,0.7345984
64725,0.5107936
13766,0.09733766
87432,0.031310312
17722,0.14259237
83282,0.03130434
50513,0.75444716
28315,0.26031482
122104,0.4468891
118235,0.24102098
47138,0.87614733
39306,0.6044978
124451,0.8663952
83563,0.03130434
85541,0.03130434
43779,0.23916388
95512,0.20814428
115796,0.44706085
95772,0.2811662
71911,0.7237689
125159,0.80458057
113225,0.6672691
21740,0.86173636
103432,0.25549293
67732,0.34357917
45982,0.36921132
57684,0.8426271
106178,0.2605548
60258,0.4198263
15155,0.87932384
51097,0.19335423
95604,0.75047535
97584,0.24264088
17700,0.36732697
17088,0.5259417
109597,0.2226675
5875,0.10639612
66019,0.22686978
29287,0.35137928
16278,0.3250227
79889,0.03130434
7364,0.2520778
72403,0.32487923
124703,0.2656955
77296,0.03130434
7896,0.21343563
62813,0.8743015
72996,0.8740363
14638,0.9499135
52386,0.64257
79687,0.03130434
91000,0.03130434
89753,0.031310312
8120,0.5393285
56280,0.66648424
78366,0.03130434
60230,0.403944
23255,0.88334817
99893,0.29196018
89138,0.03130434
83461,0.031310312
104091,0.2340783
121761,0.5223572
108943,0.17035948
16363,0.19099386
97405,0.8611158
24056,0.11655196
99967,0.24233142
88357,0.03130434
60492,0.8665921
96754,0.9478172
119523,0.6390387
54763,0.23093534
56925,0.96290976
7712,0.13244395
109124,0.23246667
62835,0.7382961
50496,0.5943114
36544,0.8650306
39578,0.9271307
70740,0.31952056
109615,0.21854426
116403,0.78147095
117462,0.3573774
76331,0.03130434
61801,0.2825769
72640,0.4099899
94218,0.94619924
81323,0.03130434
85768,0.03130434
59818,0.58840704
110830,0.12476426
64732,0.29790917
60927,0.275889
117675,0.19908343
124165,0.8758399
23940,0.790695
86953,0.03130434
75649,0.031310312
84725,0.03130434
32766,0.5239165
60978,0.7779481
27557,0.30385605
11311,0.418144
79620,0.03130434
61787,0.2825769
49973,0.45621622
56205,0.14909081
51693,0.18961065
80831,0.03130434
55248,0.3899322
35912,0.48197725
97451,0.81153715
47591,0.44359928
47878,0.45593145
106549,0.2030948
21866,0.92217124
90881,0.03130434
54765,0.6753542
87258,0.03130434
58497,0.84597987
86363,0.031310312
72028,0.37023035
16449,0.29607117
84987,0.03130434
72896,0.706971
52084,0.9116335
44035,0.3846092
114995,0.67284214
26573,0.7779481
16523,0.5458555
95738,0.60625017
80725,0.03130434
97902,0.12832068
120793,0.86706424
55528,0.85477734
96331,0.31952056
88024,0.03130434
79411,0.03130434
56675,0.9519672
47188,0.9001311
23330,0.8746652
96664,0.68822205
63671,0.47355932
18554,0.19350864
67001,0.36080673
64136,0.70376647
43612,0.9314652
112638,0.36131734
61497,0.81498253
41313,0.81498253
35617,0.96290976
78215,0.031310312
10288,0.2169093
90242,0.031310312
18422,0.6753542
116464,0.87001544
13830,0.2938009
57668,0.49716303
45284,0.46653733
103078,0.29196018
44975,0.9189997
5971,0.12480803
70711,0.28407004
41942,0.44359928
79357,0.03130434
81625,0.03130434
95377,0.2472191
33656,0.48121223
22171,0.9450165
50936,0.70860773
19219,0.9074225
50421,0.18961065
89677,0.03130434
119799,0.64668465
54637,0.5591313
37419,0.9133283
48325,0.73455167
119740,0.39535472
58771,0.49716303
92933,0.94619924
45453,0.821156
68991,0.18464723
50950,0.25198638
42169,0.8426271
35339,0.15352459
84813,0.031310312
77003,0.03130434
97998,0.37023035
67572,0.32762426
6707,0.3837762
38730,0.51783645
36795,0.96290976
41277,0.94673926
11593,0.20283122
47760,0.6564573
95692,0.20241795
95232,0.20439366
116126,0.2539019
4197,0.12515134
43261,0.9116335
8436,0.22619922
27217,0.3500919
109163,0.11211951
102894,0.30260983
123412,0.85179067
37345,0.89097196
46692,0.96290976
111953,0.3707067
13378,0.3050233
9135,0.27886045
12145,0.23383927
37488,0.96290976
95645,0.34975833
91982,0.13314341
116711,0.13818616
91260,0.03130434
47671,0.96290976
59368,0.48442245
38804,0.8309766
36046,0.7033311
32128,0.96290976
39951,0.44359928
119852,0.4465704
111186,0.13199246
9125,0.8639417
17745,0.3152966
102448,0.12832068
57859,0.45621622
72297,0.78231126
55157,0.20716664
124924,0.6828718
3479,0.22507282
8450,0.3411657
17631,0.3461021
20381,0.902265
56063,0.9137137
104227,0.25581354
24924,0.41776636
49334,0.2745464
9866,0.8637763
111211,0.12440602
59688,0.8527178
107455,0.25581354
20690,0.9076801
47091,0.9306392
90182,0.031310312
42159,0.5050983
73234,0.2605548
122425,0.32244474
69556,0.2340783
59147,0.62940556
52090,0.9211681
107392,0.6115728
54594,0.32811105
41343,0.94132125
8025,0.47121283
32122,0.949466
123103,0.7158082
103691,0.38219392
7611,0.22619922
18933,0.10156157
43662,0.22391441
1072,0.29428807
70736,0.32487923
121283,0.29050997
64154,0.26253343
5912,0.3118158
115709,0.853612
73532,0.23404719
39550,0.96290976
4889,0.9084978
37863,0.48197725
69528,0.2340783
72752,0.3368711
118330,0.2000533
33202,0.13515216
112554,0.3295943
68781,0.15089558
67964,0.31781897
253,0.14756499
82304,0.03130434
31229,0.95170534
51849,0.8893555
18888,0.10156157
63919,0.45480055
47935,0.45304027
24233,0.86047524
102346,0.26250902
71029,0.72185737
92519,0.771602
71417,0.19884904
42282,0.2206226
29823,0.81498253
57175,0.49716303
1009,0.94499403
92165,0.3166243
48036,0.18900445
105148,0.18464723
31189,0.91637546
70672,0.45071968
80659,0.031310312
59780,0.2396019
9184,0.8855285
53199,0.37787455
119131,0.17649983
11415,0.23978813
3626,0.5894184
4732,0.8478492
39918,0.96290976
62881,0.8532851
39974,0.91637546
60197,0.48442245
48225,0.96290976
83458,0.03130434
119184,0.78203154
11266,0.21245174
72115,0.28944543
834,0.9499135
69357,0.36364368
19438,0.8121626
111692,0.16330467
101758,0.81992453
436,0.2534645
40076,0.8665855
72594,0.25549293
117841,0.55950224
52057,0.75444716
29282,0.65218693
87675,0.03130434
4911,0.9084978
101121,0.35854262
39809,0.96290976
100071,0.12832068
40553,0.32817638
14119,0.9499135
104103,0.2340783
21172,0.11655196
36945,0.41908473
69547,0.2340783
110811,0.13358957
68187,0.3608156
28395,0.33374053
6348,0.418144
97112,0.58570427
89398,0.031310312
99213,0.21253584
60365,0.8198562
39142,0.96080846
95901,0.21139891
28432,0.30406308
109840,0.19863184
13205,0.28922746
8303,0.28009263
121174,0.16101477
74050,0.2605548
78944,0.03130434
93437,0.21716289
88571,0.03130434
94003,0.89073193
86396,0.031310312
114425,0.39535472
56896,0.95170534
47176,0.39224413
62415,0.8554636
104551,0.3578396
72521,0.33499622
13675,0.7948695
59906,0.8970733
88376,0.03130434
75894,0.03130434
35952,0.95170534
99937,0.32157475
31246,0.45950174
78384,0.03130434
57059,0.88546973
59938,0.75041777
82529,0.031310312
64351,0.47355932
84489,0.03130434
116733,0.3295943
66758,0.26162446
29124,0.90281117
40044,0.728384
116295,0.3474458
95362,0.27460292
98978,0.6870869
83548,0.031310312
109212,0.08498182
35157,0.8219314
35449,0.96290976
33952,0.96290976
115064,0.44706085
3791,0.17255975
36538,0.4835052
4021,0.19367898
124349,0.42511675
48240,0.96290976
48729,0.96290976
61262,0.8532851
104878,0.25581354
70926,0.9478172
35759,0.96290976
78773,0.03130434
27192,0.8517432
3549,0.18508957
97255,0.2292244
92663,0.29196018
92158,0.2472191
110924,0.12062739
113575,0.31339166
51391,0.8067738
31484,0.9341328
113545,0.32103196
78245,0.031310312
65282,0.6817767
59659,0.95172524
63023,0.49472484
114851,0.28450996
19290,0.86822987
97175,0.20814428
55719,0.20227867
10014,0.23383927
67666,0.58570427
67783,0.20155846
106529,0.25581354
104883,0.6316427
53205,0.48442245
58156,0.44359928
42620,0.88546973
53188,0.55617404
32508,0.45304027
12213,0.83556
110347,0.16516253
25402,0.9576863
121810,0.8408752
90252,0.031310312
28124,0.28617227
82089,0.03130434
31125,0.1590159
20351,0.8743015
15783,0.4589406
51197,0.5582415
47356,0.9387373
47712,0.18748035
106661,0.2030948
54607,0.61208147
97170,0.20814428
7406,0.77689314
48708,0.91637546
123334,0.8244422
68727,0.12832068
46027,0.6685598
30774,0.96290976
29617,0.38691664
99058,0.35649446
110121,0.35844988
45397,0.91637546
74149,0.25055066
95977,0.18701814
113555,0.363034
120180,0.8892762
18692,0.41867527
35096,0.8675313
39697,0.95170534
73810,0.31952056
106646,0.23777822
34882,0.18748035
60476,0.49716303
111826,0.13342056
45401,0.48197725
124760,0.7992722
63396,0.62940556
106168,0.2605548
34888,0.3910059
87516,0.03130434
105928,0.64134336
72263,0.3662626
115584,0.2153792
61181,0.403944
28733,0.64760625
114862,0.48753563
65547,0.2775878
84982,0.03130434
72212,0.60625017
91746,0.16297223
83391,0.031310312
68466,0.30220845
104988,0.27249783
86377,0.03130434
81737,0.031310312
106491,0.24119595
117125,0.4685675
74117,0.2030948
62269,0.7401537
45169,0.9103443
19606,0.76531404
65359,0.91252583
17425,0.17523654
52819,0.3559975
26148,0.45877936
109698,0.13199246
19162,0.91726774
59100,0.24003547
86492,0.03130434
2193,0.28343996
119785,0.1985602
92934,0.94619924
121024,0.746742
425,0.13166337
92899,0.94619924
81483,0.031310312
57266,0.75575626
80958,0.03130434
103416,0.25549293
14253,0.09733766
47309,0.16762054
19353,0.88895386
81204,0.03130434
50628,0.6440808
91922,0.23596407
109945,0.18150243
118902,0.75835896
13807,0.14268462
49905,0.17428052
8871,0.20985325
23342,0.85084605
113322,0.29073787
17068,0.2941493
64123,0.41627684
82344,0.03130434
1326,0.36780113
4564,0.5084775
41119,0.9519672
30023,0.16219588
84417,0.03130434
93589,0.6786926
66543,0.2579757
28093,0.69692975
24174,0.38210598
8527,0.3578033
33381,0.8330775
40973,0.96393096
96083,0.22166151
28190,0.20067975
43751,0.5050983
34810,0.88546973
28849,0.45593145
64957,0.29790917
23814,0.47651693
11497,0.09542217
81456,0.03130434
71146,0.15409186
64162,0.2483777
2215,0.67069703
30653,0.96351963
71467,0.2340783
68392,0.36080673
110365,0.09318181
848,0.94499403
86401,0.031310312
53842,0.2312141
75138,0.03130434
97837,0.16044275
121715,0.8742395
57433,0.66648424
61493,0.49394926
41395,0.8796976
123692,0.78929245
9263,0.18231802
97303,0.36303556
91112,0.03130434
54074,0.19163425
30131,0.13061339
8839,0.5227304
53554,0.37787455
20204,0.22377388
92293,0.20034361
100458,0.51417804
116437,0.78203154
45207,0.15186696
59250,0.43116844
25989,0.1427964
82877,0.03130434
73523,0.24440591
90699,0.03130434
17467,0.9009365
50481,0.70860773
74868,0.3361596
121230,0.34911624
45730,0.16762054
89224,0.03130434
35375,0.168059
106711,0.33499622
16668,0.37205935
92494,0.30260983
1058,0.9277773
50055,0.117867455
84609,0.031310312
65387,0.20553319
70857,0.2605548
93388,0.2842968
89458,0.03130434
77560,0.03130434
24848,0.28091493
82318,0.03130434
123398,0.8872879
54827,0.23093534
77734,0.031310312
94821,0.15697087
37025,0.93818367
41111,0.9306392
42674,0.8796976
69063,0.25549293
29584,0.5604483
93733,0.25671712
4323,0.89993906
57651,0.48442245
60526,0.76531404
24273,0.7986978
75322,0.031310312
60614,0.44359928
55213,0.541593
39435,0.45593145
104496,0.31490803
93741,0.8337643
97577,0.36002693
21618,0.9241818
34824,0.91637546
93834,0.24264088
87305,0.03130434
113176,0.36131734
123865,0.39328238
48320,0.68368834
59751,0.2991241
108547,0.34549025
64739,0.49716303
2341,0.3605893
58540,0.91424704
20819,0.22377388
44509,0.8424437
19121,0.62940556
62343,0.9421789
109454,0.08166794
2840,0.32579798
57887,0.88868886
63772,0.70567787
60621,0.75444716
4118,0.68755835
55592,0.62751484
16024,0.3828585
7691,0.29855022
10011,0.119666636
56421,0.52001435
31593,0.91252583
56907,0.96290976
56543,0.91424704
59014,0.9421789
124970,0.6855307
94207,0.8750961
72088,0.20811133
96340,0.5291467
77508,0.031310312
19215,0.40416133
89141,0.03130434
96862,0.2292244
121828,0.28795478
47104,0.80233794
122152,0.3896494
102433,0.33499622
53457,0.8767474
69799,0.6080919
72093,0.2605548
56038,0.52358246
43003,0.860123
69883,0.25581354
13735,0.36387038
74229,0.2605548
122495,0.7344843
25279,0.4164125
99928,0.18701814
50060,0.1563978
97594,0.24264088
37428,0.91637546
96815,0.2472191
2369,0.88722354
2618,0.5903646
51394,0.8166336
19092,0.62940556
10968,0.35271606
42636,0.64058954
22925,0.91023386
60892,0.4313774
62714,0.41627684
9037,0.3432175
40573,0.81851137
86089,0.03130434
44369,0.96290976
74816,0.2030948
26108,0.45593145
16868,0.5838157
115780,0.36113834
118668,0.42657208
73074,0.25581354
123,0.9499135
38017,0.96290976
4280,0.3318187
104513,0.20838909
69873,0.37307534
17937,0.89176995
78734,0.03130434
104029,0.23404719
86062,0.031310312
81599,0.031310312
116197,0.8680531
105339,0.20838909
25467,0.94808686
82613,0.03130434
13431,0.4594261
95207,0.15697087
11919,0.12480803
101186,0.34106898
42084,0.2206226
78835,0.031310312
37524,0.9583529
28975,0.41096857
118885,0.550692
44253,0.9329873
78211,0.03130434
10786,0.6874053
50819,0.1703985
86950,0.03130434
50129,0.5736595
123818,0.26729608
1400,0.20522918
63030,0.78161085
102028,0.34549025
95443,0.30073398
92195,0.5672795
19583,0.7129119
8068,0.5393285
40080,0.91252583
53317,0.87970525
15923,0.4589406
30285,0.59230435
67612,0.26162446
75193,0.03130434
110510,0.12062739
106093,0.82885486
101274,0.18966047
42093,0.8997652
40247,0.91637546
12504,0.68368834
35149,0.2206226
4531,0.9090561
75459,0.03130434
6756,0.119666636
55545,0.8330775
101339,0.1883398
32850,0.86327064
96849,0.21568581
63066,0.49716303
4920,0.9183403
4759,0.8113396
81014,0.03130434
102129,0.24264088
99809,0.2292244
16876,0.37293097
70211,0.32487923
30487,0.96393096
98638,0.21253584
26082,0.20381133
109894,0.20298733
120825,0.90203345
97082,0.21253584
12686,0.14268462
7962,0.8113396
109179,0.46485996
55935,0.58840704
97216,0.77665275
106328,0.93772095
54352,0.7382961
49937,0.45621622
16477,0.27425137
44916,0.96290976
47839,0.30309048
13684,0.2903929
2285,0.32579798
35044,0.8796976
21088,0.41867527
15815,0.3317483
56639,0.8796976
70212,0.26518336
50583,0.48197725
107913,0.25581354
106108,0.16044275
22882,0.76588887
10496,0.119666636
19520,0.9183403
35542,0.45593145
36516,0.9583529
67359,0.38240597
116208,0.88138765
99543,0.36671132
118589,0.54239315
124981,0.70363104
33675,0.8997652
22970,0.34522447
51586,0.17772704
61746,0.6389443
10875,0.5070794
78324,0.03130434
34964,0.8997652
54958,0.8839478
123232,0.86706424
48018,0.44709235
53102,0.83628285
21533,0.93065524
36645,0.94696
101237,0.18966047
69117,0.23638994
2075,0.8371372
53419,0.7802147
36830,0.91637546
61419,0.89675933
2110,0.29195088
55645,0.837309
67047,0.27702808
53453,0.8767474
44021,0.9231882
965,0.860123
61749,0.4136897
5406,0.8614682
30608,0.9597026
77418,0.03130434
90179,0.031310312
62407,0.8219314
81448,0.031310312
34108,0.14164568
112748,0.2165065
115028,0.21040688
42916,0.75444716
124306,0.8872879
20876,0.23323919
7829,0.2169093
50384,0.117867455
11327,0.37767074
57536,0.48442245
95569,0.7945083
44703,0.15186696
8098,0.6874053
86078,0.031310312
39593,0.9583529
3462,0.32815093
8543,0.88340414
2336,0.47056523
84570,0.031310312
9532,0.3219869
101393,0.2472191
60440,0.31159726
44577,0.96290976
73691,0.7044026
121381,0.69331914
83963,0.03130434
25818,0.09158824
3226,0.86391056
79808,0.03130434
44793,0.4947152
105670,0.31952056
67368,0.32600516
89064,0.03130434
120633,0.85183537
90888,0.03130434
91952,0.19115457
57576,0.4947152
44200,0.7891442
119775,0.23330303
106299,0.7842073
60416,0.29100558
93312,0.28407004
35140,0.95170534
70842,0.2340783
36924,0.22763993
102751,0.3127869
2942,0.32192072
94483,0.17848307
117191,0.36457178
77521,0.031310312
122604,0.83996576
47035,0.1844453
67526,0.82462114
75722,0.031310312
68133,0.27702808
59987,0.4672176
116300,0.78203154
34657,0.91442263
86897,0.03130434
9009,0.13244395
92617,0.12385409
46267,0.96290976
11727,0.29850736
63077,0.76531404
91408,0.03130434
54850,0.8997652
66674,0.27702808
19587,0.7533607
95537,0.27381667
75775,0.031310312
121232,0.7992722
31558,0.88546973
93917,0.15184134
29950,0.11218758
99332,0.3085391
107320,0.94194055
24871,0.37237236
82708,0.03130434
86024,0.03130434
6615,0.08458195
23748,0.958845
112002,0.3732048
38566,0.8849741
867,0.9499135
116188,0.8677327
33861,0.18795902
97179,0.36106455
117626,0.43091348
2891,0.22477908
17575,0.34346765
58012,0.9065113
90504,0.03130434
97508,0.866293
95016,0.82807267
54489,0.35656396
94104,0.3361596
93458,0.28280175
27108,0.4366265
120198,0.88743925
57869,0.74678385
118334,0.21223253
109599,0.12637933
87329,0.03130434
107020,0.88114905
82162,0.03130434
66847,0.28201357
54322,0.86961967
19745,0.37943122
40728,0.9597026
64437,0.95502293
109222,0.2236849
42151,0.6004085
37158,0.96290976
118462,0.3474458
78821,0.03130434
61726,0.9314652
84809,0.031310312
58621,0.95226294
24623,0.39498845
93827,0.24264088
37026,0.9189997
32932,0.20220676
89297,0.03130434
33371,0.9079074
109090,0.14465481
115715,0.36617872
87242,0.03130434
88566,0.03130434
73258,0.25549293
79490,0.03130434
33408,0.32797366
37995,0.9554212
101410,0.30172458
117421,0.24211182
47401,0.94673926
62673,0.31159726
18677,0.38736752
119718,0.40719196
118689,0.23330303
104356,0.3368711
71285,0.2030948
43197,0.9257487
46667,0.96290976
74666,0.3361596
7204,0.8014102
65492,0.7882401
55962,0.9137137
11559,0.6645196
74415,0.39631382
88572,0.031310312
3394,0.21235535
31372,0.91637546
15763,0.85995024
84752,0.03130434
56987,0.88546973
63152,0.8637409
80428,0.03130434
89752,0.031310312
41297,0.4947152
90017,0.03130434
64954,0.48442245
114111,0.32598767
65831,0.52028084
30304,0.59230435
118933,0.2000533
98891,0.17848307
105597,0.5055804
121293,0.26917762
57932,0.860123
46140,0.48197725
32952,0.15186696
99139,0.646234
28922,0.88354594
23671,0.9576863
99396,0.7968495
25594,0.09158824
113646,0.16555256
93778,0.31514782
29765,0.73161304
60577,0.6342545
51890,0.14233825
14825,0.95837826
14255,0.09733766
34380,0.16762054
118388,0.2627041
110713,0.09318181
116758,0.49249187
47550,0.96290976
37670,0.96290976
112623,0.2545257
110954,0.14298418
93439,0.27381667
71903,0.19884904
79467,0.031310312
32051,0.96290976
104854,0.3952521
21592,0.9241818
48577,0.96290976
32707,0.2206226
84468,0.03130434
30708,0.96393096
98458,0.24233142
105031,0.2030948
70272,0.79072076
25298,0.24549973
74310,0.6786926
79476,0.03130434
71329,0.2605548
97869,0.16044275
54148,0.37627777
83522,0.031310312
98733,0.12832068
60813,0.83874524
2504,0.6645196
110085,0.19691217
108503,0.706971
21843,0.9266198
23797,0.2678223
103579,0.18100202
25916,0.40407833
109471,0.22555901
22932,0.76531404
124243,0.43167913
58547,0.9332348
14879,0.36387038
123501,0.87495404
24555,0.11655196
58622,0.95226294
50668,0.4947152
79987,0.031310312
92455,0.36963782
73387,0.5211721
3625,0.82811934
54769,0.5066509
53643,0.20424761
123733,0.91698176
22218,0.8803831
47064,0.1844453
3900,0.2980226
64309,0.84935623
45412,0.7668955
31719,0.9519672
112290,0.41579652
37596,0.8973856
82503,0.031310312
93130,0.9384471
36599,0.87614733
92352,0.34835294
22439,0.9241818
70898,0.2605548
100007,0.24264088
97167,0.31278303
47503,0.9583529
69295,0.3361596
66032,0.27702808
43689,0.9306392
47365,0.95170534
11989,0.08458195
64049,0.52352345
37530,0.96290976
33874,0.21511321
3123,0.77689314
8855,0.24743919
44615,0.96393096
93542,0.22166151
74082,0.32533777
81390,0.03130434
89524,0.03130434
41139,0.96290976
45233,0.70823854
75026,0.03130434
20447,0.8700305
110779,0.20276691
10979,0.61929244
106689,0.2605548
9390,0.27895018
14186,0.73524386
85869,0.03130434
18688,0.37372994
27409,0.30309048
3077,0.6500358
78903,0.031310312
25747,0.39498845
5127,0.9357847
70920,0.9327329
100553,0.73426336
116084,0.29050997
116182,0.84252816
109692,0.13199246
24861,0.19195133
88039,0.03130434
35432,0.70823854
56256,0.62751484
82589,0.03130434
50298,0.15124595
48532,0.48197725
83413,0.031310312
83194,0.03130434
48751,0.41096857
1800,0.75444716
12996,0.18231802
52017,0.12619202
107373,0.30260983
70858,0.8216406
118750,0.2153792
116587,0.39535472
77184,0.03130434
82942,0.03130434
53967,0.68946224
38992,0.4590769
24522,0.11655196
31709,0.51783645
80229,0.031310312
10721,0.21398759
5014,0.92250144
117288,0.1985602
29080,0.35137928
14301,0.28000057
65350,0.787661
124469,0.7077313
7069,0.49879402
28327,0.23689711
121099,0.46898317
16891,0.23696943
20871,0.23323919
16455,0.22616883
106662,0.728774
25527,0.9277773
46473,0.81498253
12426,0.20453136
98576,0.33499622
95554,0.16983578
72269,0.20811133
67460,0.23124127
84132,0.03130434
121158,0.286253
97523,0.8387947
53265,0.7779481
23733,0.958845
61350,0.8198562
91011,0.03130434
14566,0.9512742
70686,0.3946785
83566,0.031310312
113121,0.3624575
85689,0.03130434
40181,0.88180953
47964,0.4947152
5053,0.9450165
19908,0.38421112
52842,0.24442023
33829,0.15352459
93334,0.37312752
114349,0.13818616
80230,0.031310312
110326,0.17912889
76748,0.03130434
27166,0.75444716
76831,0.03130434
65283,0.7402539
108438,0.20952809
76379,0.03130434
43419,0.88057697
73777,0.2340783
61582,0.8797536
101463,0.30510294
119234,0.2153792
24324,0.19869632
21975,0.11655196
15099,0.12200315
116629,0.6537866
33261,0.30430406
53183,0.4355171
67638,0.35300627
75103,0.031310312
47989,0.96290976
119521,0.38323477
31939,0.5050983
38072,0.96393096
97682,0.17848307
8024,0.23830368
84021,0.03130434
909,0.8640416
119682,0.2165065
2230,0.8567857
104069,0.31019792
33023,0.15186696
109823,0.15946206
22989,0.21217284
125115,0.4575926
21478,0.76531404
91800,0.18875833
101873,0.38219392
121426,0.37426242
54822,0.23093534
48876,0.860123
110023,0.17912889
49899,0.17428052
15419,0.9284976
52288,0.29069006
86804,0.03130434
43812,0.5525158
57781,0.48442245
69052,0.23638994
98086,0.15409186
9530,0.38000524
85282,0.03130434
37510,0.88546973
84820,0.03130434
39672,0.9583529
37659,0.9396809
122153,0.40281516
55118,0.90281117
44717,0.18748035
87627,0.03130434
62913,0.51783645
64384,0.37787455
21484,0.90796435
123222,0.4909261
14406,0.94499403
10005,0.25100213
18798,0.81498253
44933,0.96393096
80844,0.03130434
100762,0.20814428
33812,0.16762054
42266,0.2206226
90440,0.03130434
58446,0.75444716
114610,0.8023064
48584,0.96290976
31112,0.2206226
25945,0.3619653
95124,0.6500726
7613,0.17482892
3331,0.19335319
108049,0.86832535
75648,0.03130434
45058,0.95170534
60307,0.29790917
82022,0.03130434
56868,0.22195844
96918,0.6371123
118220,0.45923245
53474,0.3538766
106693,0.34835294
64613,0.4352884
62445,0.9039903
122228,0.21498768
122714,0.4468891
40975,0.96393096
18005,0.3461021
84469,0.031310312
27597,0.31240702
103712,0.4735905
41604,0.2206226
91278,0.03130434
40106,0.47252446
22438,0.9241818
92897,0.94619924
75966,0.03130434
117877,0.44262683
82519,0.03130434
46147,0.81498253
116354,0.42744377
86302,0.031310312
48737,0.4789583
7252,0.6832705
92575,0.12832068
48675,0.95170534
101974,0.32487923
70379,0.2030948
39012,0.947865
106253,0.8514799
21098,0.37943122
61502,0.9191643
39518,0.7033311
44851,0.8758363
39303,0.48288697
122434,0.64878917
102146,0.27249783
14391,0.9353937
38849,0.93818367
89823,0.031310312
68972,0.15945047
9118,0.29850736
78,0.4248828
26555,0.28760076
43969,0.9519672
75430,0.031310312
86209,0.03130434
15548,0.9512742
109364,0.14934593
64216,0.55968934
64481,0.95502293
31211,0.96290976
67935,0.27702808
92741,0.65980566
113844,0.32103196
29675,0.49137014
22495,0.82639706
106761,0.37023035
103499,0.35430196
119084,0.41415057
8094,0.25320226
52835,0.25223768
67128,0.2579757
27548,0.18862852
63125,0.45621622
96151,0.18844602
78490,0.031310312
32,0.33825725
104342,0.8478662
110416,0.20982653
3236,0.8859428
90727,0.031310312
70639,0.3042494
122269,0.3570676
78094,0.03130434
124634,0.9061947
85396,0.03130434
66971,0.38850003
46814,0.32817638
64324,0.8893555
93592,0.3042494
97496,0.866293
26670,0.8453865
6655,0.27775568
105424,0.29348382
28624,0.8093808
59272,0.44359928
74449,0.57491595
23894,0.4435006
90262,0.031310312
73360,0.2030948
120352,0.39535472
18455,0.32003286
55448,0.87965137
84772,0.031310312
88750,0.03130434
48633,0.9271307
59444,0.90762305
121009,0.7706776
115368,0.23330303
113820,0.34312794
95329,0.35854262
55657,0.23093534
30292,0.59230435
105294,0.8104719
67317,0.19298378
12979,0.18231802
84571,0.031310312
64522,0.7658774
13962,0.09733766
48938,0.51783645
77610,0.03130434
64183,0.2483777
31667,0.18748035
52081,0.9116335
114011,0.16101477
37242,0.96393096
42651,0.55142325
13021,0.322871
81507,0.031310312
50591,0.0944711
66566,0.14096504
51200,0.3074006
15097,0.12200315
103051,0.20911352
37858,0.88546973
33846,0.6131938
55814,0.9314652
123116,0.83996576
28474,0.27606395
75886,0.03130434
31386,0.96290976
123356,0.7080494
69106,0.29196018
60673,0.48197725
15205,0.4589406
81613,0.03130434
65117,0.23845762
25168,0.9576863
42201,0.9306392
83588,0.031310312
27663,0.26797763
61400,0.7401537
68784,0.12832068
24737,0.8506109
43017,0.4947152
63190,0.68764704
34075,0.27262792
10678,0.24743919
97135,0.20814428
40345,0.9554212
56304,0.91124403
34060,0.14164568
88027,0.03130434
55447,0.60816616
69205,0.2030948
49833,0.082477085
61837,0.809835
13153,0.37996846
58393,0.75444716
84864,0.03130434
44376,0.9554212
1686,0.86426
76178,0.03130434
45642,0.9583529
37971,0.96290976
8412,0.2169093
118904,0.5010272
7638,0.22619922
63788,0.41646674
62311,0.9257487
98951,0.32232672
119625,0.68978345
3276,0.15765096
88182,0.03130434
77576,0.03130434
102477,0.35888296
47005,0.90702087
50619,0.2375912
35855,0.635079
15707,0.14268462
91837,0.18875833
49679,0.81986773
4754,0.34692293
78058,0.03130434
95126,0.65466475
89063,0.03130434
16607,0.24745886
49515,0.1691597
25064,0.9473482
40082,0.9387373
46064,0.44709235
66885,0.36154202
70901,0.7715863
73829,0.3368711
6733,0.31523746
61992,0.860123
67887,0.22686978
80639,0.03130434
100075,0.12832068
90855,0.03130434
21106,0.25422472
102495,0.43643963
78840,0.03130434
11616,0.24743919
25171,0.9576863
92692,0.6316427
37743,0.9554212
12293,0.20453136
17140,0.22377388
42426,0.9597026
308,0.10527903
14565,0.9512742
124504,0.8851817
64514,0.95625126
102971,0.13772346
43112,0.43592718
48831,0.75575626
40801,0.81851137
49181,0.8297413
118583,0.20881379
41727,0.81498253
11000,0.12480803
100529,0.23007984
52616,0.45814016
55671,0.7829123
15328,0.23383927
24094,0.21385325
120543,0.39535472
61171,0.9346028
54534,0.8997652
82374,0.03130434
60694,0.91880554
84478,0.03130434
95312,0.2292244
92036,0.12476426
41999,0.4789583
63498,0.89675933
58708,0.87728703
112546,0.28300238
110509,0.1600041
112032,0.51217866
40434,0.2206226
123982,0.78203154
26679,0.82270783
77253,0.03130434
44064,0.60234964
92282,0.3811213
37546,0.38116187
3748,0.19335319
119954,0.22218464
65693,0.921799
93344,0.28407004
6551,0.26674962
47594,0.9271307
54499,0.31159726
22711,0.34555164
54139,0.21314284
21525,0.89993906
75024,0.03130434
29859,0.11218758
85663,0.03130434
43172,0.9121327
2405,0.29005715
29659,0.15948981
27523,0.23874371
106593,0.2030948
114836,0.3474458
38478,0.81498253
67982,0.31490391
19844,0.7297844
22346,0.9233534
92186,0.42343056
40283,0.93818367
39460,0.8527178
56057,0.9137137
92206,0.17848307
123699,0.47819337
12080,0.49002594
36982,0.9519672
93951,0.19807854
54041,0.23376569
13188,0.33189258
120150,0.41272306
114898,0.6230434
12859,0.2956658
65914,0.49954754
77266,0.03130434
40401,0.8997652
74601,0.9478172
72980,0.86843574
115887,0.26141655
82462,0.03130434
34006,0.1590159
62331,0.9146713
47471,0.91637546
101860,0.2292244
15430,0.91023386
99188,0.30825472
122744,0.50157255
75185,0.03130434
67725,0.17167811
7277,0.2803849
35012,0.96290976
33954,0.92155355
101342,0.21800894
74916,0.9381461
109861,0.11108917
74421,0.4186465
82161,0.03130434
59296,0.8453875
48038,0.18900445
22942,0.9393818
1345,0.7712706
12992,0.35360643
68520,0.20092995
56780,0.49716303
41272,0.8309766
1206,0.9499135
72478,0.2030948
80835,0.03130434
42161,0.5050983
52250,0.48197725
58403,0.52028084
42514,0.95170534
11620,0.5227304
32041,0.96290976
34706,0.95226294
32290,0.2206226
102662,0.28280175
56956,0.47252446
22598,0.11655196
92776,0.6516687
71883,0.31952056
19513,0.9106116
83146,0.031310312
59229,0.9137137
7245,0.87511665
82864,0.03130434
101055,0.24065703
4767,0.8113396
79749,0.03130434
82137,0.03130434
106931,0.68822205
61733,0.7328273
8849,0.22010596
6835,0.75400466
87789,0.03130434
50486,0.8210734
29847,0.19192421
115047,0.26141655
76021,0.03130434
21769,0.41867527
62734,0.27021104
30968,0.95170534
97326,0.7557089
98091,0.15409186
14111,0.91089123
119201,0.5641472
43703,0.8758363
45940,0.96393096
92486,0.12832068
56579,0.48442245
23524,0.9393818
68306,0.64087224
94909,0.26031482
119192,0.3949461
107960,0.35854262
61302,0.20227867
112598,0.3607884
28875,0.681735
52556,0.15124595
44220,0.4789583
123798,0.4163367
61203,0.60609657
17331,0.50717056
28306,0.17680426
41143,0.96290976
57180,0.62940556
73771,0.2340783
4722,0.6829337
49486,0.18831414
8374,0.21245174
56141,0.42610747
102008,0.26913664
69639,0.86843574
81074,0.031310312
103352,0.18962973
50978,0.30572063
10762,0.2169093
25723,0.21398759
79659,0.03130434
93043,0.9368869
63024,0.860123
102198,0.20813751
121608,0.4145169
37522,0.9537863
81169,0.03130434
102941,0.38803992
124984,0.41988626
69322,0.38219392
106271,0.94194055
28129,0.34147704
48346,0.4947152
113661,0.7496565
49717,0.16127795
24558,0.11655196
87061,0.03130434
81626,0.03130434
107378,0.2938009
111411,0.14149433
47906,0.354258
86441,0.03130434
84071,0.03130434
48299,0.64938486
9978,0.10022805
50731,0.30572063
109474,0.15946206
77963,0.03130434
62556,0.38584703
59863,0.8638394
40550,0.96290976
99685,0.73426336
45731,0.17829457
74472,0.22937126
17633,0.6190324
112809,0.21043155
40049,0.8017669
113038,0.29346073
92128,0.23007984
35940,0.9459695
30648,0.96351963
15605,0.7782762
21686,0.83556
41855,0.2206226
110243,0.17348406
115331,0.2153792
79842,0.03130434
1895,0.9183403
86083,0.03130434
37442,0.7755156
4723,0.73421043
63620,0.9332348
27972,0.26031482
32406,0.96290976
115476,0.4434572
105732,0.37023035
676,0.35903558
90369,0.03130434
71874,0.2340783
12361,0.2169093
98030,0.9439993
99104,0.6835472
113295,0.27677587
37976,0.94382316
69798,0.2030948
23043,0.9576863
121246,0.78929245
33600,0.21124457
96840,0.32861802
72048,0.4109444
110328,0.19115457
97860,0.16044275
39195,0.4598379
124808,0.88607174
111555,0.20167346
87009,0.03130434
99842,0.20034361
79871,0.03130434
2530,0.32494247
20691,0.8957435
100754,0.25616685
5586,0.9438529
124582,0.9096096
49926,0.17428052
41669,0.15186696
51098,0.19154191
85832,0.03130434
20248,0.8743015
35447,0.96290976
98524,0.3114462
6446,0.105922274
112406,0.2153792
17357,0.14259237
9891,0.2169093
82501,0.03130434
63059,0.2825769
95370,0.706971
115650,0.7277375
109284,0.13199246
74543,0.8526537
5353,0.5903646
120560,0.70171225
68953,0.15945047
77851,0.03130434
28722,0.75444716
69012,0.35208973
27093,0.43622756
120967,0.33055407
98772,0.30825472
11808,0.70823854
43036,0.9314652
100164,0.7591215
87623,0.03130434
76849,0.03130434
76851,0.03130434
109817,0.62792754
13197,0.44963035
108991,0.154441
55946,0.80610734
52782,0.6440808
58870,0.45621622
57696,0.29100558
17816,0.81498253
13466,0.29340854
65466,0.18992758
63197,0.8535543
45345,0.32817638
12442,0.28922746
16102,0.6822847
81107,0.03130434
123305,0.836134
124140,0.4909261
51532,0.082477085
77815,0.03130434
112191,0.26141655
81856,0.03130434
58203,0.96290976
27715,0.35064372
121536,0.7344843
85752,0.03130434
108228,0.89592046
58232,0.96290976
6713,0.3837762
61076,0.885877
10629,0.33189258
63927,0.48442245
70785,0.38219392
40353,0.96290976
10090,0.24743919
57071,0.91252583
87105,0.031310312
4665,0.73421043
115436,0.3474458
36342,0.91252583
42302,0.48197725
14835,0.95837826
109436,0.1990979
5191,0.9357847
22480,0.411229
111193,0.67284214
78917,0.03130434
81221,0.03130434
16723,0.3301624
47633,0.95170534
37260,0.94382316
75168,0.03130434
21431,0.88334817
75384,0.031310312
96890,0.4720268
35508,0.16762054
107346,0.94194055
60648,0.4947152
65657,0.8668565
109184,0.11108917
10995,0.12480803
5096,0.9450165
99250,0.25055066
103206,0.2605548
21290,0.12972468
40231,0.92534685
115959,0.84461474
43619,0.84872174
116514,0.67284214
66426,0.23638774
64422,0.89515
101809,0.3166243
79698,0.031310312
83009,0.03130434
77302,0.03130434
22016,0.8265936
74468,0.19262525
10667,0.23383927
23516,0.86047524
105125,0.7577384
18110,0.9183403
88624,0.031310312
120622,0.8028593
46362,0.87614733
99457,0.34060726
87457,0.03130434
8637,0.8188772
113643,0.1868359
84716,0.03130434
5380,0.3432175
86444,0.03130434
102992,0.29348382
30154,0.13061339
95984,0.38219392
58183,0.88546973
603,0.8640416
47358,0.96290976
12688,0.120016746
79706,0.03130434
97146,0.43643963
60055,0.8297413
403,0.15342756
273,0.24717304
39272,0.9597026
98807,0.21253584
49595,0.5310884
92376,0.20034361
103822,0.9044415
18562,0.27425137
18908,0.10156157
95065,0.5857679
8207,0.68624187
78803,0.03130434
42492,0.91637546
62695,0.44359928
91524,0.03130434
9213,0.2956658
65457,0.8668565
113126,0.28238147
11619,0.3318187
5909,0.119666636
61463,0.81923586
58457,0.75575626
43231,0.3953781
50555,0.6063674
110349,0.10260573
86386,0.031310312
10711,0.23383927
112093,0.2153792
71695,0.20211352
103063,0.53545773
27601,0.39167106
10435,0.10639612
91645,0.03130434
108128,0.18962973
76614,0.031310312
8933,0.78950816
23149,0.73130363
114274,0.68277544
16625,0.4357308
43790,0.40672666
104033,0.23404719
30020,0.16219588
1922,0.9084978
48237,0.96290976
57049,0.96290976
50561,0.107370324
33497,0.43592718
114210,0.39535472
21420,0.88868886
107542,0.84093153
23154,0.8743015
79649,0.031310312
67574,0.27702808
28092,0.40737772
45114,0.96393096
29215,0.9115184
22693,0.39634213
6521,0.08974165
5038,0.9357847
81785,0.03130434
29462,0.18850145
82194,0.03130434
64948,0.24020088
105871,0.3399628
8226,0.10639612
64326,0.30720195
98753,0.12832068
56174,0.8743015
41331,0.4835052
118580,0.6246205
78669,0.031310312
75597,0.03130434
16613,0.35772887
44972,0.8759973
14086,0.15122528
30434,0.96393096
17894,0.41092893
29959,0.11218758
60886,0.9185518
114016,0.37446016
36004,0.91415143
100469,0.6465498
62070,0.9137137
67362,0.6597877
68652,0.30569765
15971,0.14268462
50393,0.23725629
34580,0.8907591
5004,0.90985
26522,0.37672767
69951,0.79516363
85186,0.03130434
123341,0.87370193
61972,0.8756817
92785,0.34835294
90732,0.031310312
35230,0.9208311
112687,0.57306206
89359,0.03130434
79318,0.03130434
77481,0.03130434
123638,0.5051867
106821,0.94194055
60123,0.9177364
3244,0.87367415
7917,0.77689314
111836,0.31040585
89576,0.03130434
81188,0.03130434
25228,0.82033837
87770,0.031310312
37183,0.95170534
89644,0.03130434
6397,0.35271606
25137,0.9576863
76777,0.031310312
112702,0.78203154
29069,0.22391441
45112,0.96290976
111999,0.27677587
113267,0.26668766
92765,0.20034361
69602,0.84899455
14349,0.12200315
59791,0.8360774
12557,0.63186145
14769,0.9512742
87486,0.03130434
56883,0.91637546
77203,0.03130434
72184,0.42394328
123850,0.7992722
97562,0.22854485
66751,0.42072767
99689,0.32449678
58180,0.47906628
84578,0.031310312
74985,0.031310312
3419,0.22507282
92434,0.7546099
73551,0.33616814
80273,0.03130434
88981,0.03130434
104364,0.706971
94123,0.7520705
7866,0.3334651
78343,0.03130434
63219,0.9010328
75352,0.03130434
5711,0.12480803
84178,0.03130434
18568,0.44098756
63404,0.92950934
43041,0.9314652
37873,0.87614733
60777,0.78671986
40874,0.81277543
107775,0.31952056
80928,0.03130434
67263,0.41411802
122790,0.6023263
46986,0.93818367
33389,0.40356418
70504,0.82651126
101328,0.15318267
84081,0.03130434
76726,0.031310312
100704,0.31952056
109181,0.17397512
28095,0.79818606
100144,0.3734946
59109,0.91860306
119810,0.23359105
108566,0.81992453
65191,0.48442245
74983,0.031310312
101250,0.18966047
24628,0.44427308
39346,0.81498253
35405,0.8952797
33465,0.36921132
21139,0.35656396
21349,0.76588887
70618,0.24119595
8446,0.21343563
53118,0.8664309
68060,0.28531295
19992,0.2941493
7393,0.35434297
55903,0.14909081
118422,0.37808993
89636,0.03130434
24688,0.8973856
108890,0.20149873
51656,0.16787112
1654,0.32494247
51419,0.10380996
71971,0.2340783
67181,0.32762426
102524,0.16044275
83455,0.03130434
26958,0.7502142
27898,0.27758718
27113,0.73573107
19347,0.81498253
90634,0.03130434
34745,0.21124457
4992,0.9357847
29342,0.18039882
47952,0.9583529
7795,0.32068625
86510,0.03130434
107798,0.3361596
18194,0.9450165
122395,0.64878917
3911,0.82700837
55601,0.52001435
52472,0.14349918
43250,0.8733141
88057,0.03130434
97900,0.16044275
35396,0.431663
66669,0.31227872
47923,0.44284308
93364,0.36144003
94913,0.3142851
63255,0.8691779
85667,0.03130434
122278,0.42694137
83675,0.03130434
27520,0.637359
79657,0.03130434
89311,0.03130434
51724,0.24249882
76887,0.03130434
52669,0.2231807
107203,0.94350517
48872,0.25362933
28953,0.22763993
112451,0.209357
51698,0.15446714
74336,0.2605548
1801,0.37826067
41115,0.9321722
70370,0.77706486
108319,0.47488457
83701,0.03130434
74112,0.3085391
67290,0.22686978
103519,0.23404719
114740,0.3260751
115150,0.21040688
36103,0.18748035
113784,0.13818616
10354,0.08458195
3143,0.30498606
56237,0.52001435
67665,0.37142697
83177,0.031310312
99699,0.32861802
124290,0.8019048
4229,0.3318187
19309,0.39983803
51950,0.9314652
68197,0.3164938
115972,0.47533438
996,0.9353937
100947,0.29628864
101915,0.2292244
65021,0.86678195
28232,0.3891767
108060,0.23404719
69440,0.60625017
3962,0.16455097
10018,0.119666636
56591,0.45621622
14324,0.12200315
11969,0.12480803
21540,0.93065524
81858,0.031310312
106230,0.84178996
69129,0.76160324
24554,0.11655196
64424,0.8849741
48446,0.96290976
16609,0.49901596
15312,0.23383927
87609,0.03130434
112657,0.836134
13616,0.8819456
98249,0.12385409
90082,0.03130434
84035,0.03130434
95395,0.6487024
89989,0.03130434
118965,0.39535472
122334,0.3450804
103135,0.2605548
52015,0.19335423
78334,0.03130434
22616,0.37943122
58682,0.81726116
1838,0.7478131
96673,0.30569765
576,0.48729193
80414,0.03130434
45276,0.16762054
119460,0.17649983
63499,0.92950934
12185,0.81430286
97770,0.57259166
3422,0.25605378
72549,0.8099791
19701,0.5675942
18187,0.9450165
105287,0.706971
7878,0.19048682
14616,0.91726774
33942,0.96290976
5793,0.15673073
5694,0.27886045
50653,0.44709235
111536,0.4224926
77367,0.03130434
110544,0.18607113
117176,0.26845792
110648,0.17231268
96858,0.35649446
77083,0.03130434
124682,0.28223515
90159,0.031310312
114922,0.6798697
34874,0.45621622
89455,0.03130434
120928,0.38235995
4109,0.6820612
57352,0.43116844
33778,0.44709235
3051,0.77689314
27311,0.7423106
24219,0.81498253
100432,0.30825472
103344,0.20982282
47670,0.85786796
54051,0.2312141
95859,0.57491595
54660,0.9406784
10254,0.2169093
122420,0.25960505
40040,0.15186696
90270,0.031310312
98309,0.73846585
74081,0.25581354
40749,0.8308462
74147,0.2030948
97997,0.7520705
112617,0.6047001
46812,0.13515216
17177,0.23696943
99381,0.79776573
15450,0.9499135
101774,0.88695806
65091,0.70345193
2335,0.17390084
107753,0.36963782
97762,0.17111853
18558,0.39983803
46491,0.740658
103725,0.79927206
65630,0.48442245
88136,0.03130434
70706,0.23404719
32254,0.93818367
24595,0.11655196
110051,0.17912889
34790,0.46363616
124215,0.8396803
104938,0.25581354
82841,0.03130434
116198,0.8616966
90173,0.031310312
47290,0.3953781
106807,0.89592046
45887,0.95170534
95658,0.3700838
69888,0.28944543
14577,0.9512742
60249,0.45621622
31776,0.9519672
44967,0.8017669
55397,0.18992758
59798,0.8390952
23488,0.411229
116751,0.2627041
62777,0.51783645
115582,0.3474458
17234,0.58840704
35343,0.39703065
98997,0.20034361
47100,0.8492527
9275,0.25182775
114652,0.70096517
98596,0.6115728
91662,0.03130434
747,0.4041557
50721,0.28811306
71718,0.25581354
102161,0.701712
14767,0.9512742
40732,0.9597026
108267,0.36144003
82556,0.03130434
16381,0.18361396
110583,0.1710262
93009,0.94619924
43346,0.9066649
40757,0.752805
88508,0.03130434
58545,0.87777483
6594,0.35619152
41760,0.35137928
105485,0.24730371
30897,0.5041147
4224,0.85073787
65956,0.5080254
5996,0.08458195
12194,0.23830368
48993,0.9515991
98026,0.9482759
120765,0.4725851
101283,0.20814428
50268,0.48197725
75757,0.03130434
68488,0.28201357
8644,0.81311804
9987,0.3432175
53530,0.8223278
76642,0.03130434
84204,0.03130434
78201,0.03130434
65689,0.921799
50372,0.23990667
103724,0.5292948
122396,0.8608373
2397,0.22507282
46914,0.92534685
75787,0.03130434
7472,0.33189258
17159,0.40336293
106286,0.94194055
106924,0.36963782
20177,0.860123
61392,0.49716303
74146,0.2030948
33196,0.70823854
22625,0.48290086
74280,0.64087224
121037,0.45109192
103067,0.23362757
83131,0.031310312
94238,0.94171447
30126,0.13061339
27236,0.3291181
115990,0.88800365
41839,0.8973856
56548,0.75575626
123927,0.9061947
17624,0.30983835
87107,0.03130434
73277,0.34549025
100006,0.3361596
61569,0.7770077
13292,0.15122528
118638,0.24939416
109958,0.7261246
47450,0.22821797
12577,0.6595186
48491,0.94382316
52932,0.3899322
72700,0.25581354
30670,0.96393096
62599,0.3538766
96933,0.7557089
15197,0.34577915
89179,0.03130434
1063,0.36780113
73302,0.34835294
65165,0.25223768
42717,0.52736276
23158,0.46745136
63466,0.8743015
91141,0.03130434
71154,0.4784067
79083,0.031310312
13344,0.39235225
33844,0.9103443
114940,0.38323477
57208,0.7895873
97186,0.6340759
37627,0.96290976
123991,0.8948889
57992,0.86327064
11782,0.13244395
51377,0.1182094
49713,0.16127795
50719,0.20143037
36515,0.94673926
71665,0.3368711
19879,0.27167776
32055,0.96290976
4185,0.34964812
73336,0.20811133
117311,0.8019048
49892,0.24249882
27638,0.30385605
114279,0.32103196
60356,0.32778472
25881,0.20453136
8188,0.55434096
107456,0.25581354
69400,0.38803992
55655,0.23093534
93497,0.2975923
106161,0.706971
34499,0.43452618
77608,0.03130434
7517,0.29850736
63097,0.8865007
13808,0.3317483
20698,0.92217124
115247,0.2165065
119899,0.4428854
20852,0.23323919
106799,0.771602
25524,0.958845
63770,0.58840704
46981,0.93503016
10476,0.10022805
17303,0.36732697
105348,0.68822205
19727,0.5511557
101104,0.7788582
72764,0.27381667
10417,0.24743919
64242,0.8893555
13484,0.7561633
65128,0.41627684
110674,0.14075728
104778,0.25549293
29981,0.13061339
53717,0.21909748
42453,0.96290976
86882,0.03130434
4258,0.89425576
48220,0.949466
111803,0.371907
68360,0.77809983
64961,0.29790917
35061,0.9554212
4420,0.9084978
90284,0.03130434
78140,0.03130434
68588,0.38240597
88539,0.03130434
28084,0.31249204
41225,0.96393096
123391,0.81490505
75797,0.03130434
122436,0.81094486
19743,0.39634213
78556,0.03130434
94849,0.25277582
64695,0.8381434
70642,0.28944543
67544,0.72185737
26565,0.45593145
53412,0.7387384
81080,0.03130434
86618,0.03130434
35331,0.19033685
91087,0.03130434
13547,0.33189258
34712,0.95226294
93483,0.18651922
55672,0.4815105
35327,0.2206226
6361,0.33189258
52021,0.12619202
1530,0.26128393
84557,0.03130434
32805,0.38877156
8844,0.8441323
31548,0.89097196
20906,0.2919539
72860,0.3055729
116480,0.7260815
29924,0.11218758
52642,0.20143037
56698,0.24092053
54803,0.7798636
90729,0.031310312
2363,0.69803023
101866,0.20034361
57320,0.6776664
80667,0.03130434
39040,0.9515991
74614,0.68822205
57568,0.8696135
97313,0.65213025
10699,0.24743919
28265,0.25343326
34214,0.4947152
1427,0.20522918
43532,0.9230428
87680,0.03130434
90161,0.031310312
28883,0.74903584
101647,0.8514981
20138,0.10156157
42751,0.75444716
88759,0.03130434
104542,0.34644756
118260,0.20881379
115200,0.67284214
59145,0.4313774
121814,0.87402016
38406,0.47060508
116815,0.20144422
71051,0.3361596
93350,0.34644756
412,0.58526874
36623,0.4947152
16317,0.2336608
102889,0.32861406
95999,0.49634773
19217,0.88546973
37602,0.40531373
6814,0.63186145
40747,0.8973856
93672,0.18651922
81348,0.03130434
75833,0.03130434
48868,0.2745464
71712,0.40205657
113031,0.16101477
79720,0.03130434
95093,0.21772183
36325,0.8997652
101821,0.23362757
27512,0.23874371
112624,0.5250505
83442,0.031310312
9455,0.23916388
26606,0.88868886
104980,0.28955534
82355,0.03130434
40628,0.81498253
71868,0.22607188
25827,0.09158824
10883,0.7784155
35241,0.91661537
25875,0.8723369
696,0.92748433
11707,0.19244489
56750,0.5050983
16039,0.36387038
96319,0.24264088
8590,0.7738915
43191,0.9139374
58441,0.32525337
25362,0.8973856
7820,0.2169093
50784,0.26382086
61214,0.73297215
65681,0.95170534
76675,0.03130434
11827,0.08458195
17888,0.91023386
23113,0.4386977
29903,0.11218758
79150,0.03130434
23130,0.37657493
17596,0.75638884
9921,0.19367898
49605,0.78743047
124675,0.7344843
7677,0.78601956
7265,0.22677469
516,0.2938009
106416,0.20838909
94152,0.94619924
61045,0.5075459
98739,0.120943554
100679,0.30260983
28610,0.24618354
100140,0.6870869
13398,0.60959244
6671,0.20985325
36582,0.46860376
14848,0.14268462
89350,0.03130434
17735,0.14259237
2490,0.22507282
109461,0.13400228
7811,0.20453136
94348,0.32426462
42679,0.94673926
11772,0.3275047
3556,0.1965817
77666,0.03130434
55804,0.73161304
86880,0.03130434
9209,0.8533867
72689,0.32232672
107364,0.9418784
81271,0.03130434
65086,0.7035453
4443,0.7109738
103211,0.25581354
3779,0.16539042
51609,0.20143037
69373,0.3368711
67370,0.25298703
100727,0.20034361
123144,0.8024182
16981,0.7650313
92637,0.29196018
46395,0.8849741
95583,0.35972196
120430,0.48534045
46187,0.95170534
29096,0.45593145
92149,0.2216915
87315,0.03130434
2949,0.6611861
38200,0.47252446
26088,0.28760076
11378,0.22616883
41286,0.38116187
56403,0.9341328
71429,0.2045015
51539,0.11828081
104495,0.2842968
121941,0.8380931
32422,0.96290976
21881,0.92217124
105203,0.3667882
111918,0.36541787
73219,0.2605548
75815,0.03130434
47886,0.48197725
38045,0.96351963
47236,0.31703597
122441,0.7974539
34122,0.9341328
17358,0.88546973
77232,0.03130434
85461,0.03130434
65431,0.27837387
61252,0.27571505
60391,0.8696135
30649,0.96351963
70962,0.32487923
104262,0.32487923
80153,0.03130434
70490,0.2340783
33546,0.14164568
124570,0.6717007
15768,0.35271606
95396,0.61133814
45470,0.87614733
77620,0.031310312
35863,0.9030965
113628,0.18258554
49427,0.6063674
5822,0.105922274
24854,0.23327021
65868,0.87777483
1649,0.6312402
71977,0.2340783
88076,0.03130434
87682,0.03130434
67323,0.22131206
123179,0.85602546
45490,0.21124457
68229,0.34269384
5564,0.73853374
43804,0.5362252
17822,0.3326643
119147,0.6537866
23991,0.38421112
104375,0.7699997
64747,0.4313774
67703,0.36080673
43179,0.9118601
63567,0.9314652
84699,0.031310312
99993,0.22391653
79681,0.03130434
50815,0.2879124
61751,0.6817767
30212,0.19192421
100995,0.38209546
41726,0.48197725
104814,0.36963782
39616,0.14335878
13716,0.12200315
47460,0.59230435
105564,0.32487923
115583,0.78203154
103669,0.34976557
90321,0.03130434
76852,0.031310312
103301,0.178252
86734,0.03130434
6833,0.35619152
112067,0.26276535
38499,0.2206226
99936,0.18651922
111751,0.4847921
74508,0.12832068
64788,0.26253343
92043,0.22349444
46884,0.94673926
111232,0.16396332
94703,0.19538094
36767,0.9321722
43537,0.6564573
25412,0.9576863
46496,0.9544391
117369,0.7601094
106051,0.71898323
54288,0.52917755
108508,0.30569765
65995,0.34269384
32285,0.2206226
48059,0.18900445
35999,0.88546973
97769,0.21253584
35013,0.95170534
28727,0.8022783
43709,0.9537863
918,0.88612276
74524,0.21250242
36304,0.81498253
81891,0.03130434
108569,0.88114905
54640,0.55037415
55800,0.7887926
84717,0.03130434
58522,0.49716303
13676,0.2093592
23014,0.82356757
13674,0.40514222
25578,0.9008028
77423,0.03130434
54032,0.6931902
73195,0.3085391
35693,0.7952733
50886,0.1643033
32066,0.88546973
42317,0.2206226
63256,0.45621622
70761,0.2605548
13865,0.34578788
49104,0.7779481
67278,0.71456665
109536,0.26917133
81085,0.03130434
66520,0.28201357
43298,0.8424386
25111,0.82356757
8183,0.23383927
36759,0.8973856
15946,0.35215345
35834,0.8499241
99523,0.28339604
45785,0.15186696
6888,0.08458195
12863,0.20591702
26821,0.87730765
3283,0.31938043
54231,0.32905048
46290,0.93644804
47995,0.91661537
50352,0.2200094
73971,0.77809983
66882,0.25405496
99253,0.2815712
43834,0.18850145
87640,0.03130434
53470,0.89238614
53805,0.89221984
96999,0.2292244
116840,0.2153792
34845,0.9306392
112443,0.22194551
96291,0.24264088
46554,0.91252583
97960,0.12832068
92063,0.3055729
42993,0.9390031
74281,0.2030948
18330,0.19291204
390,0.84405905
31497,0.95170534
45818,0.7565598
109501,0.5051089
23449,0.23323919
123979,0.47468916
103995,0.25581354
42252,0.2206226
2138,0.8567857
40,0.36927292
62362,0.9421789
69969,0.25581354
10140,0.1445623
37878,0.94673926
103023,0.20911352
97363,0.8622257
63910,0.48442245
110813,0.10260573
97084,0.21253584
90535,0.03130434
102826,0.7851502
103,0.8778794
26662,0.88868886
107464,0.25581354
68659,0.60625017
103166,0.19265224
95420,0.21253584
671,0.9499135
94059,0.89073193
9402,0.21343563
54126,0.33968773
24057,0.19291204
108849,0.14075728
25427,0.4191718
30235,0.96290976
65807,0.52028084
29209,0.7779481
53019,0.89238614
76187,0.03130434
69995,0.23404719
8030,0.7566454
15516,0.9512742
37033,0.96290976
123284,0.9061947
106092,0.3578396
52940,0.34230834
6131,0.09542217
77086,0.031310312
26365,0.35420755
101455,0.20034361
122109,0.37584305
31713,0.93818367
104717,0.21250242
34634,0.93832564
47734,0.4947152
122913,0.34272897
13755,0.2903929
24920,0.47651693
56363,0.5050983
26412,0.74414694
81127,0.03130434
92400,0.33499622
93008,0.94619924
2292,0.8219166
2324,0.19955513
77959,0.03130434
41932,0.95170534
71338,0.7546099
12618,0.89070785
70091,0.70328337
97016,0.67686427
58147,0.73297215
104396,0.28430465
58953,0.91424704
85947,0.03130434
73488,0.2539431
25770,0.38287258
79576,0.03130434
124256,0.87402016
1311,0.3895639
1104,0.3142129
75938,0.031310312
30309,0.59230435
42139,0.8997652
69810,0.2030948
26739,0.46860376
31724,0.9554212
5330,0.35694826
106246,0.32487923
34244,0.94673926
31640,0.5050983
112342,0.36131734
77865,0.03130434
18814,0.9074225
41107,0.89097196
30882,0.37821475
59350,0.4598379
119119,0.3474458
109926,0.28762338
67829,0.3491343
109196,0.08818512
86910,0.03130434
15904,0.12200315
117736,0.8023064
72649,0.21395674
34038,0.14164568
52891,0.1979359
60429,0.4815105
7903,0.7217419
3648,0.19243921
92909,0.9368869
50306,0.3074006
18816,0.9009365
110999,0.14495237
51474,0.7742245
5891,0.13244395
41866,0.45515043
59263,0.31159726
75274,0.03130434
77176,0.03130434
7806,0.20453136
72124,0.28407004
54453,0.23093534
49009,0.9597026
87488,0.03130434
123409,0.90203345
111118,0.15920162
20403,0.9127136
83444,0.031310312
8561,0.37338054
81419,0.03130434
34718,0.95172524
33626,0.16762054
39538,0.9537863
4327,0.9084978
31648,0.43509865
46274,0.95170534
18877,0.37013122
46570,0.96290976
96639,0.55959475
121609,0.8023064
123186,0.8663952
36050,0.8662541
80150,0.03130434
6726,0.32480252
73594,0.32861802
113519,0.4879493
120265,0.6390387
95887,0.70581293
40871,0.8402189
13488,0.28000057
50219,0.7293726
53337,0.7802147
35534,0.8675313
98844,0.20814428
25471,0.9576863
17081,0.42323947
105410,0.30172458
85115,0.03130434
4744,0.20985325
4606,0.89425576
94566,0.34528977
44287,0.48121223
13643,0.14268462
79621,0.031310312
93280,0.24264088
32950,0.15186696
34256,0.16762054
107293,0.81992453
113790,0.81854373
115872,0.36617872
7166,0.63186145
59616,0.95226294
74973,0.03130434
104499,0.25549293
16445,0.22246316
70694,0.8596698
13115,0.9499135
6523,0.29902261
25506,0.9576863
20172,0.4435006
38148,0.4947152
68215,0.36154202
14226,0.3822992
101540,0.3085391
118660,0.8246414
52676,0.16121374
24059,0.27076778
36666,0.15186696
105293,0.82462114
86454,0.03130434
108974,0.154441
74198,0.23638994
58671,0.5108527
70830,0.2340783
2689,0.16455097
54709,0.6955692
29582,0.41450492
820,0.9499135
32442,0.8758363
71711,0.23404719
6029,0.08458195
27062,0.21830754
37102,0.9023784
61084,0.9314652
12861,0.21340649
121558,0.8809566
39004,0.9451626
66613,0.36154202
115199,0.3474458
85517,0.03130434
23832,0.44203436
103494,0.25581354
120034,0.29461455
120074,0.31395927
16028,0.14268462
117746,0.80446213
12456,0.36106455
79374,0.03130434
5194,0.9357847
70981,0.7108496
117183,0.2627041
110032,0.20261481
89210,0.03130434
34683,0.94818467
30870,0.8796976
35611,0.9554212
60204,0.8360774
34523,0.7237259
57612,0.9116335
91814,0.26538283
17743,0.5350192
117661,0.8138688
64392,0.9369883
38020,0.96290976
9060,0.6595186
6746,0.10639612
116406,0.6850327
4344,0.9183403
114958,0.3899682
97277,0.33394322
58084,0.91615355
117035,0.42657208
113129,0.18211748
82466,0.03130434
8631,0.33814573
95322,0.32533777
69177,0.2030948
77663,0.031310312
37096,0.49169213
104157,0.24440591
38121,0.38116187
50967,0.26454574
8724,0.21343563
90521,0.03130434
38817,0.9208311
32629,0.9597026
25669,0.7251249
88355,0.03130434
39804,0.96290976
69657,0.8820279
97618,0.5292948
118900,0.4554986
104065,0.2340783
43699,0.76437867
29965,0.11218758
53483,0.3979963
122626,0.9000777
85744,0.031310312
33429,0.26797763
42689,0.96290976
25511,0.9572069
11830,0.09542217
6108,0.33565325
11422,0.36268446
101373,0.32426462
120764,0.3607884
69356,0.3361596
120577,0.50103664
121888,0.40370604
40774,0.8973856
58572,0.9211681
119114,0.2153792
20675,0.7650313
84881,0.031310312
83166,0.03130434
69026,0.67338735
67941,0.34357917
73252,0.2605548
2863,0.09542217
116848,0.2502103
121304,0.45095533
5047,0.9357847
63479,0.8743015
10163,0.45123217
109174,0.1990979
115575,0.26141655
22290,0.8881076
3287,0.32192072
12325,0.7688594
89980,0.03130434
93958,0.20911352
106543,0.38219392
22476,0.9241818
118478,0.24211182
101064,0.35649446
87748,0.03130434
21173,0.21385325
115152,0.86633736
3146,0.25189117
44175,0.2206226
63215,0.8893555
76242,0.03130434
92332,0.7546099
33090,0.9306392
36230,0.18748035
9357,0.34345675
96940,0.79174083
66086,0.43610668
95402,0.31952056
92456,0.6081132
31888,0.96290976
116324,0.3474458
43086,0.21511321
34427,0.94132125
121177,0.16101477
97411,0.8822433
92988,0.94167316
69243,0.25581354
62159,0.8970733
76119,0.03130434
90482,0.03130434
110135,0.15671176
115755,0.8375333
99013,0.68210685
84143,0.03130434
104743,0.28407004
109522,0.18607113
87175,0.03130434
59840,0.87728703
80541,0.03130434
23811,0.49962857
65568,0.4322924
96455,0.20911352
39867,0.95170534
73315,0.3622297
68866,0.1426088
82970,0.03130434
80138,0.03130434
100550,0.35977632
77859,0.031310312
23393,0.65744835
52441,0.16552348
8327,0.16285488
57522,0.48442245
105976,0.9162127
96889,0.42394328
121588,0.91626215
40668,0.9547702
52074,0.9207184
51469,0.44359928
103058,0.22854485
11066,0.3092915
66855,0.23028636
68635,0.59145194
81374,0.03130434
18466,0.70245
104268,0.27249783
79926,0.03130434
121548,0.78203154
3151,0.20522918
95690,0.13700894
77853,0.03130434
83811,0.03130434
72130,0.3085391
44476,0.96393096
116932,0.80067354
77703,0.031310312
81667,0.031310312
114805,0.8492428
97571,0.22854485
73005,0.8740363
55164,0.2396019
16966,0.4445214
57068,0.9306392
16836,0.7779481
47658,0.9306392
99592,0.78630614
10197,0.19099386
69568,0.24119595
94949,0.3142851
110195,0.35919958
118557,0.20881379
64272,0.84935623
44862,0.91661537
9823,0.23213595
682,0.8640416
88247,0.03130434
32702,0.48197725
58067,0.9142433
24389,0.6511775
102930,0.21253584
74320,0.701712
15725,0.14268462
8982,0.2980226
36359,0.96290976
34468,0.3846092
11402,0.27886045
80658,0.03130434
68490,0.3817751
114891,0.28450996
30906,0.91637546
87843,0.03130434
63925,0.27021104
6011,0.08458195
98331,0.60625017
79730,0.03130434
54495,0.48442245
14500,0.9499135
37629,0.95170534
51718,0.45814016
36733,0.9519672
68071,0.31490391
13802,0.23383927
89130,0.03130434
85727,0.03130434
47657,0.8426271
87894,0.03130434
19605,0.30983835
29236,0.7887926
87513,0.03130434
32104,0.4947152
116139,0.31488678
5780,0.68795264
45108,0.96290976
75285,0.03130434
86862,0.03130434
40655,0.90952253
39291,0.94382316
67206,0.22123717
10993,0.27329123
25294,0.90676683
15818,0.14268462
88522,0.03130434
80133,0.031310312
7108,0.29443562
100296,0.728774
65883,0.39701784
35389,0.168059
57145,0.39849648
121261,0.44918558
22144,0.9106116
118839,0.36617872
51117,0.12619202
70703,0.3915101
117441,0.2990867
39107,0.96080846
105773,0.23777822
28042,0.8796976
73927,0.41462865
48183,0.92534685
260,0.8769426
79671,0.03130434
79546,0.031310312
97243,0.41233718
96512,0.21800894
101386,0.5486601
59294,0.75078344
32596,0.9597026
57724,0.41627684
28718,0.46860376
30658,0.96393096
91276,0.03130434
84398,0.03130434
77616,0.031310312
86358,0.031310312
104501,0.23404719
65821,0.32778472
65923,0.41999602
120979,0.34424162
83132,0.031310312
80005,0.031310312
105215,0.36963782
32480,0.96290976
21154,0.11655196
3827,0.18508957
22714,0.73297215
83765,0.03130434
59517,0.83955395
60792,0.52917755
95349,0.26282716
5046,0.9450165
122742,0.34369883
124219,0.88607174
52485,0.6597774
102179,0.7725063
17662,0.42060757
46998,0.96290976
109236,0.082790986
63225,0.9230428
36485,0.87209076
76577,0.03130434
91936,0.26767382
7991,0.09542217
119776,0.53442985
74292,0.20838909
82083,0.03130434
86849,0.03130434
70984,0.7713072
11208,0.77689314
116635,0.17086148
5918,0.3445879
13829,0.23830368
28812,0.88354594
34748,0.14164568
12792,0.596209
66821,0.37339127
91961,0.25271714
16032,0.14268462
59786,0.45868096
40326,0.96290976
73920,0.2160823
89756,0.031310312
117324,0.31809312
12643,0.33079484
98838,0.30825472
9166,0.19367898
124846,0.935317
114821,0.776525
100880,0.82885486
26968,0.81297904
114123,0.2627041
117707,0.67423606
55705,0.37339664
115914,0.36617872
10688,0.37759668
56881,0.81498253
112832,0.3062433
86891,0.03130434
121519,0.73573834
98008,0.9162127
62096,0.47252446
34373,0.35137928
41156,0.96290976
84870,0.03130434
34981,0.94673926
113522,0.38323477
86256,0.03130434
83598,0.031310312
50391,0.2507369
56884,0.87614733
59054,0.9421789
102542,0.12832068
102394,0.12832068
84603,0.03130434
67099,0.3179627
51673,0.10380996
34673,0.95226294
34667,0.95172524
76993,0.03130434
14341,0.12200315
48611,0.96290976
97832,0.16044275
9416,0.8533867
69676,0.79072076
86387,0.031310312
102153,0.6316427
53306,0.75444716
67861,0.23124127
82745,0.03130434
79102,0.031310312
86342,0.031310312
68729,0.12832068
115299,0.3474458
115498,0.39535472
118318,0.23330303
45167,0.1493025
81605,0.031310312
10656,0.23383927
60454,0.29100558
65642,0.50940806
106996,0.36144003
21680,0.7695713
90973,0.03130434
24063,0.29847994
34182,0.81498253
64871,0.73817825
43225,0.9044326
63636,0.9421789
95705,0.3127869
99009,0.6081132
38113,0.5393285
29444,0.21830754
54839,0.434733
3468,0.22941995
92111,0.5061463
56775,0.83874524
40447,0.8973856
77018,0.03130434
13126,0.95837826
76919,0.03130434
29943,0.11218758
67637,0.27702808
72703,0.6371123
40435,0.81498253
81129,0.03130434
118914,0.6063959
41561,0.92534685
79519,0.03130434
56104,0.9230428
73412,0.33616814
21872,0.92217124
40814,0.9335841
114030,0.16101477
118319,0.23330303
99701,0.71944577
75693,0.03130434
124541,0.4909261
29000,0.45593145
6911,0.29850736
13297,0.75567025
119042,0.39535472
54044,0.23093534
101799,0.36303556
56612,0.8453875
108291,0.36144003
33199,0.9417419
105078,0.60625017
111561,0.48734018
58624,0.95226294
71484,0.2340783
29878,0.11218758
37233,0.94382316
28985,0.22763993
14749,0.9572069
33690,0.4947152
116536,0.7010585
28770,0.60234964
79435,0.03130434
107224,0.94350517
68791,0.22387709
115985,0.8225711
114267,0.8375333
102702,0.34835294
94922,0.24233142
76574,0.03130434
81806,0.03130434
4084,0.86822987
95829,0.3468104
105033,0.2030948
75278,0.03130434
17117,0.22377388
37056,0.95170534
68221,0.32600516
113384,0.13818616
73762,0.58570427
53158,0.8664309
97008,0.5292948
111426,0.14149433
89098,0.03130434
75178,0.03130434
109962,0.52826786
13182,0.6883518
376,0.18110709
108559,0.28280175
37761,0.44359928
74551,0.9482759
118586,0.27604803
31774,0.9537863
69093,0.25581354
117120,0.2153792
45938,0.92397183
42721,0.9046038
31457,0.32990384
109264,0.36333108
6909,0.33899
78426,0.03130434
12955,0.33630553
22983,0.19999614
108318,0.25581354
47601,0.9306392
80113,0.03130434
72760,0.27072632
74722,0.2605548
889,0.9572069
43857,0.52736276
54601,0.20716664
33099,0.22387709
10068,0.73166746
57430,0.8743015
94622,0.22120307
78893,0.03130434
50218,0.5736595
43470,0.8970733
71197,0.3361596
68251,0.3491343
103370,0.18962973
63777,0.8541723
100617,0.7896348
77705,0.031310312
96653,0.30569765
74398,0.3432442
91561,0.03130434
53784,0.35980433
105612,0.20811133
52855,0.23093534
109273,0.13199246
100954,0.33670583
65746,0.23845762
29674,0.15948981
2293,0.78226143
10832,0.77689314
88234,0.03130434
15342,0.24743919
5134,0.9357847
81868,0.03130434
58842,0.7382961
45710,0.9231882
120795,0.3474458
94799,0.252591
87920,0.03130434
84180,0.03130434
46618,0.9306392
102798,0.2292244
96365,0.20558472
30008,0.1451143
81620,0.03130434
91100,0.03130434
36597,0.91637546
89564,0.03130434
26752,0.71605504
70874,0.2605548
85620,0.03130434
56617,0.9137137
119929,0.44480392
95898,0.7953498
109087,0.22692855
122255,0.29561195
10611,0.7189945
15518,0.9512742
78661,0.03130434
26260,0.30309048
104627,0.7715863
103826,0.92321473
29082,0.6465271
44863,0.96290976
95146,0.8086775
61453,0.93818367
57799,0.26316988
39818,0.96290976
100926,0.15945047
92884,0.9384471
29628,0.91637546
6912,0.83430535
35997,0.48197725
61980,0.73297215
95171,0.27403837
80624,0.03130434
20298,0.78671986
70030,0.34723896
109114,0.17024016
100789,0.40873396
74441,0.31952056
104276,0.3166243
119281,0.31488678
46941,0.8426271
14050,0.1647358
63516,0.9116335
72034,0.23777822
122900,0.746742
103757,0.37358308
101669,0.68822205
24245,0.19869632
85308,0.03130434
120084,0.24102098
85868,0.031310312
21689,0.38287258
108237,0.94194055
96574,0.22854485
107962,0.36074626
31441,0.40356418
96197,0.20034361
122373,0.3896494
77860,0.031310312
60382,0.77795964
109816,0.15946206
81084,0.03130434
98398,0.7009892
48767,0.6730268
24119,0.11655196
37951,0.96290976
103843,0.20838909
90372,0.03130434
54037,0.65600604
123011,0.2656955
13078,0.9499135
67882,0.2285474
81143,0.03130434
65851,0.8256425
67976,0.31490391
19256,0.4164125
58385,0.37787455
74267,0.23302016
122061,0.22696823
86462,0.03130434
115097,0.42657208
94557,0.29782614
41384,0.4554561
10816,0.77689314
84859,0.03130434
29114,0.82158434
33615,0.41324836
54704,0.6955692
94382,0.22166151
78836,0.031310312
10835,0.20453136
34955,0.7779481
76411,0.03130434
81937,0.03130434
96105,0.2472191
71296,0.66962254
49481,0.16127795
16831,0.37707433
88973,0.031310312
106606,0.21250242
96592,0.24264088
122391,0.28212526
94989,0.6316427
28945,0.86961967
62795,0.9236431
76998,0.03130434
37645,0.96290976
18200,0.9450165
101940,0.79072076
16012,0.23019616
89565,0.03130434
31882,0.9208311
75559,0.03130434
113407,0.43353543
76995,0.03130434
109,0.9284976
9123,0.84810895
125018,0.47202897
94358,0.57491595
32434,0.9554212
122281,0.47502312
78629,0.031310312
96075,0.53047854
3277,0.27710605
67202,0.29478815
99709,0.7591215
54447,0.40929744
80980,0.03130434
14103,0.73524386
93546,0.20170811
125101,0.28795478
14579,0.95837826
58273,0.94382316
26286,0.4366265
89282,0.03130434
115849,0.8375333
110565,0.17414215
52598,0.14233825
102327,0.16044275
100945,0.5564114
72695,0.25581354
112421,0.3062039
67581,0.33217448
6522,0.09542217
411,0.34738934
3678,0.18508957
58077,0.403944
94838,0.80427295
26224,0.7099934
1329,0.859899
96195,0.20034361
31152,0.1844453
22499,0.90676683
38258,0.96290976
88264,0.03130434
3776,0.20576549
111621,0.23677535
30043,0.19192421
52703,0.17986925
75056,0.03130434
19666,0.42653945
89811,0.031310312
51676,0.14148232
99281,0.21253584
119544,0.8244422
59585,0.9390031
34216,0.88546973
93631,0.4784067
72218,0.20811133
70683,0.4169493
77313,0.03130434
99006,0.34835294
123713,0.4576623
62854,0.7382961
116263,0.46263853
52780,0.56458336
61337,0.37339664
121069,0.18211748
40450,0.9046038
116724,0.71011233
88252,0.03130434
20476,0.860123
33836,0.18707499
14780,0.95837826
32064,0.47906628
3862,0.48811638
66270,0.37672767
36137,0.88672805
46446,0.96290976
29889,0.11218758
109157,0.17231268
124230,0.9065999
117478,0.36617872
11258,0.21245174
75531,0.03130434
92594,0.12385409
27678,0.34584197
48088,0.41565022
116434,0.25114974
51470,0.7382961
64537,0.8830084
44605,0.96393096
78618,0.031310312
48354,0.60234964
61697,0.8907591
11506,0.119666636
3578,0.19243921
96069,0.3691039
19458,0.8823559
88692,0.03130434
82033,0.03130434
112578,0.29050997
15333,0.32533777
20950,0.37943122
120530,0.29050997
102100,0.252267
88580,0.03130434
2720,0.09542217
32634,0.9475821
98486,0.3578396
95701,0.37312752
1984,0.24717304
59223,0.91860306
5674,0.32891375
89430,0.03130434
14031,0.85901177
87218,0.03130434
79619,0.03130434
103059,0.3260795
49147,0.25997135
94210,0.8750961
46712,0.96290976
120809,0.7954366
13022,0.42294315
54840,0.34230834
90446,0.03130434
47630,0.96290976
61514,0.20227867
108612,0.33499622
88517,0.03130434
59901,0.62940556
43734,0.9103443
90505,0.03130434
80675,0.031310312
72995,0.86843574
77738,0.031310312
56195,0.62751484
302,0.34408906
52378,0.20705841
29147,0.860123
340,0.33692366
86201,0.03130434
121107,0.3474458
11333,0.2851606
52704,0.45814016
30763,0.9519672
21226,0.11655196
74840,0.25581354
98200,0.9424478
107312,0.94194055
17263,0.35772887
98325,0.67590606
112028,0.3920502
117630,0.7395324
57184,0.75444716
118151,0.23330303
59139,0.48442245
69565,0.2340783
79711,0.03130434
117415,0.22210306
88013,0.03130434
103201,0.2856891
36618,0.95170534
46909,0.86518884
80128,0.03130434
30920,0.39907768
24840,0.40407833
112906,0.3474458
469,0.13109349
21256,0.12972468
41919,0.6707934
16871,0.4070767
34809,0.47924474
70924,0.9478172
84136,0.03130434
59305,0.87728703
92254,0.4516217
5758,0.119666636
11444,0.13244395
48863,0.40356418
114789,0.3743192
113349,0.45457506
91402,0.03130434
67693,0.37339127
86836,0.03130434
19239,0.58023924
35721,0.9306392
95118,0.46105257
118204,0.4179905
74308,0.34835294
34223,0.91252583
45004,0.2206226
100526,0.78982365
124872,0.935317
64942,0.24020088
1357,0.9499135
10370,0.34476504
103421,0.61812675
66445,0.27702808
123543,0.8821898
64446,0.95170534
96902,0.28274912
106570,0.27249783
79033,0.03130434
79290,0.03130434
21013,0.92217124
121074,0.18211748
40241,0.46860376
59961,0.5582415
36549,0.8997652
66633,0.1252729
51457,0.8885624
37486,0.96290976
17510,0.23323919
92250,0.21253584
22074,0.78671986
73097,0.30416518
96047,0.8129687
41043,0.15186696
35473,0.45593145
48172,0.43603024
83688,0.03130434
104957,0.2856746
119979,0.7344843
119645,0.3590929
113331,0.29073787
109566,0.13199246
11259,0.36106455
3316,0.21235535
114384,0.2153792
46226,0.48197725
37729,0.8499241
72210,0.28280175
17674,0.76285684
31154,0.48692027
55355,0.90281117
40084,0.96290976
46245,0.9396809
114291,0.31718054
22466,0.9241818
74190,0.23339364
55746,0.76531404
74024,0.24119595
24698,0.9168619
66472,0.27702808
98047,0.16044275
95883,0.40611753
46203,0.96290976
21629,0.90499485
76276,0.031310312
67828,0.38240597
77252,0.03130434
78676,0.031310312
70195,0.29348382
86903,0.03130434
5660,0.32923824
49142,0.28652832
15883,0.9353937
115753,0.5746072
96176,0.36303556
40600,0.9597026
31013,0.96290976
117532,0.78203154
105133,0.45262942
41713,0.2206226
10444,0.119666636
99580,0.682255
16505,0.36516735
124400,0.3914102
93413,0.3055729
115130,0.3471676
105807,0.2030948
104500,0.2842968
78918,0.03130434
30385,0.96351963
42886,0.9314652
58667,0.48288697
24266,0.81498253
17990,0.860123
59418,0.62940556
3878,0.17255975
4140,0.35694826
93774,0.57491595
55377,0.860123
70960,0.55907065
78010,0.03130434
7051,0.84677356
108499,0.33499622
115457,0.5902682
113912,0.26668766
13470,0.85995024
89302,0.03130434
15816,0.14268462
39376,0.8426271
63623,0.9039903
58210,0.96290976
54278,0.61208147
94751,0.2004174
55748,0.7829123
48946,0.2206226
12447,0.32068625
81096,0.03130434
121837,0.37932622
52008,0.2702333
104292,0.7945083
20648,0.9028616
86218,0.03130434
13654,0.14268462
113602,0.22180784
4042,0.35263997
8210,0.72244096
55049,0.32905048
112201,0.36117372
85597,0.03130434
51192,0.8758363
16338,0.20276134
120090,0.34911624
86992,0.03130434
113742,0.68277544
5499,0.81430286
96580,0.2472191
42537,0.96290976
83875,0.03130434
38143,0.18748035
47269,0.4947152
22212,0.857342
12165,0.35271606
28203,0.33141363
120758,0.4422965
22519,0.11655196
66956,0.5055409
34590,0.8865007
71310,0.31649715
63146,0.8081905
97464,0.81153715
59256,0.49716303
23858,0.38984174
51818,0.89682275
96425,0.29086792
62358,0.9421789
26527,0.25362933
21976,0.19291204
53112,0.8664309
32587,0.9597026
67533,0.86843574
34578,0.8554636
52095,0.9390031
27481,0.25997135
100917,0.9032545
124643,0.9061947
84208,0.03130434
77882,0.03130434
11274,0.7145849
109843,0.15946206
41677,0.23125121
34836,0.9205261
33770,0.16762054
47398,0.9306392
62543,0.85786796
50533,0.9116335
98612,0.20814428
85902,0.03130434
54870,0.4947152
41207,0.96393096
71530,0.34644756
119550,0.35944235
9889,0.2169093
3030,0.6874053
7574,0.3687339
11195,0.18231802
90548,0.03130434
54667,0.9408963
68799,0.12832068
58286,0.9421789
61684,0.20227867
91043,0.03130434
100422,0.34192467
70199,0.29348382
30851,0.2206226
11083,0.27895018
33432,0.45593145
30811,0.96351963
1674,0.20522918
77762,0.03130434
41266,0.33932203
61845,0.89682275
3246,0.8578623
16413,0.12146925
64142,0.8381434
1566,0.3270062
118336,0.78203154
56499,0.89682275
79098,0.03130434
100624,0.3466407
66250,0.22686978
61939,0.85811615
17592,0.36263344
23634,0.86013114
50452,0.860123
18314,0.10156157
45075,0.96290976
115010,0.8375333
83629,0.03130434
63010,0.76531404
63303,0.46398416
12628,0.9084978
77485,0.03130434
87210,0.03130434
48498,0.88546973
60632,0.45621622
67336,0.3647356
57387,0.91880554
47393,0.8997652
77017,0.03130434
24357,0.70245
49412,0.9338707
23951,0.8954587
110211,0.2465215
24467,0.11655196
105322,0.31952056
107702,0.32248288
46107,0.16762054
16340,0.20276134
22081,0.48542252
30960,0.9054626
77127,0.03130434
67812,0.2573872
95605,0.4055622
33756,0.16762054
11024,0.08458195
116516,0.2165065
101227,0.17848307
94404,0.34690365
27876,0.36573124
84004,0.03130434
51867,0.9230428
13324,0.4209065
98676,0.31649715
44112,0.96290976
84949,0.03130434
87558,0.031310312
21716,0.88341886
21161,0.11655196
30334,0.95170534
15955,0.14268462
40327,0.9554212
74042,0.25581354
86016,0.031310312
73941,0.33394322
65287,0.6817868
77814,0.03130434
53490,0.3538766
49320,0.8743015
13257,0.2956658
52443,0.45814016
82575,0.031310312
16431,0.2682448
83148,0.031310312
28501,0.28760076
109724,0.11652133
64651,0.8572046
16473,0.8827081
94599,0.2071535
38383,0.9341328
55082,0.88443464
123609,0.8608373
32145,0.94673926
57842,0.9035957
101521,0.18701814
112876,0.3062433
99621,0.32861406
72052,0.5857679
49869,0.63933283
92866,0.2292244
9832,0.2956658
984,0.8704226
74880,0.3578396
91194,0.03130434
120848,0.84962094
77448,0.03130434
102068,0.57491595
80762,0.03130434
48301,0.6572555
6318,0.12480803
18244,0.9357847
35179,0.35137928
117967,0.24383277
51109,0.10380996
113188,0.28770217
57840,0.9035957
95597,0.35972196
15643,0.94499403
64353,0.32269016
98199,0.9424478
110046,0.15671176
66824,0.34357917
54533,0.43452618
10707,0.36124867
114782,0.4771988
110374,0.18441868
18175,0.9357847
50765,0.89675933
50849,0.8856433
108744,0.26296896
104387,0.25549293
68290,0.3491343
103030,0.20911352
94368,0.31269062
101048,0.3166243
88583,0.03130434
94976,0.80719215
80644,0.031310312
41129,0.95170534
61263,0.8335826
32287,0.559998
55236,0.62751484
111363,0.81854373
74681,0.25581354
102366,0.16044275
70381,0.2030948
60289,0.87728703
6620,0.26456466
8007,0.85073787
116588,0.746742
61061,0.75444716
5216,0.6956902
116582,0.29050997
27136,0.3096047
48877,0.8970733
30138,0.13061339
114696,0.1868359
10944,0.24743919
86884,0.031310312
9706,0.25595048
120889,0.8577614
30795,0.96290976
34022,0.3846092
96413,0.30416518
854,0.94499403
2836,0.32157475
111582,0.49819458
100087,0.32487923
41065,0.89960104
76737,0.031310312
52681,0.6273429
44707,0.15186696
98582,0.20814428
91060,0.03130434
94456,0.34357408
54657,0.9239178
104086,0.27381667
16627,0.41052312
63232,0.41627684
22718,0.7196956
97705,0.58570427
113282,0.30150157
62199,0.89675933
95319,0.27750233
53844,0.23376569
95766,0.38403282
76445,0.03130434
100872,0.3399628
46025,0.18900445
93619,0.42394328
63760,0.9139374
53452,0.84184235
28260,0.21994603
60755,0.49716303
54260,0.39265358
11682,0.24743919
35804,0.81498253
17283,0.3825162
87420,0.03130434
21857,0.89993906
59254,0.60609657
89286,0.03130434
113542,0.45204774
97946,0.6511657
122241,0.4951982
21038,0.5510561
20859,0.23323919
68298,0.346489
99574,0.34192467
3771,0.1965817
42138,0.44359928
50427,0.18961065
75233,0.031310312
50152,0.10380996
11452,0.13244395
14363,0.19497147
23706,0.95837826
85994,0.03130434
665,0.94499403
80018,0.03130434
66962,0.27702808
98943,0.34211707
26630,0.4366265
2716,0.09542217
48104,0.8777697
119797,0.41959786
26142,0.36308485
54147,0.22589394
72323,0.61239284
28525,0.7910486
73166,0.25581354
81595,0.03130434
83544,0.031310312
55598,0.62751484
106293,0.50061154
73822,0.2605548
61294,0.88335913
83623,0.03130434
97264,0.3361596
695,0.9377997
94190,0.94619924
43167,0.35659227
93185,0.18844602
41494,0.95170534
1797,0.36969262
52105,0.48197725
48591,0.96290976
23546,0.81498253
12047,0.94499403
22359,0.9241818
113217,0.3590929
17752,0.11430625
40372,0.96393096
110717,0.5037769
45231,0.5006101
36553,0.8426271
76316,0.03130434
88366,0.03130434
114783,0.43545714
51287,0.20326011
94051,0.3368711
14778,0.9512742
2699,0.09542217
86520,0.03130434
89125,0.03130434
95043,0.31649715
45912,0.9624873
28539,0.25157267
90885,0.03130434
60743,0.41627684
87916,0.03130434
82972,0.03130434
80849,0.03130434
53905,0.3899322
60622,0.84872174
39604,0.96290976
49227,0.75444716
3496,0.1965817
19806,0.7382961
12110,0.24993552
83855,0.03130434
104363,0.29196018
7227,0.104633525
43827,0.37672767
3427,0.33948773
15619,0.9438529
41653,0.91637546
69598,0.78361666
124711,0.31812727
72057,0.3368711
47396,0.91637546
93999,0.5292948
78396,0.03130434
121413,0.7010585
70914,0.89592046
64335,0.84935623
52372,0.8893555
78538,0.03130434
120859,0.7273303
84262,0.03130434
122875,0.5827285
44625,0.46653733
107092,0.94194055
38987,0.46419525
97724,0.28407004
53657,0.860123
7802,0.37767074
55980,0.8842882
84567,0.031310312
98522,0.20034361
87944,0.031310312
101907,0.30417335
6389,0.73627204
105260,0.3166243
7954,0.6820612
80505,0.03130434
56422,0.73130363
21613,0.9241818
32529,0.5041699
61256,0.44709235
2286,0.6697563
120994,0.18211748
87075,0.03130434
9408,0.33189258
77515,0.03130434
44099,0.90702087
24785,0.22377388
100369,0.31316555
105332,0.3055729
43953,0.81498253
1862,0.8862143
45647,0.18748035
36583,0.8973856
79966,0.03130434
69459,0.2975923
82622,0.03130434
124242,0.39829805
15260,0.15122528
31378,0.87614733
25070,0.9576863
74900,0.4267726
117283,0.34575593
90425,0.03130434
36891,0.45621622
2077,0.32494247
80782,0.03130434
28059,0.2065176
113729,0.29050997
59188,0.8970733
84246,0.03130434
31942,0.5050983
108362,0.25581354
102690,0.32487923
61851,0.8280514
77911,0.031310312
101249,0.20814428
94971,0.26031482
31591,0.9396809
120037,0.31488678
1152,0.75410306
52154,0.1703985
118249,0.47533438
63569,0.9314652
7504,0.7346959
118518,0.7260815
74469,0.22937126
71897,0.31278303
50120,0.5582415
70753,0.3085391
96070,0.19807854
39431,0.3846092
104087,0.35972196
80435,0.03130434
115921,0.36617872
57931,0.47906628
101002,0.79072076
4128,0.25888732
77091,0.03130434
123729,0.91834784
124928,0.2596718
30124,0.13061339
96971,0.5292948
448,0.16277035
49101,0.51783645
55111,0.82158434
60151,0.9314652
26097,0.7779481
75524,0.03130434
21765,0.9127136
102639,0.84178996
35966,0.96290976
68573,0.62523705
4710,0.6883518
103343,0.20838909
70640,0.23404719
85299,0.03130434
70634,0.36015904
48087,0.36904532
93053,0.9368869
36664,0.36921132
63781,0.8800906
8306,0.2851606
56192,0.62751484
38886,0.96290976
26482,0.4241288
84301,0.03130434
24935,0.8346405
12037,0.5094485
13698,0.12200315
47842,0.30309048
103242,0.25549293
636,0.830393
75857,0.03130434
114678,0.39196408
114932,0.76843184
69865,0.46203277
49254,0.4947152
37193,0.96290976
119946,0.26195052
23187,0.38421112
124684,0.86706424
86872,0.03130434
51525,0.16869853
8703,0.19099386
6064,0.22246316
83446,0.031310312
110011,0.19092217
82956,0.03130434
87499,0.03130434
82715,0.03130434
35153,0.24099268
33409,0.18707499
27142,0.4366265
124239,0.46874762
56428,0.84160036
68117,0.7044026
41523,0.9306392
57974,0.87728703
93187,0.34835294
91215,0.03130434
88129,0.03130434
115367,0.41579652
113059,0.34312794
19588,0.7951407
65877,0.9039903
73157,0.25581354
51806,0.91880554
84966,0.03130434
50092,0.18961065
95524,0.22225878
124427,0.68666965
24614,0.67640203
5883,0.13244395
109286,0.13199246
116428,0.3474458
2904,0.15762793
82833,0.03130434
5349,0.606262
1361,0.9491987
81033,0.03130434
55642,0.3097356
32083,0.96290976
41223,0.96393096
19487,0.8862143
108402,0.32066295
6256,0.6289116
45063,0.96290976
74570,0.9478172
61685,0.75444716
45481,0.35137928
73341,0.3042494
54072,0.19163425
11430,0.6874053
76032,0.031310312
21327,0.14530264
19868,0.10156157
106012,0.31866714
54206,0.38584703
96010,0.38219392
106707,0.24119595
100306,0.8348331
71386,0.25581354
15409,0.86047524
66193,0.39882267
23015,0.9314189
45611,0.8426271
36753,0.92534685
24160,0.9393818
95445,0.20034361
47487,0.8758363
70835,0.2340783
16319,0.30340338
67867,0.22686978
5753,0.31776014
39486,0.9537863
8493,0.7298426
109011,0.16396332
60011,0.15798917
121402,0.49504542
35977,0.96290976
6153,0.22616883
1731,0.19335319
27342,0.26736042
101980,0.30416518
122522,0.42945448
82231,0.03130434
33159,0.18748035
10864,0.21129432
8956,0.64010215
11316,0.35360643
13870,0.14268462
19244,0.49962857
86703,0.03130434
50229,0.70860773
104057,0.29691553
75861,0.03130434
85658,0.03130434
62298,0.89555204
116529,0.2165065
3399,0.22507282
45711,0.65943736
49393,0.82087034
102621,0.3368711
92300,0.21253584
106369,0.39489302
19599,0.41776636
46556,0.9519672
108804,0.23186585
28701,0.4789583
39806,0.96290976
84584,0.031310312
69127,0.5119126
84083,0.03130434
18973,0.10156157
66169,0.73571616
11888,0.12480803
14158,0.9499135
54444,0.3538766
10044,0.19661924
101246,0.17848307
66518,0.28201357
106623,0.20838909
122788,0.4130767
54768,0.6725419
54403,0.8024413
52647,0.8289991
122667,0.47502312
104525,0.34644756
109495,0.19426274
53233,0.90023947
63870,0.2825769
69105,0.58570427
78690,0.03130434
42475,0.8973856
120302,0.2733123
95354,0.27518135
30966,0.95170534
125118,0.4542818
120268,0.8272179
30773,0.8864545
78971,0.03130434
77428,0.03130434
86722,0.03130434
69401,0.39839217
46926,0.87614733
125068,0.26729608
83844,0.03130434
115756,0.84461474
76985,0.03130434
17974,0.9499135
123364,0.45731965
95384,0.35434297
91365,0.03130434
94791,0.26031482
120937,0.79116064
40141,0.2206226
106800,0.30416518
16498,0.24549973
73082,0.3361596
120996,0.18211748
112287,0.2153792
106283,0.93772095
98962,0.77624804
55823,0.4355171
16920,0.23222189
102525,0.2995889
90602,0.03130434
80342,0.03130434
108351,0.32861802
41649,0.45621622
38707,0.91661537
47060,0.45374578
2831,0.1829575
66501,0.27702808
99872,0.58570427
100401,0.29533622
102150,0.30569765
27622,0.26797763
44354,0.96290976
123730,0.8492567
120640,0.8951654
44268,0.86936563
46381,0.7891442
41181,0.96393096
112848,0.23330303
18145,0.9450165
75317,0.03130434
53920,0.7724688
91294,0.031310312
58980,0.9390031
33239,0.27262792
19338,0.49962857
113263,0.35595596
54547,0.3899322
21433,0.8957435
11326,0.21398759
63926,0.4313774
8581,0.7590963
36694,0.45621622
111745,0.34619847
84757,0.031310312
117056,0.41415057
93403,0.3042494
125080,0.81094486
49581,0.26454574
32565,0.9208311
1258,0.9499135
99903,0.37767074
60537,0.8665921
75303,0.03130434
30883,0.88546973
74201,0.7044026
85668,0.03130434
39944,0.9519672
124055,0.4909261
111951,0.24694805
16074,0.33189258
41773,0.49879402
39079,0.96080846
120109,0.41489518
24833,0.46381745
84771,0.031310312
63509,0.9314652
113565,0.40240768
111913,0.34963745
26043,0.1427964
7408,0.7100045
99891,0.706971
115289,0.31488678
117301,0.37330663
11685,0.5647089
85369,0.03130434
96899,0.3085391
56898,0.96290976
57847,0.9035957
53465,0.89238614
53539,0.6817767
101330,0.3156895
116507,0.5746072
61428,0.45621622
27395,0.26797763
61776,0.48442245
57466,0.4947152
41990,0.7952733
138,0.94499403
123841,0.5079429
105218,0.25581354
119583,0.2000533
118927,0.6514478
113323,0.40854242
19689,0.36750272
20216,0.8360774
87903,0.03130434
115603,0.7634216
123182,0.8521796
25190,0.958845
85943,0.03130434
69107,0.5289028
111525,0.739981
68412,0.39588585
38659,0.95170534
22007,0.74934506
121059,0.42542177
90707,0.03130434
7945,0.32068625
86561,0.03130434
13850,0.8670504
70314,0.16983578
77068,0.03130434
88763,0.03130434
23514,0.86013114
55198,0.60257846
73485,0.29749116
91572,0.03130434
100376,0.45797345
76026,0.03130434
113448,0.31718054
40163,0.91637546
22006,0.36750272
97591,0.38219392
32493,0.42524004
111522,0.21835405
70465,0.18464723
35960,0.96290976
92807,0.3578396
117633,0.3573774
103336,0.20838909
63546,0.8373445
32941,0.15186696
4846,0.83556
123926,0.8663952
112497,0.746742
62956,0.49716303
85506,0.03130434
107187,0.94194055
111870,0.16095658
108912,0.16441408
22356,0.9233534
59838,0.7864684
97602,0.61715984
79187,0.03130434
108450,0.18962973
56962,0.8758363
23527,0.9452901
30836,0.94673926
52811,0.5675942
72360,0.25581354
33116,0.40356418
104928,0.25581354
100650,0.21253584
39221,0.94221777
119393,0.15431263
97532,0.81153715
84387,0.031310312
105352,0.7713072
14062,0.1647358
120114,0.242522
40884,0.9475821
17983,0.86822987
10767,0.20453136
46155,0.87614733
39003,0.9363707
116342,0.3590929
23202,0.7382961
93868,0.18651922
30405,0.96393096
5980,0.12480803
63888,0.32778472
61293,0.20227867
100041,0.16044275
113488,0.81854373
38384,0.91252583
116734,0.78203154
13841,0.7100045
99464,0.16044275
99624,0.30260983
37447,0.9583529
78530,0.03130434
23085,0.80762976
14337,0.8439222
67285,0.5292948
28995,0.37672767
42034,0.92908674
32868,0.89267844
79393,0.03130434
20917,0.902265
1681,0.3033325
59857,0.87728703
110868,0.10260573
32621,0.93508583
69313,0.25581354
22546,0.11655196
116059,0.8677327
67671,0.86832535
53840,0.7245485
125111,0.2656955
20546,0.4508505
5023,0.9357847
21497,0.9098462
78344,0.031310312
111799,0.24694805
6721,0.22010596
75349,0.03130434
18730,0.8796976
106350,0.94194055
59467,0.9318939
35747,0.96290976
83745,0.03130434
106700,0.25581354
112510,0.29945755
79767,0.03130434
79421,0.03130434
60180,0.48442245
93237,0.7667004
9460,0.19099386
47877,0.511953
57936,0.42640293
87593,0.03130434
54674,0.9406784
124018,0.47819337
3576,0.19243921
44614,0.96393096
70958,0.34549025
52939,0.3899322
60676,0.7779481
53806,0.6931902
107443,0.31218278
113933,0.746742
65711,0.23845762
4114,0.63412476
35371,0.14164568
4058,0.21340649
52428,0.1703985
11927,0.12480803
107987,0.51076335
49898,0.17428052
84390,0.031310312
80889,0.03130434
81796,0.031310312
125180,0.8758185
5221,0.8441626
98560,0.21253584
64831,0.25578496
92783,0.26369536
45663,0.60234964
80276,0.03130434
54790,0.48158666
33895,0.2206226
10715,0.22677469
54429,0.24837603
26859,0.8928819
24200,0.3855565
40348,0.96290976
94445,0.28128132
109131,0.3542967
24492,0.11655196
58356,0.48442245
30562,0.88546973
106403,0.23777822
3782,0.20576549
86254,0.03130434
73312,0.20952809
109700,0.17629611
89100,0.03130434
29638,0.34126508
56086,0.9137137
73326,0.20811133
65344,0.24092053
6152,0.21340649
22032,0.48688608
80902,0.031310312
78168,0.031310312
7469,0.33759266
265,0.1479603
45142,0.2534645
115811,0.4460438
21624,0.9233534
44970,0.8662541
106264,0.9327329
100475,0.30322817
53084,0.8827575
50402,0.1703985
7620,0.29850736
31684,0.5512961
114568,0.3276944
100425,0.34975833
55689,0.44221467
56266,0.52028084
18202,0.9450165
73022,0.9003424
71923,0.30260983
22646,0.891556
34631,0.9211681
19300,0.88546973
52576,0.75444716
117272,0.40921125
14931,0.73524386
24936,0.8670504
51396,0.16311443
25645,0.09158824
70502,0.73846585
38525,0.614246
72799,0.33616814
33997,0.88546973
117664,0.3725733
92497,0.12832068
10423,0.22619922
74124,0.79389507
79899,0.03130434
73724,0.31019792
94434,0.8512442
93077,0.94171447
26818,0.87730765
60692,0.4947152
57679,0.6753542
75376,0.03130434
91940,0.18919964
55966,0.4198263
21746,0.902265
36189,0.49087155
72880,0.33449247
76751,0.03130434
89262,0.03130434
43846,0.44284308
14010,0.9353937
86593,0.03130434
48284,0.39839596
76623,0.031310312
109117,0.19835815
62155,0.48197725
41189,0.96393096
99783,0.16983578
109920,0.22039306
29691,0.38606134
124106,0.6771879
78804,0.03130434
100295,0.24264088
113804,0.3409557
69833,0.23777822
111355,0.17517772
104655,0.25581354
92200,0.17848307
82600,0.03130434
28794,0.74903584
19793,0.40144518
13405,0.37625825
90111,0.03130434
33873,0.30430406
3199,0.20522918
70055,0.8216406
111683,0.25994626
73090,0.53408015
36115,0.4947152
124918,0.4163367
86221,0.03130434
59215,0.8970733
122051,0.49217996
43015,0.9314652
32265,0.40736946
113108,0.25452465
29321,0.38343406
102339,0.1426088
53608,0.24566573
33498,0.43592718
86900,0.03130434
98352,0.35710767
65064,0.8716349
22684,0.40109757
69506,0.42715487
70139,0.7345984
86075,0.03130434
83633,0.03130434
104577,0.3361596
71753,0.16983578
17659,0.7327169
45692,0.96290976
112434,0.5610476
61637,0.16442306
82039,0.03130434
12874,0.49879402
12436,0.47747374
39879,0.96290976
57933,0.91880554
34821,0.45621622
80054,0.03130434
41110,0.91637546
7745,0.32923824
3181,0.8051727
93115,0.7520705
12190,0.3092915
49075,0.88546973
87466,0.03130434
91973,0.13314341
121722,0.88957304
48960,0.50274503
120626,0.72766536
89842,0.031310312
53336,0.8127365
21564,0.9241818
74393,0.3166243
95339,0.33283964
111607,0.7010585
61606,0.24092053
94555,0.3361906
100267,0.22225878
90556,0.03130434
124779,0.3929513
3096,0.25461483
52832,0.29790917
91261,0.03130434
91873,0.16985777
94836,0.7953498
110649,0.17231268
48635,0.9306392
32558,0.91415143
29229,0.45593145
81726,0.03130434
114700,0.74202436
53634,0.3538766
95811,0.13772346
5739,0.105922274
121333,0.69427925
20286,0.40407833
51446,0.56458336
58927,0.8970733
23920,0.41867527
25331,0.4984762
69128,0.46372545
31995,0.45621622
4470,0.364364
111770,0.16213079
77202,0.03130434
65918,0.29398763
39573,0.47252446
75439,0.03130434
123848,0.7010585
353,0.26444748
93745,0.5315161
3762,0.21235535
24457,0.19291204
40101,0.5111874
106050,0.60625017
10845,0.25320226
5430,0.29850736
2011,0.2607378
55549,0.89682275
66117,0.14096504
45261,0.37672767
82389,0.03130434
118195,0.61970633
92161,0.2472191
10109,0.34476504
73480,0.3977164
84588,0.031310312
49983,0.18961065
48162,0.87814724
110606,0.13199246
33867,0.76437867
66101,0.7374205
29688,0.42128313
50711,0.3803419
2039,0.77689314
55061,0.24020088
66859,0.40383658
72573,0.50061154
98420,0.21800894
8078,0.22677469
68258,0.26162446
9180,0.86822987
93291,0.20671235
93110,0.4186465
70140,0.78361666
69074,0.3368711
104624,0.25581354
32556,0.8758363
124370,0.40400326
100973,0.32449678
19979,0.38145584
123190,0.9061947
110928,0.16485727
108989,0.154441
121987,0.7344843
78679,0.031310312
98769,0.27381667
75375,0.03130434
83581,0.03130434
17226,0.22188385
5620,0.9499135
60808,0.7895873
3668,0.18508957
99513,0.36364368
46651,0.96290976
122617,0.76733994
122508,0.42694137
108676,0.6599591
73314,0.20952809
38631,0.81498253
51674,0.32928216
117971,0.24383277
116511,0.2165065
89143,0.03130434
49487,0.17160295
81016,0.03130434
67043,0.28201357
111657,0.24102098
117006,0.39535472
99165,0.6340759
27675,0.37476486
27514,0.3443287
88486,0.03130434
56852,0.14909081
58445,0.45621622
79737,0.03130434
16153,0.68624187
53186,0.41786906
23820,0.860123
119003,0.6828718
48372,0.92534685
8336,0.20453136
59866,0.9035957
55235,0.66648424
103685,0.18962973
39050,0.9475821
4039,0.2731967
55020,0.3596432
46449,0.36921132
9591,0.47810072
113397,0.5250505
61165,0.9421789
41138,0.96290976
112675,0.20881379
85776,0.03130434
90165,0.031310312
13038,0.49879402
41320,0.9341328
78044,0.03130434
4685,0.8478492
78317,0.03130434
36811,0.89097196
2800,0.1829575
107558,0.93772095
83894,0.03130434
34354,0.16762054
70267,0.23404719
95501,0.21253584
97955,0.6886748
104194,0.23404719
40130,0.2206226
85633,0.03130434
23732,0.95837826
124610,0.80918765
92265,0.30260983
22342,0.9241818
99046,0.6340759
49532,0.25474632
122015,0.78203154
91688,0.03130434
32450,0.91415143
118065,0.2165065
59115,0.8453875
52970,0.49716303
25016,0.4121322
44252,0.8308462
11219,0.8486997
101244,0.17848307
26490,0.25362933
13816,0.65087396
39960,0.45694274
7861,0.389651
33284,0.4554561
115228,0.84252816
38586,0.86518884
105158,0.8795732
26135,0.90808403
102137,0.30416518
25191,0.958845
106420,0.3677202
30453,0.96351963
31367,0.8492527
103980,0.34835294
104088,0.31046385
14185,0.3343386
42996,0.47906628
44544,0.96290976
110862,0.17004685
42421,0.9346015
89497,0.03130434
125088,0.4323528
21832,0.40127343
51981,0.12619202
97176,0.36106455
35029,0.94382316
31469,0.18748035
75941,0.03130434
28097,0.34147704
80048,0.03130434
99050,0.3055729
101201,0.706971
21574,0.9241818
120438,0.38323477
46552,0.9306392
102546,0.12832068
106891,0.94350517
58956,0.91424704
68176,0.28201357
15511,0.8786143
113262,0.38941202
96453,0.2216915
99619,0.7014227
111024,0.081497826
69383,0.35649446
111532,0.23539273
69670,0.8000937
41345,0.9321722
16942,0.23696943
2448,0.25605378
50295,0.18751305
79218,0.03130434
48523,0.9519672
60725,0.75444716
61551,0.45621622
78268,0.03130434
84872,0.031310312
102092,0.19807854
1202,0.9009365
26190,0.7779481
54259,0.32811105
115422,0.21043155
93443,0.19807854
11861,0.3411657
41567,0.87614733
102007,0.37023035
26234,0.49169213
43983,0.81498253
41327,0.9519672
10138,0.1445623
51675,0.27650696
27495,0.387737
86149,0.03130434
25835,0.09158824
61884,0.44427308
77490,0.031310312
18182,0.9357847
94634,0.38515145
119172,0.3590929
117800,0.47533438
40674,0.9515991
55207,0.4198263
64705,0.47065303
50344,0.12619202
62288,0.8884945
33814,0.49879402
77904,0.03130434
85452,0.03130434
108975,0.26005176
83992,0.03130434
30436,0.96393096
11039,0.08458195
120144,0.78203154
114690,0.1868359
25857,0.44335967
28702,0.45593145
24006,0.20929787
68498,0.27702808
44878,0.96290976
78623,0.031310312
75506,0.03130434
52646,0.22888295
28096,0.31885326
45909,0.96290976
124547,0.4909261
18147,0.9357847
40751,0.23213595
112895,0.78203154
77340,0.03130434
59514,0.9079074
77979,0.031310312
85853,0.03130434
89981,0.03130434
10223,0.35360643
22748,0.76285684
35091,0.81498253
30779,0.96290976
24872,0.11655196
40505,0.93818367
66,0.3033325
99144,0.38803992
111942,0.29945755
48599,0.96290976
43447,0.44359928
52009,0.33773056
86542,0.03130434
58817,0.48442245
92652,0.20911352
65639,0.77795964
106040,0.33499622
36278,0.56222177
6677,0.20985325
91248,0.03130434
35128,0.96290976
81122,0.03130434
38278,0.9306392
41525,0.94673926
38155,0.88546973
43136,0.8696135
61666,0.61184317
9769,0.38314846
106649,0.32861802
69854,0.24119595
123424,0.8668389
120712,0.24102098
22966,0.34522447
74534,0.7788582
9691,0.85073787
93339,0.34644756
117072,0.2153792
22036,0.62940556
92686,0.47472665
35986,0.51783645
103448,0.33836964
68513,0.2579757
89109,0.03130434
108079,0.7523679
68388,0.31227872
71156,0.2605548
89847,0.031310312
6780,0.33792448
99861,0.20034361
2515,0.4553721
116283,0.34423208
4762,0.20985325
79388,0.03130434
13688,0.34204227
1931,0.9084978
4083,0.8824271
59478,0.9314652
22108,0.8957435
67971,0.22686978
39131,0.96080846
99643,0.78630614
121042,0.42512012
87706,0.03130434
46254,0.96290976
106338,0.94194055
73571,0.3578396
125040,0.2596718
49368,0.23127681
29491,0.36308485
111144,0.16297223
45022,0.76437867
8351,0.2851606
22485,0.76531404
52680,0.27609304
20640,0.87667567
89941,0.031310312
67777,0.15579547
1855,0.8562553
24037,0.46011516
49232,0.89675933
114375,0.3474458
76819,0.03130434
48641,0.89370066
26547,0.47599876
104158,0.35972196
454,0.13109349
58308,0.51783645
1501,0.8670504
88695,0.03130434
94916,0.25981477
82196,0.03130434
58327,0.9519672
101161,0.64160436
79495,0.03130434
6054,0.20985325
2233,0.87730765
40444,0.5050983
119133,0.5430602
98927,0.17848307
92837,0.30260983
66639,0.1252729
65337,0.4871938
118800,0.2665595
95346,0.2292244
119381,0.42542177
110805,0.17455702
44393,0.93644804
37276,0.94382316
40496,0.85344326
77795,0.03130434
60378,0.49716303
86011,0.03130434
70551,0.4267726
15739,0.09733766
37362,0.9208311
75240,0.03130434
43438,0.8571945
83154,0.03130434
74364,0.19262525
95442,0.21253584
113984,0.13818616
4297,0.89070785
37915,0.74414694
116212,0.88138765
103291,0.35482705
33119,0.5130857
6403,0.37088668
115698,0.16101477
37081,0.94382316
33975,0.96290976
44752,0.3693863
80158,0.03130434
66537,0.27702808
4863,0.3495698
1899,0.860123
41593,0.2206226
85456,0.03130434
99953,0.32270113
69797,0.25581354
97493,0.8867364
36657,0.96290976
8588,0.8056317
113929,0.36457178
109730,0.11652133
9143,0.23394923
62473,0.72891086
110322,0.16942054
4893,0.9084978
124596,0.9061947
3180,0.20522918
8823,0.36124867
28215,0.20067975
6482,0.12480803
121179,0.31488678
53871,0.28691375
47604,0.67274874
85958,0.03130434
37071,0.95170534
29941,0.11218758
100927,0.5150561
88838,0.03130434
38636,0.9306392
25207,0.4063208
5021,0.9357847
102646,0.7925309
108145,0.68822205
99821,0.24264088
69049,0.29749116
30324,0.9208311
48066,0.3487261
2986,0.6874053
122580,0.5141019
19926,0.38421112
95201,0.21772183
74274,0.45172697
102739,0.42394328
9434,0.2956658
72844,0.37600473
2779,0.40482998
79336,0.03130434
32288,0.27861822
5447,0.20276134
59527,0.9109243
115601,0.7344843
12936,0.3250227
123827,0.30530396
27274,0.23583642
103671,0.40482998
29640,0.1400323
28999,0.37672767
52145,0.1703985
82111,0.03130434
95854,0.35854262
72831,0.706971
110207,0.33360454
71380,0.25581354
113609,0.21043155
59445,0.8970733
41885,0.2206226
81412,0.03130434
111805,0.521937
83592,0.03130434
51236,0.13021597
14712,0.9284976
93113,0.36963782
57602,0.91424704
47907,0.7346959
34119,0.88546973
29020,0.29820946
43605,0.9177364
118941,0.4399645
55560,0.8893555
34540,0.91424704
33237,0.33140108
121768,0.6913226
33024,0.15186696
88223,0.03130434
116956,0.8073952
38359,0.49472484
38122,0.7033311
17028,0.27425137
109676,0.13199246
61299,0.37787455
63,0.3033325
67038,0.32600516
34258,0.168059
101968,0.2472191
4256,0.73421043
92328,0.21800894
54,0.2309531
38850,0.94673926
59306,0.9035957
36725,0.94673926
103999,0.25581354
106342,0.9424478
79958,0.03130434
23758,0.88546973
120719,0.38323477
61425,0.9204851
61788,0.380087
87765,0.031310312
43401,0.87965137
45791,0.8662541
60494,0.8792609
68364,0.45560598
102551,0.12832068
27041,0.21830754
6440,0.29443562
75933,0.031310312
14649,0.94499403
98818,0.21253584
77199,0.031310312
81884,0.031310312
25157,0.9491987
1093,0.860123
75137,0.03130434
116917,0.26141655
106766,0.9032545
67431,0.27702808
8785,0.30877286
99684,0.69203895
30716,0.96393096
53875,0.2071535
53422,0.8127365
65097,0.8766087
116909,0.26141655
80943,0.03130434
16974,0.7554774
71807,0.32487923
78141,0.03130434
88048,0.03130434
36184,0.48288697
13041,0.8439222
122793,0.3590469
61590,0.48445725
90124,0.03130434
39237,0.8298008
4195,0.1445623
105770,0.23777822
112845,0.28179565
84084,0.03130434
437,0.16277035
75100,0.03130434
123866,0.3271434
31930,0.4947152
66510,0.41308373
122997,0.7680687
54949,0.88354594
14399,0.9499135
61719,0.7017956
43809,0.47252446
69022,0.78361666
72712,0.25581354
73693,0.6789245
39900,0.96290976
40529,0.96290976
91446,0.03130434
39786,0.5050983
11144,0.2731967
65980,0.26162446
88963,0.03130434
93796,0.75240374
79472,0.031310312
94148,0.94619924
90645,0.031310312
35491,0.92534685
7114,0.119666636
55784,0.7887926
83994,0.03130434
41468,0.92673963
10511,0.12480803
7928,0.3411657
112625,0.4210601
105100,0.20838909
18216,0.9450165
63157,0.7864684
118175,0.2539019
54696,0.6955692
64330,0.25972027
35578,0.94629854
28282,0.33140108
122571,0.28212526
115222,0.7395324
123078,0.91698176
27465,0.22448991
99832,0.17848307
88686,0.03130434
22917,0.9009365
57788,0.48197725
36206,0.559998
70163,0.60625017
13626,0.39402756
51487,0.21750619
35694,0.8426271
51925,0.90787816
31705,0.48197725
76028,0.03130434
46281,0.96290976
51237,0.12201437
64912,0.4014971
116581,0.423877
113532,0.4930706
42878,0.90787816
84427,0.031310312
84798,0.031310312
70326,0.18962973
1975,0.65218693
86338,0.03130434
59548,0.9314652
27128,0.722376
84854,0.03130434
107557,0.94194055
20007,0.9009365
117248,0.22218464
54181,0.23093534
72526,0.20811133
18102,0.9183403
113817,0.31488678
69381,0.31490803
7230,0.12480803
14339,0.12200315
5678,0.12480803
93911,0.19807854
21724,0.902265
79296,0.03130434
80311,0.03130434
49141,0.25997135
19452,0.4055527
40165,0.91415143
123732,0.858423
91217,0.03130434
32418,0.9554212
5113,0.9450165
88999,0.03130434
6471,0.2911333
122845,0.8608373
51663,0.44072297
6665,0.37187007
17864,0.3326643
95885,0.6371123
80161,0.03130434
82683,0.03130434
9800,0.34771052
93424,0.30340338
78812,0.03130434
10685,0.23383927
63347,0.8790545
25750,0.59633774
38068,0.96351963
70362,0.68822205
66756,0.26162446
14994,0.14268462
81794,0.031310312
2592,0.2017492
97747,0.46517894
7616,0.29850736
78348,0.031310312
58951,0.9044085
48949,0.30430406
97687,0.25092041
121727,0.45370108
39575,0.81498253
31131,0.38691664
47367,0.96290976
22681,0.47651693
41330,0.4947152
41934,0.95170534
41275,0.9306392
56989,0.9205261
110533,0.13199246
27935,0.32447767
123799,0.28750995
82571,0.031310312
1515,0.9084978
43826,0.28511098
101546,0.24440591
105275,0.29348382
68309,0.37617582
51558,0.09428706
44058,0.81498253
113351,0.42758235
76220,0.03130434
87826,0.03130434
85430,0.031310312
95968,0.19860084
69120,0.23638994
7128,0.63186145
112379,0.16101477
111215,0.14129528
95906,0.23689711
37381,0.96290976
96957,0.3399628
1699,0.799802
76774,0.031310312
23691,0.95837826
59117,0.8638394
74901,0.47639257
3003,0.747459
45957,0.96393096
73451,0.2605548
79428,0.03130434
12846,0.35360643
24358,0.3687551
328,0.8920871
36717,0.88546973
26975,0.81297904
107428,0.32066295
9475,0.2559099
103783,0.27381667
20471,0.50854653
19359,0.17523654
3470,0.22941995
121457,0.3913459
101654,0.88114905
20674,0.7779481
121793,0.40370604
111528,0.24035464
107324,0.94194055
103952,0.23404719
47788,0.95170534
45137,0.1844453
85101,0.03130434
8729,0.62005126
92599,0.12385409
104429,0.3166243
25115,0.9393818
44113,0.95170534
96250,0.21800894
95080,0.71898323
35741,0.95170534
29078,0.5748868
74844,0.80131954
25223,0.83556
15906,0.15122528
118946,0.67284214
68734,0.12832068
47418,0.22821797
22391,0.9233534
115752,0.3607884
82882,0.03130434
35678,0.96290976
21204,0.11655196
75195,0.03130434
116291,0.26141655
42044,0.94673926
5611,0.9499135
57242,0.6196121
75919,0.03130434
61983,0.7929977
49248,0.48197725
122914,0.46874762
87038,0.03130434
43166,0.49394926
65154,0.25223768
40464,0.85344326
27119,0.6568714
57738,0.85811615
38718,0.71755487
81732,0.03130434
22120,0.92217124
111013,0.35583016
123869,0.3271434
9853,0.29850736
51997,0.14225216
100224,0.45797345
64131,0.73297215
19399,0.34192988
103457,0.2605548
52742,0.84613615
119638,0.5641472
34687,0.94818467
52483,0.6273429
106272,0.85346556
76439,0.03130434
83699,0.03130434
52302,0.1703985
92570,0.67686427
90722,0.031310312
59181,0.4198263
46318,0.96393096
32264,0.46860376
92487,0.6929978
57813,0.809835
60464,0.29100558
1750,0.20522918
9887,0.3092915
120874,0.3814726
92558,0.51076335
36615,0.96290976
31443,0.6463021
65835,0.32778472
8324,0.5084775
71337,0.6786926
42831,0.16762054
24408,0.37654644
69039,0.3368711
78657,0.03130434
99219,0.21253584
50803,0.17772704
97188,0.21253584
69435,0.23404719
7210,0.12480803
47796,0.4947152
7916,0.29607117
99256,0.31952056
110716,0.69188887
99528,0.32731014
11184,0.18231802
7586,0.34658924
22372,0.9241818
75666,0.03130434
92465,0.3361596
67405,0.366761
62823,0.4947152
65488,0.397126
49798,0.9109243
21621,0.9241818
58124,0.70567787
113805,0.78203154
22886,0.87667567
84905,0.03130434
102407,0.26485965
28162,0.18039882
53299,0.48442245
12769,0.19099386
70956,0.9478172
7674,0.8188772
25363,0.83543783
104538,0.6115728
86418,0.03130434
106404,0.23777822
43524,0.9230428
50737,0.1182094
28552,0.22763993
8147,0.35360643
54591,0.7316747
88677,0.03130434
33542,0.14164568
87449,0.031310312
122316,0.8380931
73637,0.25581354
61897,0.48683137
104318,0.27249783
43455,0.860123
82772,0.03130434
21101,0.25422472
1302,0.23885842
42207,0.9459695
111580,0.23310596
57488,0.49716303
829,0.8892631
45885,0.92155355
9155,0.19367898
21824,0.2596863
93940,0.6371123
55136,0.5350268
36181,0.41908473
15301,0.12146925
104565,0.28944543
38352,0.9306392
112183,0.31718054
83123,0.031310312
27590,0.23370661
17269,0.2596863
27705,0.45950174
69269,0.30261797
40342,0.96290976
63511,0.9314652
110557,0.2847308
36750,0.4947152
8916,0.36537704
47340,0.88546973
37174,0.88596135
61645,0.41627684
24752,0.860123
19809,0.5675942
10643,0.2520778
32988,0.15186696
26440,0.38691664
58936,0.90787816
125078,0.7164495
116278,0.80869424
92230,0.17975773
83998,0.03130434
37939,0.8997652
85675,0.03130434
26507,0.860123
68522,0.20092995
20898,0.24037102
59023,0.9421789
84742,0.031310312
105914,0.29196018
119811,0.30531928
111633,0.26242283
102996,0.2292244
82932,0.03130434
77978,0.031310312
54306,0.65485466
12668,0.3318757
90422,0.03130434
558,0.18110709
121434,0.7407148
113344,0.5361903
50894,0.117867455
124015,0.2656955
7890,0.22160476
106325,0.9415186
52203,0.33355638
72943,0.78361666
60556,0.8973734
37446,0.96290976
48637,0.94013
2566,0.23047455
48244,0.96290976
80268,0.03130434
39597,0.96290976
39436,0.81498253
31578,0.91637546
29992,0.20220676
41262,0.44359928
105479,0.31952056
86672,0.03130434
80471,0.03130434
86012,0.03130434
48697,0.51783645
92114,0.6192639
1959,0.2165255
69741,0.8820279
69647,0.8596698
68265,0.27702808
98215,0.37262002
86580,0.03130434
7774,0.28869084
124838,0.935317
71543,0.23404719
79275,0.03130434
117761,0.27736968
94890,0.2071535
94811,0.2004174
68421,0.22123717
77141,0.03130434
4592,0.8113396
76904,0.03130434
6246,0.7765706
8627,0.7009554
20615,0.81778365
91283,0.03130434
119231,0.5430602
121774,0.5223572
65303,0.9292594
4681,0.8478492
101508,0.29749116
124832,0.9229675
49097,0.7779481
118816,0.41300967
7834,0.33189258
70491,0.3399628
66380,0.27702808
15262,0.15122528
87214,0.03130434
6435,0.26732275
89551,0.03130434
39725,0.46860376
44621,0.96393096
26254,0.51802003
110025,0.45792574
43730,0.2206226
13944,0.15212852
52777,0.24249882
37714,0.7668955
29914,0.11218758
112095,0.26141655
92869,0.2292244
4187,0.27775964
45668,0.4835052
65524,0.4862836
51494,0.27358365
118213,0.2539019
38263,0.2206226
99409,0.30322817
102951,0.29196018
4144,0.19099386
12997,0.21245174
69950,0.24119595
100740,0.20034361
22760,0.817883
98553,0.21253584
106021,0.35434297
68453,0.3817751
7773,0.35263997
14374,0.85995024
80023,0.03130434
103446,0.2340783
119178,0.67284214
23532,0.9576863
66775,0.26162446
61232,0.8297413
106484,0.24119595
75811,0.03130434
48185,0.94673926
67616,0.37339127
47053,0.45374578
26024,0.42653945
83435,0.031310312
12083,0.16285488
22090,0.7878042
44887,0.95170534
28359,0.19163425
52890,0.1979359
1790,0.40025046
89744,0.031310312
106706,0.2815712
5957,0.12480803
50656,0.1334903
38000,0.95170534
90751,0.031310312
116699,0.24102098
73969,0.6786926
58352,0.96290976
119232,0.48197085
115686,0.8035356
17541,0.2941493
50203,0.1182094
45212,0.18748035
43671,0.56222177
68999,0.16044275
6084,0.7105915
24179,0.81498253
76977,0.03130434
63473,0.4947152
65248,0.16719617
77953,0.03130434
112213,0.37603444
59102,0.860123
53742,0.42205942
64566,0.4367931
39275,0.9592451
88789,0.03130434
65472,0.23093534
254,0.14756499
121562,0.9061947
8088,0.36124867
78615,0.03130434
10880,0.80002314
10433,0.10639612
116414,0.33595878
99032,0.24264088
4975,0.9357847
11754,0.3432175
89112,0.03130434
79154,0.031310312
82240,0.03130434
3354,0.19002645
46895,0.9208311
11702,0.8045295
39839,0.8506109
115549,0.36457178
46802,0.3709314
79814,0.03130434
40530,0.96290976
104969,0.28280175
16134,0.14268462
58757,0.41698855
6687,0.27778846
53020,0.89238614
68601,0.22686978
76679,0.03130434
47518,0.88546973
32032,0.9306392
97415,0.7389967
41161,0.96290976
50004,0.22888295
39553,0.96290976
15015,0.14268462
68975,0.21822464
43074,0.16762054
31137,0.38116187
17319,0.76531404
9201,0.84677356
109071,0.1423621
57373,0.8743015
96393,0.20671235
118716,0.47533438
55954,0.9137137
51887,0.1334903
84157,0.03130434
94361,0.3674199
94344,0.3055729
72,0.43990037
98434,0.3578396
11403,0.6595186
45832,0.947865
115039,0.78203154
7634,0.6413841
12969,0.19367898
108882,0.23422456
100600,0.79346806
110737,0.119730584
39791,0.51783645
87563,0.031310312
28864,0.45593145
10599,0.2796269
25437,0.8973856
58103,0.87728703
99792,0.36002693
105308,0.25581354
87319,0.03130434
122919,0.47066924
97731,0.65980566
18115,0.9183403
83404,0.031310312
92375,0.4136487
110071,0.45792574
95644,0.66634864
59550,0.9314652
57418,0.24899146
91806,0.26538283
111785,0.34963745
57413,0.34230834
32633,0.9475821
37055,0.9554212
24051,0.11655196
49998,0.18961065
24869,0.23327021
99864,0.58570427
112750,0.18211748
41591,0.2206226
18096,0.9084978
22348,0.9233534
54913,0.73161304
22205,0.8743015
33869,0.40356418
27630,0.3443287
92018,0.18919964
115717,0.7260815
57307,0.275889
72913,0.3260795
119164,0.7010585
67601,0.26162446
31551,0.8426271
113292,0.38193417
30171,0.16219588
51511,0.20143037
123082,0.91698176
64176,0.2483777
33823,0.27262792
32614,0.8973856
17677,0.22377388
26114,0.21124457
64484,0.95502293
30669,0.96393096
45400,0.9396809
58478,0.8198562
96434,0.42882755
56194,0.62751484
80561,0.03130434
52998,0.8631297
26508,0.27842915
33224,0.30430406
115045,0.2282253
67554,0.36080673
1594,0.7478131
90569,0.03130434
123099,0.4504981
8698,0.7009554
117365,0.78203154
6467,0.12515134
58230,0.96290976
40300,0.9554212
83422,0.03130434
77566,0.03130434
68674,0.37023035
14518,0.9572069
43237,0.71755487
63390,0.48442245
22040,0.76588887
88567,0.03130434
83338,0.03130434
71185,0.29183823
109778,0.17445147
10904,0.35271606
63293,0.73297215
16073,0.3411657
77,0.38807675
18212,0.9450165
2128,0.28343996
63661,0.95226294
51835,0.9137137
54516,0.16719617
5390,0.3351356
115081,0.80067354
97744,0.45237526
96247,0.24832913
14496,0.9499135
66435,0.23638774
79081,0.03130434
78185,0.031310312
20523,0.23323919
30075,0.13061339
20399,0.89096457
37953,0.96290976
62800,0.23093534
43008,0.89675933
5608,0.94499403
46417,0.96290976
111675,0.40494588
70023,0.4566011
88524,0.031310312
28711,0.37672767
64237,0.41627684
88758,0.03130434
55553,0.90019435
45171,0.1493025
26745,0.74414694
77228,0.031310312
25063,0.8904079
76199,0.03130434
30032,0.73161304
29072,0.35420755
20412,0.896183
98362,0.24264088
108625,0.2030948
83107,0.03130434
59231,0.85811615
91737,0.14298418
21967,0.11655196
86750,0.03130434
75657,0.031310312
92766,0.29196018
64092,0.24092053
125175,0.8663952
4940,0.9357847
16218,0.69154745
100467,0.2551785
34058,0.14164568
117354,0.44262683
78595,0.03130434
29535,0.38691664
44215,0.4947152
47184,0.7565598
35020,0.96290976
62160,0.8210734
7096,0.5804564
49399,0.23127681
79505,0.03130434
106871,0.94350517
37593,0.36921132
63088,0.8696135
77935,0.03130434
32632,0.9475821
82398,0.03130434
40116,0.4598379
77710,0.031310312
72375,0.62648994
42988,0.9314652
102032,0.29125136
18637,0.3370317
112283,0.3162083
44319,0.9329873
67624,0.37142697
44123,0.94382316
40255,0.93818367
40830,0.44284308
107102,0.771602
74708,0.2605548
107422,0.25581354
82351,0.03130434
8114,0.3203959
119910,0.18211748
19566,0.88609135
73913,0.30416518
36439,0.76995146
40431,0.65218693
71730,0.45071968
107795,0.25581354
79831,0.03130434
60564,0.8717235
57753,0.8893555
61246,0.46230564
125166,0.5574204
87569,0.031310312
50124,0.860123
102463,0.8514981
113169,0.80918765
124881,0.935317
91929,0.22316477
22845,0.35683784
41053,0.8306519
26399,0.19033685
26540,0.26797763
31192,0.9321722
76075,0.031310312
104924,0.3327883
11205,0.37778103
101210,0.57491595
89608,0.03130434
5357,0.6829337
38794,0.46653733
80216,0.03130434
84785,0.031310312
99808,0.34835294
193,0.5823331
95624,0.6316427
82075,0.03130434
4413,0.9084978
116174,0.87001544
115702,0.39601544
84900,0.031310312
27299,0.2818626
56665,0.94221777
109306,0.13199246
81886,0.03130434
40873,0.90448254
120390,0.21043155
34918,0.44359928
76529,0.03130434
105629,0.6886748
29676,0.4269588
95074,0.36963782
85992,0.03130434
103229,0.37023035
89288,0.03130434
115724,0.26141655
56920,0.96290976
108352,0.6115728
91230,0.03130434
78705,0.031310312
65152,0.47083113
23725,0.958845
61321,0.23377995
86794,0.03130434
74506,0.12832068
18279,0.9450165
9449,0.32880864
103130,0.37312752
87974,0.03130434
58506,0.84430367
30264,0.42145735
123165,0.8244422
45669,0.7952733
14617,0.9081818
55669,0.76531404
70975,0.16560148
120902,0.64668465
82944,0.03130434
47132,0.91637546
81935,0.03130434
25783,0.09158824
116133,0.3452209
121882,0.40370604
54910,0.62170166
31249,0.81498253
47679,0.46653733
30846,0.7821933
41557,0.81498253
116438,0.70096517
39374,0.88546973
105072,0.34835294
59212,0.7779481
15931,0.91726774
61287,0.94221777
90837,0.031310312
37803,0.8759973
87121,0.03130434
109642,0.10102839
75380,0.03130434
106406,0.20838909
58243,0.96290976
65143,0.47083113
72891,0.3399628
12627,0.9084978
29184,0.21124457
29807,0.37821475
73525,0.19262525
49386,0.88868886
94547,0.35503134
17372,0.2596863
64691,0.4478592
79794,0.03130434
38713,0.40356418
94917,0.31403032
4812,0.63984907
61128,0.9390031
24074,0.11655196
22827,0.34555164
80800,0.03130434
104492,0.27525738
83683,0.03130434
81956,0.03130434
101176,0.2637839
63918,0.5075459
102840,0.20034361
30699,0.96393096
14985,0.314859
78068,0.03130434
78578,0.031310312
119729,0.2627041
78695,0.03130434
3297,0.32192072
42190,0.88546973
50283,0.120023094
110232,0.46853346
117589,0.25452465
9720,0.09542217
79834,0.03130434
24820,0.47651693
40526,0.95170534
29494,0.67258024
119572,0.36617872
81481,0.031310312
107013,0.765426
28010,0.5974912
2549,0.4637517
96934,0.79174083
104905,0.25581354
97783,0.728774
32416,0.9554212
70650,0.18962973
12613,0.3318187
54774,0.24442023
38139,0.88546973
5314,0.9084978
4854,0.6874053
1358,0.9499135
85097,0.03130434
108117,0.18100202
13946,0.09733766
32535,0.4835052
93174,0.31649715
97441,0.81153715
110723,0.18919964
36130,0.58559006
55917,0.62751484
55905,0.81851137
69781,0.8970733
47243,0.8888306
91778,0.18875833
85435,0.03130434
26495,0.42128313
55571,0.3572326
91852,0.25991738
107886,0.24119595
105461,0.25581354
24313,0.92124265
100104,0.2947542
65631,0.6776664
74193,0.17710465
100710,0.31952056
116876,0.66101736
79142,0.031310312
96186,0.20034361
14292,0.12200315
18955,0.10156157
11692,0.32068625
39055,0.9597026
29247,0.39224413
16577,0.44247732
48296,0.64978623
4988,0.8743143
113988,0.16101477
2795,0.20147799
42965,0.9314652
15753,0.09733766
64436,0.9261049
94991,0.6786926
34027,0.14164568
17576,0.23278809
51737,0.45814016
4397,0.89425576
27789,0.21124457
16075,0.3411657
78108,0.031310312
39454,0.74414694
19401,0.2941493
16756,0.36516735
7422,0.37616107
15734,0.09733766
114027,0.3590929
79644,0.03130434
117912,0.25509694
75676,0.03130434
89066,0.031310312
53360,0.8631297
2588,0.23047455
119612,0.7390209
4733,0.8478492
55855,0.88095886
102109,0.20558472
49838,0.38274157
39937,0.949466
18360,0.10156157
74053,0.30260983
124181,0.8272179
70034,0.36446393
113676,0.36541787
85766,0.03130434
107213,0.94350517
58444,0.69895846
45028,0.9537863
44009,0.70823854
6037,0.24993552
63656,0.95226294
51546,0.082477085
72758,0.29196018
8771,0.77689314
115038,0.3590929
30314,0.8017669
86040,0.031310312
7882,0.22160476
30323,0.94673926
51342,0.18525407
32627,0.9597026
74652,0.25581354
22393,0.9241818
84503,0.03130434
16235,0.8371302
49346,0.2745464
102609,0.29628864
88770,0.03130434
76444,0.03130434
57915,0.89675933
118789,0.8408752
103417,0.6371123
112284,0.32103196
24629,0.52741146
12488,0.21245174
66814,0.28201357
77181,0.03130434
83520,0.031310312
17286,0.28516537
11606,0.6883518
94880,0.20908481
20326,0.9028616
21713,0.7720646
28255,0.25851586
49612,0.26454574
92555,0.3042494
68609,0.43964243
24510,0.11655196
86118,0.03130434
108002,0.17710465
24150,0.3701435
73554,0.20838909
125036,0.2596718
102735,0.13700894
42323,0.39032894
74857,0.41383347
39083,0.96080846
50519,0.8733141
22113,0.92217124
66131,0.41999602
108388,0.23404719
31478,0.4366265
3379,0.19002645
2093,0.19335319
50681,0.21750619
107068,0.88695806
7481,0.35926518
115233,0.8680531
952,0.8670504
34939,0.9306392
118534,0.34967944
10874,0.34211707
25618,0.09158824
91006,0.03130434
89304,0.03130434
112226,0.39535472
94787,0.19538094
120722,0.6958365
5934,0.31246164
95497,0.21253584
43503,0.9137137
45019,0.46135816
64726,0.62940556
20937,0.39285952
101096,0.15945047
17122,0.57067025
16081,0.23383927
307,0.11864842
32244,0.635079
73436,0.38803992
7534,0.23830368
102983,0.15409186
91346,0.03130434
106339,0.94194055
3229,0.30498606
81852,0.03130434
80997,0.031310312
78828,0.03130434
25694,0.70707875
117423,0.4685675
55270,0.37787455
98366,0.24264088
112936,0.2539019
15228,0.43382317
90162,0.031310312
122760,0.40535188
14958,0.3343386
96505,0.21800894
117706,0.33737618
33917,0.8662541
4912,0.9183403
9110,0.78950816
7528,0.22246316
31853,0.91415143
75211,0.03130434
111551,0.16425426
108628,0.33499622
67488,0.33217448
98724,0.12832068
45849,0.9306392
99571,0.68574613
122090,0.26685876
57636,0.48197725
23596,0.81498253
80963,0.03130434
83071,0.031310312
55665,0.49394926
102633,0.7108496
60165,0.78671986
23504,0.4666397
42077,0.2206226
93147,0.9368869
38130,0.45621622
65941,0.27702808
107605,0.2652183
117435,0.30531928
50243,0.9204851
54055,0.62181723
9892,0.20453136
33418,0.32092914
78951,0.03130434
44362,0.93511593
8794,0.24464469
31962,0.25997135
8313,0.389651
33355,0.4947152
62361,0.9421789
3247,0.87730765
54343,0.47924474
16716,0.3461021
77120,0.031310312
104245,0.75801444
106956,0.90867126
33762,0.16762054
38059,0.96393096
120131,0.242522
47893,0.809835
37617,0.9271307
2640,0.19002645
83902,0.03130434
23100,0.57454336
1425,0.3033325
24360,0.8836977
3008,0.78401446
43825,0.18748035
6499,0.11999774
62791,0.69351286
109438,0.21525301
97458,0.81153715
73607,0.23638994
115878,0.81854373
98287,0.7968495
99267,0.2472191
4316,0.9084978
88109,0.031310312
75899,0.031310312
124798,0.4542818
34825,0.8650306
122597,0.5143142
12669,0.34658924
20314,0.87667567
123475,0.87495404
90950,0.03130434
43416,0.9066649
12127,0.3056412
118499,0.20881379
40288,0.94673926
25422,0.9576863
108771,0.5168083
48827,0.75575626
15076,0.37088668
97695,0.17848307
62541,0.96290976
62390,0.3899322
1211,0.8462867
22059,0.85325325
65939,0.4454462
30143,0.13061339
33868,0.4835052
30393,0.9226735
28558,0.32063192
66479,0.68822205
67164,0.77678835
83596,0.03130434
82618,0.03130434
104930,0.25581354
30766,0.96290976
85047,0.03130434
14115,0.9353937
46465,0.76790994
2493,0.3605893
4796,0.10639612
39174,0.48288697
11419,0.3495698
124922,0.31141898
93037,0.94619924
120472,0.26917762
63081,0.8527178
97557,0.21568581
97703,0.17848307
54104,0.7779481
111637,0.62338096
667,0.9499135
79110,0.03130434
86361,0.031310312
102071,0.3085391
61283,0.9329873
14143,0.89800274
58994,0.9421789
35289,0.89757675
91423,0.03130434
65259,0.16719617
31836,0.9624873
40632,0.9191643
55884,0.7376852
80552,0.03130434
116132,0.2539019
30788,0.9554212
34136,0.21124457
124718,0.4014836
91928,0.25991738
70182,0.2947542
87952,0.03130434
73180,0.25581354
96987,0.35434297
35953,0.96290976
21557,0.9241818
33929,0.8219451
11853,0.105922274
58911,0.4947152
94713,0.22030416
68356,0.78361666
53071,0.8710284
12287,0.2169093
34025,0.28582296
33749,0.8661465
74898,0.2605548
79742,0.03130434
28411,0.28619665
112766,0.18211748
43360,0.88057697
4425,0.73039395
60141,0.9314652
45055,0.8648645
117206,0.19908343
40152,0.48197725
38969,0.96290976
54642,0.5572646
32967,0.15186696
11814,0.24993552
85581,0.03130434
8994,0.119666636
70422,0.3368711
27785,0.21124457
4335,0.9084978
54021,0.5752471
7943,0.6697563
80227,0.031310312
95027,0.5298486
29174,0.34263417
76437,0.03130434
31220,0.96290976
14495,0.9499135
38975,0.9205261
62225,0.8179381
66571,0.14096504
91273,0.03130434
58620,0.95226294
23095,0.44427308
117276,0.46978322
25603,0.09158824
17640,0.2956707
105025,0.3085391
13441,0.2169093
26017,0.47106043
1785,0.860123
16986,0.8639417
84111,0.03130434
113999,0.16101477
104703,0.706971
85557,0.03130434
73246,0.25581354
119817,0.20488672
31380,0.7822093
101965,0.30569765
7869,0.20985325
25844,0.860123
122421,0.7010585
20087,0.10156157
92278,0.43643963
21556,0.9241818
88249,0.03130434
17374,0.12714666
85473,0.03130434
38232,0.88546973
99741,0.6835472
91147,0.03130434
48651,0.95170534
49915,0.17428052
32380,0.92673963
31045,0.88664997
94437,0.4588878
60251,0.8970733
52988,0.8127365
94734,0.23376569
10702,0.46132103
70500,0.7044026
112162,0.26141655
48417,0.95170534
31319,0.40258163
5759,0.45374578
62492,0.91637546
105278,0.16044275
6892,0.31776014
82674,0.03130434
103312,0.20838909
108045,0.814585
21426,0.7468231
84116,0.03130434
96901,0.21109737
2339,0.8371372
98258,0.3125732
39492,0.39405772
97665,0.45237526
1185,0.35352266
49968,0.18961065
38679,0.8426271
97944,0.34835294
96561,0.31952056
55591,0.5693908
4079,0.7100045
66578,0.17561463
24502,0.11655196
86495,0.031310312
15706,0.14268462
70934,0.9478172
40701,0.92958856
85443,0.03130434
23050,0.38125947
49991,0.18961065
123695,0.5389011
103751,0.33499622
38245,0.94673926
119069,0.5925413
6221,0.10769048
48045,0.43452618
80873,0.03130434
62033,0.90762305
72025,0.35309094
21835,0.7779481
38557,0.47252446
88889,0.03130434
107298,0.84178996
13088,0.9499135
121508,0.87222797
28873,0.4241288
56771,0.81498253
121389,0.7057888
113712,0.6481533
85637,0.03130434
198,0.88612276
37474,0.95170534
29423,0.23127681
52075,0.92950934
6664,0.24150607
124821,0.747666
995,0.94499403
87127,0.03130434
73508,0.30261797
21128,0.47796097
74935,0.9381461
64905,0.26316988
119800,0.1985602
106478,0.3085391
30165,0.16219588
84292,0.03130434
103459,0.3419907
53335,0.78236616
30946,0.9537863
45380,0.45593145
19594,0.42653945
105824,0.2030948
27364,0.31333292
39644,0.7033311
49318,0.5050983
101101,0.32683283
45317,0.22821797
112386,0.3001688
96974,0.31649715
30915,0.15186696
33160,0.53583163
115538,0.43348396
29557,0.25997135
69024,0.24119595
120006,0.41489518
15311,0.36124867
20701,0.92217124
71127,0.23404719
21892,0.93065524
42670,0.91252583
121025,0.34911624
116030,0.853612
21627,0.9241818
69455,0.23404719
113167,0.38323477
41208,0.96351963
38395,0.2453203
78186,0.031310312
45749,0.16762054
46121,0.48197725
120743,0.30792883
103683,0.20811133
11092,0.12480803
3697,0.19002645
57408,0.860123
21149,0.2596863
41151,0.92397183
118715,0.24102098
67680,0.3647356
30690,0.96351963
68785,0.12832068
108672,0.3578396
22850,0.8277585
86435,0.03130434
67388,0.21829438
25899,0.21398759
54071,0.19163425
20962,0.37657493
106455,0.48125678
55019,0.35454643
48128,0.9515991
33221,0.16762054
90960,0.03130434
41078,0.40762833
17247,0.35486346
25175,0.958845
104771,0.23404719
45187,0.15186696
108784,0.59677863
49729,0.0944711
80387,0.03130434
10436,0.10639612
53218,0.8177883
47665,0.9519672
30973,0.96290976
68905,0.30261797
8315,0.31226373
23542,0.9576863
119409,0.41300967
46487,0.8426271
65018,0.8287918
36143,0.94673926
97797,0.21253584
76579,0.03130434
98954,0.21800894
77750,0.03130434
57429,0.4598379
61304,0.20227867
74608,0.3361596
76454,0.031310312
61826,0.44709235
116463,0.78203154
76778,0.031310312
36488,0.821156
104228,0.28869084
109125,0.38916236
105247,0.72632277
12034,0.27957168
34645,0.9390031
11538,0.119666636
33107,0.42343444
89963,0.03130434
112076,0.33224446
17636,0.86426
60396,0.4947152
76645,0.03130434
95143,0.7692836
51679,0.18961065
56336,0.87777483
47931,0.15352459
36264,0.18748035
72877,0.32232672
98842,0.17848307
111888,0.21043155
85915,0.03130434
89723,0.03130434
20305,0.8509546
12216,0.73166746
29129,0.92412096
56965,0.82515246
37366,0.95170534
57434,0.635079
97947,0.7057917
3125,0.28343996
9676,0.32880864
107461,0.25581354
24712,0.9576863
44897,0.96290976
111646,0.24766299
50252,0.9314652
106409,0.23777822
65599,0.4949246
12239,0.3092915
122243,0.66905415
29090,0.7779481
64159,0.26253343
75321,0.031310312
90839,0.031310312
453,0.16277035
72772,0.25194067
16154,0.69140166
117337,0.78203154
74862,0.2605548
60105,0.48442245
124185,0.8706793
8379,0.8289407
81023,0.03130434
117194,0.2165065
47475,0.9306392
74182,0.22937126
110665,0.22349444
15447,0.94499403
17014,0.37293097
1420,0.20522918
123723,0.836134
58701,0.87728703
21337,0.47651693
104108,0.2340783
42522,0.96290976
72511,0.29196018
119944,0.35583988
74205,0.3564212
14739,0.9499135
33490,0.35137928
45804,0.88546973
109681,0.13554557
65987,0.42005444
7501,0.33759266
93087,0.9476553
94944,0.252591
55396,0.18992758
10765,0.64010215
85514,0.03130434
59012,0.9346028
112240,0.39535472
84373,0.031310312
64194,0.8381434
45395,0.45593145
12161,0.3828585
22717,0.65744835
19612,0.7129119
42102,0.8309766
15679,0.14268462
57714,0.44359928
62604,0.4198263
75462,0.031310312
92852,0.2523098
85600,0.03130434
53129,0.8664309
94693,0.20651188
58585,0.9390031
64283,0.5247274
3217,0.3937212
1497,0.86426
50045,0.19266485
63602,0.8907591
16130,0.7100045
45094,0.96290976
106630,0.20838909
29489,0.6702933
12785,0.2956658
56751,0.8997652
110705,0.17122203
99003,0.682255
23103,0.2596863
35570,0.51783645
19225,0.860123
75236,0.03130434
115455,0.3474458
113019,0.35877663
119264,0.3607884
121788,0.747666
37149,0.96290976
114178,0.18211748
102469,0.29196018
111663,0.35050794
80096,0.03130434
34530,0.9236431
33888,0.23916388
88830,0.03130434
97450,0.81153715
20803,0.46381745
3042,0.32192072
15983,0.1647358
102862,0.68574613
98180,0.89794517
54085,0.38147852
50084,0.1563978
87362,0.03130434
122528,0.7221651
112374,0.46790215
35362,0.4554561
81740,0.03130434
30929,0.22821797
76936,0.03130434
58717,0.88038605
6137,0.61929244
108950,0.19115457
37624,0.9519672
67917,0.40704176
72504,0.18100202
73982,0.24119595
28389,0.18900445
235,0.12423414
47682,0.91637546
118464,0.34423208
28076,0.78392273
61541,0.403944
25986,0.34546793
63171,0.9137137
35279,0.5474001
93494,0.34975833
104687,0.25581354
11438,0.77689314
56385,0.88546973
119620,0.17086148
38502,0.2453203
13093,0.94499403
52614,0.27067053
95187,0.3055729
108956,0.18935803
91888,0.18875833
101724,0.16044275
76182,0.03130434
61799,0.2825769
115383,0.39535472
119004,0.42495596
49239,0.35137928
87549,0.03130434
81175,0.03130434
22731,0.2468477
31598,0.9459695
18381,0.10156157
52354,0.8535543
31800,0.96290976
47824,0.8973856
8249,0.32068625
14897,0.14268462
2503,0.1965817
114689,0.119589426
124318,0.4037153
109265,0.19835815
112684,0.2539019
74307,0.38219392
120035,0.6774783
61387,0.76531404
69979,0.41861087
123996,0.2656955
115685,0.76843184
57717,0.88868886
33416,0.91124403
18504,0.32003286
13445,0.20453136
60456,0.29100558
18364,0.10156157
107073,0.8023341
99189,0.22166151
78231,0.03130434
82363,0.03130434
115758,0.8747065
5860,0.31898
35261,0.96290976
115430,0.42657208
85402,0.03130434
45937,0.96393096
101020,0.23944032
64431,0.9440722
24083,0.11655196
36451,0.9583529
19457,0.7650313
120735,0.24102098
47075,0.56222177
55374,0.44709235
29615,0.38691664
75675,0.03130434
101364,0.24233142
13059,0.9499135
3071,0.32231688
50446,0.1334903
90675,0.03130434
99163,0.32861802
85426,0.03130434
88954,0.03130434
124116,0.63933855
18530,0.3601932
107365,0.94194055
91637,0.03130434
96938,0.79174083
81254,0.03130434
117498,0.22218464
47858,0.90030754
13572,0.2903929
4885,0.90724975
74968,0.03130434
16605,0.19811936
32453,0.91252583
33826,0.18039882
117526,0.44700432
114644,0.38323477
56757,0.91637546
91378,0.03130434
85829,0.03130434
74902,0.8104719
52574,0.47252446
94163,0.9368869
66141,0.7374205
123324,0.20287684
4724,0.7536512
51322,0.1703985
113601,0.18211748
22865,0.39634213
10736,0.35271606
71282,0.2030948
20122,0.10156157
51696,0.18961065
114663,0.3764618
13269,0.13692203
28333,0.18900445
117373,0.83242923
15789,0.13692203
15247,0.15122528
39869,0.96290976
84174,0.03130434
96841,0.56712437
80795,0.03130434
108933,0.246152
37814,0.8017669
26669,0.8694587
7801,0.17630282
629,0.8640416
39402,0.8758363
24594,0.11655196
65545,0.73297215
65683,0.88101935
108814,0.22349444
17368,0.17523654
89816,0.031310312
75973,0.03130434
96360,0.20558472
34754,0.17294705
41864,0.51783645
36960,0.4947152
40612,0.16762054
106223,0.5109038
99112,0.31952056
3417,0.35400957
70159,0.28944543
102372,0.31952056
104997,0.34192467
109202,0.19835815
107936,0.3055729
72505,0.45237526
95517,0.21772183
74459,0.20283122
75810,0.03130434
119703,0.8793599
14084,0.15122528
101075,0.15945047
111908,0.21043155
13780,0.65087396
5670,0.6820612
29994,0.13061339
9229,0.27886045
12915,0.28922746
51733,0.20326011
67536,0.86843574
85742,0.03130434
78008,0.03130434
77543,0.03130434
82542,0.03130434
19757,0.23696943
53387,0.90023947
75985,0.03130434
26362,0.38166305
123691,0.50157255
7707,0.68795264
105122,0.2605548
39749,0.91415143
7041,0.8577828
100741,0.20034361
56257,0.62751484
16072,0.17001788
36758,0.49169213
108331,0.25581354
117256,0.41409528
82598,0.03130434
95675,0.38219392
78158,0.03130434
51500,0.19216135
28308,0.17680426
113111,0.25452465
33173,0.1590159
100417,0.2545217
85705,0.03130434
84361,0.03130434
82095,0.03130434
84828,0.03130434
63159,0.9137137
20519,0.23323919
44572,0.92155355
98219,0.16983578
88650,0.03130434
7491,0.21245174
43719,0.45593145
97901,0.1758152
8084,0.25320226
107401,0.2340783
92010,0.14934593
31051,0.8758965
5669,0.31776014
90451,0.03130434
70111,0.24119595
2159,0.3592763
90295,0.03130434
71597,0.25581354
89583,0.03130434
47536,0.96290976
99190,0.27381667
37516,0.9306392
47456,0.25997135
31710,0.9103443
71641,0.20838909
121433,0.8404901
18742,0.3594334
71955,0.2045015
107786,0.6316427
76058,0.03130434
35922,0.9306392
34175,0.51783645
91441,0.03130434
85066,0.03130434
6414,0.37088668
31587,0.81498253
4186,0.12480803
123184,0.9061947
110517,0.2236849
44330,0.947865
55062,0.33968773
77279,0.03130434
41211,0.96351963
783,0.29428807
12205,0.37226087
41599,0.2206226
21585,0.9241818
98076,0.21374506
102867,0.20034361
105329,0.27539974
78569,0.031310312
103961,0.19262525
72434,0.7345984
69096,0.3085391
23597,0.9052432
24827,0.47651693
62379,0.9421789
14742,0.9491987
92354,0.51546246
22818,0.20875478
49138,0.25997135
17794,0.25422472
110676,0.18529664
75199,0.03130434
56790,0.4947152
32820,0.8297413
34581,0.8865007
5792,0.08974165
96926,0.7835752
31575,0.48197725
111709,0.26303032
40238,0.92673963
69349,0.60625017
108808,0.1914479
57332,0.5050983
28286,0.24958958
45518,0.84430367
76273,0.03130434
13407,0.30073398
95383,0.3368711
26361,0.27895018
93289,0.21918587
18009,0.25422472
39618,0.91637546
41403,0.8973856
91389,0.03130434
57789,0.48442245
105614,0.20811133
78112,0.031310312
1848,0.808778
36973,0.91637546
89747,0.031310312
110998,0.081497826
113393,0.34963745
119183,0.2153792
12636,0.2331502
76106,0.03130434
77047,0.03130434
92022,0.11108917
52589,0.20143037
103630,0.38565227
109097,0.17122203
24421,0.11655196
107530,0.3361596
114010,0.13818616
101171,0.5630923
71221,0.24119595
102235,0.18844602
744,0.36969262
111723,0.33475116
1695,0.86426
106546,0.25581354
11334,0.20276134
88523,0.03130434
62893,0.32778472
60539,0.8512152
53256,0.90023947
62523,0.7784687
71363,0.2340783
105166,0.25581354
64635,0.4352884
13483,0.6228495
122544,0.48164707
80516,0.03130434
35844,0.45593145
10212,0.26576674
80583,0.03130434
32250,0.80233794
44989,0.728384
121454,0.22071311
106218,0.94194055
121060,0.39043832
9236,0.37317532
87567,0.031310312
32744,0.8796976
75879,0.03130434
110972,0.13199246
49770,0.5582415
69674,0.78361666
21243,0.11655196
83693,0.03130434
89970,0.03130434
23730,0.95837826
114389,0.3474458
25954,0.33427158
99001,0.30073398
104301,0.23404719
100494,0.77716386
28754,0.45593145
84068,0.03130434
69826,0.64226395
95407,0.21253584
35060,0.9519672
115449,0.26141655
105477,0.31952056
51563,0.9103443
48806,0.96290976
92418,0.20558472
33850,0.22448991
93732,0.6316427
93648,0.5345431
104679,0.2605548
92801,0.3578396
2008,0.27320066
89299,0.03130434
45023,0.8758363
22110,0.9098462
9139,0.40717378
122996,0.2727731
11642,0.32068625
55350,0.82158434
42783,0.4947152
9454,0.19099386
75264,0.03130434
44102,0.96290976
102015,0.23362757
84043,0.03130434
73604,0.23638994
58060,0.9230428
78117,0.031310312
5299,0.9084978
52942,0.41380712
97470,0.8867364
55654,0.23093534
20168,0.38145584
50031,0.18961065
57677,0.40848854
7905,0.73889273
18436,0.32003286
27072,0.21830754
74009,0.3404597
41718,0.48197725
93128,0.92321473
110615,0.17004685
23768,0.23385826
106183,0.37023035
114710,0.89231473
40906,0.9597026
73024,0.8820279
7035,0.35360643
101491,0.18966047
9190,0.36268446
78522,0.03130434
18276,0.9450165
38373,0.81498253
67847,0.32600516
79262,0.03130434
66710,0.25801572
34758,0.2811511
51146,0.5180246
119779,0.46446276
125063,0.26729608
21501,0.92217124
66238,0.567013
23232,0.36750272
63208,0.9137137
89510,0.03130434
117937,0.24102098
90433,0.03130434
119394,0.18211748
51238,0.15981269
108646,0.2030948
64244,0.8572046
83654,0.03130434
86419,0.03130434
106817,0.94194055
67765,0.7345984
3245,0.87730765
100372,0.29681158
48184,0.9306392
46472,0.18748035
44543,0.89960104
119778,0.4428854
37286,0.96393096
113633,0.18211748
29284,0.66812354
116884,0.2153792
93560,0.53147143
32354,0.9519672
20375,0.8712553
84456,0.03130434
41373,0.44511008
91171,0.03130434
42528,0.96290976
19139,0.45125002
62661,0.48442245
69905,0.34212327
54137,0.39703065
9472,0.21340649
36482,0.4835052
42264,0.2206226
94714,0.20182773
70344,0.33141363
26587,0.860123
103036,0.2216915
68093,0.17561463
45061,0.95170534
16291,0.64464647
17144,0.3301624
89996,0.03130434
57230,0.75575626
40047,0.45621622
815,0.9353937
36463,0.51548564
55857,0.91637546
51139,0.3074006
86203,0.03130434
15745,0.09733766
42837,0.16762054
101571,0.33427098
77190,0.03130434
98007,0.8868323
1398,0.20522918
16251,0.37616107
104895,0.37421864
118485,0.32702267
100357,0.7811615
112018,0.29404208
104721,0.33394322
79299,0.03130434
99983,0.24233142
12019,0.10639612
12728,0.32068625
46398,0.94013
84464,0.03130434
14887,0.14268462
37865,0.8997652
73281,0.6115728
103578,0.19884904
71885,0.30825472
44680,0.9519672
97312,0.62681234
65443,0.18419456
11867,0.29850736
38797,0.88546973
74934,0.9381461
10555,0.12480803
76531,0.03130434
47740,0.25997135
66242,0.19163725
23944,0.649814
2406,0.105922274
119546,0.85724896
120913,0.8608373
52668,0.16121374
85228,0.03130434
101,0.76252025
53648,0.32811105
71937,0.2030948
91855,0.25991738
111094,0.20982653
59409,0.48197725
2333,0.17390084
51998,0.2224798
65856,0.8287918
28048,0.25996035
30582,0.9597026
4471,0.7109738
17366,0.17523654
81735,0.031310312
82706,0.03130434
67474,0.61715984
119208,0.23330303
6418,0.26788342
62079,0.9137137
20194,0.4034626
14311,0.12200315
46902,0.81498253
16229,0.7415136
40021,0.88546973
62530,0.9519672
63923,0.5075459
41763,0.1844453
25930,0.4361347
60586,0.32778472
24100,0.11655196
86678,0.03130434
72303,0.37023035
105451,0.29196018
86859,0.03130434
5008,0.9450165
124020,0.44941795
87981,0.03130434
46991,0.91252583
5304,0.9084978
80074,0.03130434
6650,0.20985325
64756,0.48442245
76036,0.031310312
20858,0.23323919
104323,0.26250902
104309,0.27403837
70508,0.2605548
81712,0.03130434
30885,0.9058583
59902,0.8198562
14288,0.3319068
42815,0.21124457
4032,0.21245174
36796,0.96290976
44158,0.18748035
15435,0.9499135
60173,0.52028084
16288,0.7678481
18584,0.30073127
83514,0.031310312
64304,0.403944
44877,0.96290976
64987,0.48442245
19632,0.8862143
81051,0.03130434
85315,0.03130434
26287,0.8790545
88670,0.03130434
98303,0.23362757
66228,0.23638774
72992,0.86843574
18899,0.10156157
18575,0.43896574
53141,0.8664309
46728,0.96393096
114435,0.8723505
5153,0.9357847
13943,0.09733766
56761,0.4947152
117969,0.24383277
46360,0.8426271
8663,0.21129432
19618,0.75700086
31718,0.9537863
19722,0.23696943
76922,0.03130434
17124,0.86426
95305,0.34835294
45672,0.73425615
8013,0.23830368
14021,0.75567025
89949,0.03130434
109393,0.13283704
18855,0.81498253
83315,0.03130434
8941,0.41912863
87429,0.031310312
98262,0.7822291
17488,0.9499135
28066,0.40214026
3701,0.77689314
33995,0.45621622
82348,0.03130434
117482,0.1985602
75427,0.03130434
42534,0.93511593
106712,0.29698074
112884,0.34693897
76293,0.03130434
110863,0.38947147
11478,0.6595186
106519,0.32533777
515,0.3142129
81220,0.03130434
118413,0.41415057
78202,0.03130434
99916,0.31649715
36925,0.67914283
97238,0.2216915
78296,0.031310312
42656,0.8758363
78509,0.03130434
47050,0.16762054
75461,0.03130434
22736,0.2468477
109365,0.18766645
84719,0.03130434
78128,0.03130434
6825,0.68795264
103326,0.178252
81818,0.03130434
84526,0.03130434
52760,0.5813544
18369,0.10156157
104037,0.23404719
62706,0.5675942
124885,0.935317
22474,0.91880953
85374,0.03130434
52323,0.21750619
32962,0.15186696
79995,0.031310312
41735,0.5130857
10030,0.22616883
67087,0.2579757
61577,0.8483846
71967,0.2340783
16174,0.09733766
12448,0.2851606
92817,0.2815712
24062,0.11655196
76780,0.031310312
56044,0.89675933
9553,0.24958958
103741,0.22937126
34708,0.95226294
101414,0.18966047
53037,0.88096046
15170,0.2520778
76069,0.03130434
61413,0.809835
57871,0.70567787
95621,0.24233142
100501,0.2260994
94573,0.8215684
97217,0.69672066
4431,0.9059526
56976,0.81498253
32758,0.15186696
28373,0.8236832
51114,0.20143037
60043,0.33457485
45705,0.33140108
75536,0.03130434
82139,0.03130434
108967,0.19115457
44786,0.48197725
29281,0.5006101
56416,0.2066276
19985,0.38421112
88562,0.03130434
69595,0.78231126
100905,0.34644756
114104,0.29346073
64071,0.48442245
51504,0.082477085
19422,0.411229
110429,0.102895156
13503,0.33514985
91836,0.18875833
28937,0.7088996
117418,0.1620897
11173,0.3092915
78627,0.031310312
11556,0.29850736
49634,0.1947696
82653,0.03130434
40929,0.96080846
15483,0.9499135
35978,0.9624873
63695,0.7727514
120548,0.4725851
30876,0.8893693
109883,0.17414215
109080,0.09332664
76077,0.031310312
63462,0.49716303
21309,0.14530264
41257,0.8665855
28146,0.27953124
103128,0.3085391
20533,0.4361347
15871,0.85901177
65655,0.4862836
9004,0.82867676
47652,0.614246
102112,0.20558472
19670,0.860123
121175,0.286253
84731,0.03130434
55178,0.4509101
20842,0.23323919
9950,0.12480803
12942,0.36106455
87575,0.031310312
19406,0.39701784
111677,0.33224446
21537,0.929892
52363,0.9137137
27455,0.5006101
78707,0.03130434
119252,0.31809312
108077,0.24730371
3358,0.19002645
48826,0.75575626
65270,0.75041777
4764,0.7950022
44047,0.8973856
36950,0.51783645
109650,0.07198841
99138,0.7715863
74005,0.24119595
113740,0.2153792
52089,0.9314652
95825,0.24007168
34865,0.4598379
69131,0.78041965
3491,0.34753254
107427,0.25581354
30992,0.96290976
53043,0.42640293
80457,0.031310312
10550,0.35619152
10692,0.36124867
98608,0.32384875
97399,0.8611158
13035,0.13692203
13180,0.22616883
97412,0.8611158
69841,0.18962973
92743,0.8213849
111891,0.81854373
14836,0.9512742
11474,0.3432175
59873,0.9035957
72367,0.38565227
124681,0.44167492
56134,0.9325165
11864,0.22010596
89715,0.03130434
107784,0.29196018
3343,0.21235535
62378,0.9421789
112643,0.55462366
56945,0.9624873
94859,0.325828
52080,0.9314652
107644,0.62648994
119491,0.3295943
116893,0.2153792
52277,0.44359928
43101,0.891556
24154,0.919498
73864,0.34835294
23882,0.33500916
118962,0.88244754
118758,0.2153792
69681,0.82651126
9692,0.89070785
63869,0.2825769
56867,0.36900908
26543,0.26797763
113445,0.6299647
31352,0.9519672
99722,0.31952056
104144,0.728774
61859,0.860123
100878,0.43643963
31250,0.8426271
51163,0.18525407
38639,0.9519672
105717,0.25581354
3946,0.16455097
32199,0.95170534
32247,0.8973856
121518,0.7344843
103042,0.34060726
49738,0.15698177
73779,0.31218278
79529,0.03130434
95502,0.34644756
79762,0.03130434
37551,0.44359928
97452,0.81153715
6254,0.6029328
44763,0.8426271
84939,0.03130434
123905,0.8948889
11433,0.3092915
37928,0.51783645
64976,0.3473328
65101,0.78530884
13951,0.09733766
80327,0.03130434
87158,0.03130434
47334,0.48866528
100758,0.17848307
68581,0.36154202
122465,0.40535188
63612,0.91424704
91766,0.64106673
7823,0.20453136
38918,0.45621622
8137,0.37616107
5862,0.33069107
40227,0.57418317
31777,0.95170534
51686,0.18961065
121291,0.22218464
111535,0.31590462
65647,0.75597316
76029,0.031310312
7514,0.29607117
102061,0.20034361
74658,0.34644756
119268,0.5139607
103000,0.30416518
70928,0.9478172
119324,0.78204465
82336,0.03130434
47765,0.86647815
9174,0.6878574
49760,0.90019435
110213,0.23523742
978,0.36780113
86824,0.03130434
24194,0.38211504
57335,0.8374354
32905,0.5275543
100477,0.66886675
41848,0.8426271
23636,0.8904079
43597,0.860123
88122,0.03130434
10492,0.119666636
124003,0.2656955
8253,0.19367898
45105,0.96290976
78619,0.03130434
32531,0.3910059
52358,0.8884894
50537,0.9314652
15222,0.82665807
37355,0.80233794
26408,0.45593145
76338,0.03130434
14645,0.9499135
70912,0.68822205
120500,0.48169696
101611,0.24264088
107216,0.94350517
80446,0.03130434
84664,0.031310312
106763,0.84093153
28777,0.55348647
91029,0.031310312
46853,0.22821797
52025,0.19335423
113892,0.41766465
85693,0.03130434
14298,0.12200315
115586,0.3590929
71286,0.21250242
100405,0.32533777
62482,0.52736723
59766,0.45868096
34067,0.14164568
64679,0.41627684
62978,0.41627684
26332,0.84686714
47967,0.88546973
92681,0.3361596
2195,0.19335319
108591,0.9327329
71371,0.2340783
7799,0.3092915
4423,0.44867945
41433,0.47924474
70718,0.3085391
7129,0.36064672
35159,0.2811511
110881,0.30632004
2298,0.28344777
23695,0.958845
72379,0.6316427
120308,0.43225175
123192,0.935317
7652,0.21343563
91205,0.03130434
85937,0.03130434
62223,0.8527178
18843,0.28091493
74793,0.1735555
34822,0.6358351
107581,0.9424478
116915,0.34967944
40474,0.51783645
97211,0.31952056
71535,0.2605548
29464,0.22618571
109678,0.18202618
43123,0.19033685
87044,0.03130434
42148,0.8547527
44949,0.3910059
67058,0.27702808
100528,0.20911352
10719,0.21398759
14824,0.9512742
102815,0.29196018
79787,0.03130434
39141,0.96080846
52146,0.38373825
24947,0.860123
8904,0.78950816
103347,0.20838909
1006,0.9499135
90674,0.03130434
116064,0.8677327
30085,0.13061339
91384,0.031310312
67249,0.22123717
56598,0.73297215
71899,0.36631116
54971,0.78132683
33566,0.16762054
53835,0.24442023
24671,0.92124265
68263,0.7780593
23221,0.8465825
79766,0.03130434
4934,0.9183403
92150,0.32449678
116644,0.20881379
57779,0.42524004
17843,0.34407723
103880,0.29196018
115526,0.73732287
17678,0.43101567
18649,0.23385826
104836,0.4055622
1169,0.8462867
97585,0.34835294
63258,0.75444716
15456,0.9499135
65445,0.3473328
63978,0.2669509
91653,0.03130434
115245,0.3474458
54789,0.34230834
58198,0.9519672
122584,0.8244422
111963,0.5190674
65965,0.27702808
67771,0.17561463
53807,0.87480056
77794,0.03130434
66980,0.25410587
89612,0.03130434
39115,0.96080846
40297,0.9554212
16879,0.2596863
67310,0.19163725
33627,0.16762054
21799,0.2596863
104104,0.2340783
113937,0.81854373
84993,0.03130434
42773,0.9204851
76945,0.03130434
115487,0.87262654
65028,0.20716664
8043,0.23383927
13383,0.35215345
95192,0.3017865
105023,0.2030948
9446,0.370656
113226,0.4917854
91741,0.16297223
28041,0.47749636
52091,0.9211681
1217,0.9499135
49689,0.30572063
102887,0.58570427
68332,0.7345984
71026,0.25581354
80608,0.03130434
14053,0.1647358
109248,0.21690178
25896,0.22677469
54963,0.88354594
83287,0.03130434
96776,0.2216915
64853,0.37787455
61963,0.78199434
22908,0.48972052
52164,0.23785365
38439,0.9271307
43052,0.9314652
83088,0.03130434
9083,0.5110079
76877,0.03130434
28206,0.41223925
74279,0.5819332
35828,0.94673926
46648,0.9459695
109512,0.16410819
76547,0.03130434
100146,0.31952056
4338,0.9183403
80285,0.03130434
62295,0.9036717
87790,0.031310312
26498,0.4241288
115374,0.3607884
17321,0.7687712
20987,0.20875478
3580,0.19243921
58697,0.87728703
59202,0.8884894
76951,0.03130434
71035,0.16983578
18838,0.38209352
96690,0.8675598
64827,0.73297215
102555,0.12832068
40979,0.96351963
13196,0.2956658
25145,0.9576863
89152,0.03130434
89541,0.03130434
69339,0.33616814
63433,0.403944
17316,0.42323947
57623,0.52028084
79648,0.031310312
41750,0.1844453
102470,0.7925309
49763,0.1947696
7720,0.119666636
119163,0.3474458
20558,0.44203436
87146,0.03130434
52602,0.18202618
108039,0.57491595
12758,0.21245174
6325,0.5917104
112533,0.62338096
106077,0.30416518
46798,0.13515216
17729,0.1429766
101995,0.24264088
20362,0.90676683
40688,0.49394926
65741,0.47083113
112900,0.78203154
82998,0.03130434
33146,0.4014039
36825,0.45621622
39203,0.2206226
11082,0.21340649
108740,0.11108917
91865,0.18875833
60687,0.606724
14020,0.2956957
100343,0.86832535
107891,0.5292948
33529,0.16762054
65890,0.8368585
72663,0.36144003
118267,0.20881379
8531,0.5957987
76237,0.03130434
41057,0.94221777
86676,0.03130434
69583,0.25549293
97911,0.15945047
81256,0.031310312
92881,0.8559449
63899,0.60609657
112642,0.5250505
16620,0.28091493
58279,0.96393096
12295,0.2169093
61364,0.9204851
88474,0.031310312
86987,0.03130434
83980,0.03130434
32779,0.40929744
99733,0.21253584
68858,0.12832068
71460,0.22937126
96489,0.42982423
114755,0.7302654
30728,0.88095886
70453,0.24119595
42183,0.48197725
85824,0.03130434
66011,0.22686978
28560,0.58975375
62851,0.25578496
108917,0.17035948
107470,0.30260983
31750,0.51783645
110239,0.1867484
53780,0.3899322
10996,0.16157272
63663,0.48442245
98336,0.2975923
19261,0.28485233
52077,0.9204851
122479,0.3931247
65875,0.87777483
118270,0.20881379
19786,0.23696943
116721,0.3409557
41639,0.445164
107034,0.27141994
80506,0.031310312
86313,0.031310312
54638,0.5553749
116822,0.17819907
73716,0.3361596
92281,0.21253584
110662,0.18441868
13592,0.23830368
32071,0.8758363
59542,0.9116335
119819,0.31716076
98389,0.12832068
100157,0.7591215
70099,0.6257403
21017,0.28091493
8240,0.23830368
64858,0.50940806
122817,0.46199542
73700,0.21250242
27339,0.23459813
40877,0.9475821
16362,0.20276134
110556,0.15786925
3937,0.13963537
30221,0.8426271
94278,0.9476553
74406,0.43816268
85171,0.03130434
95284,0.24233142
65667,0.91252583
18861,0.8997652
101686,0.30261797
119051,0.24102098
30086,0.13061339
38810,0.91252583
24946,0.47651693
42688,0.96290976
123616,0.7529213
54140,0.34230834
58543,0.9044085
64241,0.87668294
20513,0.3892587
53847,0.66155213
26125,0.860123
67482,0.36080673
106487,0.24119595
42358,0.40226296
100456,0.33499622
58617,0.95226294
118341,0.3409557
18751,0.91726774
98136,0.701712
122071,0.25281683
106228,0.81992453
78349,0.031310312
1854,0.8297078
79376,0.031310312
50209,0.44514608
28858,0.28760076
79284,0.031310312
29182,0.7099934
85878,0.03130434
83697,0.03130434
63220,0.9010328
109416,0.08498182
79014,0.03130434
79797,0.03130434
107134,0.94194055
11046,0.08458195
71716,0.34835294
15785,0.8535365
12298,0.18231802
93832,0.24264088
22230,0.65744835
94866,0.34120932
50227,0.44514608
68982,0.15945047
19293,0.12714666
67199,0.22123717
93400,0.19860084
50747,0.19585733
121858,0.8380931
53308,0.8868518
40380,0.48197725
53937,0.2654423
110097,0.19691217
63588,0.49716303
14125,0.9499135
28407,0.32117394
59424,0.8696135
101757,0.8014971
21316,0.14530264
41450,0.8309766
40727,0.947865
24401,0.2941493
64548,0.41627684
55794,0.8940943
39617,0.728384
118787,0.32525337
85852,0.03130434
76158,0.03130434
63194,0.86356753
100565,0.31237987
82293,0.03130434
54914,0.5292814
87364,0.03130434
85137,0.03130434
118300,0.26141655
55620,0.32905048
68922,0.1426088
47802,0.4947152
16662,0.37925318
100010,0.3085391
70698,0.8596698
109278,0.13199246
48817,0.96290976
28833,0.37672767
71364,0.8190242
84319,0.031310312
90534,0.03130434
16608,0.24745886
48285,0.3910059
49953,0.3013131
4773,0.63412476
74623,0.81992453
50986,0.20143037
12719,0.20276134
121530,0.7195119
28291,0.19163425
71798,0.4586448
58637,0.9421789
94009,0.9139515
78191,0.03130434
100436,0.13700894
40457,0.9189997
33837,0.18707499
108306,0.53155386
81512,0.031310312
120250,0.73573834
110548,0.14934593
33104,0.45304027
48974,0.8357924
81045,0.03130434
123157,0.48801216
115144,0.81854373
84907,0.03130434
9022,0.105922274
30819,0.49408567
94224,0.9476553
27392,0.26797763
124261,0.8872879
82327,0.03130434
113703,0.3474458
12463,0.19367898
3777,0.2276383
23622,0.40681294
291,0.10527903
51716,0.3686735
47234,0.13515216
50417,0.15446714
97697,0.6115728
19653,0.863861
118446,0.51051754
117123,0.78203154
74254,0.2605548
22880,0.5458555
108211,0.7520705
49730,0.11238052
42300,0.2206226
47464,0.47924474
29895,0.11218758
56166,0.48121223
7503,0.3411657
6937,0.10022805
11237,0.82218975
53264,0.31159726
26225,0.6236072
99477,0.30282027
112550,0.13818616
10617,0.08458195
80937,0.03130434
67598,0.33217448
100886,0.86827034
33613,0.14164568
118118,0.28179565
46611,0.45694274
89378,0.03130434
9034,0.3992706
18463,0.8780787
31712,0.85344326
96564,0.22225878
50874,0.24994819
10528,0.12480803
116723,0.6090186
65376,0.47355932
51789,0.7549805
113719,0.2153792
66397,0.22123717
30826,0.9241201
52555,0.1003911
35437,0.94132125
69743,0.8820279
30065,0.13061339
101436,0.31952056
86640,0.03130434
104042,0.3977164
113528,0.31718054
18223,0.9450165
49810,0.84672624
19534,0.2623187
43479,0.8893555
21499,0.92217124
109088,0.18875833
87187,0.031310312
96910,0.20965731
34114,0.43452618
106434,0.32861802
93790,0.84113
8395,0.19367898
327,0.860123
118301,0.2153792
9427,0.23007984
69710,0.86843574
98623,0.21253584
4740,0.3318187
9142,0.7591298
47928,0.18039882
90403,0.03130434
33225,0.16762054
95173,0.21772183
64993,0.62940556
51762,0.3074006
77208,0.031310312
84882,0.031310312
53133,0.8664309
92198,0.18966047
37472,0.96290976
10811,0.8486997
36326,0.45593145
91498,0.03130434
118687,0.29479578
106207,0.89422905
123941,0.88016915
51666,0.39405772
29438,0.21830754
38374,0.91637546
51773,0.5945995
20006,0.9074225
39660,0.81498253
73987,0.24119595
26561,0.23966652
34550,0.49142528
76728,0.031310312
124800,0.81854373
25470,0.9576863
83206,0.03130434
25900,0.21398759
91815,0.25991738
3006,0.7142689
103156,0.2938009
47568,0.93194836
6034,0.18518022
51213,0.17428052
98280,0.32156628
79279,0.03130434
109233,0.10687017
13056,0.92748433
101696,0.21800894
9956,0.12480803
46250,0.9208311
105631,0.20838909
110110,0.20409498
102715,0.29196018
11074,0.22616883
24186,0.89176995
111271,0.22355652
6445,0.10769048
92668,0.2292244
75345,0.03130434
104948,0.3368711
116533,0.2165065
27702,0.7952483
13311,0.47361818
27328,0.24618354
86025,0.03130434
13379,0.6028925
88782,0.03130434
88063,0.03130434
117602,0.4100854
93261,0.2292244
64830,0.70567787
64654,0.8766087
26432,0.7964473
68394,0.27702808
46626,0.81498253
43315,0.76285684
101069,0.16044275
17183,0.22377388
34519,0.904309
6402,0.23383927
8841,0.23383927
119103,0.32598767
60627,0.403944
32748,0.5239165
25679,0.5059832
32646,0.9597026
121718,0.83517766
15807,0.12200315
31876,0.87614733
74285,0.3368711
71527,0.24119595
40237,0.94673926
67762,0.25410587
76485,0.03130434
65223,0.5563864
92901,0.9368869
122709,0.24945037
67250,0.22123717
39190,0.9459695
12098,0.3495698
66093,0.6883518
19228,0.8823559
114520,0.3743192
74954,0.03130434
41400,0.49394926
35981,0.96290976
15528,0.9512742
120568,0.8023064
45121,0.96351963
57109,0.32905048
21244,0.11655196
14628,0.9353937
59016,0.9346028
28467,0.8093808
15174,0.77689314
28891,0.8668096
109147,0.08289085
114462,0.20881379
49272,0.8743015
65942,0.27702808
67521,0.26162446
48375,0.8849741
97952,0.3368711
91374,0.03130434
85698,0.03130434
33716,0.3487261
36723,0.87614733
66860,0.27702808
100774,0.31952056
74789,0.2030948
108725,0.13314341
115746,0.26141655
23753,0.40681294
33747,0.3942423
39495,0.57450193
58375,0.30651492
21826,0.46381745
76536,0.031310312
85348,0.03130434
65354,0.92722785
42080,0.2206226
99178,0.740374
51923,0.8210734
56525,0.7401537
43727,0.88672805
35918,0.91637546
88461,0.03130434
59303,0.87728703
95350,0.22331512
24881,0.11655196
21643,0.73297215
3843,0.2586728
67041,0.28201357
74577,0.9482759
17420,0.26711172
58496,0.8179381
20325,0.8622763
114742,0.3373848
16254,0.67914283
104096,0.20950115
30643,0.96351963
119246,0.41579652
44983,0.47060508
21103,0.24037102
52296,0.29069006
30411,0.96351963
25478,0.9576863
40872,0.7996624
102035,0.6616254
80822,0.03130434
80232,0.03130434
75224,0.03130434
32703,0.7668955
81878,0.031310312
87271,0.03130434
76377,0.03130434
98819,0.30073398
54405,0.88368726
47971,0.8527178
68944,0.15945047
14113,0.9377997
94132,0.89073193
35426,0.5050983
16206,0.21245174
36684,0.8665855
74747,0.53545773
109863,0.111948125
46617,0.8426271
121505,0.7992722
98130,0.33079484
9217,0.21245174
61289,0.950537
124618,0.8851817
67681,0.35273042
121399,0.15960422
23331,0.8746652
48125,0.9515991
60761,0.48442245
79489,0.03130434
90366,0.03130434
39453,0.40356418
71805,0.2340783
19324,0.30983835
14135,0.75567025
28313,0.19102913
1010,0.9499135
46794,0.81851137
62111,0.9213254
75371,0.03130434
93725,0.20908481
95159,0.21772183
106905,0.94350517
110675,0.15946206
1489,0.860123
78420,0.03130434
93188,0.24264088
32049,0.96290976
86351,0.031310312
74313,0.3368711
64650,0.8705224
115748,0.26141655
116797,0.42228454
100753,0.17848307
80284,0.03130434
86119,0.03130434
108354,0.34644756
30207,0.88095886
121799,0.8577614
28491,0.5423133
67606,0.3647356
100851,0.32270113
111021,0.081497826
24927,0.7986978
9070,0.20864394
14509,0.9499135
119724,0.34911624
62860,0.8970733
90289,0.03130434
8766,0.84987587
48477,0.96351963
66822,0.37339127
54235,0.20716664
7313,0.3495698
24382,0.5283913
61865,0.89675933
56895,0.9208311
60350,0.49716303
97939,0.31176618
66498,0.3732931
74152,0.2030948
63224,0.90827173
7775,0.8113396
7270,0.23383927
23040,0.9385125
3093,0.2605651
43,0.47747374
32382,0.96290976
3683,0.77689314
75818,0.03130434
108152,0.84178996
86249,0.03130434
7709,0.8328856
97123,0.20034361
75144,0.03130434
119428,0.3162083
63939,0.48442245
98260,0.5672795
101830,0.23362757
17970,0.9499135
77497,0.03130434
7122,0.10022805
40783,0.1493025
13977,0.10961695
122405,0.4090308
3506,0.1965817
50171,0.44514608
109839,0.15946206
313,0.28908607
35352,0.32817638
115261,0.78203154
49958,0.5582415
34877,0.88546973
111504,0.49819458
33411,0.76285684
44711,0.18748035
14196,0.34577915
6458,0.7765706
49647,0.44514608
103071,0.2292244
56381,0.55333906
102413,0.16044275
113192,0.62338096
102499,0.22391653
84704,0.03130434
28661,0.8022783
52156,0.12201437
40429,0.4789583
19330,0.6690465
8760,0.32068625
55460,0.38428912
82349,0.03130434
22744,0.37944028
61191,0.41627684
46374,0.7668955
41101,0.44511008
36051,0.91252583
96480,0.33394322
69415,0.41233718
42427,0.947865
48022,0.37826666
112759,0.767593
121977,0.73071355
109447,0.11407115
61490,0.18419456
5364,0.77689314
34431,0.94673926
35281,0.88546973
40640,0.9329873
68554,0.7489959
111817,0.13342056
11613,0.3432175
70593,0.5110583
104310,0.6371123
5680,0.32068625
62981,0.41627684
123804,0.4163367
110283,0.32928216
46864,0.45593145
115936,0.31197298
105882,0.6316427
79207,0.03130434
104956,0.28407004
183,0.9499135
81955,0.03130434
22041,0.8346405
15936,0.9284976
114968,0.31364202
77570,0.031310312
81341,0.03130434
39728,0.80233794
13285,0.13692203
11539,0.119666636
32439,0.60234964
63754,0.91098416
107604,0.16044275
68632,0.3615405
38790,0.36921132
66938,0.28869084
59072,0.95226294
97114,0.21253584
54141,0.41221094
45483,0.5352364
88928,0.03130434
102909,0.30260983
94406,0.407593
52069,0.81986773
79176,0.031310312
99691,0.734737
85440,0.03130434
5181,0.9357847
33037,0.8017669
30496,0.96393096
88665,0.03130434
121973,0.46232826
117658,0.8274539
50672,0.23044188
60083,0.8453875
51768,0.105243176
11928,0.22045384
24101,0.11655196
93262,0.24264088
99909,0.18966047
36635,0.9208311
70955,0.9478172
95132,0.6465686
108375,0.77721643
26512,0.8723369
112422,0.18211748
10328,0.33189258
122417,0.34369883
108021,0.23404719
64180,0.26253343
90594,0.03130434
38732,0.81498253
84107,0.03130434
120583,0.41022593
12135,0.3092915
66877,0.22123717
63625,0.9332348
114181,0.81854373
115648,0.8232686
33272,0.2206226
58225,0.96290976
98205,0.48880628
82681,0.03130434
65927,0.36308485
25213,0.33725926
118926,0.402773
101040,0.30310395
41804,0.6126555
91284,0.031310312
37641,0.96290976
27833,0.73937064
73212,0.44841218
53072,0.89630604
98693,0.28280175
30188,0.62135094
93849,0.2292244
121061,0.65806645
25727,0.69351286
75498,0.03130434
3644,0.14086322
83632,0.03130434
63275,0.41627684
7377,0.29850736
83711,0.03130434
62934,0.75444716
116569,0.3080718
124494,0.47819337
14302,0.2093592
3914,0.31776014
108131,0.3055729
39274,0.9515991
12548,0.22619922
105114,0.77721643
441,0.16277035
13836,0.3432175
15795,0.31338695
55112,0.81037045
114107,0.13818616
96449,0.2292244
112012,0.33637404
25303,0.30983835
89318,0.03130434
96928,0.77349526
44827,0.83874524
121716,0.83517766
77607,0.03130434
55443,0.6722129
56970,0.92838424
87557,0.031310312
90475,0.03130434
18131,0.9183403
122770,0.20236963
46372,0.5243945
82419,0.03130434
12565,0.3432175
35370,0.14164568
30721,0.43752286
69856,0.31952056
61423,0.9177364
58762,0.81249714
42053,0.96290976
70692,0.821729
85980,0.03130434
29088,0.39027643
66718,0.7108496
16105,0.35215345
68973,0.15945047
77512,0.03130434
99906,0.7044026
24450,0.11655196
33195,0.12743971
58164,0.48442245
60044,0.32778472
6790,0.3445879
55727,0.26974234
76560,0.031310312
47611,0.95170534
10460,0.119666636
19978,0.46381745
43326,0.9040742
67088,0.7715863
28089,0.75444716
62938,0.32778472
33971,0.96290976
59731,0.9332348
76360,0.03130434
32834,0.8280514
109428,0.16540053
75730,0.03130434
30689,0.96393096
97771,0.7044026
17982,0.37293097
12278,0.3495698
88245,0.03130434
90726,0.031310312
66320,0.73846585
102478,0.55921763
36373,0.96290976
64555,0.25223768
123264,0.9061947
78174,0.031310312
120608,0.36145854
42451,0.96290976
121765,0.3914958
20434,0.8743015
28427,0.31187302
78723,0.03130434
18113,0.9183403
13993,0.7607734
31081,0.23628572
72467,0.61715984
46292,0.96290976
101400,0.2292244
47602,0.94673926
78482,0.031310312
9170,0.36268446
106607,0.26344833
3387,0.77689314
47411,0.80233794
50627,0.5945995
115107,0.28179565
42147,0.6553407
96566,0.7715863
74841,0.6371123
30283,0.59230435
27906,0.2751256
113334,0.24694805
61533,0.8758363
79216,0.03130434
78113,0.031310312
78046,0.03130434
77163,0.03130434
118371,0.209357
117916,0.22218464
53874,0.259904
38432,0.48288697
9727,0.105922274
81882,0.031310312
498,0.76252025
20760,0.5800502
107129,0.9327329
119947,0.7010585
7967,0.32068625
4389,0.73421043
92771,0.29196018
118737,0.36457178
16117,0.14268462
107848,0.29183823
115114,0.4554986
39563,0.96290976
75522,0.03130434
114409,0.70096517
117642,0.6453642
41279,0.9544391
30449,0.96351963
69831,0.38219392
101608,0.23362757
56024,0.6325343
100069,0.12832068
23683,0.9576863
63773,0.455124
77733,0.03130434
67491,0.34357917
106126,0.84178996
37952,0.96290976
20215,0.23696943
74960,0.031310312
98630,0.17848307
72382,0.25549293
35598,0.9537863
10782,0.29850736
71568,0.3361596
64252,0.62664264
32790,0.15186696
89767,0.031310312
115158,0.82104665
60279,0.81726116
18605,0.3930116
56061,0.9137137
32768,0.45502684
90273,0.031310312
5751,0.08458195
10075,0.33079484
21637,0.9233534
28254,0.31403032
430,0.14756499
31001,0.9046038
101710,0.3368711
77458,0.031310312
85120,0.03130434
114288,0.4930706
21006,0.48688608
27506,0.26646096
91649,0.03130434
41641,0.8665855
53653,0.20716664
57804,0.73297215
91473,0.03130434
86892,0.03130434
82829,0.03130434
1915,0.8862143
101574,0.38453776
9172,0.68368834
125177,0.8663952
8858,0.81430286
37170,0.96290976
38270,0.4947152
99534,0.13700894
68021,0.22123717
8095,0.25320226
56585,0.49716303
15138,0.4018067
67223,0.18293878
113711,0.3590929
83760,0.03130434
112639,0.25489962
961,0.34840637
81352,0.03130434
32142,0.81498253
59092,0.275889
119529,0.24102098
112326,0.26141655
110062,0.1867484
122633,0.77777565
48310,0.21124457
105346,0.29348382
36797,0.96290976
33062,0.2206226
58598,0.93832564
440,0.16277035
30609,0.9597026
87451,0.031310312
124350,0.7010585
2827,0.20095006
67832,0.37339127
50006,0.6063674
100838,0.57491595
11711,0.22160476
115495,0.747666
117810,0.642879
116844,0.78203154
21074,0.73297215
106683,0.24119595
64198,0.403944
95221,0.22391653
123484,0.84381634
64318,0.403944
116176,0.8274539
369,0.15342756
90659,0.03130434
99447,0.47472665
106774,0.94194055
119480,0.3474458
21010,0.46722803
109022,0.14737995
66048,0.37672767
21355,0.8009575
27134,0.28760076
119630,0.8399185
28510,0.69692975
59453,0.8820851
105957,0.84384596
15016,0.2407878
90373,0.03130434
53497,0.403944
84141,0.031310312
49753,0.91880554
42880,0.9109243
44127,0.96290976
87398,0.03130434
76603,0.03130434
6644,0.21129432
28361,0.22524025
105183,0.25581354
63238,0.26253343
58603,0.95172524
22076,0.7129119
225,0.111547485
105880,0.34644756
31617,0.81498253
39664,0.9537863
18667,0.76531404
12536,0.3432175
88643,0.03130434
93566,0.82476157
95259,0.22166151
10676,0.42368385
31880,0.94673926
51799,0.45270485
57334,0.7465225
66203,0.23638774
20300,0.81778365
28170,0.34679827
5469,0.5393285
102885,0.21253584
14828,0.95837826
2895,0.6832705
103240,0.25549293
77162,0.03130434
5847,0.08458195
20063,0.19291204
58139,0.41627684
39532,0.93818367
33093,0.29621884
34285,0.39703065
3686,0.18508957
94370,0.2647478
107571,0.83642596
16287,0.7122202
69155,0.3399628
107095,0.15945047
22005,0.90030754
31481,0.91637546
79850,0.031310312
61363,0.9314652
65242,0.16719617
48714,0.87614733
63319,0.8210734
117018,0.20881379
41012,0.51783645
51005,0.5566665
16198,0.10961695
98395,0.3327883
36281,0.33140108
61237,0.8970733
1273,0.89378315
75620,0.03130434
120373,0.38323477
79837,0.03130434
110563,0.1416943
2347,0.30491543
89944,0.031310312
44390,0.96290976
1503,0.8917597
36696,0.8379984
17060,0.2941493
55217,0.4055218
47482,0.81498253
24047,0.11655196
36670,0.45621622
124136,0.3121238
20766,0.28091493
48519,0.91252583
76710,0.03130434
39211,0.44709235
112661,0.39535472
102534,0.16044275
24640,0.3701435
16356,0.3219785
37321,0.9208311
62591,0.6817767
95606,0.7695817
26356,0.46860376
43706,0.9306392
51547,0.15252061
33147,0.90721285
93926,0.38219392
17865,0.8973856
95689,0.4055622
10684,0.32533777
84209,0.03130434
6353,0.6874053
94932,0.7947125
76725,0.03130434
74684,0.60625017
76893,0.03130434
23866,0.47651693
120383,0.21043155
31,0.41874254
6572,0.08458195
65212,0.426255
32167,0.96290976
86097,0.03130434
88092,0.03130434
114729,0.4355398
31565,0.9341328
62906,0.32778472
22703,0.40407833
122720,0.24945037
91077,0.03130434
108999,0.17035948
1953,0.19335319
8822,0.2520778
27174,0.7099934
7966,0.5393285
112103,0.26141655
116163,0.3590929
60607,0.47924474
34302,0.18039882
7984,0.09542217
80063,0.03130434
70120,0.58570427
75569,0.03130434
52987,0.7802147
62879,0.29100558
31048,0.64981353
23670,0.9576863
70479,0.25581354
87024,0.03130434
59330,0.9230428
28483,0.8093808
97147,0.7715863
10663,0.6595186
66381,0.3918357
26943,0.57143486
9119,0.78601956
5581,0.890293
109466,0.08166794
121596,0.4145169
31915,0.2206226
73227,0.27539974
59204,0.9137137
62625,0.44487995
112345,0.6491477
61969,0.9066649
113870,0.3773191
1414,0.20522918
50150,0.20143037
3231,0.6874053
53873,0.30253136
81069,0.031310312
116080,0.49249187
112885,0.4759118
48499,0.4947152
91629,0.03130434
43391,0.76285684
71113,0.32270113
101568,0.38803992
119458,0.17649983
16169,0.2407878
66176,0.79689497
92257,0.682255
75684,0.031310312
74066,0.2605548
21099,0.36674955
102472,0.6367008
46268,0.96290976
120515,0.8611166
58656,0.95226294
63717,0.8865007
43055,0.9314652
60215,0.4515802
74104,0.21250242
52462,0.16552348
5580,0.9284976
93881,0.43643963
76974,0.03130434
106818,0.9146801
58636,0.95226294
69124,0.4228897
115249,0.23570354
75710,0.031310312
56713,0.51783645
9207,0.88400716
88445,0.031310312
48659,0.9554212
40196,0.403211
15749,0.09733766
19755,0.36750272
72597,0.76662844
104556,0.6316427
13967,0.23342112
24181,0.92517155
30187,0.8492527
21899,0.93065524
112968,0.3743192
87925,0.03130434
32509,0.21034765
62283,0.43452618
89631,0.03130434
123374,0.7680687
81539,0.03130434
83246,0.03130434
117351,0.41231763
59065,0.9346028
90902,0.03130434
60698,0.8820851
61571,0.82563615
57725,0.75638884
58657,0.95226294
45744,0.14164568
82081,0.03130434
25366,0.9297321
111400,0.14149433
112000,0.46093148
111567,0.25494805
34958,0.51783645
12172,0.3318187
36469,0.5847897
9744,0.2520778
32233,0.48197725
81357,0.03130434
60574,0.9115184
106188,0.38219392
73280,0.24119595
33586,0.39703065
8438,0.21343563
61135,0.9421789
84221,0.03130434
26967,0.81297904
13468,0.13692203
36628,0.91637546
57451,0.75575626
59008,0.9346028
63591,0.68482536
95619,0.5516668
76272,0.03130434
20402,0.902265
39017,0.9597026
49703,0.6063674
98566,0.30260983
58377,0.4098186
49954,0.23044188
27268,0.26797763
96832,0.37023035
92754,0.3299732
119008,0.42657208
18701,0.39859822
72335,0.23777822
44853,0.9306392
84666,0.031310312
117054,0.2153792
57277,0.75575626
99552,0.6441023
29100,0.65218693
96321,0.27518135
59011,0.9421789
22251,0.4121322
26033,0.50141597
123709,0.38787627
106439,0.33826128
51678,0.28151384
16663,0.5675942
77707,0.031310312
47163,0.5496364
40647,0.48121223
90000,0.03130434
6313,0.12480803
121592,0.9037631
87250,0.03130434
18135,0.9450165
25290,0.8954587
86968,0.03130434
75484,0.031310312
122733,0.35528874
111437,0.17520428
123415,0.8872879
67841,0.33217448
7681,0.8486997
101803,0.3166243
43155,0.49394926
100648,0.29196018
5524,0.4085098
55014,0.3899322
63056,0.48197725
42870,0.821156
58507,0.8970733
87476,0.03130434
44935,0.96393096
2835,0.32579798
22149,0.93065524
113861,0.23330303
53909,0.32744497
103041,0.2216915
124396,0.6958365
79045,0.03130434
76304,0.03130434
53503,0.82246333
81646,0.03130434
16705,0.2941493
34456,0.96290976
123719,0.45245793
123217,0.89286256
71202,0.36303556
77602,0.03130434
15846,0.120016746
88781,0.03130434
43071,0.16762054
26166,0.35066262
17478,0.94499403
103739,0.22937126
56171,0.48121223
94490,0.21139891
61449,0.88672805
78984,0.03130434
84034,0.03130434
124578,0.86706424
30678,0.96351963
105821,0.34766987
2331,0.27320066
106030,0.12385409
96689,0.6223087
115952,0.44706085
4620,0.9084978
105077,0.20838909
80391,0.03130434
115451,0.78203154
31642,0.4947152
88988,0.031310312
96492,0.34835294
69413,0.3399628
65702,0.4352884
6636,0.24958958
53231,0.90023947
112439,0.39026904
101644,0.5292948
10846,0.3318187
4923,0.9183403
77555,0.03130434
59626,0.95226294
117117,0.2153792
93093,0.9476553
7870,0.20985325
12388,0.5604483
97154,0.4228897
37941,0.9537863
34625,0.9165016
35380,0.4717608
10764,0.2169093
62518,0.8309766
75017,0.03130434
119505,0.78203154
5981,0.12480803
2220,0.19335319
10867,0.22246316
76342,0.03130434
108498,0.29196018
122306,0.35537985
16905,0.3301624
92159,0.23362757
49120,0.7346959
45409,0.44709235
101016,0.45797345
17298,0.12714666
60966,0.48197725
83159,0.03130434
79515,0.03130434
85513,0.031310312
61031,0.27021104
94839,0.6040269
109096,0.113787286
1038,0.94499403
116508,0.64428854
34065,0.30430406
91313,0.03130434
114074,0.2627041
7211,0.16560148
59793,0.91445416
8657,0.6363502
66691,0.23638774
64913,0.75638884
106186,0.25581354
119483,0.8232686
86603,0.03130434
107181,0.9424478
88645,0.03130434
81093,0.03130434
107407,0.31201696
19852,0.46381745
105015,0.24539164
115867,0.46263853
6908,0.4052229
69216,0.18100202
114581,0.11397279
72122,0.25581354
108753,0.16410819
56000,0.6325343
59951,0.20553319
112491,0.36131734
74458,0.15409186
38652,0.96290976
9491,0.3250227
93475,0.18651922
53174,0.9053144
10913,0.2331502
6134,0.35491398
26077,0.28760076
124509,0.46199542
1442,0.20522918
2456,0.3605893
60296,0.87728703
121209,0.13818616
122853,0.32244474
87403,0.03130434
100767,0.31952056
85494,0.03130434
123447,0.8023064
122017,0.39530694
109668,0.07198841
122311,0.83996576
89817,0.03130434
32643,0.9597026
58328,0.96290976
25685,0.47848764
67337,0.31218278
48799,0.9583529
32893,0.4869671
48401,0.9387373
115504,0.32133386
24414,0.11655196
112157,0.2153792
12444,0.64010215
36302,0.51783645
65458,0.89515
101681,0.30261797
101787,0.3606894
71406,0.26576674
108727,0.22000672
14560,0.9512742
58055,0.7929977
29026,0.22448991
29299,0.31703597
57851,0.91615355
53513,0.44709235
42990,0.9390031
32472,0.95170534
99564,0.21253584
36859,0.8017669
104110,0.2340783
46514,0.96290976
77553,0.03130434
123772,0.38787627
28949,0.24099268
54269,0.38584703
118813,0.38152656
38741,0.64058954
106201,0.84093153
5498,0.23383927
25980,0.12916906
96150,0.3934724
38313,0.95170534
76265,0.03130434
88470,0.031310312
96519,0.20558472
121821,0.90203345
101978,0.30416518
78005,0.031310312
36203,0.1844453
67489,0.71456665
20390,0.902265
74763,0.5352584
83628,0.03130434
114951,0.7964844
80784,0.03130434
109973,0.50537753
10918,0.2911333
53164,0.8664309
106565,0.2030948
92467,0.12832068
90830,0.031310312
20157,0.39634213
86782,0.03130434
63009,0.48197725
24368,0.23327021
69282,0.24119595
39787,0.81498253
5487,0.24712557
117994,0.30241135
67856,0.23124127
98682,0.24440591
50521,0.8820851
116563,0.22137876
70883,0.31952056
80893,0.03130434
14416,0.9499135
57221,0.2066276
51332,0.44359928
32085,0.95170534
42463,0.906613
30636,0.96393096
62516,0.8973856
89471,0.03130434
41640,0.76790994
74391,0.2605548
120482,0.6717007
113972,0.74202436
106157,0.30260983
108902,0.16441408
69434,0.25549293
13617,0.3432175
75731,0.03130434
70513,0.25581354
79035,0.03130434
108167,0.7474185
95161,0.19860084
33457,0.44359928
86970,0.03130434
108227,0.9061906
46851,0.47252446
11683,0.6820612
102077,0.28407004
52005,0.1703985
21085,0.38421112
47938,0.2206226
114674,0.1868359
28809,0.841321
29386,0.38619
16798,0.23327021
78628,0.031310312
84322,0.031310312
17554,0.23327021
31732,0.88101935
106395,0.31898
109902,0.18441868
11455,0.119666636
92522,0.12832068
46229,0.71755487
87744,0.03130434
81563,0.03130434
98684,0.83905965
56917,0.96290976
63189,0.7382961
54428,0.368795
51125,0.30379844
80369,0.03130434
112167,0.31488678
29077,0.28760076
118842,0.8274539
34982,0.9387373
58376,0.47924474
36358,0.96290976
27863,0.21124457
82342,0.03130434
62207,0.4947152
41918,0.7755156
96481,0.42569804
5830,0.105922274
73235,0.35389754
30454,0.96393096
10450,0.119666636
46458,0.89097196
2174,0.27320066
78596,0.03130434
61979,0.34230834
53850,0.2876258
46673,0.96290976
17544,0.4124883
80820,0.03130434
52078,0.91816753
103443,0.22937126
59723,0.91424704
16367,0.20276134
44451,0.96393096
20487,0.89577615
47409,0.35137928
110494,0.38947147
116874,0.41579652
14005,0.9009365
24348,0.47651693
6284,0.21069057
29450,0.18900445
29838,0.19192421
28193,0.22053003
34885,0.44359928
116193,0.8677327
43331,0.90723324
40092,0.96290976
54675,0.9406784
74811,0.24722563
7299,0.19244489
124091,0.24945037
108870,0.17968692
7319,0.10639612
31092,0.40258163
31794,0.96290976
115964,0.36228955
27009,0.4241288
20831,0.410934
93803,0.3042494
62768,0.31159726
95369,0.25277582
89448,0.03130434
64101,0.24092053
84802,0.031310312
103687,0.35482705
46792,0.49289224
20576,0.81778365
105160,0.2574327
55410,0.3979963
31647,0.403211
20131,0.38907927
21207,0.11655196
71518,0.34644756
27011,0.88868886
122904,0.47819337
29285,0.73161304
106262,0.9162127
48934,0.46860376
51574,0.24249882
109465,0.10609739
58264,0.96290976
124403,0.2656955
104177,0.25581354
15473,0.9491987
17917,0.17523654
18397,0.10156157
122252,0.29561195
79632,0.03130434
35544,0.8973856
106632,0.20838909
48661,0.9554212
96877,0.3432442
115223,0.28450996
98902,0.17848307
40961,0.96393096
60164,0.48442245
59370,0.75444716
14467,0.9499135
22998,0.4264127
116052,0.8677327
69580,0.24440591
95233,0.1925543
8422,0.2169093
16375,0.16285488
7351,0.2331502
118686,0.34575593
7191,0.41967976
108595,0.94194055
111880,0.18211748
89047,0.03130434
106179,0.25581354
87994,0.03130434
27208,0.23462175
71571,0.29196018
99243,0.27641055
15720,0.14268462
57004,0.9544391
4528,0.85073787
118006,0.34184465
78668,0.031310312
19917,0.25422472
9598,0.6699541
40682,0.9475821
69953,0.5644901
103816,0.7713072
98908,0.28407004
22014,0.7958738
12604,0.36124867
57104,0.75444716
55109,0.74834126
108630,0.57259166
33741,0.81498253
4750,0.32068625
10342,0.35360643
92737,0.728774
110201,0.2840024
116319,0.3474458
11877,0.12480803
109594,0.28489813
73808,0.3561233
12945,0.21245174
65704,0.41627684
13697,0.12200315
51348,0.17428052
78000,0.03130434
97029,0.84035444
105723,0.3361596
106928,0.37023035
35401,0.8308462
106762,0.68822205
91391,0.03130434
124657,0.91626215
13359,0.31246164
26037,0.12916906
26352,0.19192421
72555,0.28944543
24536,0.11655196
111336,0.17517772
58154,0.47924474
48627,0.48197725
53100,0.8314508
101841,0.2292244
81772,0.03130434
86331,0.03130434
96262,0.2472191
111700,0.25994626
53269,0.8584214
46788,0.13515216
110355,0.11693063
7151,0.10639612
16658,0.35772887
24802,0.2661258
43089,0.20381133
120984,0.38323477
123500,0.67284214
26633,0.45593145
8048,0.8356119
16547,0.860123
35811,0.9271307
123068,0.8614646
88767,0.03130434
72500,0.2030948
94804,0.5863677
5125,0.9357847
120286,0.41300967
64939,0.24020088
118452,0.739981
7111,0.2796721
22216,0.87643415
7886,0.19048682
83416,0.03130434
67334,0.22686978
12362,0.852843
112645,0.61426073
99793,0.35977632
27223,0.34731868
105106,0.36963782
73053,0.8970733
53270,0.48197725
86235,0.03130434
81255,0.03130434
83349,0.03130434
68331,0.27702808
10934,0.389651
1691,0.20522918
124245,0.45473847
9231,0.21245174
121011,0.18211748
28729,0.73428863
110450,0.11652133
107643,0.53155386
99465,0.2848376
94824,0.19538094
116811,0.37808993
74319,0.60625017
36468,0.25997135
29616,0.81498253
121783,0.6913226
16878,0.2596863
76014,0.03130434
56025,0.36131608
35118,0.96290976
49820,0.84672624
82478,0.03130434
31076,0.81498253
87731,0.031310312
60006,0.16719617
36364,0.96290976
15402,0.81406146
95567,0.39167106
50928,0.45104355
1356,0.9438529
25934,0.4799575
5535,0.3117089
49284,0.60234964
3127,0.19335319
36632,0.9537863
80026,0.03130434
75399,0.03130434
59864,0.87728703
123233,0.8933574
117133,0.48197085
79153,0.03130434
69612,0.84733176
42739,0.2206226
3974,0.40048537
115426,0.3590929
60695,0.9185518
109562,0.23635203
798,0.859899
104922,0.24119595
106249,0.7788582
107880,0.2340783
68417,0.18293878
56571,0.49716303
84277,0.03130434
120452,0.28414136
57273,0.75575626
123132,0.90203345
81439,0.031310312
44373,0.96290976
259,0.35746473
70578,0.4838887
29791,0.1400323
111443,0.3723003
30875,0.94221777
7432,0.22677469
23172,0.3809182
120830,0.8872879
120469,0.37272042
10799,0.8809552
55889,0.37787455
93018,0.84178996
4772,0.73039395
45998,0.9306392
36054,0.9544391
26994,0.46860376
70295,0.27257675
98098,0.15409186
81987,0.03130434
92712,0.20034361
29747,0.4666253
56578,0.5050983
30481,0.96393096
93141,0.9368869
101329,0.12832068
18520,0.42636782
123209,0.91626215
123563,0.90203345
111226,0.16396332
97181,0.20814428
87875,0.03130434
37032,0.96290976
42676,0.8758363
16238,0.8289049
66385,0.755058
21237,0.21385325
57,0.30498606
93571,0.20908481
2074,0.64010215
6513,0.3056412
19074,0.86426
5796,0.25100213
48146,0.8308462
121162,0.81854373
1243,0.94499403
87908,0.03130434
112194,0.30268672
74804,0.2030948
78423,0.03130434
68509,0.31931847
1482,0.7650313
82514,0.031310312
23205,0.8836977
38976,0.89097196
88708,0.03130434
120054,0.3474458
123396,0.85972387
92451,0.32487923
25144,0.9491987
77044,0.03130434
109115,0.12811667
14011,0.73554325
27527,0.23337696
89259,0.03130434
2143,0.20522918
57284,0.6196121
116953,0.47533438
44228,0.85344326
57702,0.47252446
29958,0.11218758
3602,0.19002645
43030,0.9177364
19019,0.88868886
67538,0.7822376
77301,0.03130434
49521,0.27154478
10277,0.25182775
106814,0.9162127
119996,0.1985602
109281,0.13199246
108358,0.37023035
21249,0.11655196
44010,0.43452618
87338,0.03130434
48410,0.96290976
13334,0.2915651
13335,0.12146925
43919,0.96290976
58873,0.44728643
103149,0.26250902
112668,0.21043155
8653,0.33956978
52301,0.14328405
76297,0.03130434
23649,0.9393818
10250,0.33189258
118929,0.37808993
24137,0.11655196
15173,0.34577915
20536,0.44750068
106,0.89159733
24923,0.8346405
61609,0.45480055
91981,0.13984016
78609,0.03130434
90968,0.03130434
61559,0.73130363
97346,0.80220616
56615,0.9137137
7199,0.28113678
95391,0.3085391
96725,0.88114905
86103,0.03130434
37444,0.9321722
125019,0.5975518
48807,0.95170534
20818,0.22377388
103959,0.2260415
20268,0.576241
41481,0.9554212
45531,0.18900445
73369,0.2030948
123030,0.5196859
58680,0.81249714
100895,0.91540396
17530,0.2941493
106858,0.8463844
121748,0.48164707
109617,0.39984623
94760,0.19538094
55975,0.4598379
117744,0.84461474
42079,0.2206226
99527,0.33826128
70,0.31906027
33029,0.15186696
106940,0.8548141
66886,0.31362653
34915,0.44359928
90640,0.03130434
31564,0.8426271
1601,0.22371793
13922,0.14268462
7266,0.33189258
113981,0.13818616
78329,0.03130434
23807,0.42653945
50649,0.1334903
233,0.35746473
98032,0.9478172
56714,0.81498253
2269,0.7145849
52737,0.56458336
75518,0.03130434
86759,0.03130434
102693,0.16044275
6112,0.119666636
51648,0.24249882
74718,0.30569765
69667,0.30569765
83305,0.03130434
119809,0.6537866
99567,0.20034361
90895,0.03130434
26139,0.88722354
59505,0.8790545
70122,0.688626
45044,0.48197725
107081,0.94194055
49780,0.31836024
86901,0.03130434
52711,0.17772704
6913,0.4052229
31832,0.95170534
44842,0.88546973
75889,0.03130434
121924,0.28046992
96907,0.20965731
60903,0.4460518
88880,0.03130434
105136,0.15945047
76772,0.03130434
103498,0.25581354
110874,0.09215829
60712,0.25223768
5080,0.9357847
8796,0.2818694
6411,0.389651
16916,0.23222189
84069,0.03130434
47126,0.8997652
61525,0.88546973
88817,0.03130434
32516,0.15186696
114897,0.8375333
70221,0.4784067
85761,0.03130434
51272,0.20143037
43815,0.9271307
105708,0.53408015
89904,0.03130434
87463,0.03130434
69780,0.8820279
6439,0.3275047
113886,0.34963745
67194,0.22123717
898,0.36780113
22848,0.77578485
124300,0.8872879
31033,0.41490188
71014,0.3766612
73710,0.21250242
78502,0.03130434
48835,0.45593145
117634,0.27175003
67385,0.35960427
29032,0.33140108
72830,0.36303556
76094,0.03130434
107815,0.25581354
27489,0.2745464
82890,0.031310312
58760,0.75638884
11604,0.3735233
60310,0.4947152
19483,0.8736041
111147,0.38916236
110492,0.16485727
27158,0.3902285
45183,0.45621622
122600,0.629105
21903,0.9342352
120506,0.80501986
94040,0.92517126
101835,0.2292244
33647,0.16762054
19752,0.80446565
46390,0.64978623
947,0.8202017
5747,0.07949004
4708,0.3432175
95302,0.24264088
81106,0.03130434
22547,0.19291204
104128,0.47080904
15269,0.12146925
39292,0.96351963
116774,0.2165065
41682,0.81665385
80175,0.03130434
7457,0.5393285
84041,0.03130434
31835,0.9624873
89394,0.03130434
97178,0.20814428
107597,0.16044275
99594,0.69203895
65540,0.16719617
83290,0.031310312
20124,0.10156157
25194,0.958845
20953,0.67639154
27407,0.40356418
48109,0.91234124
124032,0.23293556
94901,0.7947125
99756,0.30260983
18371,0.10156157
116343,0.31488678
20031,0.94499403
87072,0.03130434
120502,0.83996576
80631,0.031310312
90694,0.03130434
93376,0.18701814
75018,0.031310312
39888,0.96290976
100520,0.1972072
86439,0.03130434
8331,0.29607117
98093,0.34644756
118717,0.35944235
92439,0.6786926
93785,0.6786926
105310,0.36963782
119820,0.20488672
120249,0.573836
105895,0.7591215
117858,0.49739036
41045,0.46653733
52435,0.17986925
10466,0.119666636
123163,0.5746072
5727,0.09542217
63251,0.41410264
41437,0.8973856
15940,0.85282815
63818,0.7212439
62533,0.96290976
1506,0.9165275
13804,0.14268462
23712,0.958845
107757,0.29183823
107733,0.2605548
38035,0.96393096
5819,0.33028746
11639,0.2169093
105888,0.8473785
109917,0.23439793
89254,0.03130434
6897,0.31776014
102375,0.39041322
85217,0.031310312
37456,0.95170534
3645,0.31278303
118,0.8462867
15207,0.85901177
57229,0.6196121
77646,0.03130434
37411,0.8309766
34770,0.18850145
95615,0.44471475
51907,0.6063674
19336,0.23067258
78487,0.031310312
122481,0.34272897
78915,0.03130434
38780,0.48197725
54027,0.41113654
65535,0.24092053
6074,0.6598607
89641,0.03130434
112263,0.34409964
27441,0.30309048
100837,0.34690365
23133,0.41694623
74599,0.9478172
65276,0.16719617
121675,0.83517766
25504,0.9576863
107064,0.9032545
74037,0.2605548
92552,0.22166151
56500,0.90019435
34063,0.14164568
47041,0.1844453
79306,0.03130434
99996,0.34835294
26331,0.88546973
15003,0.3343386
123877,0.24555467
28979,0.7099934
4016,0.7688594
60314,0.76531404
89613,0.03130434
67135,0.27702808
121318,0.4195864
81376,0.03130434
78474,0.03130434
101550,0.22166151
73613,0.24119595
100370,0.31237987
64301,0.48442245
18485,0.76285684
70923,0.9478172
58712,0.86327064
102062,0.37767074
26556,0.28760076
33086,0.91637546
96946,0.81153715
96920,0.78361666
110073,0.35844988
103723,0.35854262
13164,0.21340649
13428,0.33465654
103914,0.37023035
105140,0.15945047
12939,0.34204227
60313,0.52028084
55017,0.44359928
66890,0.31490391
55406,0.62751484
47848,0.48197725
31508,0.46860376
106516,0.25581354
74263,0.25581354
113839,0.34963745
9115,0.86822987
42133,0.96290976
119935,0.402575
60217,0.76531404
60065,0.4198263
27123,0.46860376
95209,0.2437418
96748,0.9482759
30493,0.96393096
16952,0.22377388
24338,0.23323919
106967,0.3085391
120906,0.86565024
10512,0.12480803
2616,0.5565323
89162,0.03130434
107590,0.3701738
11843,0.09542217
16897,0.23696943
112416,0.2966278
91753,0.17122203
62192,0.5582415
42557,0.635079
23703,0.958845
57474,0.48197725
86851,0.03130434
6872,0.12480803
115912,0.2153792
106399,0.21250242
78100,0.03130434
87683,0.03130434
39393,0.2206226
12039,0.8328856
4990,0.9357847
77714,0.03130434
42519,0.95170534
5512,0.35471195
106041,0.38218552
9679,0.61632055
39885,0.96290976
34399,0.5362252
115976,0.81854373
6323,0.32068625
20066,0.10156157
41767,0.39032894
122187,0.87402016
70938,0.9478172
111441,0.34367383
10607,0.09560385
45758,0.8492527
34863,0.36921132
3083,0.13244395
118559,0.49617463
117500,0.22218464
91767,0.3904788
8338,0.2169093
119578,0.2000533
115377,0.3607884
1830,0.37826067
29328,0.3862423
24093,0.11655196
105331,0.18962973
84568,0.03130434
115324,0.3474458
83087,0.03130434
797,0.36780113
105167,0.32487923
37313,0.93818367
72002,0.25581354
123946,0.91626215
48212,0.9023784
14921,0.23830368
68568,0.6786926
78465,0.03130434
9016,0.119666636
38591,0.91637546
88033,0.03130434
69584,0.4178735
80236,0.03130434
120723,0.25602314
33945,0.96290976
62330,0.9257487
102320,0.12832068
107567,0.8143468
105818,0.2030948
9471,0.35694826
86066,0.031310312
57278,0.75575626
28463,0.22030416
86701,0.03130434
8625,0.6820612
67244,0.3647356
106619,0.3361596
120407,0.16101477
53934,0.25153294
112362,0.36131734
22855,0.58840704
111106,0.16009486
54313,0.7182427
46018,0.15186696
122973,0.42887315
79295,0.03130434
17421,0.277436
95345,0.221336
39371,0.48197725
38230,0.4947152
99632,0.73426336
56636,0.20227867
20360,0.857342
6598,0.12480803
25173,0.9576863
81788,0.03130434
80203,0.03130434
1912,0.9090561
107950,0.18962973
114116,0.25452465
64627,0.4352884
85952,0.03130434
66314,0.6927724
39845,0.9205261
113606,0.18211748
63128,0.41627684
19038,0.39634213
5834,0.105922274
47427,0.45621622
94715,0.19102913
27388,0.26797763
37653,0.3910059
99175,0.32248288
16655,0.2661258
18197,0.9257003
63361,0.60609657
15875,0.6894482
122718,0.5809238
83098,0.031310312
110543,0.23394863
52261,0.21750619
87435,0.03130434
50679,0.48197725
91413,0.03130434
50281,0.16215724
108333,0.77188313
111319,0.27483946
93626,0.4228897
82953,0.03130434
2883,0.09542217
116801,0.86633736
8460,0.23383927
105984,0.9424478
101019,0.15945047
91256,0.03130434
48509,0.48197725
21758,0.88400716
117284,0.4174015
10408,0.37616107
22419,0.9233534
58011,0.91615355
70516,0.25581354
84279,0.03130434
122412,0.3896494
59395,0.9079074
76745,0.03130434
98998,0.21253584
70854,0.39839217
77580,0.031310312
110438,0.15138625
114811,0.8408752
74821,0.2030948
63924,0.5102815
46087,0.18755917
17465,0.9074225
96705,0.31571665
84622,0.031310312
13728,0.14268462
76506,0.03130434
113673,0.8375333
21962,0.11655196
84690,0.03130434
98965,0.25055066
29486,0.32817638
2098,0.19335319
50827,0.16869853
117671,0.4100854
21910,0.92650557
43888,0.93818367
90862,0.03130434
40137,0.49169213
9391,0.61632055
67091,0.35506353
18224,0.9357847
30837,0.9519672
55286,0.69298524
116601,0.8375333
97672,0.79389507
22169,0.93065524
121167,0.1663177
45985,0.88546973
113512,0.19827189
76687,0.031310312
93275,0.3578396
112545,0.29245326
115271,0.4434572
19651,0.860123
96838,0.7605336
41127,0.95170534
104880,0.32487923
113737,0.13818616
112357,0.36541787
33338,0.75444716
46331,0.18628123
101014,0.33036858
108230,0.9327329
79694,0.031310312
124037,0.836134
124393,0.40903318
5370,0.23383927
117982,0.4771988
621,0.7874931
101603,0.2472191
106432,0.32861406
51707,0.18961065
69859,0.32248288
68660,0.6786926
114048,0.3409557
25107,0.47536713
2972,0.29428807
71817,0.32487923
14449,0.89800274
80665,0.03130434
32635,0.9597026
69894,0.28944543
90687,0.03130434
112993,0.5109054
122810,0.4145169
57748,0.87728703
61166,0.9421789
90935,0.03130434
88197,0.03130434
89298,0.03130434
42395,0.1844453
5815,0.105922274
26158,0.38691664
72413,0.25581354
59950,0.20553319
106096,0.84093153
114935,0.35819483
67284,0.436491
507,0.57900864
82404,0.03130434
89907,0.031310312
61530,0.48197725
71072,0.6316427
46493,0.94673926
4440,0.32923824
121312,0.20488672
23046,0.9576863
82141,0.03130434
80045,0.03130434
82463,0.03130434
60686,0.89675933
33944,0.95170534
56576,0.860123
44859,0.9208311
39802,0.9519672
61958,0.73297215
55080,0.85477734
58256,0.96290976
94720,0.5863677
94887,0.20651188
80572,0.03130434
63941,0.76531404
113559,0.31026083
89693,0.03130434
117150,0.23330303
105699,0.46203277
124772,0.4575926
27513,0.26646096
32598,0.9515991
1005,0.9499135
29331,0.18039882
119417,0.35875165
29230,0.3261401
5301,0.8819456
14343,0.12200315
49501,0.40929744
99262,0.31952056
59297,0.87728703
39925,0.76790994
16467,0.2578143
82406,0.03130434
36686,0.94013
63738,0.7212439
74867,0.38219392
85683,0.03130434
116096,0.6390387
8921,0.8855285
70329,0.20811133
101327,0.14414474
83406,0.03130434
3218,0.3937212
46273,0.96290976
102096,0.7600474
76053,0.03130434
91717,0.03130434
3905,0.278786
71834,0.25581354
52448,0.12583026
67540,0.2840669
35917,0.81498253
124070,0.746742
5401,0.77689314
111370,0.39308667
59672,0.76531404
6136,0.22616883
12987,0.18231802
89460,0.03130434
86446,0.03130434
114090,0.2627041
122956,0.86706424
8868,0.6832705
55027,0.52736723
3916,0.38830912
36299,0.85344326
104022,0.23404719
29754,0.6473161
45416,0.91637546
37631,0.96290976
38960,0.95170534
26593,0.26576674
38685,0.9030965
23241,0.8836977
84103,0.03130434
99694,0.34766987
65813,0.3536664
32869,0.30430406
129,0.9499135
23165,0.33191067
64214,0.4672176
113197,0.34245142
62174,0.860123
92004,0.14934593
94889,0.21139891
42765,0.8820851
60530,0.8946617
68961,0.15945047
48290,0.354258
4491,0.6863941
48102,0.39032894
95737,0.27750233
120195,0.8806368
102516,0.3578396
34636,0.93832564
122509,0.78203154
87423,0.03130434
100263,0.34975833
79019,0.031310312
80197,0.03130434
103458,0.2605548
78691,0.03130434
106062,0.30416518
110792,0.17231268
27905,0.8093808
105034,0.2030948
89270,0.03130434
55774,0.48442245
18363,0.19291204
111322,0.14557746
109731,0.25174645
67643,0.26162446
50635,0.76176775
40011,0.49562588
55321,0.5050983
46219,0.95170534
113422,0.6828718
57000,0.94673926
86162,0.03130434
23800,0.78671986
46010,0.15186696
4711,0.7100045
31450,0.39907768
75356,0.03130434
90462,0.03130434
112988,0.21043155
115845,0.2627041
121875,0.3570676
41954,0.8662541
105990,0.9424478
34413,0.91637546
105969,0.8876496
44043,0.18748035
6250,0.3094237
26772,0.8695366
100493,0.78982365
28893,0.88354594
100052,0.120943554
86870,0.03130434
24500,0.11655196
51596,0.1703985
108675,0.5292948
20465,0.2941493
36353,0.9519672
33512,0.14164568
109530,0.19773716
114264,0.2539019
33605,0.14164568
71252,0.36015904
5326,0.3351356
81262,0.03130434
84102,0.03130434
22447,0.9241818
17695,0.3301624
26268,0.42692924
76166,0.03130434
17231,0.3344673
59103,0.8374354
107226,0.94344443
49242,0.6564573
3866,0.22477908
64865,0.787661
102380,0.12832068
71926,0.30073398
121743,0.48164707
66615,0.2652183
5094,0.9094605
113125,0.3291098
71995,0.35649446
78107,0.031310312
109139,0.18725291
44667,0.9306392
89617,0.03130434
52983,0.78236616
109699,0.13199246
44282,0.7996624
93543,0.20908481
2867,0.090576954
41996,0.76995146
88996,0.03130434
9602,0.7608917
53449,0.8631297
10961,0.12480803
21641,0.4222304
38445,0.9306392
31805,0.95170534
89073,0.03130434
114613,0.8375333
7464,0.33189258
76196,0.03130434
45215,0.18748035
4092,0.3432175
63518,0.9314652
51108,0.10380996
44146,0.45593145
35568,0.4947152
82331,0.03130434
99726,0.25055066
33142,0.52468073
116807,0.8121534
105428,0.72185737
8909,0.2520312
53463,0.8671986
22383,0.9241818
30147,0.13061339
2789,0.20147799
41083,0.14164568
119982,0.36088017
25021,0.38287258
104169,0.740374
47943,0.91637546
115656,0.78203154
52453,0.16354547
69533,0.2340783
18413,0.3461021
14850,0.14268462
117496,0.3260751
22143,0.93065524
103096,0.31952056
75622,0.03130434
41418,0.5360608
49795,0.80610734
109036,0.110710196
91628,0.03130434
58816,0.8219314
97385,0.8611158
120566,0.30531928
23552,0.92124265
98330,0.22166151
71656,0.24119595
119972,0.39871728
30100,0.2639666
42564,0.48197725
39773,0.87614733
81067,0.031310312
74957,0.03130434
38643,0.96290976
86298,0.03130434
54383,0.8024413
104950,0.25581354
18576,0.81498253
63485,0.7887926
102456,0.66962254
64454,0.95502293
123292,0.88957304
121975,0.47944537
33213,0.16762054
2988,0.6559635
63102,0.91424704
54983,0.34230834
32105,0.60234964
72997,0.8820279
65271,0.77437
112193,0.2153792
50622,0.40929744
70183,0.60031617
92774,0.61715984
108996,0.17035948
14720,0.9499135
118982,0.2165065
40462,0.48197725
106600,0.2030948
50709,0.8743015
116546,0.6230434
92882,0.8967697
111732,0.18937106
12894,0.18361396
100874,0.3578396
88957,0.031310312
48263,0.14164568
38842,0.88546973
25856,0.2169093
49570,0.506447
6053,0.6820612
109015,0.23157796
47059,0.1844453
60109,0.7779481
46929,0.81171453
4873,0.8774382
119681,0.3607884
14261,0.09733766
91658,0.03130434
74207,0.21576302
64355,0.76465654
20974,0.88334817
99494,0.16044275
42473,0.5050983
31727,0.9554212
7375,0.23830368
61116,0.9390031
75047,0.03130434
18325,0.10156157
98991,0.20034361
119956,0.22218464
91627,0.03130434
91757,0.15138625
45771,0.41431347
123114,0.7164495
14154,0.9353937
41676,0.15186696
65020,0.8696077
123207,0.91626215
55798,0.75444716
105931,0.81992453
60487,0.91129947
89740,0.031310312
44386,0.96290976
93092,0.94171447
73904,0.2340783
38771,0.9396809
35496,0.9519672
16869,0.86426
111796,0.18937106
34923,0.8997652
30058,0.13061339
117048,0.3590929
76311,0.03130434
3225,0.80488074
52553,0.19335423
59551,0.9390031
114136,0.2165065
111797,0.15338649
86611,0.03130434
113055,0.38537404
99186,0.22391653
53382,0.89720553
63172,0.8973512
4379,0.7950022
48991,0.9597026
76690,0.031310312
73305,0.34192467
90244,0.031310312
66944,0.27702808
102250,0.3361596
32623,0.947865
73622,0.2605548
40207,0.89097196
78899,0.031310312
42570,0.60234964
71048,0.25581354
66723,0.8548141
44425,0.96393096
23270,0.80762976
97714,0.8355008
51082,0.11238052
92189,0.20908481
31854,0.91252583
25043,0.40681294
10101,0.5923517
118365,0.43091348
16418,0.12146925
116039,0.69513947
121021,0.18211748
58787,0.62940556
102953,0.21800894
74187,0.35041872
26524,0.7099934
67351,0.37483957
17039,0.2596863
76790,0.03130434
58345,0.96290976
88101,0.03130434
17583,0.37925318
11166,0.18231802
13669,0.38026646
52328,0.17939699
103772,0.30416518
36370,0.95170534
16972,0.36516735
125142,0.8232686
113756,0.34963745
40356,0.96393096
19060,0.2973709
47756,0.16762054
33008,0.15186696
93218,0.31952056
109004,0.17035948
84487,0.03130434
116931,0.6090186
30230,0.9519672
4036,0.22217189
54189,0.23093534
57594,0.9204851
51185,0.46210852
104370,0.2605548
116013,0.36617872
13805,0.81406146
62050,0.70567787
26340,0.43295836
95685,0.4784067
29939,0.11218758
58931,0.8210734
5561,0.6693448
24641,0.33688375
54984,0.88868886
76588,0.03130434
121156,0.3260751
1388,0.37094113
99399,0.765426
114457,0.7529213
75699,0.03130434
46,0.84677356
88031,0.03130434
67122,0.2579757
118290,0.2153792
44966,0.45621622
58460,0.75575626
50043,0.16869853
34440,0.9554212
6520,0.105922274
70808,0.37262002
103388,0.4363386
5970,0.12480803
12126,0.105922274
86539,0.03130434
51231,0.12201437
31549,0.4241288
11592,0.82700837
88388,0.03130434
16463,0.77689314
93998,0.3977164
37319,0.9321722
102065,0.20173608
12421,0.20453136
49298,0.25997135
97429,0.81153715
64793,0.41627684
65461,0.4478592
116961,0.8180507
2225,0.28343996
71909,0.31952056
22929,0.19869632
11967,0.12480803
29367,0.21029693
110549,0.4248083
98422,0.20558472
87118,0.03130434
31682,0.47253406
8128,0.7346959
5413,0.80002314
87797,0.03130434
5640,0.9499135
21175,0.11655196
114486,0.20881379
72287,0.3977164
31088,0.87614733
37138,0.94673926
30635,0.96290976
11223,0.88400716
38899,0.5983031
22954,0.939631
46211,0.96290976
28940,0.70094484
106357,0.94194055
52608,0.75444716
63410,0.885877
120211,0.46263853
36332,0.80233794
18315,0.10156157
49496,0.1367768
113662,0.7696351
2991,0.70322263
23442,0.30253136
68010,0.22123717
75549,0.03130434
238,0.12423414
71871,0.2340783
47869,0.7382961
58166,0.49716303
32485,0.18850145
60386,0.91424704
107307,0.90867126
94800,0.19538094
29848,0.29621884
49430,0.25198638
14747,0.9572069
17006,0.4357308
98803,0.20034361
116196,0.81663525
26894,0.4816905
77931,0.03130434
44610,0.96393096
60046,0.32778472
95343,0.24233142
32647,0.9597026
73113,0.25581354
71006,0.7009892
36857,0.32092914
96599,0.83607715
116023,0.3624575
44671,0.949466
104402,0.27403837
120857,0.64668465
15338,0.24743919
49410,0.9257487
29760,0.96290976
40048,0.15186696
75071,0.031310312
15434,0.9499135
40134,0.5021831
44291,0.8973856
102074,0.40189412
87141,0.03130434
42031,0.81498253
72368,0.6616254
82450,0.031310312
19940,0.4164125
68831,0.12832068
60380,0.62940556
46654,0.96290976
31556,0.4241288
66584,0.17561463
94126,0.6460283
109702,0.13199246
6005,0.08458195
98322,0.78361666
51398,0.3074006
114444,0.8663952
4878,0.8515462
52743,0.9137137
86081,0.03130434
36926,0.9079074
119532,0.38323477
94875,0.22030416
8620,0.38916525
93812,0.80928147
79016,0.03130434
42494,0.91415143
65054,0.70376647
108768,0.16516253
14504,0.9499135
46013,0.44359928
91324,0.03130434
70468,0.16044275
44299,0.48121223
90737,0.031310312
108937,0.38916236
11109,0.08458195
21889,0.93065524
31306,0.2206226
57370,0.42657176
107091,0.94194055
29778,0.42145735
4510,0.38314846
115074,0.61297214
24580,0.11655196
29043,0.45593145
40552,0.36921132
3677,0.18508957
9922,0.2856746
14293,0.2093592
97730,0.17848307
111897,0.36541787
2496,0.1965817
3078,0.625511
84098,0.03130434
62064,0.90019435
24745,0.86047524
35287,0.85344326
30685,0.96351963
104776,0.23404719
67792,0.26162446
109213,0.08498182
77977,0.031310312
120513,0.82445616
124351,0.7277375
83103,0.03130434
53026,0.88096046
2700,0.19302084
41232,0.9231412
89886,0.03130434
101659,0.92698723
75255,0.03130434
111729,0.48465553
26934,0.37548095
39175,0.89097196
15760,0.09733766
38094,0.96393096
15512,0.8786143
55949,0.9213254
96759,0.34192467
20910,0.5675942
58533,0.8785836
91164,0.03130434
106453,0.30260983
17896,0.88546973
62799,0.37787455
52186,0.44709235
92330,0.27775568
109354,0.114224315
87773,0.031310312
74942,0.9381461
94670,0.27667567
63162,0.8893555
94461,0.20908481
105124,0.3360357
13487,0.24572116
111360,0.36187622
76312,0.03130434
92209,0.27381667
121231,0.78203154
13991,0.83561534
7188,0.28113678
104719,0.28274912
73319,0.18962973
103752,0.2967934
66742,0.38123944
67532,0.8795149
75360,0.03130434
28804,0.84184235
2237,0.8578623
23083,0.83556
82784,0.03130434
4516,0.8045295
23443,0.7650313
67499,0.340574
55498,0.9137137
82555,0.03130434
35931,0.94673926
71804,0.5089131
2119,0.19335319
105884,0.6786926
41309,0.46860376
56430,0.8665921
92511,0.3125732
108512,0.32487923
58806,0.32778472
105927,0.3166243
91776,0.26399195
33152,0.18748035
97776,0.29196018
70749,0.21250242
105229,0.2340783
119013,0.4624866
10959,0.30216584
19717,0.39634213
122897,0.23293556
60570,0.48197725
76743,0.03130434
325,0.31906027
12335,0.7793603
22729,0.5675942
74992,0.03130434
104335,0.27539974
48796,0.91252583
11930,0.12480803
84550,0.031310312
108042,0.24119595
54488,0.31159726
113704,0.81854373
39145,0.96080846
117458,0.33902338
112713,0.3764618
112094,0.32103196
33916,0.8017669
38621,0.5050983
62084,0.8893555
62286,0.8888306
39467,0.59230435
71650,0.24119595
79843,0.03130434
84676,0.031310312
60302,0.49716303
94518,0.58570427
117850,0.689211
110975,0.13199246
74728,0.37421864
36991,0.96290976
15669,0.14268462
102013,0.3085391
46072,0.35999408
31026,0.96290976
25775,0.24438797
83511,0.03130434
17165,0.36363116
19831,0.47651693
111618,0.17802687
23293,0.89096457
74309,0.35434297
31589,0.91637546
75383,0.031310312
20805,0.48688608
56338,0.9314652
25446,0.40681294
46938,0.7952733
27387,0.25362933
60332,0.5643045
90866,0.031310312
73932,0.2605548
90969,0.03130434
65735,0.8716349
31402,0.8864545
99197,0.21253584
62696,0.76285684
78182,0.031310312
80549,0.03130434
23286,0.86173636
16519,0.42323947
16063,0.15122528
43989,0.92534685
55187,0.34230834
40103,0.1844453
51614,0.19585733
89619,0.03130434
93024,0.7857221
94517,0.28280175
76071,0.03130434
124608,0.4909261
16699,0.30983835
98597,0.65980566
63111,0.43891653
27363,0.59628624
108987,0.154441
69028,0.65980566
119259,0.41300967
20542,0.52736723
6900,0.18322824
93263,0.27750233
114144,0.2165065
79784,0.03130434
36224,0.18748035
37143,0.9519672
73925,0.32861802
69956,0.37023035
84893,0.031310312
2582,0.23047455
46697,0.96290976
30944,0.8426271
10589,0.09542217
19895,0.10156157
118581,0.30681014
88615,0.03130434
12103,0.31790134
95568,0.6567953
45235,0.36649957
23848,0.11655196
21299,0.2893124
52259,0.3074006
92294,0.27080306
124448,0.9061947
64344,0.4478592
14867,0.75567025
113356,0.24694805
99612,0.7725063
117085,0.28179565
103943,0.37023035
31761,0.81498253
73985,0.24119595
124768,0.26729608
63012,0.7887926
81874,0.03130434
4973,0.9357847
54519,0.3962298
90916,0.03130434
75318,0.03130434
50200,0.1182094
28520,0.41591987
65464,0.36900908
20164,0.4609186
18089,0.89993906
63833,0.25972027
80061,0.03130434
36543,0.91637546
53243,0.90023947
103213,0.25581354
67374,0.35300627
108466,0.20838909
91712,0.03130434
1479,0.33692366
96995,0.3361596
35497,0.96290976
12406,0.3958198
74941,0.9381461
68192,0.78361666
114708,0.746742
123387,0.88361204
20780,0.8743015
122815,0.20600154
123893,0.87167543
71124,0.28577027
73479,0.37023035
38934,0.8426271
110794,0.10260573
119965,0.4428854
82825,0.03130434
2227,0.86968625
20485,0.5675942
18408,0.17523654
14431,0.7782762
121319,0.45265657
112961,0.1712391
37749,0.96290976
102892,0.43643963
46974,0.43147334
13854,0.36387038
53181,0.47924474
116458,0.5746072
42410,0.9103443
99577,0.77624804
45575,0.40762833
101488,0.3085391
48430,0.9554212
122167,0.68277544
94675,0.23238774
54876,0.88868886
122880,0.23293556
28332,0.26031482
64203,0.47083113
103440,0.24440591
66619,0.17561463
65808,0.4313774
119217,0.3276944
85117,0.03130434
1868,0.9084978
94241,0.9476553
7206,0.119666636
81099,0.03130434
41920,0.9208311
101602,0.31952056
76468,0.031310312
71301,0.84093153
25129,0.9576863
86827,0.03130434
119000,0.3260751
65802,0.4313774
7490,0.21245174
48945,0.2206226
118930,0.20144422
2422,0.34243923
112537,0.53607863
103714,0.36144003
109509,0.49444345
51022,0.36200684
30365,0.9624873
27806,0.30501074
12485,0.36268446
27460,0.2745464
20000,0.88546973
26700,0.38877156
105029,0.2129831
118055,0.8568455
24134,0.11655196
80466,0.031310312
59434,0.84872174
72464,0.2030948
20130,0.10156157
90984,0.03130434
36434,0.4947152
117846,0.39781097
33433,0.3902285
102513,0.16044275
106848,0.94194055
54386,0.86110663
96,0.3673823
5717,0.12480803
95752,0.2967934
75105,0.031310312
7131,0.11999774
58826,0.44359928
25131,0.9055118
67207,0.22273438
117913,0.2236549
96424,0.29086792
18666,0.42581958
43881,0.81498253
50069,0.12201437
63426,0.78671986
86134,0.03130434
119101,0.6774783
1069,0.22941995
76277,0.031310312
9578,0.87261397
56490,0.75444716
58850,0.41627684
14757,0.9512742
103387,0.18962973
46936,0.40356418
80630,0.031310312
60287,0.8453875
122254,0.29561195
93979,0.20911352
31110,0.45950174
49604,0.78869313
33442,0.2206226
78359,0.031310312
66493,0.17561463
57837,0.87728703
102869,0.21253584
24530,0.11655196
72665,0.21250242
41466,0.9189997
33036,0.614246
102415,0.16044275
103696,0.25581354
59122,0.24899146
85688,0.03130434
91833,0.18875833
20622,0.8320998
79152,0.03130434
58066,0.75078344
79257,0.03130434
124262,0.8408752
61611,0.18419456
20718,0.23323919
22177,0.94562465
110507,0.15786925
39980,0.4598379
115694,0.21043155
88046,0.03130434
48003,0.20067975
32593,0.9597026
70106,0.2030948
20589,0.23323919
71463,0.38803992
124381,0.28795478
82791,0.03130434
36848,0.89097196
73981,0.24119595
55353,0.90281117
92949,0.68822205
66059,0.26162446
18441,0.19999614
108032,0.23404719
55925,0.52468073
9545,0.48749
103883,0.6119323
50401,0.12201437
102421,0.16044275
111679,0.15338649
28807,0.841321
64400,0.604619
56690,0.96290976
18302,0.3013125
94318,0.3085391
80553,0.03130434
121775,0.4299723
95728,0.62831306
7249,0.83556
122870,0.37044698
77039,0.03130434
3089,0.22477908
44357,0.96290976
35676,0.96290976
68603,0.22123717
38997,0.8973856
122053,0.6212614
68112,0.32600516
8393,0.21245174
53131,0.85270435
36737,0.95170534
5755,0.31776014
98123,0.34835294
13358,0.14268462
103155,0.25194067
43280,0.32817638
64999,0.8256425
118779,0.3624575
102374,0.20911352
19259,0.7650313
33956,0.96290976
12299,0.21245174
109160,0.33976066
11528,0.119666636
82885,0.03130434
4600,0.89070785
88199,0.03130434
58508,0.89675933
35057,0.9321722
72058,0.31362653
114082,0.2165065
28908,0.88354594
80059,0.03130434
49609,0.84613615
35972,0.96290976
104094,0.23339364
13644,0.14268462
70486,0.2340783
12268,0.23830368
52915,0.1979359
124830,0.90290135
110418,0.19691217
21441,0.92217124
40965,0.96393096
82770,0.03130434
76792,0.03130434
14578,0.95837826
66580,0.17561463
27707,0.33076847
28450,0.23689711
121922,0.72332543
39770,0.8758363
33503,0.48121223
48620,0.96290976
22793,0.4435006
92387,0.20034361
36967,0.87209076
360,0.338292
67943,0.26162446
560,0.859899
71638,0.6786926
106752,0.33499622
19078,0.7656505
63642,0.9421789
38501,0.2206226
8063,0.21343563
109745,0.1642434
110388,0.17231268
4791,0.3092915
57775,0.3572196
118654,0.7539867
73350,0.2030948
11545,0.119666636
59363,0.8970733
101933,0.6627897
74996,0.03130434
11105,0.12480803
95363,0.24758086
93051,0.9368869
85191,0.03130434
104411,0.2605548
105394,0.3368711
57290,0.614246
7335,0.7100045
69211,0.78231126
102381,0.16216351
119938,0.80918765
73174,0.3361596
53914,0.52736723
70989,0.16983578
13511,0.3595563
10271,0.26576674
891,0.9499135
91676,0.03130434
89013,0.03130434
8798,0.2022309
108286,0.33499622
16940,0.3461021
46817,0.13515216
61762,0.49716303
79501,0.03130434
121161,0.18594731
18213,0.9257003
65917,0.40762988
46868,0.8758363
55215,0.6753542
86846,0.031310312
121418,0.38787627
26858,0.8928819
71764,0.16983578
56050,0.90019435
60458,0.47252446
87942,0.03130434
39540,0.8726602
98820,0.21253584
123383,0.8906713
50855,0.44646192
117507,0.4426833
62342,0.9421789
115012,0.38323477
38297,0.96290976
12637,0.7346959
83586,0.031310312
106203,0.8675598
41052,0.8663182
99692,0.3207462
7835,0.32861406
53578,0.42355317
67185,0.17561463
34165,0.4947152
68406,0.3831589
99065,0.60625017
13230,0.2956658
95528,0.20965731
27202,0.24825242
113115,0.25452465
46212,0.96290976
81834,0.03130434
82700,0.03130434
79379,0.03130434
49757,0.8535543
48156,0.43603024
94175,0.94619924
86947,0.03130434
41392,0.48121223
84384,0.031310312
69332,0.33079484
71243,0.23404719
42130,0.95170534
59599,0.95226294
9632,0.8062284
20880,0.23323919
28149,0.8236832
3393,0.21235535
51620,0.22888295
105979,0.91540396
9741,0.3092915
113776,0.18211748
122227,0.21498768
89204,0.031310312
100586,0.6847809
94806,0.21645746
800,0.8640416
41691,0.9208311
30349,0.96290976
67282,0.82016003
3157,0.32494247
51764,0.21750619
101079,0.33499622
57205,0.43452618
15606,0.73831785
11700,0.29850736
40374,0.96393096
16485,0.3775812
115966,0.29050997
89201,0.031310312
24529,0.19291204
72846,0.2340783
79793,0.03130434
102861,0.20034361
91465,0.03130434
11591,0.26674962
93014,0.7918981
36457,0.96290976
33085,0.88546973
113789,0.3260751
106641,0.68038684
72985,0.86843574
13072,0.9499135
106868,0.94194055
57561,0.62940556
81815,0.03130434
118890,0.6940031
37401,0.46653733
123584,0.8608373
84534,0.03130434
55307,0.9177364
108280,0.24275276
119009,0.78203154
41867,0.41842118
45732,0.8661465
31512,0.89097196
66908,0.26162446
26676,0.88722354
51509,0.49827468
76222,0.031310312
56432,0.8946617
106903,0.94344443
62885,0.7595394
185,0.36525947
40567,0.8017669
97903,0.12832068
101880,0.3361596
66738,0.38123944
56958,0.89097196
11939,0.30087715
79146,0.03130434
121244,0.46898317
75396,0.03130434
83041,0.03130434
30731,0.8758363
16029,0.23762095
98581,0.20814428
43610,0.8940943
27750,0.37821475
89574,0.03130434
116589,0.87262654
117616,0.747666
31010,0.94673926
68943,0.35909948
124213,0.4909261
122157,0.2596718
17899,0.7129119
79739,0.03130434
120595,0.50103664
105110,0.20838909
84732,0.031310312
124604,0.67284214
7639,0.64010215
19057,0.21500042
45690,0.96290976
114530,0.3743192
58681,0.74678385
26050,0.52778286
11329,0.8272743
88966,0.03130434
49224,0.4947152
56825,0.591366
75401,0.03130434
62534,0.96290976
76125,0.031310312
3899,0.17380106
42930,0.9177364
119535,0.29050997
45143,0.1844453
8442,0.34204227
60936,0.58840704
27971,0.7424065
102402,0.38565227
119975,0.4554986
116806,0.88800365
4329,0.9084978
59074,0.95226294
12691,0.120016746
64833,0.25578496
107322,0.94194055
61713,0.9044326
44260,0.94221777
104959,0.18100202
117146,0.43184218
40711,0.9329873
66668,0.23028636
54019,0.34230834
69972,0.58809656
66729,0.88114905
105833,0.2030948
82934,0.03130434
18764,0.94499403
114365,0.3474458
81027,0.03130434
122443,0.7954366
5121,0.9357847
19286,0.37943122
70725,0.31952056
3631,0.20147799
7391,0.23383927
111066,0.17968692
45419,0.93818367
56741,0.88546973
94656,0.32447767
64970,0.24020088
58979,0.9421789
74154,0.2030948
112223,0.67284214
70068,0.2030948
84369,0.031310312
86497,0.031310312
77442,0.03130434
42673,0.48197725
20134,0.10156157
108922,0.17035948
117438,0.16749707
84316,0.03130434
6260,0.27778846
62241,0.48442245
28542,0.32117394
73316,0.31137443
57460,0.5458555
48140,0.89097196
84834,0.03130434
114450,0.60054535
10180,0.24743919
55440,0.41282943
23480,0.20875478
96346,0.22854485
62928,0.32778472
62807,0.34230834
52284,0.1182094
93287,0.21918587
34358,0.1844453
71167,0.32487923
51984,0.1182094
9658,0.3318187
74302,0.2605548
88671,0.03130434
97305,0.5935842
109978,0.19115457
87721,0.03130434
52163,0.16121374
26723,0.41164365
107725,0.25581354
5933,0.12480803
77327,0.03130434
11890,0.08458195
61830,0.23093534
116782,0.42657208
10641,0.2639617
93808,0.706971
25710,0.70383424
18771,0.38209352
8666,0.20985325
28052,0.2065176
70900,0.2605548
78621,0.031310312
10353,0.25961435
32137,0.5050983
5483,0.32880864
105476,0.2340783
105155,0.78577894
19829,0.2941493
4427,0.83432525
54118,0.48442245
61120,0.9390031
62876,0.29100558
102052,0.20034361
93870,0.18651922
106770,0.92698723
17939,0.9179923
8032,0.23830368
12771,0.33189258
84344,0.031310312
32501,0.860123
31629,0.5050983
113869,0.39535472
33905,0.44511008
77223,0.03130434
92828,0.47698107
89687,0.03130434
122638,0.2596718
9413,0.46399498
41032,0.4947152
105395,0.16560148
14403,0.9499135
123247,0.8346738
74030,0.24119595
89812,0.03130434
102635,0.64087224
14048,0.51131237
2981,0.32579798
37426,0.45621622
4726,0.83465
23681,0.94499403
30798,0.96290976
8360,0.2956658
93814,0.53147143
45467,0.8758363
20027,0.9499135
59195,0.89682275
50992,0.1334903
47428,0.5604483
89571,0.03130434
86223,0.03130434
111113,0.35919958
45688,0.92673963
42652,0.76437867
114340,0.13818616
19018,0.34072298
103357,0.18962973
30066,0.13061339
86740,0.03130434
46306,0.96290976
11477,0.23383927
99994,0.38565227
13963,0.09733766
123895,0.87370193
53240,0.8839478
62664,0.5458555
27949,0.80418473
92139,0.3207462
37903,0.8997652
45882,0.96290976
41693,0.96290976
76183,0.03130434
26637,0.74414694
58710,0.9035957
82297,0.031310312
69251,0.8299544
95469,0.34644756
92143,0.64226395
78295,0.031310312
39821,0.51783645
113581,0.3244648
40680,0.9475821
102986,0.15409186
46867,0.88546973
20062,0.10156157
30701,0.96393096
110977,0.22349444
28044,0.18850145
77104,0.03130434
123045,0.78203154
79126,0.03130434
50843,0.8634582
55200,0.33968773
62037,0.8535543
24631,0.88334817
99960,0.3578396
61488,0.43452618
96739,0.9327329
61173,0.9421789
6412,0.8188772
61370,0.38584703
55540,0.74396837
48228,0.96290976
53668,0.5150941
95558,0.773593
28009,0.2902471
122329,0.8872879
36785,0.96290976
69409,0.39839217
74316,0.25581354
5634,0.9499135
120589,0.4215912
16158,0.14268462
59534,0.9314652
13089,0.9499135
45214,0.18748035
82079,0.03130434
43251,0.92950934
17271,0.2596863
85745,0.031310312
30604,0.9597026
105592,0.19884904
122786,0.23946314
58480,0.8527178
67551,0.27702808
89396,0.03130434
120091,0.22180784
26357,0.860123
50046,0.2531037
109470,0.0983184
123735,0.91698176
75718,0.03130434
784,0.37239367
105170,0.25581354
99671,0.47044984
116593,0.89231473
87801,0.031310312
63032,0.29790917
70908,0.27403837
68188,0.7345984
111935,0.21043155
94689,0.20651188
25604,0.1320566
47148,0.2206226
21839,0.88334817
99452,0.2216915
23953,0.6061343
80543,0.03130434
99382,0.29196018
71520,0.26250902
36501,0.88546973
19164,0.9198163
25536,0.76531404
15245,0.15122528
67492,0.7345984
48965,0.63229525
90181,0.031310312
91160,0.03130434
4020,0.21245174
6100,0.13244395
47718,0.4598379
2054,0.87367415
18444,0.32003286
41832,0.36308485
87895,0.03130434
113721,0.26141655
22564,0.11655196
7723,0.13244395
4899,0.90724975
81662,0.03130434
18313,0.10156157
105981,0.94194055
28786,0.6266517
124297,0.8872879
33291,0.5130857
61558,0.4055218
1351,0.9377997
74199,0.64248914
110610,0.15946206
33449,0.32092914
80379,0.03130434
94204,0.94619924
92052,0.13314341
51971,0.10380996
38299,0.9554212
124905,0.80315214
98402,0.13700894
60485,0.91124403
63991,0.403944
29825,0.7628406
30932,0.22821797
3976,0.7688594
5882,0.119666636
56099,0.9010328
36473,0.25997135
111055,0.17348406
37662,0.9321722
77529,0.031310312
17276,0.21672404
50958,0.24249882
79849,0.031310312
22367,0.90499485
75080,0.03130434
93573,0.22166151
50732,0.1182094
106297,0.68822205
61532,0.88546973
68158,0.366761
92957,0.8780867
12920,0.25182775
9618,0.8450812
123678,0.78203154
73919,0.23638994
9206,0.21245174
18800,0.9028622
30945,0.88095886
54467,0.37787455
88037,0.03130434
75835,0.03130434
53062,0.7232331
28347,0.33767986
117151,0.2934248
23267,0.88341886
77623,0.031310312
88210,0.03130434
76033,0.03130434
118565,0.30241135
63795,0.29100558
59940,0.9046038
119592,0.3861386
33732,0.16762054
101890,0.3361596
12503,0.19367898
109551,0.08818512
41228,0.96351963
71235,0.23404719
123414,0.8408752
66486,0.6599591
120357,0.22940017
23577,0.9576863
69887,0.25581354
95978,0.2682448
86490,0.03130434
59446,0.8790545
29590,0.73027796
6548,0.09542217
45200,0.15186696
10158,0.09542217
104340,0.36002693
107611,0.5292948
110342,0.22349444
1781,0.3285116
26621,0.37672767
17777,0.8017669
26892,0.30309048
37813,0.45621622
9444,0.8255059
72051,0.4295317
46413,0.9554212
92595,0.12385409
6107,0.119666636
59643,0.95226294
55644,0.3596432
27280,0.40214026
43681,0.81498253
22307,0.8930994
42501,0.9321722
11236,0.7313962
113288,0.30150157
111702,0.18937106
49067,0.44072297
83983,0.031310312
102710,0.12832068
52692,0.1334903
100796,0.20558472
19105,0.22099121
86617,0.03130434
101152,0.3249283
24813,0.3394143
81082,0.03130434
20921,0.29157335
70886,0.60625017
86159,0.03130434
114088,0.39535472
88873,0.03130434
34832,0.88546973
95827,0.16983578
50454,0.48197725
100597,0.78982365
68128,0.31477666
118112,0.44798648
42726,0.89757675
69065,0.72185737
100151,0.29681158
94798,0.2955429
114872,0.383214
3121,0.17209123
122354,0.7105037
54226,0.52736723
100464,0.21918587
38866,0.96290976
34445,0.9554212
65281,0.36900908
62381,0.9421789
81060,0.03130434
43691,0.8648645
97607,0.38219392
124113,0.43986088
48727,0.96290976
5120,0.9357847
88993,0.031310312
41226,0.96393096
27658,0.24618354
109749,0.20094822
42078,0.2206226
84607,0.03130434
75806,0.03130434
11221,0.8855285
51646,0.082477085
2121,0.36101297
118564,0.42495596
117694,0.37056255
102934,0.41233718
47107,0.15186696
34553,0.64978623
79197,0.03130434
6730,0.33630553
27778,0.34345675
120226,0.402575
95582,0.77355826
32436,0.51783645
45078,0.96290976
6355,0.8113396
5161,0.9357847
66217,0.21829438
31239,0.71547365
25421,0.94499403
97940,0.71862
18747,0.81498253
115674,0.38323477
112505,0.13818616
64577,0.23845762
31041,0.45593145
22066,0.48688608
66005,0.22686978
16097,0.43607077
26328,0.4241288
110809,0.10260573
21918,0.49962857
105944,0.27539974
99833,0.33825725
5555,0.08458195
74344,0.5726423
35634,0.96290976
110940,0.14612992
113778,0.746742
59348,0.8790545
80486,0.031310312
22445,0.9241818
29660,0.88664997
68988,0.18464723
67228,0.3647356
120501,0.64498955
95923,0.22166151
81186,0.03130434
38617,0.88546973
12254,0.83432525
11994,0.08458195
48080,0.22391441
40587,0.86936563
14039,0.1647358
17468,0.9353937
71080,0.28944543
28691,0.77826935
109771,0.14612992
31857,0.9554212
5848,0.08458195
18657,0.4727859
122583,0.5746072
79212,0.03130434
2805,0.20095006
82485,0.03130434
3573,0.1965817
93610,0.3127869
16110,0.3343386
7665,0.3318187
39014,0.9597026
84318,0.031310312
72436,0.6786926
81694,0.03130434
116204,0.8568455
87194,0.031310312
124489,0.44167492
64974,0.20716664
14717,0.9353937
101310,0.27381667
68463,0.23638774
118349,0.24383277
43630,0.9314652
102050,0.27249783
113459,0.24383277
113848,0.7720651
70573,0.33079484
246,0.20283122
27847,0.35087445
17784,0.10156157
62158,0.860123
52119,0.10975694
59431,0.4947152
114468,0.68417364
8153,0.3092915
35347,0.6564573
42830,0.16762054
107442,0.24119595
114707,0.38323477
15851,0.1647358
41077,0.41421175
43871,0.51783645
62836,0.46363616
98221,0.15409186
97790,0.27249783
108649,0.6340759
118532,0.23330303
97823,0.5538747
39554,0.96290976
66546,0.40762988
48012,0.18900445
91953,0.50537753
46931,0.9208311
56630,0.5075459
29686,0.42562398
83824,0.03130434
70168,0.25581354
105538,0.32232672
29384,0.3709314
48157,0.6004085
68169,0.31490391
30430,0.96393096
122691,0.48801216
57609,0.9116335
107679,0.25581354
40516,0.9459695
89878,0.03130434
98986,0.20034361
34890,0.3910059
25121,0.87994546
117555,0.4215912
98562,0.27080306
60268,0.58840704
8060,0.37625825
105626,0.20838909
87162,0.031310312
28365,0.8236832
70125,0.6874505
103021,0.2216915
11920,0.7765706
58983,0.9421789
51388,0.14328405
9094,0.23383927
41510,0.9554212
17056,0.24739079
25319,0.24037102
101172,0.69234735
87545,0.03130434
52551,0.20986605
15369,0.12200315
69601,0.8473785
18731,0.78656304
56331,0.9314652
119795,0.3573774
108111,0.18100202
25187,0.958845
14636,0.94499403
43214,0.9257487
49676,0.35031688
55334,0.49716303
60100,0.7401537
91204,0.03130434
14493,0.9499135
13399,0.33189258
83868,0.03130434
67886,0.30904287
123251,0.8663952
9869,0.35360643
31771,0.8650306
92084,0.38565227
30179,0.16219588
77965,0.03130434
94494,0.27316517
54552,0.18419456
29157,0.8970733
121666,0.8047236
2355,0.84067076
25259,0.4164125
8283,0.30600315
21298,0.12972468
20165,0.7060256
105365,0.32487923
47514,0.38116187
28186,0.4488492
104581,0.24119595
13818,0.35360643
62426,0.9044085
89052,0.03130434
1145,0.9284976
10710,0.23383927
32631,0.9597026
10015,0.23383927
18045,0.76531404
40206,0.4598379
84018,0.031310312
111058,0.4241633
63824,0.76531404
60580,0.9318939
118202,0.2539019
35354,0.6564573
104285,0.68574923
70875,0.2605548
113593,0.21043155
27928,0.26031482
24931,0.4283561
66353,0.25410587
47537,0.96290976
112373,0.33969304
124127,0.7100918
121140,0.41300967
48103,0.8796976
1694,0.8790545
113120,0.7010585
104053,0.26250902
98751,0.12832068
49153,0.21830754
19317,0.35656396
13296,0.39235225
61118,0.9390031
2495,0.25605378
114775,0.61297214
85547,0.03130434
11231,0.5123193
81058,0.031310312
74638,0.31362653
37259,0.96393096
58526,0.8219314
7370,0.3432175
30902,0.81498253
80485,0.031310312
106020,0.29183823
60547,0.77795964
6462,0.40136108
30347,0.96290976
56645,0.92958856
119608,0.6287094
92695,0.20911352
17504,0.24037102
72914,0.3443287
55105,0.5075459
16538,0.35772887
86360,0.031310312
100396,0.21800894
62655,0.23093534
28695,0.37672767
15772,0.35271606
63785,0.8541723
54571,0.3899322
117547,0.8747065
59814,0.41698855
45085,0.96290976
117001,0.24102098
112524,0.24095778
89222,0.03130434
18847,0.42845994
53219,0.8937449
100764,0.32861802
109750,0.16410819
24213,0.4666397
24634,0.40417403
103420,0.3307425
81817,0.03130434
110553,0.24784765
72150,0.25549293
76136,0.03130434
112669,0.21043155
41238,0.5362252
37222,0.96290976
104206,0.2605548
1929,0.8862143
80438,0.03130434
15356,0.34204227
100352,0.45797345
38879,0.94696
57733,0.75078344
103069,0.36002693
110905,0.12874942
1020,0.94499403
26246,0.49169213
70376,0.33499622
93082,0.9476553
11140,0.4076686
122986,0.51353073
43726,0.7668955
25260,0.48545983
84425,0.031310312
13304,0.3882936
10757,0.2169093
8434,0.20985325
34222,0.9341328
2539,0.09542217
998,0.94499403
74627,0.84178996
30420,0.9218298
121016,0.81854373
94955,0.35854262
18468,0.72424096
81447,0.031310312
109464,0.07198841
71409,0.2030948
99639,0.69402
26680,0.8460998
26872,0.8928819
109136,0.30787182
17406,0.40091348
72552,0.36621714
67843,0.22123717
45517,0.15352459
40069,0.8017669
108143,0.81992453
91557,0.03130434
25212,0.8277585
37049,0.96290976
49304,0.2745464
64033,0.7427838
111112,0.22537303
23826,0.4164125
93689,0.61812675
57347,0.7779481
60635,0.49716303
22269,0.86173636
49194,0.4947152
2542,0.09542217
73415,0.3361596
77619,0.031310312
113619,0.18258554
27056,0.37672767
118120,0.7277375
77242,0.03130434
49352,0.23127681
52179,0.1334903
2944,0.6820612
81087,0.03130434
59433,0.860123
37901,0.4947152
116765,0.4725851
122823,0.8341663
70045,0.342596
111855,0.1983011
84891,0.031310312
57952,0.79874474
14429,0.81406146
80970,0.03130434
90603,0.03130434
87917,0.03130434
12781,0.3250227
109074,0.1991615
110775,0.10260573
10648,0.6832705
57726,0.68764704
45522,0.18748035
56457,0.31159726
102875,0.21253584
70204,0.5737563
111431,0.14149433
93594,0.27895018
102231,0.221336
55924,0.32778472
85496,0.031310312
106851,0.94194055
71115,0.21576302
82875,0.03130434
79943,0.031310312
48224,0.9519672
111874,0.21043155
25082,0.9103443
25410,0.9576863
75550,0.03130434
75713,0.03130434
11679,0.3092915
111865,0.7010585
107857,0.42255664
99137,0.21253584
23592,0.5024646
58575,0.9390031
34892,0.87209076
39793,0.88546973
34217,0.91637546
46110,0.3709314
46820,0.37672767
6377,0.61239284
46258,0.95170534
78430,0.03130434
57024,0.95170534
53572,0.1979359
10862,0.3318187
5613,0.9499135
65870,0.87777483
55263,0.7821933
68354,0.7345984
49485,0.16127795
17265,0.73297215
62421,0.84597987
119783,0.31809312
7185,0.12480803
56231,0.49716303
110595,0.15120897
24995,0.48392308
90314,0.03130434
36449,0.91252583
31894,0.95170534
36782,0.96290976
82538,0.03130434
22477,0.9241818
88104,0.03130434
36267,0.18748035
38651,0.95170534
26625,0.33539075
12591,0.22010596
87597,0.031310312
69143,0.31866714
55737,0.49716303
49042,0.9592451
21344,0.76531404
102632,0.3361596
24884,0.11655196
39921,0.88546973
62505,0.44359928
77868,0.03130434
121216,0.6828718
82737,0.03130434
46580,0.96290976
117997,0.4700914
37427,0.50302655
114473,0.7539867
30017,0.16219588
21012,0.88334817
108661,0.2030948
97321,0.6870869
25211,0.71659136
117991,0.32331365
55348,0.74834126
82120,0.03130434
531,0.3033325
26112,0.46860376
40268,0.2206226
45170,0.7565598
28599,0.8093808
98435,0.3399628
38892,0.9624873
4965,0.8131931
66765,0.26162446
8003,0.29979026
111684,0.5453599
77154,0.03130434
24263,0.40681294
97787,0.29196018
77257,0.03130434
107859,0.42255664
75389,0.03130434
34092,0.16762054
125050,0.17110443
27865,0.33374053
121655,0.8608373
109688,0.13199246
4290,0.8356119
11580,0.34204227
89526,0.03130434
57704,0.75444716
112209,0.36117372
1983,0.24717304
21030,0.51239145
14796,0.9512742
79356,0.03130434
69331,0.2605548
88416,0.03130434
107058,0.8834237
73896,0.25581354
66763,0.26162446
31867,0.81498253
122550,0.22014867
72156,0.25549293
33285,0.32092914
60917,0.40113932
1290,0.60234964
109897,0.16516253
116185,0.8525455
74237,0.32487923
90241,0.031310312
88784,0.03130434
85549,0.03130434
109634,0.114224315
63228,0.9230428
36766,0.9306392
67449,0.35960427
4520,0.8113396
102701,0.3361596
69151,0.85675675
97736,0.17848307
82036,0.03130434
7235,0.35471195
19243,0.89070785
3993,0.35360643
73356,0.2030948
121990,0.8341663
12257,0.3432175
56212,0.62751484
44785,0.2206226
58786,0.32778472
66895,0.34357917
70528,0.32487923
15322,0.3432175
76681,0.031310312
103159,0.2605548
21164,0.11655196
10362,0.09542217
14669,0.85758793
32500,0.35137928
105507,0.25549293
93550,0.31490803
90096,0.03130434
14485,0.94499403
81703,0.03130434
32540,0.88546973
116804,0.88048583
3813,0.36445346
124651,0.9061947
75069,0.03130434
45745,0.2125814
2641,0.19002645
67869,0.37187007
11047,0.27955002
8805,0.19048682
87859,0.03130434
9546,0.8095151
46694,0.96290976
76829,0.03130434
41827,0.4554561
98021,0.9478172
101041,0.497542
65009,0.8766087
96875,0.77721643
26579,0.4241288
64634,0.8572046
86569,0.03130434
86357,0.031310312
93634,0.39839217
12222,0.86822987
47087,0.9271307
98139,0.30569765
77023,0.03130434
50704,0.44359928
49756,0.8733141
48733,0.45593145
13116,0.89514405
19878,0.10156157
107391,0.24119595
92814,0.35048807
117343,0.41022593
100252,0.21253584
87069,0.03130434
60699,0.885877
940,0.88868886
71715,0.3055729
53000,0.8631297
82426,0.03130434
84308,0.031310312
62189,0.84872174
60008,0.16719617
63790,0.29100558
111773,0.21798064
37948,0.9554212
122857,0.7680687
26983,0.7762806
114721,0.11397279
20668,0.2690202
21900,0.93065524
61896,0.9079074
38663,0.96290976
102039,0.20558472
108554,0.706971
57637,0.8790545
32863,0.86327064
81895,0.031310312
64992,0.49716303
32946,0.15186696
18039,0.42323947
76015,0.03130434
67095,0.28544816
40386,0.15186696
47777,0.88546973
46589,0.96290976
108008,0.2160823
104462,0.2340783
26011,0.85477734
9666,0.73166746
118832,0.7344843
7308,0.81430286
19264,0.47447044
120246,0.45974076
89110,0.03130434
15274,0.12146925
2909,0.15762793
38487,0.2206226
66841,0.27702808
10696,0.23383927
78536,0.03130434
97857,0.16044275
81392,0.03130434
112652,0.3857369
54915,0.6208971
116409,0.3573774
84362,0.03130434
11734,0.3092915
55904,0.21438463
84972,0.03130434
50850,0.37109014
110202,0.3222521
57771,0.26316988
50806,0.12201437
20539,0.2690202
67989,0.3647356
28870,0.8652898
64743,0.6776664
38908,0.45621622
122024,0.8608373
58769,0.8464497
92398,0.21253584
10980,0.48244074
1724,0.19335319
28438,0.30845845
73663,0.38623857
67992,0.22123717
1513,0.9084978
43290,0.904309
100114,0.83965576
64813,0.426255
113423,0.72428185
84767,0.031310312
1603,0.35789374
48989,0.9597026
113733,0.13818616
123487,0.8826428
19284,0.8639417
27857,0.2065176
71785,0.2340783
103189,0.26485965
61816,0.8198562
51058,0.14233825
87265,0.03130434
69427,0.29947177
100849,0.1925543
98396,0.28985098
68499,0.3491343
100692,0.20034361
75865,0.03130434
90738,0.031310312
119269,0.31488678
118305,0.23330303
471,0.13109349
5975,0.12480803
56900,0.96290976
57405,0.4835052
67484,0.27702808
84134,0.03130434
3068,0.69803023
34061,0.14164568
111539,0.332744
20499,0.2468477
101238,0.30993673
80987,0.03130434
49165,0.44359928
97516,0.8822433
78118,0.03130434
8205,0.6820612
90803,0.031310312
17829,0.81498253
65685,0.906613
68924,0.25581354
4211,0.6307518
10293,0.6564224
74557,0.9478172
90696,0.03130434
88622,0.03130434
107841,0.32533777
80910,0.03130434
120480,0.26917762
105829,0.2030948
46969,0.51783645
78582,0.03130434
97293,0.38219392
46470,0.7564569
111928,0.21043155
14826,0.9512742
122519,0.47502312
114498,0.2153792
16401,0.10961695
116576,0.3474458
8752,0.8045295
119790,0.1985602
9798,0.22677469
29117,0.81037045
98585,0.20814428
96191,0.26576674
7420,0.23383927
4283,0.8045295
82174,0.03130434
98887,0.18966047
107348,0.93772095
4051,0.2956658
66951,0.26162446
67231,0.20092995
29397,0.18168415
72636,0.37798822
43188,0.91098416
99049,0.5465461
59903,0.48197725
113096,0.20641513
115645,0.38323477
121566,0.9061947
98823,0.21253584
124884,0.935317
27754,0.17294705
97244,0.34192467
103567,0.25549293
65295,0.93024975
71037,0.28869084
53877,0.7516115
113358,0.3534669
32021,0.88546973
22229,0.28867966
2194,0.19335319
99641,0.734737
65260,0.5324509
105899,0.7741386
67764,0.2840669
123839,0.7344843
2001,0.34840637
86409,0.031310312
37726,0.8648645
3298,0.19335319
103984,0.29183823
65410,0.20227867
57624,0.49716303
28902,0.8839478
2615,0.23223884
122353,0.4535952
8425,0.2169093
52422,0.50219685
26574,0.4366265
46405,0.9519672
44344,0.96290976
124847,0.935317
110304,0.19092217
115587,0.6537866
68203,0.26162446
105198,0.2842968
47661,0.94673926
98306,0.31649715
13622,0.35215345
38863,0.95170534
68974,0.20946506
18080,0.89993906
5844,0.15212852
116524,0.2165065
69705,0.8596698
102926,0.38803992
29123,0.90281117
102825,0.4607324
56247,0.41627684
1487,0.36969262
118219,0.55675364
19925,0.36750272
15142,0.15122528
44395,0.9371447
114399,0.39535472
44397,0.96393096
26805,0.87730765
49048,0.9597026
48286,0.48220152
122323,0.87222797
71816,0.5292948
100921,0.8951066
58185,0.87614733
19582,0.76531404
65677,0.9495479
12831,0.24712557
113727,0.29050997
3461,0.22941995
35206,0.9583529
77713,0.031310312
52926,0.3899322
103074,0.2292244
19703,0.4063208
102510,0.16983578
68701,0.16044275
61064,0.8970733
47241,0.8509248
64915,0.7799361
37114,0.51783645
17238,0.23385826
122526,0.7344843
77601,0.03130434
9470,0.33630553
48113,0.92066246
58470,0.78671986
39471,0.38635704
52120,0.28085166
107280,0.20838909
34917,0.88546973
60035,0.49716303
89121,0.03130434
48264,0.2125814
87587,0.03130434
107107,0.864607
109696,0.13199246
118002,0.42495596
116116,0.7964844
88157,0.03130434
26880,0.88150185
96333,0.6371123
60016,0.5362252
100913,0.8834237
71334,0.35649446
19326,0.38421112
1906,0.86426
110801,0.10260573
113863,0.31718054
71975,0.27249783
20265,0.28091493
67604,0.37339127
26448,0.801537
78924,0.03130434
21467,0.48688608
72000,0.25581354
74636,0.3368711
26817,0.8578623
35222,0.92534685
104558,0.80320853
71961,0.2030948
5162,0.9450165
11133,0.24712557
20717,0.30253136
45139,0.1844453
118119,0.8023064
35870,0.4947152
18619,0.34522447
7912,0.21343563
92851,0.2519625
49831,0.17772704
118822,0.41300967
62792,0.7190072
25555,0.33490148
44472,0.96393096
52065,0.8743015
118091,0.8232686
76987,0.03130434
53271,0.6722129
96175,0.24264088
78114,0.031310312
1048,0.9499135
29474,0.24472834
83110,0.031310312
108702,0.099587396
115657,0.43348396
1657,0.20522918
73469,0.3578396
85472,0.03130434
93180,0.38219392
48861,0.87614733
14069,0.1647358
36902,0.8309766
75108,0.031310312
37070,0.96290976
24488,0.11655196
26592,0.39868554
57186,0.8888306
101613,0.38453776
38855,0.95170534
43964,0.94673926
96785,0.32861802
5173,0.9357847
99099,0.66886675
105603,0.20811133
27635,0.33579642
23658,0.9576863
23291,0.89096457
83501,0.03130434
54277,0.2825769
81235,0.03130434
44403,0.96393096
90754,0.03130434
123574,0.47722313
66614,0.17561463
93683,0.4055622
59410,0.4947152
83984,0.031310312
47891,0.75444716
8907,0.8855285
55417,0.7522104
16719,0.5675942
38394,0.4947152
116557,0.80067354
109801,0.25107762
112088,0.2153792
31071,0.40258163
99436,0.15409186
61848,0.46135816
23864,0.860123
62789,0.4355171
71887,0.25549293
114982,0.2616658
100228,0.78982365
109371,0.10102839
43100,0.44284308
98862,0.5729607
108560,0.8160165
93465,0.18651922
26603,0.78226143
100824,0.5227304
115544,0.4460438
120121,0.242522
93067,0.9401036
101800,0.34644756
122725,0.66386867
51052,0.107370324
113355,0.5190674
117520,0.46263853
18379,0.10156157
46530,0.96290976
31892,0.96290976
112215,0.21043155
93567,0.22166151
85468,0.03130434
7868,0.3828585
36937,0.8743015
82832,0.03130434
111461,0.6633433
20794,0.28091493
116859,0.16101477
28354,0.2185768
75601,0.03130434
89203,0.031310312
25821,0.09158824
53913,0.23093534
125054,0.26729608
73206,0.25581354
34853,0.9519672
124855,0.935317
85865,0.03130434
77592,0.03130434
41517,0.45593145
79563,0.03130434
22153,0.929892
43398,0.8885624
93029,0.94619924
89269,0.03130434
107600,0.16044275
47301,0.36308485
45110,0.96290976
14056,0.55434096
73213,0.5814475
35080,0.4789583
60042,0.31159726
76221,0.03130434
96864,0.20173608
38398,0.9341328
28091,0.7952483
67131,0.27702808
22759,0.44427308
26377,0.21994603
97688,0.31798667
41421,0.8017669
124498,0.7344843
68952,0.15945047
36603,0.9519672
91811,0.18875833
79660,0.031310312
15115,0.12200315
6532,0.105922274
56305,0.90787816
10185,0.4076574
6269,0.30087715
75291,0.03130434
37008,0.821156
113942,0.5307408
108100,0.45253742
34953,0.48197725
36416,0.4947152
23659,0.9576863
16494,0.2690202
25169,0.9572069
28506,0.4241288
30387,0.96393096
76098,0.03130434
39242,0.9597026
56802,0.29589397
72471,0.637309
4627,0.8478492
46325,0.15870035
41791,0.1844453
115413,0.18211748
20963,0.902265
63605,0.91424704
36234,0.2206226
121932,0.42619565
99831,0.17848307
21127,0.50854653
11174,0.77689314
8705,0.19233696
14593,0.73524386
28222,0.35542184
24110,0.11655196
88983,0.03130434
97677,0.5672795
22956,0.4082997
98537,0.21253584
108003,0.58570427
1159,0.9499135
37942,0.9396809
49363,0.23127681
83001,0.031310312
109380,0.11652133
48746,0.75444716
26121,0.4241288
81733,0.03130434
36935,0.24099268
3048,0.33314902
30864,0.37821475
6813,0.2457114
32830,0.7864684
44857,0.94673926
12498,0.39363495
54673,0.9406784
64185,0.6131817
46227,0.88546973
45505,0.22391441
26132,0.6114591
84302,0.03130434
76076,0.031310312
50081,0.12201437
50837,0.43452618
91009,0.03130434
107545,0.88114905
7988,0.26674962
594,0.8769426
117531,0.36088017
17779,0.3101064
119609,0.8246465
46592,0.95170534
70572,0.31952056
79912,0.03130434
120776,0.7511291
112265,0.29346073
85959,0.03130434
39413,0.93818367
42015,0.87614733
51730,0.14776088
30997,0.88095886
104608,0.25581354
5779,0.31776014
66596,0.17561463
17133,0.3301624
30802,0.96290976
99011,0.65786624
84267,0.03130434
25341,0.81498253
109092,0.10609739
50848,0.19863184
77936,0.03130434
80184,0.03130434
22303,0.8930994
71510,0.3085391
12562,0.29850736
21636,0.9241818
24361,0.44427308
102379,0.26250902
124435,0.86706424
16677,0.37205935
124335,0.4575926
45382,0.45593145
455,0.13109349
29701,0.11218758
65502,0.4862836
47333,0.46135816
108476,0.2030948
28070,0.30385605
75368,0.03130434
88052,0.03130434
16797,0.2596863
107230,0.94350517
82184,0.03130434
35252,0.96290976
79823,0.03130434
56040,0.73297215
118858,0.209357
62973,0.25972027
26326,0.4241288
50832,0.20189434
26792,0.8578623
112807,0.21043155
44632,0.91637546
39986,0.81498253
120025,0.30531928
112322,0.72428185
73038,0.8970733
43235,0.6564573
12733,0.22010596
19391,0.48422956
90808,0.031310312
104601,0.25581354
79246,0.03130434
26144,0.35137928
73450,0.32270113
21665,0.736585
79929,0.03130434
109288,0.13199246
44243,0.8973856
505,0.76252025
44358,0.96290976
83058,0.03130434
106918,0.94350517
72872,0.32487923
75410,0.03130434
33342,0.8024413
82133,0.03130434
33504,0.81498253
82127,0.03130434
9264,0.19367898
25450,0.7986978
12112,0.09542217
7935,0.21343563
95776,0.2439321
110196,0.31198853
7545,0.2520778
109008,0.20996237
97575,0.23362757
122144,0.28875387
107087,0.94194055
48295,0.46561313
108403,0.78361666
69980,0.58570427
82049,0.03130434
64712,0.49716303
47336,0.76790994
4308,0.89425576
83999,0.031310312
103053,0.20911352
15884,0.7758005
42115,0.90431774
106035,0.3085391
53522,0.23093534
16219,0.7430725
62270,0.8696135
44430,0.96351963
34228,0.88546973
58358,0.78671986
90419,0.03130434
56796,0.40848854
57644,0.2611295
97829,0.5631364
101937,0.78361666
94052,0.7474185
108016,0.25549293
108320,0.82016003
10314,0.5393285
104209,0.29183823
51926,0.9204851
97024,0.83592546
110891,0.14934593
9443,0.852843
6514,0.37597093
11831,0.17001788
105073,0.36963782
47375,0.96290976
101207,0.18966047
56510,0.8946617
68457,0.17561463
26354,0.19192421
115519,0.21040688
40020,0.4598379
9096,0.75501925
102262,0.3361596
58071,0.9137137
104075,0.2340783
83128,0.031310312
3322,0.30491543
97467,0.82541966
105305,0.3361596
78896,0.031310312
40210,0.91637546
89434,0.03130434
116086,0.47975686
124683,0.25602314
78342,0.03130434
106270,0.94194055
29492,0.39032894
27152,0.4241288
55457,0.889128
84336,0.031310312
9480,0.29223597
63660,0.95226294
2914,0.29552025
34729,0.36308485
82657,0.03130434
56542,0.9044085
2690,0.26674962
79386,0.03130434
27633,0.23440777
77357,0.03130434
7326,0.90309274
30237,0.96290976
122637,0.37485838
122894,0.23293556
98947,0.20558472
67788,0.13136387
72577,0.37023035
29467,0.34443828
124249,0.8458021
49125,0.24159405
41807,0.49394926
26466,0.42048728
59670,0.49716303
100113,0.29681158
78354,0.031310312
112978,0.39535472
16779,0.36108792
104966,0.18100202
94062,0.9139515
544,0.57900864
69843,0.2030948
120733,0.42542177
108472,0.20838909
16058,0.14268462
40060,0.44359928
110216,0.17968692
123674,0.2596718
1713,0.3033325
18823,0.81498253
13388,0.3495698
75102,0.03130434
74123,0.2030948
92769,0.20034361
13748,0.41017458
118050,0.8568455
103720,0.4784067
61298,0.91234124
85857,0.03130434
8925,0.2480614
122754,0.36004633
52527,0.18961065
67797,0.27702808
5886,0.13244395
5804,0.09542217
83431,0.031310312
119406,0.15431263
34263,0.32882228
86407,0.031310312
103618,0.20838909
60551,0.7895873
81505,0.031310312
13272,0.13692203
75158,0.03130434
20117,0.10156157
11036,0.08458195
90383,0.03130434
124967,0.4468891
60591,0.44359928
50618,0.18961065
20052,0.4609186
79820,0.03130434
4801,0.3351356
18980,0.10156157
66845,0.3647356
87050,0.03130434
28376,0.19163425
95717,0.60625017
40385,0.48197725
99305,0.30260983
24660,0.88546973
39158,0.87201977
63522,0.9116335
11540,0.18755917
29893,0.11218758
8166,0.37616107
17306,0.21500042
92059,0.13314341
22312,0.90499485
124670,0.25697047
62806,0.43891653
1200,0.90034586
95781,0.3399628
95280,0.18651922
3624,0.2017492
10679,0.55434096
25080,0.4191718
81445,0.031310312
23282,0.86173636
109133,0.29700476
40312,0.96290976
93892,0.1710939
32459,0.9459695
45446,0.81498253
13073,0.9499135
84894,0.031310312
38162,0.9321722
113085,0.20641513
109705,0.13199246
99312,0.30073398
42340,0.4554561
94941,0.7947125
21008,0.87667567
86943,0.03130434
78564,0.03130434
8033,0.24520339
123823,0.26729608
114206,0.18211748
8536,0.80328447
52112,0.17772704
36107,0.8973856
69347,0.25581354
60814,0.8907591
56350,0.52028084
117853,0.78147095
100348,0.31316555
66443,0.42871034
79322,0.03130434
76114,0.031310312
18329,0.10156157
78031,0.03130434
116362,0.3324828
107908,0.25581354
21563,0.9241818
107191,0.94194055
26673,0.90808403
5754,0.70988864
27899,0.26031482
41744,0.1844453
104791,0.2340783
27249,0.26797763
8628,0.6699541
91646,0.03130434
2179,0.77689314
50831,0.16869853
90849,0.031310312
69977,0.23404719
59277,0.9115184
64926,0.7212439
67825,0.27702808
88698,0.03130434
52175,0.19335423
83751,0.03130434
121586,0.9061947
119753,0.31488678
95704,0.3111659
95642,0.60625017
106696,0.7999802
107854,0.5292948
81729,0.03130434
416,0.8640416
65479,0.24442023
68046,0.5055409
61291,0.9597026
35630,0.96290976
89195,0.03130434
79377,0.03130434
68942,0.15945047
38558,0.8796976
55728,0.2825769
117307,0.78203154
51636,0.21750619
77108,0.03130434
27099,0.2745464
113194,0.2153792
56524,0.76531404
112147,0.31718054
66078,0.26162446
21519,0.92217124
88267,0.03130434
109319,0.11652133
15432,0.9499135
7673,0.22619922
60122,0.77795964
34859,0.96290976
82814,0.03130434
102342,0.31952056
104028,0.23404719
589,0.3275163
87552,0.031310312
1974,0.38807675
2852,0.22477908
39348,0.91637546
80250,0.031310312
48593,0.95170534
7635,0.21343563
27292,0.71860665
95773,0.26355225
45845,0.7033311
64111,0.403944
30223,0.87614733
9051,0.23383927
64284,0.62664264
43693,0.2206226
71442,0.22937126
16768,0.37205935
7759,0.37088668
63837,0.24566573
39663,0.87614733
79464,0.03130434
113853,0.2153792
14559,0.9512742
106446,0.32861802
97622,0.38089162
55562,0.4355171
41849,0.93818367
61384,0.49716303
45624,0.93503016
85987,0.03130434
36803,0.95170534
96152,0.32152987
103066,0.23362757
47004,0.91661537
72039,0.47472665
37508,0.9231412
27165,0.4366265
34180,0.48197725
90278,0.031310312
36572,0.9208311
38970,0.95170534
39077,0.96080846
40400,0.4947152
26774,0.8375798
82361,0.03130434
15361,0.2169093
58184,0.91637546
3859,0.27778846
96116,0.6786926
110464,0.18919964
65363,0.9418938
16906,0.3301624
19069,0.23385826
39255,0.9515991
32015,0.48197725
68110,0.2899838
119818,0.27736968
114605,0.34911624
18601,0.42101687
6654,0.20985325
55389,0.48442245
2156,0.27320066
42336,0.1844453
4349,0.9106116
35390,0.35137928
12620,0.34095165
69643,0.86843574
56604,0.81726116
13792,0.6595186
93252,0.4228897
3681,0.18508957
116954,0.747666
53095,0.806342
116672,0.7539867
26172,0.37542918
123312,0.5295905
72410,0.6918725
117535,0.70096517
69892,0.25581354
30780,0.96290976
30958,0.96290976
70947,0.9439993
82639,0.03130434
12789,0.27886045
60596,0.75444716
10937,0.24743919
58629,0.95226294
46149,0.91637546
117813,0.43091348
6071,0.2568971
76733,0.031310312
98376,0.12832068
10573,0.08458195
111558,0.16971925
86948,0.03130434
35448,0.95170534
121998,0.86706424
99115,0.67092603
75863,0.03130434
124834,0.92803144
122086,0.22696823
43603,0.90762305
12729,0.2573872
6235,0.12480803
1740,0.323231
70631,0.23404719
23598,0.86047524
45238,0.3818528
75785,0.03130434
61238,0.41201845
42681,0.9519672
66576,0.41999602
80628,0.03130434
100193,0.78982365
40932,0.88596135
31662,0.9189997
113891,0.36457178
72837,0.34835294
52606,0.14233825
101828,0.30322817
6966,0.40136108
19865,0.10156157
36069,0.96290976
121387,0.49217996
62605,0.73297215
68678,0.32487923
7789,0.20453136
89274,0.031310312
90502,0.03130434
10270,0.2169093
83387,0.031310312
97414,0.8611158
54695,0.6955692
104360,0.2574327
71938,0.2030948
104618,0.28944543
9033,0.5227304
8200,0.36124867
13201,0.7591298
60652,0.88868886
51152,0.21750619
61275,0.43772194
65079,0.4478592
91960,0.29084477
16671,0.37205935
122692,0.68666965
111903,0.21043155
14927,0.14268462
102131,0.706971
109531,0.26645002
69432,0.2160823
95775,0.34835294
81575,0.03130434
7401,0.24743919
56540,0.8907591
38463,0.74414694
104767,0.31649715
30704,0.96351963
119887,0.37272042
101676,0.20034361
78016,0.03130434
9424,0.29681158
36435,0.81498253
15584,0.9512742
18011,0.3813108
66439,0.3583838
39041,0.9597026
49092,0.4789583
78973,0.03130434
41780,0.16762054
58943,0.9204851
97709,0.17848307
75062,0.03130434
2255,0.27320066
124079,0.21498768
25045,0.9103443
23675,0.9576863
108000,0.28407004
115351,0.3743192
47179,0.5604483
99747,0.31952056
22264,0.7958738
2018,0.27641055
124875,0.935317
84861,0.031310312
96053,0.21800894
70680,0.36002693
78379,0.03130434
82846,0.03130434
22746,0.36750272
118100,0.2165065
26457,0.8964116
94950,0.28958216
12334,0.7097199
45457,0.93818367
64557,0.7035453
20262,0.4361347
70110,0.3404597
64080,0.24092053
86951,0.03130434
51259,0.21750619
57946,0.73297215
25304,0.42653945
108059,0.4833752
122654,0.2656955
25580,0.9330483
55959,0.9137137
96942,0.81153715
85720,0.03130434
73141,0.32487923
81743,0.03130434
99510,0.221336
45436,0.91252583
95246,0.20908481
124603,0.4951982
33879,0.16110021
67271,0.33217448
78566,0.031310312
55445,0.8634582
115868,0.67284214
112980,0.81854373
31957,0.559998
93992,0.2216915
8924,0.42247492
54424,0.62170166
16210,0.21245174
113610,0.18211748
124586,0.9061947
39781,0.96290976
50536,0.91816753
124121,0.2748906
123607,0.80918765
45389,0.36921132
31126,0.23944032
74640,0.29348382
35882,0.9396809
85590,0.03130434
83443,0.031310312
62022,0.8970733
94683,0.22030416
81606,0.031310312
84337,0.031310312
37373,0.95170534
12845,0.34971786
88060,0.03130434
98119,0.16044275
11962,0.12480803
47725,0.48197725
122112,0.2331947
8085,0.37187007
66650,0.1385546
122512,0.31812727
20784,0.439054
24381,0.7129119
112229,0.7888483
52479,0.20143037
28843,0.37672767
59234,0.9137137
51533,0.38768482
107745,0.25581354
94905,0.3055729
44500,0.44359928
104803,0.2340783
36158,0.49142528
71690,0.28944543
41178,0.96351963
8383,0.19367898
56423,0.7401537
100265,0.22225878
107512,0.21250242
95464,0.6340759
68740,0.22387709
79645,0.031310312
5316,0.9084978
11885,0.68795264
108495,0.77188313
20058,0.10156157
90761,0.03130434
32347,0.93818367
92927,0.9368869
50739,0.16059506
76962,0.031310312
82397,0.03130434
47,0.69151026
80253,0.031310312
93223,0.7502165
66197,0.23638774
15007,0.14268462
114921,0.78203154
113905,0.18211748
100566,0.45797345
33161,0.91637546
41571,0.9537863
67456,0.38686058
27425,0.4241288
69055,0.596209
114100,0.16101477
43958,0.88672805
95824,0.16983578
7549,0.312417
62221,0.8198562
108839,0.14129528
38870,0.96290976
92976,0.90867126
18177,0.9357847
44426,0.96393096
117076,0.24688183
68748,0.12832068
14937,0.34577915
103381,0.37262002
13482,0.45374578
98261,0.64480364
43386,0.39703065
12104,0.24993552
2362,0.6646753
60272,0.68476546
20961,0.902265
92540,0.60625017
36244,0.2206226
87702,0.03130434
88010,0.03130434
48943,0.2206226
111258,0.14557746
67985,0.33217448
109272,0.14075728
5160,0.9357847
103086,0.2292244
121149,0.3590929
19068,0.6601641
616,0.859899
28877,0.7086287
16844,0.25422472
25667,0.61908525
71904,0.48125678
55919,0.48442245
56501,0.9137137
32793,0.4789583
82324,0.03130434
108401,0.32487923
48997,0.9515991
24418,0.11655196
108527,0.4015232
76606,0.03130434
81393,0.03130434
84808,0.031310312
66298,0.36007783
68553,0.58809656
63419,0.5075459
85825,0.03130434
113399,0.5051238
41865,0.2206226
43847,0.7382961
54150,0.29092094
58974,0.9332348
60110,0.8970733
7341,0.8670504
72868,0.19262525
94988,0.3055729
80906,0.03130434
108585,0.9162127
72213,0.20852382
30399,0.96393096
102072,0.3085391
12746,0.22217189
115547,0.50071746
122843,0.7010585
123694,0.34272897
121357,0.37932622
73855,0.32861802
28013,0.6564573
37252,0.96351963
55840,0.3899322
102079,0.27257675
81621,0.03130434
52948,0.37787455
118218,0.45989832
17212,0.22377388
125016,0.38269296
60026,0.275889
41479,0.96290976
53925,0.806342
10066,0.8202017
67591,0.36154202
121650,0.3570676
52026,0.28131288
53127,0.8664309
26607,0.38691664
22417,0.9241818
71174,0.25581354
118818,0.5139607
93488,0.18651922
68418,0.3313739
27742,0.36308485
122553,0.22014867
6056,0.25320226
25353,0.4666397
30089,0.13061339
12611,0.6820612
55690,0.60257846
39775,0.9519672
20392,0.902265
69895,0.28869084
69936,0.31952056
36068,0.95170534
81825,0.03130434
51049,0.107370324
104449,0.25581354
117118,0.6774783
73056,0.8970733
23719,0.958845
122118,0.70171225
120134,0.64878917
9297,0.31898
72398,0.25581354
61925,0.8970733
16126,0.3318187
80988,0.03130434
56473,0.7887926
42687,0.88101935
37654,0.8973856
124426,0.4951982
107872,0.32861802
80816,0.03130434
118456,0.52392966
9757,0.2331502
25235,0.4121322
51562,0.39703065
10396,0.7765706
11640,0.6645196
101214,0.17848307
21685,0.80002314
15600,0.7100623
12203,0.23383927
52601,0.16121374
75245,0.03130434
75642,0.03130434
63689,0.8541723
73125,0.30825472
109990,0.3790699
21837,0.8836977
23666,0.9576863
80280,0.03130434
63402,0.8527178
26346,0.14453802
101671,0.81992453
123910,0.9061947
23536,0.9576863
49687,0.43603024
112025,0.3286038
52480,0.45814016
98604,0.21253584
5039,0.9450165
85898,0.03130434
39283,0.960363
121500,0.37932622
57346,0.32778472
79226,0.03130434
50925,0.20143037
89435,0.031310312
36023,0.48197725
32597,0.94245607
39548,0.95170534
42713,0.47906628
66441,0.58570427
59707,0.8907591
70304,0.25549293
31196,0.96290976
124969,0.5809238
9967,0.119666636
23012,0.19869632
18139,0.9357847
45936,0.96393096
58853,0.49968585
31117,0.15186696
73384,0.44128156
54589,0.76531404
234,0.720312
104385,0.38565227
104975,0.31952056
93268,0.34835294
20015,0.9499135
93711,0.22166151
17619,0.81498253
103454,0.2605548
97861,0.16098364
84538,0.03130434
44303,0.68368834
104990,0.29749116
95797,0.12385409
95424,0.38803992
20986,0.73297215
101789,0.30416518
15372,0.12200315
108664,0.2727266
14483,0.9499135
44548,0.95170534
124571,0.7947509
81338,0.03130434
117104,0.2153792
32839,0.87728703
69971,0.4735905
48514,0.80233794
6342,0.31776014
108938,0.2748714
27316,0.24618354
10590,0.2789005
99315,0.30260983
58973,0.9332348
31847,0.73425615
29404,0.31703597
38461,0.48197725
13905,0.34578788
63542,0.52028084
75575,0.03130434
29452,0.16110021
54719,0.20716664
74549,0.91540396
8613,0.32891375
10052,0.34736302
112039,0.27677587
52791,0.403944
47067,0.1844453
117315,0.20488672
102688,0.16044275
79522,0.03130434
44219,0.9103443
30051,0.19192421
76882,0.03130434
93245,0.7841321
25071,0.9576863
68415,0.28672358
80757,0.03130434
58061,0.86327064
59868,0.9035957
117704,0.20881379
48815,0.95170534
53362,0.8631297
70258,0.31514782
116173,0.8232686
75362,0.03130434
114621,0.85050017
67893,0.36154202
35195,0.48197725
85485,0.03130434
45285,0.88546973
84148,0.03130434
99638,0.71944577
13026,0.13692203
80779,0.031310312
52418,0.860123
118658,0.84252816
22644,0.4532658
40418,0.75575626
92187,0.4947308
41051,0.8796976
56402,0.9205261
43160,0.860123
9552,0.31765696
8134,0.7600624
105660,0.30416518
123019,0.3929513
5799,0.25100213
38808,0.8665855
55806,0.9177364
108899,0.32004565
92955,0.8410614
79462,0.03130434
58592,0.9390031
105683,0.2605548
58591,0.9390031
25152,0.9491987
121867,0.4145169
57699,0.275889
109888,0.15946206
96937,0.79174083
87360,0.03130434
21882,0.92416126
42026,0.48197725
99492,0.16044275
123726,0.82132894
17048,0.2941493
72565,0.37023035
116396,0.38094988
61182,0.73297215
47530,0.9459695
67108,0.4178735
116477,0.36617872
109394,0.3174983
37462,0.96290976
11008,0.12480803
38982,0.7476744
13446,0.2169093
61117,0.9390031
100076,0.12832068
111261,0.18715194
5215,0.3432175
106142,0.3361596
13414,0.35360643
72948,0.77624804
65471,0.23093534
26972,0.81297904
102409,0.29196018
125069,0.6537866
1875,0.9084978
79168,0.03130434
65512,0.29100558
28547,0.8093808
98857,0.4516217
68840,0.12832068
118843,0.7894813
46547,0.46135816
97795,0.30260983
86190,0.03130434
109100,0.34459835
115731,0.3590929
76753,0.03130434
39285,0.96080846
115956,0.7260815
33054,0.91637546
67349,0.31477666
60182,0.76531404
124471,0.79329896
32971,0.15186696
46353,0.43603024
9677,0.49879402
39904,0.96290976
7077,0.6878574
123229,0.78203154
73966,0.37421864
63200,0.8973512
2676,0.19002645
100379,0.27813867
23851,0.8670504
41738,0.1844453
89029,0.03130434
49868,0.44514608
89232,0.03130434
43268,0.8191253
99036,0.24264088
60482,0.76531404
65824,0.31159726
113220,0.3590929
61744,0.5566883
7749,0.19244489
21996,0.65744835
22947,0.9525192
14758,0.95837826
74164,0.2045015
65865,0.8696077
33325,0.1493025
9295,0.22677469
109948,0.5111744
97967,0.16044275
35438,0.91252583
110787,0.20276691
110770,0.16516253
117544,0.811813
110269,0.46791458
72202,0.24119595
119361,0.8173328
54772,0.3899322
20941,0.46381745
19989,0.23385826
88732,0.03130434
91714,0.03130434
38456,0.4598379
36539,0.8997652
19501,0.8914048
107664,0.34644756
1065,0.60901976
28099,0.32264453
11448,0.28746784
28956,0.37672767
2466,0.84091365
52159,0.24249882
43475,0.8407783
63976,0.275889
28556,0.23370661
52866,0.20716664
9233,0.43059716
10290,0.6874053
12091,0.3351356
12021,0.10639612
74809,0.2727266
114965,0.67284214
10388,0.2607079
117928,0.4554986
51542,0.09428706
1001,0.9499135
89416,0.031310312
33399,0.32797366
102888,0.20173608
41204,0.96393096
27435,0.4241288
2334,0.3605893
23466,0.23323919
75989,0.03130434
33404,0.3500919
31347,0.8426271
30961,0.9054626
43359,0.88057697
42434,0.85560936
114779,0.776525
28683,0.74315375
27494,0.25997135
71918,0.31952056
78417,0.03130434
93562,0.31649715
9522,0.2851606
24788,0.23696943
15216,0.41746506
50644,0.3074006
109303,0.13199246
69955,0.4838887
109429,0.10102839
113587,0.3317306
86474,0.03130434
35839,0.21994603
27426,0.85477734
31379,0.94673926
1314,0.7776266
7944,0.29850736
16837,0.36516735
2780,0.20147799
101466,0.18966047
85411,0.03130434
29224,0.77089417
45237,0.18748035
120671,0.32598767
87878,0.03130434
64313,0.8381434
79365,0.03130434
80632,0.031310312
8699,0.31765696
9389,0.21340649
50186,0.12619202
100244,0.36480278
69992,0.25581354
32885,0.75575626
3773,0.29428807
119434,0.6537866
107299,0.9162127
87388,0.03130434
109403,0.22317706
55723,0.32905048
113362,0.25025925
54818,0.39703065
113613,0.18211748
112331,0.38048217
55944,0.7887926
87759,0.03130434
88166,0.03130434
26378,0.85477734
27565,0.31249204
110689,0.19092217
60925,0.275889
104178,0.42565423
107335,0.82536876
13481,0.15122528
2888,0.34892008
37329,0.96290976
38861,0.95170534
74180,0.31649715
52734,0.5255214
75494,0.03130434
27170,0.22763993
27926,0.28531313
15929,0.84149164
52683,0.43452618
8514,0.3278831
70462,0.68695724
51300,0.20143037
119602,0.31809312
59022,0.9346028
66586,0.2407878
88894,0.03130434
46828,0.44359928
41025,0.48197725
89190,0.03130434
109026,0.10683099
77700,0.031310312
3348,0.32192072
93949,0.3361596
10571,0.08458195
44103,0.95170534
1109,0.859899
25997,0.12916906
59890,0.91615355
104373,0.6316427
6544,0.105922274
46481,0.39405772
90136,0.03130434
47786,0.95170534
79596,0.03130434
54523,0.23093534
95340,0.28413963
18865,0.8374791
104444,0.34835294
95186,0.21772183
27415,0.7910486
63846,0.2825769
96886,0.35111615
57638,0.31159726
33463,0.25362933
64192,0.26253343
77342,0.03130434
15167,0.36387038
32395,0.95170534
7346,0.89425576
36499,0.5050983
10638,0.6729956
58808,0.62940556
41367,0.46653733
100791,0.32232672
89791,0.031310312
59586,0.93832564
117061,0.67284214
75729,0.03130434
70657,0.30510294
99086,0.68574613
111711,0.643987
23854,0.8712553
96271,0.2472191
80524,0.03130434
101355,0.21800894
11771,0.33814573
7607,0.29850736
14614,0.80958295
78667,0.031310312
44616,0.96351963
117275,0.1985602
109645,0.09752927
61850,0.90019435
44465,0.96393096
8141,0.2169093
21510,0.92217124
605,0.9377997
74231,0.30569765
118824,0.27573442
49794,0.8970733
113846,0.63937014
93647,0.34976557
98078,0.28407004
2371,0.30491543
46872,0.9306392
124943,0.8608373
30589,0.9597026
120617,0.40921125
121604,0.3929513
60221,0.89675933
118799,0.4700914
24290,0.81498253
38508,0.2206226
60897,0.41627684
115761,0.34911624
55057,0.23845762
39276,0.9597026
39866,0.96290976
28927,0.37672767
96366,0.3361596
42409,0.43452618
50044,0.1994047
46272,0.95170534
123521,0.81094486
30099,0.13061339
34450,0.96290976
111321,0.23539273
45556,0.35137928
102218,0.27249783
48562,0.94673926
47939,0.81498253
53636,0.20424761
54225,0.3899322
61351,0.62940556
63309,0.44359928
45125,0.48197725
49761,0.9137137
29565,0.60234964
36493,0.9030965
103243,0.43316993
100618,0.24356878
25657,0.5604483
38206,0.2206226
104690,0.35710767
88426,0.03130434
111447,0.2971298
27721,0.28760076
9337,0.33630553
83799,0.03130434
92564,0.37023035
11308,0.21245174
75756,0.03130434
25386,0.91023386
38053,0.96393096
114270,0.4179905
106624,0.34211707
7268,0.23830368
103183,0.20950115
24661,0.9173011
50381,0.26752937
26845,0.87730765
19758,0.23696943
115142,0.35819483
73112,0.2605548
47619,0.96290976
85945,0.03130434
54512,0.16719617
41160,0.96290976
42858,0.45593145
53260,0.32264453
90036,0.03130434
49586,0.56458336
33581,0.44709235
94590,0.8215684
63144,0.7885623
86477,0.031310312
28561,0.8093808
98365,0.35434297
40289,0.9519672
63768,0.4425127
21405,0.4164125
10228,0.20453136
15551,0.9512742
71216,0.24119595
18390,0.10156157
55194,0.29589397
3949,0.17504178
123052,0.43673202
7736,0.3318187
59768,0.7382961
7080,0.24743919
15082,0.36059245
74349,0.44841218
11026,0.08458195
75332,0.03130434
90219,0.031310312
41135,0.96290976
115846,0.7010585
102977,0.15409186
3823,0.18508957
109633,0.08818512
103571,0.31514782
22781,0.5675942
30873,0.9058583
95596,0.23689711
1380,0.24717304
8756,0.19048682
106636,0.27775568
64599,0.42640293
22779,0.2468477
44098,0.9519672
79768,0.03130434
38470,0.45304027
75881,0.03130434
14408,0.9499135
83928,0.03130434
74938,0.9381461
30151,0.13061339
5363,0.37759668
45501,0.22391441
83513,0.03130434
69173,0.34192467
94189,0.9368869
50349,0.19335423
13529,0.3687
104048,0.2340783
20009,0.83157176
21775,0.790695
63802,0.47355932
79940,0.03130434
84125,0.03130434
110894,0.11652133
52421,0.6273429
95102,0.2501857
41379,0.15186696
82779,0.03130434
47977,0.9208311
105222,0.25581354
11373,0.19048682
115679,0.67284214
14162,0.9491987
99468,0.16044275
9583,0.31765696
123183,0.8948048
86503,0.031310312
100012,0.23362757
1238,0.94499403
25099,0.44184977
102645,0.18464723
45224,0.403211
52750,0.50219685
11657,0.35360643
51099,0.30572063
51160,0.17428052
19849,0.46381745
44528,0.94013
111368,0.18625009
48409,0.96290976
26162,0.860123
79248,0.03130434
111131,0.15920162
95765,0.28407004
92216,0.17848307
46124,0.9306392
87660,0.03130434
57416,0.58840704
50099,0.6063674
17121,0.2978457
108898,0.154441
75999,0.03130434
8035,0.3465361
76611,0.031310312
6524,0.3753214
88349,0.03130434
99743,0.21800894
98889,0.20814428
72502,0.2030948
19341,0.62940556
116795,0.209357
52518,0.45621622
82112,0.03130434
82496,0.03130434
69772,0.9003424
18357,0.10156157
32072,0.9306392
55465,0.75444716
22885,0.79661036
54936,0.88354594
44195,0.81498253
82070,0.03130434
63226,0.9230428
63563,0.91816753
102580,0.1426088
2749,0.09542217
17683,0.35060483
84272,0.03130434
70150,0.33427098
59238,0.9137137
44796,0.7779481
57036,0.96290976
118925,0.31809312
71675,0.35649446
64507,0.95502293
27919,0.26031482
50976,0.45270485
83649,0.03130434
108891,0.154441
122466,0.30530396
33972,0.96290976
44584,0.9624873
38901,0.18748035
4771,0.3318187
59633,0.95226294
57642,0.48197725
124837,0.935317
82178,0.03130434
56628,0.23093534
95094,0.35761562
94801,0.26031482
39525,0.92534685
23364,0.4139784
60899,0.27021104
45396,0.65218693
124222,0.90861833
42013,0.92534685
101862,0.27518135
123357,0.87968576
71947,0.2030948
123748,0.82917494
72337,0.29749116
56353,0.75444716
67602,0.6653225
104441,0.33394322
16789,0.2596863
20507,0.24196497
107196,0.94194055
67778,0.15579547
56176,0.8274342
19122,0.5259417
61074,0.9177364
85891,0.031310312
119589,0.2000533
58898,0.5075459
83677,0.03130434
7255,0.3411657
19644,0.860123
509,0.28000057
87427,0.03130434
66212,0.25298703
82023,0.031310312
76472,0.03130434
48243,0.96290976
26946,0.6233864
79670,0.03130434
23556,0.9393818
39476,0.8968948
121816,0.67284214
65646,0.62940556
30580,0.94138664
53927,0.7516115
113511,0.38979754
25538,0.47651693
116245,0.8833273
41908,0.89097196
82179,0.03130434
12368,0.3384648
105119,0.3166243
120129,0.242522
78328,0.03130434
26127,0.8723369
69920,0.42715487
90786,0.031310312
46069,0.16762054
9503,0.2169093
37109,0.87614733
18421,0.24256797
8070,0.17482892
43762,0.39032894
87372,0.03130434
29570,0.38606134
82155,0.03130434
21081,0.2468477
80649,0.03130434
61465,0.9597026
11942,0.1445623
108122,0.1540548
9214,0.33825725
104150,0.25581354
74832,0.33427098
18081,0.9084978
37934,0.88546973
11547,0.38314846
78526,0.03130434
45563,0.20067975
42587,0.94673926
117692,0.39377406
103756,0.4784067
70305,0.34690365
83627,0.03130434
66156,0.27702808
113607,0.1907355
30937,0.46860376
53246,0.90023947
71141,0.31514782
1289,0.32046407
62717,0.79634356
114890,0.43348396
103245,0.26807368
103729,0.25581354
69163,0.671231
75920,0.03130434
117565,0.4434572
18859,0.38209352
6320,0.40743288
117809,0.2539019
28854,0.28760076
123201,0.91626215
48724,0.96290976
102142,0.33499622
39455,0.80233794
30340,0.96290976
31615,0.48197725
8664,0.24799308
39236,0.9597026
70577,0.32861802
69685,0.86843574
124465,0.5079429
39956,0.44072297
25575,0.88546973
76282,0.031310312
96551,0.20814428
20398,0.88400716
53538,0.52001435
47137,0.91252583
45192,0.36921132
31855,0.88180953
19762,0.37943122
90139,0.031310312
54997,0.4355171
12951,0.34204227
48001,0.18900445
114038,0.86633736
85508,0.03130434
1993,0.36997855
88311,0.03130434
110500,0.14298418
38930,0.38116187
60710,0.25223768
74642,0.31952056
69899,0.2116036
102123,0.30260983
73119,0.38453776
43545,0.8888306
9095,0.77689314
8542,0.85282815
65765,0.25223768
121509,0.7529213
109961,0.15671176
74660,0.2605548
79028,0.03130434
19431,0.7687712
95931,0.20034361
90090,0.03130434
23269,0.910788
20160,0.73297215
17334,0.38151902
78563,0.03130434
109318,0.24374117
99669,0.34644756
17036,0.27484336
94856,0.252591
101397,0.23362757
59353,0.89675933
75474,0.03130434
11974,0.3276079
72233,0.20811133
114538,0.28179565
20338,0.92416126
76860,0.03130434
15723,0.120016746
6876,0.81940275
115905,0.26141655
48790,0.8426271
24375,0.42653945
40760,0.43452618
33999,0.9341328
30619,0.96290976
35648,0.95170534
75803,0.03130434
57380,0.49472484
939,0.36780113
99739,0.58570427
28492,0.25157267
57616,0.9314652
91854,0.18875833
6570,0.07949004
123491,0.44167492
66761,0.35516638
61399,0.6776664
24694,0.92296606
38077,0.96351963
55680,0.375137
22266,0.8265936
28016,0.2610686
29049,0.45304027
35541,0.9519672
51030,0.3702861
79465,0.031310312
92219,0.17848307
67149,0.19465683
110850,0.605277
85351,0.03130434
1468,0.27641055
113035,0.3543085
49600,0.7747845
79481,0.03130434
78833,0.03130434
3633,0.2705071
30068,0.13061339
22132,0.89993906
9426,0.23007984
36569,0.94673926
26212,0.88868886
11806,0.105922274
94843,0.7945083
90248,0.031310312
88120,0.03130434
42644,0.4789583
59916,0.37192696
106344,0.9424478
42813,0.21124457
106013,0.6115728
36134,0.8796976
6611,0.12480803
8131,0.7315938
97240,0.31952056
96362,0.20558472
32878,0.49087155
74357,0.34835294
107377,0.30569765
10020,0.64978623
56318,0.9314652
124227,0.9229675
13964,0.09733766
14025,0.88425815
15996,0.09733766
43118,0.17294705
20709,0.92217124
40750,0.40762833
105558,0.28944543
83535,0.031310312
95106,0.21772183
74011,0.2605548
47232,0.1493025
60937,0.4198263
108931,0.22349444
89701,0.031310312
84761,0.031310312
123230,0.8892762
89882,0.03130434
121045,0.8225711
81141,0.03130434
52848,0.24442023
105892,0.77349526
2120,0.19335319
55692,0.42610747
44057,0.47252446
7261,0.7415136
7997,0.5604483
84989,0.03130434
99349,0.15945047
9819,0.82867676
35002,0.96290976
43027,0.8330775
112185,0.2153792
15592,0.95837826
33641,0.39703065
33042,0.47924474
27159,0.87163967
16773,0.37205935
79982,0.03130434
47084,0.74414694
2929,0.19332613
45521,0.18748035
162,0.9499135
46861,0.22821797
37124,0.81498253
58502,0.48442245
42040,0.87614733
116793,0.42657208
86295,0.031310312
26068,0.28760076
3547,0.18508957
10027,0.59826916
113782,0.34963745
71892,0.39839217
5230,0.73421043
39407,0.48197725
59892,0.91615355
108651,0.2030948
104954,0.25581354
97601,0.28280175
57056,0.4598379
118970,0.7344843
27605,0.1947155
44226,0.8973856
43336,0.9066649
2876,0.09542217
109473,0.22098877
44073,0.9306392
76120,0.03130434
96102,0.60625017
7537,0.3092915
53027,0.89238614
17761,0.26711172
93450,0.21716289
38553,0.41908473
49797,0.87142307
52744,0.22815417
18174,0.9357847
82056,0.03130434
114722,0.4839085
20839,0.42564377
24230,0.82356757
76542,0.03130434
121917,0.42694137
118953,0.7529213
20432,0.3892587
13921,0.34577915
30714,0.96393096
107154,0.94194055
24795,0.38211504
72601,0.23404719
83124,0.031310312
98333,0.71898323
26274,0.45593145
36852,0.91637546
35318,0.49169213
113656,0.63937014
79775,0.03130434
98946,0.21800894
83579,0.031310312
19202,0.88895386
101499,0.32817286
118163,0.6090186
96124,0.728774
80501,0.03130434
84059,0.03130434
55932,0.41380712
5641,0.9499135
2388,0.22507282
6026,0.08458195
124727,0.4163367
3435,0.44004053
34906,0.44359928
45341,0.38116187
73935,0.2605548
57989,0.9035957
89481,0.03130434
49561,0.47252446
7119,0.119666636
76958,0.03130434
49499,0.19216135
53222,0.89720553
115524,0.836134
39258,0.9515991
34628,0.9165016
4816,0.66670954
95393,0.20034361
62631,0.52736723
108397,0.32487923
65446,0.8049141
92867,0.32533777
116373,0.7344843
78478,0.031310312
67999,0.20092995
2130,0.77689314
29304,0.31703597
29502,0.43492365
91135,0.03130434
101947,0.23469558
568,0.24717304
6168,0.09542217
42420,0.9191643
95862,0.6189211
97020,0.8348331
114963,0.27630043
82020,0.03130434
98235,0.12385409
16086,0.81430286
116277,0.31488678
20548,0.52736723
96312,0.2472191
49228,0.8970733
68382,0.35434297
92176,0.24264088
107393,0.26250902
3929,0.16574621
40958,0.96393096
56083,0.9137137
60196,0.4947152
97750,0.30260983
53754,0.73893493
65543,0.41684526
24316,0.9452901
833,0.9499135
93653,0.42394328
62877,0.6389443
86921,0.03130434
43384,0.9008267
51176,0.44359928
3551,0.18640073
45548,0.21994603
40173,0.94673926
19377,0.17523654
91344,0.03130434
65567,0.43891653
43944,0.4598379
3112,0.17209123
94969,0.7946575
120057,0.60154545
70118,0.24119595
114556,0.38323477
84614,0.031310312
115226,0.7575487
79491,0.03130434
108373,0.34644756
37168,0.96290976
114286,0.3062433
3766,0.22507282
100328,0.7029078
109659,0.07198841
64552,0.7580588
59686,0.7401537
63943,0.8080792
72443,0.25581354
98263,0.761661
121853,0.78203154
109666,0.10609739
19741,0.38421112
13867,0.3343386
122328,0.87402016
68214,0.27702808
115058,0.4242034
53647,0.21661307
96758,0.30605677
81612,0.03130434
124650,0.9061947
2930,0.27895018
47502,0.94013
38700,0.94673926
69985,0.24119595
107616,0.7009892
5853,0.27957168
37369,0.95170534
75779,0.03130434
43673,0.5041699
85588,0.03130434
123768,0.80315214
91022,0.03130434
114440,0.8895113
43519,0.9137137
33522,0.43452618
66935,0.27702808
61512,0.43603024
44573,0.95170534
85526,0.03130434
60555,0.8512152
104656,0.24799308
2896,0.3092068
19797,0.7382961
86595,0.03130434
58814,0.8373445
13454,0.2169093
112454,0.5361903
17419,0.17523654
60381,0.8198562
11803,0.13244395
47125,0.3487261
120168,0.78203154
18893,0.10156157
124360,0.6148538
48645,0.96290976
103265,0.2030948
104989,0.51417804
41293,0.47252446
19412,0.47651693
36323,0.94673926
5623,0.9499135
67727,0.17167811
117371,0.84461474
97635,0.28280175
11023,0.08458195
56116,0.92220277
68985,0.18464723
85856,0.03130434
77617,0.031310312
34402,0.9023784
11560,0.35360643
95488,0.21253584
15713,0.14268462
65123,0.4478592
52088,0.9314652
14508,0.9499135
52603,0.14233825
24528,0.11655196
109275,0.18202618
89924,0.03130434
98011,0.93612826
51575,0.4627842
61129,0.9353183
60353,0.75444716
104283,0.34975833
57241,0.75575626
98816,0.706971
116987,0.49249187
116568,0.3295943
57971,0.87728703
80262,0.03130434
51549,0.8462471
102350,0.27249783
108142,0.32487923
80673,0.031310312
109763,0.12874942
102325,0.21568581
72325,0.60544014
9543,0.39908314
83274,0.03130434
21143,0.39634213
111068,0.17968692
3272,0.8188772
21487,0.88334817
84139,0.031310312
22392,0.9241818
55808,0.84916806
4593,0.83432525
76091,0.031310312
50285,0.38805363
89317,0.03130434
62165,0.48197725
25439,0.82356757
108411,0.2574327
116399,0.64668465
116799,0.81854373
8445,0.22583863
65695,0.5075459
98911,0.21253584
49175,0.22821797
31334,0.88546973
74650,0.56381595
100406,0.27750233
102535,0.6089667
42127,0.9554212
88141,0.03130434
114449,0.39535472
79022,0.03130434
95907,0.2071535
12264,0.4349105
103065,0.23362757
78476,0.031310312
2463,0.3857887
90322,0.031310312
18255,0.9357847
77807,0.031310312
68563,0.50258344
50198,0.1182094
47271,0.2745464
10292,0.5132658
28368,0.26031482
57276,0.75575626
31638,0.81498253
22619,0.7650313
100196,0.27813867
3730,0.21235535
100407,0.32533777
604,0.9108698
71666,0.7468112
113637,0.1868359
101375,0.24233142
295,0.10527903
55174,0.24442023
50683,0.21750619
32473,0.96290976
65560,0.5675942
32741,0.54522455
18745,0.45993787
30810,0.96393096
104746,0.3667882
123311,0.5012421
114943,0.67284214
47968,0.9271307
50412,0.20131414
14733,0.94499403
33767,0.16762054
56115,0.9230428
25622,0.09158824
49545,0.809835
111917,0.21043155
120382,0.43416446
25055,0.9152986
13881,0.7782762
122762,0.2603038
61014,0.31159726
56048,0.884773
73655,0.2605548
115918,0.31488678
69954,0.3085391
101140,0.33427098
30844,0.9129621
71454,0.22937126
54970,0.7382961
22633,0.20875478
39280,0.9597026
55599,0.62751484
102593,0.15945047
22782,0.790695
95541,0.2290484
125084,0.4163367
120739,0.7701982
48742,0.5050983
40921,0.9592451
112508,0.29945755
53885,0.3979963
124258,0.8408752
107849,0.60625017
34011,0.1844453
7072,0.21340649
22361,0.9233534
79597,0.03130434
98665,0.38219392
89115,0.03130434
66672,0.39527798
105872,0.30073398
117148,0.23330303
61523,0.24092053
47581,0.47924474
14858,0.14268462
98481,0.1426088
25665,0.38472033
98864,0.28407004
67659,0.22123717
94499,0.2647478
40584,0.9498314
93103,0.64134336
43769,0.1844453
115256,0.30531928
68301,0.36154202
32785,0.39850566
83430,0.031310312
72448,0.25581354
119175,0.26141655
120420,0.3590929
21220,0.11655196
63885,0.60609657
97625,0.5292948
106777,0.94194055
9074,0.23830368
17190,0.35772887
104436,0.706971
48970,0.9329873
24287,0.4666397
39504,0.27262792
43196,0.9257487
101495,0.3828932
78975,0.031310312
27416,0.77771443
48231,0.9554212
98764,0.12832068
86294,0.031310312
23799,0.48392308
61778,0.76531404
113936,0.18211748
116192,0.8677327
49395,0.23127681
67807,0.3491343
42221,0.96290976
102725,0.7520705
114737,0.66968393
20774,0.3930116
69491,0.23404719
42951,0.9116335
78898,0.031310312
39634,0.44359928
31783,0.96290976
52529,0.25474632
8935,0.8855285
25007,0.42364046
35115,0.96290976
73062,0.86946386
103954,0.28280175
27046,0.21830754
77835,0.03130434
97040,0.8501166
30840,0.44686866
7177,0.08458195
25751,0.71632177
85312,0.03130434
6252,0.24993552
114867,0.7353545
78145,0.03130434
61543,0.58840704
22796,0.41867527
19859,0.10156157
124736,0.28795478
68539,0.33362886
79075,0.03130434
62828,0.7929977
116384,0.4576789
30318,0.7651682
15817,0.2652183
36824,0.88546973
46123,0.8426271
99784,0.28407004
37490,0.9624873
122130,0.69505566
16167,0.14268462
109313,0.13199246
103560,0.45262942
19760,0.32532582
91231,0.03130434
76694,0.031310312
64870,0.52028084
111514,0.2339014
43578,0.73455167
56774,0.91637546
54587,0.52028084
74113,0.30073398
54292,0.42640293
56784,0.72072136
52366,0.9137137
93095,0.31065238
88751,0.03130434
58523,0.78671986
45106,0.96290976
74148,0.23686752
114367,0.7302654
117469,0.2990867
59390,0.860123
91259,0.03130434
56088,0.9010328
23377,0.73297215
109880,0.1613877
39690,0.96290976
110405,0.16396332
112656,0.34963745
12641,0.29850736
76498,0.03130434
76986,0.03130434
101112,0.16044275
14029,0.38045126
110726,0.09318181
86934,0.03130434
84199,0.03130434
5154,0.9357847
