ID,TARGET
32933,0.117645174
32713,0.6633764
90799,0.0012793142
30990,0.97402847
110120,0.15688527
64879,0.25490987
86700,0.001801202
32599,0.7480817
42504,0.9292377
30559,0.12568961
97930,0.66550267
41814,0.22334586
83325,0.0015899637
104376,0.7056384
57754,0.8854359
90016,0.0034109645
19652,0.90589976
62811,0.41981184
47551,0.94646114
11370,0.12881751
70550,0.13874198
49494,0.19945827
124132,0.66947174
30807,0.97797865
112804,0.28692645
70340,0.26834247
27515,0.418214
74851,0.28017315
23773,0.17871267
1905,0.96729416
36533,0.38194335
85121,0.0012010644
49630,0.37713993
120981,0.45888576
52205,0.6920347
89516,0.0008639811
46859,0.13238996
95029,0.27030388
33309,0.28664508
36372,0.97182095
46642,0.92021257
77876,0.00031025478
27967,0.29687238
63091,0.87569016
112046,0.2994555
100185,0.88692045
75328,0.00013493319
119761,0.16483927
18970,0.14717005
93993,0.1500106
16516,0.4214219
111056,0.6554749
104819,0.15872587
1834,0.2635959
81597,0.0012349067
21208,0.11500093
104115,0.17310694
60668,0.8138896
77085,0.00022004967
31114,0.28978738
44601,0.9746096
39482,0.82339257
35622,0.95907444
105276,0.15318662
111644,0.2550149
19609,0.81383306
46831,0.41534728
67796,0.12953302
97497,0.96167386
43621,0.8879157
21305,0.12496952
31350,0.9201047
25638,0.7360485
39958,0.16985746
116905,0.21772891
63544,0.8525367
71318,0.12510858
119726,0.18854398
98813,0.35947832
66351,0.7658713
94473,0.32282376
113650,0.36897117
12016,0.07454319
114787,0.61303884
59160,0.81172997
76200,0.0001696343
77519,0.00022679326
53197,0.17177175
12077,0.30781814
112146,0.2706225
87227,0.0014751035
71274,0.153235
91319,0.0020318918
27975,0.81591046
34909,0.874613
70008,0.38676608
8719,0.13905956
12879,0.5593479
78498,0.00090348296
117980,0.5614314
86705,0.0017553746
45665,0.8434031
101761,0.7457026
106773,0.88426524
49470,0.68089646
76997,0.0002865239
122677,0.8406037
51579,0.22577076
75429,0.0002131902
7196,0.11121277
57834,0.87278235
18762,0.9326717
60024,0.34435135
91935,0.055413954
37195,0.9768475
45366,0.81037796
78321,0.0011624537
31308,0.18754783
219,0.10206087
37532,0.95149463
93392,0.67075425
21536,0.9560322
54080,0.5187484
22147,0.9714443
89698,0.0013697611
92849,0.38949448
4855,0.7754801
12988,0.121540375
75952,0.00021407934
92039,0.0125224525
36456,0.9394607
98659,0.17172937
108163,0.13548343
56935,0.98022616
60366,0.79893786
33317,0.33760595
63699,0.9242459
92138,0.44852918
58368,0.92667514
52166,0.4006761
61821,0.44799444
54413,0.26501957
107351,0.9557035
109938,0.035935152
62470,0.8082916
24453,0.11359954
116107,0.7635737
27751,0.71095425
53375,0.91657007
57102,0.4241655
44187,0.20899948
54241,0.3764068
51642,0.43253657
70917,0.81584966
84722,0.0010511602
25283,0.8046606
89106,0.0010373446
116544,0.4029715
64814,0.8349156
70345,0.45327136
65943,0.69252825
88437,0.0016304464
34393,0.39602038
71405,0.13259669
22288,0.9460662
71863,0.13611159
102765,0.32658577
45463,0.782792
28616,0.892423
16888,0.43017894
3345,0.11088027
10439,0.11449506
7506,0.5605685
117131,0.24615662
50448,0.3940119
47119,0.20477852
40832,0.8803068
58634,0.977451
4825,0.33031842
107712,0.17302021
106090,0.19218057
95974,0.13021624
18969,0.11916875
24427,0.114462115
83219,0.0015755683
31307,0.16923091
27371,0.16466187
20212,0.4034568
22287,0.9334819
55792,0.8851122
124159,0.7836907
49055,0.9810854
34595,0.9592268
38653,0.96774065
11365,0.14197746
62740,0.84047806
51615,0.38593787
96456,0.117734455
17369,0.5304763
28545,0.7285796
123930,0.93357795
12249,0.67632985
46122,0.87948585
82569,0.0010721127
25517,0.9789939
49118,0.43502626
12387,0.4241526
1451,0.4267568
46907,0.5420865
62122,0.93926495
62793,0.9329734
80038,0.0012339843
112769,0.1765468
13833,0.13644068
117387,0.22094972
98295,0.8179246
117040,0.19148055
69156,0.6277656
108383,0.1317463
80162,0.00083903206
90487,0.0010158157
57007,0.8094106
122164,0.8340753
98934,0.32943463
22013,0.80855167
121276,0.37595233
121619,0.45077989
66475,0.41572583
7160,0.51868504
101439,0.2813687
114406,0.21134433
25628,0.13154449
81898,0.0013864151
93667,0.34571356
87454,0.0016306217
85894,0.0016889835
35880,0.8760486
33368,0.38702598
56837,0.28390005
9759,0.5666427
8980,0.34228662
86473,0.00083537435
118492,0.29355204
29785,0.15816475
4954,0.9114323
94226,0.9379053
25787,0.11404259
100373,0.48671895
116172,0.39456782
89868,0.0010225801
89622,0.0015135977
91351,0.001393207
77755,0.0005500511
46760,0.36740625
7767,0.3531496
120572,0.76410294
29163,0.3630529
62600,0.41424015
93316,0.11990361
121961,0.47966018
96668,0.8203951
81910,0.0016311645
68634,0.7119387
31080,0.5714979
109041,0.013633815
99814,0.17793085
112044,0.851969
81866,0.0014393129
55253,0.16673696
5213,0.96190906
95650,0.3737901
3744,0.14890414
19020,0.8114456
64387,0.85914856
3803,0.19550724
72598,0.4150908
106969,0.1262153
7535,0.60232437
59700,0.90592986
9414,0.7853855
107049,0.9134088
117550,0.26010093
30168,0.124784335
119586,0.6719466
87756,0.0022988818
99601,0.77491724
86645,0.0011082835
115488,0.88754183
101469,0.11381754
361,0.3257316
49542,0.83338726
79688,0.001161603
95116,0.13245077
86092,0.0022918908
70365,0.91388184
85203,0.0010463075
27182,0.30122185
52390,0.38008472
40108,0.87423396
78524,0.0010153528
101801,0.14413531
120810,0.8513375
29048,0.79059124
107985,0.18133655
18056,0.86195695
6486,0.44367886
92567,0.53605825
71959,0.123646125
56836,0.25141242
115995,0.83817047
27472,0.18127042
97544,0.6650874
63071,0.2405577
118130,0.2032065
28409,0.27775395
100355,0.5507657
23544,0.37775382
41256,0.8851359
119245,0.114025116
5537,0.11930897
73118,0.14259999
56043,0.8257229
118876,0.45963022
87033,0.0019278785
8049,0.7206027
100268,0.16411467
110317,0.25937754
109547,0.08590824
14730,0.8958816
94952,0.32719266
107556,0.9086837
40891,0.8742898
112923,0.33437413
68243,0.6643425
64292,0.5803491
90716,0.0013628794
55756,0.7998635
69880,0.19104615
122207,0.6563029
13677,0.47637272
11216,0.8408265
125008,0.5798086
46094,0.44015875
82982,0.0012387844
96309,0.37209857
50725,0.5055913
70310,0.10614693
111706,0.111213356
50762,0.78948706
45479,0.18186165
41741,0.18523549
112337,0.30795747
51054,0.18330574
54007,0.25112784
53753,0.72883654
35644,0.95453054
21693,0.9024361
1142,0.87353826
53739,0.2539482
61790,0.6628911
121504,0.8393205
53204,0.30779147
79840,0.0013145856
60801,0.48692587
56861,0.6288119
35442,0.9470748
36072,0.8489768
103482,0.6758077
7974,0.36845767
53790,0.6054486
77715,0.00034560903
115484,0.6292625
17041,0.4121148
63378,0.8447433
97278,0.14778763
28267,0.5448249
40230,0.9019066
109173,0.04853615
30535,0.96505773
20064,0.114462115
60385,0.8953887
62868,0.51665986
90501,0.0010257683
5504,0.29498968
112133,0.37069023
29687,0.59900427
42269,0.17440625
29780,0.27846324
43616,0.5403307
124180,0.8500454
120552,0.30498087
70654,0.12238449
49378,0.37611696
120663,0.3110772
58320,0.94434625
48923,0.9382216
50730,0.2414486
20011,0.94469583
103250,0.18040395
106599,0.29171562
85603,0.0050712265
13879,0.119382024
49518,0.7848257
89656,0.001981798
83574,0.0018531035
105497,0.40188977
6987,0.09809921
84233,0.0009331213
37940,0.8865626
116121,0.24485
17611,0.5537998
63593,0.85745364
89672,0.0021424897
52326,0.7532011
65186,0.2942775
33111,0.23692364
98338,0.20588787
55349,0.81534606
35493,0.94151163
19361,0.18589582
47730,0.1799493
68589,0.5089475
46582,0.95206535
14105,0.7730025
2674,0.19064446
25523,0.982165
69380,0.11118501
73812,0.68655163
1257,0.92041194
94076,0.8553828
111332,0.15969731
33737,0.11072037
69521,0.12115372
18350,0.14153518
90474,0.0013227201
75125,0.00014044033
90553,0.0010780359
69738,0.91902155
78157,0.00030152628
87841,0.001376389
84421,0.00142586
118956,0.81951034
66108,0.3438888
119135,0.251217
123338,0.8018184
23169,0.723009
62890,0.2288384
106330,0.94390285
79920,0.001164561
48441,0.9701535
118596,0.34007263
47171,0.16993448
30142,0.10972748
108793,0.02235567
29796,0.11932703
56601,0.8071318
37741,0.9545641
28003,0.15749581
30370,0.9665322
75940,0.00015989775
38785,0.68182427
39206,0.56010365
62448,0.9535969
55860,0.8109382
17220,0.10496697
86088,0.001909296
17776,0.5360571
95778,0.4520638
89588,0.0015530164
91781,0.13984896
17760,0.8835854
17920,0.90410906
67039,0.14159541
121532,0.54401344
84684,0.0012504625
21718,0.9443735
41684,0.81762254
12458,0.12210794
99714,0.8074602
80551,0.0012171424
118910,0.2172673
115054,0.28500628
90147,0.0014200223
102832,0.13311033
49861,0.731947
43627,0.9154554
113624,0.2954122
6118,0.09651498
61625,0.19208893
121100,0.6098163
66348,0.5310624
83750,0.0010155273
30688,0.98078465
99555,0.64121246
8992,0.11499339
70278,0.19532384
20202,0.17884402
57207,0.8578635
99445,0.20146261
48072,0.14947537
99147,0.82893956
48526,0.9271648
80771,0.0008973022
39126,0.9738539
103101,0.09950115
64584,0.66282296
71277,0.3233438
116747,0.3707846
117253,0.16358279
67175,0.7695368
125077,0.34526858
108462,0.30356255
63786,0.5906526
19351,0.59130186
51654,0.19521734
13345,0.7953504
75155,0.00014749519
81559,0.0012676133
24801,0.6287437
40662,0.9262427
121463,0.41591454
119125,0.20025013
67044,0.17649657
45915,0.9614013
57103,0.723849
122494,0.39113286
73528,0.27630985
29546,0.30882868
7158,0.33228388
23549,0.7859621
57075,0.9393164
110550,0.12286381
14148,0.8815643
17092,0.24976924
53106,0.8368097
58354,0.9024648
83571,0.0015276101
51975,0.35480177
94593,0.4859933
85879,0.0015752248
103485,0.16723981
108903,0.019522224
94779,0.18211421
98859,0.6887061
119143,0.21838094
68547,0.5995537
112899,0.41193935
113971,0.446531
13130,0.23687401
101883,0.28242442
21136,0.33713284
49106,0.20343275
93419,0.21798362
5714,0.13843012
94810,0.74925596
124653,0.9546614
117031,0.16753209
14996,0.77568257
86877,0.0015081887
60824,0.512172
101195,0.5135458
84374,0.0021426324
114510,0.36493832
6711,0.50379914
53930,0.62157726
22124,0.9446572
123509,0.4947029
98259,0.59274393
19570,0.8971992
121090,0.7550496
99486,0.76680535
59319,0.9420798
71306,0.17210759
81240,0.0009920624
51787,0.80966926
65834,0.22648844
93986,0.1415587
82169,0.0009732322
60575,0.8885872
86347,0.0011237529
68719,0.09728281
26267,0.5267079
90004,0.003029033
4080,0.79382205
13606,0.5804121
84653,0.0013564858
32832,0.82418746
39723,0.08357093
14591,0.40334776
67656,0.3820423
70134,0.11139602
48068,0.11142336
35474,0.38752836
21292,0.12011521
12825,0.40203488
28645,0.36473718
24485,0.11500093
110810,0.019323451
12364,0.18163654
91271,0.0014145882
67338,0.12533395
92167,0.3336788
99563,0.42328617
39023,0.8985345
48901,0.88529515
72970,0.8638327
101352,0.15900645
4644,0.21994548
66872,0.18288018
33268,0.1977804
52733,0.41633585
51720,0.63326967
87972,0.0020803816
81181,0.0015602725
37712,0.38128614
29181,0.31298482
45861,0.8922094
20002,0.87853897
39060,0.94852704
59055,0.96155703
177,0.9652937
46584,0.88255876
104156,0.14271598
22539,0.11916875
22687,0.30616012
8126,0.32731313
38153,0.49686444
65721,0.55900687
121815,0.8194111
79315,0.00094251544
109390,0.043019228
88471,0.0017101102
18722,0.68188167
35229,0.93607646
12202,0.31305096
12587,0.0936689
8440,0.15045157
84249,0.0009847915
18127,0.96750057
82809,0.0011820901
88603,0.0014340585
80781,0.00129823
107589,0.13164602
26223,0.30091047
51885,0.17080157
2637,0.14856859
121546,0.8142556
122798,0.45850122
110865,0.025737265
88722,0.0011335188
25620,0.11324251
57295,0.89380383
86591,0.007053028
3036,0.43571788
84328,0.0014554211
116020,0.311349
63628,0.9503265
4532,0.7736473
115456,0.21854977
42405,0.6160538
81165,0.00081919215
111767,0.3138063
13838,0.653075
50232,0.8827094
13987,0.3096694
40085,0.9495045
49290,0.8793589
14209,0.8079659
27900,0.31316525
12134,0.26752913
124788,0.8760188
102547,0.13087241
59420,0.83910495
2394,0.18379158
117203,0.21290216
46086,0.14125901
96986,0.4065133
104254,0.17114678
34989,0.96036154
35956,0.8873167
90615,0.0013090974
72038,0.2622613
32481,0.45101973
98428,0.41923496
30325,0.8143013
39585,0.868184
17495,0.95757085
94574,0.77826065
101756,0.42610908
115162,0.158067
53985,0.34897545
76336,0.00028478363
31204,0.95673156
55914,0.39632568
52903,0.11396411
96674,0.900722
112289,0.29788643
74018,0.16383304
59607,0.9725801
41344,0.8926148
71599,0.46364138
101668,0.41690212
9558,0.13082367
79623,0.0011062261
36045,0.592209
98802,0.10888063
49827,0.30107278
104537,0.23280379
55036,0.40844703
115232,0.80552286
70369,0.09597002
54527,0.16116172
14004,0.80419385
24677,0.90116304
82793,0.0010301783
79107,0.0015831565
88565,0.0013384063
76189,0.00017002504
101501,0.088650756
60039,0.19689165
52913,0.10952406
63202,0.89489865
25490,0.95615643
87408,0.0011303782
67711,0.07214602
80974,0.0007855181
119056,0.1868004
67444,0.49504203
38846,0.8649165
3629,0.42435977
117302,0.0888653
104691,0.19046003
81048,0.0012975297
111854,0.559549
7460,0.22546099
116026,0.7967789
101819,0.3503382
8133,0.76921624
9767,0.70674545
33845,0.7023445
45956,0.9771592
34594,0.955064
106212,0.79657215
21796,0.17794438
14788,0.9766625
79157,0.0017134373
117092,0.32338595
44108,0.96689576
91317,0.0011858077
77674,0.00036479344
104568,0.8054734
21313,0.14107199
19713,0.19497097
105226,0.26453
53005,0.7840058
78294,0.001354748
106894,0.96237355
41324,0.9089212
40761,0.7595617
121332,0.18674332
50098,0.39226797
116619,0.3253021
112927,0.19680756
62843,0.7904537
54799,0.8225522
114413,0.21460399
35200,0.93674505
82709,0.0022003613
96027,0.5365917
117811,0.29541397
69424,0.12471396
59214,0.87282693
92887,0.8627002
16641,0.8704133
87929,0.0015577282
50977,0.4914283
102296,0.10080558
2050,0.7739774
124551,0.46208537
59301,0.8714104
121585,0.9268673
36990,0.9444031
13703,0.124555655
11090,0.25539696
50545,0.4888918
105281,0.39012054
83120,0.0011188096
102282,0.25395095
76762,0.0002017409
118477,0.15652032
83000,0.0013273187
72656,0.22153352
68436,0.3925913
71208,0.2818286
48758,0.16953683
99542,0.4574296
55031,0.3617185
5901,0.18758152
67276,0.2552474
49673,0.6140987
116866,0.30796605
45997,0.89598554
112998,0.59162456
28244,0.45676878
85893,0.006389178
93027,0.86230177
103109,0.123518534
532,0.59920144
26788,0.853284
114342,0.16028824
114322,0.7905629
12763,0.1868433
73177,0.17684194
31869,0.9707422
42666,0.923417
105358,0.3457486
109623,0.013782915
46498,0.929957
101165,0.8170955
13656,0.8082945
8955,0.33536637
124072,0.8932656
19490,0.9044208
123258,0.9133554
69099,0.33346266
64594,0.7503759
122459,0.42101663
13469,0.51621604
24132,0.14299528
93293,0.15455748
58122,0.7596724
24444,0.13884296
81916,0.0012685583
105241,0.40245232
60431,0.73589927
247,0.11500727
92184,0.70934427
9958,0.14430636
77618,0.00025096966
54361,0.4270369
98299,0.61830413
7190,0.36668625
5052,0.97764456
67495,0.15682499
10741,0.18679205
27965,0.14857875
106444,0.36511374
94641,0.4098519
52759,0.7589317
67035,0.29023418
42885,0.9286121
80693,0.0012202541
93718,0.35437346
88791,0.0023056287
475,0.18217339
43664,0.43646228
26496,0.7855305
118765,0.83205533
86573,0.0010006946
91235,0.0016070352
31862,0.9660026
106251,0.8326449
101449,0.11802238
116854,0.15814191
81355,0.0015893469
27281,0.40890846
123344,0.4117001
82335,0.0014341288
2105,0.14933775
26887,0.8979094
59904,0.9120745
110609,0.022856245
64041,0.18312873
100968,0.3708167
20972,0.8830322
29952,0.1092103
28285,0.098764926
16599,0.23118809
25460,0.9022471
65189,0.39484677
71927,0.11007008
49839,0.5335525
24701,0.9305584
48829,0.76207
105214,0.44742087
105820,0.15568437
68285,0.16041178
98190,0.94886595
71225,0.4394969
122674,0.48243895
51483,0.1816065
109979,0.13867824
46791,0.09838476
38973,0.5027994
120089,0.47288463
75454,0.0003100274
42516,0.95493984
110803,0.10662388
111495,0.28315824
102537,0.42680573
45514,0.15004547
87311,0.0015081887
25438,0.90677136
5950,0.11896584
77385,0.00045520024
92518,0.37405106
38399,0.899915
115009,0.8432947
85021,0.0008353243
24196,0.8087619
59318,0.89455205
121410,0.38988546
46307,0.97942126
103174,0.517201
59406,0.87278765
55666,0.4936666
111847,0.17982228
59738,0.5821307
29882,0.1139328
75032,0.00024578252
66437,0.42600524
118024,0.53672016
106742,0.18694416
5198,0.9584595
20091,0.1394944
36893,0.88328195
85647,0.00094331
51442,0.27399433
111343,0.40837651
52225,0.37476012
114283,0.34029207
30338,0.9499761
33181,0.13721839
117427,0.08993016
47325,0.43672106
109514,0.06602765
107855,0.58844537
45687,0.95826834
69272,0.47970474
84657,0.0014924023
27345,0.80761063
115417,0.21207102
89251,0.0023194123
91137,0.0010004205
27641,0.36223832
79533,0.00051754666
51385,0.49687633
123054,0.86013365
50797,0.1453608
64563,0.13633652
51216,0.4536887
124175,0.86895514
23573,0.96062106
79092,0.000948189
92054,0.021352384
77453,0.00027421405
85259,0.0016345693
1214,0.85370165
69223,0.14057134
50835,0.12867384
56492,0.87144834
51344,0.20236245
84408,0.003282504
99683,0.75314885
25501,0.9778466
14200,0.7940997
93315,0.23107529
71687,0.16862541
53351,0.8110336
61346,0.453418
122027,0.8413252
17185,0.8106048
22274,0.83232564
69352,0.23622583
121892,0.2877018
110264,0.03641268
34291,0.4846752
66901,0.1383941
84927,0.0012250225
116115,0.73695964
22301,0.93818665
55555,0.908849
11652,0.22675243
48175,0.6851135
12569,0.69257945
18219,0.9645599
41347,0.927361
36773,0.90639216
77183,0.00020168531
8545,0.8854459
26273,0.6876638
88776,0.0011791959
18910,0.14145869
28936,0.6355243
35394,0.28057897
73200,0.17517708
26429,0.6117607
112393,0.12201077
106635,0.3759728
100468,0.66903794
31086,0.85431606
91237,0.0012942083
53499,0.7778788
43307,0.2481752
115974,0.52612746
97212,0.33304274
89468,0.0010238561
85990,0.0009290353
25873,0.33276165
33028,0.11819698
52142,0.21262148
10523,0.13752632
66842,0.15613946
96734,0.8315345
33390,0.7591733
124728,0.7199763
9802,0.48486844
6534,0.13809446
24044,0.17530127
46633,0.8694442
54605,0.26809153
9916,0.37657267
5325,0.3991945
15833,0.12869245
88847,0.0014340142
24380,0.8319797
32663,0.9558984
50332,0.19643708
30029,0.7370775
51776,0.77338433
84310,0.0014040198
55694,0.16241272
42278,0.17182808
16290,0.79558694
49111,0.20909156
109129,0.1364218
121653,0.7014292
2461,0.22641857
6589,0.1610735
102824,0.36857313
15111,0.092714444
6858,0.433723
12839,0.8304855
119439,0.1819419
87160,0.001523869
120804,0.9063126
72188,0.2215254
9493,0.1047598
47864,0.50465685
10898,0.15789986
76280,0.00022238115
29060,0.32721576
48722,0.9498984
6545,0.14636917
97182,0.15661035
9282,0.08405895
91033,0.0011565814
2844,0.14079958
19772,0.43307808
59571,0.96749103
121036,0.21143702
52673,0.24903922
124296,0.90910184
46754,0.20480092
93080,0.93631643
48137,0.7872792
11658,0.4636662
122349,0.32639518
70881,0.13638757
28684,0.77399486
13293,0.10039521
41140,0.9638213
64325,0.7392536
111962,0.22318418
15636,0.9189148
46210,0.9664248
109141,0.057196364
108409,0.8254812
2918,0.10862823
86007,0.001189723
564,0.1998296
23336,0.9017143
4860,0.2537558
88049,0.0020207048
23290,0.865136
62834,0.84167624
9994,0.5282016
19489,0.9077469
4696,0.8610799
63397,0.7969402
71646,0.4423747
46636,0.9067131
103405,0.13579892
99096,0.38683748
91332,0.0012785967
62463,0.7332483
49852,0.31754535
53766,0.7131134
63118,0.43520582
49178,0.8182183
38028,0.98382694
88777,0.0013963106
115408,0.56373066
93295,0.29196113
61706,0.4795938
65032,0.56164634
125042,0.47919086
65509,0.40163144
63714,0.8925031
98496,0.17776132
54236,0.16996923
87222,0.0023172041
79679,0.0015347771
70392,0.14380455
38940,0.8959385
39837,0.33896217
25030,0.20427307
72046,0.25292066
37412,0.90703577
28951,0.29089493
115863,0.41158065
24149,0.8427501
45877,0.95742166
39396,0.89534515
120203,0.7814346
89538,0.002646396
59640,0.9775097
26310,0.137027
56840,0.11679596
12455,0.14725094
36807,0.58506644
70832,0.50570816
27430,0.37230697
45129,0.8771892
34977,0.91520303
82795,0.0008394479
38132,0.15081437
77579,0.00018467658
93065,0.91477245
118840,0.54971737
20736,0.18454166
44868,0.95381093
91588,0.0013797034
27193,0.82897323
98480,0.13426872
95310,0.1744157
17340,0.77886933
52656,0.38566902
84094,0.00090704486
108289,0.5238287
4534,0.86929303
34193,0.93666
72959,0.7858324
447,0.16437411
98924,0.09153069
382,0.1446
93421,0.24254066
50912,0.30419526
42385,0.13785183
61458,0.91585207
17113,0.42860925
47246,0.32477352
116446,0.27694824
96264,0.16255876
35495,0.9473319
87699,0.0023582648
89405,0.0022806462
37636,0.9544611
27758,0.4169128
18073,0.8984563
123349,0.102961674
3871,0.19012614
13075,0.9176676
32141,0.9112648
14753,0.9579909
112441,0.33070558
110518,0.13806206
55394,0.3006135
23565,0.92734283
7559,0.3830139
46847,0.17715631
91212,0.0017128395
119806,0.13667916
118417,0.78583914
38952,0.9239989
52267,0.760065
53002,0.83484054
10770,0.09836862
118755,0.17276931
120312,0.14638029
563,0.4407293
60764,0.45680967
35246,0.974697
59116,0.8326186
81409,0.0010297471
109851,0.025431758
90897,0.0013354211
12041,0.5654714
45365,0.87242347
66688,0.14245312
1394,0.34996518
83298,0.0012429346
123203,0.9445962
75301,0.00023103632
69306,0.09914879
80075,0.0013726196
37506,0.81488025
6861,0.80724853
69298,0.22731687
12069,0.34387872
96922,0.73826844
19529,0.49285576
84303,0.0056297737
78990,0.0007876363
122415,0.20847766
1887,0.9214685
116600,0.6139635
113421,0.34074673
118514,0.17976737
119860,0.16776858
3923,0.11086177
100437,0.16894196
60874,0.8740046
96870,0.3049207
58382,0.45920742
94392,0.7562511
72716,0.73731536
73587,0.5180885
36654,0.9676985
113658,0.7436777
108846,0.032152202
100411,0.13170679
64312,0.5376017
112279,0.31190604
61994,0.83944917
76418,0.00021633871
6595,0.8153363
3521,0.16444108
115888,0.56191814
68233,0.1348338
32815,0.7418481
83560,0.0014976804
64251,0.92133176
35217,0.9106832
8788,0.10717876
76586,0.00036214685
62750,0.38959432
26012,0.1502765
20127,0.11500093
85805,0.001658444
92992,0.8801855
105995,0.37574136
38734,0.41151884
66630,0.09268355
88977,0.0030516249
42696,0.98231804
32619,0.963781
79086,0.0010771378
12616,0.4697135
35105,0.96130985
90513,0.0016473884
18427,0.30082712
92702,0.34875152
4395,0.622569
13236,0.2723674
18366,0.10441042
22787,0.89000106
49402,0.93301386
85697,0.0014179203
103926,0.34959117
36190,0.93938434
34140,0.613493
22758,0.13914761
81776,0.0008610159
9205,0.8219185
37469,0.9512636
92341,0.238535
85149,0.0015371104
122202,0.46956563
30615,0.9720835
94500,0.2487893
60831,0.88499105
96381,0.39525935
120970,0.81144714
41652,0.88182676
77064,0.00023402847
33064,0.89219326
58700,0.90016097
49754,0.73275775
119664,0.12849101
111780,0.35652626
1131,0.60441816
91376,0.003855988
120466,0.13052258
114300,0.34784225
82164,0.0013010349
22219,0.91639245
85451,0.0009671407
98250,0.103168234
62109,0.9112932
123355,0.38409716
88284,0.0016931994
55173,0.14548998
25522,0.98182297
107909,0.65464294
100486,0.81553304
73562,0.15385856
122332,0.8791742
18795,0.36065912
4402,0.8939732
92091,0.33060205
60720,0.20464092
62316,0.928188
95133,0.81314164
4646,0.77620614
28611,0.8987719
5313,0.9038235
53322,0.55174893
45762,0.21953277
19907,0.11496418
95431,0.15813632
33198,0.92529315
59824,0.78315926
53207,0.71267843
80765,0.00096075237
99296,0.12223659
49539,0.35037798
69054,0.25369647
119732,0.64223313
64564,0.7713535
99948,0.2728332
48706,0.8855267
80192,0.0014144118
100404,0.3672477
95618,0.5609962
109143,0.01661004
8591,0.83002174
56795,0.37205422
102754,0.0883134
118162,0.39586818
71607,0.83460426
16675,0.4162643
48556,0.9635399
99986,0.23052765
106628,0.41126207
98835,0.23513177
28921,0.9136198
23052,0.35087198
103508,0.24755497
61915,0.47460997
80194,0.0014144118
2265,0.30841243
44825,0.8250636
118733,0.67151165
28118,0.4591676
43961,0.9014089
15683,0.14385389
101304,0.10149528
62867,0.191958
114455,0.81603986
79908,0.0010702178
89087,0.0013855584
66027,0.14743437
114824,0.4888963
24690,0.86879003
51802,0.7225798
10708,0.13792875
91942,0.02188095
67229,0.441936
82955,0.0015694608
77727,0.0005500511
91534,0.0024161278
55714,0.40833822
59925,0.26683906
99475,0.13035652
12303,0.3871321
16982,0.6861151
12331,0.5940508
91067,0.00118162
103040,0.11190373
8416,0.16269961
71564,0.37996158
104644,0.5639168
88863,0.0010454755
117760,0.16991225
38603,0.38628817
124525,0.8226599
49867,0.18622833
50294,0.25526562
66318,0.71280575
86636,0.0012833659
6768,0.68230695
99970,0.2885468
62522,0.91830504
97067,0.3554398
23444,0.43947926
52755,0.7617427
56791,0.89641917
47571,0.1351958
83797,0.0010112273
104785,0.17424308
8599,0.8785281
57506,0.34743845
19194,0.5636634
113307,0.25856513
95265,0.10677659
98787,0.17519331
83703,0.0012432082
22912,0.9137292
67894,0.4713951
58134,0.38723356
124013,0.47378913
95034,0.24840532
50812,0.30252862
18854,0.5536075
117108,0.7337352
87762,0.0020458933
5139,0.7885015
86845,0.0014926639
63508,0.9190791
100051,0.33660212
101637,0.24158376
82115,0.0009862971
82303,0.001221691
113468,0.78512955
105377,0.89840645
65004,0.91968554
11898,0.116082475
110130,0.039101783
22082,0.40464422
11736,0.13691357
97482,0.9177884
91169,0.0010161438
111848,0.13212527
8692,0.48034325
97990,0.13486849
99961,0.6937992
1089,0.4702207
61005,0.22538564
43923,0.9639732
105028,0.187865
112798,0.3314208
101534,0.49918664
58854,0.7320691
9002,0.5869505
50428,0.13364837
71517,0.15299824
44810,0.7783617
115786,0.35814762
40800,0.8304171
83337,0.00094289845
81641,0.0011104489
65652,0.27845302
124067,0.37593314
80246,0.0014941884
90468,0.0016428604
49108,0.4342349
109502,0.02441515
62227,0.882021
14857,0.12398968
107840,0.46658984
106758,0.3309809
66134,0.69593734
44272,0.8393576
38699,0.94823676
33145,0.27617425
113500,0.16313313
76996,0.0003836868
24456,0.14510205
38781,0.37553886
22875,0.411718
58212,0.89717716
32812,0.74092436
51644,0.28670642
3458,0.3169317
125028,0.19001083
60756,0.7822479
10235,0.28597283
48249,0.97991025
30004,0.12025986
100552,0.38685647
28410,0.20007606
70763,0.36629236
105373,0.8294525
118023,0.4996109
60851,0.9159338
104683,0.6437341
125132,0.47843078
117965,0.18446028
106470,0.75748837
47227,0.19151671
90875,0.0012977312
113864,0.72072905
43995,0.9248392
92605,0.07871071
106705,0.2633684
1581,0.5001902
77191,0.00034903624
121658,0.83996916
91812,0.11156913
104701,0.66231453
23857,0.58357936
35777,0.97230035
34267,0.527795
120753,0.31940883
40243,0.88513297
4049,0.17821668
97143,0.18943797
2080,0.32799652
107274,0.30764452
25500,0.969263
87442,0.0014351105
1128,0.42679423
118392,0.45374107
39796,0.91879565
22707,0.35123724
13494,0.31468675
47116,0.14843142
30948,0.92457724
64628,0.81896573
2440,0.33754963
41882,0.1829413
94433,0.48775366
79764,0.0009871611
82002,0.0015980852
34608,0.9554192
49482,0.14206542
3609,0.08519484
78070,0.00022074018
122229,0.58473516
63691,0.88382316
116236,0.45407987
11822,0.115961336
86187,0.0010788178
115219,0.20725508
38173,0.54012376
123649,0.4625815
68514,0.56324893
95225,0.33082
61990,0.26253566
36280,0.25500587
50527,0.86828715
72780,0.13845484
36142,0.9229415
70566,0.30135235
95805,0.09371993
10683,0.15355128
70913,0.7242531
94252,0.93077564
89296,0.0010189178
103207,0.14771354
98450,0.11663929
54835,0.14923023
115336,0.71646357
54017,0.5243
54227,0.17219155
107977,0.12553552
64889,0.48023212
74491,0.16966704
15866,0.47131675
82114,0.0009974127
50419,0.20475958
107207,0.98304605
48761,0.21745656
27948,0.85784096
92107,0.29332337
105955,0.78788024
70529,0.54902065
23942,0.14904737
46756,0.59779376
86664,0.0013448513
52416,0.4063958
64925,0.90159196
88152,0.0012467727
80049,0.0012108467
83210,0.0016336286
29139,0.896073
35945,0.9437582
101160,0.8389677
36920,0.52913594
93782,0.70979416
79466,0.0010044316
86033,0.0014386448
14198,0.79027486
98876,0.2200892
96669,0.62178624
38420,0.18880968
67833,0.1319725
79910,0.0009804239
73301,0.16805317
43085,0.111795634
26485,0.18673821
58802,0.8026229
87782,0.0018059682
78180,0.0003526228
87977,0.0010754219
2922,0.36744925
45725,0.13748136
14734,0.9399881
34534,0.9109034
115528,0.9218091
81088,0.0010216881
121985,0.41580072
16435,0.15862426
48775,0.56521374
58324,0.94320494
23789,0.38447657
30800,0.9827272
3285,0.73215437
108528,0.6715173
3720,0.34841314
55116,0.8188404
38860,0.94624203
92507,0.1527218
32343,0.9092517
59344,0.9036303
79195,0.0009564899
113114,0.253392
116749,0.7451071
98535,0.13397731
53469,0.89590544
56860,0.33185655
42067,0.97724676
99395,0.11009977
109073,0.017908093
63078,0.81841385
68054,0.2793392
7343,0.8552831
67527,0.760442
21611,0.44878122
23139,0.17057405
81250,0.0011837916
2214,0.39346376
39517,0.6926597
100354,0.4517032
41927,0.941524
69785,0.9345777
103658,0.1973451
56020,0.83171165
15997,0.6067173
21333,0.32711127
54617,0.35053217
28263,0.4653998
10829,0.2445433
29248,0.7040888
121832,0.55271107
49912,0.17963201
63130,0.8408194
90596,0.0016876027
15231,0.9002318
56740,0.61976975
3029,0.38853258
111669,0.18548457
106666,0.15220828
122628,0.3992272
108171,0.8058586
35791,0.6135186
45190,0.14872581
104451,0.1345586
92193,0.6445058
95121,0.76797694
88924,0.0010914718
1504,0.9287509
32281,0.18730825
9289,0.07705328
108399,0.5133159
22800,0.43275797
67972,0.11857572
53194,0.177182
117334,0.35981503
7061,0.44778618
41859,0.17795663
24751,0.5130465
84796,0.001669843
3953,0.11748297
49210,0.49555
24291,0.90606874
42238,0.94735986
99682,0.60641915
19104,0.3158042
32929,0.29644033
31351,0.87025535
83565,0.0015181373
65495,0.31402662
36855,0.81386834
63640,0.95792633
40531,0.9725114
65422,0.14491083
85493,0.001271989
76467,0.00027435186
26801,0.87015235
85039,0.002426921
111752,0.6038877
95639,0.32413825
17746,0.39192435
50626,0.44910032
11350,0.12176371
87124,0.0013332163
77224,0.00030757705
22673,0.6273568
31157,0.12077077
80739,0.0012017791
27173,0.35349014
87961,0.0015260356
65317,0.9684693
84431,0.0023860729
124151,0.4570648
7149,0.33945614
5991,0.15238738
73055,0.9350381
26682,0.88003886
120923,0.47219068
6448,0.1348032
40925,0.96789247
72376,0.3751872
122535,0.37534127
59295,0.80240136
6283,0.2914426
21747,0.96528286
20658,0.94757247
46499,0.94466615
96595,0.7147054
69611,0.87717015
109620,0.014403982
30831,0.5234689
26051,0.5069947
89773,0.0018575302
11883,0.13301662
20336,0.91785276
78922,0.0016799521
97840,0.15042342
14732,0.9532942
16144,0.60380167
33934,0.93896353
5074,0.97936636
4832,0.76366526
1096,0.16101928
29029,0.26776993
36315,0.83122313
97558,0.14438903
34000,0.927052
64773,0.31700045
91424,0.0011190898
33048,0.85791963
110625,0.030395875
20047,0.87260276
15609,0.8551376
17878,0.9146474
6331,0.39448848
502,0.4854277
84471,0.0020807853
938,0.9433722
113312,0.2649404
87331,0.0010919003
4574,0.4105281
80172,0.0008288026
92735,0.15622787
85673,0.0022774443
105853,0.2054051
97021,0.8542221
122178,0.6417346
112246,0.2907892
102203,0.28591704
68091,0.27914086
37477,0.9122168
63900,0.73589927
107170,0.9756866
18297,0.98215747
65572,0.841489
5057,0.9752436
4182,0.28797868
72485,0.34015933
44582,0.96742
606,0.9163213
102237,0.40879685
89137,0.0011768277
98770,0.109041184
4857,0.7886962
45462,0.35637003
55590,0.35827026
18750,0.89172757
103407,0.19408211
24685,0.5658065
82000,0.0016118913
117613,0.49595743
9814,0.2163521
49431,0.51247126
25195,0.9855452
99919,0.17652462
53379,0.92883396
65840,0.55025625
13932,0.21221234
27854,0.11230391
114646,0.7672316
98143,0.3524392
89688,0.0010474036
69478,0.09080435
23447,0.25969505
16548,0.8141483
2070,0.36994496
101026,0.098499015
53119,0.8478141
3192,0.21482778
85487,0.0013478224
117739,0.7470801
98045,0.16019942
87173,0.0019435022
100535,0.3560853
9359,0.5444852
56520,0.37305477
22768,0.39807662
15767,0.13066214
42359,0.82935697
16637,0.82241607
13849,0.49870446
21781,0.8975552
73652,0.42019582
64666,0.398463
69196,0.31832087
103604,0.3801009
11903,0.113210365
63680,0.7705856
45383,0.6988522
33470,0.39738423
117745,0.85404485
60560,0.92054886
51461,0.8423735
68597,0.3014826
88680,0.0012146437
77124,0.00021501725
88589,0.0015518662
69756,0.9366758
45046,0.88077366
49596,0.84779316
34238,0.9014845
33453,0.51056665
72431,0.27549678
16076,0.6205814
116491,0.7742963
25582,0.14734921
39751,0.89869165
98544,0.28949425
88505,0.0040665325
60845,0.9149755
5540,0.28503466
47338,0.5662352
122792,0.79742205
30198,0.50108284
123467,0.79906696
22483,0.91103244
90389,0.0012140295
46505,0.9302651
114798,0.7924772
71206,0.1402498
100852,0.69415903
85707,0.0009203689
25829,0.10904308
69328,0.15609589
65882,0.35710356
23959,0.5557992
63029,0.85345
32124,0.94126827
43031,0.9073788
45296,0.88399076
50104,0.15501581
85218,0.0013434604
19862,0.11500093
23079,0.1177849
21793,0.39148474
73311,0.16428828
22443,0.9652227
114183,0.5264451
5100,0.9729437
11932,0.13602139
78822,0.001433214
20664,0.9549107
87026,0.002359598
1498,0.833998
98282,0.08598959
109456,0.09281588
21615,0.7833784
98316,0.7433795
46762,0.7378976
4913,0.94157207
123565,0.8665613
48907,0.9120832
73498,0.3213709
17127,0.89046806
54537,0.1318012
103516,0.66891813
83220,0.0020211316
84598,0.0023814167
35203,0.9526827
97166,0.12363551
97833,0.14030285
25894,0.15181185
28441,0.40071937
653,0.96215665
65818,0.47285965
91788,0.18107045
110350,0.10601306
68144,0.1468543
62101,0.8542523
69701,0.88506305
32235,0.90228254
107238,0.9829553
17946,0.955891
39383,0.91867745
101870,0.13628495
111795,0.08849005
7936,0.39659733
396,0.8866386
15150,0.3281479
63746,0.8546315
96535,0.14044319
37799,0.8931913
43004,0.84467316
6370,0.3222653
107185,0.9474402
124135,0.6547019
123826,0.18127754
120535,0.35785288
26727,0.17648765
35052,0.938948
114488,0.36723012
91437,0.0014228169
74304,0.16473034
94748,0.6719191
18951,0.14506176
69301,0.13265492
38083,0.9839729
65430,0.20446458
72814,0.1925403
47976,0.9354304
32338,0.8855443
100303,0.17667288
83787,0.0010454884
114260,0.81282836
36049,0.9069238
37234,0.95708936
56175,0.8848626
42949,0.9719344
36447,0.91787815
9596,0.555478
82816,0.0010982669
123942,0.9550496
62829,0.36591935
108434,0.17055823
37719,0.7760645
87234,0.0023870673
30025,0.1158856
104671,0.25302663
62014,0.48481855
63204,0.9111004
44929,0.97216946
10278,0.11146026
60081,0.84450054
34317,0.10701652
12459,0.15034571
89914,0.0021700386
90349,0.0013310532
13183,0.34219146
65065,0.79209834
76598,0.00037782142
120202,0.44420603
120879,0.310928
55684,0.29981932
109548,0.035369236
24180,0.82680404
56974,0.88375205
80862,0.0010515833
97513,0.9277339
90493,0.0009360406
81280,0.00095870736
33084,0.58755344
59719,0.9221172
106485,0.16756749
121895,0.71028304
95188,0.2840218
90767,0.0011929725
55524,0.4842394
16043,0.1328736
81293,0.0008971334
11228,0.14725094
10467,0.09794386
85516,0.0010991708
8671,0.27038103
26941,0.5861715
73059,0.9405175
25676,0.45580873
43106,0.4753724
2366,0.72286975
117024,0.1819419
113534,0.33195654
34018,0.2986793
109742,0.019160574
106243,0.907838
82734,0.00087649684
75738,0.0001919255
71707,0.16022158
91596,0.0017147199
44813,0.26706958
8357,0.14725094
94786,0.25397345
60944,0.513477
77315,0.00024661064
47431,0.17079106
69788,0.9372421
61412,0.6538433
86875,0.0015866599
78996,0.0009951128
116784,0.6768177
121144,0.47507215
52481,0.7686848
103246,0.7169688
48063,0.15309297
38563,0.93095857
18909,0.119726755
78636,0.0010441586
7687,0.2820628
41060,0.9484286
88531,0.0011850428
118864,0.5755449
80415,0.0013693705
97549,0.48941332
101127,0.2298365
114163,0.46186936
3064,0.6976753
63860,0.42103094
28993,0.40749615
124982,0.706849
64935,0.14642942
72909,0.21074261
81574,0.0012080157
77612,0.00025877036
11906,0.086746514
102543,0.7748377
92667,0.27949244
56444,0.8983984
26109,0.71300244
121782,0.5139523
69158,0.583576
44535,0.9287666
83954,0.0012487301
75282,0.00013214804
61510,0.9557713
77706,0.00059498416
111750,0.2762042
121106,0.21301188
31935,0.9212157
46818,0.6165884
92034,0.015218072
54906,0.4081389
1908,0.9651802
12930,0.101934865
6652,0.16692492
116890,0.17719269
54164,0.411566
43130,0.7839343
9428,0.6772347
14313,0.109741524
68521,0.14036494
25913,0.20195904
53416,0.7421911
120029,0.6207249
2469,0.21933144
62484,0.66096133
75907,0.0002912137
12856,0.5944238
23403,0.72193104
81207,0.0011624537
83732,0.0014682399
2403,0.16777371
83208,0.0018218377
45026,0.78862846
63121,0.4533571
112715,0.53618026
23580,0.96312124
90605,0.0015852972
9442,0.15328722
123532,0.64561343
22410,0.90343285
25106,0.87944305
102101,0.26493594
97765,0.13284348
81118,0.00081544137
32566,0.8290685
35851,0.5796345
72819,0.18358809
34997,0.6815597
10843,0.15359284
86754,0.0015911456
1549,0.71219474
110551,0.111279614
33759,0.1393489
97127,0.30026704
91915,0.0821003
29894,0.10645999
26675,0.8986205
38931,0.86694443
100179,0.4269957
96865,0.6608849
51250,0.28423336
99856,0.224108
43348,0.8992355
29625,0.550696
106411,0.36673933
45177,0.1289339
4219,0.7791147
4864,0.58850986
37468,0.9493549
107475,0.1292499
113741,0.5252876
34353,0.15753889
86532,0.0011084144
99226,0.1292781
16236,0.851898
120399,0.1778306
37738,0.9575985
66891,0.12857954
10453,0.08276264
5471,0.65116
15792,0.12479873
60701,0.922174
82350,0.0011143888
52064,0.86525166
103169,0.14151284
109993,0.042507462
39178,0.98498166
74158,0.13571925
103597,0.30299845
5709,0.3845546
79748,0.00069838605
91931,0.060186587
122752,0.60326254
37257,0.9824744
101029,0.15573004
97028,0.8709542
31301,0.16342402
43556,0.7477214
28211,0.11479846
15824,0.13429548
97711,0.1208807
30205,0.18022469
72347,0.12607108
91411,0.002035373
123847,0.5476693
2526,0.20914644
72746,0.2039228
25072,0.9443152
46835,0.79367286
22517,0.14818001
24994,0.6095876
112865,0.15822132
23513,0.87800086
122190,0.88630414
14225,0.13392824
77984,0.0002421384
30970,0.9696984
113105,0.37351155
77940,0.00020330792
63831,0.23551084
104431,0.29751047
122971,0.1518356
97834,0.14064868
82497,0.0010418425
85793,0.001417142
117617,0.78640014
16651,0.487359
80239,0.0016785453
24253,0.6256009
3908,0.7759278
10154,0.086347714
104320,0.6894625
98108,0.11970397
52663,0.2540222
83164,0.0011683572
52714,0.2494742
8853,0.6934233
20042,0.58643675
14639,0.7605158
12084,0.5431557
45866,0.93234175
20654,0.9497588
66990,0.37309983
118239,0.7733291
551,0.758427
38290,0.5851687
70447,0.17202288
119606,0.5784587
85448,0.0019182842
5817,0.17279622
55900,0.5756768
124786,0.8380273
13549,0.105388254
36601,0.94189125
100034,0.12959902
54304,0.7178635
20484,0.19359142
22258,0.7792424
83302,0.0012565922
111099,0.15854707
60880,0.5526066
105309,0.7450467
75160,0.00017391884
115311,0.3988842
17873,0.90150523
113524,0.17569521
27120,0.54575133
49658,0.36822465
91764,0.023914004
123884,0.7536532
70247,0.2306142
36057,0.4273338
32388,0.9629796
6338,0.7315602
82334,0.0014000263
31411,0.33197996
49791,0.80177313
76141,0.00012851844
117900,0.7115216
36761,0.89650613
95757,0.32924765
15620,0.8725305
56015,0.51084054
19554,0.8535557
16594,0.21283774
63817,0.26492688
2925,0.14845891
55493,0.94232243
107279,0.61800903
108203,0.7059114
9614,0.6903004
93476,0.11116881
40026,0.19218901
15320,0.13106993
47678,0.9260467
110738,0.060188398
122825,0.8413027
89376,0.0014118912
56952,0.97531646
37029,0.9562722
10104,0.8823458
25041,0.8148067
107234,0.9843128
51824,0.85075295
93471,0.31884378
19672,0.94334483
108711,0.011069503
111274,0.29066977
20223,0.4657025
17351,0.31835073
88200,0.0016730847
95166,0.08934943
58498,0.90037495
49616,0.84887695
47281,0.23777033
35120,0.97809213
51687,0.7773078
36677,0.87322766
31606,0.58755344
101106,0.6572306
19304,0.18096465
5064,0.9803538
43134,0.8168156
47737,0.42511597
48513,0.87557673
12121,0.09850334
93678,0.31999707
54025,0.66022503
83069,0.0014089777
17479,0.9544822
49669,0.3386917
88304,0.0015371215
69276,0.69123906
66075,0.26875386
36032,0.8434983
103668,0.28093162
99286,0.12157188
95475,0.6956974
91422,0.0016872614
39309,0.55547744
10561,0.14068887
27963,0.7884403
110233,0.16853774
23373,0.40176004
90288,0.0015692784
26240,0.6509297
53287,0.33302522
76699,0.00020591551
120596,0.4043536
91409,0.0018452256
42921,0.96597666
89168,0.00092194125
120354,0.3748704
20353,0.8879326
99268,0.161059
123315,0.8643428
61669,0.114319056
59570,0.9745666
88663,0.001052536
59595,0.9750353
92850,0.37986267
65871,0.9096574
119685,0.45396477
52022,0.18974648
73366,0.16211767
116483,0.7278094
100892,0.9159813
34567,0.94814473
31333,0.16301233
66167,0.62379265
75479,0.00020333294
61813,0.85291845
119253,0.3674772
54626,0.685025
29522,0.16726556
124896,0.5183653
76059,0.00021554396
40987,0.97455
97755,0.10575998
937,0.98247933
62493,0.9232418
49744,0.15488485
82792,0.00090469845
34472,0.3903844
53543,0.26809153
47494,0.89070946
70689,0.66649336
55107,0.77479887
6958,0.66772676
48338,0.55667907
76078,0.00016003443
10505,0.39320922
24550,0.11500093
57169,0.35360834
30530,0.960107
98942,0.16233023
33066,0.91186154
93206,0.38736352
105371,0.87475294
25182,0.9746411
56484,0.21144286
72587,0.18433903
97144,0.7984898
107410,0.15853457
61073,0.88280433
76246,0.0002588308
3847,0.47558504
21656,0.73262745
120772,0.12840052
18322,0.14510205
47705,0.5047549
8267,0.2708351
19736,0.35761967
22496,0.91124785
60224,0.16406524
96306,0.18064778
14707,0.90874726
77780,0.00049547123
44104,0.90952027
106536,0.3537254
40381,0.89444786
60213,0.21463217
20350,0.5478341
24136,0.11916875
39794,0.87424463
78037,0.00021884195
104304,0.1191685
87205,0.002672898
46080,0.3739438
104167,0.12758659
77377,0.0006290118
34121,0.8421867
112689,0.69390935
121128,0.35348347
71293,0.37695527
69064,0.7709586
108391,0.14267513
29799,0.54621094
14451,0.85637695
39058,0.971856
31396,0.94982064
68353,0.3170299
70343,0.12557232
45980,0.3356214
77217,0.00033575704
93968,0.37189004
74520,0.15876314
11459,0.080846645
33976,0.9666727
98311,0.48561984
76012,0.00030650423
107500,0.50692236
66716,0.17490792
99849,0.11739455
120380,0.44249183
53712,0.1031357
81041,0.0009934811
103561,0.21318491
13965,0.1314913
29326,0.8648773
2849,0.32751837
107889,0.13353536
100790,0.14620785
12014,0.07729783
62198,0.87422997
114759,0.4509465
20755,0.40657955
106845,0.93360394
112726,0.44861934
98184,0.94118685
111885,0.15182954
72862,0.12867515
20246,0.47778532
77356,0.00053131767
72512,0.8035593
55199,0.64506227
107252,0.9784117
29750,0.4917965
9259,0.12696555
49279,0.5197647
79310,0.00084418536
24709,0.95004547
2600,0.5254554
19581,0.37838554
103203,0.6805067
18883,0.4806616
71598,0.720436
24691,0.920963
35315,0.3308696
56370,0.9097406
54128,0.44328845
64103,0.19297522
102414,0.18272845
59834,0.8615145
104393,0.7645145
56124,0.96140903
13514,0.83104414
68451,0.17577438
97615,0.21469127
111863,0.2998183
73624,0.5178746
17107,0.4034781
68863,0.10462223
25993,0.12645106
102962,0.06841692
30769,0.95339024
74828,0.28148073
52633,0.30537486
21070,0.1708082
9839,0.10150226
11361,0.13225137
48271,0.14125901
70583,0.19252844
100783,0.23178124
27647,0.71018624
96213,0.40313467
17571,0.29295868
98185,0.94536185
83336,0.0011909504
81009,0.0014829999
111219,0.23381872
719,0.8799993
32519,0.12116926
110736,0.012521586
39608,0.9523748
65257,0.14664596
64403,0.8965186
119904,0.20799312
108478,0.079994224
99554,0.6440305
112310,0.16575754
48081,0.18078613
51404,0.2893194
56729,0.43518513
12066,0.35971394
4840,0.78928846
81783,0.0017239287
124820,0.44815087
111221,0.59193265
118794,0.6121544
67344,0.22284907
91297,0.0020431215
123889,0.8492507
110910,0.22516537
114114,0.31345066
53086,0.8881447
51220,0.16746187
71741,0.8045948
53656,0.6949715
21787,0.38536263
89766,0.0011362041
111032,0.05275493
52928,0.16368951
57815,0.9059111
114044,0.4081347
7455,0.29246837
13874,0.12877584
70454,0.25621498
107549,0.87914777
38159,0.8808542
26318,0.50757897
116157,0.43141395
66884,0.1383941
94409,0.51457053
66892,0.3009492
28930,0.6416031
1964,0.19731389
13150,0.23891564
85736,0.0016114679
55214,0.43176123
93429,0.30144262
77588,0.00019937314
89783,0.0018442736
71842,0.1624219
58555,0.96451056
32357,0.955232
17153,0.20500156
35185,0.45684332
56070,0.9012638
90134,0.0013848586
87924,0.0014389942
93222,0.75087535
23530,0.9320868
50056,0.7580784
116685,0.372796
1281,0.96142644
123057,0.8352503
113119,0.3932639
25946,0.082843885
15466,0.9451028
71925,0.12251275
99880,0.139598
24111,0.11916875
58792,0.8026229
67005,0.1444887
7180,0.5328814
64319,0.8433501
105996,0.1685546
78003,0.00018397077
123151,0.2809092
25918,0.6786305
98212,0.54002815
7073,0.31927997
119430,0.1746701
91018,0.0016428604
72850,0.18690637
4882,0.81918305
12593,0.382819
94146,0.48420614
76572,0.0003322487
31361,0.51941395
46501,0.95741034
98101,0.08228613
53206,0.6241104
63562,0.9360261
17835,0.7669288
14949,0.813137
65790,0.5336733
23626,0.8996959
56463,0.7922872
69084,0.32641402
65556,0.59079224
52161,0.20805006
94568,0.32236928
31912,0.18260947
72129,0.17257363
26087,0.47250137
20884,0.41085085
61964,0.9218376
19996,0.566717
90869,0.0010425549
113908,0.18072459
40276,0.58132595
57553,0.81916463
61411,0.49750936
19205,0.7935423
108836,0.012017809
24118,0.118317276
65219,0.19288482
81692,0.0013700533
32467,0.92360914
42991,0.96939844
88786,0.0018005428
106906,0.9750699
24958,0.28157923
112462,0.18922123
77264,0.00054188946
32922,0.61929953
103379,0.21818388
108897,0.037613537
25496,0.96479654
16847,0.82624555
31098,0.15302148
83922,0.0014061527
90120,0.0012047626
110287,0.19455542
35197,0.91235363
2205,0.65430135
95735,0.4316899
2373,0.8581557
95577,0.24207702
114280,0.70727456
29487,0.5970077
108935,0.020355223
70710,0.12693238
56845,0.3151088
53879,0.27203178
87280,0.0013120613
6531,0.12437007
109230,0.08012813
26477,0.32146966
100964,0.7214925
51690,0.21190964
101351,0.1689445
29253,0.423823
91219,0.0016724771
105867,0.13911569
97086,0.117784284
96939,0.8745207
91037,0.0017246701
87220,0.0015653908
18478,0.15815914
101573,0.29459354
29991,0.10972748
105657,0.3553553
54733,0.5007484
64567,0.14475188
80700,0.0008998129
100320,0.33974832
7772,0.17134604
24985,0.583368
121931,0.21813908
29019,0.15375596
69316,0.2985172
24901,0.119726755
30186,0.49220255
80329,0.0010900104
111408,0.12172729
69544,0.17978522
73857,0.5301355
112957,0.09682513
10526,0.19239125
71605,0.24798611
53537,0.25181097
9728,0.12988383
86073,0.0018773985
1564,0.71569383
101684,0.09836862
87864,0.0021502257
62438,0.9188332
70289,0.18302783
86844,0.0012385017
76194,0.00017002504
92911,0.91945153
2158,0.10254379
57967,0.8600792
108734,0.011738984
12130,0.28049675
83970,0.0012606478
58655,0.98669887
102696,0.13180593
77981,0.00019104146
61955,0.8537329
5190,0.9199332
91562,0.003532887
49891,0.7057
78254,0.000204396
34829,0.36996034
89290,0.0013917999
44889,0.9845707
122131,0.7927741
19227,0.84785587
47521,0.8807673
73145,0.7427491
20647,0.8843211
58250,0.9823789
88431,0.0022132285
111369,0.15767497
42574,0.9238107
30313,0.8072062
18539,0.11091297
110372,0.03942603
84011,0.0011596527
1227,0.8689447
101216,0.064571165
66236,0.1279552
121723,0.87371594
116556,0.73956674
31190,0.9092517
95563,0.13521498
84247,0.0012248468
22682,0.6951988
10482,0.31593615
31193,0.93386424
81212,0.0012296061
60343,0.21814041
24596,0.11500093
24950,0.47693524
65452,0.48178294
110645,0.039511777
38716,0.67059976
2392,0.17424467
43002,0.5722632
99109,0.5660975
52010,0.7827432
84420,0.001963782
54686,0.8978393
103996,0.14436252
47223,0.62181437
87814,0.0015861616
81601,0.0012997419
102528,0.75263387
38770,0.8766378
78956,0.0014517958
36306,0.88814247
119622,0.73495865
21800,0.18259835
67995,0.30186927
103971,0.32928544
72254,0.19895807
86814,0.0012817731
29185,0.099010505
105406,0.8184819
104696,0.6861472
102273,0.13281287
67457,0.514263
38638,0.9258655
122215,0.16837089
41519,0.88636434
67773,0.66095114
104083,0.1505348
114487,0.4992898
30301,0.55415
113836,0.20698519
39176,0.98621446
59618,0.97170275
109581,0.06030745
33841,0.26579106
41317,0.9007994
26715,0.35625482
54401,0.8654828
49856,0.45163584
43522,0.95761764
122117,0.70571244
9880,0.13355301
114166,0.17491208
87028,0.002094217
38640,0.93926734
49705,0.8842029
68106,0.5643498
45482,0.71885425
32273,0.42912474
91028,0.0013749053
109427,0.037731364
13885,0.13572624
35739,0.9473689
51978,0.21973805
120900,0.44701725
117735,0.42638856
23114,0.3961051
18149,0.9699821
7753,0.17211953
43274,0.83494633
100153,0.46594203
106193,0.8294525
14661,0.88845056
39318,0.65090686
89404,0.0016861437
40981,0.9809874
24010,0.1602433
98702,0.34099257
106008,0.28729966
79984,0.0008476893
67806,0.3754302
69219,0.15302014
61789,0.24225119
91826,0.14440344
88018,0.0013242107
19615,0.8561063
107158,0.97987705
38654,0.9650083
15859,0.47131675
35861,0.8839522
19282,0.80434304
7155,0.5547892
98040,0.15751405
112937,0.17189778
103350,0.3527456
25908,0.4283739
21236,0.14251292
68115,0.70522606
18647,0.38842925
49405,0.9267466
41830,0.13041523
100728,0.10729131
30156,0.12562387
64389,0.85064644
80476,0.001366285
82443,0.0010266589
3070,0.6845369
17312,0.20144747
53626,0.4424192
105716,0.21805815
83019,0.0011883333
51770,0.4220816
70175,0.23886396
40547,0.97009015
56148,0.42336482
46046,0.17162094
9283,0.34973127
85970,0.0009554324
60811,0.85562867
11595,0.291736
98987,0.15987347
78590,0.0012902742
109808,0.039732344
95770,0.35163224
80294,0.0010579833
99140,0.6391417
9057,0.23184071
85344,0.0010019271
3934,0.09763046
72812,0.40719074
71812,0.16409658
93466,0.33960786
100521,0.36283407
103890,0.6034191
102173,0.8308058
13229,0.098913275
112312,0.39144447
80388,0.0011826729
95726,0.42212874
356,0.40838796
7826,0.12067825
104580,0.28583223
123829,0.17791347
116646,0.3848751
112947,0.4510917
39423,0.96317166
34007,0.4463223
7880,0.14196411
60054,0.7646408
91064,0.0011539541
115607,0.35660034
75013,0.00025144484
1719,0.4406934
65850,0.8131429
56152,0.8798454
48020,0.38390213
35816,0.920528
10348,0.47014093
45836,0.58186364
119341,0.84229773
37418,0.9281176
104820,0.3460261
51207,0.5139523
69585,0.5838112
29453,0.67004263
87391,0.0012336487
30054,0.1927881
105568,0.21017438
50329,0.16951051
75110,0.00013188594
108281,0.15998533
53940,0.5832778
23434,0.33071056
82557,0.001269145
6021,0.13164864
66383,0.25809327
6767,0.24093674
27744,0.13849998
49837,0.30620193
61583,0.9118622
46772,0.11923438
38276,0.88903576
4674,0.791387
67837,0.24256574
120511,0.7151536
69823,0.4316881
68422,0.17995907
11317,0.63603413
22992,0.26516652
15046,0.24291149
21039,0.7593096
26403,0.6581156
9421,0.45441547
39428,0.6574888
39217,0.91653866
45145,0.1815654
79983,0.0010203667
64703,0.8240453
27983,0.8228343
62616,0.7510967
119549,0.40957865
86659,0.0019302013
101138,0.42644405
41665,0.103785165
15211,0.2129167
83761,0.0017559838
58391,0.5618861
43512,0.9482474
6033,0.10528806
72364,0.0771027
111728,0.6986501
46863,0.3743779
32770,0.9117614
24741,0.878264
110333,0.039293844
58081,0.9298824
79453,0.0009146599
81524,0.0024371094
111516,0.24122176
98848,0.13397731
49342,0.9195864
7721,0.13970602
36846,0.55036324
101036,0.17321377
60806,0.7859418
54216,0.35002914
110942,0.10366445
22536,0.11916875
4967,0.9512464
103403,0.13375191
82870,0.0013805012
114330,0.5198989
74758,0.29223493
14965,0.1408148
37407,0.8913765
36721,0.8827142
101502,0.5548406
47779,0.831392
16128,0.5385458
6068,0.29356053
67649,0.13785043
101579,0.3282712
98977,0.49854013
32127,0.9667673
73182,0.75499964
119320,0.86209184
77910,0.0003667388
77507,0.00030117948
68381,0.28705665
76207,0.00024976037
109044,0.015793076
114295,0.41666496
65192,0.75993514
80508,0.0012987191
113884,0.22960898
24479,0.11500093
124938,0.79658705
65126,0.8029942
115000,0.4376629
17141,0.18736823
99167,0.6076832
43316,0.7806618
110343,0.19748144
1469,0.5471561
924,0.9704837
63349,0.4821584
2117,0.33153486
7356,0.6873844
92290,0.854759
103247,0.18158723
63934,0.4102996
98241,0.08463941
66915,0.14015678
86568,0.0012889372
72694,0.42029506
106805,0.8135286
36578,0.9537526
22940,0.9646611
121349,0.38252196
17958,0.95205814
84323,0.0018731315
104846,0.39350495
82867,0.001670378
114792,0.9003253
121095,0.22841439
73297,0.26189423
77913,0.0003350571
108433,0.15664873
36124,0.7233875
77732,0.0003109474
60001,0.5490567
12959,0.33824477
31952,0.88999575
68557,0.2525314
68938,0.15425755
109956,0.17488964
87750,0.0017444595
9141,0.6905759
81622,0.00095633767
93454,0.11991082
10007,0.09438832
16864,0.37260452
106665,0.13844444
84833,0.0012839185
90427,0.0016676196
107023,0.8621222
56289,0.7470573
91281,0.0017154163
43617,0.86737496
94002,0.6477907
25485,0.9566479
114820,0.3697741
23414,0.13748774
74130,0.1183192
6735,0.116172165
6049,0.3695576
51489,0.41553155
123272,0.92331207
16472,0.83523303
77976,0.00019572378
2546,0.12378707
109556,0.0097172
122976,0.44631413
38102,0.9902202
93922,0.19253655
95760,0.2856797
84926,0.0011002995
71677,0.37875578
35876,0.7233651
77667,0.0002579811
63312,0.8580526
110995,0.11289422
80696,0.0010779168
39241,0.9049545
117901,0.72078496
2948,0.57593524
81156,0.000991623
114258,0.78362685
104860,0.37978563
84352,0.0016510685
61221,0.49532124
44599,0.9627767
113369,0.18976137
47413,0.20076837
10873,0.17022255
108910,0.018793749
26455,0.76307744
120266,0.73612577
4555,0.17213391
23036,0.55602896
65215,0.8297206
18220,0.9685403
68594,0.11812364
103934,0.38926274
23787,0.20603743
245,0.112611465
4428,0.39865845
22430,0.93818355
116597,0.3611933
125160,0.775182
86829,0.0030128146
54750,0.16451244
119502,0.36543924
30175,0.46921664
44626,0.97519284
94739,0.2285518
86450,0.0008123655
47904,0.40694472
84234,0.0010182346
12108,0.11432656
102143,0.25495893
70451,0.15882722
31284,0.13266239
122993,0.187024
53059,0.7288121
105572,0.21079184
88955,0.0020436486
67988,0.12777603
64744,0.4382553
120710,0.28576392
39827,0.19322933
115540,0.12825347
23508,0.51265216
78572,0.0014114187
59387,0.36794937
120111,0.12526828
16757,0.8140281
71027,0.5394804
82606,0.0012131417
9024,0.1534888
5256,0.9223062
74990,0.00023372922
86661,0.001296823
116849,0.3433175
105113,0.42432034
55265,0.85858786
46615,0.88619816
13125,0.79978466
78225,0.00025335653
99093,0.7235933
5644,0.21286686
112436,0.6437731
93389,0.76623255
12704,0.7027075
100001,0.21753594
59037,0.9494357
103547,0.45011666
28090,0.44097075
33631,0.15604365
16854,0.16839097
40143,0.658749
104149,0.15403862
92331,0.7196319
67848,0.29038492
24189,0.84521836
53563,0.2708014
118474,0.17209403
117036,0.5566375
85812,0.0012285257
94844,0.22655213
74923,0.87701553
113973,0.6102408
11650,0.11857572
31207,0.97168577
18021,0.4393871
113670,0.6227697
43628,0.9195864
1052,0.9793753
116802,0.8637275
283,0.76207
117391,0.23683684
23072,0.4532182
25651,0.11385222
41370,0.063780256
50102,0.3659499
18453,0.1397463
62486,0.89248574
33439,0.21977708
1734,0.1201749
77214,0.00035987055
7176,0.12175266
36741,0.88060427
19808,0.16039874
69513,0.36116776
44663,0.85850734
39920,0.55816543
54075,0.3164343
10755,0.12963897
96414,0.18412842
27354,0.37934715
28115,0.8855956
87940,0.0014889444
12830,0.38431472
75953,0.00026015742
47761,0.6334465
85501,0.0014523689
79631,0.001071498
80381,0.0017441588
113996,0.11314641
64189,0.19341974
8359,0.15453383
28068,0.7708112
75381,0.00020397645
85144,0.0016800793
60872,0.49021327
119915,0.26822603
60326,0.53746504
89704,0.0014070248
68604,0.1208113
98286,0.46679366
6085,0.67912126
37867,0.8549524
85033,0.00078618684
106837,0.9229116
66599,0.1410035
16283,0.80463344
17431,0.3319062
37615,0.66254026
96824,0.14770177
41492,0.96076626
17067,0.19868699
103338,0.19860728
122877,0.76334435
119647,0.117372885
74962,0.00023107928
88118,0.0010693739
33884,0.12126874
113951,0.46186936
18278,0.9814937
103674,0.3311485
31983,0.14564101
84013,0.0010667706
44128,0.9750794
55225,0.26931402
35100,0.95464915
83366,0.0014093012
117395,0.14761715
20468,0.22799319
52862,0.38165024
28842,0.38396195
65706,0.1582593
8469,0.3516116
85156,0.0023315505
58461,0.8890314
33676,0.55340046
55381,0.80889916
9157,0.669192
29031,0.3360688
90469,0.0015427081
118384,0.8187576
3210,0.37385893
36231,0.73803574
104694,0.163163
9536,0.44262883
100484,0.8122857
110731,0.22822706
94352,0.2721006
73238,0.19575666
119786,0.1493966
57957,0.8196462
69179,0.16515815
95254,0.12554017
117308,0.763536
82126,0.0012744992
47214,0.22980464
75982,0.00014022664
102552,0.8016505
103662,0.43677127
75855,0.00017153524
1426,0.17990823
87211,0.001723759
120279,0.842947
38237,0.91350424
120822,0.33791313
92539,0.6560307
10977,0.12621151
22326,0.95757884
40719,0.94009316
91666,0.0016571119
8683,0.15555182
27631,0.43440592
62719,0.8320573
16666,0.16039874
90104,0.001144124
41149,0.92462087
7458,0.69468117
89934,0.0014879763
61442,0.6096311
45884,0.9576512
45141,0.5749799
7104,0.169127
99271,0.22318874
93887,0.2766905
1516,0.9391996
86427,0.0010175897
49870,0.719315
102164,0.77681667
25950,0.12650023
113257,0.65868956
74933,0.9578148
62959,0.79901123
68901,0.35093045
112531,0.36047214
45655,0.5475144
29908,0.10972748
70708,0.25631678
21369,0.9128559
31488,0.9410611
52340,0.7936284
81592,0.0013668649
124387,0.2313578
49530,0.2180555
70461,0.1516112
20989,0.76892245
14898,0.18473695
78394,0.0012767646
43576,0.72134113
83323,0.0012704857
86996,0.0012097653
82527,0.0013069472
115139,0.37083688
26623,0.6212441
2788,0.2252222
29471,0.3889329
72723,0.8583524
73714,0.13910224
18462,0.7171084
87040,0.0014381018
58653,0.98480994
110230,0.028173594
117763,0.7543377
114437,0.8783113
59186,0.8231332
10102,0.7262143
69770,0.9552783
6046,0.38538843
38209,0.60623235
25870,0.43111295
23168,0.34494412
58367,0.3843469
66810,0.26405177
86819,0.0013649935
118374,0.36287948
104875,0.16350204
61654,0.5195221
44694,0.17618777
78161,0.00037459753
33655,0.14649248
58715,0.92574525
88135,0.0011208395
6388,0.53806067
102731,0.07543294
97487,0.9177884
81292,0.00090220297
48438,0.963621
15270,0.12988383
92289,0.19984724
93499,0.28515378
80973,0.00079368526
52377,0.910241
41426,0.49371564
1505,0.8636489
18228,0.97853047
66206,0.109047554
36283,0.23609291
112932,0.41380575
16040,0.79928005
89537,0.001393207
54943,0.9002566
108780,0.028657015
80731,0.0009989352
27887,0.27126473
48543,0.9648554
84061,0.0016994308
14571,0.96190464
119538,0.43908325
36690,0.92780524
85595,0.0018402193
42875,0.8739874
111386,0.16361831
51447,0.74137187
109144,0.07573017
9151,0.3854127
44410,0.98079944
38476,0.28472418
74603,0.9630449
116453,0.45007607
25448,0.8841014
70268,0.122332364
101128,0.89140266
82434,0.0008874789
17997,0.34510836
36376,0.976901
107088,0.9415461
31905,0.37262723
118412,0.39533272
5656,0.24067816
52201,0.40640908
55351,0.867661
66291,0.38574916
30515,0.9652919
44022,0.9540862
122546,0.36575797
59484,0.9513962
122432,0.4147676
41197,0.9746373
69683,0.91834325
111294,0.11908564
40759,0.8704672
76609,0.00033559863
114379,0.13649106
67239,0.27045152
1382,0.40410793
38853,0.8326899
1744,0.8441274
7894,0.29414034
54368,0.46510082
35127,0.9819287
34031,0.10392488
107892,0.66891724
3329,0.16509967
97548,0.14706603
120891,0.83356816
76541,0.00032978342
50027,0.38848305
12543,0.16566753
102251,0.13348678
91356,0.003561524
87512,0.0012908698
21588,0.9461559
18103,0.9588541
87525,0.0013697611
112478,0.29443514
15987,0.41128713
81303,0.0018174803
6188,0.35708043
2391,0.26411796
57077,0.9425799
70963,0.13076982
100680,0.6212279
106535,0.406895
101385,0.12963626
93517,0.33980355
38633,0.88727635
89547,0.0013478929
118152,0.36797407
23999,0.15311271
76384,0.0002710975
10537,0.14294171
42745,0.50590104
48366,0.8848529
99245,0.13719843
70890,0.6792429
18975,0.11916875
30380,0.9670329
38344,0.6248143
108220,0.8056833
74984,0.00013785798
15233,0.8984418
61024,0.23676792
39350,0.9178699
55170,0.16327538
44812,0.816798
11252,0.3871321
506,0.5357104
65748,0.17769003
5807,0.4859396
49288,0.8440805
7127,0.114117905
28579,0.88235015
111549,0.122105874
70280,0.11612942
100850,0.23115802
31785,0.9600206
66568,0.1077807
32184,0.9690049
107447,0.21175337
18138,0.9688204
23943,0.7981285
91415,0.0012911342
78224,0.0004040329
37002,0.59872746
116740,0.120170906
18763,0.92625487
123788,0.09966738
83172,0.0009220717
42285,0.17616531
45662,0.36393264
47544,0.94261205
37357,0.1745515
62715,0.84902656
31827,0.92509735
75228,0.00019572303
74396,0.16362298
18393,0.114462115
32375,0.938948
6080,0.35299203
82360,0.0013557612
100380,0.34262878
25789,0.13502987
120853,0.12940753
6875,0.81276244
8363,0.64829934
96209,0.14264785
53008,0.831988
78497,0.0010706267
88726,0.0010168169
120867,0.7938738
3870,0.45489967
95842,0.31290105
46585,0.94158965
11041,0.11368085
97426,0.9298311
53018,0.8831973
47680,0.4698722
2854,0.19101267
32931,0.14534755
9954,0.12366902
81433,0.0020756766
74749,0.31949317
41689,0.91644484
71634,0.21802837
78346,0.0017807869
53292,0.7125278
72026,0.34239173
40746,0.31225345
50107,0.15501581
80430,0.00074401085
104063,0.29984352
64582,0.16350089
53475,0.35003546
18579,0.13759278
40033,0.5870502
79898,0.0010002704
32530,0.20177639
120968,0.8187576
69603,0.80504036
53508,0.81410897
64492,0.9811679
48475,0.93581593
78781,0.0018210748
61358,0.8844367
62703,0.4844144
124886,0.97488993
100629,0.12624025
122796,0.2523118
5726,0.17205566
11467,0.09994592
32358,0.95955104
114825,0.5258014
14995,0.39694422
33025,0.16566215
4567,0.7580747
42196,0.8930355
5234,0.8049175
62833,0.7421733
77892,0.00035332993
5923,0.15088129
113302,0.23175193
117899,0.40977156
33326,0.5856208
73487,0.12517367
62131,0.93678623
21771,0.56750107
5465,0.31774083
77338,0.00029766915
58673,0.4238032
9804,0.74138224
111502,0.15658817
77697,0.00031790344
66276,0.23034196
42860,0.8234328
14157,0.91862017
83973,0.0012526141
116748,0.5781772
75485,0.00020292349
52648,0.89407027
37623,0.8897062
70287,0.43286514
91896,0.13080646
74497,0.1813504
6989,0.35639092
95388,0.16716136
108775,0.019112153
88553,0.0011190898
65511,0.16927202
38956,0.9144703
99800,0.17685167
76239,0.00029067116
87847,0.0018074372
3292,0.3795812
106172,0.3613481
115022,0.2367181
106966,0.16409996
33415,0.75587976
19892,0.114462115
31309,0.14812884
118664,0.7708828
97081,0.11430722
64843,0.19324006
81752,0.0012370015
59242,0.41289753
25944,0.28964534
96097,0.16587785
67537,0.8483181
53380,0.9353382
119571,0.11271028
124279,0.44129962
119086,0.16483927
30348,0.96554726
12372,0.38620752
53954,0.2968929
115335,0.18313791
8751,0.10191018
72905,0.15555212
37297,0.39697608
19725,0.25059727
4922,0.9032782
99375,0.13924058
15542,0.9599953
61297,0.9581426
89514,0.0010209846
54215,0.35943326
62628,0.48167288
14362,0.13137183
44927,0.9829622
32275,0.20463318
36974,0.92731273
56310,0.93028265
11169,0.07729344
110692,0.033535648
17644,0.52032554
92753,0.11596924
34674,0.9812589
81334,0.001316181
6454,0.13489328
116062,0.91779655
114502,0.14848088
39930,0.881234
57262,0.8397343
33015,0.11819698
63655,0.97601163
5144,0.8410671
62908,0.85996634
13356,0.13344042
44638,0.5186941
41290,0.15995719
106685,0.32007542
69609,0.8041286
48131,0.5400007
64196,0.07426508
79204,0.0010873185
87490,0.0013313898
35803,0.58569014
101394,0.52207893
64024,0.849505
18546,0.40740725
64748,0.80640185
38391,0.9460858
124624,0.8931251
11049,0.09146166
10910,0.6206035
21675,0.81755245
72462,0.22666566
85532,0.0012416946
76794,0.00032698739
121148,0.19343446
37240,0.98473674
70495,0.6773436
32115,0.90807736
115705,0.7992806
89200,0.0015613798
104932,0.18294367
81411,0.0010086496
99640,0.8716386
41858,0.18479344
119705,0.87043154
2644,0.4175244
109505,0.023789883
5802,0.09635952
50876,0.49735522
79829,0.001384074
3752,0.15704301
7333,0.39627773
53681,0.12578659
23936,0.47646183
68310,0.73807204
124595,0.88596857
23689,0.9769981
51977,0.37455228
30843,0.8933885
72912,0.14564659
20951,0.8794333
17150,0.37012744
103781,0.14416026
85225,0.00094586273
48565,0.97663
88290,0.0010735241
110516,0.02272556
124293,0.8151702
76145,0.00013510481
117398,0.39135462
77625,0.00021311075
45649,0.86882675
86168,0.0012382552
89452,0.0011849023
50823,0.6251516
115989,0.91770566
79800,0.000942528
80763,0.0010248858
33930,0.9376343
20444,0.95573604
114257,0.13770285
84838,0.0014000263
34001,0.91992533
120745,0.46851283
123672,0.39869386
118061,0.48958075
104772,0.41882813
82270,0.0011895784
22098,0.8759453
44821,0.8299695
120621,0.6318825
100830,0.17310399
9540,0.22892629
80990,0.0012992084
118098,0.5667287
121796,0.5382275
48218,0.9322019
83644,0.0013302363
29559,0.19857557
70648,0.12723906
1204,0.91010284
84822,0.000915927
86292,0.001245584
67789,0.08047482
84667,0.0015390071
111473,0.29100788
50271,0.806786
13100,0.95195127
31798,0.97224253
51441,0.21038836
7052,0.8163381
98846,0.536024
19124,0.6857008
74826,0.09557574
19643,0.4855864
16025,0.24971826
113382,0.68974274
13612,0.67860323
19874,0.14153518
26149,0.518899
25125,0.9448281
108659,0.2583885
17565,0.18179652
28865,0.20258486
121806,0.148787
37335,0.94846416
86233,0.0018193793
55997,0.21908954
34190,0.93314844
104479,0.14475875
66012,0.7064842
23408,0.56869644
28021,0.73746145
88872,0.001203783
106949,0.87630516
69458,0.114406295
5,0.4830936
73184,0.39682773
94498,0.63647324
65125,0.7098894
6386,0.36045387
1763,0.41738638
62613,0.2676582
99311,0.23991695
51374,0.43934977
39542,0.9345897
37129,0.8877553
80609,0.0010935231
32158,0.9428764
63198,0.8811765
107366,0.14455028
75028,0.00024666896
105654,0.21082735
20721,0.08918752
12002,0.13545282
58690,0.85152614
63849,0.81352943
18447,0.3415359
37793,0.8913339
106222,0.28596005
81299,0.0010699639
75910,0.0001432872
54154,0.43922845
31286,0.122901246
60031,0.10358347
13064,0.7507484
23441,0.25786844
67570,0.085348845
14373,0.25092635
25563,0.32000172
46170,0.92796606
104896,0.39580315
95017,0.84424347
70702,0.12936035
87584,0.0012534813
4572,0.59223115
58395,0.7332483
98936,0.14151306
73194,0.19739716
94907,0.25516823
6366,0.26400816
2232,0.7468631
94659,0.117004804
103844,0.15020573
39568,0.90620524
55852,0.6183504
58106,0.92988026
69014,0.63918656
86883,0.0015615657
86231,0.0010866615
11987,0.15048255
47593,0.8540138
44886,0.9829828
121778,0.8358075
86193,0.0012726252
122773,0.5522352
122173,0.7908317
111727,0.31174713
83864,0.001373486
4015,0.34209582
68790,0.09571288
26510,0.76511055
108051,0.13538729
82576,0.0013676266
97006,0.31136557
37910,0.6219519
98809,0.120256275
72226,0.6728201
116856,0.15510876
46624,0.5001092
73933,0.17758292
88556,0.0010521159
49359,0.23140676
118574,0.40277037
25069,0.93397266
44363,0.97144765
42324,0.5719173
27047,0.32941985
83595,0.0010760649
89748,0.00122682
117728,0.17311376
90319,0.0012014386
115207,0.4778445
70452,0.56797475
33924,0.92055285
32256,0.60105515
104143,0.44241306
57864,0.82256585
97039,0.89634407
100300,0.54469484
85255,0.00091909117
47361,0.9440812
7134,0.24722227
101854,0.113469996
89327,0.0010521159
16867,0.37011746
104672,0.16222708
35766,0.9519034
86461,0.0011873902
117238,0.3642428
3842,0.31598854
91564,0.0024323887
71335,0.16431111
46424,0.9696205
102553,0.8118051
91731,0.011953605
14325,0.46605355
46071,0.14154613
55274,0.866841
7100,0.17066015
16168,0.12619907
97422,0.8554295
52345,0.71161205
29158,0.8803761
19063,0.10112481
93455,0.10398488
68493,0.18020096
43108,0.17688559
61883,0.34624997
73796,0.12923786
679,0.8598553
62067,0.9488809
85289,0.0022192188
38623,0.8977266
20768,0.8029677
84923,0.001221787
52978,0.70280105
58412,0.26977444
52269,0.4751612
82150,0.0016970864
2869,0.21004444
68230,0.60612565
58318,0.91097265
110820,0.02235358
34486,0.7562807
59649,0.9714245
2206,0.32460627
11551,0.13618599
64018,0.1651394
53192,0.333481
9637,0.68435
87459,0.001086365
116659,0.6917874
5978,0.1400446
123419,0.9261128
55340,0.7379292
17151,0.79546845
16632,0.41592103
64641,0.18274102
59486,0.95644563
120666,0.74396163
12435,0.29613945
12698,0.15600127
74442,0.11743924
121817,0.88531256
86036,0.0062792744
124441,0.87791973
94727,0.20232582
30654,0.97727054
2038,0.37729907
34935,0.8445644
94388,0.34728178
28294,0.33629423
72732,0.85464567
61202,0.7332483
12970,0.13575055
35160,0.3321358
97782,0.11694545
117177,0.7307401
95079,0.7826549
12042,0.84354484
3505,0.15813632
95235,0.3974408
87853,0.0019227855
76729,0.00031583864
13544,0.23968813
99985,0.22990394
121613,0.22423768
80088,0.0010621551
124361,0.7995227
64550,0.73106605
59193,0.8887545
10022,0.64102733
64027,0.8386096
89952,0.0017232151
110351,0.120240755
121041,0.1357733
512,0.29916954
117936,0.19664496
67115,0.16331701
70988,0.18407337
107194,0.9730365
117902,0.8093292
81984,0.001425932
80235,0.0011403435
6479,0.432958
92177,0.7282742
32559,0.9260543
105151,0.27073938
61827,0.71102786
104633,0.17132773
64998,0.77665275
47458,0.78903633
32667,0.31088832
96048,0.34820256
68460,0.096584044
71637,0.7022356
23069,0.64113563
86346,0.0018086513
80066,0.0014018206
95191,0.2883207
59642,0.9643431
92873,0.35750142
111932,0.5689026
121240,0.26412046
35173,0.36256015
40604,0.26548398
12001,0.3781816
88925,0.0010576299
16103,0.7455509
1081,0.21033023
105839,0.14332734
35523,0.5732325
119892,0.16009983
69593,0.300113
65973,0.7555653
66964,0.16243191
92759,0.31876472
3610,0.31700996
57091,0.4254669
120571,0.86001456
62016,0.7452365
111553,0.109072104
22846,0.73905265
21444,0.8618819
29926,0.10972748
20201,0.43340802
73839,0.26953512
70767,0.7320865
92365,0.6909391
38911,0.8064952
50414,0.15440463
29645,0.5320747
30330,0.93880266
84929,0.0011822978
46033,0.52117443
33098,0.13868487
107022,0.8896399
52183,0.38413426
110399,0.03982105
71917,0.12251275
91225,0.0014887765
53625,0.4264228
116497,0.8075604
21531,0.9282049
18270,0.9821358
50802,0.5820495
120391,0.13168257
11954,0.14348648
107057,0.7885966
99546,0.12293881
3134,0.14404877
2226,0.6473823
9098,0.11740492
91062,0.0012346238
107072,0.7820082
34985,0.94048476
49565,0.7216932
77614,0.00024123715
68222,0.6635401
69740,0.88331
5269,0.36127377
8860,0.17459999
19440,0.8505725
31486,0.9367168
50506,0.5195941
19073,0.38554543
113668,0.19531032
13779,0.52702665
15089,0.11959075
72750,0.71280766
25579,0.8269233
3330,0.17011045
100698,0.35108027
76873,0.00025085866
9150,0.12707566
105012,0.12934363
26069,0.4497918
7082,0.4695444
47508,0.92105794
17925,0.8942197
50450,0.26170856
88699,0.0009861332
91488,0.0020315293
108262,0.81569785
42806,0.7014189
112459,0.21141817
65793,0.41829178
57281,0.8397343
14131,0.4360533
106217,0.9154779
54179,0.12843513
28290,0.39662084
87978,0.0014180149
25396,0.94097143
122834,0.52223057
62892,0.2368506
14262,0.09579541
3831,0.28928825
1556,0.2325572
74768,0.1150013
103541,0.18720403
31199,0.95749575
19473,0.79819036
38668,0.9750827
70395,0.1480986
83209,0.0017146351
73052,0.92495954
63427,0.8393058
97410,0.88466495
97214,0.26247442
49473,0.7637603
62993,0.27025276
99616,0.30278572
117377,0.44857618
62054,0.9318497
19201,0.83936256
643,0.94755644
4078,0.75242275
47167,0.36138055
76775,0.00022074018
84242,0.000931663
8119,0.267478
27676,0.43518162
4536,0.89061147
88277,0.0011026112
82718,0.0013164287
48792,0.89948654
89145,0.0010067425
6086,0.6906043
75426,0.00032435823
89720,0.00097368285
88561,0.0014254432
114985,0.39287555
93602,0.6618419
31473,0.38812414
86468,0.00097610627
34675,0.9661768
10105,0.9006729
105439,0.40860885
72234,0.140298
72748,0.18543215
45054,0.8978978
8857,0.46825245
111638,0.7007945
95591,0.58877325
5060,0.9729077
49918,0.4303356
18046,0.7569331
57051,0.9628451
107290,0.67431724
49182,0.882943
48880,0.4251764
100540,0.4422909
30316,0.8708152
112699,0.33525637
90214,0.0019763892
114731,0.7668285
49979,0.19881105
47387,0.97559196
86585,0.0015357287
70977,0.1375905
108851,0.012982967
86838,0.0011144016
44583,0.9689159
44576,0.9658561
113672,0.8087223
33063,0.8817483
279,0.15378961
51640,0.820733
116044,0.86313367
61251,0.17802852
30588,0.9341645
15033,0.22856928
38201,0.10313078
84175,0.0010126652
106850,0.9528561
51859,0.9409551
114901,0.22758129
24748,0.62862307
22503,0.39592075
90600,0.0015164173
66854,0.6832385
107112,0.9696275
66179,0.7928868
12917,0.53768593
5622,0.9334821
79133,0.0011333282
52020,0.23703095
42206,0.9421486
60496,0.7699028
33758,0.13077413
75520,0.00033935066
77319,0.00021162954
83982,0.0013579348
62680,0.5507051
6089,0.12586549
94161,0.79569
78934,0.0015421617
121124,0.21275358
75112,0.00015097931
120118,0.1247312
11029,0.09393346
32039,0.93985784
52274,0.9386214
15835,0.5247095
31235,0.3630631
76705,0.00040746861
10091,0.3876359
117674,0.32586232
65940,0.11603616
76010,0.00052793964
83898,0.0011280166
53074,0.8569522
9126,0.82156515
46259,0.89059
29387,0.61632395
111453,0.14238597
8477,0.46570405
106242,0.8876061
113381,0.28106675
11270,0.6185794
84426,0.0015830195
23740,0.91956544
5733,0.09368219
24435,0.1394944
40771,0.14728194
85743,0.0012442523
10276,0.096306615
42908,0.9464838
68085,0.19607742
22937,0.95832884
116599,0.35152128
53434,0.8200677
43425,0.82429665
84388,0.0025563233
3376,0.37175
50235,0.8604899
114119,0.1512916
81813,0.0008263001
48161,0.86432344
61908,0.45672238
7059,0.6696078
100344,0.7146319
23091,0.84110105
60067,0.84391147
15559,0.9436769
103050,0.11577817
2365,0.7675281
69870,0.7470123
73690,0.76181954
64847,0.17146944
26324,0.19455324
66451,0.33559743
75231,0.00014626006
110836,0.033198435
41164,0.94154537
92975,0.805127
1375,0.50066584
93564,0.33019412
36804,0.9434595
48389,0.93664336
11948,0.12619907
29624,0.5158606
92472,0.10682778
62626,0.8183322
109994,0.052455604
25434,0.5724409
82172,0.0009814823
43365,0.9089185
109182,0.019577332
105493,0.247956
107721,0.16845426
90871,0.0014392526
79039,0.0012359298
67473,0.14917
95560,0.09363334
94540,0.22218385
79939,0.00093714
124787,0.75837994
116940,0.41338694
21118,0.51309556
53209,0.5487375
34226,0.3856654
84818,0.0009693382
42901,0.9470688
90450,0.0016642126
100025,0.120980084
79258,0.0014828136
116753,0.2520581
43835,0.39361614
2712,0.118650936
63643,0.9630631
22785,0.28998518
89131,0.0012115533
16052,0.1933176
64190,0.1569665
72341,0.16220586
58337,0.88937706
36209,0.9284424
117758,0.36774686
10345,0.62139934
71759,0.13019003
68304,0.7295461
117016,0.13193999
71821,0.68676794
88608,0.00154202
41487,0.89200217
84860,0.0023965496
98952,0.15826552
68690,0.4483498
99002,0.48125833
81050,0.0007401158
22297,0.9606092
64161,0.1748751
42330,0.15047742
118584,0.506507
27816,0.12731226
39989,0.8762533
40948,0.9727649
124715,0.20944697
24644,0.34829718
2619,0.58276725
3415,0.17124216
45437,0.8822183
52713,0.33368874
54423,0.5591549
67325,0.12094389
40088,0.9482696
55365,0.6409628
104599,0.17393424
105754,0.18092462
86757,0.001144124
49552,0.41652048
86447,0.0010532658
19454,0.8318305
47879,0.19497097
111,0.92667186
4099,0.75316954
105386,0.90531284
113487,0.46990192
101193,0.67774135
30930,0.18515822
36639,0.94887596
59334,0.18436873
1979,0.49784118
83715,0.0010851176
57582,0.86405116
71922,0.12742785
20964,0.5254779
66002,0.1687809
115355,0.39482826
31412,0.1260214
52429,0.30208394
15659,0.12568054
38435,0.87195045
52266,0.87029356
110586,0.14394596
9992,0.6886679
21286,0.12011521
67375,0.70319897
37663,0.9744218
8835,0.19674386
86556,0.003831306
75964,0.0003153046
10814,0.11600082
72660,0.31305537
99871,0.115219384
40495,0.95105094
60250,0.8218354
48624,0.863956
122818,0.8069693
115211,0.4212056
100498,0.38610163
61724,0.46255848
56455,0.90480167
87705,0.0012011073
25365,0.86604303
124378,0.39870393
84971,0.0010701607
1190,0.8604521
74217,0.16976264
36575,0.93996596
12736,0.285523
24611,0.8810226
87213,0.0017246701
80571,0.0012684109
108789,0.022585018
54432,0.37076864
121954,0.17248492
11472,0.2390466
64001,0.17554602
2342,0.12936397
95600,0.7044046
39596,0.9019142
73370,0.13206315
26146,0.6949632
32079,0.9269232
110616,0.029167995
98921,0.35407254
118203,0.18978661
70824,0.21580385
21712,0.8914758
68656,0.15604271
106045,0.4508682
29596,0.40995595
18942,0.119726755
95035,0.325908
3566,0.32979348
66344,0.2487404
50033,0.1904821
3076,0.68029267
72486,0.559307
81746,0.0015622206
67354,0.21272224
49083,0.20133364
27574,0.3131701
14258,0.42500037
97191,0.31887496
11262,0.32035795
88807,0.0018206787
103835,0.8697459
107054,0.13530965
27598,0.34293088
119626,0.7757263
67217,0.11029986
47973,0.9280475
114266,0.67359453
119065,0.18113069
40626,0.14109826
116114,0.4066393
33113,0.93888104
117655,0.68348765
25287,0.84497446
71013,0.18550713
114408,0.770251
124131,0.38291878
9273,0.09958836
76582,0.00030298092
83645,0.0013783284
98452,0.68799704
103684,0.11556831
22918,0.90465283
31312,0.17553076
63331,0.865166
119429,0.74423707
59085,0.41094586
64447,0.96450496
86349,0.0014720508
60718,0.3631669
467,0.14764902
57743,0.84031194
94184,0.88346964
7436,0.6097906
18965,0.11916875
71085,0.14887439
88265,0.0010500157
118140,0.13309895
50292,0.28853264
46549,0.8809008
105751,0.14904377
54384,0.8846417
102279,0.13029248
118390,0.5797184
96711,0.8100376
82239,0.0010273497
75206,0.00020760063
95057,0.26634666
42647,0.14288124
66657,0.1328996
100668,0.5155306
23808,0.40394992
74813,0.11100789
5521,0.16460618
95933,0.45991465
31060,0.11047137
49919,0.12990467
19464,0.8454506
16761,0.8277375
114709,0.8766866
34847,0.92260116
7113,0.16719863
104521,0.16974412
118659,0.81195015
39971,0.87024164
6504,0.07918776
50028,0.6692499
37509,0.34629342
12332,0.61517113
89362,0.0013752006
95468,0.4406118
69494,0.3413332
80901,0.0010424962
15974,0.40762374
68462,0.10966107
92171,0.70831925
110519,0.09685142
7953,0.35998762
124748,0.5658741
75766,0.0001969787
47368,0.9594785
75564,0.00023347487
94937,0.648465
106653,0.15034533
83814,0.0009934603
78069,0.00020409083
86822,0.0018255224
42678,0.9732092
66350,0.7516819
57339,0.576623
82326,0.00090469845
24843,0.83254844
42402,0.70210385
60097,0.7731044
97334,0.7924525
97579,0.373487
71407,0.23365481
125012,0.1885297
24638,0.8698139
117444,0.16993739
18514,0.15787813
3508,0.7257951
105426,0.7511152
3324,0.66475254
11391,0.3513397
107342,0.93375695
103496,0.17132773
102067,0.18490264
54747,0.28424764
21044,0.76422507
113413,0.28513923
55069,0.18930632
82525,0.0010148609
14289,0.6966684
106046,0.2684762
18884,0.3140727
7256,0.72038305
57830,0.88316905
88900,0.0020690854
114541,0.44861934
64852,0.16751716
8572,0.8171781
48608,0.97559196
94484,0.31412226
34320,0.6960618
13598,0.45851764
103481,0.31892544
149,0.962215
14159,0.9147557
66021,0.3031047
24276,0.18865727
18163,0.9661442
15039,0.22649425
109263,0.0199201
3851,0.40420943
9923,0.4890322
61185,0.24459091
16197,0.070939235
77237,0.00047859576
98746,0.09310213
98853,0.11886303
69165,0.30328405
67008,0.119331196
118064,0.9152815
28641,0.49930242
61741,0.12811115
11318,0.14725094
24431,0.114462115
52240,0.17144921
31143,0.35036254
2044,0.7115243
103062,0.3632969
56998,0.40296346
120785,0.74994373
80289,0.0007804255
92208,0.22257175
22276,0.88172007
7817,0.12914428
67442,0.37492856
63611,0.91043836
34614,0.95091724
24601,0.114462115
93079,0.9351354
51948,0.9066664
39905,0.9619718
103367,0.08779588
69146,0.17375705
115214,0.33564702
3850,0.10050013
45829,0.9310586
17255,0.2962188
17880,0.9201558
60023,0.37354463
9321,0.33750015
79903,0.00079546304
38369,0.5243605
36783,0.9461012
79024,0.0008283818
5545,0.169935
57061,0.8599914
20475,0.8431165
45151,0.2876252
85081,0.0013613267
113517,0.2775861
98589,0.8599816
58105,0.87046486
11303,0.17522858
17961,0.9662637
73816,0.757529
39822,0.5891008
40407,0.8746774
5953,0.13991417
114239,0.3315029
65415,0.21676877
80159,0.0008333832
123989,0.8531977
74829,0.1650094
123143,0.87031585
114694,0.23507036
24315,0.9022827
101736,0.76477045
71919,0.37146375
48505,0.8512377
70335,0.12634091
111265,0.3888786
17780,0.17844865
98177,0.92975205
33228,0.20610738
104917,0.09750199
8710,0.12677781
108883,0.07684397
96451,0.13622531
51590,0.36144146
41977,0.9673821
56400,0.90043014
84589,0.00220804
29853,0.4908708
3013,0.73363036
105600,0.14730965
15755,0.12660526
49737,0.1764865
99390,0.13373008
49324,0.85701203
83487,0.00097453676
93194,0.17629017
61295,0.95205563
65739,0.86183846
56168,0.8843075
72251,0.80279934
27445,0.3302095
21283,0.12011521
26854,0.9053405
119272,0.18389694
74496,0.07562777
23087,0.73955566
28689,0.85674185
103287,0.38315526
83258,0.0015151954
47373,0.9533679
103862,0.14151658
96442,0.23930901
73706,0.16170752
23129,0.26733938
60829,0.8213443
98572,0.09129342
39861,0.5293866
52138,0.5990133
122991,0.21631645
103730,0.6271204
118775,0.5338183
105752,0.5012236
49391,0.7864506
22184,0.41058105
67189,0.12324902
76673,0.00025545247
12795,0.3279964
12854,0.35220975
78555,0.00094896794
12124,0.06867553
25947,0.12222805
91840,0.13055007
3957,0.2749931
119654,0.43922514
98499,0.17251939
106782,0.9158914
32429,0.9785271
68097,0.73279387
94933,0.80021966
109533,0.08688875
102773,0.29080442
122192,0.86467785
46768,0.29095206
53396,0.903549
112593,0.15082279
100194,0.8593998
77523,0.00023692445
93017,0.8341757
89413,0.001393207
123742,0.6523649
80478,0.0014361119
43405,0.7122973
13679,0.49068797
77295,0.00024661064
78279,0.0011867752
9012,0.19086544
90003,0.0021066102
77351,0.0004846127
32302,0.6269283
117385,0.26699725
30355,0.974739
24158,0.8823235
62736,0.8330319
117585,0.39218485
10483,0.9029356
76422,0.00019880972
47683,0.88951784
84120,0.00149489
26850,0.88902146
22973,0.11722102
75188,0.00036540307
13552,0.11056861
108253,0.41279498
92816,0.4701908
92256,0.6886468
106482,0.16032162
39491,0.7663099
78223,0.00035929296
65608,0.38125575
104621,0.7927153
44830,0.29973927
56261,0.46293494
52682,0.4600489
6914,0.11986961
50568,0.31002948
29398,0.10991774
38272,0.84605104
19395,0.62508315
110515,0.030892283
90103,0.0010609122
62121,0.92483073
74186,0.6580938
46224,0.9761236
83882,0.0011870136
527,0.1637467
22805,0.39494458
38226,0.224549
26898,0.40399155
68088,0.13049723
57182,0.3510453
94219,0.9359975
50301,0.15860768
53172,0.847579
21362,0.86074454
86583,0.0011159228
75382,0.00013859384
63995,0.5987573
83260,0.0013463444
40280,0.8803088
113235,0.7494649
72620,0.14662406
83327,0.0020594923
25716,0.79671496
39187,0.98066336
25085,0.8323813
96854,0.19496271
27029,0.3128306
11186,0.07729344
44005,0.34991777
51495,0.7139791
5831,0.0980326
109748,0.018433383
12659,0.26059276
51067,0.45694435
38111,0.16344376
45475,0.36405152
41513,0.9630641
123513,0.7071956
109347,0.043774366
39472,0.51355463
36557,0.90959954
74719,0.36524722
22968,0.6579321
62571,0.14041491
8535,0.7384494
99223,0.14881808
4120,0.75768363
102113,0.72609437
25035,0.84281224
69923,0.72340333
18786,0.17489077
88883,0.0013441074
55786,0.8896806
122064,0.6297803
124721,0.22648707
23013,0.9070035
79067,0.0008261222
62761,0.6153419
48964,0.8910835
121670,0.8761772
67085,0.32675937
109047,0.016345685
58866,0.61055577
122065,0.6399449
85748,0.0014281166
11513,0.0959888
55494,0.9321437
67564,0.16290894
48926,0.92939216
60071,0.70856947
35607,0.9680651
86760,0.0010295091
30144,0.13866453
61673,0.13888445
21567,0.9437008
63613,0.91911006
83355,0.0011604639
28480,0.21833634
3223,0.5292205
3268,0.3532456
23239,0.8270241
119541,0.75835276
124340,0.2202909
84655,0.0014998113
80082,0.0012958519
90598,0.0013093837
52401,0.19396693
88790,0.0024299752
78841,0.0018691034
23071,0.7569354
73107,0.2639173
107462,0.16390306
92529,0.3464159
44193,0.60480976
111404,0.11823207
29374,0.79602736
73168,0.40772867
54786,0.37638018
42089,0.26630732
51778,0.782183
93797,0.5408801
115640,0.77336484
60536,0.86618686
54402,0.86253303
19478,0.80375177
95961,0.1973451
5372,0.76615864
52507,0.62537426
39952,0.3161671
26402,0.3368762
38625,0.5979425
59562,0.9724087
84359,0.0014865579
92945,0.47166482
63108,0.5951254
53125,0.83125967
15637,0.92553747
626,0.8836478
107550,0.7043161
79664,0.0018368792
20656,0.942264
27084,0.31180507
75770,0.00015054258
75273,0.00017175486
74232,0.7477693
114822,0.784263
10661,0.2623849
27776,0.36660543
101966,0.708691
45325,0.20335862
70367,0.62197196
42304,0.18824278
98096,0.08228613
61575,0.82602733
80971,0.00090105005
91768,0.10441453
48773,0.8806783
7412,0.7346038
11713,0.106970794
105891,0.8414235
22178,0.966368
114640,0.4125197
103365,0.13074732
114332,0.14502005
65000,0.8752784
36652,0.96376705
106739,0.3210108
12151,0.32179865
5359,0.7853257
20696,0.90868604
17698,0.6601968
39583,0.53463143
49710,0.2202909
124429,0.7815741
21530,0.9521326
43393,0.80453366
84472,0.0020781315
7971,0.1483953
2550,0.76900136
35513,0.65457964
19710,0.25417536
82274,0.0015173771
52341,0.43293127
64025,0.2126207
1733,0.14377424
30346,0.95187396
88604,0.0015494765
30959,0.9290311
93125,0.80908555
91546,0.0030145324
60291,0.8870933
86853,0.002055207
37512,0.88090146
39874,0.9249637
46799,0.637545
65269,0.15431578
64686,0.7373033
81707,0.0013713529
32028,0.88309073
124157,0.8147134
372,0.13753384
51366,0.1923898
15164,0.10325527
53394,0.9475212
91795,0.15308692
16784,0.78692466
17050,0.761718
74312,0.3305037
47052,0.29347625
94858,0.2609784
100788,0.15739475
94595,0.77658015
93978,0.4335636
39271,0.9700318
40581,0.8984841
5517,0.3707809
906,0.9714252
87755,0.0021207873
113888,0.12881911
24190,0.92927384
91686,0.0027048062
11233,0.8077197
113761,0.8485689
54700,0.6625454
48557,0.9619369
42423,0.91944087
17618,0.8721594
2131,0.6818903
116242,0.19582887
56872,0.31917402
41975,0.95416
120862,0.77019733
78125,0.00023354321
9026,0.09089313
43586,0.44685802
88946,0.0018070645
95953,0.24031661
46456,0.37057164
94139,0.8343499
87078,0.0022494197
116386,0.20081173
96763,0.36344036
107853,0.2307524
94390,0.6371803
36509,0.88640463
8016,0.49378115
9634,0.7482755
84556,0.0022502376
55124,0.71651787
87416,0.0011263464
46031,0.7107533
33467,0.1811405
47783,0.9090768
44023,0.95270103
43883,0.9177278
2812,0.20679119
125172,0.8436823
400,0.51265216
48528,0.9521943
59342,0.5307001
51610,0.40711337
43376,0.91611886
101071,0.24371973
26415,0.14379898
21188,0.11500093
57645,0.64782816
105075,0.16681424
85332,0.0013837755
114376,0.1567631
122416,0.640236
15275,0.57091886
122640,0.20363325
18964,0.14181016
59900,0.5822292
86368,0.0020199479
61136,0.95146
96769,0.17749713
58852,0.74965006
93117,0.7639137
59071,0.9835112
107278,0.42657077
119846,0.34658623
3155,0.118728645
48187,0.94584113
389,0.31772396
97662,0.13437128
90067,0.0024211153
113539,0.20486082
51078,0.30903822
118830,0.38449693
9400,0.3660385
121956,0.2838728
52879,0.47765926
81437,0.0016653523
27230,0.7125901
15162,0.1328736
45,0.7772816
57272,0.8397343
98460,0.67583495
68092,0.27019557
74094,0.14901276
73767,0.344206
35011,0.9300079
113847,0.7278141
34194,0.9409894
30510,0.9681112
113289,0.59866905
97202,0.3321632
11709,0.30379722
76968,0.00033089798
47528,0.90048593
8774,0.76176906
118727,0.20127457
50322,0.22318622
70506,0.23537731
49047,0.9679321
32215,0.19604993
98600,0.16472611
22771,0.7986081
1684,0.8111283
10893,0.153235
9609,0.6144979
110698,0.029309232
31063,0.2812623
71061,0.42843762
69247,0.57061666
86878,0.0016571119
24015,0.49583185
107866,0.58844537
48897,0.5735535
42959,0.970502
103989,0.16588351
18245,0.98173815
121561,0.900683
76833,0.00018616806
17989,0.5772022
119801,0.6141875
8900,0.68460137
114927,0.7578267
121755,0.32842317
107705,0.3407091
116461,0.24400648
33460,0.19929764
34467,0.9587867
9403,0.14882478
50660,0.3290343
112634,0.2912274
61315,0.17607658
4362,0.39983958
6041,0.45021358
123253,0.8609596
102956,0.30218405
103574,0.2240261
103004,0.3899941
57575,0.8863693
73858,0.5619782
44086,0.94786716
121378,0.35785288
45162,0.12274945
35174,0.399577
14794,0.9763239
75443,0.00015204812
9947,0.119597286
1470,0.19379437
395,0.8381144
83650,0.0014729607
17444,0.87669146
9822,0.1370771
4853,0.32965034
68403,0.4403551
86917,0.00092536333
32822,0.7649038
44545,0.9583995
8097,0.14003137
47042,0.21385135
119228,0.34520623
122540,0.1977724
68739,0.09459672
86194,0.0010656858
34187,0.91419023
109374,0.04956888
76380,0.0002086693
98478,0.31596568
110742,0.019958964
75711,0.00015618165
17806,0.599688
98561,0.13363312
50411,0.11284841
80166,0.0010231858
94980,0.6757441
76703,0.00031299875
15392,0.15118611
123122,0.7624879
53587,0.33358443
121511,0.29492742
50083,0.37096238
29425,0.15953737
98109,0.15082227
38677,0.8829425
1552,0.07099449
88364,0.0015266511
44994,0.9466741
119047,0.36467338
91123,0.0017557791
73220,0.687573
35660,0.97952384
99677,0.6852564
41542,0.5713897
123924,0.92142105
26560,0.34505776
48450,0.96575946
110848,0.019245178
87926,0.0018058892
114795,0.56128526
8541,0.8323499
58925,0.85119426
40900,0.95787036
73711,0.7312278
27807,0.56516504
2350,0.39243245
3101,0.55255264
35983,0.96321094
106208,0.9028704
101438,0.7415828
48517,0.9106858
34860,0.9443941
64888,0.31834394
51188,0.67419225
4446,0.6281906
40652,0.8807275
110797,0.021269795
40156,0.903778
124415,0.5210084
112400,0.3722635
65684,0.9048072
81730,0.0013780404
106394,0.2694893
34780,0.43279696
116615,0.33239135
97872,0.1497981
85672,0.00306388
77971,0.0001907477
57984,0.8899833
8361,0.118955575
49046,0.97493625
8318,0.14879377
46678,0.96472734
96399,0.3963819
107398,0.16605236
20315,0.8609541
64919,0.85173124
70674,0.6679109
60077,0.8328736
40271,0.21416049
69804,0.114711806
121936,0.7953836
120000,0.121216744
86674,0.002820933
4974,0.9545984
93409,0.08959184
35481,0.9225205
20199,0.31543502
78880,0.0017196848
77080,0.00021554704
49721,0.19001083
72726,0.68656325
19333,0.5091163
99791,0.37144503
57792,0.514181
98368,0.3042347
29945,0.1092103
62449,0.9198922
30307,0.55415
108783,0.013481453
52006,0.27824855
73673,0.35373452
65393,0.31101
112616,0.25270072
35008,0.9005979
5284,0.8692815
119927,0.31893086
1889,0.94206846
125006,0.21835816
48715,0.9398179
110166,0.032848082
97318,0.84159917
29009,0.19236356
73635,0.17064264
111784,0.3986417
61107,0.9726857
50141,0.28713217
5274,0.6963626
49675,0.31939167
42000,0.59435487
4658,0.6668273
41335,0.9003995
36905,0.1927562
20446,0.9629215
27459,0.7368342
114269,0.1818627
13882,0.4381295
82973,0.0010665745
33998,0.86333513
96558,0.12325087
77801,0.00021445278
111192,0.24882218
86456,0.00095610676
51936,0.85786515
9525,0.25528476
3126,0.12846221
122964,0.3494303
85901,0.0011249047
53032,0.89089984
43077,0.15469214
89703,0.0014062853
33204,0.09513627
91771,0.13704519
32732,0.603036
82946,0.0014008838
73977,0.0681128
50757,0.4358992
22314,0.9320278
2494,0.5423329
16943,0.7823565
11084,0.12663764
121467,0.73454607
56087,0.9381558
26209,0.40111
123127,0.8190474
22292,0.95458233
7145,0.41599882
18286,0.9820619
97754,0.76528895
41518,0.59246856
109112,0.060088105
71379,0.37355176
16471,0.22663799
52218,0.36047772
91052,0.0011883819
61977,0.94030166
49789,0.23111866
68423,0.67589355
106979,0.16290754
16042,0.13459769
113291,0.22659558
83870,0.0018831446
55796,0.8426953
22636,0.5978744
96170,0.3026884
19221,0.5402108
9361,0.3455493
118293,0.22026159
3205,0.33136573
92693,0.39766833
118241,0.21188097
102937,0.32731313
124228,0.89747316
123200,0.9288087
49752,0.42992178
85349,0.0012776344
10577,0.11768456
62403,0.7883308
6382,0.3519989
29919,0.10972748
102183,0.87376255
22257,0.7492492
102563,0.29912356
25456,0.91639936
93074,0.94411427
44657,0.5591494
96578,0.45798224
18332,0.11501021
66064,0.311074
2624,0.2884035
89364,0.00128743
63327,0.7987765
85094,0.0010135773
87337,0.0010445844
49038,0.9752161
25264,0.22472017
65636,0.73200506
66844,0.12324902
19218,0.8940994
55998,0.74204737
67009,0.1160726
75854,0.0002582178
19394,0.6019863
57832,0.8641212
36116,0.5786566
33180,0.46806726
81459,0.0016718538
92428,0.47274557
120143,0.42283994
43406,0.43446627
11530,0.0929716
99352,0.5071323
72040,0.25472647
116346,0.24436879
77687,0.0003084454
52628,0.37948203
68948,0.08711776
35573,0.9106832
18299,0.98215747
20185,0.21363014
71555,0.3666512
37289,0.989592
118382,0.43346575
123070,0.86330366
74204,0.39067844
21813,0.38230848
105744,0.15390384
106640,0.73701453
34563,0.96642494
42549,0.45587128
65235,0.1762938
52508,0.40866327
67860,0.14838968
50531,0.8746332
32332,0.706672
12323,0.27082002
112309,0.17008147
16747,0.3932724
57945,0.32984817
74899,0.7494418
5876,0.43039927
16680,0.21479075
48597,0.94462985
9722,0.10921878
94081,0.8717759
19650,0.8757107
82801,0.0009210062
14361,0.12672462
81135,0.00080129254
39298,0.98733145
116547,0.7314902
13173,0.27542558
58777,0.84002
96029,0.52155936
44336,0.94166577
121551,0.8737782
113215,0.24838196
38481,0.37826043
85276,0.0012639837
38532,0.6266414
98237,0.1045088
34186,0.88554513
41707,0.5452855
39825,0.18168218
64219,0.33774075
109624,0.049374834
78298,0.0011275064
124053,0.7896634
60688,0.85808086
75470,0.0002072403
16232,0.8464217
100342,0.788049
2379,0.29562742
31668,0.13550605
116244,0.8124903
97519,0.9096508
94529,0.53486836
60972,0.5682464
45147,0.19522993
117223,0.4485641
88843,0.0009762462
20116,0.11500093
32658,0.98012596
68348,0.36715102
91849,0.06640266
107546,0.8557469
30567,0.89187783
124996,0.14040634
8520,0.089517936
35539,0.937731
92238,0.65360284
93698,0.34571356
10344,0.3027494
97732,0.6151151
23997,0.32812843
55303,0.94248354
122400,0.22714497
84747,0.0011075321
120261,0.36017537
56912,0.9676232
10744,0.16679178
7561,0.17097968
86579,0.0013163546
106844,0.93635774
90563,0.0011264114
84797,0.0015708946
117479,0.75765884
43013,0.88267714
26830,0.8932906
103216,0.18433903
84976,0.0011649223
1543,0.49624062
107607,0.13493903
97910,0.12812184
65558,0.5600522
89446,0.002158692
9241,0.25448748
99327,0.13842312
60324,0.55443436
89789,0.0012101308
10633,0.6897399
69206,0.13041821
81943,0.0014527176
19536,0.8598396
10791,0.6736319
10622,0.24507846
14400,0.9268887
1454,0.15881816
86095,0.0019201711
121289,0.34619603
13347,0.14328103
27769,0.38312376
2231,0.7347404
35973,0.94945407
100255,0.14769042
61469,0.9069582
120115,0.28013548
103634,0.2252222
102482,0.1347131
64795,0.16918315
4682,0.83133656
120555,0.33263743
3385,0.14051723
104809,0.14558628
53136,0.864245
106560,0.16165875
116922,0.37565914
12395,0.18837798
94312,0.3318467
6805,0.8756734
76964,0.0002505441
9208,0.8100038
9163,0.8077197
115981,0.8595769
86500,0.0013091012
58259,0.9819686
118536,0.5771106
111120,0.16537069
87715,0.0015451242
73948,0.29822254
53818,0.27369082
71420,0.12210794
51070,0.4375172
58021,0.9480069
37946,0.8972403
23898,0.42610958
107190,0.9800362
47573,0.840258
69802,0.1319266
65752,0.27849105
27815,0.57859325
55073,0.5523797
121098,0.67210484
71915,0.2413424
66037,0.3811115
121582,0.93852293
96043,0.6421573
96842,0.63560027
8298,0.09958836
15847,0.119972356
101932,0.3391398
94668,0.31681094
61352,0.83350974
70677,0.25001723
76227,0.00017283158
50190,0.21539474
79166,0.0018466075
77115,0.00020409083
85199,0.0009207065
63532,0.57264584
112756,0.47956234
98231,0.0876625
1819,0.50332284
76019,0.0004342371
106866,0.962092
77737,0.0003289011
75109,0.00015043294
44648,0.51733637
25940,0.110275604
42449,0.95994633
24342,0.19019847
57719,0.8531575
118948,0.8187576
56267,0.83305657
45820,0.93367183
14256,0.10513636
46480,0.86146873
41772,0.5774747
63647,0.96368796
67885,0.12504818
6957,0.39018685
109864,0.05140214
103402,0.1191685
25704,0.4932393
123599,0.3917889
63435,0.19639885
87749,0.0019143962
59421,0.8260936
16225,0.8437839
18088,0.9347048
2139,0.6649337
75451,0.00022302369
10426,0.11002062
105501,0.19533409
70088,0.6661743
37236,0.9842295
21129,0.6486068
97935,0.68019205
92322,0.11760737
45622,0.9055168
97779,0.33256748
50556,0.24498352
27376,0.1502069
48809,0.8800566
47919,0.14258716
116914,0.10518179
101529,0.14861827
124764,0.3355675
98632,0.31965256
1968,0.19080488
49206,0.15900843
122308,0.7228617
41930,0.94134396
97281,0.13316754
97758,0.14023556
34714,0.9847013
60513,0.55824184
88976,0.0030500237
73702,0.3213709
56933,0.97868973
20196,0.22530222
85123,0.0010371859
94808,0.20929308
73778,0.14158963
19800,0.15486898
91436,0.0011700791
62787,0.43945822
10026,0.16508822
41638,0.16444567
91383,0.0011775997
104532,0.31215695
108477,0.33117798
5864,0.29009643
94706,0.18780309
66312,0.29459703
10317,0.20253344
115801,0.5276009
98001,0.8357728
11128,0.12797676
22130,0.95435894
45568,0.79341996
102791,0.3292719
85397,0.0014447868
22444,0.96274436
40762,0.90075654
98901,0.05400543
58527,0.8680433
39779,0.9508583
71642,0.2643486
85481,0.0012525617
1924,0.95772773
111297,0.10653665
111977,0.22025649
120769,0.1332509
123642,0.7798718
68592,0.37196553
92805,0.2936537
61178,0.9689014
34807,0.32213098
111605,0.27545705
91222,0.0014665254
80314,0.000912922
65197,0.46004158
7581,0.35556307
117852,0.78965074
85684,0.0010450035
55471,0.9461984
107463,0.14662625
97801,0.0706136
31733,0.9695016
29142,0.5350075
40306,0.90553427
22209,0.84764785
14924,0.4259108
92574,0.09579541
112098,0.16007966
71002,0.79244745
95361,0.12426861
8480,0.15706003
51073,0.22295436
22,0.4042694
31517,0.88845724
61938,0.86904097
112635,0.14263396
97617,0.1631805
112138,0.33937603
28811,0.8966414
89560,0.0012355385
37361,0.9012785
25163,0.9788271
103621,0.15412286
4414,0.849378
100208,0.85684663
61122,0.9764615
41917,0.8608304
35046,0.9092517
103764,0.14019422
70435,0.19857693
55026,0.4266546
21449,0.8671979
17447,0.8364566
10536,0.13868175
64590,0.33892834
70646,0.1589649
25184,0.98079187
77175,0.0003330012
45623,0.6053815
36625,0.6140552
57948,0.8215298
5446,0.238918
46257,0.9476884
86232,0.0016682221
28957,0.46188003
64943,0.1725091
8714,0.22330731
93691,0.7182594
124049,0.27247396
28234,0.16280931
21018,0.59733427
108156,0.8814413
83229,0.0010428608
73375,0.19242373
38881,0.96806484
80489,0.0014376335
9299,0.19232729
119095,0.33296522
15331,0.33111373
105794,0.14970465
4455,0.17657477
67437,0.41051027
100107,0.7473169
73348,0.2583855
84736,0.0016195193
23762,0.4034574
60430,0.73589927
30813,0.9720044
58776,0.4639283
91245,0.0012559072
47480,0.50757915
80147,0.0008141576
30240,0.9581499
34437,0.9190337
111906,0.32099423
95828,0.11513861
59276,0.8407686
2462,0.22973299
98089,0.0821512
68333,0.7086359
42805,0.34687123
98565,0.63941675
115494,0.19904666
86169,0.0009971258
113224,0.387615
67524,0.66042185
15058,0.42311308
13819,0.57810885
63184,0.44215724
1637,0.20346329
67868,0.6494753
16521,0.22119243
36688,0.9168216
98129,0.32212675
90445,0.0021328968
62687,0.17863022
97719,0.12030401
14585,0.61171615
119673,0.47485268
34803,0.49933082
21994,0.72985464
37492,0.73608905
82564,0.0014733879
119909,0.40399212
37052,0.96852165
111247,0.1588042
55953,0.9077578
39448,0.8688099
124128,0.61358595
74542,0.9124084
8799,0.10507845
47778,0.7446327
91487,0.00223434
106469,0.37922812
110618,0.020953674
65906,0.37233943
23002,0.56639904
64062,0.8558041
103536,0.22310592
118315,0.41892183
112838,0.7805486
73461,0.20177138
67319,0.124470346
74888,0.28486383
80699,0.0012828887
78611,0.0012351573
87453,0.0017294851
122204,0.81362385
94422,0.2692753
47296,0.20678204
121627,0.243113
72854,0.1631973
63234,0.7061408
104338,0.40442222
65823,0.22648844
97137,0.15860154
120197,0.78739494
71755,0.12114815
12261,0.17042959
104284,0.6650896
34659,0.9845925
10146,0.15364102
52264,0.5464706
111380,0.15493926
81995,0.0010274359
48404,0.9151661
18784,0.958965
2777,0.15113309
111140,0.7000791
79080,0.0009517596
114327,0.8446209
15195,0.11983323
81913,0.0019241285
51150,0.16812532
19075,0.8282933
46980,0.77323294
56118,0.9605862
326,0.165925
33014,0.14534755
67857,0.15366675
62481,0.76192963
68035,0.30924812
27772,0.37561712
55564,0.7043522
53923,0.68079567
2769,0.24427685
95217,0.14074203
124521,0.8406728
57442,0.7293207
45252,0.34214115
6512,0.089276545
84493,0.0018263089
118146,0.18657835
45576,0.14950892
111043,0.15507805
8776,0.38475102
30666,0.9758253
110943,0.28847337
77270,0.00043673886
22541,0.14233018
21938,0.114462115
93306,0.6315837
73454,0.78538924
39212,0.73304266
115968,0.34078974
68607,0.24155761
6789,0.5456821
75364,0.00024516112
116271,0.114025116
81309,0.0019682073
96281,0.30650866
103832,0.83914065
89480,0.0013163546
114839,0.32349488
58188,0.94425964
59265,0.24579437
70965,0.12544015
66747,0.41843528
97822,0.25144887
33030,0.11819698
22058,0.6212533
18460,0.4111305
117267,0.35843047
124405,0.29967755
28372,0.84319466
70262,0.12075754
39693,0.94684947
94088,0.81979036
66815,0.49229625
117641,0.5305244
119305,0.8361685
43521,0.9433987
48213,0.9038437
91429,0.0012413161
54712,0.7282911
43219,0.9068769
60630,0.48290753
76719,0.0005013981
60659,0.19571108
30103,0.10972748
113034,0.113260925
36787,0.960442
120632,0.75211275
115119,0.6784435
7633,0.14427483
63879,0.41522303
40866,0.90320104
43227,0.79589957
70333,0.3259336
2786,0.23581873
50906,0.19331248
65981,0.6326112
49337,0.4205567
79007,0.00070871337
57578,0.72100353
26471,0.11861282
103617,0.15719378
61079,0.8734556
65998,0.38565353
66853,0.28996295
120100,0.508242
43081,0.44731876
48842,0.8944507
60273,0.8420199
73453,0.49929273
97475,0.8984055
8017,0.36308202
35970,0.9221405
52465,0.24531588
43634,0.9457335
29727,0.8769375
57879,0.8911706
122529,0.799108
79242,0.0014242912
17626,0.25860554
42179,0.8786175
95691,0.078858055
76112,0.00014526227
116495,0.32503396
23909,0.38661742
34069,0.11207633
32960,0.117645174
88903,0.0022184153
50990,0.5519434
10850,0.13134173
59462,0.8950113
59158,0.50599426
80420,0.001247735
73031,0.9081562
98852,0.1347965
32353,0.93652993
22366,0.96988344
118645,0.70476407
6931,0.19097653
89346,0.0014332394
37773,0.56972504
68098,0.66136974
120400,0.5836747
92544,0.22408444
119885,0.14825235
96764,0.3621976
59532,0.92364717
4736,0.8468871
5870,0.11699415
70811,0.21715777
111509,0.29508284
59740,0.35969913
22254,0.76458097
115600,0.31250265
92658,0.649666
67679,0.1329497
83769,0.0013595626
118238,0.31578133
43640,0.93638545
50182,0.16557024
103676,0.6876013
33816,0.87817734
115178,0.75563234
28534,0.10955954
73907,0.122777104
35145,0.98545295
2736,0.08208527
39330,0.1989237
80321,0.0009994641
12329,0.24536829
88032,0.0019263971
32721,0.5763146
65564,0.7342757
103263,0.18690637
21257,0.143132
73695,0.16755776
101511,0.29255912
116457,0.47524056
50514,0.8641688
7057,0.5482637
106114,0.8132841
4116,0.77335745
31577,0.872244
52651,0.8958669
38296,0.90248734
117938,0.21426827
112424,0.85012597
30471,0.96466553
36700,0.56314176
84150,0.0015930162
19386,0.43791232
108431,0.1544794
97117,0.2688414
123210,0.93738544
25642,0.11530806
50860,0.74882
43012,0.90060645
123450,0.46109888
121277,0.21358714
87884,0.0022079265
56285,0.8858642
115483,0.20797177
17030,0.47578612
90792,0.0015898009
3305,0.2805919
90053,0.0015848624
86278,0.0011971559
82985,0.0012038879
693,0.8217885
57592,0.91870487
42357,0.10890566
76659,0.0003202064
22277,0.88588613
96631,0.35731816
89788,0.0017700401
40042,0.34645024
98916,0.12864254
46206,0.944573
35519,0.6433192
33114,0.7854561
67397,0.12299126
13456,0.12957576
72548,0.83054835
99028,0.3347856
91609,0.0012413161
101520,0.1359246
20560,0.87746745
67786,0.09982761
27321,0.86746037
9705,0.11273174
22913,0.6668391
50226,0.5783088
50309,0.11113217
11770,0.18225282
99490,0.12290681
74470,0.57699376
23812,0.23253116
41946,0.8912049
32963,0.13969532
34330,0.13609627
88704,0.0014644697
44466,0.9886213
22126,0.94188166
89034,0.0011257741
75152,0.00016477295
104056,0.39351383
15743,0.10682778
271,0.14106412
9836,0.079738
100884,0.80582935
93549,0.16051845
77773,0.00037937445
18948,0.11916875
31038,0.8663946
11056,0.13069132
117134,0.72975004
87621,0.0013498642
26431,0.78635854
32671,0.26563296
118194,0.28351498
62891,0.22223654
77804,0.00023937238
118517,0.18629274
30964,0.9589855
72547,0.49219412
28176,0.11830535
122458,0.47761944
32672,0.41169927
40144,0.15215075
108494,0.16228239
71421,0.12210794
5702,0.14373495
96046,0.27622727
70009,0.7709983
50638,0.86963296
67975,0.12966378
1992,0.52200645
51856,0.87798697
118166,0.16699
111160,0.20225744
60098,0.43082502
49463,0.42139375
8269,0.40091527
92559,0.3252711
62340,0.95109993
102943,0.27743915
72103,0.2612259
81340,0.00084140233
200,0.9264244
43978,0.5939294
80171,0.000840026
45123,0.97964543
82294,0.0031943335
6740,0.22747262
12651,0.47170505
40803,0.91128874
56816,0.30936944
22621,0.43966788
53935,0.2490988
55501,0.9719553
19118,0.40896252
80,0.6302423
62422,0.88817465
96255,0.1549911
101384,0.41471526
45052,0.8780731
8186,0.36232
47346,0.8822324
76578,0.0003109539
15879,0.90966284
114543,0.8097088
43778,0.12335967
25941,0.110275604
61329,0.2807458
57507,0.8231332
95327,0.18630764
74690,0.17614281
13632,0.6853293
69152,0.7988082
107071,0.9028407
90429,0.0018202367
88930,0.0014612087
49273,0.8581367
86752,0.0015134837
109784,0.032362357
109351,0.13360286
26622,0.5744761
111413,0.11823207
62083,0.9640782
55948,0.8809741
111345,0.1525709
1812,0.21421438
20887,0.8099277
105094,0.17513365
91921,0.14683013
7853,0.650772
64332,0.8364477
112662,0.17867395
45194,0.111651
122351,0.31254876
100906,0.89512676
14388,0.8481019
46838,0.13116747
56433,0.88404775
36630,0.8757765
117640,0.67193115
7675,0.71469283
74924,0.9436716
8209,0.71789175
9775,0.8182404
61599,0.65145916
73664,0.15760562
81147,0.0031894785
19291,0.88200206
120847,0.80086535
8940,0.22431386
12044,0.78563905
68447,0.27371618
47063,0.21200222
69271,0.14377877
80198,0.00088598934
82924,0.0012178713
106493,0.12919596
33887,0.16175118
6430,0.0900858
2910,0.40786386
113791,0.79796183
3105,0.3503692
39412,0.93653977
33858,0.1324139
22423,0.9453233
100702,0.12906879
86225,0.00092457846
18000,0.7899247
78035,0.00034089896
47729,0.18161273
41243,0.86688805
70082,0.11492821
75511,0.00027576325
28157,0.92553556
31456,0.3907448
11425,0.419256
30751,0.93018526
45559,0.1898425
26777,0.8447273
9996,0.27358812
102831,0.11322585
117273,0.39985806
90648,0.0012785791
72604,0.812266
120947,0.41754484
118681,0.75578487
66370,0.26474288
82981,0.0017630483
13101,0.9583555
20174,0.17805289
118756,0.60272324
7930,0.122834384
78188,0.00041666365
13249,0.4079332
96594,0.33297664
105044,0.1425153
70240,0.4209138
52674,0.30537486
44751,0.48589438
1097,0.80037683
53900,0.30818483
38678,0.5735857
70961,0.9487446
5347,0.37148967
19155,0.8989696
73596,0.46060073
49951,0.17716758
8496,0.20956138
37638,0.9535778
63916,0.8546315
121088,0.4127307
79353,0.0010006008
62982,0.45035598
111152,0.1827654
123499,0.45690572
26776,0.8663675
36248,0.5162842
51910,0.76059717
57673,0.9100277
36927,0.8409048
93484,0.14505
32849,0.87037176
473,0.1490233
56853,0.13089006
118411,0.2947759
99220,0.14357921
83384,0.0011449918
59625,0.960338
67543,0.70154256
22926,0.8876
97050,0.8721074
58159,0.40404615
1436,0.21784891
113862,0.55755323
5399,0.3640775
34342,0.15159675
26288,0.7863698
124486,0.5204277
25418,0.9065789
63053,0.8622433
38763,0.7922641
48097,0.17732657
91974,0.021795955
89973,0.0023554594
86196,0.001263575
68718,0.3197449
118476,0.20820959
22618,0.5339389
20497,0.34239575
68407,0.54774946
13966,0.10513636
74720,0.07181916
106889,0.9753641
23939,0.792359
48099,0.12158872
94556,0.43430483
123102,0.7720798
114431,0.8104146
34041,0.10392488
28920,0.8975066
60320,0.56982017
97670,0.28559515
62578,0.43573254
43396,0.88434654
50798,0.7376019
81462,0.004020584
31240,0.63527715
63988,0.18694553
95470,0.6109649
73101,0.0895096
42899,0.9384558
109882,0.07179117
98023,0.9499208
103399,0.11050009
43289,0.7855984
5278,0.74911326
11129,0.43811193
64059,0.5463929
37030,0.94726807
75748,0.00027400837
124733,0.3465416
113156,0.75783944
32708,0.8803647
86375,0.0016191971
43129,0.74701726
44062,0.35727078
23782,0.49691552
31601,0.94262207
19258,0.76304483
108555,0.4531324
72154,0.1877754
23485,0.33209956
44828,0.8613656
78333,0.0015925992
62046,0.93403465
11777,0.16800836
53922,0.5830259
12315,0.11540555
1424,0.21222197
90458,0.0015536265
36366,0.96361655
112603,0.5001683
97988,0.07610771
76410,0.00018930777
115503,0.18851262
20607,0.47207668
86699,0.0016408156
114430,0.7980852
77686,0.00042209786
59667,0.8493311
55484,0.93312955
72160,0.19785064
12542,0.51524
97279,0.1533651
78207,0.00033166606
73871,0.11901019
33978,0.96377367
61918,0.8288627
90113,0.0010104409
14966,0.07768625
63175,0.91813624
88910,0.0017078015
57340,0.35800767
96020,0.3225178
116046,0.89294684
71648,0.40697438
20347,0.9212296
15599,0.2727926
6274,0.19158827
91069,0.001270392
66044,0.74754506
53918,0.63326544
109086,0.12607096
108962,0.02794362
45939,0.9677539
17927,0.87714255
85907,0.0011189593
14334,0.80862164
90027,0.0020338083
103515,0.669665
31409,0.53807706
6398,0.63308334
77290,0.0004898629
24464,0.114462115
29639,0.46724045
1452,0.55109924
3484,0.31020138
28412,0.37591717
82213,0.0009451228
68692,0.626481
580,0.2130799
81130,0.00085755374
14124,0.8741069
101317,0.10823344
14140,0.7730025
10778,0.13204743
105590,0.13047032
107156,0.9681737
67160,0.40640387
51004,0.27041242
45059,0.8651691
34474,0.7910705
22371,0.39017242
42459,0.9492281
124977,0.791869
109862,0.021765906
109178,0.021183917
7016,0.22774075
6344,0.145974
25089,0.95257837
62875,0.23165455
100336,0.36623365
72790,0.39637232
67023,0.16409421
100448,0.16106121
51041,0.31920406
31686,0.4528756
118872,0.51185536
14727,0.9364767
102305,0.09683216
92192,0.29391015
18926,0.14043757
51071,0.7582444
119636,0.31175926
37370,0.95759755
112694,0.30099428
109578,0.014334552
13034,0.116038896
96082,0.1361544
107675,0.3640094
67490,0.62198997
58564,0.9282934
104709,0.32908294
38387,0.9417274
14275,0.0801785
528,0.19218038
50658,0.1674613
120682,0.20211643
21594,0.93532604
62568,0.5132884
92825,0.12469638
25754,0.7772955
98019,0.882946
93750,0.7177372
10168,0.4540794
70494,0.282918
124502,0.86372644
92856,0.31135157
105636,0.3006919
4002,0.37302366
46755,0.18731351
1646,0.8190705
97417,0.8972035
21788,0.41285127
16440,0.5891492
78289,0.0013434399
17522,0.23539759
62057,0.89409465
104744,0.5675472
61579,0.90977126
118810,0.5758318
106518,0.16035521
33748,0.5075936
1803,0.19943134
4225,0.8542716
85464,0.0012986974
70225,0.118648626
36907,0.8665529
17313,0.14765841
69863,0.71750486
39726,0.75057197
59437,0.90684724
18523,0.32452425
8215,0.73167753
30494,0.9626772
92546,0.8101008
62049,0.9231172
92399,0.11857572
22604,0.15085398
72722,0.22178239
121213,0.31015277
23871,0.20758393
114194,0.1255026
73924,0.31220114
117653,0.33615407
69818,0.43035448
117697,0.4317831
48086,0.16208142
73760,0.34586477
26341,0.90489876
7435,0.30680108
31178,0.50019294
16816,0.48621663
12246,0.8075468
30923,0.3387789
121401,0.5594415
83162,0.0012716644
67676,0.22504896
90946,0.0015076553
10347,0.41775396
43633,0.93681616
21999,0.23557201
91145,0.0012372119
54369,0.78350097
100002,0.49102613
22133,0.9477384
71576,0.24095015
47353,0.9224843
113611,0.18039954
97446,0.93192726
12531,0.26466525
65188,0.64642096
44664,0.72336036
79454,0.0008430149
96033,0.38732502
124269,0.1971179
7441,0.21672887
11179,0.1725
67106,0.2200087
17482,0.957518
36678,0.88458145
40936,0.97393316
102095,0.26533148
21933,0.21479075
74361,0.2539936
4215,0.30853292
94773,0.13743232
63324,0.9097642
117827,0.3524909
36169,0.52803063
110541,0.03324013
26,0.3165817
20889,0.72301155
8772,0.48027736
23784,0.7011732
110710,0.010596069
78002,0.00019454102
106419,0.2431687
8251,0.30400354
9621,0.76162964
73250,0.40841424
116381,0.4212056
79381,0.0010664373
120974,0.87096363
79946,0.00089886045
4298,0.812631
124308,0.854405
62081,0.9677702
96336,0.15273406
16640,0.8334966
23656,0.936993
16214,0.5322465
28511,0.48345643
81125,0.001007284
91996,0.015073676
110087,0.05576658
2816,0.1761149
102652,0.13396555
121044,0.84702784
106862,0.9476475
1285,0.96099675
51453,0.7643279
122037,0.8495568
53267,0.8099077
94337,0.45848358
60571,0.85601956
535,0.45836967
26363,0.11468972
55110,0.8181792
44531,0.9332211
64135,0.41504672
39977,0.9065049
16179,0.115405045
95022,0.77804714
83473,0.0010114219
69147,0.24587339
83044,0.0015285704
97931,0.31353796
78102,0.00022004967
120728,0.20037375
119697,0.8446594
105610,0.1498635
118594,0.82945496
45033,0.5112137
31987,0.31543592
18054,0.86809504
32261,0.4358959
81222,0.0009961587
30053,0.17591007
50340,0.31283012
44704,0.11314147
110845,0.020308115
105811,0.15038581
27194,0.7282641
94430,0.09306108
71501,0.40219352
16678,0.36601025
23407,0.23881021
73033,0.9024583
384,0.14843142
81386,0.0020863772
49015,0.9766449
6535,0.10052431
77362,0.0003751529
90644,0.0013840491
25910,0.18498415
93503,0.19173644
79159,0.0010247251
10610,0.09555404
29710,0.11426453
94431,0.59502774
96756,0.8378557
66869,0.1662876
64646,0.48820847
105273,0.15913613
79238,0.001336439
63594,0.90761006
122471,0.78130203
62824,0.8733089
25740,0.42816585
71787,0.15204626
68242,0.67018557
74489,0.1813504
13719,0.10901103
118809,0.45166373
70525,0.37355176
56391,0.61132663
89916,0.0025364466
4396,0.8483034
37498,0.8912066
45610,0.94699985
95897,0.32808474
40920,0.9707071
49646,0.36813074
57922,0.92743254
61169,0.94745755
59664,0.42658332
68677,0.16462475
74731,0.29322693
82386,0.00092808064
51123,0.52024186
96458,0.3359528
84085,0.0008934707
72926,0.2711026
87912,0.0012184776
53941,0.13111654
16304,0.3386201
13670,0.14843646
68040,0.36689362
102527,0.13843818
75003,0.00018432263
75061,0.00014044033
18281,0.9827628
102760,0.41112414
91536,0.0027096819
97890,0.14069748
10895,0.15427762
15189,0.123029485
120680,0.42702457
103595,0.54538906
11792,0.39181617
101441,0.28029725
23435,0.13749449
37106,0.9092517
63210,0.93832093
30421,0.9058728
2277,0.6298236
16743,0.4087739
1720,0.81640536
2906,0.05472964
34290,0.27558702
29712,0.13549553
82887,0.0019088954
56565,0.5489218
46358,0.881226
121445,0.11746537
24832,0.4305845
112551,0.1250701
14975,0.17307794
614,0.5847438
97322,0.7494455
123570,0.40310684
65485,0.3242088
27531,0.39810383
7694,0.14016475
77611,0.00024778058
12921,0.10517212
8818,0.31911996
123476,0.8076553
64986,0.3490225
116357,0.7155575
104802,0.30939093
104973,0.26803923
99004,0.68321115
29103,0.7748856
41618,0.18473065
122783,0.2591707
8791,0.41453925
88818,0.0023932243
20949,0.8353794
116995,0.76751035
29729,0.56161904
48108,0.94153005
1341,0.7769834
22811,0.18487912
107833,0.15923639
6387,0.1690942
67516,0.32538867
103488,0.33713356
76184,0.00017603622
117508,0.61522955
4074,0.38277495
12086,0.19655907
103400,0.3354395
93033,0.90324557
44723,0.13978218
103017,0.12562822
122658,0.6252542
48947,0.18841888
56328,0.9474587
72204,0.82031006
77888,0.00032862872
7990,0.10434436
107052,0.83648044
19589,0.86954105
59323,0.94951487
94086,0.9063953
17407,0.16742481
63894,0.8026229
14330,0.39441472
124619,0.87856823
97111,0.1345135
113303,0.22690989
57529,0.40502027
118275,0.28886768
36975,0.89454097
82054,0.0038907437
35743,0.9607817
64141,0.46367013
79745,0.0010739389
17361,0.17181289
116627,0.42979342
76392,0.0001852185
93052,0.6144809
98858,0.6152113
67713,0.1326907
87780,0.0020696337
87727,0.0015809279
54469,0.13049741
95134,0.7409763
115191,0.35757342
81518,0.0017681984
57688,0.47582725
61607,0.42831817
67504,0.1325789
108377,0.687174
104192,0.34375167
105893,0.86019385
49474,0.38087884
86663,0.0013016181
110325,0.03396188
82925,0.001445755
52976,0.6616118
93202,0.14501928
24933,0.53337175
64334,0.79988414
112150,0.15750585
110273,0.25238916
28394,0.11524738
53407,0.4019607
106679,0.3631599
35216,0.33080223
48357,0.16349262
45225,0.28095114
71070,0.51089823
21342,0.44153532
30093,0.10972748
78510,0.00095529953
53811,0.87418556
116231,0.80142677
96637,0.32058612
42844,0.14003536
27538,0.70038605
100181,0.86788094
100574,0.41084698
83407,0.0011887284
29737,0.5018983
34110,0.14872856
43566,0.4612432
58837,0.5091847
90043,0.0022200604
112591,0.38855264
35271,0.96353346
9937,0.113299675
114622,0.8340389
52221,0.74134713
94503,0.2356386
113618,0.15033717
68608,0.5214851
107555,0.9326043
84546,0.0011660985
91669,0.0026399738
52549,0.17698474
98159,0.59206575
107043,0.9186098
64126,0.18027037
51993,0.22568995
83517,0.0014908953
38350,0.8703679
74350,0.7955259
14957,0.8116163
102614,0.6669234
35435,0.88957024
23669,0.9641102
63353,0.23062758
9862,0.32631484
101334,0.10028992
105153,0.6124037
89353,0.0013917681
15068,0.44719875
121483,0.38605252
9417,0.58830625
36536,0.599517
3261,0.7987037
79538,0.00078931183
13397,0.15116236
8082,0.1636111
22084,0.86411107
83626,0.0014339131
18588,0.17102222
26095,0.4952154
75558,0.0003917717
120775,0.5152409
13145,0.23873888
35406,0.9448943
72426,0.5066779
40455,0.94222635
110952,0.19408095
47949,0.92843974
49941,0.43603206
94258,0.9325771
118210,0.24989541
24899,0.119726755
13012,0.13300523
124171,0.85276634
67330,0.16409421
8795,0.38903165
42756,0.8429062
12904,0.20948689
65570,0.7675843
102298,0.101651505
59716,0.9162133
20867,0.09296398
103765,0.6081869
64230,0.45814884
18633,0.15229215
39650,0.4267469
4949,0.95693994
37128,0.9315165
28136,0.9101125
7110,0.59174234
61668,0.13033928
18433,0.28086227
36151,0.5107251
52875,0.50184035
101944,0.29101655
122712,0.15559703
62455,0.9424168
50863,0.86043817
95228,0.64808315
7939,0.69003654
85641,0.0013658988
21339,0.51032424
44242,0.55840707
83512,0.0019699007
37722,0.7993473
85336,0.0013921632
15631,0.91738623
64821,0.36086264
118028,0.52817523
38315,0.78106886
50836,0.09186256
73687,0.38527402
30288,0.55415
110694,0.040115763
21455,0.92904824
81219,0.0011704576
80219,0.0015506854
90762,0.0011618475
85009,0.0012058923
35099,0.95124173
70215,0.1034151
31765,0.92448115
69945,0.16371989
105933,0.86943835
119746,0.3330095
43478,0.7641239
35733,0.9300071
68661,0.7704701
61279,0.96717167
84847,0.0021056342
95712,0.57047236
82227,0.0019953316
67525,0.7759572
109985,0.019649694
103068,0.6703291
105778,0.42019582
34490,0.2693752
118437,0.4231263
34858,0.9296959
53906,0.57913953
404,0.57229704
26375,0.28527418
43474,0.937246
21089,0.15226646
69033,0.31261143
84515,0.0010628677
53724,0.76288503
105224,0.16035521
118579,0.48452872
121824,0.80549586
80594,0.0027933577
116760,0.8116376
41984,0.3931012
61092,0.95065045
65405,0.3072583
54807,0.8118815
96464,0.13956381
103838,0.8811291
19841,0.7917049
70076,0.11492821
73103,0.31172842
113343,0.22438814
9772,0.65446
123853,0.87245494
21090,0.4865554
124904,0.5710152
36512,0.9116359
117242,0.74936974
89782,0.0016851841
86032,0.0013761845
25540,0.79988885
113880,0.21511978
72250,0.15815435
27915,0.8653891
19964,0.40545666
80711,0.00096072216
72715,0.6619707
29372,0.29130036
37275,0.9854305
40843,0.8995124
110427,0.017623391
6554,0.14569104
91290,0.0016594604
48423,0.957454
33572,0.1525041
115899,0.20339425
26514,0.8098302
37344,0.9641892
65678,0.946035
57800,0.7524001
72791,0.7077665
118345,0.5803613
6624,0.9028306
108098,0.12228109
105302,0.32623062
68633,0.69019365
64929,0.84299314
56677,0.9521887
90077,0.001602987
99973,0.20490721
57194,0.6256753
55137,0.89350593
120559,0.22809252
85178,0.0017239543
91026,0.0018661283
62329,0.92883676
14743,0.8758695
49176,0.8285988
117163,0.29161155
72419,0.30249316
117725,0.17797652
84935,0.0008947021
25902,0.3580188
62271,0.882021
39149,0.9713742
92228,0.21437491
49945,0.16673824
65402,0.3887253
22285,0.89163524
108201,0.79768264
107875,0.25802088
116739,0.44845206
20661,0.94938445
5373,0.7571106
64340,0.87350345
37111,0.95245224
7551,0.16980527
88005,0.0014571935
10282,0.11590822
709,0.53484035
102806,0.24399702
112567,0.15922977
53224,0.87759614
60135,0.92136914
83334,0.0010232423
107012,0.8106198
18469,0.84942985
47546,0.95310706
30566,0.8765431
15573,0.9683984
30028,0.57647485
4587,0.45063183
69760,0.91365755
11022,0.11783466
21539,0.96430326
66770,0.14346913
88745,0.0011326289
78080,0.00022966672
56688,0.9491959
121267,0.3170245
32907,0.93826467
66436,0.11293074
62975,0.83520484
29314,0.44885716
11565,0.07484364
72617,0.67201257
82140,0.0011161583
28880,0.7157346
96293,0.20138197
79261,0.0017236752
37625,0.9233117
78782,0.0009510154
75840,0.00022793788
60980,0.85995066
33287,0.28063604
111454,0.14238597
60050,0.43650672
991,0.9319426
93012,0.20957251
124285,0.7974466
14462,0.88774014
50477,0.78507763
765,0.41911915
124193,0.7840977
20612,0.87705487
55032,0.2862128
31166,0.30676267
122232,0.3911123
103882,0.64416087
95089,0.22646652
34332,0.77043575
27322,0.7689904
4909,0.9070783
65437,0.22116654
27411,0.52236027
65353,0.9059259
85434,0.00086045614
34247,0.93028945
111642,0.26653683
95971,0.12013698
15209,0.18225282
100503,0.3750318
35764,0.96321094
15988,0.48192245
115906,0.27742478
71254,0.11641743
63887,0.73589927
27229,0.37543994
122805,0.48176345
52966,0.16374478
116230,0.42451137
61111,0.9555935
45526,0.116867125
21320,0.12011521
45850,0.9154124
46996,0.8651139
120673,0.35638085
42062,0.9650927
15661,0.09747789
77992,0.00018672539
23004,0.8199449
96554,0.17194812
45633,0.93198526
8230,0.112082936
103283,0.16883822
2213,0.3841208
99355,0.13552408
35776,0.9749025
11211,0.61908
54069,0.43371826
53212,0.76504916
115891,0.14658509
37306,0.8954355
647,0.9554574
91275,0.0014045929
48304,0.87854576
26353,0.15358725
54270,0.66743356
4830,0.67138743
99881,0.67924803
58718,0.94037366
5288,0.853068
114861,0.33508405
4233,0.8884195
47526,0.8896773
54043,0.66686547
2578,0.21576002
65214,0.89077574
56879,0.61285704
10429,0.37318745
38080,0.96175236
54593,0.33410445
112886,0.7513482
43266,0.5621845
116912,0.15890068
20742,0.22233005
57415,0.41424373
12024,0.06399399
10774,0.24133506
15062,0.12486113
5959,0.12988824
22764,0.1492281
103099,0.06484566
121003,0.4823423
4591,0.7597272
102571,0.20048235
107717,0.37322858
109600,0.026332665
70397,0.8199547
17501,0.25962397
51930,0.8286172
114316,0.4138212
39657,0.17305705
57248,0.8397343
81661,0.0014641637
9851,0.24673949
25570,0.13233422
33865,0.08869306
29786,0.81047153
47099,0.5653507
59994,0.20566314
124783,0.5078447
50059,0.15423863
43534,0.32392475
3769,0.12936397
14990,0.39168555
43817,0.76271737
77503,0.0005796631
115881,0.66742396
29121,0.8845681
65497,0.4312887
81689,0.001430848
32615,0.9571039
37272,0.9873655
72822,0.40693957
122333,0.89871573
1108,0.46792284
70270,0.71493256
49311,0.51661247
61602,0.92378736
104654,0.08135528
98557,0.122803345
54938,0.8918264
114845,0.093672454
85842,0.0009962469
21415,0.54219586
81057,0.0009335157
10313,0.26188636
3542,0.3712886
107801,0.17976493
91220,0.0012995116
44263,0.9478282
96204,0.20518352
125121,0.7886465
21906,0.92237705
121759,0.36465168
58976,0.9287842
8365,0.097078525
64145,0.16424596
36362,0.9576685
28971,0.13708512
77071,0.00030975143
4136,0.47541294
4059,0.33789435
49034,0.971931
85477,0.0020253912
88641,0.0021115246
28053,0.372698
115820,0.7696746
48319,0.15901709
1132,0.8387157
124735,0.16673824
76416,0.00017470118
78053,0.0001999147
91782,0.15978548
33977,0.9574915
39214,0.22285391
32774,0.9117614
73893,0.16253124
101173,0.084970474
36916,0.41428638
66937,0.1612221
70360,0.38110372
8377,0.1258722
27157,0.45079318
41714,0.6233444
62213,0.44870403
27003,0.7879712
99316,0.15773067
76653,0.00045524864
92929,0.83535177
54632,0.70790553
34546,0.9179863
114429,0.7878406
38234,0.9051508
57947,0.7561586
50362,0.34431008
10072,0.14374338
36752,0.8910233
14234,0.121206544
45265,0.6708234
26761,0.7932055
107575,0.97579455
84104,0.0008931196
45637,0.90910554
93137,0.86133695
71574,0.12640077
2464,0.47249126
367,0.3623583
76867,0.00031530252
30218,0.5864487
47352,0.8784867
32583,0.91530997
115369,0.26279843
75253,0.00016580147
58525,0.8096361
45210,0.13995473
26178,0.17098622
103810,0.7494008
26428,0.52186614
100626,0.91383296
112302,0.3902537
72933,0.67630213
74185,0.13818806
118711,0.40705794
14419,0.2727926
56812,0.16919002
104468,0.12659064
107223,0.97628194
101530,0.31100008
101733,0.42070496
109596,0.07508639
99902,0.29237548
14394,0.8839435
2428,0.19886795
4660,0.7336909
44331,0.93298167
29545,0.36756358
40798,0.5679103
54952,0.9162781
82001,0.0019190382
7623,0.13067415
10397,0.6938908
87399,0.0011158861
2668,0.16752721
6008,0.15005246
73563,0.18225464
71709,0.6990862
14379,0.7564949
23279,0.8399594
4378,0.68125373
17035,0.13238996
71896,0.29430884
28462,0.18675634
108334,0.39708275
45707,0.6624122
70299,0.31274185
34387,0.5630424
86189,0.001359173
107117,0.9723307
22316,0.9304037
13122,0.79415756
63901,0.73589927
29165,0.24958898
105375,0.8692413
121831,0.51528406
95634,0.32427078
20461,0.20065454
102331,0.1133894
45803,0.64988273
28007,0.313084
69234,0.10520681
39261,0.9574607
66125,0.11067527
30898,0.70866317
16706,0.197891
93292,0.1909386
49385,0.4603797
47317,0.57808405
102752,0.35483053
60519,0.5162077
109598,0.019753091
26582,0.34876806
15960,0.2518387
75033,0.00025460753
10881,0.75305635
26664,0.8473671
43256,0.9077465
55570,0.16573256
38007,0.9826695
14872,0.13602139
122126,0.16482688
100111,0.4022242
106580,0.11503969
109072,0.076384485
110505,0.052232753
76884,0.0003551739
103512,0.1262442
87800,0.0017507534
24585,0.11501021
110126,0.033720385
97843,0.14315593
87722,0.00149552
28980,0.6317123
73850,0.14198016
65404,0.1626405
18589,0.15003361
34024,0.5680694
76289,0.00024462224
71589,0.15200496
64451,0.9728099
53525,0.76470137
96969,0.30135
2307,0.69247055
30934,0.16490379
107797,0.18270016
84358,0.0015201126
27277,0.40998477
54848,0.5490771
76927,0.00023670903
68668,0.1672069
40016,0.87546366
78133,0.00027076402
97151,0.3380296
118795,0.56105155
47432,0.109881714
40940,0.9746416
91885,0.14218166
93948,0.75282514
17759,0.37677604
118455,0.3008401
1554,0.20164235
18946,0.15428333
56855,0.1191034
27449,0.14036267
17929,0.9271475
67811,0.26905265
109500,0.01586082
22797,0.7059613
26105,0.74832565
98364,0.15067692
34266,0.13434818
53916,0.79267037
47825,0.9128929
96190,0.7035271
78184,0.00040654442
97205,0.33837077
125139,0.45643872
120484,0.8336409
66828,0.12034203
54967,0.23125187
42123,0.92368126
77225,0.00051668705
83436,0.0011146395
45694,0.5401878
105672,0.1451265
65763,0.4673708
72990,0.8632552
108310,0.29893848
24605,0.114462115
117612,0.5016654
75537,0.00025307023
103500,0.4923792
13521,0.9067209
31655,0.9098435
103205,0.099187955
52160,0.7134234
34948,0.51769847
106305,0.9282079
76816,0.00031485283
119959,0.13141885
64448,0.9675422
111838,0.10350988
72918,0.2583855
33524,0.24161871
51689,0.19268672
47841,0.5135731
117657,0.66220933
98406,0.14636917
73967,0.49852568
19740,0.14744344
112999,0.66440684
107609,0.22807603
43649,0.94349647
27477,0.5166435
88414,0.0014920748
17742,0.6330422
62921,0.24315318
4,0.7885635
83423,0.0014093012
24274,0.7854929
51946,0.8384737
42583,0.9272075
94429,0.30240646
76925,0.0002312931
42701,0.9827557
74560,0.91955847
55585,0.13855389
53418,0.74995655
38896,0.45771816
26999,0.47741342
42072,0.97478545
121568,0.8814422
18153,0.9656885
2819,0.09033875
50007,0.36279786
123015,0.22028276
64918,0.8128482
100585,0.45033848
81890,0.001956665
91333,0.0014392526
11525,0.0929716
87788,0.0017254583
6754,0.23636092
97745,0.2889778
49006,0.95727503
78988,0.0008241059
48267,0.11055011
118988,0.25426295
47435,0.43166783
100367,0.4987663
51251,0.21908577
82554,0.0013089966
118566,0.53068435
11243,0.097078525
27681,0.39474934
77905,0.00031881125
74561,0.93751365
79254,0.0013828428
74545,0.8351722
23759,0.7484062
57454,0.75791335
96717,0.7893246
8370,0.33702984
121813,0.7689611
53821,0.14040774
18599,0.4514053
116371,0.4148447
121726,0.35805252
10989,0.10300982
8222,0.25790882
35732,0.93069744
27834,0.31376788
42945,0.9717856
96397,0.14002897
54503,0.36785978
817,0.94073826
59259,0.80255896
68736,0.09300981
72030,0.25292066
30967,0.9742441
119824,0.34436134
34506,0.81888324
112901,0.76447564
105561,0.7477538
65433,0.19183782
28356,0.30226448
52324,0.3006347
107508,0.12264824
88373,0.0009583465
98312,0.3002395
3119,0.10074225
1741,0.785955
45925,0.9706113
25254,0.23551613
88700,0.0011983983
74260,0.37588385
9334,0.6341133
81876,0.001886726
71316,0.10295352
109415,0.038916424
110575,0.023221994
67682,0.15376534
73020,0.9148378
100862,0.14374343
10095,0.3097701
124831,0.9107632
52239,0.13357423
18099,0.95224196
95425,0.19893774
50425,0.3882494
43317,0.7987133
83878,0.0014151724
55725,0.34168357
41730,0.56698656
56909,0.90546733
50954,0.8128478
40070,0.8581329
84824,0.0009699321
78919,0.0015106465
122357,0.4189265
63821,0.538894
97623,0.35259426
34544,0.9131882
87522,0.0013941308
16572,0.42338672
31884,0.9783514
95108,0.64396983
58869,0.60681075
110038,0.031203162
6528,0.093023546
92902,0.89527
13355,0.13344042
31262,0.32062188
51068,0.5738099
34177,0.8862897
45300,0.9028869
34503,0.6860311
7063,0.12732056
15398,0.16127606
17499,0.904488
61322,0.27132955
60864,0.92874813
77055,0.00021501725
111979,0.2519596
55140,0.17411609
112314,0.7123008
82316,0.0010141263
90945,0.0021807856
55668,0.18448003
31453,0.4199654
44990,0.93831307
105673,0.6321653
62193,0.87670875
50256,0.92698634
48451,0.9674849
78078,0.0002444928
72061,0.3164315
71193,0.14334652
93305,0.2786633
76803,0.0002814603
60087,0.49309552
38751,0.68182427
42109,0.90439254
61931,0.87738174
104185,0.096799955
11345,0.13658552
12256,0.15695356
27271,0.37178564
123990,0.879083
347,0.3548677
27147,0.7561546
88163,0.0012556609
55259,0.74945474
14387,0.8470855
33400,0.32646593
565,0.58177257
122946,0.34552217
35196,0.9042461
69654,0.91948897
76668,0.00030720604
86392,0.0028526385
102968,0.054897208
24095,0.119726755
57384,0.87404907
88823,0.001266249
123750,0.71015024
96513,0.1874791
49695,0.37106392
27673,0.17349789
118663,0.8123699
108622,0.22912112
53685,0.3250173
87272,0.0021198017
21628,0.9350261
28576,0.4132866
64129,0.32372227
111376,0.15092026
26931,0.37252474
39864,0.8690901
18495,0.4156544
107229,0.9843128
110646,0.024596797
107703,0.15229258
30581,0.9185776
77712,0.0004741478
108063,0.33289388
115896,0.21711355
87493,0.0012473583
69284,0.2180145
15539,0.9618588
115177,0.32271183
93060,0.9364157
35856,0.8873358
119839,0.4033575
33120,0.6296963
122120,0.18537305
31834,0.98294246
27713,0.70099956
109082,0.052295785
100743,0.098298736
119166,0.31855738
13680,0.21084514
68317,0.13745935
82661,0.0010274642
40980,0.9795284
5861,0.18928522
24341,0.15910031
61808,0.55884033
95993,0.27356738
81440,0.0040475028
42326,0.16230495
58336,0.9740986
26186,0.2677295
6809,0.20101878
40155,0.66109943
92879,0.7230428
6294,0.65776515
83112,0.0011871482
52510,0.19440255
101332,0.09851175
123576,0.7341272
115134,0.17421234
10192,0.23624398
71797,0.2657489
112426,0.32982847
92701,0.1596153
29207,0.18999207
119100,0.21462725
77837,0.00032753215
62974,0.6260559
82732,0.0012637314
88891,0.0025048722
64040,0.7558368
63748,0.7143113
98075,0.10581521
119905,0.27138516
8793,0.37243888
116649,0.45245352
72281,0.36707217
19091,0.27404368
6757,0.5916717
9178,0.6972538
2177,0.10254379
86519,0.0012367412
30104,0.13264003
30610,0.9298474
37007,0.7858151
8297,0.11367193
51845,0.9096009
100258,0.3075368
7095,0.34356725
115880,0.79959935
33367,0.8621413
99596,0.35066903
48211,0.61359423
124291,0.8575725
114734,0.83594453
56417,0.6894993
60693,0.80171484
31182,0.8293564
40812,0.92327225
110185,0.03273086
45865,0.93262845
17301,0.37955242
66703,0.19468503
72320,0.19651413
86293,0.0012998707
84128,0.0014622833
31586,0.57547307
69150,0.46010572
29575,0.36848906
21508,0.9243693
119714,0.8819584
59980,0.12092673
57730,0.79741013
94166,0.8477146
55627,0.17706525
75895,0.00023020933
58781,0.29718363
54539,0.12705985
6578,0.11230591
124104,0.32410103
92981,0.8587125
3881,0.10401834
105019,0.25917804
31287,0.46699694
123177,0.7968108
117798,0.34794074
60484,0.80633295
15757,0.10177691
122513,0.7408839
103286,0.70422703
11832,0.10157017
72327,0.75753146
104243,0.15430734
1481,0.8400541
69037,0.31261143
49859,0.22422118
19671,0.9424295
45794,0.853764
91431,0.0011113494
82835,0.0012505072
43373,0.9079144
77460,0.0002456059
102208,0.31700695
60201,0.26382488
83997,0.0013114343
61618,0.16941158
34051,0.11203616
630,0.90119606
111344,0.5501373
87511,0.0011753831
70803,0.14569339
64445,0.9784241
75411,0.00014068777
39863,0.85502654
121537,0.7977769
123460,0.47318465
124640,0.9245056
120093,0.5743093
113420,0.78761226
12181,0.23185335
4221,0.7722663
40754,0.55046535
124909,0.15531956
941,0.8382882
41280,0.9511523
981,0.8841496
4998,0.970521
20180,0.48786032
109460,0.18915012
4210,0.33609203
102176,0.84149706
103608,0.095730394
21271,0.11955564
28868,0.7801275
96638,0.6430085
1466,0.20979646
33802,0.43665627
20637,0.8653613
90718,0.0013544178
21668,0.713872
38819,0.9326855
118657,0.7402427
87103,0.0023539606
9122,0.42038366
72807,0.32841736
97825,0.7940658
29870,0.1363055
26469,0.2925085
18563,0.19140802
101162,0.7196377
86748,0.0014179635
36228,0.5281723
72148,0.5231727
123836,0.43796134
35226,0.93674505
119380,0.3808249
6824,0.33120805
22353,0.96469706
44839,0.56011695
48274,0.15310766
83949,0.0015237327
65725,0.83332384
80828,0.0011347807
54909,0.7421911
46649,0.9353957
94614,0.12599784
8976,0.24375267
2574,0.46594453
46550,0.851931
103799,0.4198834
63577,0.95776296
100172,0.8676278
80547,0.001073401
23713,0.98079944
26705,0.325664
3407,0.26653653
28065,0.39566976
58224,0.9721342
39774,0.9326367
116286,0.29997507
51900,0.4139158
102724,0.32745478
5003,0.9783301
113254,0.27695894
110804,0.12087783
50663,0.75687796
58972,0.90825295
34967,0.7652928
47150,0.21380582
113452,0.12845556
10187,0.15470316
110529,0.031397726
99345,0.14306729
22596,0.11916875
41408,0.25358874
61330,0.26719204
123063,0.83003354
16425,0.4121602
74739,0.16797069
51982,0.5070958
123654,0.7360539
46433,0.9619946
25650,0.12418465
58120,0.407402
68267,0.18762185
109122,0.07545918
14738,0.960213
88926,0.0012441938
33336,0.8625565
118155,0.17663835
13910,0.13116896
59056,0.96757674
119074,0.41101208
44881,0.9762136
10237,0.6332947
89158,0.0012987847
29873,0.15009196
103592,0.38370728
95026,0.37628877
64753,0.35282785
41396,0.8822029
53333,0.75219667
60603,0.41917756
47220,0.12579541
110732,0.050438173
103097,0.10158916
31064,0.24838062
24849,0.22817045
12457,0.1478795
87029,0.0025649604
33139,0.25813875
99380,0.3570222
52699,0.20744579
46898,0.52855164
115300,0.18624899
114015,0.11320634
25521,0.98332745
3306,0.6385028
28251,0.52076876
93515,0.09171713
89045,0.0011066699
107472,0.1419688
124440,0.8914002
13461,0.13387167
15895,0.47034538
97989,0.4093828
42016,0.9400913
40236,0.9326354
13784,0.25440815
57817,0.86430883
124283,0.7520255
19810,0.69658977
71126,0.12920643
93533,0.12721005
102714,0.76202416
19428,0.77272004
53552,0.29657808
100250,0.2411157
46102,0.87463933
101991,0.3196856
66545,0.1868238
29817,0.7195966
48721,0.95257664
109168,0.10789603
3856,0.43485513
8783,0.7961304
42838,0.1378873
15527,0.9459307
107198,0.97589236
62984,0.21652779
76086,0.0001303899
92303,0.4743255
119588,0.3096235
100161,0.36644632
31395,0.940314
97753,0.68500966
12848,0.4417956
31845,0.9106832
98567,0.09038062
51179,0.6958561
78336,0.0016465103
69159,0.58895314
116794,0.35883752
6243,0.34900832
38425,0.16046178
45727,0.17247131
77760,0.00042647144
78242,0.0002239771
81035,0.00079589756
50354,0.36577123
543,0.5756495
26405,0.5948393
96316,0.19554983
28667,0.40840104
52419,0.65845066
40128,0.19120239
107928,0.2770847
96307,0.16488664
69448,0.32336757
26649,0.81416523
109376,0.049648095
14267,0.09764433
48731,0.9678007
44507,0.8572057
119742,0.7965297
115462,0.46832544
46389,0.41089302
50742,0.16816472
21749,0.9645889
43641,0.9514054
56622,0.48714435
67013,0.15393484
101832,0.14801912
14080,0.20487615
112447,0.22782996
1163,0.93262845
66989,0.2784605
67081,0.14509627
59040,0.95365846
84759,0.0012541997
6456,0.13773894
111526,0.7813571
110966,0.084330216
67978,0.10159393
111417,0.12172729
82442,0.0043468024
12666,0.21619722
46391,0.7591629
92491,0.3360414
123043,0.44337818
65844,0.92392105
115340,0.7552694
81001,0.0016042282
45906,0.9693431
76322,0.0002984116
111460,0.8198758
115366,0.45277736
69225,0.5906407
19295,0.32182726
435,0.24944279
73505,0.16354653
3243,0.74798965
14820,0.982505
16088,0.14138652
3947,0.14823754
19158,0.8708221
99371,0.15235409
17096,0.7573069
35092,0.9244299
5243,0.8625651
58534,0.8749411
54357,0.7700782
79734,0.0010476655
77677,0.00032460666
62440,0.92085624
90095,0.0010702116
47900,0.859454
1866,0.90776014
8726,0.4312486
55354,0.87112725
9893,0.13937767
40282,0.8927356
57819,0.8637271
40302,0.8789382
18298,0.96807456
35688,0.3843041
87428,0.0015031791
70661,0.30937454
108429,0.13177225
71341,0.77983594
81912,0.0019380907
90376,0.0010767273
89508,0.0018660093
44205,0.5992207
95647,0.37814274
15131,0.1257479
76073,0.00016556309
56888,0.93990386
30482,0.96774757
90299,0.0013513847
42920,0.9661825
6217,0.06228046
13368,0.20978355
54995,0.43426818
8455,0.76826924
76090,0.000158111
93944,0.69305867
101314,0.09693156
99467,0.12833326
49420,0.92051834
109091,0.044386934
15686,0.19150455
5887,0.22362952
103377,0.13171361
22662,0.3294318
59211,0.5198413
103113,0.12872794
123333,0.75311476
102356,0.30176282
62594,0.74772936
111459,0.39185432
92260,0.13644008
45781,0.19278006
31168,0.23280776
93023,0.8850692
99538,0.23218864
56277,0.8434346
123297,0.50875694
75339,0.0001462468
69077,0.67331773
56493,0.89958835
119442,0.12146978
95024,0.8309253
93686,0.34571356
46510,0.94188166
30734,0.8905273
64593,0.17424172
48425,0.9513804
19283,0.78713995
90232,0.0020939957
4881,0.911762
19647,0.8308451
108932,0.110787205
47410,0.76252747
3952,0.11738593
68842,0.12506041
93873,0.10937835
62573,0.7487946
39219,0.22285391
91555,0.0024712805
97218,0.7608825
105787,0.32709858
16428,0.113729246
120690,0.40730113
85399,0.0012982739
65008,0.9138302
103997,0.45883456
47280,0.5160332
108102,0.14072274
66182,0.75574875
106125,0.7509926
113751,0.18913504
94707,0.19863372
33092,0.42108527
121854,0.7924116
73877,0.13206704
53325,0.7136404
75769,0.00018894783
12330,0.5953296
62100,0.85699034
116442,0.40984672
53381,0.94405645
68395,0.18174775
110451,0.01668572
65309,0.9628549
36923,0.19908136
48632,0.8700536
10929,0.3055654
14668,0.885645
29649,0.8594735
117152,0.2235144
90643,0.0013953481
16697,0.58197504
46686,0.9590525
91636,0.0013081428
40585,0.83314955
41776,0.16542017
105502,0.7452873
114197,0.17989069
83067,0.0010490478
87600,0.0011775128
37658,0.97564656
119964,0.3400225
50902,0.15423863
88051,0.0011433853
112463,0.13584262
51228,0.28732157
9409,0.5874435
26590,0.6317123
45444,0.5807092
122236,0.16216914
37108,0.9433296
81072,0.00111585
31534,0.42628828
111517,0.13951494
7170,0.108913176
48672,0.9684447
41145,0.9695951
32362,0.57508487
67631,0.28783298
19028,0.16757834
75467,0.0002996032
71934,0.14129618
27179,0.40328845
123684,0.19245367
89587,0.0010758031
62404,0.7325841
45589,0.5455815
102370,0.2679616
22829,0.77229726
7603,0.13005766
31490,0.9390327
7728,0.09947956
115225,0.7375263
117309,0.8188883
78164,0.0003397441
93844,0.17042658
41757,0.37898603
42692,0.9805685
109434,0.057926737
88985,0.0023832482
95479,0.4406118
47654,0.8292304
6278,0.14547779
59060,0.9659299
124250,0.8101964
8075,0.2896951
19839,0.46954125
119366,0.8940596
9924,0.19778235
107667,0.16447635
99117,0.8248123
8761,0.7856649
31579,0.91233706
23884,0.15396738
84330,0.0013378812
85912,0.0012228959
56551,0.79977334
61205,0.3823666
118156,0.5520736
92704,0.14768073
56985,0.6124721
63553,0.9376171
85102,0.0010429914
117620,0.33099505
57300,0.09717232
122026,0.87821114
167,0.9458041
62326,0.9231455
65565,0.843594
34607,0.93820065
95481,0.43802103
90259,0.0016956449
12579,0.24004091
119867,0.1567261
77647,0.00030368366
101580,0.5023006
46537,0.9717505
53010,0.8461755
49736,0.112682715
116243,0.21188097
89546,0.00149552
84698,0.0012413315
66925,0.14620103
87485,0.0025890418
72894,0.16974346
114993,0.24926509
50929,0.6979256
38244,0.9480068
39994,0.14813924
113997,0.13593315
76634,0.00035554857
56655,0.9534663
74631,0.86036813
59015,0.9461427
43490,0.94726336
114656,0.22960898
75198,0.00038408645
67928,0.123812094
39152,0.97443557
95058,0.6679411
60931,0.2102239
46106,0.5534419
68960,0.17106524
3035,0.33886686
32201,0.9680443
7996,0.37510312
97752,0.5985463
6799,0.1985421
5226,0.7717752
78243,0.0002115791
33401,0.74931836
31656,0.8803518
40330,0.9456611
65660,0.90180606
73911,0.14696634
53003,0.8361522
97646,0.09360578
61145,0.95241624
122657,0.6252542
62759,0.22934341
31813,0.98051137
48992,0.9672637
97091,0.25147605
54328,0.7864992
32111,0.7967957
87571,0.001463057
55451,0.9002771
8034,0.23449777
67936,0.6129419
107471,0.65175295
35116,0.96475637
92587,0.5101244
86443,0.0009708822
101494,0.26117668
66754,0.32176262
115819,0.38026017
78072,0.00024609765
101891,0.54297805
111617,0.342544
21924,0.3958332
116312,0.41483265
59724,0.93751776
78122,0.00016670617
87956,0.001970435
111141,0.28730148
806,0.86749023
112767,0.59576285
75327,0.0002407101
110949,0.28652552
1381,0.49889624
80452,0.0013109484
76401,0.00018439119
39026,0.92203254
107594,0.14038755
102689,0.38445097
25948,0.12715544
56426,0.84885395
77087,0.0002090959
95733,0.12864967
20477,0.25921232
104114,0.20000279
110070,0.03228249
53098,0.8435184
48365,0.19239204
78040,0.00030138632
120782,0.7732824
90787,0.0012402714
95489,0.8167936
54576,0.85348344
37046,0.96082723
103256,0.22441837
88262,0.0010318019
72369,0.503829
87112,0.00083565223
32146,0.93125635
120336,0.20720364
63847,0.59040546
101345,0.1564403
14168,0.43455887
6634,0.13946433
113766,0.82222915
56250,0.44321588
106840,0.9262912
26442,0.28808877
89959,0.0023557509
34097,0.10780954
71194,0.50018924
76682,0.0002242615
25188,0.98272026
93345,0.2882996
40219,0.92396855
37963,0.96320164
37705,0.18601339
115169,0.17314467
14067,0.13597396
23340,0.92320466
107289,0.28378394
76553,0.0002608974
64391,0.9276384
40902,0.9675955
76035,0.0001959245
4148,0.7245118
20329,0.861833
2527,0.83029324
71932,0.12870651
51191,0.9199566
83344,0.0015027504
82761,0.0012734612
94056,0.782028
23697,0.97937906
77371,0.00044534873
90018,0.0024720952
87598,0.0014873183
20773,0.40464422
96895,0.67364645
33403,0.3060006
12998,0.088356696
48527,0.93250626
49270,0.25298575
36275,0.21692035
124514,0.8503468
104389,0.21400538
31693,0.38388032
111631,0.26636472
13633,0.6354642
10592,0.077280715
29744,0.96220464
74635,0.29547516
25966,0.16361663
21878,0.89592296
113518,0.6663132
6801,0.1591551
18439,0.13890836
105595,0.3431331
24406,0.16119662
26796,0.8709501
116505,0.37358594
15586,0.9648709
51277,0.23922695
119696,0.5348334
29353,0.11628902
94541,0.45124438
46159,0.9256286
58321,0.92822975
90592,0.0010742028
7666,0.4994367
43892,0.93911487
109209,0.018336134
25637,0.44516772
121207,0.14297915
26842,0.89925176
65053,0.46520054
11854,0.09829117
40753,0.64241314
17911,0.39392984
64784,0.2130753
24852,0.20523398
52659,0.30537486
55502,0.9647493
9021,0.15624101
81232,0.0014694597
14952,0.7754684
42917,0.9512153
86983,0.0010408405
55444,0.83923155
83533,0.0014629498
111552,0.08953274
30030,0.7422214
122531,0.27173057
108787,0.075456634
51010,0.18014465
123760,0.33443028
29539,0.7890875
112797,0.28700808
44,0.4968072
112392,0.17504828
24236,0.92746496
8447,0.76898533
104851,0.29897764
61087,0.95440435
1569,0.34030524
76680,0.00021517026
92302,0.10520681
46516,0.938347
108710,0.015087118
115516,0.4385791
60421,0.55525196
43914,0.9302971
51390,0.8639432
70112,0.12852354
117083,0.3766194
118913,0.2172673
26002,0.14155261
25296,0.9135511
114034,0.7267407
34331,0.79872996
19750,0.4753195
121851,0.23461162
76837,0.00043233132
61276,0.9268412
82705,0.0013761845
21847,0.4860874
107543,0.77511764
95014,0.8700119
10945,0.51524
6262,0.28765583
112561,0.17200008
76177,0.00016641506
44872,0.9689781
108603,0.33082676
22560,0.11916875
123123,0.8130598
98128,0.442115
61535,0.18788676
81676,0.0016989487
44067,0.7715183
72893,0.3847279
1472,0.31991956
66676,0.69695795
24770,0.5467833
39062,0.9717069
87169,0.0013740388
108774,0.02510349
59537,0.8978314
123372,0.44007728
49096,0.8269465
6700,0.50287217
114215,0.15704247
44806,0.8013613
65661,0.9140539
122962,0.33197328
72459,0.15143944
49927,0.46111593
39354,0.89955574
73654,0.2017052
79175,0.0019234502
101850,0.1422548
76266,0.00020166876
61905,0.22056887
111114,0.38590533
10372,0.7540117
108408,0.7939122
50068,0.14244437
70136,0.28908014
50904,0.15907402
23311,0.89976865
10029,0.67744505
69304,0.26967773
29771,0.31580877
88951,0.0027244603
72845,0.18749624
109101,0.08967363
28988,0.30704677
101596,0.19395232
39234,0.9126362
41907,0.5181721
86915,0.0010984292
83174,0.0010115668
63826,0.22193097
43656,0.57443064
47062,0.23244222
74519,0.13816276
30785,0.96383536
46178,0.9467938
98062,0.109934635
109651,0.04143007
103517,0.6946341
117977,0.5489577
78686,0.00085413107
121251,0.12587066
56260,0.71276146
39072,0.9784549
97543,0.29049763
33550,0.14491141
22603,0.14717005
56596,0.2063124
56295,0.89847153
110817,0.020776346
72661,0.1617016
49702,0.8480842
115928,0.22598489
56537,0.8662952
98701,0.48241398
36273,0.44093424
42132,0.91180205
64122,0.8241528
78587,0.0009024858
45658,0.15967968
114671,0.2378135
22413,0.9178473
83253,0.0014645974
7165,0.4656418
48090,0.15095977
12836,0.48880935
93358,0.15080343
59520,0.91110665
13288,0.8396307
23341,0.88402075
6253,0.55477464
110281,0.04627119
1208,0.9401631
86830,0.0017370012
19510,0.94976044
107760,0.21879704
68103,0.3819691
95798,0.35307112
50602,0.15405433
39768,0.89272517
95641,0.5693384
100998,0.879458
69461,0.8094645
94974,0.6833086
69555,0.12733106
8340,0.48270708
95031,0.5127553
21258,0.14884335
116402,0.6083116
60049,0.19069555
100729,0.12896368
12338,0.16269961
76169,0.00016356807
30622,0.97436917
35450,0.90508157
92450,0.3251431
63449,0.43781862
124581,0.8119072
70993,0.35175502
110408,0.11973593
65932,0.17209995
12011,0.11228122
10097,0.2738734
48262,0.22896478
33235,0.12938513
44384,0.9815895
70974,0.10188468
82260,0.00092957844
97335,0.7920014
25897,0.16773891
31004,0.9146649
32372,0.9092517
9176,0.3871321
43264,0.9210106
67605,0.45505354
62567,0.4580941
8655,0.43965387
74448,0.20477828
124874,0.95905614
115135,0.19563928
2993,0.6826903
122366,0.23519073
104482,0.14282161
35042,0.36494416
90393,0.0012849235
51592,0.25417203
122223,0.12928353
99557,0.21310088
80995,0.0013627101
23153,0.20964043
69646,0.74800205
98976,0.42886028
92523,0.7395513
93642,0.41038293
8633,0.5003462
14751,0.9608236
121138,0.519939
100231,0.48221642
44778,0.1137408
95723,0.12955008
90243,0.002060739
91677,0.001754292
87171,0.0012845026
95474,0.4406118
36290,0.5904015
45299,0.85236657
22601,0.119726755
51999,0.50126743
33715,0.3131455
38459,0.8856423
105604,0.14730965
97717,0.3101751
105854,0.14679539
26595,0.7345148
42541,0.9777453
89787,0.0018442736
24060,0.54903775
43604,0.8620902
11061,0.14003122
69551,0.11377822
48854,0.9071798
58110,0.8879217
77689,0.0008029784
40897,0.87867844
66400,0.14758548
82787,0.00092459784
101795,0.39897206
23651,0.9343101
62104,0.8678734
44517,0.83663434
35458,0.60873973
56904,0.9625053
16015,0.15484118
116150,0.20866749
114058,0.3792396
74645,0.33344305
6473,0.11135197
48361,0.85695374
76607,0.00030733025
828,0.9615712
54466,0.2883859
58364,0.37929225
122115,0.18284433
51851,0.9197975
103376,0.14180784
43685,0.9024843
78213,0.0003650375
29428,0.12974586
97712,0.10789429
32148,0.9480151
121878,0.39009008
34259,0.35392496
95979,0.14735687
62865,0.14537385
7431,0.13828142
64221,0.7265724
496,0.49430937
111647,0.27427423
7036,0.7725139
50036,0.15487957
65563,0.6867908
37175,0.84462726
36612,0.9473689
112879,0.2127209
43657,0.8967305
32222,0.21400939
809,0.9326039
66185,0.26905513
30596,0.92062277
990,0.9248696
41964,0.9693047
37742,0.9707422
39422,0.959297
123330,0.31892034
42049,0.9693238
62253,0.8064488
50409,0.255629
122662,0.4163794
12284,0.30643868
40463,0.8875273
104166,0.14606531
99150,0.3430823
11532,0.0929716
6420,0.17422287
93491,0.12378134
2856,0.14351848
84105,0.0009870543
47029,0.21200222
124124,0.82982934
73647,0.19343477
111989,0.28541902
124810,0.5850982
118699,0.21520504
15984,0.48192245
12798,0.56650394
60364,0.45064533
93815,0.7172453
109593,0.020031823
96398,0.22555624
84660,0.0013863392
83771,0.0018862474
67432,0.20286235
5019,0.9712337
99110,0.68786633
21437,0.8551395
82611,0.0048724967
125147,0.36992928
27132,0.35445473
45674,0.9435025
80125,0.001047961
116019,0.27904975
10386,0.1793804
70580,0.24440885
78326,0.0015481396
12610,0.6727123
85851,0.0010451031
9755,0.145222
1545,0.15598935
18897,0.15085398
39028,0.9635446
97514,0.9390759
55730,0.44214907
61971,0.8876545
73573,0.26820678
78791,0.0010264462
40352,0.9662071
90758,0.0013999349
84000,0.0016512766
42841,0.13909309
99711,0.6897009
90054,0.0024549493
28803,0.7782753
91969,0.014958611
14866,0.43076548
62423,0.9021163
4680,0.8566149
122128,0.21306384
65799,0.21904677
237,0.05839779
67097,0.113873154
37938,0.5753567
10569,0.13955094
50552,0.29441357
50143,0.16762511
49471,0.55922025
78762,0.0015506085
8278,0.2191277
99485,0.49027276
45951,0.97396696
107510,0.16549101
28158,0.5193258
80310,0.00095132075
124409,0.4347329
68402,0.13284168
94845,0.30391756
69169,0.14834975
72989,0.90758604
18230,0.9812237
42517,0.958165
30369,0.949888
88329,0.0011891491
73060,0.92899793
76835,0.00035877028
112112,0.20407577
54420,0.4333251
97354,0.8794233
111230,0.1437836
39603,0.9359712
123744,0.8025549
72870,0.20101549
112892,0.37942338
88454,0.0032139125
33456,0.875208
99075,0.27804318
17476,0.9395209
43996,0.9294018
20733,0.0947102
48655,0.9638758
33892,0.0717343
57778,0.46736088
107262,0.9751297
23582,0.96683204
41454,0.909397
90784,0.001212578
90217,0.0020080511
76991,0.00035041771
49488,0.18044196
40509,0.95589393
18922,0.12394438
57045,0.93482184
21490,0.8401397
61709,0.88918626
23461,0.22023325
57318,0.462212
54082,0.5442226
69135,0.19530185
100667,0.28029725
110970,0.18394871
23347,0.41549394
14900,0.13348678
53126,0.82246244
40868,0.9215741
108078,0.3166217
109738,0.019974446
55155,0.5673666
50342,0.14511596
58001,0.8931722
41812,0.20202467
76954,0.00028693367
43018,0.85747343
67768,0.25346723
89142,0.0011940349
85819,0.0011779066
120835,0.81710696
39760,0.64388496
116216,0.44793832
108514,0.30925536
115960,0.8132856
46717,0.9793521
29885,0.11926355
81857,0.0019261544
60948,0.5133276
2889,0.6146256
54474,0.15643808
52030,0.3579204
117361,0.20501053
53290,0.699823
90777,0.0013176171
45786,0.5561513
116673,0.3331178
122735,0.65465325
14405,0.91512144
32189,0.96694547
24736,0.56570804
123434,0.94951177
30824,0.89989895
85340,0.0010454884
58645,0.9841881
122952,0.7900277
60724,0.45394877
65255,0.13048463
101673,0.44852862
68572,0.73729986
13650,0.39899188
73617,0.18757786
78267,0.00018170911
89355,0.0012680836
105577,0.15042463
4808,0.69624674
63313,0.8743055
33919,0.89748263
12784,0.3279964
96583,0.46970373
1188,0.83347917
80371,0.001250976
16987,0.89618194
42379,0.65289843
106450,0.12955216
81577,0.0021157588
117711,0.74980444
59337,0.52228844
78302,0.0009809387
43429,0.885691
31479,0.88033295
85758,0.0009013531
17354,0.3427884
34655,0.98260456
88240,0.0011347688
1500,0.5156152
104405,0.331896
39110,0.9711405
47674,0.9376506
18581,0.37521634
83233,0.0020222312
123106,0.36000496
27410,0.7877777
111350,0.16773124
50169,0.47145346
74532,0.15717131
25399,0.9582519
115297,0.19760275
1028,0.98016983
96026,0.12071796
99084,0.531002
123938,0.9398547
34045,0.11203616
75918,0.00017439926
124134,0.81172824
14044,0.86144966
2266,0.6790482
91362,0.0013240637
7851,0.32179102
51499,0.11056166
109525,0.013602301
121549,0.88580745
409,0.52257144
118649,0.7116263
20414,0.9450772
99727,0.59314764
113109,0.2574167
22883,0.8009636
13250,0.7309517
116655,0.29033196
14722,0.9477822
110947,0.122085646
43765,0.14458834
22726,0.4732532
101024,0.15353888
106922,0.9295296
29922,0.13264003
8643,0.68805426
81356,0.0009679631
78318,0.0009772605
2479,0.22603297
110159,0.034757935
35030,0.967626
109831,0.032158412
77069,0.00026786714
95257,0.12800154
75402,0.00018412273
60220,0.87797457
93974,0.13684312
105688,0.42625612
118077,0.5804582
88897,0.0020262655
90275,0.003762826
114042,0.12714192
77333,0.0002999985
22620,0.10204053
54729,0.4319345
49423,0.39413098
111952,0.49379027
122003,0.8986538
67595,0.33229488
85983,0.00094963505
62566,0.488616
118545,0.15439592
115230,0.8408315
3886,0.09748435
104619,0.7117056
39147,0.9757941
16885,0.35902858
85210,0.0010078057
69862,0.7216825
66629,0.04556428
86526,0.0012689129
22453,0.9522774
65992,0.26093206
117698,0.2763987
76941,0.00018779241
78699,0.0011753114
94884,0.292333
64479,0.98083913
15194,0.17440386
110489,0.025237674
68767,0.111406
82410,0.0010723037
84058,0.0013910685
54020,0.6457352
68873,0.09233412
117485,0.24203573
85564,0.002228905
46089,0.77286935
57581,0.86351633
83550,0.0016199936
26952,0.8308277
77744,0.00039954626
23145,0.48414305
92503,0.0971141
56602,0.77959096
25883,0.4688177
80641,0.0014504394
29684,0.551713
25224,0.88899046
60558,0.9245743
32918,0.709809
43620,0.90880185
114434,0.8663589
32386,0.95487607
86576,0.0010076036
70946,0.92722464
107090,0.9165817
14203,0.85596216
96339,0.2298469
52380,0.34418634
31697,0.5689199
107214,0.98304605
92643,0.20636609
92592,0.070939235
8430,0.29344887
46054,0.32964224
98233,0.12757227
112029,0.685748
31138,0.49962404
103905,0.114309214
88363,0.0015266511
18282,0.9826705
75980,0.00012980746
99393,0.12021141
38836,0.5253124
96163,0.36792946
123985,0.80446255
2548,0.10720472
17178,0.7363707
2887,0.10920544
119596,0.6869965
35526,0.9245508
2810,0.1761149
88078,0.0010977121
51039,0.5505263
80939,0.0008778366
94341,0.16716136
95294,0.14459918
65031,0.17146508
121223,0.22053066
123544,0.79845846
104155,0.09983524
30995,0.3251836
53215,0.8323931
76739,0.00039503837
93890,0.117634505
96130,0.43196076
66866,0.17400122
31011,0.94487727
59459,0.59696233
28620,0.32730588
107735,0.12985106
16101,0.5421828
119677,0.77442235
2437,0.35207164
72318,0.1926641
117442,0.43532172
2722,0.08089288
85961,0.0013385306
4937,0.9512464
40597,0.8393003
17552,0.4422206
3788,0.2661635
35890,0.9395935
43915,0.9094495
46765,0.7730531
123701,0.13795839
4927,0.94424206
7178,0.11333492
13042,0.3919886
75768,0.00014435274
63731,0.57807153
1588,0.8227853
60407,0.47074658
78082,0.00021723704
59461,0.92532134
114212,0.17504537
93272,0.18496928
10360,0.09534205
980,0.58703434
120476,0.19904925
45471,0.8046665
100643,0.15634415
112073,0.7332798
49950,0.22757995
75068,0.00013417364
27213,0.13935386
24894,0.11827548
52552,0.5426947
95915,0.38906583
77994,0.00020157841
100365,0.48628145
33854,0.13074082
35455,0.96756995
76005,0.0003051854
86380,0.0029991644
39662,0.88997036
44458,0.9849665
93057,0.8387815
123881,0.17083506
38582,0.5904015
122623,0.8550824
58404,0.4721329
101680,0.10645929
88832,0.0010690413
120528,0.37441754
25040,0.7752369
55256,0.74945474
114748,0.25731474
117805,0.2335712
74529,0.70212406
11935,0.13368587
81162,0.0007781516
33279,0.19839709
53347,0.805095
23685,0.9810006
46703,0.97122836
53729,0.6771973
30280,0.58666414
36547,0.19861183
71739,0.39411306
98079,0.07548157
108786,0.07638811
59565,0.95390767
9476,0.1331761
63547,0.8857483
30224,0.9037701
2040,0.6649513
54404,0.90523106
17543,0.3043913
30808,0.9790294
56559,0.8728859
80447,0.0014878041
69209,0.13626347
19436,0.83972436
77749,0.00039150118
6400,0.27090997
41477,0.946078
95873,0.12692894
50760,0.78646356
105697,0.17974472
57088,0.63572246
69394,0.14725094
26133,0.8421521
113155,0.39313066
86727,0.0011768277
82852,0.0011866422
122983,0.39473343
53777,0.71090573
26360,0.16909526
83930,0.0010720008
10215,0.109233536
65576,0.8264894
55697,0.33179635
10923,0.44342098
56204,0.12744366
66654,0.1121689
30095,0.12896197
7411,0.16949238
66164,0.2545786
17383,0.23554589
29232,0.82091093
107945,0.159085
84211,0.0016912193
80896,0.00088257773
72718,0.33117035
26272,0.5163918
122263,0.3128097
44151,0.89687794
120973,0.8168618
7258,0.58867896
106626,0.1746119
78493,0.00089654286
80365,0.00094936637
10513,0.14068887
21619,0.8713623
86552,0.0010131858
52177,0.2172357
52423,0.7219513
115151,0.54989356
115545,0.8065658
66519,0.39563623
41629,0.2085054
47948,0.88932735
109989,0.027310126
115916,0.6791343
43440,0.920495
26871,0.907036
86459,0.0010150268
57083,0.9595194
84892,0.0018848359
82649,0.0008808236
116554,0.4052917
4757,0.7528856
58285,0.9246331
52123,0.5129472
43024,0.88112587
25178,0.98309326
64386,0.84183043
115637,0.44145662
67092,0.586232
57565,0.8208687
43492,0.95104957
81675,0.0015298424
45894,0.915235
121008,0.8314732
95463,0.37330943
29375,0.6435633
6692,0.8876426
97340,0.82329744
26059,0.38644752
19109,0.43038517
60682,0.9129245
89831,0.001266664
123944,0.9496842
111477,0.5337451
6409,0.74350613
52701,0.32732818
28102,0.51254684
886,0.97331876
59708,0.92108315
23568,0.9380009
50388,0.24003509
47966,0.14119607
64249,0.9427274
19112,0.82255006
86046,0.0010907635
30416,0.90158397
1644,0.44129413
122950,0.7207265
27264,0.18149638
112158,0.71714777
32378,0.93534446
27505,0.3306585
123138,0.8621978
78187,0.0003943325
35456,0.9196583
79520,0.0008647816
28737,0.393001
106713,0.6472907
70567,0.17264538
55760,0.8539122
117074,0.16634506
88412,0.0013754751
88282,0.0014816646
5724,0.14822248
4063,0.69048035
81768,0.0011849536
39070,0.97076946
60825,0.866083
110671,0.02223694
54836,0.45846513
59668,0.8560753
116374,0.75650495
45057,0.92848647
88392,0.0014058395
12974,0.22681232
37642,0.94674504
57214,0.85193586
67246,0.36926222
25551,0.28203404
14101,0.52144593
66590,0.066052735
25841,0.40847573
9946,0.09561027
35015,0.9571017
24907,0.119726755
64510,0.98787737
2745,0.08377135
1526,0.9528633
119482,0.23194592
29118,0.8445958
82352,0.0015733001
40239,0.9404602
64493,0.9848422
123445,0.5644547
41085,0.068711944
72624,0.2780373
115157,0.88373643
56258,0.46283457
94586,0.25457042
11220,0.8342036
26576,0.16759424
80035,0.0013978945
59108,0.8271236
59013,0.939742
108502,0.15481734
46693,0.97277516
67028,0.25799012
12595,0.30876398
89894,0.0010390709
61624,0.16669372
44880,0.9736404
25998,0.1034277
102703,0.14602025
92053,0.021443494
28429,0.15292092
58089,0.78247136
10612,0.38564342
111581,0.5095256
69794,0.8407877
4125,0.36433223
70086,0.118479334
44489,0.2077955
10581,0.09056374
106276,0.95061094
15924,0.6780579
83926,0.0014161268
16077,0.13098884
78875,0.0020856983
119294,0.36695477
107439,0.09895302
102584,0.16076235
4246,0.9012534
63600,0.86793554
16686,0.22833048
48903,0.8841496
63968,0.1689043
107499,0.16487928
32365,0.8943527
119286,0.12536266
99497,0.16955483
16347,0.3108515
40422,0.8197951
51810,0.81172913
67585,0.11930471
94413,0.33904713
30219,0.87412727
118763,0.7919613
97613,0.12834129
105243,0.71994585
87099,0.001411045
28243,0.4299088
16152,0.9089133
8489,0.10154676
115885,0.84041625
99751,0.32555065
69860,0.13103253
63477,0.25050434
36339,0.8943649
12827,0.203795
75002,0.00021651019
22231,0.8486117
13546,0.23383433
6224,0.32028985
83365,0.0011152453
57516,0.49683207
109819,0.016642073
116789,0.37865156
83082,0.0009359439
15453,0.9304472
55490,0.915081
69224,0.5293114
19279,0.741586
105261,0.5420133
26098,0.7861959
25541,0.82771105
35240,0.94395745
62380,0.9543192
80689,0.0011209965
108995,0.03288784
74717,0.34918788
37833,0.5806127
30786,0.9719249
59501,0.48347643
73811,0.684655
101159,0.36326218
37312,0.87443143
112875,0.15126152
44449,0.98477834
59615,0.9713172
111849,0.18699434
79249,0.0012212767
109788,0.015767673
15405,0.80872357
90029,0.0013971332
92392,0.11256502
30563,0.83431596
125152,0.8021693
6537,0.12880449
35158,0.8080111
3758,0.40787607
117113,0.41056272
106499,0.40596172
54606,0.34590453
55154,0.30436236
88709,0.0013313898
79332,0.0010197199
842,0.9694568
99116,0.7592748
9786,0.54243964
3964,0.50861424
89966,0.0016756519
124460,0.915138
14895,0.1952223
90893,0.0013518108
24371,0.31543502
121034,0.20999382
110592,0.035872407
53841,0.308361
56818,0.118055016
124612,0.83659136
50879,0.34332097
93313,0.4650355
101871,0.6170436
94084,0.74519694
14469,0.92396784
92366,0.15402518
77989,0.00017078857
112202,0.57312953
36417,0.8842148
83297,0.0012258581
110839,0.022746367
64184,0.117599
34249,0.93975854
91655,0.0013193595
18473,0.12888475
93353,0.67738277
29106,0.82161003
123079,0.86099035
14573,0.850719
67945,0.35131052
120102,0.17255181
56535,0.8166122
13700,0.27857205
32240,0.17126726
40837,0.85135305
5843,0.10384601
86590,0.007053028
54618,0.8957959
68653,0.28104767
96589,0.3510774
12813,0.47780955
37254,0.9826827
65483,0.23384133
4858,0.83271617
60376,0.54311246
25113,0.9198817
21936,0.17516917
98832,0.12642097
3173,0.15813632
61168,0.949702
37961,0.9663226
14448,0.8660609
61503,0.9594154
18352,0.11964621
60131,0.9149755
71432,0.095546104
67801,0.17035203
39427,0.53645104
124305,0.8298491
93973,0.109518625
39411,0.93801636
111423,0.124009065
93325,0.112476535
25328,0.83874196
29401,0.13380714
37341,0.96119946
35577,0.919286
39094,0.9728742
35400,0.743985
23538,0.96595675
45755,0.5009409
38025,0.98415816
32937,0.11819698
76601,0.00029250316
106945,0.89168453
41962,0.9647414
12266,0.5627202
23352,0.7806618
72885,0.6986869
32038,0.8327446
78130,0.00017012187
40815,0.94939077
20816,0.16230993
29488,0.6814838
96101,0.23755255
62916,0.25444853
80726,0.0015060662
3854,0.23807032
52362,0.8895515
39002,0.82660824
61177,0.9661176
50297,0.432926
107737,0.16637965
24930,0.3988606
74085,0.25397566
39556,0.9325672
87052,0.0013496688
76989,0.00042647144
109693,0.015540226
43295,0.8337797
27511,0.30740187
36691,0.9518632
15961,0.15415671
4248,0.9049754
106431,0.13271022
118005,0.22775485
31195,0.93969464
95579,0.37687322
77900,0.00043998865
63045,0.62742573
104026,0.11555159
89545,0.0013685192
8309,0.26533148
47770,0.90136147
85910,0.0011138783
11114,0.09214764
9064,0.305086
49832,0.4681656
105663,0.11605678
82722,0.0010872347
39800,0.934816
89531,0.001681397
55416,0.8300442
13248,0.11862203
62289,0.8712685
74044,0.14901276
14219,0.82260144
114914,0.27593806
113910,0.16782369
60535,0.88635516
71912,0.5671644
55783,0.85790753
53598,0.39077443
88056,0.0010891525
6126,0.24275273
97649,0.11337876
30641,0.9102266
42759,0.8755262
15876,0.89279705
74678,0.22063537
116359,0.30874234
30439,0.948827
27347,0.3718507
39995,0.8420655
107560,0.9096357
69867,0.7382542
77645,0.00021669254
40667,0.9117023
113723,0.21034063
9881,0.68154114
71383,0.186033
52528,0.31106567
100955,0.45633346
106084,0.42132655
80669,0.0012620601
63229,0.9609675
108706,0.016015487
102848,0.11190373
67423,0.31161335
20927,0.7447875
47984,0.9500585
3969,0.34209582
54456,0.15016924
98595,0.11866545
47370,0.96979123
53276,0.17356771
54308,0.67106825
48971,0.941871
27390,0.16597947
27145,0.44394466
13060,0.91435915
92578,0.09208172
111807,0.096988514
44802,0.53324944
106177,0.40335083
20672,0.8492281
108681,0.021162204
81065,0.0009360656
28703,0.35162005
95861,0.77540106
52042,0.48829538
24968,0.28951228
38157,0.7168002
86057,0.0009969006
51291,0.23002662
70078,0.11492821
51963,0.45643872
103711,0.22048794
96483,0.74367756
38883,0.25951344
13396,0.6570892
187,0.85866684
107285,0.17148978
18362,0.114462115
122830,0.8328451
20242,0.41150078
7573,0.668416
61029,0.21333586
15695,0.18738985
80134,0.0010282148
13880,0.76993185
12931,0.5780416
4391,0.82442397
100719,0.18962757
100721,0.34753892
76741,0.00040115588
53144,0.8608142
75822,0.00018234557
50469,0.44527373
47459,0.17858137
109874,0.017601058
27086,0.3478129
59049,0.96052295
89532,0.0022726764
111563,0.35427278
9790,0.10718524
36001,0.7858151
104269,0.7067445
20955,0.8396914
68049,0.33370888
108038,0.17944199
79129,0.0012514818
93221,0.7065754
15306,0.13674293
10560,0.13891514
85993,0.00093493983
21054,0.8009152
15497,0.95632505
76551,0.00026381444
83641,0.0012804382
40693,0.85964954
21096,0.2434598
123034,0.6987558
75385,0.00015126866
1709,0.19187815
93798,0.12829363
59311,0.8933231
55821,0.1736129
109310,0.013467122
27088,0.18588357
52349,0.71494365
116645,0.36776146
34383,0.49701044
8244,0.15649654
12201,0.61705077
9198,0.8077197
22235,0.28494418
84648,0.0011820288
58058,0.85996497
114242,0.49064782
68130,0.15658805
10530,0.15653956
91180,0.001274339
102134,0.62753266
38349,0.868897
31843,0.60488456
34479,0.8393699
23418,0.6095159
30158,0.1092103
14807,0.9772298
90456,0.0010948938
50768,0.8578058
117454,0.1553446
76423,0.00027515527
3099,0.27409807
104126,0.18487939
34133,0.123712644
27258,0.35303295
81243,0.0010754952
95572,0.13323078
25610,0.12477731
1896,0.9465267
5920,0.7860647
94774,0.17575929
113541,0.36961985
114065,0.42723802
14023,0.6513281
3103,0.12008046
63863,0.4306844
107164,0.97949255
63027,0.42477158
74151,0.11547166
106320,0.91571325
23492,0.42636013
42165,0.8888131
49677,0.68094355
70087,0.12532881
5601,0.88749725
89933,0.0014557157
45904,0.9111528
16542,0.16196296
19711,0.43757132
91509,0.0028726482
80599,0.0009891759
15223,0.8984418
91031,0.0012190336
29875,0.13025063
3233,0.63239115
29739,0.53955495
17653,0.7748103
18820,0.5678975
109878,0.01728478
15088,0.087138996
1421,0.21812467
90272,0.0039826976
99048,0.22554624
102819,0.5023865
47785,0.9300851
93512,0.24149452
36294,0.880682
94526,0.5594247
52256,0.33028507
80245,0.0013430339
97775,0.11994895
7254,0.55342096
56782,0.7610983
57913,0.8903758
99890,0.14226845
101346,0.15714169
115588,0.2128301
61448,0.95127904
13351,0.40871125
101959,0.12546153
88890,0.0018591018
88204,0.0015076983
11834,0.061158303
101061,0.19185455
16231,0.8513145
9576,0.5060495
11260,0.101867005
66597,0.15296943
73405,0.16079092
101211,0.58647215
17673,0.50475705
72219,0.5332872
65811,0.3869121
101187,0.8575228
27550,0.30052412
13615,0.5202479
116620,0.48689428
37181,0.97189236
48669,0.9666572
101846,0.7075034
85420,0.00097004627
27187,0.67575526
121540,0.44445208
93775,0.55620277
39877,0.9528357
54793,0.4992059
106332,0.9624757
29852,0.14142896
3074,0.12959647
56127,0.95216846
50422,0.22859375
71888,0.48974574
110721,0.010595119
64518,0.62409925
61701,0.6547342
102138,0.7493071
7340,0.15958658
82873,0.0028136428
66572,0.20877624
89243,0.0011696361
28962,0.3938764
54103,0.56759405
50973,0.19968815
71098,0.30389923
13725,0.11874068
48360,0.65992033
70312,0.11144372
55405,0.6448718
82504,0.0013038042
9162,0.18580507
121928,0.24036738
11037,0.119715445
103102,0.11244527
112090,0.34039244
53374,0.9183378
124628,0.9166257
59917,0.4062046
42550,0.56607133
95608,0.6760152
4727,0.8248304
52360,0.87796575
120487,0.3812341
18225,0.9788689
49999,0.8221724
111789,0.2624572
954,0.8367506
108981,0.019418376
4325,0.75240296
22806,0.17884402
47535,0.93585426
25619,0.106296495
29324,0.47192147
69871,0.89531404
75654,0.00014246255
103615,0.16270053
100659,0.11802238
70632,0.42928532
98574,0.068106234
10956,0.24212238
33875,0.16175118
53436,0.8047922
73381,0.38214406
59821,0.76683563
102970,0.06998705
84193,0.0020217425
122108,0.5450908
105297,0.52966076
119621,0.12325101
98244,0.33400172
82580,0.0013397863
82445,0.0009051955
50363,0.78520983
60051,0.75654554
105109,0.13546647
52945,0.50516206
20189,0.21363014
9665,0.617456
62235,0.7332483
33112,0.89865947
22282,0.88949597
56405,0.95220965
23679,0.97446555
45847,0.88711965
65615,0.38188317
56511,0.9038868
75667,0.00020461516
70402,0.12658903
45848,0.9158298
91420,0.0016876027
110568,0.03756665
53828,0.14426954
51947,0.8690108
41607,0.19216672
99272,0.13131545
95288,0.14727907
34241,0.91440254
53688,0.40032268
20908,0.83713096
79141,0.001181879
44306,0.92998695
37363,0.7540164
82309,0.0015281404
121147,0.5793777
46012,0.13231373
16911,0.17619018
42718,0.8767062
72225,0.40732008
68204,0.47073695
41213,0.976442
7702,0.18060073
71548,0.16099988
8479,0.5139564
6818,0.7874897
5606,0.8183912
54556,0.101651736
98972,0.15987347
104023,0.48415026
105117,0.16483133
38787,0.88366276
11091,0.089963496
112852,0.647154
28045,0.40774888
61377,0.4284961
98169,0.9132238
106643,0.27445588
4777,0.118799396
17706,0.36110413
21993,0.14251292
53919,0.3097144
100214,0.87974787
74249,0.3815925
28587,0.90388685
114335,0.16951618
41229,0.9765107
47466,0.85665375
99686,0.4066569
94261,0.91873807
30344,0.9470466
80722,0.0011262643
4226,0.6804499
46246,0.7888279
86047,0.0011152342
77875,0.00020817904
113412,0.57722384
22607,0.11916875
17813,0.34517756
62282,0.8179134
79200,0.0011607513
46171,0.9386175
95277,0.25822458
42615,0.35133076
31689,0.9335494
13055,0.7795898
32074,0.9277764
5600,0.8528016
111084,0.34415427
12941,0.10517212
104681,0.18568552
15811,0.13905741
4433,0.7158378
105761,0.3140414
107975,0.13462773
102613,0.38091397
12871,0.18955976
84206,0.001511207
105560,0.822421
33712,0.51286954
105412,0.83040684
72713,0.71499205
64725,0.57432514
13766,0.08017585
87432,0.0010175753
17722,0.12322278
83282,0.0009348325
50513,0.83034724
28315,0.3063104
122104,0.31958702
118235,0.20312595
47138,0.90514636
39306,0.7140189
124451,0.89673483
83563,0.0010806276
85541,0.0013588455
43779,0.11405628
95512,0.19046871
115796,0.40234005
95772,0.40584102
71911,0.65191025
125159,0.74852365
113225,0.74772066
21740,0.925983
103432,0.14613996
67732,0.2123871
45982,0.71182555
57684,0.8923677
106178,0.1702129
60258,0.41249427
15155,0.90496933
51097,0.39179197
95604,0.64389455
97584,0.17729783
17700,0.3623597
17088,0.6784182
109597,0.017113255
5875,0.11388326
66019,0.18120453
29287,0.75301856
16278,0.5848469
79889,0.0008489653
7364,0.1418522
72403,0.39498904
124703,0.22422118
77296,0.00022004967
7896,0.15599005
62813,0.83899236
72996,0.84544814
14638,0.7853544
52386,0.71819305
79687,0.001213889
91000,0.0010860856
89753,0.0012357233
8120,0.6543453
56280,0.7332483
78366,0.0016661499
60230,0.38965312
23255,0.8297189
99893,0.7133944
89138,0.0012644305
83461,0.0010360611
104091,0.15171275
121761,0.633249
108943,0.024671039
16363,0.10967867
97405,0.90450215
24056,0.119726755
99967,0.25001243
88357,0.0015902922
60492,0.47077557
96754,0.9274638
119523,0.7591079
54763,0.12995604
56925,0.9743301
7712,0.13517858
109124,0.11296334
62835,0.828334
50496,0.5457395
36544,0.84752357
39578,0.87169456
70740,0.2356414
109615,0.028012063
116403,0.7591871
117462,0.23907702
76331,0.0005134465
61801,0.23591599
72640,0.4168588
94218,0.90810704
81323,0.0015096485
85768,0.0014451335
59818,0.7756976
110830,0.020308115
64732,0.23046364
60927,0.19289428
117675,0.17376086
124165,0.8389703
23940,0.74355227
86953,0.0013455988
75649,0.0001658883
84725,0.0011833052
32766,0.6245231
60978,0.53960454
27557,0.3287864
11311,0.43264484
79620,0.0013463398
61787,0.23682463
49973,0.37657523
56205,0.14298096
51693,0.2147364
80831,0.0011386003
55248,0.2568374
35912,0.63656086
97451,0.94147235
47591,0.86007226
47878,0.4263822
106549,0.12474473
21866,0.8366318
90881,0.0022855427
54765,0.4803993
87258,0.0019638033
58497,0.8581084
86363,0.0018566031
72028,0.46341845
16449,0.26067093
84987,0.0009601837
72896,0.7008999
52084,0.94100773
44035,0.39488372
114995,0.80696356
26573,0.77636933
16523,0.537461
95738,0.70439404
80725,0.0012417672
97902,0.1280621
120793,0.8287111
55528,0.86841947
96331,0.26650223
88024,0.0014898486
79411,0.00072587957
56675,0.9432097
47188,0.9232813
23330,0.89969456
96664,0.45771247
63671,0.64954346
18554,0.15177578
67001,0.33529237
64136,0.43999478
43612,0.9352153
112638,0.33907425
61497,0.90666234
41313,0.82615566
35617,0.96195066
78215,0.00032068754
10288,0.12646137
90242,0.0025889259
18422,0.82025623
116464,0.84026647
13830,0.3638729
57668,0.34038448
45284,0.52469325
103078,0.29454902
44975,0.93917584
5971,0.14070077
70711,0.20139137
41942,0.95357805
79357,0.0013295695
81625,0.0012692852
95377,0.1728382
33656,0.5778285
22171,0.9675817
50936,0.82178426
19219,0.90089583
50421,0.16848925
89677,0.0018928222
119799,0.6043086
54637,0.6009597
37419,0.88359857
48325,0.78290164
119740,0.47590554
58771,0.4573602
92933,0.7655668
45453,0.77116346
68991,0.20443846
50950,0.2803744
42169,0.83318454
35339,0.0686804
84813,0.002721591
77003,0.00022592349
97998,0.4645669
67572,0.2637866
6707,0.90509814
38730,0.91705817
36795,0.9693136
41277,0.95418537
11593,0.34067875
47760,0.69336957
95692,0.318365
95232,0.14314446
116126,0.24485
4197,0.1253735
43261,0.9031326
8436,0.17816785
27217,0.41430908
109163,0.061680913
102894,0.26367754
123412,0.9277699
37345,0.9702777
46692,0.9666657
111953,0.61727166
13378,0.22874582
9135,0.26691896
12145,0.15238252
37488,0.8485191
95645,0.4437613
91982,0.020299925
116711,0.1442973
91260,0.0014006817
47671,0.91716975
59368,0.47320494
38804,0.4953678
36046,0.7340411
32128,0.9638022
39951,0.51647025
119852,0.30463982
111186,0.1479457
9125,0.7936135
17745,0.27001086
102448,0.11290794
57859,0.46593216
72297,0.6981086
55157,0.20018362
124924,0.8290325
3479,0.2348914
8450,0.35447145
17631,0.3287984
20381,0.91215134
56063,0.8829175
104227,0.19270316
24924,0.59864473
49334,0.25792608
9866,0.71934617
111211,0.13617627
59688,0.8719471
107455,0.17994303
20690,0.89764994
47091,0.9106858
90182,0.0022998017
42159,0.59597933
73234,0.19083102
122425,0.36906427
69556,0.16526602
59147,0.801075
52090,0.957956
107392,0.7184669
54594,0.42632803
41343,0.9286085
8025,0.5037037
32122,0.93580455
123103,0.68758357
103691,0.41984403
7611,0.14952174
18933,0.119726755
43662,0.15788934
1072,0.37009323
70736,0.34559226
121283,0.24977097
64154,0.18055557
5912,0.3742404
115709,0.81614417
73532,0.14719087
39550,0.953991
4889,0.8995619
37863,0.5819782
69528,0.118479334
72752,0.3634391
118330,0.17818232
33202,0.09513627
112554,0.40387106
68781,0.12120702
67964,0.28140593
253,0.13139899
82304,0.0014463622
31229,0.974773
51849,0.91236025
18888,0.14715862
63919,0.6127319
47935,0.28540856
24233,0.9191561
102346,0.30392984
71029,0.37295526
92519,0.772401
71417,0.15102467
42282,0.18209319
29823,0.9014368
57175,0.42658332
1009,0.9658303
92165,0.29081365
48036,0.17746648
105148,0.21380451
31189,0.89555985
70672,0.35504115
80659,0.0010672042
59780,0.18791978
9184,0.84713143
53199,0.35129106
119131,0.083816774
11415,0.6385092
3626,0.64847594
4732,0.83269256
39918,0.96857744
62881,0.9146457
39974,0.8762533
60197,0.51396155
48225,0.9539858
83458,0.0009331466
119184,0.76262736
11266,0.12210794
72115,0.27959567
834,0.9791586
69357,0.4922473
19438,0.79085106
111692,0.12597254
101758,0.7583666
436,0.1538133
40076,0.84829295
72594,0.2142846
117841,0.50976574
52057,0.83062595
29282,0.74148273
87675,0.0022006356
4911,0.9338612
101121,0.21496922
39809,0.9551732
100071,0.11535053
40553,0.28033745
14119,0.89029956
104103,0.1431782
21172,0.1394944
36945,0.36395204
69547,0.12320496
110811,0.089378916
68187,0.35513294
28395,0.33252034
6348,0.4900332
97112,0.64047974
89398,0.0023258044
99213,0.1723774
60365,0.8043306
39142,0.9702692
95901,0.30981025
28432,0.40621027
109840,0.018454745
13205,0.22630034
8303,0.21498942
121174,0.17788374
74050,0.13317697
78944,0.0014615413
93437,0.17996655
88571,0.001821686
94003,0.8210967
86396,0.0024316092
114425,0.42524496
56896,0.93823606
47176,0.41964635
62415,0.8825103
104551,0.4355539
72521,0.41812134
13675,0.7714837
59906,0.90369457
88376,0.0020993105
75894,0.00021180941
35952,0.55473703
99937,0.10961101
31246,0.69141525
78384,0.0013448616
57059,0.8755456
59938,0.77926403
82529,0.0010999643
64351,0.51372993
84489,0.0019761042
116733,0.44601485
66758,0.14015678
29124,0.9000383
40044,0.7563039
116295,0.3799419
95362,0.29766482
98978,0.25053865
83548,0.0014099985
109212,0.036946833
35157,0.7638115
35449,0.96072614
33952,0.9547626
115064,0.43047997
3791,0.13280495
36538,0.4789695
4021,0.1221209
124349,0.307943
48240,0.96155095
48729,0.96815956
61262,0.92378926
104878,0.1665266
70926,0.8556641
35759,0.96518767
78773,0.0016650376
27192,0.7620273
3549,0.16126476
97255,0.164377
92663,0.30229145
92158,0.14991921
110924,0.11348462
113575,0.2814752
51391,0.8664118
31484,0.9248759
113545,0.36294875
78245,0.00022363076
65282,0.72098285
59659,0.9826399
63023,0.5548066
114851,0.16688038
19290,0.8816344
97175,0.12363551
55719,0.22826298
10014,0.12938716
67666,0.65043634
67783,0.18071826
106529,0.19088201
104883,0.7870932
53205,0.48096076
58156,0.4848128
42620,0.85741967
53188,0.6474768
32508,0.31188753
12213,0.7335411
110347,0.03130786
25402,0.96270996
121810,0.8705973
90252,0.0020811707
28124,0.38828942
82089,0.0009207767
31125,0.13273367
20351,0.8536411
15783,0.59327525
51197,0.5746344
47356,0.931514
47712,0.15015846
106661,0.09986255
54607,0.26809153
97170,0.1527222
7406,0.73055106
48708,0.8924489
123334,0.79376006
68727,0.10222995
46027,0.58152735
30774,0.96118414
29617,0.84901965
99058,0.29575196
110121,0.1813356
45397,0.83455
74149,0.37435606
95977,0.124149725
113555,0.27312532
120180,0.76701576
18692,0.3165817
35096,0.8718291
39697,0.9494458
73810,0.27917218
106646,0.2587584
34882,0.14420775
60476,0.42278153
111826,0.10350988
45401,0.92730576
124760,0.7924116
63396,0.44704124
106168,0.14375252
34888,0.43066427
87516,0.0012007658
105928,0.6556845
72263,0.51157343
115584,0.1425977
61181,0.39125592
28733,0.7683686
114862,0.35590002
65547,0.2018207
84982,0.0015954693
72212,0.27575326
91746,0.028023733
83391,0.0012704954
68466,0.38242957
104988,0.2905952
86377,0.00253991
81737,0.0014010192
106491,0.15074858
117125,0.3136753
74117,0.17691056
62269,0.8372115
45169,0.869001
19606,0.7633134
65359,0.9410466
17425,0.17089014
52819,0.63888526
26148,0.47355002
109698,0.014494648
19162,0.91901034
59100,0.1734048
86492,0.0014713794
2193,0.32474184
119785,0.12976168
92934,0.803864
121024,0.4828933
425,0.15911232
92899,0.8871299
81483,0.0019506142
57266,0.8397343
80958,0.0008809171
103416,0.14668974
14253,0.115405045
47309,0.09932455
19353,0.8856235
81204,0.001247735
50628,0.65353596
91922,0.06668742
109945,0.04458811
118902,0.8398976
13807,0.1328736
49905,0.18302135
8871,0.13792875
23342,0.82690966
113322,0.26584086
17068,0.2110377
64123,0.36485237
82344,0.0013019162
1326,0.57424366
4564,0.44069713
41119,0.9352907
30023,0.12539555
84417,0.0017599871
93589,0.415556
66543,0.19278432
28093,0.77940065
24174,0.50277925
8527,0.32558128
33381,0.8440023
40973,0.97026664
96083,0.13553162
28190,0.14756171
43751,0.5662352
34810,0.8784282
28849,0.3821502
64957,0.2152693
23814,0.40385276
11497,0.051909205
81456,0.0022244926
71146,0.083671816
64162,0.19870353
2215,0.42768228
30653,0.97568184
71467,0.19492762
68392,0.36258712
110365,0.019315518
848,0.93609226
86401,0.002360916
53842,0.28570482
75138,0.00020796279
97837,0.14244089
121715,0.8842994
57433,0.7293207
61493,0.7063614
41395,0.6810659
123692,0.77056
9263,0.104241036
97303,0.3042681
91112,0.0011216091
54074,0.29649866
30131,0.10972748
8839,0.5367789
53554,0.67239326
20204,0.14535016
92293,0.11892651
100458,0.23272721
116437,0.8115012
45207,0.11875027
59250,0.4868554
25989,0.18372689
82877,0.0014127083
73523,0.32615015
90699,0.001082803
17467,0.9355693
50481,0.8701566
74868,0.35778487
121230,0.53165674
45730,0.15749653
89224,0.0016136273
35375,0.10330402
106711,0.37528968
16668,0.27042735
92494,0.3605532
1058,0.95238155
50055,0.13821834
84609,0.002051738
65387,0.17002925
70857,0.20327343
93388,0.29848233
89458,0.0010956164
77560,0.00038001896
24848,0.24286377
82318,0.0010025917
123398,0.9027151
54827,0.14378609
77734,0.0003716514
94821,0.0865376
37025,0.95817274
41111,0.8915369
42674,0.96914077
69063,0.13405475
29584,0.7326512
93733,0.2980881
4323,0.68623525
57651,0.4580811
60526,0.7193268
24273,0.7749976
75322,0.00019214705
60614,0.48755273
55213,0.5006647
39435,0.32897785
104496,0.14386483
93741,0.68655705
97577,0.52670705
21618,0.8520661
34824,0.8495483
93834,0.18925312
87305,0.0014517384
113176,0.30016682
123865,0.4114622
48320,0.78290164
59751,0.4194537
108547,0.3751785
64739,0.44695705
2341,0.42805597
58540,0.89646065
20819,0.16275029
44509,0.8631446
19121,0.6857008
62343,0.9556461
109454,0.041003715
2840,0.65456456
57887,0.915996
63772,0.7843889
60621,0.830944
4118,0.7677347
55592,0.6894178
16024,0.29606494
7691,0.24902865
10011,0.08542849
56421,0.55007046
31593,0.92843163
56907,0.9617776
56543,0.8851631
59014,0.94869536
124970,0.6517314
94207,0.76278156
72088,0.23205027
96340,0.47910252
77508,0.00048140323
19215,0.56235826
89141,0.0009945713
96862,0.16303757
121828,0.15020901
47104,0.7540963
122152,0.4554807
102433,0.38550177
53457,0.8471721
69799,0.5270618
72093,0.24552037
56038,0.52478236
43003,0.8486481
69883,0.16827391
13735,0.24695678
74229,0.15795864
122495,0.75166935
25279,0.5268544
99928,0.12574536
50060,0.11279953
97594,0.1720964
37428,0.88164204
96815,0.14918698
2369,0.80673885
2618,0.62569153
51394,0.7779579
19092,0.77623355
10968,0.2579056
42636,0.6659279
22925,0.93544805
60892,0.3519407
62714,0.3869266
9037,0.30376533
40573,0.7544793
86089,0.0016621461
44369,0.9810976
74816,0.14204833
26108,0.46134517
16868,0.54571646
115780,0.1414784
118668,0.24409702
73074,0.18286467
123,0.93926305
38017,0.98415816
4280,0.419009
104513,0.19181967
69873,0.43620405
17937,0.88825375
78734,0.00093092525
104029,0.13918775
86062,0.0011185133
81599,0.0012788306
116197,0.8646653
105339,0.19303238
25467,0.93895197
82613,0.0011291944
13431,0.27267528
95207,0.087619536
11919,0.12375858
101186,0.45150885
42084,0.18417856
78835,0.0017433155
37524,0.92460203
28975,0.3128306
118885,0.5193775
44253,0.9225693
78211,0.00043968865
10786,0.60581344
50819,0.34639287
86950,0.0014463499
50129,0.38533533
123818,0.18813002
1400,0.19780345
63030,0.7880053
102028,0.34597567
95443,0.41555023
92195,0.5715161
19583,0.7677958
8068,0.6189192
40080,0.92292494
53317,0.84366846
15923,0.58788234
30285,0.58666414
67612,0.13446483
75193,0.00036750158
110510,0.018460527
106093,0.9099365
101274,0.09369341
42093,0.8733475
40247,0.8909315
12504,0.61241084
35149,0.17510678
4531,0.8599556
75459,0.00018059656
6756,0.13277437
55545,0.8676053
101339,0.08858109
32850,0.8735702
96849,0.122690976
63066,0.46197557
4920,0.9032782
4759,0.7417799
81014,0.0011787264
102129,0.17621502
99809,0.14967571
16876,0.32429922
70211,0.42967927
30487,0.96097046
98638,0.16412045
26082,0.107361756
109894,0.035252597
120825,0.7826059
97082,0.11914878
12686,0.13135634
7962,0.74404
109179,0.09757068
55935,0.7353903
97216,0.882521
106328,0.9063304
54352,0.77538806
49937,0.3683172
16477,0.20508249
44916,0.9828681
47839,0.267021
13684,0.2057046
2285,0.35493284
35044,0.9442838
21088,0.37136292
15815,0.36993694
56639,0.925854
70212,0.15801753
50583,0.475008
107913,0.17535509
106108,0.16636549
22882,0.7870907
10496,0.11591527
19520,0.9645131
35542,0.3931966
36516,0.94952756
67359,0.37154078
116208,0.79403895
99543,0.4574296
118589,0.5494082
124981,0.5638049
33675,0.8813958
22970,0.30422089
51586,0.28062147
61746,0.7341676
10875,0.516633
78324,0.0013346405
34964,0.9038051
54958,0.9125981
123232,0.84762746
48018,0.4290001
53102,0.8125878
21533,0.9439605
36645,0.9294557
101237,0.1082149
69117,0.17359371
2075,0.71604615
53419,0.7889678
36830,0.85741913
61419,0.8920352
2110,0.36589926
55645,0.7943882
67047,0.18799652
53453,0.87210643
44021,0.9471703
965,0.8367506
61749,0.46904516
5406,0.77292335
30608,0.92721176
77418,0.0003681491
90179,0.0014635008
62407,0.84116095
81448,0.0038156286
34108,0.0594048
112748,0.1889589
115028,0.14501143
42916,0.93734515
124306,0.8393205
20876,0.09534371
7829,0.161504
50384,0.18544507
11327,0.43377167
57536,0.44372022
95569,0.67539793
44703,0.1292662
8098,0.6547293
86078,0.0020299417
39593,0.8847994
3462,0.7148639
8543,0.8785281
2336,0.4992646
84570,0.0021533894
9532,0.2904348
101393,0.16907214
60440,0.24800941
44577,0.9637614
73691,0.69898814
121381,0.6865407
83963,0.0011604639
25818,0.12644245
3226,0.86322576
79808,0.0010866527
44793,0.50240016
105670,0.3001999
67368,0.2863913
89064,0.001592409
120633,0.74546707
90888,0.001960621
91952,0.025798487
57576,0.55332005
44200,0.78161025
119775,0.18657835
106299,0.8357159
60416,0.2012416
93312,0.19638127
35140,0.9807402
70842,0.14824644
36924,0.17150019
102751,0.18038818
2942,0.33358294
94483,0.12425962
117191,0.47243816
77521,0.00025105462
122604,0.747903
47035,0.239962
67526,0.6752956
75722,0.00018371921
68133,0.20046984
59987,0.46728292
116300,0.77693033
34657,0.95833486
86897,0.0010399355
9009,0.16549318
92617,0.0817029
46267,0.96294373
11727,0.2998492
63077,0.80323416
91408,0.0017000329
54850,0.84386325
66674,0.16343409
19587,0.7605555
95537,0.17924389
75775,0.00016448223
121232,0.76692975
31558,0.8794402
93917,0.060723804
29950,0.13085662
99332,0.2726091
107320,0.91359836
24871,0.2674492
82708,0.0013470434
86024,0.0012365775
6615,0.13482775
23748,0.92749226
112002,0.27450642
38566,0.91920424
867,0.9753734
116188,0.88426137
33861,0.123882025
97179,0.1527222
117626,0.40709892
2891,0.1782343
17575,0.27708492
58012,0.9201633
90504,0.0016979186
97508,0.9393862
95016,0.8278982
54489,0.21477154
94104,0.46515578
93458,0.24239606
27108,0.5199775
120198,0.29126891
57869,0.80732685
118334,0.21486376
109599,0.0743726
87329,0.0012696371
107020,0.76842976
82162,0.0009720062
66847,0.1339071
54322,0.89821523
19745,0.37644404
40728,0.9473452
64437,0.9714301
109222,0.04265798
42151,0.5636272
37158,0.9578954
118462,0.39492515
78821,0.0014846376
61726,0.9511118
84809,0.0019695389
58621,0.97676575
24623,0.42824602
93827,0.19092101
37026,0.9450084
32932,0.11819698
89297,0.0010123887
33371,0.8295261
109090,0.025297575
115715,0.2935805
87242,0.0023003686
88566,0.004507293
73258,0.21900357
79490,0.0007997802
33408,0.3060006
37995,0.98037696
101410,0.27381665
117421,0.17292704
47401,0.9811282
62673,0.26332864
18677,0.41843134
119718,0.3128813
118689,0.18163992
104356,0.33128032
71285,0.12297966
43197,0.8411014
46667,0.95754147
74666,0.37062073
7204,0.7577072
65492,0.7847593
55962,0.90478194
11559,0.6730869
74415,0.2978301
88572,0.0017572431
3394,0.1165531
31372,0.87825346
15763,0.7969696
84752,0.0012930823
56987,0.905919
63152,0.8984951
80428,0.0011980587
89752,0.0012110665
41297,0.5555337
90017,0.002840032
64954,0.504487
114111,0.3287415
65831,0.50881624
30304,0.55415
118933,0.1570436
98891,0.091228046
105597,0.5926534
121293,0.19731483
57932,0.844239
46140,0.577216
32952,0.11819698
99139,0.65657634
28922,0.9021523
23671,0.96899307
99396,0.833471
25594,0.17574152
113646,0.1259719
93778,0.33219093
29765,0.75237226
60577,0.66340804
51890,0.1994668
14825,0.976982
14255,0.09214764
34380,0.16275023
118388,0.22451113
110713,0.011690657
116758,0.4148447
47550,0.94699365
37670,0.975497
112623,0.25270072
110954,0.25080106
93439,0.21686976
71903,0.12631696
79467,0.0010566849
32051,0.96690214
104854,0.37187937
21592,0.9451384
48577,0.9761236
32707,0.17174385
84468,0.0017447046
30708,0.98386717
98458,0.13234869
105031,0.19008224
70272,0.6801204
25298,0.09884333
74310,0.7726653
79476,0.0012660283
71329,0.19934951
97869,0.14315593
54148,0.3792679
83522,0.0013584347
98733,0.10081742
60813,0.8208687
2504,0.7300069
110085,0.03968389
108503,0.6935303
21843,0.90543634
23797,0.17656913
103579,0.10588931
25916,0.5130372
109471,0.09747634
22932,0.9001705
124243,0.64319646
58547,0.93906915
14879,0.24283998
123501,0.86828715
24555,0.1196767
58622,0.98048466
50668,0.5932033
79987,0.0008871664
92455,0.32529327
73387,0.44532147
3625,0.7103567
54769,0.57523555
53643,0.10991032
123733,0.84158635
22218,0.9253468
47064,0.23244222
3900,0.23556907
64309,0.8524553
45412,0.8860587
31719,0.9562722
112290,0.5014035
37596,0.8817281
82503,0.0010999643
93130,0.82059854
36599,0.9078246
92352,0.2809117
22439,0.96286356
70898,0.14561358
100007,0.17562512
97167,0.38722035
47503,0.92530096
69295,0.34366688
66032,0.18484847
43689,0.9194864
47365,0.9581943
11989,0.10843656
64049,0.49649718
37530,0.93956095
33874,0.25717315
3123,0.5973505
8855,0.14589831
44615,0.97485083
93542,0.12890244
74082,0.5270622
81390,0.0014045467
89524,0.0012251163
41139,0.96134895
45233,0.8330877
75026,0.00027199613
20447,0.96131307
110779,0.02644715
10979,0.2441801
106689,0.17720912
9390,0.34376925
14186,0.7772437
85869,0.002112751
18688,0.36711243
27409,0.21104456
3077,0.36153105
78903,0.0013984118
25747,0.47490963
5127,0.97334945
70920,0.81087303
100553,0.70855224
116084,0.24037729
116182,0.80150825
109692,0.057033185
24861,0.10204881
88039,0.0019277106
35432,0.8704813
56256,0.7126788
82589,0.0014365051
50298,0.5357008
48532,0.9587751
83413,0.0011028028
83194,0.0012514931
48751,0.34030524
1800,0.82760006
12996,0.08494482
52017,0.23703095
107373,0.32829127
70858,0.8379505
118750,0.17520575
116587,0.53855336
77184,0.00027487968
82942,0.0011321068
53967,0.5928295
38992,0.68748057
24522,0.14153518
31709,0.62568665
80229,0.0010384322
10721,0.10817601
5014,0.96241564
117288,0.111929744
29080,0.32721576
14301,0.2085962
65350,0.89749324
124469,0.8031067
7069,0.46082106
28327,0.29848543
121099,0.3905802
16891,0.15905948
20871,0.09296398
16455,0.13383003
106662,0.7229451
25527,0.94641745
46473,0.8420282
12426,0.11892651
98576,0.36748147
95554,0.10969334
72269,0.14144692
67460,0.1687586
84132,0.0013397583
121158,0.18930613
97523,0.935403
53265,0.8097991
23733,0.8700536
61350,0.8115094
91011,0.0016248921
14566,0.9551667
70686,0.11063531
83566,0.0014068969
113121,0.44786876
85689,0.0012036597
40181,0.35759938
47964,0.53134066
5053,0.9775283
19908,0.7088207
52842,0.1564468
33829,0.10416186
93334,0.27257544
114349,0.12367736
80230,0.0012322013
110326,0.037236128
76748,0.00031806805
27166,0.78459054
76831,0.00018158043
65283,0.730437
108438,0.14197102
76379,0.00032607655
43419,0.89302075
73777,0.13549429
61582,0.9069681
101463,0.20299043
119234,0.17854884
24324,0.53821725
21975,0.13501966
15099,0.1360711
116629,0.77498543
33261,0.2359859
53183,0.38453147
67638,0.2727167
75103,0.0002149033
47989,0.95736265
119521,0.47446984
31939,0.6639518
38072,0.98242456
97682,0.08175103
8024,0.16015968
84021,0.0009071581
909,0.973883
119682,0.20728245
2230,0.62905926
104069,0.19425191
33023,0.11819698
109823,0.016162962
22989,0.13890836
125115,0.36822465
21478,0.7683315
91800,0.15015006
101873,0.35474584
121426,0.59293765
54822,0.15892662
48876,0.8265756
110023,0.04307914
49899,0.16395432
15419,0.87254196
52288,0.48795307
86804,0.0014959488
43812,0.73118174
57781,0.4567095
69052,0.11158511
98086,0.12673377
9530,0.18215005
85282,0.0022195787
37510,0.86280787
84820,0.001102711
39672,0.9432813
37659,0.9773934
122153,0.5485048
55118,0.86349165
44717,0.13619302
87627,0.006286032
62913,0.5981741
64384,0.32002875
21484,0.52999187
123222,0.48558393
14406,0.9352815
10005,0.71256256
18798,0.8536965
44933,0.9720926
80844,0.0011207098
100762,0.1725
33812,0.45740658
42266,0.19145134
90440,0.0021328968
58446,0.8389687
114610,0.8024281
48584,0.9676626
31112,0.18316053
25945,0.15341131
95124,0.76797694
7613,0.0680739
3331,0.11819037
108049,0.7414207
75648,0.00021390386
45058,0.93488187
60307,0.23811574
82022,0.0011584681
56868,0.4978984
96918,0.72631806
118220,0.22239962
53474,0.26095095
106693,0.32366246
64613,0.47985467
62445,0.89164615
122228,0.110920794
122714,0.34552217
40975,0.97654265
18005,0.34223694
84469,0.0019348752
27597,0.39356855
103712,0.5650591
41604,0.18473065
91278,0.0012533589
40106,0.5464287
22438,0.9417311
92897,0.8832662
75966,0.0003153046
117877,0.30301756
82519,0.0008851063
46147,0.8843112
116354,0.4148306
86302,0.0018156015
48737,0.3746967
7252,0.74668837
92575,0.106332466
48675,0.97782564
101974,0.40827414
70379,0.12692674
39012,0.6972045
106253,0.849558
21098,0.41748804
61502,0.952317
39518,0.75348485
44851,0.84579414
39303,0.5747611
122434,0.7344038
102146,0.2770414
14391,0.88053936
38849,0.89994
89823,0.0013169484
68972,0.12067872
9118,0.3087133
78,0.5584247
26555,0.20346472
43969,0.9450728
75430,0.00019396924
86209,0.0018747956
15548,0.962022
109364,0.07937185
64216,0.6932641
64481,0.983004
31211,0.96801883
67935,0.12555128
92741,0.28786367
113844,0.35077727
29675,0.94155616
22495,0.6036057
106761,0.5238043
103499,0.18430129
119084,0.32176885
8094,0.2773209
52835,0.22222835
67128,0.22164924
27548,0.13691993
63125,0.46343786
96151,0.1442078
78490,0.0010987237
32,0.5518743
104342,0.80670077
110416,0.044160903
3236,0.72624487
90727,0.0012165925
70639,0.34407422
122269,0.41687143
78094,0.0001999147
124634,0.92252284
85396,0.00561501
66971,0.2411157
46814,0.23600067
64324,0.899223
93592,0.34042883
97496,0.9304091
26670,0.89148575
6655,0.14742593
105424,0.4188926
28624,0.8641002
59272,0.5102764
74449,0.5601967
23894,0.28998518
90262,0.0021981052
73360,0.13075614
120352,0.4458751
18455,0.25748608
55448,0.8920645
84772,0.0012222304
88750,0.0010629132
48633,0.88128763
59444,0.89529866
121009,0.85492945
115368,0.2014669
113820,0.36578888
95329,0.29523695
55657,0.18910897
30292,0.55415
105294,0.8181531
67317,0.07954406
12979,0.09925319
84571,0.0022774758
64522,0.82691085
13962,0.10601436
48938,0.56761104
77610,0.0002426089
64183,0.13998932
31667,0.13325009
52081,0.9409234
114011,0.5053947
37242,0.98490113
42651,0.57429975
13021,0.1842448
81507,0.0020231947
50591,0.12127097
66566,0.12310471
51200,0.35251063
15097,0.10886492
103051,0.11708683
37858,0.88506204
33846,0.44663152
55814,0.93283147
123116,0.6839064
28474,0.35417768
75886,0.00046514967
31386,0.9047063
123356,0.7621833
69106,0.34576428
60673,0.86080074
15205,0.59666395
81613,0.0013495776
65117,0.15731865
25168,0.98062974
42201,0.9082091
83588,0.0030926587
27663,0.15438981
61400,0.8233799
68784,0.08845926
24737,0.8075388
43017,0.5115387
63190,0.37441173
34075,0.20884764
10678,0.60478336
97135,0.15860154
40345,0.95976716
56304,0.91199434
34060,0.11207633
88027,0.0017491025
55447,0.8294107
69205,0.11063596
49833,0.06322975
61837,0.81789196
13153,0.2628537
58393,0.8702643
84864,0.0017773708
44376,0.97925764
1686,0.46011466
76178,0.00015270645
45642,0.9444651
37971,0.9648375
8412,0.16269961
118904,0.5016654
7638,0.5117265
63788,0.2368506
62311,0.9227788
98951,0.2535038
119625,0.6061895
3276,0.12727061
88182,0.0018659738
77576,0.0001907997
102477,0.30953577
47005,0.89408314
50619,0.56026465
35855,0.5934901
15707,0.13499205
91837,0.108996004
49679,0.88891476
4754,0.2696545
78058,0.00020506809
95126,0.7689877
89063,0.0015493068
16607,0.18960477
49515,0.20503595
25064,0.9409091
40082,0.9212308
46064,0.5073002
66885,0.32201687
70901,0.83434683
73829,0.3210108
6733,0.2202107
61992,0.83469605
67887,0.46523678
80639,0.0010308592
100075,0.15821819
90855,0.0010783164
21106,0.17144954
102495,0.46039233
78840,0.0014422978
11616,0.17026961
25171,0.9768124
92692,0.79479617
37743,0.9656205
12293,0.098298736
17140,0.14812832
42426,0.9491901
308,0.122993045
14565,0.96526307
124504,0.893016
64514,0.5832066
102971,0.07538235
43112,0.47842205
48831,0.76207
40801,0.82835287
49181,0.800807
118583,0.55138475
41727,0.8730307
11000,0.12697537
100529,0.32903227
52616,0.66637856
55671,0.76246107
15328,0.1450496
24094,0.11916875
120543,0.5244323
61171,0.94677144
54534,0.82724607
82374,0.0013731982
60694,0.8699958
84478,0.0017739638
95312,0.12437317
92036,0.014649496
41999,0.36741
63498,0.90497375
58708,0.9099369
112546,0.63882345
110509,0.03539619
112032,0.75366545
40434,0.1769325
123982,0.84439427
26679,0.83182985
77253,0.00047859576
44064,0.7407909
92282,0.18917187
37546,0.27682787
3748,0.17226239
119954,0.17427398
65693,0.8944218
93344,0.23160166
6551,0.14499842
47594,0.8961203
54499,0.20126809
22711,0.44605887
54139,0.11124278
21525,0.92923266
75024,0.0002767562
29859,0.1347295
85663,0.0014354235
43172,0.8336899
2405,0.17280301
29659,0.173531
27523,0.30549565
106593,0.09126082
114836,0.40805966
38478,0.8419669
67982,0.30229825
19844,0.6243526
22346,0.9618115
92186,0.41853938
40283,0.91268855
39460,0.7557401
56057,0.8351039
92206,0.12062594
123699,0.52557725
12080,0.50273395
36982,0.92270947
93951,0.12434736
54041,0.32806203
13188,0.26167035
120150,0.35562935
114898,0.72980636
12859,0.20858778
65914,0.28726983
77266,0.0003000537
40401,0.8892349
74601,0.972971
72980,0.80885535
115887,0.20429185
82462,0.004283131
34006,0.1308564
62331,0.9070736
47471,0.8599844
101860,0.15511955
15430,0.85607946
99188,0.5989692
122744,0.39998686
75185,0.00020599934
67725,0.18550968
7277,0.2542721
35012,0.94980174
33954,0.8968773
101342,0.16455443
74916,0.90550554
109861,0.013972518
74421,0.39376828
82161,0.0011314389
59296,0.8567424
48038,0.1671418
22942,0.9601254
1345,0.7671332
12992,0.3588004
68520,0.10322647
56780,0.38532752
41272,0.9220966
1206,0.9131933
72478,0.15823928
80835,0.0011358156
42161,0.59597933
52250,0.6625338
58403,0.49923876
42514,0.9432085
11620,0.54145765
32041,0.9431685
34706,0.98489743
32290,0.17746808
102662,0.28679556
56956,0.9824243
22598,0.119726755
92776,0.5999645
71883,0.27738872
19513,0.9613601
83146,0.0010882895
59229,0.91138095
7245,0.8251193
82864,0.001484217
101055,0.14374343
4767,0.7464055
79749,0.00069285394
82137,0.0009368767
106931,0.7925692
61733,0.6641692
8849,0.10241349
6835,0.7389225
87789,0.002111761
50486,0.8637936
29847,0.1800171
115047,0.20367655
76021,0.0003282821
21769,0.3650158
62734,0.19286627
30968,0.95383024
97326,0.7747457
98091,0.10042845
14111,0.7621207
119201,0.28494594
43703,0.86411244
45940,0.9713145
92486,0.11151552
56579,0.45283797
23524,0.9224843
68306,0.30064234
94909,0.3435748
119192,0.7279399
107960,0.27023184
61302,0.27968526
112598,0.44914263
28875,0.640313
52556,0.5811888
44220,0.38947177
123798,0.38053063
61203,0.7332483
17331,0.66323936
28306,0.21236126
41143,0.9653377
57180,0.72443163
73771,0.16329038
4722,0.7623566
49486,0.42045775
8374,0.1258722
56141,0.3923534
102008,0.14077649
69639,0.87474084
81074,0.0017438509
103352,0.11680099
50978,0.5053487
10762,0.13628495
25723,0.13631208
79659,0.0016155236
93043,0.9156922
63024,0.86902624
102198,0.093861744
121608,0.53880805
37522,0.93427485
81169,0.001242793
102941,0.37003946
124984,0.48382533
69322,0.35500202
106271,0.9472638
28129,0.4883161
48346,0.51850736
113661,0.77804
49717,0.19354977
24558,0.114462115
87061,0.0013740388
81626,0.0010407041
107378,0.18129358
111411,0.11768012
47906,0.261996
86441,0.00096032687
84071,0.0014212696
48299,0.7309024
9978,0.06304556
50731,0.56800807
109474,0.019473962
77963,0.00025474688
62556,0.3822488
59863,0.8902132
40550,0.98078007
99685,0.71849895
45731,0.36637446
74472,0.1032279
17633,0.34695718
112809,0.16651514
40049,0.86493033
113038,0.2340886
92128,0.34636912
35940,0.9312436
30648,0.9742363
15605,0.8021027
21686,0.89740133
41855,0.20232964
110243,0.028450752
115331,0.19619821
79842,0.0011927554
1895,0.9367085
86083,0.001909296
37442,0.78019315
4723,0.79647946
63620,0.92762923
27972,0.2940535
32406,0.96488744
115476,0.3666371
105732,0.53374016
676,0.5187971
90369,0.0010600676
71874,0.14580093
12361,0.21344891
98030,0.9430031
99104,0.690701
113295,0.22571032
37976,0.95054746
69798,0.13665041
23043,0.8700536
121246,0.779781
33600,0.13665114
96840,0.36686638
72048,0.5686427
110328,0.044734076
97860,0.15238738
39195,0.5854325
124808,0.8456449
111555,0.2245877
87009,0.0010339534
99842,0.11040979
79871,0.0007254149
2530,0.29394788
20691,0.8880262
100754,0.14271836
5586,0.87994915
124582,0.8754115
49926,0.18520351
41669,0.15453133
51098,0.23703837
85832,0.0012551389
20248,0.82716393
35447,0.9589364
98524,0.34265727
6446,0.6291784
112406,0.15900202
17357,0.13453268
9891,0.11802238
82501,0.0013278465
63059,0.22462784
95370,0.58476996
115650,0.80664116
109284,0.013745952
74543,0.8946194
5353,0.69120574
120560,0.5508104
68953,0.12302009
77851,0.00021591134
28722,0.77940065
69012,0.29226732
27093,0.67014617
120967,0.27273104
98772,0.24132979
11808,0.6299082
43036,0.91721135
100164,0.8582352
87623,0.0013641339
76849,0.00028966027
76851,0.00029077538
109817,0.11445567
13197,0.6036765
108991,0.022014558
55946,0.80642956
52782,0.7423701
58870,0.500807
57696,0.19880478
17816,0.87255794
13466,0.25322005
65466,0.12298096
63197,0.8285649
45345,0.32483178
12442,0.2849297
16102,0.6824825
81107,0.0009056683
123305,0.87755704
124140,0.44573736
51532,0.108421326
77815,0.00022132372
112191,0.19060592
81856,0.0016814603
58203,0.94860286
27715,0.42761478
121536,0.75854594
85752,0.00091920025
108228,0.87083614
58232,0.96990114
6713,0.57176155
61076,0.93643016
10629,0.22563423
63927,0.46548697
70785,0.4712726
40353,0.9660088
10090,0.17757991
57071,0.9336154
87105,0.0016029465
4665,0.7650156
115436,0.44090644
36342,0.9399366
42302,0.63069075
14835,0.98100454
109436,0.10988232
5191,0.9390295
22480,0.265886
111193,0.7787301
78917,0.0015338084
81221,0.0012983531
16723,0.5456155
47633,0.9466474
37260,0.9501084
75168,0.0001878465
21431,0.85210776
75384,0.00014229557
96890,0.4687077
35508,0.14144234
107346,0.9463095
60648,0.531498
65657,0.8838349
109184,0.013378629
10995,0.13459769
5096,0.9750817
99250,0.4249552
103206,0.14771354
21290,0.12103088
40231,0.9134385
115959,0.82408285
43619,0.87747866
116514,0.8118125
66426,0.13799295
64422,0.90300876
101809,0.6834211
79698,0.0018417755
83009,0.0009684607
77302,0.00020755491
22016,0.8514925
74468,0.096302636
10667,0.14452705
23516,0.9023356
105125,0.70192504
18110,0.9729336
88624,0.0022681141
120622,0.6735274
46362,0.9031967
99457,0.45670557
87457,0.0018145554
8637,0.7227036
113643,0.18767193
84716,0.0012033696
5380,0.38047245
86444,0.0009129046
102992,0.35104102
30154,0.10972748
95984,0.36904594
58183,0.90022576
603,0.8376626
47358,0.93552816
12688,0.065452926
79706,0.001602298
97146,0.82096773
60055,0.4332249
403,0.15776508
273,0.197891
39272,0.9684095
98807,0.15066394
49595,0.71507
92376,0.1127407
103822,0.78028876
18562,0.19946556
18908,0.14818001
95065,0.6463764
8207,0.6290182
78803,0.0011756865
42492,0.90190977
62695,0.52218634
91524,0.003111183
9213,0.18958445
65457,0.8411449
113126,0.5269083
11619,0.32153004
5909,0.10305541
61463,0.8180592
58457,0.8026229
43231,0.34680432
50555,0.8031846
110349,0.023181796
86386,0.0030147315
10711,0.14603806
112093,0.14330575
71695,0.072405025
103063,0.6025037
27601,0.41119313
10435,0.109502256
91645,0.0010492472
108128,0.1580022
76614,0.00037581098
8933,0.75087714
23149,0.849785
114274,0.7343003
16625,0.4034574
43790,0.4009778
104033,0.1350158
30020,0.11526005
1922,0.96489334
48237,0.9408431
57049,0.9544774
50561,0.13526541
33497,0.36784023
114210,0.49737835
21420,0.83352166
107542,0.80893886
23154,0.85547805
79649,0.001522204
67574,0.111030415
28092,0.52728033
45114,0.96645564
29215,0.81203634
22693,0.32518995
6521,0.0814202
5038,0.97069925
81785,0.00121266
29462,0.14502934
82194,0.0014604839
64948,0.1783046
105871,0.27268285
8226,0.08576325
64326,0.51611966
98753,0.09073521
56174,0.92743593
41331,0.47796556
118580,0.61510044
78669,0.001226303
75597,0.0002241482
16613,0.36597058
44972,0.8889762
14086,0.19642273
30434,0.94536847
17894,0.3816253
29959,0.13562986
60886,0.8717585
114016,0.12292439
36004,0.8965003
100469,0.43418074
62070,0.946439
67362,0.6238067
68652,0.3443415
15971,0.13141765
50393,0.34639764
34580,0.9545966
5004,0.9635506
26522,0.27043226
69951,0.7466037
85186,0.0008795367
123341,0.82792836
61972,0.9102834
92785,0.32329208
90732,0.0017708272
35230,0.9495135
112687,0.72807
89359,0.0013440531
79318,0.001094814
77481,0.00033794722
123638,0.57364404
106821,0.9023144
60123,0.8753577
3244,0.7947983
7917,0.71552455
111836,0.24745792
89576,0.001026906
81188,0.0014373139
25228,0.56707096
87770,0.002059112
37183,0.97703564
89644,0.0015578921
6397,0.24632159
25137,0.9678647
76777,0.00021833426
112702,0.7671539
29069,0.17858236
45112,0.9767692
111999,0.2436762
113267,0.7186934
92765,0.13007304
69602,0.7733222
14349,0.11420513
59791,0.50992113
12557,0.6161215
14769,0.95994544
87486,0.0022132285
56883,0.88540465
77203,0.00050163764
72184,0.49211672
123850,0.8465099
97562,0.15297979
66751,0.54136705
99689,0.4226155
58180,0.5855555
84578,0.002071156
74985,0.00013391161
3419,0.18873551
92434,0.7796144
73551,0.3771809
80273,0.0010180378
88981,0.0019780237
104364,0.68267745
94123,0.76828116
7866,0.5057231
78343,0.0014613305
63219,0.9306488
75352,0.0002460029
5711,0.14351934
84178,0.0015137201
18568,0.3794433
63404,0.8903798
43041,0.95789015
37873,0.9188186
60777,0.8209036
40874,0.8381845
107775,0.25136372
80928,0.0011816769
67263,0.33465725
122790,0.26509705
46986,0.9303
33389,0.20776919
70504,0.78802854
101328,0.06296078
84081,0.0009788964
76726,0.0003518365
100704,0.19759764
109181,0.06716912
28095,0.80441225
100144,0.47647145
59109,0.9029986
119810,0.3656455
108566,0.77013654
65191,0.4526943
74983,0.00013380274
101250,0.109294005
24628,0.55429906
39346,0.8665975
35405,0.925751
33465,0.31996584
21139,0.12358381
21349,0.785286
70618,0.10247534
8446,0.12733679
53118,0.82837075
68060,0.59851915
19992,0.21526952
7393,0.16171145
55903,0.10239482
118422,0.28184772
89636,0.001330735
24688,0.93449706
108890,0.040432595
51656,0.17363355
1654,0.37132227
51419,0.11863508
71971,0.13604139
67181,0.41039377
102524,0.14490035
83455,0.0010985709
26958,0.7990476
27898,0.30901232
27113,0.69835705
19347,0.880373
90634,0.0013447688
34745,0.16360323
4992,0.9664151
29342,0.09729922
47952,0.9324632
7795,0.28678
86510,0.0012367412
107798,0.34288722
18194,0.98037535
122395,0.70336074
3911,0.8377019
55601,0.55514175
52472,0.30318666
43250,0.86982214
88057,0.0009310113
97900,0.15796013
35396,0.47317973
66669,0.16184519
47923,0.40005288
93364,0.4347156
94913,0.40455717
63255,0.83654416
85667,0.0014473301
122278,0.5386291
83675,0.0013033287
27520,0.7388516
79657,0.00232077
89311,0.0010406467
51724,0.47594625
76887,0.00031101855
52669,0.30537486
107203,0.9791661
48872,0.16273655
28953,0.10021186
112451,0.18326397
51698,0.1574093
74336,0.24298747
1801,0.39226148
41115,0.92190033
70370,0.70370334
108319,0.760503
83701,0.0012274892
74112,0.24154699
67290,0.1641791
103519,0.14704598
114740,0.3753737
115150,0.12430057
36103,0.15678017
113784,0.1294163
10354,0.12722792
3143,0.23265749
56237,0.6285491
67665,0.31643423
83177,0.0008525618
99699,0.26176858
124290,0.8580901
4229,0.8232915
19309,0.40545666
51950,0.91688126
68197,0.38124678
115972,0.32730326
996,0.94259423
100947,0.32401022
101915,0.14291961
65021,0.8409249
28232,0.5137918
108060,0.40241748
69440,0.3419733
3962,0.100939386
10018,0.093601085
56591,0.4911164
14324,0.14017594
11969,0.115866646
21540,0.9648716
81858,0.0017262799
106230,0.8575826
69129,0.8212586
24554,0.11500093
64424,0.9332992
48446,0.96607465
16609,0.567927
15312,0.14611831
87609,0.001317954
112657,0.85458213
13616,0.83697474
98249,0.09762037
90082,0.0030572368
84035,0.0010371449
95395,0.61340684
89989,0.00267853
118965,0.45393902
122334,0.36062762
103135,0.16428022
52015,0.31754166
78334,0.0016403642
22616,0.4656488
58682,0.8237412
1838,0.7682554
96673,0.8619453
576,0.5220513
80414,0.0010453525
45276,0.14214528
119460,0.10488056
63499,0.9258922
12185,0.7063239
97770,0.5082015
3422,0.1998292
72549,0.8220995
19701,0.7232896
18187,0.97874796
105287,0.7419942
7878,0.12129925
14616,0.84419554
33942,0.95592403
5793,0.25727797
5694,0.27940682
50653,0.3908359
111536,0.16728751
77367,0.00031267246
110544,0.02810094
117176,0.27510938
110648,0.039726235
96858,0.31466386
77083,0.00021554704
124682,0.1713294
90159,0.001786091
114922,0.59193707
34874,0.4963516
89455,0.0017105646
120928,0.35111764
4109,0.6610354
57352,0.48845187
33778,0.50947577
3051,0.6870765
27311,0.75651866
24219,0.8747341
100432,0.24997833
103344,0.4204317
47670,0.83533454
54051,0.25956675
95859,0.578428
54660,0.8866858
10254,0.12973687
122420,0.19166031
40040,0.16436875
90270,0.0016634428
98309,0.6437837
74081,0.15737812
40749,0.87931424
74147,0.12014296
97997,0.83015
112617,0.79424375
46812,0.08282949
17177,0.21454509
99381,0.7628174
15450,0.9238985
101774,0.878529
65091,0.7855735
2335,0.13415737
107753,0.34008476
97762,0.09258849
18558,0.42055368
46491,0.7410483
103725,0.6951856
65630,0.40364715
88136,0.001015375
70706,0.13217442
32254,0.9400252
24595,0.15196688
110051,0.035973992
34790,0.41252697
124215,0.86106753
104938,0.18314183
82841,0.0008409999
116198,0.85759515
90173,0.0016835484
47290,0.38469714
106807,0.8728027
45887,0.9492553
95658,0.51417315
69888,0.26329017
14577,0.96190464
60249,0.4249914
31776,0.9539332
44967,0.86267865
55397,0.14195828
59798,0.8879999
23488,0.36075032
116751,0.21741828
62777,0.5677333
115582,0.38677835
17234,0.7502446
35343,0.4789414
98997,0.122803345
47100,0.8740786
9275,0.34973127
114652,0.41346753
98596,0.6890042
91662,0.0014179074
747,0.59418756
50721,0.5055913
71718,0.22144309
102161,0.71571255
14767,0.9575291
40732,0.89811164
108267,0.3445793
82556,0.001144824
16381,0.0912491
110583,0.03327406
93009,0.902395
43346,0.8809639
40757,0.86575156
88508,0.00428544
58545,0.9205184
6594,0.46289372
41760,0.3124979
105485,0.13941738
30897,0.6701865
4224,0.81460655
65956,0.40101367
5996,0.11174891
12194,0.13953835
48993,0.9692286
98026,0.9515323
120765,0.34007686
101283,0.1258722
50268,0.4509978
75757,0.00023055772
68488,0.12768418
8644,0.7915135
9987,0.33133444
53530,0.785685
76642,0.00036850566
84204,0.0015203239
78201,0.00042019167
65689,0.91925913
50372,0.4003868
103724,0.64820826
122396,0.82199407
2397,0.24406745
46914,0.8899783
75787,0.00014435274
7472,0.25265402
17159,0.3165817
106286,0.9656593
106924,0.3923106
20177,0.8130755
61392,0.456203
74146,0.103659645
33196,0.70461214
22625,0.56372994
74280,0.66572154
121037,0.6092274
103067,0.12772934
83131,0.0014540732
94238,0.9347329
30126,0.1092103
27236,0.38115612
115990,0.9285625
41839,0.8998048
56548,0.8004601
123927,0.9274543
17624,0.21730556
87107,0.0014972748
73277,0.48075482
100006,0.34035715
61569,0.7605179
13292,0.15364102
118638,0.15078366
109958,0.2222339
47450,0.16010725
12577,0.62161005
48491,0.9351769
52932,0.30736023
72700,0.18858284
30670,0.98053896
62599,0.36112398
96933,0.74273974
15197,0.37930942
89179,0.0013417681
1063,0.5735434
73302,0.35373452
65165,0.21108833
42717,0.41294053
23158,0.3952747
63466,0.89905816
91141,0.00090301345
71154,0.36442104
79083,0.0009430966
13344,0.50560296
33844,0.8652689
114940,0.51246965
57208,0.7844587
97186,0.56752014
37627,0.935905
123991,0.85943043
57992,0.8908602
11782,0.1636326
51377,0.13420907
49713,0.173619
50719,0.23397909
36515,0.928331
71665,0.41727224
19879,0.13501966
32055,0.6104187
4185,0.43594337
73336,0.15185545
117311,0.8057015
49892,0.35930723
27638,0.37049532
114279,0.44695997
60356,0.25847745
25881,0.1515402
8188,0.30924812
107456,0.16774693
69400,0.26445028
55655,0.1844193
93497,0.24355792
106161,0.70950544
34499,0.81555086
77608,0.00036216757
7517,0.306561
63097,0.89806664
13808,0.6729617
20698,0.9256236
115247,0.21847564
119899,0.38910756
20852,0.09296398
106799,0.82583684
25524,0.97934383
63770,0.81010044
46981,0.9040281
10476,0.07849547
17303,0.4263266
105348,0.7688428
19727,0.6788083
101104,0.7854994
72764,0.22786646
10417,0.16566753
64242,0.9203017
13484,0.7262468
65128,0.39278522
110674,0.024443919
104778,0.2103131
29981,0.14580715
53717,0.1193535
42453,0.9634398
86882,0.0015080129
4258,0.91478217
48220,0.94093144
111803,0.4549782
68360,0.749868
64961,0.21886599
35061,0.90968853
4420,0.90809613
90284,0.0019143962
78140,0.00024613168
68588,0.35779315
88539,0.0011946897
28084,0.38310927
41225,0.980356
123391,0.8929443
75797,0.00018376198
122436,0.71315765
19743,0.27526718
78556,0.0010442581
94849,0.34465235
64695,0.79674655
70642,0.1589649
67544,0.5987307
26565,0.3478129
53412,0.70739913
81080,0.0010756806
86618,0.0011188943
35331,0.12355578
91087,0.0011754956
13547,0.22194481
34712,0.98484623
93483,0.12150416
55672,0.78836846
35327,0.20843539
6361,0.2631113
52021,0.22561938
1530,0.2130799
84557,0.001958422
32805,0.3665038
8844,0.7291329
31548,0.8885954
20906,0.26127037
72860,0.23294343
116480,0.6958935
29924,0.10972748
52642,0.33678594
56698,0.207066
54803,0.7996682
90729,0.0011254477
2363,0.580316
101866,0.11689922
57320,0.8165985
80667,0.001691063
39040,0.96180785
74614,0.77960765
57568,0.8207922
97313,0.67417526
10699,0.15796995
28265,0.33153558
34214,0.56116444
1427,0.20197648
43532,0.9412829
87680,0.0015586979
90161,0.0013123907
28883,0.75989383
101647,0.80962557
20138,0.12197779
42751,0.8301936
88759,0.0012139566
104542,0.4365242
118260,0.21337137
115200,0.37040043
59145,0.23546092
121814,0.87124264
38406,0.42820904
116815,0.17150483
71051,0.3819691
93350,0.33938628
412,0.64245015
36623,0.57711655
16317,0.16561568
102889,0.12586188
95999,0.4971213
19217,0.87727815
37602,0.31201935
6814,0.5422184
40747,0.9126379
93672,0.12378134
81348,0.0013341138
75833,0.0003045085
48868,0.20166688
71712,0.1507241
113031,0.15653075
79720,0.0015755923
95093,0.1106095
36325,0.8990771
101821,0.123810396
27512,0.32573628
112624,0.7655888
83442,0.0011022037
9455,0.08600383
26606,0.7748725
104980,0.24386415
82355,0.0015088539
40628,0.8972206
71868,0.12717174
25827,0.10956844
10883,0.7407086
35241,0.89016247
25875,0.7626388
696,0.9328302
11707,0.13230637
56750,0.62793976
16039,0.25850877
96319,0.19240765
8590,0.8588597
43191,0.85933286
58441,0.592397
25362,0.9115627
7820,0.17796582
50784,0.20549189
61214,0.7679935
65681,0.9582785
76675,0.00031633044
11827,0.09579541
17888,0.9374392
23113,0.43487772
29903,0.13523088
79150,0.0012640198
23130,0.3702966
17596,0.8283488
9921,0.09322713
49605,0.84288895
124675,0.7919358
7677,0.7496512
7265,0.102878295
516,0.52975994
106416,0.18998222
94152,0.7254926
61045,0.57479227
98739,0.092644
100679,0.24066594
28610,0.382391
100140,0.7035706
13398,0.5303806
6671,0.16672087
36582,0.3523923
14848,0.15837656
89350,0.0014238504
17735,0.14448819
2490,0.18417081
109461,0.086100735
7811,0.14206544
94348,0.2455552
42679,0.96738917
11772,0.22421606
3556,0.21482778
77666,0.0004159636
55804,0.80215377
86880,0.001508797
9209,0.8764461
72689,0.3280335
107364,0.93755305
81271,0.0021177249
65086,0.8457106
4443,0.7767783
103211,0.163163
3779,0.11797292
51609,0.28971237
69373,0.28108194
67370,0.10617105
100727,0.12390095
123144,0.79969764
16981,0.8425451
92637,0.31416702
46395,0.90092856
95583,0.41476652
120430,0.39304137
46187,0.9480212
29096,0.39441386
92149,0.11577817
87315,0.0010385376
2949,0.67935145
38200,0.51929075
26088,0.19203891
11378,0.14541449
41286,0.32494873
56403,0.9230452
71429,0.08013833
51539,0.17165713
104495,0.34689474
121941,0.8723389
32422,0.9805767
21881,0.9083531
105203,0.28885388
111918,0.7479002
73219,0.1627817
75815,0.0003330901
47886,0.5137001
38045,0.9824943
47236,0.27713847
122441,0.7053444
34122,0.9201487
17358,0.8582266
77232,0.00044966058
85461,0.0011472453
65431,0.14841974
61252,0.13702
60391,0.88774425
30649,0.97580737
70962,0.9502854
104262,0.38250998
80153,0.0009085923
70490,0.14100406
33546,0.102170296
124570,0.41557625
15768,0.27249
95396,0.61340684
45470,0.8890789
77620,0.0002258593
35863,0.9103811
113628,0.13426082
49427,0.7978645
5822,0.12487335
24854,0.14943862
65868,0.8706136
1649,0.33492875
71977,0.07761511
88076,0.0010609122
87682,0.0019042379
67323,0.166546
123179,0.8101985
45490,0.1672624
68229,0.14616726
5564,0.7473682
43804,0.45899704
17822,0.5896569
119147,0.78141135
23991,0.33690172
104375,0.6899579
64747,0.38942695
67703,0.4476236
43179,0.83703405
63567,0.9537544
84699,0.0013767108
99993,0.13297422
79681,0.001658932
50815,0.6998234
61751,0.72396946
30212,0.18240981
100995,0.3917061
41726,0.60268134
104814,0.3418723
39616,0.1298145
13716,0.12558915
47460,0.5357104
105564,0.39974394
115583,0.78458774
103669,0.29204437
90321,0.0012196725
76852,0.0002972542
103301,0.078099586
86734,0.001393207
6833,0.86860234
112067,0.16430935
38499,0.18484002
99936,0.09748255
111751,0.5906506
74508,0.110387936
64788,0.2079828
92043,0.029988376
46884,0.90367985
111232,0.13813992
94703,0.24712941
36767,0.9215315
43537,0.7458313
25412,0.9139
46496,0.93331105
117369,0.6745666
106051,0.8258089
54288,0.4324278
108508,0.37778395
65995,0.19049315
32285,0.20643485
48059,0.1691595
35999,0.8998318
97769,0.15276068
35013,0.9364447
28727,0.81067175
43709,0.92730576
918,0.9687482
74524,0.15876314
36304,0.88817495
81891,0.0020050518
108569,0.82861793
54640,0.71711415
55800,0.88676745
84717,0.0009129046
58522,0.45820048
13676,0.43942934
23014,0.93483907
13674,0.39048398
25578,0.8366003
77423,0.0002337428
54032,0.7175505
73195,0.32899198
35693,0.7931556
50886,0.19329247
32066,0.88225347
42317,0.18601398
63256,0.53200513
70761,0.1364318
13865,0.377154
49104,0.8173374
67278,0.65196085
109536,0.082858816
81085,0.0012542581
66520,0.13024822
43298,0.79650164
25111,0.8759919
8183,0.15978919
36759,0.901051
15946,0.21011816
35834,0.37553886
99523,0.3536624
45785,0.16502917
6888,0.11625255
12863,0.0757654
26821,0.8967587
3283,0.25854772
54231,0.1998091
46290,0.9444398
47995,0.89071673
50352,0.4694079
73971,0.7610824
66882,0.30227527
99253,0.39083692
43834,0.114112884
87640,0.0014905758
53470,0.8988097
53805,0.8282026
96999,0.15862343
116840,0.15799218
34845,0.89854145
112443,0.56601757
96291,0.19986734
46554,0.92631066
97960,0.09792459
92063,0.17138033
42993,0.9702931
74281,0.1168304
18330,0.11500093
390,0.794321
31497,0.95450175
45818,0.83836234
109501,0.1083978
23449,0.117271975
123979,0.44947714
103995,0.16663729
42252,0.19638671
2138,0.7198723
40,0.5439732
62362,0.95341754
69969,0.15882722
10140,0.21617883
37878,0.9400309
103023,0.12935524
97363,0.8525754
63910,0.78700894
110813,0.019951219
97084,0.1582928
90535,0.0011589123
102826,0.8305838
103,0.86509085
26662,0.8490821
107464,0.1573246
68659,0.6707414
103166,0.113337785
95420,0.13804145
671,0.96403354
94059,0.82587636
9402,0.12465002
54126,0.24850814
24057,0.48389363
108849,0.014615869
25427,0.5904609
30235,0.93712324
65807,0.45505354
29209,0.8136688
53019,0.87149173
76187,0.00019842225
69995,0.1179873
8030,0.7092344
15516,0.95600986
37033,0.97200024
123284,0.92666775
106092,0.4113208
52940,0.31550255
6131,0.13460922
77086,0.00021378357
26365,0.37565058
101455,0.122471385
122109,0.6457799
31713,0.9211083
104717,0.16270053
34634,0.9778596
47734,0.48726776
122913,0.2396549
13755,0.19101173
24920,0.4202888
56363,0.6366403
26412,0.7683686
81127,0.0011626552
92400,0.69337404
93008,0.90003204
2292,0.6308951
2324,0.12010415
77959,0.00017927002
41932,0.94993997
71338,0.7321657
12618,0.8230493
70091,0.811301
97016,0.72817945
58147,0.7441215
104396,0.34217608
58953,0.8909019
85947,0.0018212759
73488,0.6114605
25770,0.43419603
79576,0.00095767167
124256,0.8760385
1311,0.59359944
1104,0.4548192
75938,0.00017185514
30309,0.55415
42139,0.88027817
69810,0.18917187
26739,0.3759441
31724,0.951972
5330,0.44496074
106246,0.48705152
34244,0.9288244
31640,0.60161257
112342,0.37640646
77865,0.000354557
18814,0.9071857
41107,0.8871595
30882,0.92415994
59350,0.5954582
119119,0.47493523
109926,0.0373774
67829,0.65891045
109196,0.028869102
86910,0.0010261339
15904,0.10797181
117736,0.84980065
72649,0.12516813
34038,0.10392488
52891,0.13142544
60429,0.38784635
7903,0.70579714
3648,0.19253655
92909,0.9156922
50306,0.41109598
18816,0.925268
110999,0.23904401
51474,0.769379
5891,0.2052599
41866,0.20195395
59263,0.25224712
75274,0.00021119494
77176,0.00020553477
7806,0.15572245
72124,0.20239383
54453,0.17021085
49009,0.9673579
87488,0.0016951317
123409,0.88175076
111118,0.1624709
20403,0.94235474
83444,0.0011774366
8561,0.3175377
81419,0.0012144917
34718,0.983887
33626,0.14851534
39538,0.9312736
4327,0.8015444
31648,0.5334897
46274,0.97342366
18877,0.5842423
46570,0.9304279
96639,0.61473656
121609,0.8510026
123186,0.90196913
36050,0.87639064
80150,0.00086463
6726,0.5542518
73594,0.39520103
113519,0.6663132
120265,0.721492
95887,0.6699906
40871,0.803653
13488,0.2330881
50219,0.65760756
53337,0.809046
35534,0.80548435
98844,0.12941962
25471,0.9456322
17081,0.4034781
105410,0.693885
85115,0.0014339131
4744,0.18553479
4606,0.85113966
94566,0.38599867
44287,0.582725
13643,0.12415028
79621,0.0012636689
93280,0.16932687
32950,0.11819698
34256,0.12447182
107293,0.8242531
113790,0.76901513
115872,0.3551252
7166,0.5336379
59616,0.9755499
74973,0.00015398792
104499,0.14386483
16445,0.16160148
70694,0.7410365
13115,0.9613514
6523,0.13515443
25506,0.98128074
20172,0.20539017
38148,0.5922956
68215,0.68567824
14226,0.44732258
101540,0.2890713
118660,0.7717019
52676,0.30299288
24059,0.48389363
36666,0.16451894
105293,0.76565355
86454,0.00097610627
108974,0.015325002
74198,0.12618984
58671,0.58295274
70830,0.14992549
2689,0.117780246
54709,0.7228373
29582,0.3716685
820,0.95312124
32442,0.9000922
71711,0.15938453
6029,0.11732288
27062,0.15157233
37102,0.90286744
61084,0.9457259
12861,0.09258616
121558,0.9007913
39004,0.96488625
66613,0.27706593
115199,0.46778193
85517,0.0015299028
23832,0.5217143
103494,0.1624219
120034,0.33569938
120074,0.2016683
16028,0.15324926
117746,0.838454
12456,0.5780416
79374,0.0013079123
5194,0.92614055
70981,0.8134548
117183,0.2515933
110032,0.030591292
89210,0.0011171779
34683,0.9630563
30870,0.92847824
35611,0.9527647
60204,0.9193806
34523,0.8005283
57612,0.8628193
91814,0.11156913
17743,0.67545825
117661,0.76911515
64392,0.92255914
38020,0.9819313
9060,0.68950754
6746,0.12779316
116406,0.65748733
4344,0.89087576
114958,0.3946215
97277,0.3119975
58084,0.8962107
117035,0.29386026
113129,0.15305735
82466,0.0010183336
8631,0.25208116
95322,0.17396131
69177,0.113588735
77663,0.00033095287
37096,0.41245437
104157,0.3015003
38121,0.32684708
50967,0.40385166
8724,0.137486
90521,0.0015783868
38817,0.9025215
32629,0.9693299
25669,0.71850157
88355,0.0014399004
39804,0.93965864
69657,0.92072827
97618,0.65561587
118900,0.38371658
104065,0.14704055
43699,0.83237284
29965,0.12991227
53483,0.3237091
122626,0.86780125
85744,0.0018093807
33429,0.23787253
42689,0.9789305
25511,0.9771285
11830,0.08194868
6108,0.08177259
11422,0.24781509
101373,0.19772604
120764,0.5210393
69356,0.33270484
120577,0.16268526
121888,0.46582302
40774,0.9494052
58572,0.970656
119114,0.18196459
20675,0.8910465
84881,0.0021251068
83166,0.00092844805
69026,0.64237845
67941,0.22756796
73252,0.17507048
2863,0.09214581
116848,0.5179228
121304,0.38556442
5047,0.9787674
63479,0.90370685
10163,0.430283
109174,0.11413866
115575,0.21248144
22290,0.94710934
3287,0.3059569
12325,0.81164247
89980,0.003052652
93958,0.13533002
106543,0.42492673
22476,0.96184564
118478,0.17894137
101064,0.24768782
87748,0.0015161567
21173,0.114462115
115152,0.8266323
3146,0.22265913
44175,0.1739116
63215,0.92575216
76242,0.00029057555
92332,0.7585127
33090,0.9098305
36230,0.16076069
9357,0.45534748
96940,0.88769937
66086,0.29178387
95402,0.24131124
92456,0.6117466
31888,0.9811881
116324,0.4485547
43086,0.23835985
34427,0.921208
121177,0.17344692
97411,0.8660966
92988,0.88204956
69243,0.15247561
62159,0.8471039
76119,0.00013446886
90482,0.0012403552
110135,0.022118049
115755,0.8231675
99013,0.7336038
84143,0.0016321152
104743,0.23129873
109522,0.019388106
87175,0.0016539784
59840,0.8555829
80541,0.0012958519
23811,0.43791232
65568,0.3775134
96455,0.15784292
39867,0.8828579
73315,0.4774686
68866,0.09685107
82970,0.0010126652
80138,0.00097173627
100550,0.42255753
77859,0.00017254408
23393,0.48827714
52441,0.18954387
8327,0.08431202
57522,0.4073494
105976,0.8841289
96889,0.4737487
121588,0.9536395
40668,0.9493198
52074,0.9238769
51469,0.45332026
103058,0.12699108
11066,0.31078658
66855,0.39742482
68635,0.65817213
81374,0.0009245388
18466,0.7275739
104268,0.322555
79926,0.0011066188
121548,0.8021053
3151,0.15466921
95690,0.38686123
77853,0.00022439689
83811,0.0008669697
72130,0.6420573
44476,0.98925906
116932,0.73848176
77703,0.0004228284
81667,0.0017408486
114805,0.8211447
97571,0.14438903
73005,0.9060273
55164,0.14865936
16966,0.3035655
57068,0.91629046
16836,0.8473017
47658,0.8907814
99592,0.7616472
10197,0.115458086
69568,0.13911666
94949,0.40455717
110195,0.15861094
118557,0.1865145
64272,0.8785116
44862,0.8170659
9823,0.42455408
682,0.8761962
88247,0.0012441428
32702,0.570675
58067,0.8717284
24389,0.61454284
102930,0.16508165
74320,0.7683995
15725,0.12568054
8982,0.22468151
36359,0.94980294
34468,0.8939437
11402,0.30160913
80658,0.00081899
68490,0.3118394
114891,0.21028322
30906,0.87199414
87843,0.0016161867
63925,0.2699601
6011,0.136476
98331,0.662673
79730,0.0017489474
54495,0.42202178
14500,0.9576043
37629,0.93387026
51718,0.6714143
36733,0.94403565
68071,0.30220312
13802,0.13648824
89130,0.0011236501
85727,0.0012783519
47657,0.82488626
87894,0.0019471165
19605,0.21525922
29236,0.8163173
87513,0.0011343121
32104,0.592485
116139,0.36717623
5780,0.79654497
45108,0.97781134
75285,0.00018114534
86862,0.0011565814
40655,0.8830954
39291,0.9578824
67206,0.112584405
10993,0.13034913
25294,0.9060808
15818,0.13479403
88522,0.0018004616
80133,0.0012848111
7108,0.223114
100296,0.7444313
65883,0.62308776
35389,0.11306523
57145,0.42705235
121261,0.35377827
22144,0.95977
118839,0.3331178
51117,0.19995977
70703,0.44008708
117441,0.13259047
39107,0.97462285
105773,0.28410465
28042,0.91665053
73927,0.1892676
48183,0.9100248
260,0.86432344
79671,0.0014799562
79546,0.0012582073
97243,0.3206883
96512,0.18665214
101386,0.51654047
59294,0.8394728
32596,0.9683012
57724,0.41157302
28718,0.37717056
30658,0.97996086
91276,0.0009972337
84398,0.002297328
77616,0.00020847977
86358,0.001911321
104501,0.12831318
65821,0.23631415
65923,0.2994116
120979,0.46258444
83132,0.0012381114
80005,0.00095900794
105215,0.6978654
32480,0.9580328
21154,0.11500093
3827,0.14675137
22714,0.76591563
83765,0.0013460161
59517,0.88970363
60792,0.57173544
95349,0.20177095
5046,0.9743513
122742,0.3753806
124219,0.87834513
52485,0.7330786
102179,0.8316065
17662,0.3429827
46998,0.94862247
109236,0.033185493
63225,0.955331
36485,0.8550024
76577,0.0005882958
91936,0.019738177
7991,0.102562755
119776,0.520211
74292,0.1604077
82083,0.0009431312
86849,0.0010544504
70984,0.78291184
11208,0.6483604
116635,0.11292518
5918,0.48615047
13829,0.10809998
28812,0.91007864
34748,0.066014625
12792,0.15674138
66821,0.32543722
91961,0.09700916
16032,0.121857785
59786,0.5891497
40326,0.9434347
73920,0.42197627
89756,0.0012501035
117324,0.16584982
12643,0.44285205
98838,0.268154
9166,0.121540375
124846,0.9535142
114821,0.727326
100880,0.8824738
26968,0.8211909
114123,0.22875299
117707,0.6513147
55705,0.4372251
115914,0.32279944
10688,0.39317358
56881,0.9124314
112832,0.31593195
86891,0.0015414306
121519,0.77290374
98008,0.89996415
62096,0.4068968
34373,0.32818383
41156,0.97260416
84870,0.0021869484
34981,0.9154105
113522,0.5141382
86256,0.0010756232
83598,0.0011486192
50391,0.42746356
56884,0.92332035
59054,0.9574277
102542,0.11089988
102394,0.12503871
84603,0.0016820711
67099,0.34304312
51673,0.15919454
34673,0.9830094
34667,0.98248875
76993,0.0005172816
14341,0.12828578
48611,0.5599485
97832,0.15718472
9416,0.77050966
69676,0.91983217
86387,0.0034021628
102153,0.71085155
53306,0.8236684
67861,0.12921712
82745,0.0010845787
79102,0.00092336093
86342,0.002174838
68729,0.09056299
115299,0.37980834
115498,0.53855336
118318,0.15933613
45167,0.13891253
81605,0.001251877
10656,0.13648824
60454,0.21967633
65642,0.5679648
106996,0.43906003
21680,0.7775463
90973,0.0010563184
24063,0.17791826
34182,0.893296
64871,0.87913465
43225,0.8897986
63636,0.9536846
95705,0.25833672
99009,0.6547835
38113,0.69408745
29444,0.14893045
54839,0.38354445
3468,0.1715471
92111,0.50649947
56775,0.8385865
40447,0.9282748
77018,0.0002128841
13126,0.8064455
76919,0.00030292547
29943,0.13134262
67637,0.14305677
72703,0.3815465
40435,0.90506345
81129,0.00085755374
118914,0.5741704
41561,0.8921471
79519,0.0008647816
56104,0.9353839
73412,0.381515
21872,0.8616126
40814,0.92293316
114030,0.11528755
118319,0.15862681
99701,0.7127639
75693,0.00016584432
124541,0.53648776
29000,0.40645263
6911,0.34789014
13297,0.8396307
119042,0.44599122
54044,0.15977973
101799,0.2603054
56612,0.8771124
108291,0.47606564
33199,0.89009076
105078,0.6923096
111561,0.7020122
58624,0.9779888
71484,0.19492762
29878,0.14229682
37233,0.9563957
28985,0.15745866
14749,0.9623575
33690,0.5567965
116536,0.8270697
28770,0.696018
79435,0.0007169829
107224,0.9829553
68791,0.09946673
115985,0.8921003
114267,0.7752045
102702,0.6160798
94922,0.13316946
76574,0.00033616766
81806,0.0012166017
4084,0.78491
95829,0.14933746
105033,0.12659064
75278,0.00014241623
17117,0.17619018
37056,0.9730042
68221,0.32731438
113384,0.110074334
73762,0.51336515
53158,0.88206506
97008,0.7696716
111426,0.13389915
89098,0.001066888
75178,0.00033112074
109962,0.18256609
13182,0.7138716
376,0.18111148
108559,0.32657158
37761,0.5665489
74551,0.92717385
118586,0.5018855
31774,0.9445329
69093,0.19885224
117120,0.15205486
45938,0.88800645
42721,0.9491189
31457,0.65678513
109264,0.065298274
6909,0.49561307
78426,0.000703966
12955,0.23777606
22983,0.13136952
108318,0.17868988
47601,0.90254396
80113,0.0012877261
72760,0.30679828
74722,0.17321531
889,0.96367556
43857,0.35555363
54601,0.18287037
33099,0.117645174
10068,0.71571255
57430,0.85372555
94622,0.38627818
78893,0.0013759296
50218,0.66259927
43470,0.9425381
71197,0.32460716
68251,0.33270484
103370,0.11973735
63777,0.86320674
100617,0.8285441
77705,0.00038106844
96653,0.46448755
74398,0.46601546
91561,0.0025358445
53784,0.4023158
105612,0.2484068
52855,0.13127056
109273,0.0109696705
100954,0.26081976
65746,0.18890667
29674,0.15590526
2293,0.59387594
10832,0.6455433
88234,0.0014218843
15342,0.15795316
5134,0.4444731
81868,0.0015029494
58842,0.77694887
45710,0.5633359
120795,0.37468106
94799,0.27436745
87920,0.0013794289
84180,0.0013291377
46618,0.8993716
102798,0.16524453
96365,0.18680425
30008,0.11026038
81620,0.00094145996
91100,0.0011295414
36597,0.8780709
89564,0.0013155957
26752,0.7236737
70874,0.13487369
85620,0.005607207
56617,0.9226728
119929,0.2971671
95898,0.77245396
109087,0.08449069
122255,0.21201277
10611,0.66455877
15518,0.9493395
78661,0.0011228337
26260,0.22573614
104627,0.4858447
103826,0.83871907
29082,0.7177239
44863,0.9555144
95146,0.8887337
61453,0.96349174
57799,0.2025313
39818,0.9626319
100926,0.06399399
92884,0.8403156
29628,0.50447583
6912,0.7579881
35997,0.62638116
61980,0.77320737
95171,0.3065142
80624,0.0012977213
20298,0.8824559
70030,0.3179784
109114,0.112799205
100789,0.15858935
74441,0.24185397
104276,0.37556916
119281,0.39202115
46941,0.9341804
14050,0.5924697
63516,0.9382395
72034,0.22161506
122900,0.8798792
103757,0.52540773
101669,0.7925013
24245,0.16372475
85308,0.0017920654
120084,0.2169119
85868,0.0016920641
21689,0.8963147
108237,0.9134929
96574,0.15991873
107962,0.40879717
31441,0.34129825
96197,0.15255468
122373,0.43710902
77860,0.00020989329
60382,0.8499138
109816,0.015334278
81084,0.0010181323
98398,0.7119176
48767,0.69256306
24119,0.11916875
37951,0.9567121
103843,0.19260132
90372,0.0011158187
54037,0.74712974
123011,0.25667435
13078,0.90324044
67882,0.1387711
81143,0.00081647397
65851,0.83692175
67976,0.6929156
19256,0.49370274
58385,0.38973442
74267,0.12617998
122061,0.13323471
86462,0.00094064313
115097,0.32166162
94557,0.45977813
41384,0.5945172
10816,0.6890344
84859,0.0025589848
29114,0.7928459
33615,0.42208734
54704,0.739167
94382,0.12584795
78836,0.0015999615
10835,0.094471395
34955,0.84986556
76411,0.00018908751
81937,0.0012468613
96105,0.1874567
71296,0.6993032
49481,0.15748222
16831,0.467194
88973,0.0031102414
106606,0.14236341
96592,0.22086027
122391,0.18105997
94989,0.68480945
28945,0.72965354
62795,0.94531244
76998,0.000666338
37645,0.969249
18200,0.9788689
101940,0.7123382
16012,0.09646749
89565,0.0013195674
31882,0.9683347
75559,0.0002145665
113407,0.48490825
76995,0.0005394871
109,0.9201741
9123,0.6850728
125018,0.2162902
94358,0.5295653
32434,0.9801415
122281,0.29029456
78629,0.0011748055
96075,0.57719064
3277,0.27870697
67202,0.17064242
99709,0.77886593
54447,0.4689615
80980,0.005048587
14103,0.76993185
93546,0.080143705
125101,0.1818889
14579,0.9560444
58273,0.9538236
26286,0.4465528
89282,0.0010135792
115849,0.8260848
110565,0.019420529
52598,0.22108367
102327,0.124777906
100945,0.61152864
72695,0.18395557
112421,0.32982847
67581,0.2672593
6522,0.100559145
411,0.67844176
3678,0.14675137
58077,0.39812505
94838,0.735981
26224,0.64919496
1329,0.88084143
96195,0.17650637
31152,0.09903345
22499,0.8556913
38258,0.94962186
88264,0.0010401064
3776,0.17945138
111621,0.3479736
30043,0.1749872
52703,0.42697123
75056,0.00018591883
19666,0.94329876
89811,0.0012141065
51676,0.16129608
99281,0.14357921
119544,0.7372193
59585,0.9768489
34216,0.8534874
93631,0.3729654
72218,0.12570035
70683,0.6173309
77313,0.0001999147
99006,0.29771385
123713,0.29678884
62854,0.82731706
116263,0.47910953
52780,0.7566248
61337,0.46631715
121069,0.15904638
40450,0.9618385
116724,0.69188845
88252,0.0011965596
20476,0.8232837
33836,0.075969435
14780,0.9757682
32064,0.5106242
3862,0.6700375
66270,0.27077466
36137,0.9466362
46446,0.9671139
29889,0.11616779
109157,0.022922754
124230,0.8768531
117478,0.32050267
11258,0.121540375
75531,0.0002488678
92594,0.10157017
27678,0.4297085
48088,0.15095977
116434,0.20508964
51470,0.7701918
64537,0.8918672
44605,0.974574
78618,0.0011295468
48354,0.7782777
61697,0.889905
11506,0.111523256
3578,0.16777371
96069,0.44636282
19458,0.87755996
88692,0.0010799541
82033,0.0015388122
112578,0.25286248
15333,0.5132785
20950,0.46428996
120530,0.2707918
102100,0.112280846
88580,0.0011556691
2720,0.08336037
32634,0.96596485
98486,0.32501727
95701,0.26343185
1984,0.16529976
59223,0.91782093
5674,0.23917812
89430,0.0013218436
14031,0.921797
87218,0.0014271947
79619,0.0011722528
103059,0.11375741
49147,0.2033628
94210,0.7971009
46712,0.9809491
120809,0.58966994
13022,0.35659355
54840,0.3219163
90446,0.0024528145
47630,0.94568413
61514,0.2301824
108612,0.36434639
88517,0.0021623457
59901,0.8028398
43734,0.91919595
90505,0.0017990017
80675,0.0013810219
72995,0.8746459
77738,0.00036627077
56195,0.71553713
302,0.46511802
52378,0.31892788
29147,0.8368508
340,0.48314294
86201,0.0013624338
121107,0.7810403
11333,0.22458276
52704,0.7378404
30763,0.92226297
21226,0.11500093
74840,0.17076682
98200,0.9611628
107312,0.89313227
17263,0.35774454
98325,0.65976125
112028,0.29638582
117630,0.78267944
57184,0.8350736
118151,0.21904302
59139,0.51396155
69565,0.12532881
79711,0.0020442272
117415,0.17212239
88013,0.0016426852
103201,0.33244097
36618,0.9612984
46909,0.87021285
80128,0.0009864884
30920,0.45331305
24840,0.51540035
112906,0.388079
469,0.18007693
21256,0.15421602
41919,0.51511693
16871,0.4663503
34809,0.5163055
70924,0.8387758
84136,0.0019212454
59305,0.88898325
92254,0.2813687
5758,0.11782523
11444,0.17574438
48863,0.21745656
114789,0.40879503
113349,0.6464591
91402,0.0017071132
67693,0.28359497
86836,0.00158897
19239,0.4909567
35721,0.91326624
95118,0.47555605
118204,0.16625333
74308,0.698861
34223,0.92130363
45004,0.15911621
100526,0.8232399
124872,0.95566875
64942,0.25365108
1357,0.9095864
10370,0.47822595
103421,0.5716611
66445,0.17890555
123543,0.82416934
64446,0.96851003
96902,0.36668336
106570,0.26946887
79033,0.0010742561
79290,0.0010260043
21013,0.9351278
121074,0.18614897
40241,0.36969382
59961,0.64555997
36549,0.8880387
66633,0.07986893
51457,0.7932938
37486,0.52348375
17510,0.15525147
92250,0.12387945
22074,0.7962272
73097,0.41169968
96047,0.6572912
41043,0.15294021
35473,0.4381127
48172,0.47654346
83688,0.0011232734
104957,0.29954022
119979,0.7467085
119645,0.35362443
113331,0.26584086
109566,0.011480226
11259,0.53322756
3316,0.15839979
114384,0.18559352
46226,0.5625785
37729,0.86682385
72210,0.25213274
17674,0.8313327
31154,0.532499
55355,0.8842009
40084,0.94157505
46245,0.9153831
114291,0.28011525
22466,0.96315175
74190,0.13141605
55746,0.7753338
74024,0.1480152
24698,0.93793726
66472,0.18984228
98047,0.164365
95883,0.36224547
46203,0.9557121
21629,0.86518914
76276,0.00024143321
67828,0.3568762
77252,0.00047859576
78676,0.0011570437
70195,0.47160786
86903,0.00096524676
5660,0.31317967
49142,0.15531898
15883,0.92523724
115753,0.69196224
96176,0.3065481
40600,0.95051765
31013,0.9198963
117532,0.7808648
105133,0.6279103
41713,0.16860247
10444,0.07809844
99580,0.5900831
16505,0.55223393
124400,0.3190031
93413,0.24652132
115130,0.4593326
105807,0.13663843
104500,0.5906406
78918,0.0013892746
30385,0.95986193
42886,0.91684705
58667,0.5805613
24266,0.8792376
17990,0.7471747
59418,0.75363606
3878,0.1404021
4140,0.38727084
93774,0.5222415
55377,0.77521974
70960,0.6840984
78010,0.00026668425
7051,0.8296037
108499,0.7406534
115457,0.6000854
113912,0.2519136
13470,0.77308464
89302,0.0011146878
15816,0.1343132
39376,0.8805428
63623,0.9444495
58210,0.9542821
54278,0.5391545
94751,0.1779307
55748,0.77954364
48946,0.18766315
12447,0.22186269
81096,0.00080683094
121837,0.4801817
52008,0.49408647
104292,0.7221888
20648,0.89814466
86218,0.0009367602
13654,0.12771599
113602,0.15011567
4042,0.36516315
8210,0.70252097
55049,0.2862128
112201,0.57312953
85597,0.0015099297
51192,0.8425929
16338,0.13142811
120090,0.79664075
86992,0.0012634558
113742,0.35190827
5499,0.76323175
96580,0.30115685
42537,0.9794185
83875,0.0017812779
38143,0.14573652
47269,0.44166887
22212,0.8790671
12165,0.26891768
28203,0.3831558
120758,0.37361932
22519,0.14145869
66956,0.31035787
34590,0.9512665
71310,0.19354455
63146,0.87507117
97464,0.96067506
59256,0.45726007
23858,0.58450186
51818,0.8613443
96425,0.28638446
62358,0.94783074
26527,0.15693252
21976,0.11500093
53112,0.85297847
32587,0.9312151
67533,0.8293457
34578,0.9528544
52095,0.9656293
27481,0.17158444
100917,0.4386498
124643,0.94029564
84208,0.0011050628
77882,0.0002927436
11274,0.6401963
109843,0.016736085
41677,0.41438538
34836,0.890376
33770,0.0982939
47398,0.978453
62543,0.91356003
50533,0.8824151
98612,0.12804903
85902,0.0012155888
54870,0.5114227
41207,0.97934455
71530,0.36989102
119550,0.21290216
9889,0.11573715
3030,0.616634
7574,0.35556307
11195,0.096306615
90548,0.0011965927
54667,0.9010775
68799,0.09545259
58286,0.9529647
61684,0.24137823
91043,0.0013187678
100422,0.28372937
70199,0.47160786
30851,0.1721172
11083,0.12899691
33432,0.41190007
30811,0.9720044
1674,0.18793587
77762,0.00032473786
41266,0.47886708
61845,0.9021607
3246,0.7404642
16413,0.09526186
64142,0.76082665
1566,0.45004705
118336,0.78166324
56499,0.9085598
79098,0.0010212191
100624,0.41384116
66250,0.16098121
61939,0.8895207
17592,0.4133851
23634,0.89088655
50452,0.7943133
18314,0.11500093
45075,0.9603466
115010,0.82700574
83629,0.0011752078
63010,0.8029451
63303,0.4180851
12628,0.804109
77485,0.0005177692
87210,0.001726062
48498,0.8706672
60632,0.42442682
67336,0.2918813
57387,0.8687451
47393,0.97971386
77017,0.00021591134
24357,0.68983895
49412,0.8786343
23951,0.9057118
110211,0.053474292
24467,0.13749449
105322,0.30711898
107702,0.35413378
46107,0.50934184
16340,0.1429582
22081,0.40464422
30960,0.85647315
77127,0.00020755491
67812,0.06483627
95605,0.32188058
33756,0.12435579
11024,0.12090417
116516,0.21840672
101227,0.11453343
94404,0.33904713
27876,0.3519312
84004,0.0012726252
51867,0.93508697
13324,0.5110986
98676,0.20858689
44112,0.96802294
84949,0.0011853284
87558,0.0014777663
21716,0.9423992
21161,0.14719374
30334,0.926496
15955,0.12978841
40327,0.93884456
74042,0.21879704
86016,0.0014453805
73941,0.3142259
65287,0.7585822
77814,0.00020434943
53490,0.28661922
49320,0.52740777
13257,0.20021412
52443,0.66366786
82575,0.0024761318
16431,0.36302745
83148,0.0010137289
28501,0.17899628
109724,0.012297826
64651,0.80027837
16473,0.84786916
94599,0.2738775
38383,0.9163261
55082,0.9172841
123609,0.7884574
32145,0.95796454
57842,0.89623135
101521,0.3351233
112876,0.6378209
99621,0.47121632
72052,0.62819827
49869,0.7374267
92866,0.15903582
9832,0.17144483
984,0.89096147
74880,0.34758043
91194,0.0011083425
120848,0.7336826
77448,0.00026440746
102068,0.5149534
80762,0.00079368526
48301,0.6216797
6318,0.14071444
18244,0.980678
35179,0.3350754
117967,0.1836719
51109,0.21991469
113188,0.21552838
57840,0.8838841
95597,0.4077662
15643,0.92133474
64353,0.16374269
98199,0.9548708
110046,0.019919002
66824,0.2620416
54533,0.54125774
10707,0.27718964
114782,0.5177586
110374,0.024003383
18175,0.974343
50765,0.8100808
50849,0.8896925
108744,0.02876443
104387,0.2342685
68290,0.36140847
103030,0.122471385
94368,0.38831604
101048,0.33833015
88583,0.0014841597
94976,0.7874474
80644,0.0010515698
41129,0.93531746
61263,0.89357215
32287,0.48046327
55236,0.6952801
111363,0.82381165
74681,0.18278383
102366,0.12978841
70381,0.12445114
60289,0.8529132
6620,0.31789064
8007,0.7365752
116588,0.8368136
61061,0.86948735
5216,0.7785722
116582,0.22406231
27136,0.11021393
48877,0.8114239
30138,0.10972748
114696,0.14448535
10944,0.16566753
86884,0.0016894161
9706,0.42642567
120889,0.8347825
30795,0.9709221
34022,0.3605159
96413,0.37610513
854,0.97446555
2836,0.40350688
111582,0.26653683
100087,0.4102562
41065,0.8322604
76737,0.0003041284
52681,0.68788266
44707,0.13094956
98582,0.12804903
91060,0.0011294957
94456,0.3844483
54657,0.88624394
104086,0.24706165
16627,0.48671398
63232,0.36726007
22718,0.7770911
97705,0.28887993
113282,0.2968363
62199,0.8777332
95319,0.21062714
53844,0.2829538
95766,0.38939568
76445,0.0003431426
100872,0.25118428
46025,0.17217314
93619,0.48981127
63760,0.68852437
53452,0.853208
28260,0.15697218
60755,0.3558255
54260,0.45135364
11682,0.16773485
35804,0.8577372
17283,0.4480784
87420,0.0009978751
21857,0.7685106
59254,0.7319965
89286,0.0010977121
113542,0.5692719
97946,0.7893043
122241,0.39506906
21038,0.36297032
20859,0.09296398
68298,0.27580786
99574,0.2254842
3771,0.17672125
42138,0.5535613
50427,0.20010935
75233,0.00017022378
50152,0.14130345
11452,0.1524873
14363,0.07147668
23706,0.97958714
85994,0.00090206624
665,0.9496124
80018,0.0008797525
66962,0.16243191
98943,0.15833156
26630,0.47332317
2716,0.09314453
48104,0.9406984
119797,0.56597257
26142,0.30871063
54147,0.14807175
72323,0.5590092
28525,0.84481585
73166,0.17684194
81595,0.0009945101
83544,0.0018358863
55598,0.6952801
106293,0.48640576
73822,0.15903082
61294,0.95180684
83623,0.0014649308
97264,0.35915273
695,0.9330885
94190,0.90230346
43167,0.5059219
93185,0.08135528
41494,0.94753426
1797,0.52386564
52105,0.6702027
48591,0.97036034
23546,0.88672084
12047,0.75235635
22359,0.96697617
113217,0.49798363
17752,0.11890833
40372,0.9795009
110717,0.21283722
45231,0.35934752
36553,0.87813026
76316,0.00023136346
88366,0.0013453113
114783,0.4894974
51287,0.2597935
94051,0.5772558
14778,0.97363836
2699,0.0892063
86520,0.0014933164
89125,0.0013836503
95043,0.24981557
45912,0.9347987
28539,0.36159432
90885,0.0021115246
60743,0.39547595
87916,0.0009591312
82972,0.0009729527
80849,0.0012422919
53905,0.27049986
60622,0.8090245
39604,0.9339232
49227,0.8339101
3496,0.13741142
19806,0.39125547
12110,0.23703596
83855,0.0013467945
104363,0.34443283
7227,0.09638733
43827,0.3660466
3427,0.32087088
15619,0.88810307
41653,0.8847675
69598,0.7262877
124711,0.26254216
72057,0.32917204
47396,0.9676626
93999,0.62408173
78396,0.0013652706
121413,0.7671901
70914,0.78340524
64335,0.8532212
52372,0.91257745
78538,0.0010996839
120859,0.673149
84262,0.0009653208
122875,0.4835111
44625,0.9777158
107092,0.9623965
38987,0.66051865
97724,0.16266063
53657,0.77147126
7802,0.13067415
55980,0.84514856
84567,0.001983591
98522,0.10965228
87944,0.0015537647
101907,0.36915645
6389,0.7340187
105260,0.4597479
7954,0.65280277
80505,0.0012949347
56422,0.88028204
21613,0.83037114
32529,0.4863805
61256,0.53114927
2286,0.6354022
120994,0.18499807
87075,0.0016630777
9408,0.23143317
77515,0.00022327625
44099,0.8871613
24785,0.15558831
100369,0.39702833
105332,0.290791
43953,0.89392287
1862,0.8647917
45647,0.17014724
36583,0.900379
79966,0.0012033954
69459,0.51214486
82622,0.0011280166
124242,0.2455402
15260,0.18225282
31378,0.8839016
25070,0.95336205
74900,0.48624244
117283,0.25071675
90425,0.0019260681
36891,0.50642115
2077,0.3293571
80782,0.0013444684
28059,0.121176094
113729,0.22704357
59188,0.8612152
84246,0.0009700648
31942,0.6639518
108362,0.1732324
102690,0.7326797
61851,0.86264086
77911,0.00032361876
101249,0.1258722
94971,0.2701366
31591,0.9203541
120037,0.35938686
1152,0.62375444
52154,0.29574275
118249,0.3723973
63569,0.96019566
7504,0.68472904
118518,0.7209909
74469,0.1032279
71897,0.37014756
50120,0.51475745
70753,0.23049183
96070,0.12416366
39431,0.7443521
104087,0.09626612
80435,0.001112086
115921,0.32279944
57931,0.5125944
101002,0.73069686
4128,0.13986835
77091,0.00025588882
123729,0.87895745
124928,0.1720134
30124,0.10972748
96971,0.6586904
448,0.1538133
49101,0.51111597
55111,0.85366523
60151,0.9305117
26097,0.7870376
75524,0.00033250471
21765,0.9651176
102639,0.84360176
35966,0.92962474
68573,0.67836297
4710,0.7406478
103343,0.16360019
70640,0.14152767
85299,0.002474042
70634,0.25477263
48087,0.15240504
93053,0.8683316
36664,0.3616596
63781,0.8597544
8306,0.18763252
56192,0.71553713
38886,0.8716836
26482,0.47873962
84301,0.0014189362
24935,0.7861433
12037,0.17431633
13698,0.122717574
47842,0.21665846
103242,0.21552314
636,0.90458417
75857,0.00033837114
114678,0.60719466
114932,0.7204591
69865,0.50166744
49254,0.4964818
37193,0.97996384
119946,0.60184926
23187,0.36060643
124684,0.74698704
86872,0.0015866599
51525,0.2072163
8703,0.11556887
6064,0.17757002
83446,0.0010656167
110011,0.03735384
82956,0.0011909391
87499,0.0012760577
82715,0.0010195271
35153,0.19696333
33409,0.1417496
27142,0.4164875
124239,0.4883089
56428,0.8591373
68117,0.30986112
41523,0.901874
57974,0.8811241
93187,0.28817186
91215,0.0017073016
88129,0.0008342241
115367,0.1986549
113059,0.3686164
19588,0.85068643
65877,0.9124826
73157,0.19880281
51806,0.8444832
84966,0.0010840937
50092,0.17871125
95524,0.17897849
124427,0.8044026
24614,0.7469562
5883,0.2052599
109286,0.012715367
116428,0.41608822
2904,0.08884935
82833,0.000931663
5349,0.6789338
1361,0.76207
81033,0.0011690708
55642,0.28538764
32083,0.9419723
41223,0.9708863
19487,0.89432865
108402,0.51003253
6256,0.57229155
45063,0.9536101
74570,0.93772745
61685,0.8766255
45481,0.3922594
73341,0.38092893
54072,0.2551257
11430,0.5980498
76032,0.00030085148
21327,0.13252068
19868,0.11500093
106012,0.21070594
54206,0.34355408
96010,0.43118072
106707,0.5033007
100306,0.80512303
71386,0.18174775
15409,0.8479148
66193,0.32710257
23015,0.93416244
45611,0.88672084
36753,0.89535254
24160,0.8888921
95445,0.13193198
47487,0.8519232
70835,0.14357038
16319,0.13082367
67867,0.15046276
5753,0.2575649
39486,0.94684964
8493,0.65832555
109011,0.016855799
60011,0.14597854
121402,0.40659082
35977,0.9603328
6153,0.12945947
1731,0.1411885
27342,0.38362205
101980,0.323668
122522,0.37412965
82231,0.0015212094
33159,0.1304493
10864,0.10062108
8956,0.62619495
11316,0.3626658
13870,0.121206544
19244,0.42020968
86703,0.0019519755
50229,0.8663293
104057,0.39772314
75861,0.00020848296
85658,0.0063171983
62298,0.87247634
116529,0.21882582
3399,0.15710458
45711,0.7303294
49393,0.82750386
102621,0.23398235
92300,0.11802238
106369,0.3619335
19599,0.55373025
46556,0.92591196
108804,0.030100232
28701,0.38928783
39806,0.95550686
84584,0.0025350377
69127,0.3929178
84083,0.0008747885
18973,0.14233018
66169,0.68492246
11888,0.14333023
14158,0.9138352
54444,0.24090587
10044,0.09420844
101246,0.088356696
66518,0.14825635
106623,0.17344211
122788,0.51809484
54768,0.7971081
54403,0.8849732
52647,0.88423103
122667,0.30886507
104525,0.3431363
109495,0.028991017
53233,0.89456844
63870,0.17402227
69105,0.6792262
78690,0.0010630378
42475,0.9386918
120302,0.16720653
95354,0.24541713
30966,0.9544734
125118,0.45077989
120268,0.74065864
30773,0.8700361
78971,0.0013757927
77428,0.0003016522
86722,0.0009872551
69401,0.32784712
46926,0.86732656
125068,0.1683165
83844,0.001631451
115756,0.8635628
76985,0.00031809416
17974,0.9704504
123364,0.3964731
95384,0.48100463
91365,0.0016447526
94791,0.210559
120937,0.73006725
40141,0.17974938
106800,0.3918245
16498,0.12126626
73082,0.41579688
120996,0.16434649
112287,0.18589637
106283,0.95564526
98962,0.7323147
55823,0.38995084
16920,0.1621593
102525,0.56792384
90602,0.0012311325
80342,0.0010445282
108351,0.34665003
41649,0.53024805
38707,0.85613644
47060,0.19234027
2831,0.117876306
66501,0.18799652
99872,0.65216154
100401,0.1762823
102150,0.35599527
27622,0.16849443
44354,0.9638738
123730,0.87473994
120640,0.8318861
44268,0.85776913
46381,0.34440514
41181,0.977833
112848,0.18724577
18145,0.9688204
75317,0.00018931103
53920,0.7744132
91294,0.0013657055
58980,0.9708553
33239,0.20389144
19338,0.41639307
113263,0.6692776
54547,0.31228036
21433,0.8479484
11326,0.13710755
63926,0.24819157
8581,0.8171781
36694,0.532183
111745,0.23381872
84757,0.0010236128
117056,0.37448743
93403,0.3309485
125080,0.72394574
49581,0.4085072
32565,0.89766026
1258,0.92332345
99903,0.435811
60537,0.86528033
75303,0.00019202087
30883,0.9071739
74201,0.68793464
85668,0.0014113957
39944,0.9248585
124055,0.50078696
111951,0.23690155
16074,0.21675308
41773,0.72487426
39079,0.96924925
120109,0.29997507
24833,0.7855052
84771,0.0017863272
63509,0.9331592
113565,0.4071026
111913,0.3260669
26043,0.13094501
7408,0.36437234
99891,0.6918272
115289,0.3305712
117301,0.26699725
11685,0.512512
85369,0.00097567483
96899,0.29685372
56898,0.948969
57847,0.9168599
53465,0.8940095
53539,0.6242051
101330,0.09881462
116507,0.6946351
61428,0.46833187
27395,0.1780031
61776,0.5139375
57466,0.43169308
41990,0.82359815
138,0.94161975
123841,0.38893935
105218,0.16902816
119583,0.1749303
118927,0.4650424
113323,0.64833534
19689,0.44648698
20216,0.8734858
87903,0.0010088404
115603,0.7537594
123182,0.76159286
25190,0.9836363
85943,0.0013602782
69107,0.4861685
111525,0.82831734
68412,0.37705788
38659,0.9646229
22007,0.80739594
121059,0.29855642
90707,0.0010295091
7945,0.751794
86561,0.004482174
13850,0.81521875
70314,0.15720005
77068,0.0002984116
88763,0.0020626425
23514,0.8919258
55198,0.64506227
73485,0.25753158
91572,0.0033147247
100376,0.5354988
76026,0.00020754858
113448,0.31921536
40163,0.8731219
22006,0.5665751
97591,0.4455976
32493,0.440886
111522,0.30651763
70465,0.18381126
35960,0.9098515
92807,0.3514054
117633,0.17547046
103336,0.17638426
63546,0.8152925
32941,0.11819698
4846,0.8065857
123926,0.92887235
112497,0.80834013
62956,0.46366158
85506,0.0010600479
107187,0.97027606
111870,0.16373788
108912,0.02483525
22356,0.9645395
59838,0.8495345
97602,0.6711761
79187,0.0017886764
108450,0.11764764
56962,0.9841576
23527,0.9311763
30836,0.86301875
52811,0.6008152
72360,0.1671723
33116,0.3154992
104928,0.20147325
100650,0.13447624
39221,0.93484175
119393,0.11073109
97532,0.9507859
84387,0.0017268248
105352,0.83362883
14062,0.19421469
120114,0.17015332
40884,0.94427246
17983,0.9058972
10767,0.116153456
46155,0.91452575
39003,0.91154325
116342,0.34646362
23202,0.4174221
93868,0.10468889
30405,0.83179677
5980,0.11476497
63888,0.27747837
61293,0.25829586
100041,0.14035627
113488,0.83515614
38384,0.91970134
116734,0.77601236
13841,0.67056733
99464,0.15067077
99624,0.27737275
37447,0.9282055
78530,0.001384544
23085,0.8256287
14337,0.39099455
67285,0.6760177
28995,0.36653858
42034,0.95879185
32868,0.8564003
79393,0.0013668414
20917,0.9134176
1681,0.49204457
59857,0.8563962
110868,0.0184043
32621,0.963781
69313,0.16489755
22546,0.119726755
116059,0.9059314
67671,0.71864414
53840,0.6169923
125111,0.1347363
20546,0.87746745
5023,0.9718534
21497,0.8551395
78344,0.0013938155
111799,0.17441235
6721,0.14851935
75349,0.0003069765
18730,0.93780756
106350,0.9716968
59467,0.9263054
35747,0.959376
83745,0.0015686668
106700,0.19132896
112510,0.25212604
79767,0.0016027298
79421,0.0015118972
60180,0.38246194
93237,0.74317056
9460,0.1295036
47877,0.5196817
57936,0.45411822
87593,0.0014318519
54674,0.9055544
124018,0.53612435
3576,0.13628148
44614,0.974046
70958,0.95847315
52939,0.30736023
60676,0.86489797
53806,0.728967
107443,0.13592823
113933,0.81576765
65711,0.1779647
4114,0.7183642
35371,0.10362073
4058,0.12815475
52428,0.2875772
11927,0.14420554
107987,0.42481282
49898,0.16395432
84390,0.0021008092
80889,0.00132951
81796,0.0017188091
125180,0.9323169
5221,0.78296924
98560,0.11866545
64831,0.18609641
92783,0.27995688
45663,0.77010345
80276,0.0011333126
54790,0.60628915
33895,0.19391574
10715,0.13144404
54429,0.26215413
26859,0.90406483
24200,0.60092694
40348,0.9618094
94445,0.2992696
109131,0.12206509
24492,0.11500093
58356,0.41519064
30562,0.8300431
106403,0.19246356
3782,0.17725503
86254,0.0010695802
73312,0.1583303
109700,0.050861
89100,0.0011864755
29638,0.2917154
56086,0.9231373
73326,0.24667014
65344,0.18698804
6152,0.124238774
22032,0.43632096
80902,0.00092204136
78168,0.00039136928
7469,0.33465725
265,0.10757299
45142,0.17162094
115811,0.295287
21624,0.8894239
44970,0.8820246
106264,0.9488559
100475,0.3242301
53084,0.86469907
50402,0.3717695
7620,0.35084116
31684,0.9526951
114568,0.4784758
100425,0.36703885
55689,0.3573184
56266,0.8120394
18202,0.97977054
73022,0.9062421
71923,0.62604904
22646,0.9247913
34631,0.968542
19300,0.85921025
52576,0.8106856
117272,0.3207868
14931,0.41187805
24936,0.7941736
51396,0.19596906
25645,0.11958835
70502,0.71694064
38525,0.50846225
72799,0.3776639
33997,0.83356494
117664,0.20801044
92497,0.12847123
10423,0.15325134
74124,0.84513235
79899,0.0034578259
73724,0.19508393
94434,0.761665
93077,0.94320077
26818,0.9068827
60692,0.54963017
57679,0.8328511
75376,0.00022040725
91940,0.026455708
55966,0.37836322
21746,0.96235025
36189,0.43895847
72880,0.4221238
76751,0.000548701
89262,0.0013255677
43846,0.45887622
14010,0.86797047
86593,0.0060992036
48284,0.31648225
76623,0.00030001852
109117,0.07787112
62155,0.5563031
41189,0.9783236
99783,0.10212373
109920,0.03358123
29691,0.25823173
124106,0.67719096
78804,0.0010204988
100295,0.17667288
113804,0.31931415
69833,0.21568254
111355,0.16549987
104655,0.17645806
92200,0.112933084
82600,0.0014160858
28794,0.7909823
19793,0.4506328
13405,0.4183054
90111,0.0010512843
33873,0.256844
3199,0.13741142
70055,0.8009741
111683,0.29872403
73090,0.56491053
36115,0.66025716
124918,0.43191752
86221,0.0009855129
59215,0.84665495
122051,0.36879882
43015,0.91565585
32265,0.74720997
113108,0.253392
29321,0.43308416
102339,0.0930122
53608,0.1538615
33498,0.36784023
86900,0.0012190336
98352,0.3891199
65064,0.859922
22684,0.34055218
69506,0.33596662
70139,0.70726854
86075,0.002244292
83633,0.0012363754
104577,0.39666384
71753,0.12112142
17659,0.7372283
45692,0.96749365
112434,0.75234544
61637,0.19486709
82039,0.0012785863
12874,0.5593479
12436,0.4713756
39879,0.95234305
57933,0.87600106
34821,0.41142273
80054,0.0012762503
41110,0.85363257
7745,0.28559595
3181,0.7300288
93115,0.76227564
12190,0.29592273
49075,0.874736
87466,0.0015964997
91973,0.025035186
121722,0.8926204
48960,0.5990001
120626,0.6786485
89842,0.0015939653
53336,0.7683518
21564,0.9565858
74393,0.3215325
95339,0.46115366
111607,0.70113504
61606,0.19202593
94555,0.45281675
100267,0.15612
90556,0.0010454755
124779,0.32783002
3096,0.31121787
52832,0.27222526
91261,0.0014510142
91873,0.061332192
94836,0.806802
110649,0.039726235
48635,0.91160053
32558,0.92073435
29229,0.4020553
81726,0.0010723037
114700,0.6960286
53634,0.2758752
95811,0.10315549
5739,0.14011568
121333,0.7831246
20286,0.51256603
51446,0.7971305
58927,0.8596388
23920,0.3145734
25331,0.5644275
69128,0.6701924
31995,0.5819693
4470,0.43208364
111770,0.09955345
77202,0.0003300457
65918,0.49331647
39573,0.5644661
75439,0.00024004203
123848,0.8237398
353,0.2996219
93745,0.41609654
3762,0.16301027
24457,0.49892598
40101,0.63312095
106050,0.7621357
10845,0.23822448
5430,0.36020815
2011,0.4493685
55549,0.91485405
66117,0.14241682
45261,0.33115375
82389,0.00092787464
118195,0.5970543
92161,0.15512957
10109,0.4631141
73480,0.78327984
84588,0.002363694
49983,0.19743316
48162,0.80672973
110606,0.022421358
33867,0.8355878
66101,0.54314524
29688,0.7886452
50711,0.18167487
2039,0.7009793
55061,0.17015056
66859,0.30681264
72573,0.40693957
98420,0.15922004
8078,0.15612
68258,0.13445596
9180,0.76385117
93291,0.1437396
93110,0.40257907
70140,0.72360903
69074,0.29274505
104624,0.27557576
32556,0.8295207
124370,0.402073
100973,0.5665574
19979,0.3225581
123190,0.9221915
110928,0.26175287
108989,0.019567592
121987,0.79525244
78679,0.0011377508
98769,0.20775054
75375,0.00019689456
83581,0.0022863615
17226,0.158771
5620,0.92421156
60808,0.79813653
3668,0.12785462
99513,0.6286941
46651,0.93616116
122617,0.78203064
122508,0.43604404
108676,0.7527552
73314,0.15390384
38631,0.867644
51674,0.56026554
117971,0.22351539
116511,0.23256241
89143,0.0010075624
49487,0.23284593
81016,0.0011333433
67043,0.11894216
111657,0.20187615
117006,0.4448738
99165,0.68966216
27675,0.43961498
27514,0.43347394
88486,0.0040665325
56852,0.11512338
58445,0.45018226
79737,0.0010739389
16153,0.5627704
53186,0.34473008
23820,0.8535907
119003,0.38388076
48372,0.9151661
8336,0.14556007
59866,0.9119471
55235,0.71651787
103685,0.15144052
39050,0.933736
4039,0.15372743
55020,0.1634796
46449,0.31686524
9591,0.23283124
113397,0.38871232
61165,0.9517105
41138,0.95912105
112675,0.17707698
85776,0.0015214426
90165,0.001542506
13038,0.54341215
41320,0.9340038
78044,0.00019807425
4685,0.86462617
78317,0.0016898601
36811,0.9050865
2800,0.1057922
107558,0.895066
83894,0.0011526654
34354,0.1396267
70267,0.13684468
95501,0.15813632
97955,0.33163762
104194,0.13946237
40130,0.17169274
85633,0.0014298612
23732,0.8025817
124610,0.8137787
92265,0.25278556
22342,0.9661393
99046,0.6892018
49532,0.30245855
122015,0.80023116
91688,0.0020659065
32450,0.9240631
118065,0.20684539
59115,0.8650901
52970,0.38673085
25016,0.3541787
44252,0.84392
11219,0.7523012
101244,0.075848036
26490,0.14557172
13816,0.57810885
39960,0.47669312
7861,0.37046355
33284,0.5111995
115228,0.8125242
38586,0.8640982
105158,0.8981367
26135,0.87517625
102137,0.331245
25191,0.98140275
106420,0.5566181
30453,0.95290494
31367,0.85942477
103980,0.31093156
104088,0.26312703
14185,0.7839772
42996,0.43794623
44544,0.9662167
110862,0.029206982
42421,0.8294129
89497,0.0022392503
125088,0.38974547
21832,0.43773216
51981,0.20566747
97176,0.1527222
35029,0.9066206
31469,0.15225618
75941,0.00015082736
28097,0.4635836
80048,0.0011464478
99050,0.27698812
101201,0.59892637
21574,0.95104957
120438,0.48259178
46552,0.88660765
102546,0.11089988
106891,0.9787717
58956,0.9033108
68176,0.14785434
15511,0.906705
113262,0.64446366
96453,0.14321841
99619,0.71419084
111024,0.084740765
69383,0.24476792
111532,0.2543987
69670,0.9374431
41345,0.933496
16942,0.16071536
2448,0.23879904
50295,0.32274675
79218,0.0011477005
48523,0.93310225
60725,0.82040113
61551,0.50861096
78268,0.00021252836
84872,0.001471881
102092,0.11021342
1202,0.8727353
26190,0.7305911
54259,0.47567636
115422,0.2187241
93443,0.12399698
11861,0.26930276
41567,0.89000994
102007,0.37181976
26234,0.40692487
43983,0.87734795
41327,0.9448481
10138,0.20290099
51675,0.37385368
27495,0.5172343
86149,0.0012676108
25835,0.10955954
61884,0.5692691
77490,0.00037343267
18182,0.97949284
94634,0.40819305
119172,0.42114064
117800,0.29225263
40674,0.9578301
55207,0.41858345
64705,0.49428335
50344,0.20780353
62288,0.8499882
33814,0.6907114
77904,0.00024170613
85452,0.001447335
108975,0.07121788
83992,0.0023695256
30436,0.9475068
11039,0.09238614
120144,0.7425526
114690,0.21117072
25857,0.39051145
28702,0.38261944
24006,0.16567352
68498,0.1503446
44878,0.96300983
78623,0.00097609556
75506,0.0002926652
52646,0.45719567
28096,0.44631177
45909,0.9614013
124547,0.5154087
18147,0.9673291
40751,0.1528253
112895,0.750244
77340,0.0003706342
59514,0.8823423
77979,0.00018002646
85853,0.0009403985
89981,0.0028327531
10223,0.29530782
22748,0.7879412
35091,0.91130155
30779,0.9579144
24872,0.5349282
40505,0.95817727
66,0.45399326
99144,0.3502766
111942,0.28581586
48599,0.9794815
43447,0.9479498
52009,0.7952309
86542,0.0017001161
58817,0.5317291
92652,0.1265888
65639,0.37771735
106040,0.403568
36278,0.67917866
6677,0.16802691
91248,0.0031841751
35128,0.9861168
81122,0.0014728702
38278,0.90856373
41525,0.9388969
38155,0.8602763
43136,0.8605682
61666,0.259556
9769,0.389976
106649,0.413023
69854,0.12852354
123424,0.9346754
120712,0.21684332
22966,0.30422089
74534,0.8022036
9691,0.73986953
93339,0.3371943
117072,0.13488315
22036,0.38224065
92686,0.49221364
35986,0.6045254
103448,0.2932183
68513,0.12977138
89109,0.0010536475
108079,0.74403334
68388,0.20766322
71156,0.13619676
89847,0.0011107726
6780,0.30557403
99861,0.11794184
2515,0.41202873
116283,0.5001766
4762,0.18531272
79388,0.0007510408
13688,0.3435306
1931,0.96708816
4083,0.8424553
59478,0.9552692
22108,0.9039615
67971,0.17501423
39131,0.9821181
99643,0.7968843
121042,0.52580076
87706,0.0016431411
46254,0.9388603
106338,0.94158363
73571,0.37690505
125040,0.15691671
49368,0.23044102
29491,0.3333888
111144,0.32271215
45022,0.8221345
8351,0.19382848
22485,0.7828381
52680,0.49470827
20640,0.8924408
89941,0.0021706147
67777,0.1167102
1855,0.87107706
24037,0.49346995
49232,0.8207963
114375,0.38343513
76819,0.00020714646
48641,0.8595137
26547,0.520089
104158,0.13950135
454,0.65415376
58308,0.675571
1501,0.89014226
88695,0.0014030928
94916,0.3259967
82196,0.0015624707
58327,0.9443279
101161,0.6781287
79495,0.00076879945
6054,0.16545486
2233,0.7939784
40444,0.914572
119133,0.6362753
98927,0.08146435
92837,0.33348122
66639,0.07504049
65337,0.62072587
118800,0.4917899
95346,0.17277795
119381,0.26401415
110805,0.13032371
44393,0.9501362
37276,0.96612775
40496,0.94777846
77795,0.0003259674
60378,0.45617205
86011,0.0010365162
70551,0.5130024
15739,0.106186695
37362,0.86977786
75240,0.00024117807
43438,0.82939297
83154,0.0010726005
74364,0.09236947
95442,0.14389473
113984,0.13945404
4297,0.8617602
37915,0.7764862
116212,0.7590646
103291,0.33320588
33119,0.44260895
6403,0.31452513
115698,0.19440877
37081,0.95686555
33975,0.97196996
44752,0.5480268
80158,0.00086463
66537,0.16738914
4863,0.40231448
1899,0.9588853
41593,0.1991776
85456,0.00097579334
99953,0.28414097
69797,0.16523713
97493,0.9169072
36657,0.9698649
8588,0.84832805
113929,0.50219995
109730,0.012297826
9143,0.29051843
62473,0.8093633
110322,0.028363831
4893,0.9300876
124596,0.90969443
3180,0.15813632
8823,0.27046624
28215,0.1254298
6482,0.14730774
121179,0.38866672
53871,0.29372615
47604,0.4782876
85958,0.0011157846
37071,0.97635466
29941,0.1092103
100927,0.5677235
88838,0.001113174
38636,0.91255856
25207,0.36806205
5021,0.9718534
102646,0.7958922
108145,0.8003616
99821,0.16546553
69049,0.32894158
30324,0.92250204
48066,0.23601113
2986,0.63825023
122580,0.48046514
19926,0.35360888
95201,0.2138172
74274,0.46142668
102739,0.4851913
9434,0.22973132
72844,0.42025316
2779,0.2252222
79336,0.0017430219
32288,0.60232925
5447,0.13504969
59527,0.92081386
115601,0.7635147
12936,0.6006044
123827,0.38790864
27274,0.33029348
103671,0.5328282
29640,0.13262603
28999,0.31640118
52145,0.28732157
82111,0.00094324304
95854,0.27731246
72831,0.6561341
110207,0.27374905
71380,0.18174775
113609,0.20186464
59445,0.8803897
41885,0.17126782
81412,0.0010166087
111805,0.67985505
83592,0.0011366913
51236,0.19536053
14712,0.9443637
93113,0.29998702
57602,0.4580108
47907,0.7529962
34119,0.88251984
29020,0.18046479
43605,0.92092186
118941,0.3707846
55560,0.9238215
34540,0.91794217
33237,0.32063946
121768,0.753101
33024,0.10162482
88223,0.0011850428
116956,0.7799431
38359,0.57439685
38122,0.71569675
17028,0.19698992
109676,0.015721185
61299,0.32504264
63,0.45822486
67038,0.31777
34258,0.087012164
101968,0.15763128
4256,0.857179
92328,0.15839663
54,0.1821578
38850,0.9127157
59306,0.9081791
36725,0.9387327
103999,0.17132773
106342,0.964197
79958,0.0019464142
23758,0.8869025
120719,0.44669896
61425,0.91722935
61788,0.61858475
87765,0.0018760372
43401,0.8862322
45791,0.87647235
60494,0.8209476
68364,0.29637614
102551,0.13439724
27041,0.14165086
6440,0.23942286
75933,0.000292106
14649,0.8703443
98818,0.13788891
77199,0.00034804587
81884,0.0017264441
25157,0.9772486
1093,0.81528866
75137,0.00023293478
116917,0.2153806
106766,0.86868924
67431,0.15898065
8785,0.35485923
99684,0.7043796
30716,0.97726727
53875,0.24133265
53422,0.8105061
65097,0.84631985
116909,0.24011031
80943,0.000831005
16974,0.70549315
71807,0.41750744
78141,0.00028381517
88048,0.0017032981
36184,0.7055162
13041,0.7740255
122793,0.41319725
61590,0.732192
90124,0.0015522098
39237,0.8430428
4195,0.20849521
105770,0.28410465
112845,0.189372
84084,0.0009071581
437,0.5568561
75100,0.00017784582
123866,0.18167487
31930,0.56642103
66510,0.123925716
122997,0.78624856
54949,0.9060836
14399,0.9111495
61719,0.7679476
43809,0.530601
69022,0.6410463
72712,0.18494356
73693,0.73229307
39900,0.9637469
40529,0.9676579
91446,0.0013366318
39786,0.6126675
11144,0.18841016
65980,0.14753476
88963,0.0023607148
93796,0.3299538
79472,0.00097344635
94148,0.7730725
90645,0.0013396306
35491,0.9048505
7114,0.33131024
55784,0.8565202
83994,0.0012726252
41468,0.919933
10511,0.18352205
7928,0.2993625
112625,0.8318055
105100,0.1640841
18216,0.9685403
63157,0.38853765
118175,0.19416168
54696,0.76620966
64330,0.20716573
35578,0.9279059
28282,0.2571666
122571,0.2251918
115222,0.7511379
123078,0.9093358
27465,0.15299743
99832,0.42562902
88686,0.0011227042
22917,0.9241243
57788,0.4999382
36206,0.43125737
70163,0.76485014
13626,0.26776096
51487,0.24735951
35694,0.89445037
51925,0.79742205
31705,0.5820313
76028,0.00022775886
46281,0.97594464
51237,0.4780859
64912,0.36035043
116581,0.33082137
113532,0.3241349
42878,0.9063737
84427,0.0023457143
84798,0.0018887897
70326,0.12760139
1975,0.7810062
86338,0.0021135088
59548,0.95613277
27128,0.76392066
84854,0.0013916297
107557,0.9318896
20007,0.903499
117248,0.15341504
54181,0.11473141
72526,0.16548921
18102,0.9464684
113817,0.3770503
69381,0.43367812
7230,0.14076707
14339,0.11595674
5678,0.14927228
93911,0.13638198
21724,0.9477155
79296,0.0010998427
80311,0.0011788461
49141,0.20404735
19452,0.43148398
40165,0.8822913
123732,0.4283166
91217,0.0018524113
32418,0.9703442
5113,0.97253853
88999,0.0017216334
6471,0.27632126
122845,0.79614234
51663,0.38349906
6665,0.5543606
17864,0.5957756
95885,0.6289017
80161,0.0008333832
82683,0.0009974284
9800,0.44808
93424,0.38503474
78812,0.00092055823
10685,0.13639538
63347,0.85405266
25750,0.6820561
38068,0.98032135
70362,0.77313966
66756,0.1578321
14994,0.14766471
81794,0.001144915
2592,0.21486367
97747,0.4993017
7616,0.35648414
78348,0.0014244893
58951,0.8602841
48949,0.23649782
97687,0.3638898
121727,0.3618831
39575,0.8708347
31131,0.5078073
47367,0.9639563
22681,0.38591513
41330,0.5712646
41934,0.9491044
41275,0.9468254
56989,0.8872396
110533,0.021491505
27935,0.37630948
123799,0.15772769
82571,0.0013700181
1515,0.93695074
43826,0.57252115
101546,0.30810812
105275,0.5117625
68309,0.28178516
51558,0.16854757
44058,0.8813657
113351,0.61125916
76220,0.00024075693
87826,0.0014254954
85430,0.0020973075
95968,0.1453524
69120,0.15355055
7128,0.5474412
112379,0.13815103
111215,0.16623908
95906,0.38009048
37381,0.9016315
96957,0.2919611
1699,0.82870257
76774,0.00028156282
23691,0.9806182
59117,0.8649036
74901,0.4899687
3003,0.7543019
45957,0.9722573
73451,0.17925195
79428,0.0012308734
12846,0.35734054
24358,0.4957615
328,0.8194179
36717,0.89509314
26975,0.83441246
107428,0.5166915
9475,0.17210716
103783,0.21326202
20471,0.41831037
19359,0.18131542
3470,0.21853477
121457,0.32508212
101654,0.8279374
20674,0.8442201
121793,0.47715932
111528,0.3089174
107324,0.9251939
103952,0.13530514
47788,0.9211794
45137,0.18826567
85101,0.0009961553
8729,0.6338649
92599,0.08853317
104429,0.36107373
25115,0.9463199
44113,0.96081644
96250,0.19198768
95080,0.7826549
35741,0.9518257
29078,0.61880726
74844,0.7658377
25223,0.86594415
15906,0.1119117
118946,0.7377297
68734,0.09242501
47418,0.16170144
22391,0.8572579
115752,0.4017665
82882,0.0014000263
35678,0.98252845
21204,0.114462115
75195,0.00034075047
116291,0.1968652
42044,0.9621958
5611,0.92066056
57242,0.69362396
75919,0.00019524735
61983,0.76635027
49248,0.5615665
122914,0.47590792
87038,0.0022576808
43166,0.48922125
65154,0.15894476
40464,0.8888131
27119,0.48187095
57738,0.88903546
38718,0.73841095
81732,0.00150954
22120,0.93313456
111013,0.4626224
123869,0.18167487
9853,0.65932643
51997,0.19112818
100224,0.4670798
64131,0.7114115
19399,0.5663949
103457,0.18523951
52742,0.8354885
119638,0.27694824
34687,0.9672962
52483,0.6988777
106272,0.88960457
76439,0.00029578814
83699,0.0010187479
52302,0.33162978
92570,0.6596032
90722,0.0011728192
59181,0.48122045
46318,0.97331876
32264,0.37837738
92487,0.76874053
57813,0.85991454
60464,0.21176997
1750,0.23814449
9887,0.30106136
120874,0.28895113
92558,0.47990265
36615,0.957467
31443,0.39460278
65835,0.23631415
8324,0.3322254
71337,0.7321657
42831,0.13779321
24408,0.54807967
69039,0.33393306
78657,0.0009487614
99219,0.14357921
50803,0.3067443
97188,0.14237905
69435,0.110924825
7210,0.14712247
47796,0.48101747
7916,0.29034472
99256,0.24653147
110716,0.19487251
99528,0.5898327
11184,0.07723724
7586,0.2896104
22372,0.84163535
75666,0.00013639977
92465,0.4106623
67405,0.2329234
62823,0.6661149
65488,0.23539191
49798,0.89414096
21621,0.88624156
58124,0.39935774
113805,0.771948
22886,0.8062919
84905,0.0012413315
102407,0.2346944
28162,0.12928832
53299,0.42826122
12769,0.11040437
70956,0.9671068
7674,0.7018722
25363,0.9025999
104538,0.7282355
86418,0.0012000924
106404,0.26080155
43524,0.94174016
50737,0.18007548
28552,0.14785783
8147,0.28029725
54591,0.7463196
88677,0.0011079246
33542,0.102170296
87449,0.0014853376
122316,0.7918463
73637,0.15920974
61897,0.44333014
104318,0.35164344
43455,0.94557744
82772,0.0014451286
21101,0.15105076
1302,0.15174147
42207,0.94154936
111580,0.19506298
57488,0.36204135
829,0.90528435
45885,0.88698953
9155,0.11367193
21824,0.17881934
93940,0.68190324
55136,0.5785488
36181,0.36029896
15301,0.15846351
104565,0.25817493
38352,0.90856373
112183,0.31650406
83123,0.0010404246
27590,0.3270467
17269,0.19009952
27705,0.48828164
69269,0.2691232
40342,0.96666104
63511,0.953871
110557,0.032637715
36750,0.5630441
8916,0.39219666
47340,0.87622094
37174,0.8462804
61645,0.3295565
24752,0.83523464
19809,0.7691415
10643,0.1449653
32988,0.11819698
26440,0.513329
58936,0.90120935
125078,0.7266323
116278,0.67269385
92230,0.07925029
83998,0.0014068969
37939,0.89832544
85675,0.0008918598
26507,0.49674258
68522,0.17160319
20898,0.17061318
59023,0.94918686
84742,0.0018630197
105914,0.45650342
119811,0.6141078
111633,0.25623143
102996,0.14643829
82932,0.0011752078
77978,0.00021825661
54306,0.6737877
12668,0.21595834
90422,0.0018876385
558,0.16431534
121434,0.8339871
113344,0.6464591
50894,0.1250373
124015,0.23500387
7890,0.14606546
106325,0.9505657
52203,0.7252527
72943,0.66518486
60556,0.9407126
37446,0.93679136
48637,0.9220946
2566,0.21272904
48244,0.9720694
80268,0.0010609637
39597,0.9124705
39436,0.88391083
31578,0.87531585
29992,0.10972748
41262,0.93356925
105479,0.3001999
86672,0.00093611516
80471,0.0012944124
86012,0.0014987934
48697,0.6307256
92114,0.5558077
1959,0.1735521
69741,0.93396634
69647,0.889917
68265,0.15796995
98215,0.39887872
86580,0.001378089
7774,0.43558773
124838,0.94114196
71543,0.13991128
79275,0.0012053864
117761,0.12329365
94890,0.25167668
94811,0.1775046
68421,0.13785043
77141,0.0002705047
4592,0.7452393
76904,0.0002608603
6246,0.7758824
8627,0.7197601
20615,0.8896322
91283,0.0029674908
119231,0.58164513
121774,0.5735785
65303,0.9479962
4681,0.8278105
101508,0.2316349
124832,0.92353165
49097,0.828432
118816,0.2767028
7834,0.26889017
70491,0.26045686
66380,0.16357312
15262,0.10790627
87214,0.0020283966
6435,0.15595555
89551,0.0014740181
39725,0.36598152
44621,0.9765647
26254,0.6168135
110025,0.11568445
43730,0.2279491
13944,0.3893116
52777,0.42843726
37714,0.887945
29914,0.13264003
112095,0.20612243
92869,0.4802728
4187,0.22041227
45668,0.8701008
65524,0.6040226
51494,0.39129344
118213,0.18286765
38263,0.17897719
99409,0.34927925
102951,0.30689606
4144,0.12092225
12997,0.121540375
69950,0.1267698
100740,0.09836862
22760,0.8106048
98553,0.13397731
106021,0.20114695
68453,0.26183084
7773,0.7401657
14374,0.85471296
80023,0.00081067043
103446,0.12910919
119178,0.4228155
23532,0.94494665
66775,0.1429761
61232,0.79707676
106484,0.16360594
75811,0.00023112424
48185,0.9389303
67616,0.18869987
47053,0.60430795
26024,0.5292713
83435,0.0011758847
12083,0.06626415
22090,0.85471195
44887,0.9779991
28359,0.29377344
52890,0.13105658
1790,0.43126535
89744,0.0014520779
106706,0.14099921
5957,0.14875889
50656,0.14361289
38000,0.9787813
90751,0.0011506419
116699,0.20150395
73969,0.6962189
58352,0.97671276
119232,0.5343251
115686,0.76117265
17541,0.21104665
50203,0.18007548
45212,0.12723897
43671,0.69505906
68999,0.12635715
6084,0.818504
24179,0.82680404
76977,0.000548701
63473,0.52850586
65248,0.13506679
77953,0.00027081565
112213,0.55957717
59102,0.820569
53742,0.4421422
64566,0.43212244
39275,0.9751287
88789,0.0012559695
65472,0.41201317
254,0.14125901
121562,0.917256
8088,0.28153062
78615,0.00096820696
10880,0.6969154
10433,0.107400335
116414,0.39034137
99032,0.16935317
4975,0.95476127
11754,0.32349932
89112,0.0010008739
79154,0.0011963026
82240,0.0033065323
3354,0.1622697
46895,0.9330913
11702,0.69982505
39839,0.85144436
115549,0.5645104
46802,0.22748277
79814,0.0010866527
40530,0.9709473
104969,0.29730046
16134,0.13428189
58757,0.3759733
6687,0.30518287
53020,0.87088144
68601,0.15674283
76679,0.0002379443
47518,0.86756486
32032,0.9131218
97415,0.79779387
41161,0.9770322
50004,0.42184755
39553,0.95124614
15015,0.13785824
68975,0.109741524
43074,0.14125901
31137,0.29329476
17319,0.76182777
9201,0.77532566
109071,0.060493406
57373,0.93414927
96393,0.15598062
118716,0.373011
55954,0.92226946
51887,0.18106887
84157,0.0017812779
94361,0.41094851
94344,0.28923142
72,0.56678855
98434,0.39233434
11403,0.67676675
45832,0.95100427
115039,0.76567596
7634,0.5800543
12969,0.13638979
108882,0.026351359
100600,0.88261175
110737,0.0113490755
39791,0.5975989
87563,0.001139896
28864,0.38396195
10599,0.31884152
25437,0.8955806
58103,0.87405443
99792,0.14590941
105308,0.20210293
87319,0.0010778531
122919,0.63798577
97731,0.6032507
18115,0.95402074
83404,0.0011146395
92375,0.51733005
110071,0.127073
95644,0.69777745
59550,0.9537498
57418,0.16905378
91806,0.16107474
111785,0.7029081
57413,0.26749015
32633,0.9298558
37055,0.9786588
24051,0.124567606
49998,0.19533753
24869,0.17895062
99864,0.6444544
112750,0.1670778
41591,0.16977532
18096,0.93894374
22348,0.96173275
54913,0.7533089
22205,0.8793589
33869,0.32452953
27630,0.45117858
92018,0.026840057
115717,0.69537085
57307,0.17669046
72913,0.23890767
119164,0.8052633
67601,0.11987725
31551,0.8963357
113292,0.6939931
30171,0.123711124
51511,0.37112835
123082,0.9492871
64176,0.17313054
33823,0.23836815
32614,0.9760671
17677,0.16207384
26114,0.1387212
64484,0.98351294
30669,0.97961915
45400,0.9202562
58478,0.8466749
96434,0.3216177
56194,0.71553713
80561,0.001366285
52998,0.8159998
26508,0.15678583
33224,0.23605868
115045,0.18536523
67554,0.34371933
1594,0.3760447
90569,0.0013851118
123099,0.38605252
8698,0.6688009
117365,0.7753893
6467,0.11346275
58230,0.97012526
40300,0.89959246
83422,0.00094289845
77566,0.00020063079
68674,0.45479313
14518,0.95053744
43237,0.76329756
63390,0.44933957
22040,0.76680255
88567,0.0012010221
83338,0.0010509804
71185,0.1972335
109778,0.02055499
10904,0.29975376
63293,0.77776515
16073,0.2679803
77,0.42007154
18212,0.9793467
2128,0.28617492
63661,0.98016137
51835,0.90798587
54516,0.14664416
5390,0.28717443
115081,0.75380105
97744,0.51897305
96247,0.2487374
14496,0.9252946
66435,0.15248139
79081,0.0019730257
78185,0.00060835417
20523,0.08918752
30075,0.1092103
20399,0.91525483
37953,0.963847
62800,0.22595216
43008,0.8304628
5608,0.9006234
46417,0.95134765
111675,0.54769903
70023,0.5391248
88524,0.0029511955
28711,0.30625623
64237,0.3247233
88758,0.0027904953
55553,0.92498165
45171,0.15760595
26745,0.6888348
77228,0.00031814267
25063,0.91773325
76199,0.00017092917
30032,0.7655211
29072,0.53163844
20412,0.9411336
98362,0.16434915
108625,0.16406171
83107,0.0010888812
59231,0.9060697
91737,0.020463508
21967,0.17334425
86750,0.0015134837
75657,0.00015622945
92766,0.6396902
64092,0.20958659
125175,0.7678759
4940,0.94403553
16218,0.61597323
100467,0.17800651
34058,0.11203616
117354,0.29662034
78595,0.0011531019
29535,0.4488573
44215,0.59421736
47184,0.76684415
35020,0.9498099
62160,0.88893145
7096,0.7049698
49399,0.14742683
79505,0.00084742886
106871,0.9430039
37593,0.33341965
63088,0.8692993
77935,0.0003762905
32632,0.9614415
82398,0.0011481767
40116,0.6042039
77710,0.00038215274
72375,0.44601703
42988,0.9737775
102032,0.38335687
18637,0.28885353
112283,0.29035932
44319,0.9524129
67624,0.2922696
44123,0.9291979
40255,0.93603384
40830,0.55811656
107102,0.9593834
74708,0.16195235
107422,0.16145058
82351,0.002347955
8114,0.22824857
119910,0.18280262
19566,0.8631719
73913,0.3307837
36439,0.7757292
40431,0.7817372
71730,0.37875578
107795,0.16982467
79831,0.001201659
60564,0.8449301
57753,0.9299752
61246,0.73987275
125166,0.45428264
87569,0.0023648266
50124,0.7866911
102463,0.7594771
113169,0.78569746
124881,0.97172683
91929,0.02836958
22845,0.27751598
41053,0.86058843
26399,0.11373994
26540,0.14599282
31192,0.9436526
76075,0.00014462581
104924,0.24291644
11205,0.3871321
101210,0.548903
89608,0.0019617127
5357,0.7355911
38794,0.56655306
80216,0.0011747456
84785,0.0018271002
99808,0.28263563
193,0.6794096
95624,0.7585106
82075,0.00091909117
4413,0.90809613
116174,0.78429365
115702,0.23213747
84900,0.0017893839
27299,0.3526289
56665,0.9511294
109306,0.013977374
81886,0.0020007456
40873,0.89584553
120390,0.20603836
34918,0.54637486
76529,0.00022531772
105629,0.8368673
29676,0.6866011
95074,0.34350738
85992,0.00094963505
103229,0.42404562
89288,0.0010513439
115724,0.19353311
56920,0.97829926
108352,0.7334601
91230,0.0022132285
78705,0.0011228337
65152,0.42625192
23725,0.9845538
61321,0.1286916
86794,0.0014905758
74506,0.12008113
18279,0.9807123
9449,0.2079987
103130,0.30244228
87974,0.0016316024
58506,0.9292478
30264,0.53427327
123165,0.77751875
45669,0.82396525
14617,0.9046002
55669,0.7790084
70975,0.06315854
120902,0.6372403
82944,0.0012384251
47132,0.82915986
81935,0.0015085356
25783,0.10955954
116133,0.16382557
121882,0.49111572
54910,0.6525843
31249,0.8991593
47679,0.5064622
30846,0.3530116
41557,0.49931774
116438,0.7794737
39374,0.893318
105072,0.31599548
59212,0.8223401
15931,0.9235705
61287,0.96502566
90837,0.0015998193
37803,0.8899477
87121,0.0013294417
109642,0.049638037
75380,0.00024242878
106406,0.24055319
58243,0.9796331
65143,0.4767906
72891,0.28365612
12627,0.8464038
29184,0.12350748
29807,0.5656153
73525,0.092304274
49386,0.7980549
94547,0.5001086
17372,0.16839097
64691,0.4483482
79794,0.00071241305
38713,0.29821372
94917,0.49289328
4812,0.64728534
61128,0.9764615
24074,0.119726755
22827,0.44430622
80800,0.0013754403
104492,0.26037255
83683,0.0010660158
81956,0.0017403101
101176,0.3140475
63918,0.49614668
102840,0.13159046
30699,0.98291045
14985,0.37975731
78068,0.00020496565
78578,0.0011352856
119729,0.22657995
78695,0.00097609556
3297,0.3152249
42190,0.89444786
50283,0.21831003
110232,0.16853774
117589,0.19819178
9720,0.08351819
79834,0.0011492611
24820,0.3742127
40526,0.96084595
29494,0.8451379
119572,0.65573215
81481,0.0014813767
107013,0.7589751
28010,0.70174485
2549,0.41800252
96934,0.83143073
104905,0.16894324
97783,0.7202758
32416,0.9686609
70650,0.12503572
12613,0.33883202
54774,0.45167258
38139,0.8805794
5314,0.915508
4854,0.67423064
1358,0.9504375
85097,0.0010135773
108117,0.08694171
13946,0.09764433
32535,0.50197494
93174,0.25126132
97441,0.92261344
110723,0.042359527
36130,0.69137913
55917,0.6910291
55905,0.8180326
69781,0.9231537
47243,0.74747324
91778,0.14848377
85435,0.0008077052
26495,0.43752366
55571,0.50968856
91852,0.11329343
107886,0.14370753
105461,0.17709894
24313,0.9116172
100104,0.39867043
65631,0.73847556
74193,0.10134392
100710,0.23325652
116876,0.6441483
79142,0.0011825006
96186,0.13669449
14292,0.10953255
18955,0.17064601
11692,0.24814162
39055,0.97120494
29247,0.3701516
16577,0.4919088
48296,0.8400545
4988,0.9359203
113988,0.15086181
2795,0.2252222
42965,0.97116446
15753,0.13066214
64436,0.94515574
94991,0.6308018
34027,0.10135499
17576,0.28047878
51737,0.34734696
4397,0.8537794
27789,0.0963513
16075,0.25426763
78108,0.00023637142
39454,0.74266446
19401,0.21520133
16756,0.4855864
7422,0.36993122
15734,0.10682778
114027,0.40768924
79644,0.0016600246
117912,0.2008687
75676,0.00014752134
89066,0.001516654
53360,0.8546322
2588,0.22416732
119612,0.63092923
4733,0.8323026
55855,0.9029997
102109,0.15119377
49838,0.6863369
39937,0.9208065
18360,0.114462115
74053,0.3121908
124181,0.7908476
70034,0.4158116
113676,0.43281102
85766,0.001330773
107213,0.98203224
58444,0.72996646
45028,0.89444166
44009,0.85781246
6037,0.26330766
63656,0.9797483
51546,0.16621156
72758,0.33598372
8771,0.63699096
115038,0.4042472
30314,0.8528496
86040,0.0011122677
7882,0.13951182
30323,0.90289676
51342,0.25867936
32627,0.98079383
74652,0.19105366
22393,0.89813155
84503,0.0011834353
16235,0.8855833
49346,0.2501521
102609,0.3207881
88770,0.0022471715
76444,0.00026156986
57915,0.9155706
118789,0.9060137
103417,0.6708112
112284,0.32678765
24629,0.51933724
12488,0.13524309
66814,0.15606982
77181,0.00017809529
83520,0.0017881094
17286,0.384986
11606,0.6107805
94880,0.15053709
20326,0.87757885
21713,0.90137
28255,0.4333665
49612,0.40629402
92555,0.6830575
68609,0.8248328
24510,0.11500093
86118,0.0010207663
108002,0.08513335
24150,0.55231297
73554,0.18212144
125036,0.21071377
102735,0.09906071
42323,0.3433378
74857,0.39728585
39083,0.9676666
50519,0.56296176
22113,0.870373
66131,0.30179837
108388,0.13442065
31478,0.5695983
3379,0.15411633
2093,0.1393987
50681,0.16271631
107068,0.88408995
7481,0.2448189
115233,0.83093643
952,0.50413406
34939,0.90746486
118534,0.5111158
10874,0.15236294
25618,0.11608581
91006,0.002425169
89304,0.0011022676
112226,0.43748364
94787,0.19254972
120722,0.31861567
5934,0.15233526
95497,0.21482778
43503,0.9461559
45019,0.38311893
64726,0.7996458
20937,0.576058
101096,0.12081981
17122,0.52537936
16081,0.13944076
307,0.10821067
32244,0.56448925
73436,0.429699
7534,0.13108149
102983,0.086292975
91346,0.0034588906
106339,0.94549763
3229,0.2929247
81852,0.0017368392
80997,0.0013345552
78828,0.00146596
25694,0.73142356
117423,0.3322832
55270,0.79627246
98366,0.1687397
112936,0.153539
15228,0.5810204
90162,0.0018205808
122760,0.47844648
14958,0.4275384
96505,0.17437033
117706,0.35896763
33917,0.8684697
4912,0.85300446
9110,0.75405496
7528,0.17209974
31853,0.91639346
75211,0.00020649117
111551,0.09542946
108628,0.38764083
67488,0.26259047
98724,0.12237019
45849,0.8189839
99571,0.6423222
122090,0.1797101
57636,0.5644594
23596,0.89088655
80963,0.0008393027
83071,0.0010888812
55665,0.5137148
102633,0.8521797
60165,0.816919
23504,0.37775382
42077,0.1967546
93147,0.88531524
38130,0.5407034
65941,0.14932385
107605,0.5325354
117435,0.27244142
50243,0.895681
54055,0.75078
9892,0.11955805
33418,0.27192467
78951,0.0014517958
44362,0.8929982
8794,0.4100242
31962,0.20583674
8313,0.33016583
33355,0.51618487
62361,0.9407313
3247,0.821125
54343,0.52746683
16716,0.4191021
77120,0.00020409083
104245,0.69509614
106956,0.89499897
33762,0.14569274
38059,0.9846288
120131,0.18569992
47893,0.80419517
37617,0.869322
2640,0.16648194
83902,0.0013888044
23100,0.5239025
1425,0.78772
24360,0.78607124
3008,0.70119965
43825,0.14004953
6499,0.08436638
62791,0.4478943
109438,0.09718365
97458,0.8933912
73607,0.14750251
115878,0.80505854
98287,0.8369043
99267,0.161059
4316,0.40068397
88109,0.0012718363
75899,0.00023020933
124798,0.49090958
34825,0.83509076
122597,0.37905258
12669,0.27655092
20314,0.8584453
123475,0.871752
90950,0.0015545232
43416,0.8982509
12127,0.55221486
118499,0.17995861
40288,0.93009907
25422,0.9511874
108771,0.115850635
48827,0.76207
15076,0.35344028
97695,0.104907304
62541,0.9622037
62390,0.35698926
1211,0.30119357
22059,0.8082427
65939,0.35512808
30143,0.10972748
33868,0.52605504
30393,0.26365384
28558,0.42093474
66479,0.78810406
67164,0.77049977
83596,0.0011643786
82618,0.0016124072
104930,0.16872998
30766,0.9453557
85047,0.0009322597
14115,0.8832756
46465,0.71099705
2493,0.48471928
4796,0.14493223
39174,0.98652774
11419,0.3350345
124922,0.25957453
93037,0.895218
120472,0.183505
63081,0.84362423
97557,0.13335618
97703,0.10333197
54104,0.8245781
111637,0.6878299
667,0.965128
79110,0.0010716813
86361,0.0018989769
102071,0.34933123
61283,0.9699416
14143,0.83342046
58994,0.9473789
35289,0.95370513
91423,0.0010151056
65259,0.15148614
31836,0.9798211
40632,0.89924985
55884,0.7981452
80552,0.0012575034
116132,0.20191853
30788,0.9727634
34136,0.18727459
124718,0.22648707
91928,0.036630515
70182,0.2779466
87952,0.0014568634
73180,0.17850266
96987,0.5596895
35953,0.8383432
21557,0.9425381
33929,0.8116589
11853,0.07877429
58911,0.44955596
94713,0.21433909
68356,0.66869986
53071,0.86829054
12287,0.12829235
34025,0.22752808
33749,0.83221316
74898,0.1581905
79742,0.0010094956
28411,0.36455673
112766,0.15704247
43360,0.8702259
4425,0.8523962
60141,0.9239959
45055,0.8467344
117206,0.1263366
40152,0.59280974
38969,0.9453606
54642,0.6968131
32967,0.17960931
11814,0.2116292
85581,0.0022162008
8994,0.11499339
70422,0.42022312
27785,0.09616607
4335,0.8588903
54021,0.55985814
7943,0.7877927
80227,0.0016311023
95027,0.48073173
29174,0.38929695
76437,0.0001721318
31220,0.9707412
14495,0.953515
38975,0.86450094
62225,0.80771273
66571,0.12310471
91273,0.0016769463
58620,0.9755499
23095,0.5439631
117276,0.18439429
25603,0.14886636
17640,0.34233522
105025,0.26726955
13441,0.16269961
26017,0.3995063
1785,0.82065314
16986,0.87854123
84111,0.0012433064
113999,0.12246275
104703,0.38482347
85557,0.002140784
73246,0.18699141
119817,0.15719989
31380,0.80544674
101965,0.37772632
7869,0.17211953
25844,0.73714495
122421,0.790579
20087,0.11964621
92278,0.43035448
21556,0.950719
88249,0.0011352575
17374,0.15244687
85473,0.0018387265
38232,0.9071041
99741,0.6777669
91147,0.0011622283
48651,0.8733514
49915,0.16905713
32380,0.94866925
31045,0.90279233
94437,0.3582556
60251,0.84855527
52988,0.7858969
94734,0.2050083
10702,0.4401655
70500,0.6881252
112162,0.18217592
48417,0.9352629
31319,0.56033015
5759,0.51611876
62492,0.8911474
105278,0.16882375
6892,0.26007533
82674,0.0009924297
103312,0.18487939
108045,0.7939433
21426,0.365896
84116,0.001576203
96901,0.13065273
2339,0.726103
98258,0.21823728
39492,0.5442794
97665,0.17725523
1185,0.47299016
49968,0.17931059
38679,0.8348128
97944,0.28257674
96561,0.29668605
55591,0.6894178
4079,0.7350666
66578,0.15296943
24502,0.15196688
86495,0.0013514702
15706,0.12568054
70934,0.8889126
40701,0.9058971
85443,0.0010724192
23050,0.49401012
49991,0.1478487
123695,0.6607972
103751,0.35438436
38245,0.94052726
119069,0.30733308
6221,0.07925209
48045,0.4775006
80873,0.00095709926
62033,0.88459086
72025,0.4210319
21835,0.83127475
38557,0.5656315
88889,0.002257814
107298,0.7426529
13088,0.92589694
121508,0.88191426
28873,0.4958322
56771,0.88549393
121389,0.71923345
113712,0.5045141
85637,0.0010898395
198,0.89354867
37474,0.9370312
29423,0.17964737
52075,0.92865485
6664,0.204149
124821,0.77250546
995,0.9301531
87127,0.0011160583
73508,0.3317359
21128,0.75755334
74935,0.9578148
64905,0.2160792
119800,0.4818487
106478,0.27226415
30165,0.12203466
84292,0.0010076746
103459,0.16779537
53335,0.75184804
30946,0.9458221
45380,0.34719294
19594,0.5134723
105824,0.15449461
27364,0.37118486
39644,0.72717196
49318,0.57976544
101101,0.22751409
45317,0.18963361
112386,0.2981619
96974,0.21978049
30915,0.12019645
33160,0.4890107
115538,0.26520616
29557,0.17376894
69024,0.10819781
120006,0.24273221
15311,0.25994226
20701,0.9511217
71127,0.13785319
21892,0.93145216
42670,0.94614965
121025,0.46450678
116030,0.84355867
21627,0.90955645
69455,0.14524524
113167,0.4158342
41208,0.9724229
38395,0.5386705
78186,0.00038745746
45749,0.14154613
46121,0.5842423
120743,0.19945522
103683,0.17892073
11092,0.13208555
3697,0.16642593
57408,0.8471039
21149,0.17297004
41151,0.92462087
118715,0.20037375
67680,0.26653683
30690,0.9815794
68785,0.12506041
108672,0.38951308
22850,0.8075243
86435,0.0010195271
67388,0.11106915
25899,0.18409951
54071,0.32367742
20962,0.43497226
106455,0.23735215
55019,0.2252657
48128,0.9662447
33221,0.13520409
90960,0.004096691
41078,0.38944572
17247,0.43033272
25175,0.98281235
104771,0.14962111
45187,0.12799978
108784,0.09706762
49729,0.098856434
80387,0.0014824359
10436,0.10512308
53218,0.83986324
47665,0.9193844
30973,0.9766317
68905,0.27435163
8315,0.23401485
23542,0.9624092
119409,0.31940883
46487,0.84513426
65018,0.9057311
36143,0.9336926
97797,0.138131
76579,0.0003769664
98954,0.16254948
77750,0.00035597914
57429,0.52663314
61304,0.26312968
74608,0.4187011
76454,0.0004925139
61826,0.50193775
116463,0.8260848
76778,0.00023031449
36488,0.8209378
104228,0.4384218
109125,0.1191766
105247,0.7326499
12034,0.34500444
34645,0.9772868
11538,0.103597306
33107,0.3915883
89963,0.0021967303
112076,0.32174024
17636,0.8166026
60396,0.5800386
76645,0.00028405528
95143,0.78545386
51679,0.185285
56336,0.9224151
47931,0.103124745
36264,0.15663026
72877,0.34841204
98842,0.092102356
111888,0.18555562
85915,0.0011120606
89723,0.0009940488
20305,0.86016583
12216,0.68348396
29129,0.8930563
56965,0.9503532
37366,0.9263818
57434,0.8824542
97947,0.7928024
3125,0.3093111
9676,0.2759749
107461,0.16337627
24712,0.95997596
44897,0.9817436
111646,0.21907935
50252,0.9206533
106409,0.24201448
65599,0.4063339
12239,0.31195256
122243,0.7251237
29090,0.77417177
64159,0.19870353
75321,0.00015730977
90839,0.0024127192
453,0.1538133
72772,0.11364906
16154,0.621482
117337,0.7699603
74862,0.16501912
60105,0.8441821
124185,0.7965007
8379,0.7953901
81023,0.0016109876
117194,0.20510273
47475,0.89358234
74182,0.103655756
110665,0.047154494
15447,0.9075827
17014,0.385387
1420,0.19780345
123723,0.849624
58701,0.9053791
21337,0.40900686
104108,0.187865
42522,0.9601832
72511,0.67751026
119944,0.40804726
74205,0.410524
14739,0.95632505
33490,0.34112358
45804,0.8435092
109681,0.05029618
65987,0.29346824
7501,0.33465725
93087,0.9271927
94944,0.33858627
55396,0.14195828
10765,0.6654382
85514,0.0010916413
59012,0.9340704
112240,0.45264095
84373,0.0022953956
64194,0.83570427
45395,0.39328146
12161,0.3157501
22717,0.74976903
19612,0.73626286
42102,0.85488963
15679,0.13348678
57714,0.4707152
62604,0.39594907
75462,0.00019301247
92852,0.2690381
85600,0.0017499018
53129,0.86669326
94693,0.24527107
58585,0.9775957
64283,0.62011325
3217,0.38906375
1497,0.83254844
50045,0.19001083
63602,0.9116001
16130,0.62148196
45094,0.96938264
106630,0.11851327
29489,0.798454
12785,0.44844726
56751,0.9000378
110705,0.021039616
99003,0.5887739
23103,0.17715631
35570,0.58828896
19225,0.8182079
75236,0.00013967656
115455,0.43692315
113019,0.40758812
119264,0.37596682
121788,0.8046388
37149,0.9571017
114178,0.16425176
102469,0.35522974
111663,0.26870468
80096,0.001085512
34530,0.9062642
33888,0.11518917
88830,0.001718069
97450,0.9341807
20803,0.46398246
3042,0.3357547
15983,0.15693656
102862,0.7269141
98180,0.92614096
54085,0.56238514
50084,0.12207157
87362,0.0017352798
122528,0.74523735
112374,0.5302416
35362,0.5500192
81740,0.0013888044
30929,0.17459883
76936,0.00021987097
58717,0.9013343
6137,0.59979045
108950,0.02371486
37624,0.92379683
67917,0.41263708
72504,0.10801214
73982,0.14399734
28389,0.14630806
235,0.099712275
47682,0.86129963
118464,0.87449396
28076,0.83175886
61541,0.392804
25986,0.40532902
63171,0.8886398
35279,0.52872354
93494,0.3782258
104687,0.18430129
11438,0.66825914
56385,0.897619
119620,0.0802046
38502,0.19605257
13093,0.8866019
52614,0.46720996
95187,0.2624115
108956,0.025988407
91888,0.12754606
101724,0.13987665
76182,0.000232458
61799,0.21905053
115383,0.48282972
119004,0.5419494
49239,0.30049652
87549,0.001793534
81175,0.0012164743
22731,0.16883488
31598,0.9348287
18381,0.11500093
52354,0.8516497
31800,0.9702941
47824,0.9128929
8249,0.3111767
14897,0.13348678
2503,0.22397956
114689,0.05657391
124318,0.44472256
109265,0.054290317
112684,0.19300564
74307,0.40972298
120035,0.5565009
61387,0.79209995
69979,0.338914
123996,0.26141602
115685,0.751014
57717,0.85687083
33416,0.8598256
18504,0.31838837
13445,0.09836862
60456,0.22242737
18364,0.47118726
107073,0.84930736
99189,0.13726255
78231,0.00020724977
82363,0.0013774682
115758,0.86152387
5860,0.4523624
35261,0.96796954
115430,0.315567
85402,0.001040492
45937,0.9713145
101020,0.13611658
64431,0.94465
24083,0.119726755
36451,0.93623894
19457,0.82515806
120735,0.15126638
47075,0.6855212
55374,0.35464433
29615,0.5444751
75675,0.00017352824
101364,0.21647762
13059,0.8510635
3071,0.34812325
50446,0.1723269
90675,0.0010982058
99163,0.30710566
85426,0.0012132047
88954,0.0016553937
124116,0.4520013
18530,0.3243825
107365,0.9627532
91637,0.0013861418
96938,0.8389977
81254,0.0009123473
117498,0.11825507
47858,0.8555144
13572,0.2029948
4885,0.8293184
74968,0.00016899967
16605,0.14769486
32453,0.91130155
33826,0.13133669
117526,0.37145728
114644,0.3962018
56757,0.877133
91378,0.0014140832
85829,0.0011504288
74902,0.7905315
52574,0.43332407
94163,0.8468212
66141,0.7527348
123324,0.1553904
4724,0.7826209
51322,0.30340573
113601,0.15446852
22865,0.3658776
10736,0.26812565
71282,0.113588735
20122,0.16821937
51696,0.20475958
114663,0.5300783
13269,0.109872475
28333,0.12919086
117373,0.83543557
15789,0.12341719
15247,0.19365858
39869,0.9176744
84174,0.0009684607
96841,0.6534528
80795,0.0010612771
108933,0.09367719
37814,0.8580095
26669,0.87864935
7801,0.14319104
629,0.9355099
39402,0.88680416
24594,0.13749449
65545,0.3745735
65683,0.9056718
108814,0.034497358
17368,0.1760807
89816,0.0013060538
75973,0.00024106313
96360,0.17216732
34754,0.123712644
41864,0.59000814
36960,0.55881935
40612,0.1433925
106223,0.51381534
99112,0.25078678
3417,0.33453414
70159,0.19274338
102372,0.21941414
104997,0.24630198
109202,0.06531964
107936,0.2461037
72505,0.49645692
95517,0.2089449
74459,0.048494387
75810,0.00024678517
119703,0.86594945
14084,0.22296998
101075,0.12165667
111908,0.22893463
13780,0.6079542
5670,0.682337
29994,0.094215885
9229,0.25959376
12915,0.25367707
51733,0.24489884
67536,0.8464394
85742,0.0021811975
78008,0.00016284692
77543,0.00030344777
82542,0.0009934603
19757,0.14584689
53387,0.9360212
75985,0.00015654917
26362,0.44485423
123691,0.41104642
7707,0.7610002
105122,0.18431248
39749,0.5784593
7041,0.77448845
100741,0.118357904
56257,0.7126788
16072,0.34754968
36758,0.38865542
108331,0.18033047
117256,0.4506344
82598,0.0013932156
95675,0.38046893
78158,0.00032163854
51500,0.7183331
28308,0.18348405
113111,0.253392
33173,0.11839443
100417,0.17277505
85705,0.0011520749
84361,0.0015947721
82095,0.00094963505
84828,0.0010349907
63159,0.866924
20519,0.08918752
44572,0.89574164
98219,0.2016928
88650,0.0013644418
7491,0.12570818
43719,0.40764174
97901,0.09801278
8084,0.22594053
107401,0.1256168
92010,0.019411374
31051,0.6275135
5669,0.28388262
90451,0.0016565346
70111,0.14829226
2159,0.40889397
90295,0.0011979076
71597,0.14667456
89583,0.0010901464
47536,0.93487185
99190,0.21713793
37516,0.8937255
47456,0.20137475
31710,0.90118086
71641,0.17039526
121433,0.88645035
18742,0.318762
71955,0.095493644
107786,0.718265
76058,0.00014655519
35922,0.8977636
34175,0.59006584
91441,0.0013669267
85066,0.004475158
6414,0.7367786
31587,0.8870011
4186,0.62339365
123184,0.9210825
110517,0.1003266
44330,0.94337666
55062,0.58998173
77279,0.00041194508
41211,0.9676028
783,0.3548677
12205,0.5042771
41599,0.19126256
21585,0.95213497
98076,0.11889542
102867,0.12565641
105329,0.4178906
78569,0.0012908083
103961,0.089930944
72434,0.69103
69096,0.30270678
23597,0.89101285
24827,0.4470812
62379,0.95197386
14742,0.9611112
92354,0.5282698
22818,0.13136952
49138,0.20955032
17794,0.1580751
110676,0.12423138
75199,0.00019531028
56790,0.6787306
32820,0.7794431
34581,0.94287586
5792,0.07674906
96926,0.7908854
31575,0.5766667
111709,0.27481323
40238,0.9461925
69349,0.30609423
108808,0.13597907
57332,0.6170589
28286,0.31576952
45518,0.71342343
76273,0.00031931378
13407,0.13134733
95383,0.3391575
26361,0.3966209
93289,0.13503999
18009,0.15898542
39618,0.8225048
41403,0.9449852
91389,0.0014523158
57789,0.45680967
105614,0.17007674
78112,0.0002444928
1848,0.77334446
36973,0.8757231
89747,0.0011362041
110998,0.13301365
113393,0.3843021
119183,0.16669905
12636,0.12791348
76106,0.00016438848
77047,0.00030268758
92022,0.014001474
52589,0.4020178
103630,0.34274557
109097,0.021801963
24421,0.13501966
107530,0.4226031
114010,0.11311799
101171,0.6006433
71221,0.12382668
102235,0.12846583
744,0.5152544
111723,0.3604107
1695,0.77405447
106546,0.19283128
11334,0.1303261
88523,0.0021623457
62893,0.6509106
60539,0.85352373
53256,0.9272925
62523,0.83601224
71363,0.16924168
105166,0.1784446
64635,0.8436922
13483,0.31481376
122544,0.4048971
80516,0.00076801516
35844,0.4222467
10212,0.45750737
80583,0.0013070517
32250,0.76055676
44989,0.8479285
121454,0.10264246
106218,0.9064247
121060,0.5851601
9236,0.8469744
87567,0.0011655416
32744,0.9237164
75879,0.00026694476
110972,0.13915919
49770,0.31032476
69674,0.90773875
21243,0.11500093
83693,0.001093155
89970,0.0024279093
23730,0.5435664
114389,0.43669942
25954,0.2873797
99001,0.459822
104301,0.120350815
100494,0.80042833
28754,0.39082265
84068,0.001330773
69826,0.36157137
95407,0.12727882
35060,0.8966414
115449,0.18158574
105477,0.3001999
51563,0.9084983
48806,0.55979615
92418,0.15812925
33850,0.09820581
93732,0.7405494
93648,0.6056311
104679,0.16835472
92801,0.34471586
2008,0.39998358
89299,0.0010232886
45023,0.8767699
22110,0.8919444
9139,0.27267528
122996,0.21686843
11642,0.23984034
55350,0.8489003
42783,0.50666696
9454,0.0900843
75264,0.00016580147
44102,0.957214
102015,0.45174456
84043,0.0009071581
73604,0.11094223
58060,0.9285635
78117,0.00020388156
5299,0.9157556
52942,0.3444598
97470,0.9277339
55654,0.15603308
20168,0.28621557
50031,0.10250814
57677,0.3306918
7905,0.70579714
18436,0.25677642
27072,0.14575367
74009,0.33539554
41718,0.5851442
93128,0.8397719
110615,0.03631297
23768,0.18061318
106183,0.7966615
114710,0.90752906
40906,0.97006917
73024,0.906197
7035,0.32660976
101491,0.10295725
9190,0.279699
78522,0.00097052334
18276,0.9809553
38373,0.8876367
67847,0.32325003
79262,0.0018834888
66710,0.18706693
34758,0.40504435
51146,0.7234918
119779,0.61716294
125063,0.1683165
21501,0.8948623
66238,0.6465802
23232,0.4549097
63208,0.92860323
89510,0.0027843693
117937,0.21946621
90433,0.0018791846
119394,0.18323083
51238,0.10610022
108646,0.15245429
64244,0.83695173
83654,0.0013695009
86419,0.0015558382
106817,0.9067149
67765,0.6985679
3245,0.7823402
100372,0.4866622
48184,0.90089583
46472,0.13272814
44543,0.8842609
119778,0.4330343
37286,0.9867748
113633,0.15751284
29284,0.7442436
116884,0.18594632
93560,0.5607641
32354,0.94027436
20375,0.9101526
84456,0.0014081984
41373,0.44906867
91171,0.0010273282
42528,0.9709819
19139,0.42209357
62661,0.49740842
69905,0.26631996
54137,0.37226894
9472,0.12385617
36482,0.55165607
42264,0.19159344
94714,0.2174992
70344,0.44051245
26587,0.7502436
103036,0.13447624
68093,0.14104436
45061,0.95454746
16291,0.67373955
17144,0.49755287
89996,0.0016401542
57230,0.8397343
40047,0.5006596
815,0.94008523
36463,0.64581925
55857,0.8704929
51139,0.5824379
86203,0.001515738
15745,0.11940712
42837,0.14483532
101571,0.23645654
77190,0.00034092512
98007,0.8786899
1398,0.19557016
16251,0.27153063
104895,0.31993592
118485,0.3283328
100357,0.89589375
112018,0.30464926
104721,0.3274209
79299,0.0012916808
99983,0.22990394
12019,0.085695714
12728,0.291632
46398,0.95486766
84464,0.0014081984
14887,0.13381837
37865,0.8879986
73281,0.71994585
103578,0.12319648
71885,0.23707554
44680,0.9206191
97312,0.6186214
65443,0.14620714
11867,0.30774865
38797,0.883223
74934,0.9578148
10555,0.16081755
76531,0.0002744217
47740,0.21609889
66242,0.14815524
23944,0.5256279
2406,0.10669802
119546,0.79822594
120913,0.81614417
52668,0.3215175
85228,0.0010800363
101,0.86326736
53648,0.13510887
71937,0.123646125
91855,0.14292261
111094,0.33080825
59409,0.5668316
2333,0.07722796
51998,0.48062226
65856,0.8654378
28048,0.3599946
30582,0.90128887
4471,0.77320373
17366,0.17580293
81735,0.0014528676
82706,0.0016530943
67474,0.64237845
119208,0.14771259
6418,0.204149
62079,0.9629835
20194,0.4501366
14311,0.124498196
46902,0.8751102
16229,0.77288
40021,0.87981373
62530,0.943717
63923,0.49614668
41763,0.22526562
25930,0.6036417
60586,0.24670693
24100,0.119726755
86678,0.0015891335
72303,0.43132457
105451,0.38270742
86859,0.0017855333
5008,0.9775283
124020,0.24489895
87981,0.001428711
46991,0.93291134
5304,0.9238822
80074,0.001388563
6650,0.18136163
64756,0.4492859
76036,0.00020771922
20858,0.09296398
104323,0.3474793
104309,0.3700563
70508,0.1409989
81712,0.0022172083
30885,0.9323833
59902,0.8151203
14288,0.36121735
42815,0.16667005
4032,0.16402169
36796,0.95862687
44158,0.14241405
15435,0.8997206
60173,0.47977528
16288,0.800053
18584,0.30764642
83514,0.0017654946
64304,0.37438652
44877,0.9667378
64987,0.7704752
19632,0.8643328
81051,0.0009490833
85315,0.001330773
26287,0.7754244
88670,0.0010578759
98303,0.13398966
66228,0.1466261
72992,0.889853
18899,0.17705485
18575,0.60621333
53141,0.8733144
46728,0.9637617
114435,0.862956
5153,0.82127726
13943,0.14607213
56761,0.612538
117969,0.21045727
46360,0.8800566
8663,0.11672163
19618,0.86764383
31718,0.9359089
19722,0.19664437
76922,0.00022592349
17124,0.83516866
95305,0.3226462
45672,0.87102
8013,0.15467544
14021,0.80665815
89949,0.0021009592
109393,0.029115636
18855,0.87603575
83315,0.0012423357
8941,0.49509883
87429,0.0015681717
98262,0.7181702
17488,0.9636483
28066,0.44163772
3701,0.71457714
33995,0.45268753
82348,0.0014526076
117482,0.14687349
75427,0.00022090209
42534,0.94124323
106712,0.19631727
112884,0.36575523
76293,0.00022305133
110863,0.12956636
11478,0.7031268
106519,0.5467414
515,0.38882
81220,0.0011182416
118413,0.36826438
78202,0.00036306272
99916,0.20174971
36925,0.8326851
97238,0.14036913
78296,0.0013326412
42656,0.9185521
78509,0.0009279511
47050,0.14308208
75461,0.00017036016
22736,0.18266661
109365,0.09063732
84719,0.0009202084
78128,0.00023538704
6825,0.7110197
103326,0.08223886
81818,0.0015826509
84526,0.0011980388
52760,0.6358621
18369,0.11500093
104037,0.130332
62706,0.7563398
124885,0.9584998
22474,0.93979084
85374,0.0009124454
52323,0.24133706
32962,0.11819698
79995,0.0009155868
41735,0.45291308
10030,0.117425576
67087,0.22027269
61577,0.9070242
71967,0.16349834
16174,0.10601436
12448,0.23940212
92817,0.37178147
24062,0.14818001
76780,0.00021301057
56044,0.8508391
9553,0.0654171
103741,0.10904783
34708,0.9854113
101414,0.11501221
53037,0.88158053
15170,0.14768073
76069,0.00024922873
61413,0.8623339
57871,0.74222577
95621,0.20283346
100501,0.3405759
94573,0.77073216
97217,0.79283565
4431,0.7437634
56976,0.8865333
32758,0.1521069
28373,0.838485
51114,0.2774674
60043,0.21258527
45705,0.31492686
75536,0.00037525126
82139,0.001017708
108967,0.032040264
44786,0.5633941
29281,0.43495777
56416,0.17312218
19985,0.36820936
88562,0.0015571439
69595,0.68907875
100905,0.4197018
114104,0.2240908
64071,0.41289526
51504,0.11361096
19422,0.22806424
110429,0.013733423
13503,0.36202535
91836,0.13506836
28937,0.71126705
117418,0.09597208
11173,0.20590182
78627,0.0011709355
11556,0.32555726
49634,0.20842212
82653,0.0008747885
40929,0.97209483
15483,0.9539961
35978,0.9599059
63695,0.9393981
120548,0.34133062
30876,0.93768007
109883,0.060193636
109080,0.046507113
76077,0.0001432872
63462,0.47714722
21309,0.11955564
41257,0.9056696
28146,0.45798934
103128,0.24854873
20533,0.6335597
15871,0.86947286
65655,0.57690233
9004,0.9064556
47652,0.46447474
102112,0.1476939
19670,0.9467596
121175,0.18660043
84731,0.0014414547
55178,0.47269505
20842,0.09873111
9950,0.119597286
12942,0.14725094
87575,0.0015805893
19406,0.5600794
111677,0.34409726
21537,0.96597666
52363,0.90500546
27455,0.4321912
78707,0.00086681027
119252,0.16584982
108077,0.13229385
3358,0.18064916
48826,0.76207
65270,0.75713575
4764,0.77620614
44047,0.8958414
36950,0.5390572
109650,0.03713842
99138,0.82893956
74005,0.1307441
113740,0.1495828
52089,0.954052
95825,0.292191
34865,0.51356965
69131,0.7622866
3491,0.32251042
107427,0.1728501
30992,0.9793746
53043,0.41152582
80457,0.0012620516
10550,0.4281041
10692,0.26766017
98608,0.2348444
97399,0.91095513
13035,0.1064333
13180,0.1359638
97412,0.91918576
69841,0.106564246
92743,0.64946944
111891,0.8208892
14836,0.97795004
11474,0.30477196
59873,0.91490155
72367,0.38366473
124681,0.50733566
56134,0.7910762
11864,0.120304026
89715,0.0010643704
107784,0.3949685
3343,0.1600373
62378,0.94771004
112643,0.70936245
56945,0.980186
94859,0.34884986
52080,0.9379037
107644,0.86095464
119491,0.4373945
116893,0.18341309
52277,0.6319255
43101,0.8997155
24154,0.8810673
73864,0.3071233
23882,0.31608918
118962,0.86025083
118758,0.15587893
69681,0.9111266
9692,0.858743
63869,0.21456413
56867,0.30354628
26543,0.16567989
113445,0.77473545
31352,0.90459657
99722,0.25856018
104144,0.73029715
61859,0.8523675
100878,0.52982914
31250,0.89992964
51163,0.2527975
38639,0.93605286
105717,0.247956
3946,0.13648272
32199,0.96759385
32247,0.9523073
121518,0.76832247
103042,0.11802238
49738,0.5848615
73779,0.1155461
79529,0.00076879945
95502,0.72488797
79762,0.0011910496
37551,0.59934354
97452,0.93481934
6254,0.52234006
44763,0.87337744
84939,0.0010870053
123905,0.88545793
11433,0.2929476
37928,0.611731
64976,0.49511895
65101,0.84717405
13951,0.105816826
80327,0.0009789864
87158,0.0012845026
47334,0.48312035
100758,0.0857646
68581,0.3085329
122465,0.49525034
63612,0.9166896
91766,0.10922611
7823,0.1387597
38918,0.5415376
8137,0.26240945
5862,0.36327606
40227,0.61522424
31777,0.95252526
51686,0.16529256
121291,0.1600831
111535,0.4189507
65647,0.815244
76029,0.00023586625
7514,0.25582093
102061,0.12879111
74658,0.34934685
119268,0.6044968
103000,0.33261934
70928,0.8734112
119324,0.86319786
82336,0.0014212696
47765,0.85539305
9174,0.632145
49760,0.864616
110213,0.039674576
978,0.58703434
86824,0.001616743
24194,0.5206307
57335,0.7998529
32905,0.693073
100477,0.67853457
41848,0.8973955
23636,0.9102425
43597,0.848004
88122,0.001156045
10492,0.11535919
124003,0.22212805
8253,0.12062594
45105,0.97460425
78619,0.0011295468
32531,0.3471816
52358,0.84543246
50537,0.91466457
15222,0.9002318
37355,0.91948944
26408,0.7294595
76338,0.0004417066
14645,0.8470855
70912,0.748699
120500,0.39292943
101611,0.1707824
107216,0.97529465
80446,0.0012079782
84664,0.0014102148
106763,0.8187452
28777,0.6896393
91029,0.0013749053
46853,0.5579706
52025,0.38235426
113892,0.21341553
85693,0.0012443911
14298,0.10541753
115586,0.40548915
71286,0.14190057
100405,0.15541357
62482,0.82029766
59766,0.5334489
34067,0.11207633
64679,0.37076
62978,0.42724335
26332,0.8232122
47967,0.87726235
92681,0.34693235
2195,0.14535055
108591,0.8613338
71371,0.118479334
7799,0.3199437
4423,0.4973137
41433,0.49238965
70718,0.32161254
7129,0.3782318
35159,0.399577
110881,0.31439304
2298,0.30516046
23695,0.9806968
72379,0.77399653
120308,0.33597845
123192,0.96003544
7652,0.11739446
91205,0.0016285884
85937,0.0015329119
62223,0.8014761
18843,0.21502838
74793,0.085758135
34822,0.6989117
107581,0.97579455
116915,0.4942106
40474,0.9342683
97211,0.2544975
71535,0.18007733
29464,0.16889557
109678,0.057830524
43123,0.12230865
87044,0.0012711502
42148,0.83924115
44949,0.33375174
67058,0.07911219
100528,0.10933527
10719,0.10817601
14824,0.98215103
102815,0.28704166
79787,0.0027210007
39141,0.9757957
52146,0.57578826
24947,0.83414626
8904,0.7318882
103347,0.1640841
1006,0.96340764
90674,0.0010552624
116064,0.905628
30085,0.10972748
91384,0.0015176263
67249,0.122086264
56598,0.74398965
71899,0.36438257
54971,0.7143729
33566,0.15229608
53835,0.13863835
24671,0.8642872
68263,0.6019445
23221,0.810481
79766,0.0012351819
4934,0.9545984
92150,0.40878698
116644,0.17353359
57779,0.57072115
17843,0.5654442
103880,0.36795375
115526,0.72389734
17678,0.5033273
18649,0.16625981
104836,0.31359187
1169,0.86368287
97585,0.32030037
63258,0.8364007
15456,0.9370366
65445,0.49511895
63978,0.16547397
91653,0.0012657245
115245,0.43674248
54789,0.31675503
58198,0.9462348
122584,0.697196
111963,0.63474536
65965,0.18127438
67771,0.13955094
53807,0.8622311
77794,0.0002145168
66980,0.13001226
89612,0.0022118525
39115,0.97468615
40297,0.58549166
16879,0.1951513
67310,0.12282834
33627,0.114398204
21799,0.18842581
104104,0.6216888
113937,0.8226337
84993,0.00091098045
42773,0.90637153
76945,0.00018798518
115487,0.8833532
65028,0.12383016
8043,0.16780606
13383,0.26989594
95192,0.2526156
105023,0.127203
9446,0.33777827
113226,0.727005
91741,0.023856021
28041,0.44040334
52091,0.9548927
1217,0.8208478
49689,0.6865005
102887,0.25278556
68332,0.75447184
71026,0.1601975
80608,0.0009541052
14053,0.17057607
109248,0.018629698
25896,0.17327335
54963,0.923755
83287,0.00097189745
96776,0.1867077
64853,0.71543187
61963,0.9175432
22908,0.37627417
52164,0.19855952
38439,0.87169415
43052,0.96623623
83088,0.0011942465
9083,0.41901207
76877,0.0005238728
28206,0.69541526
74279,0.69168454
35828,0.93524575
46648,0.9336935
109512,0.019534973
76547,0.0002501455
100146,0.20800604
4338,0.8126136
80285,0.0007804255
62295,0.8971522
87790,0.0023059214
26498,0.50527436
115374,0.41278434
17321,0.77627903
20987,0.12886766
3580,0.16777371
58697,0.8816397
59202,0.4925905
76951,0.0002289459
71035,0.18163764
18838,0.54415613
96690,0.8894026
64827,0.7465118
102555,0.111424066
40979,0.97137904
13196,0.16706643
25145,0.9703227
89152,0.0010536475
89541,0.0015193701
69339,0.31583673
63433,0.42598182
17316,0.46064395
57623,0.570436
79648,0.0016761443
41750,0.22334586
102470,0.7544179
49763,0.20985664
7720,0.104743764
119163,0.45850047
20558,0.5168868
87146,0.0013210997
52602,0.17317407
108039,0.20720303
12758,0.13520168
6325,0.6409019
112533,0.6904588
106077,0.42532054
46798,0.11457364
17729,0.09941517
101995,0.18584016
20362,0.8555679
40688,0.6085545
65741,0.46210253
112900,0.7644865
82998,0.0010362501
33146,0.62546957
36825,0.52946913
39203,0.19218838
11082,0.11306772
108740,0.011738984
91865,0.13089252
60687,0.6209071
14020,0.31918138
100343,0.7401393
107891,0.68666166
33529,0.13531867
65890,0.8742484
72663,0.47769597
118267,0.15128964
8531,0.649516
76237,0.00032481653
41057,0.94447404
86676,0.0018074104
69583,0.1080464
97911,0.20764638
81256,0.00092945754
92881,0.8352027
63899,0.73589927
112642,0.7345559
16620,0.22990298
58279,0.9825964
12295,0.11987449
61364,0.9160177
88474,0.002451879
86987,0.00093645405
83980,0.0010966737
32779,0.4704723
99733,0.12067825
68858,0.09434221
71460,0.17424308
96489,0.56366205
114755,0.3379922
30728,0.89625823
70453,0.118648626
42183,0.57010245
85824,0.0010119067
66011,0.14742593
28560,0.6999406
62851,0.18164095
108917,0.019981308
107470,0.29453376
31750,0.632525
110239,0.031045487
53780,0.27057952
10996,0.1465394
63663,0.45846814
98336,0.22733527
19261,0.15378961
52077,0.9295106
122479,0.47761944
65875,0.9130283
118270,0.14583637
19786,0.14036147
116721,0.38438284
41639,0.60051703
107034,0.71571815
80506,0.001292887
86313,0.0013566182
54638,0.656005
116822,0.1543893
73716,0.36889124
92281,0.19000737
110662,0.021186972
13592,0.12948644
32071,0.8784535
59542,0.9539501
119819,0.16168511
98389,0.14013891
100157,0.83372134
70099,0.19502592
21017,0.6021664
8240,0.10802301
64858,0.58714736
122817,0.46685356
73700,0.16354653
27339,0.34249562
40877,0.9439927
16362,0.13082367
110556,0.03376432
3937,0.10032622
30221,0.86888546
94278,0.9321768
74406,0.29482833
85171,0.0013939966
95284,0.1276144
65667,0.9353163
18861,0.87708056
101686,0.23229618
119051,0.22682841
30086,0.10141448
38810,0.83857805
24946,0.38261232
42688,0.9737051
123616,0.39534253
54140,0.2907644
58543,0.9172611
64241,0.8934975
20513,0.4606935
53847,0.5639219
26125,0.78121454
67482,0.3676494
106487,0.14009853
42358,0.5346024
100456,0.31616884
58617,0.9795197
118341,0.43945593
18751,0.89858085
98136,0.7452549
122071,0.1721642
106228,0.8406805
78349,0.0011339465
1854,0.8068776
79376,0.0017315056
50209,0.6956032
28858,0.18826869
79284,0.00101274
29182,0.6945142
85878,0.0017239543
83697,0.0010325497
63220,0.93030566
109416,0.042811
79014,0.0010278916
79797,0.0031838543
107134,0.9675627
11046,0.11328767
71716,0.40572077
15785,0.79462874
12298,0.08494482
93832,0.17117852
22230,0.72279793
94866,0.4252427
50227,0.7802893
68982,0.1956773
19293,0.15166578
67199,0.119331196
93400,0.14440836
50747,0.35075137
121858,0.8789781
53308,0.80529433
40380,0.6054017
53937,0.32473972
110097,0.04596809
63588,0.45699382
14125,0.92399615
28407,0.43095747
59424,0.8854584
101757,0.80598545
21316,0.11955564
41450,0.85737497
40727,0.943743
24401,0.19391672
64548,0.37343812
55794,0.795032
39617,0.7519618
118787,0.5727819
85852,0.0008643545
76158,0.00015705348
63194,0.85707474
100565,0.40670985
82293,0.0014688399
54914,0.70895433
87364,0.0012301842
85137,0.0013570072
118300,0.20548081
55620,0.30179211
68922,0.09901435
47802,0.6515841
16662,0.3157184
100010,0.23511423
70698,0.2983037
109278,0.0133936815
48817,0.93079525
28833,0.32163462
71364,0.72023016
84319,0.0014472
90534,0.0012847572
16608,0.1827965
48285,0.33375174
49953,0.54977345
4773,0.6649841
74623,0.79405075
50986,0.3773098
12719,0.13801754
121530,0.4874954
28291,0.24184373
71798,0.35129753
58637,0.9676055
94009,0.82509303
78191,0.00044019928
100436,0.13910268
40457,0.93320024
33837,0.14010352
108306,0.53199446
81512,0.0017203989
120250,0.72101283
110548,0.030881042
33104,0.30928203
48974,0.8637866
81045,0.0009487614
123157,0.37964147
115144,0.80279
84907,0.0013512295
9022,0.13923584
30819,0.5830964
94224,0.9420255
27392,0.21121897
124261,0.9111583
82327,0.00092287234
113703,0.46283886
12463,0.09191168
3777,0.066784084
23622,0.5921999
291,0.15879126
51716,0.53026307
47234,0.11536563
50417,0.13086455
97697,0.70437825
19653,0.91628265
118446,0.42710236
117123,0.77693033
74254,0.15553401
22880,0.69140404
108211,0.78060967
49730,0.47147205
42300,0.18139267
47464,0.48310542
29895,0.13686365
56166,0.6781287
7503,0.39886448
6937,0.09263981
11237,0.7145056
53264,0.20988877
26225,0.56531554
99477,0.4210863
112550,0.122975655
10617,0.08017585
80937,0.0011632201
67598,0.2794412
100886,0.9001657
33613,0.10580296
118118,0.26947296
46611,0.5027348
89378,0.0016621792
9034,0.45119935
18463,0.8037544
31712,0.91716903
96564,0.16241778
50874,0.2616306
10528,0.12743825
116723,0.7148457
65376,0.5961772
51789,0.6380176
113719,0.17946757
66397,0.13665561
30826,0.90488094
52555,0.19742814
35437,0.94151163
69743,0.926546
30065,0.10972748
101436,0.23246537
86640,0.0013147314
104042,0.4253262
113528,0.34977296
18223,0.9795187
49810,0.85562176
19534,0.29642567
43479,0.91231245
21499,0.9047856
109088,0.22362241
87187,0.0020458933
96910,0.15385896
34114,0.53439826
106434,0.34298787
93790,0.81929225
8395,0.4201031
327,0.8172822
118301,0.18022864
9427,0.32238227
69710,0.92186224
98623,0.12956172
4740,0.40250444
9142,0.6617371
47928,0.13478908
90403,0.0015081887
33225,0.15398909
95173,0.13245077
64993,0.7865942
51762,0.39966056
77208,0.00039403434
84882,0.0021262255
53133,0.8587256
92198,0.1080696
37472,0.9512636
10811,0.2860827
36326,0.37602648
91498,0.0021325864
118687,0.4671948
106207,0.88102144
123941,0.92949224
51666,0.37673956
29438,0.10036705
38374,0.84647644
51773,0.7767679
20006,0.9149333
39660,0.8886963
73987,0.08192876
26561,0.16590062
34550,0.9226936
76728,0.00032077316
124800,0.8380273
25470,0.94609714
83206,0.0018218377
25900,0.46504748
91815,0.14026183
3006,0.68131363
103156,0.18523951
47568,0.8924129
6034,0.12401496
51213,0.15772769
98280,0.25168976
79279,0.0009818241
109233,0.09006667
13056,0.8080601
101696,0.15839663
9956,0.1270231
46250,0.9269862
105631,0.17237167
110110,0.06030953
102715,0.36761135
11074,0.18183726
24186,0.83124536
111271,0.31058523
6445,0.07339244
92668,0.14775348
75345,0.0003663918
104948,0.34706903
116533,0.21073854
27702,0.7922809
13311,0.5539532
27328,0.3607435
86025,0.0008851304
13379,0.55684334
88782,0.0010132765
88063,0.001066888
117602,0.34057912
93261,0.1914644
64830,0.37237757
64654,0.8685977
26432,0.8042217
68394,0.18174775
46626,0.84513426
43315,0.7505776
101069,0.1424488
17183,0.1259802
34519,0.86725956
6402,0.16600837
8841,0.15680116
119103,0.2791037
60627,0.37452707
32748,0.623247
25679,0.4241934
32646,0.97981995
121718,0.8920631
15807,0.107400335
31876,0.9680563
74285,0.30507115
71527,0.15299824
40237,0.93218654
67762,0.14308248
76485,0.00020166876
65223,0.6370705
92901,0.891439
122709,0.1720134
67250,0.62485003
39190,0.9809063
12098,0.22974487
66093,0.71895593
19228,0.8829753
114520,0.36221296
74954,0.00019005798
41400,0.66951513
35981,0.9659178
15528,0.96124166
120568,0.8583442
45121,0.9795172
57109,0.26015943
21244,0.17334425
14628,0.88323396
59016,0.94260746
28467,0.88584596
15174,0.7244136
28891,0.854722
109147,0.054131452
114462,0.19282575
49272,0.8585523
65942,0.16560946
67521,0.13871945
48375,0.91550744
97952,0.7269557
91374,0.0010461321
85698,0.00145567
33716,0.5870118
36723,0.9115596
66860,0.16799484
100774,0.23343702
74789,0.14242145
108725,0.016480854
115746,0.19145493
23753,0.5924969
33747,0.41942042
39495,0.1917378
58375,0.562895
21826,0.4024086
76536,0.00023002415
85348,0.00090569333
65354,0.92197186
42080,0.20642875
99178,0.72903717
51923,0.44528508
56525,0.8120394
43727,0.9418986
35918,0.8842361
88461,0.0028530834
59303,0.8969754
95350,0.10680527
24881,0.14388879
21643,0.7499303
3843,0.1622697
67041,0.15386148
74577,0.9506205
17420,0.17089014
58496,0.8575343
20325,0.84452766
114742,0.328661
16254,0.74411994
104096,0.09622301
30643,0.9748635
119246,0.4942106
44983,0.8646455
21103,0.17291135
52296,0.48795307
30411,0.84741896
25478,0.9590236
40872,0.8089994
102035,0.3520815
80822,0.0014087181
80232,0.0010672433
75224,0.000145092
32703,0.8284892
81878,0.0020991026
87271,0.0018888112
76377,0.0003062615
98819,0.13552046
54405,0.9362919
47971,0.81625813
68944,0.44014627
14113,0.8055807
94132,0.793514
35426,0.65144676
16206,0.12210794
36684,0.8753342
74747,0.22944966
109863,0.013049647
46617,0.8640125
121505,0.8360034
98130,0.49351534
9217,0.10091896
61289,0.9767602
124618,0.88080186
67681,0.34038082
121399,0.11290552
23331,0.89892143
48125,0.9621167
60761,0.46181494
79489,0.00073192106
90366,0.001173493
39453,0.32195675
71805,0.45134628
19324,0.19896151
14135,0.79747766
28313,0.28754064
1010,0.96852106
46794,0.8239619
62111,0.9193545
75371,0.00020568984
93725,0.11265492
95159,0.14072956
106905,0.96676975
110675,0.11989579
1489,0.85164976
78420,0.00079902995
93188,0.2181585
32049,0.92590564
86351,0.002338293
74313,0.27663788
64650,0.8377463
115748,0.18498105
116797,0.31121102
100753,0.075848036
80284,0.0007634935
86119,0.0010888812
108354,0.35828406
30207,0.886553
121799,0.74095315
28491,0.6797371
67606,0.24311322
100851,0.32247502
111021,0.084740765
24927,0.7946596
9070,0.11850288
14509,0.96338165
119724,0.4078404
62860,0.7949099
90289,0.0015701156
8766,0.69271445
48477,0.96120024
66822,0.32543722
54235,0.1647069
7313,0.31749278
24382,0.50293076
61865,0.8782001
56895,0.9400338
60350,0.4478946
97939,0.5542084
66498,0.35549957
74152,0.12301576
63224,0.9306488
7775,0.74623615
7270,0.15258028
23040,0.8700536
3093,0.23570535
43,0.281935
32382,0.94828236
3683,0.6432787
75818,0.00021557337
108152,0.84925354
86249,0.0010228115
7709,0.7366418
97123,0.103659645
75144,0.00014984985
119428,0.270342
63939,0.4640876
98260,0.5293394
101830,0.14784597
17970,0.96388817
77497,0.00058008207
7122,0.043872412
40783,0.1206131
13977,0.068353206
122405,0.29056743
3506,0.21482778
50171,0.40176836
109839,0.017392924
313,0.55767614
35352,0.22778307
115261,0.796854
49958,0.31529912
34877,0.8508788
111504,0.69277513
33411,0.8305683
44711,0.1474352
14196,0.3971009
6458,0.40870613
49647,0.7922117
103071,0.11581464
56381,0.64873177
102413,0.14913146
113192,0.68293464
102499,0.16003244
84704,0.0013198408
28661,0.8000972
52156,0.16549437
40429,0.7677833
19330,0.7021697
8760,0.2537582
55460,0.8427353
82349,0.0015513764
22744,0.42139134
61191,0.3107052
46374,0.8799836
41101,0.39055982
36051,0.34193212
96480,0.32185477
69415,0.32731313
42427,0.9607437
48022,0.37921566
112759,0.8138784
121977,0.74315214
109447,0.09950984
61490,0.1756039
5364,0.7503045
34431,0.94394904
35281,0.9005419
40640,0.9126505
68554,0.7968964
111817,0.11531615
11613,0.31277552
70593,0.20050316
104310,0.6700657
5680,0.2687674
62981,0.3813928
123804,0.29520112
110283,0.14244564
46864,0.36294034
115936,0.23472127
105882,0.72914565
79207,0.0009922595
104956,0.20899709
183,0.96969765
81955,0.0015145232
22041,0.6951071
15936,0.9143071
114968,0.1670993
77570,0.00019970647
81341,0.0010822332
39728,0.7790654
13285,0.15761787
11539,0.109872475
32439,0.77635163
63754,0.8989852
107604,0.14044738
68632,0.2629319
38790,0.4354594
66938,0.29209772
59072,0.97549486
97114,0.11914878
54141,0.38108453
45483,0.16459525
88928,0.0012571693
102909,0.29530668
94406,0.4913988
52069,0.91565853
79176,0.0023882645
99691,0.6868967
85440,0.001251278
5181,0.93527305
33037,0.8325828
30496,0.9623048
88665,0.0023705256
121973,0.38194758
117658,0.7406068
50672,0.35902357
60083,0.86637354
51768,0.16374265
11928,0.12347894
24101,0.119726755
93262,0.16716136
99909,0.12040358
36635,0.9410181
70955,0.9490898
95132,0.80099
108375,0.7491017
26512,0.78438914
112422,0.14800127
10328,0.20643352
122417,0.46080807
108021,0.074948505
64180,0.18901746
90594,0.0013178544
38732,0.93463904
84107,0.0009453857
120583,0.36661887
12135,0.55665475
66877,0.11793337
63625,0.93727475
114181,0.8208892
115648,0.8386265
33272,0.19587822
58225,0.9712517
98205,0.52986217
82681,0.0010289737
65927,0.25195557
25213,0.52301484
118926,0.52015156
101040,0.17321377
41804,0.6863717
91284,0.0010249898
37641,0.96101725
27833,0.59476006
73212,0.52902347
53072,0.8878802
98693,0.25084162
30188,0.68252987
93849,0.17650491
121061,0.66514426
25727,0.7081549
75498,0.00024716664
3644,0.09086534
83632,0.0015249744
63275,0.39852113
7377,0.28407001
83711,0.0011343483
62934,0.8668389
116569,0.50283504
124494,0.8446819
14302,0.4411207
3914,0.31654847
108131,0.22450203
39274,0.9604947
12548,0.13477527
105114,0.7375181
441,0.23851761
13836,0.34510615
15795,0.3561155
55112,0.8572251
114107,0.15237924
96449,0.18542641
112012,0.486818
25303,0.23461094
89318,0.0010472599
96928,0.82992595
44827,0.8298217
121716,0.8833885
77607,0.00022752814
55443,0.7119224
56970,0.8415557
87557,0.0012097653
90475,0.001031397
18131,0.96750057
122770,0.123069905
46372,0.4936662
82419,0.0013164287
12565,0.35513294
35370,0.10279514
30721,0.5818062
69856,0.25504267
61423,0.9164102
58762,0.8378764
42053,0.9681396
70692,0.6771646
85980,0.0008592792
29088,0.43039575
66718,0.80628943
16105,0.2610621
68973,0.20604528
77512,0.00021809271
99906,0.26005638
24450,0.11500093
33195,0.08825207
58164,0.46937627
60044,0.24874088
6790,0.5621103
55727,0.14336537
76560,0.00026371863
47611,0.91811275
10460,0.09182255
19978,0.40260142
43326,0.8369185
67088,0.8093731
28089,0.72795635
62938,0.26977444
33971,0.962516
59731,0.9436383
76360,0.00032270377
32834,0.8431912
109428,0.09402115
75730,0.00022624253
30689,0.981498
97771,0.6158872
17982,0.33165744
12278,0.2802497
88245,0.0010225547
90726,0.0009644636
66320,0.69255716
102478,0.21095507
36373,0.97525644
64555,0.18247876
123264,0.92151374
78174,0.000391473
120608,0.31663194
42451,0.9607608
121765,0.4560433
20434,0.9564398
28427,0.4224632
78723,0.0011748055
18113,0.96921736
13993,0.5121615
31081,0.5000754
72467,0.658424
46292,0.9810239
101400,0.15313856
47602,0.93023956
78482,0.0010984318
9170,0.2691782
106607,0.13415553
3387,0.64789814
47411,0.78400266
50627,0.8165661
115107,0.24239841
42147,0.71337783
96566,0.8323055
74841,0.7496356
30283,0.58666414
27906,0.37087697
113334,0.17592704
61533,0.90734875
79216,0.00079789996
78113,0.00023031449
78046,0.00021651702
77163,0.00040923827
118371,0.18163992
117916,0.10906961
53874,0.28267914
38432,0.55810374
9727,0.12988383
81882,0.0017168116
498,0.8576651
20760,0.7023803
107129,0.9703554
119947,0.7620008
7967,0.2880639
4389,0.8190952
92771,0.35041913
118737,0.5482149
16117,0.1243484
107848,0.21694005
115114,0.34360382
39563,0.9575234
75522,0.00034242953
114409,0.75037545
117642,0.5176765
41279,0.9550487
30449,0.93872017
69831,0.4533463
101608,0.10460048
56024,0.2718175
100069,0.10285162
23683,0.98009723
63773,0.48107457
77733,0.00034218136
67491,0.60720813
106126,0.8417765
37952,0.9680283
20215,0.21454509
74960,0.0001697856
98630,0.1034084
72382,0.2684304
35598,0.9422584
10782,0.33784476
71568,0.37984478
64252,0.6407004
32790,0.16262458
89767,0.0013153702
115158,0.8809066
60279,0.89225596
18605,0.36666945
56061,0.87516403
32768,0.2490328
90273,0.003762826
5751,0.114785716
10075,0.5651124
21637,0.9214883
28254,0.48714536
430,0.16059156
31001,0.9357588
101710,0.25073993
77458,0.0002709086
85120,0.0017239543
114288,0.6857092
21006,0.42220277
27506,0.31288993
91649,0.0013939615
41641,0.83328325
53653,0.12320542
57804,0.73260736
91473,0.0014228197
86892,0.0016469031
82829,0.0012778413
1915,0.9374825
101574,0.4680854
9172,0.632145
125177,0.8718517
8858,0.73839253
37170,0.9778241
38270,0.5008931
99534,0.15593432
68021,0.16108268
8095,0.27335817
56585,0.4407956
15138,0.35109508
67223,0.1054428
113711,0.36728734
83760,0.0010718711
112639,0.22752425
961,0.48726776
81352,0.0015599725
32142,0.9112648
59092,0.22164404
119529,0.20668222
112326,0.16297683
110062,0.035404004
122633,0.3699864
48310,0.14949101
105346,0.44205242
36797,0.9677222
33062,0.18788283
58598,0.95974016
440,0.2186224
30609,0.9469445
87451,0.0017194459
124350,0.72122324
2827,0.16583298
67832,0.30001268
50006,0.7559387
100838,0.6356556
11711,0.1447581
115495,0.7751952
117810,0.67664355
116844,0.772521
21074,0.7174114
106683,0.14371334
64198,0.7395851
95221,0.2165894
123484,0.88698214
64318,0.38974702
116176,0.7522022
369,0.08444782
90659,0.002178336
99447,0.5843476
106774,0.90752506
119480,0.38223273
21010,0.48885995
109022,0.06917815
66048,0.2666241
21355,0.7193302
27134,0.17662646
119630,0.8684508
28510,0.77032775
59453,0.9072177
105957,0.8715781
15016,0.49016482
90373,0.0013678995
53497,0.38363296
84141,0.0016589328
49753,0.80631286
42880,0.9109134
44127,0.97357166
87398,0.0011415064
76603,0.0003385367
6644,0.12739056
28361,0.28310847
105183,0.21359277
63238,0.20971099
58603,0.9763129
22076,0.7959361
225,0.08698841
105880,0.36416098
31617,0.8801248
39664,0.927637
18667,0.782792
12536,0.34359223
88643,0.0011190898
93566,0.64393437
95259,0.15937366
10676,0.36834022
31880,0.9682141
51799,0.7811972
57334,0.6813762
66203,0.13367644
20300,0.83291644
28170,0.38226154
5469,0.6646928
102885,0.11802238
14828,0.98100454
2895,0.7297705
103240,0.20966901
77162,0.00026429404
5847,0.10391648
20063,0.11500093
58139,0.3531949
39532,0.9120835
33093,0.5497294
34285,0.4765811
3686,0.1425286
94370,0.2714576
107571,0.88688546
16287,0.82445747
69155,0.36408058
107095,0.6083467
22005,0.8835897
31481,0.88845724
79850,0.0011255848
61363,0.9167603
65242,0.11052146
48714,0.9192025
63319,0.89956826
117018,0.18637879
41012,0.5734811
51005,0.7199749
16198,0.3156425
98395,0.2298175
36281,0.30081412
61237,0.8473422
1273,0.90759724
75620,0.00014243214
120373,0.55813074
79837,0.0012949347
110563,0.024980819
2347,0.38845587
89944,0.0017588515
44390,0.9834362
1503,0.8868426
36696,0.8529513
17060,0.21007565
55217,0.8404124
47482,0.81857073
24047,0.12453604
36670,0.50593907
124136,0.21821111
20766,0.2501521
48519,0.93109447
76710,0.0005404184
39211,0.55240375
112661,0.45724145
102534,0.13891514
24640,0.8717359
16356,0.31401998
37321,0.9357023
62591,0.75893515
95606,0.6931286
26356,0.36483046
43706,0.8841984
51547,0.5638122
33147,0.8261032
93926,0.41594952
17865,0.9017293
95689,0.30477363
10684,0.15796995
84209,0.0014877794
6353,0.28954768
94932,0.7763821
76725,0.00033955518
74684,0.73573464
76893,0.0001957402
23866,0.4019135
120383,0.19897051
31,0.3869622
6572,0.10139258
65212,0.5589125
32167,0.9607224
86097,0.0018694077
88092,0.0010871455
114729,0.26748183
31565,0.88279504
62906,0.27926195
22703,0.50727695
122720,0.17242223
91077,0.0010336427
108999,0.018395891
1953,0.17398436
8822,0.120685145
27174,0.67378986
7966,0.62632483
112103,0.18740876
116163,0.40008047
60607,0.5106111
34302,0.1293124
7984,0.09452765
80063,0.0009861614
70120,0.67811394
75569,0.00027756084
52987,0.8091572
62879,0.31544358
31048,0.7626897
23670,0.96979123
70479,0.15567903
87024,0.0020501257
59330,0.9544922
28483,0.87911737
97147,0.78272957
10663,0.6708305
66381,0.67581254
26943,0.6158637
9119,0.72480124
5581,0.82406604
109466,0.04462308
121596,0.9567318
31915,0.18039335
73227,0.37456295
59204,0.8465218
62625,0.46011677
112345,0.7778949
61969,0.9138124
113870,0.37120777
1414,0.19557016
50150,0.23038244
3231,0.60396475
53873,0.35781214
81069,0.0009363145
116080,0.38840967
112885,0.2867517
48499,0.5536075
91629,0.0011858077
43391,0.77906007
71113,0.2904194
101568,0.32731313
119458,0.11424218
16169,0.13572624
66176,0.7462888
92257,0.25129777
75684,0.00018626376
74066,0.14960411
21099,0.5740626
102472,0.21095507
46268,0.96294373
120515,0.78080773
58656,0.9862948
63717,0.91043836
43055,0.94979095
60215,0.46073097
74104,0.11392785
52462,0.20673479
5580,0.86928993
93881,0.43677127
76974,0.00029697636
106818,0.8890888
58636,0.98450226
69124,0.3123607
115249,0.16382505
75710,0.00018222928
56713,0.6313582
9207,0.86614925
88445,0.0018916362
48659,0.96505475
40196,0.33031252
15749,0.12190828
19755,0.44533718
72597,0.37937364
104556,0.5077268
13967,0.102272525
24181,0.88042414
30187,0.87018996
21899,0.9505369
112968,0.4659934
87925,0.0015852972
32509,0.08150173
62283,0.47880012
89631,0.0012190024
123374,0.7920563
81539,0.0011160972
83246,0.0013470434
117351,0.3751049
59065,0.9168063
90902,0.001522816
60698,0.9183077
61571,0.8929633
57725,0.7885666
58657,0.98590696
45744,0.1109304
82081,0.0009686121
25366,0.92600185
111400,0.19326581
112000,0.68463486
111567,0.27412125
34958,0.58755344
12172,0.3648412
36469,0.2181788
9744,0.15023987
32233,0.6601598
81357,0.0013556347
60574,0.87189525
106188,0.48640576
73280,0.07070386
33586,0.48229328
8438,0.15626061
61135,0.94745755
84221,0.0012751714
26967,0.84151787
13468,0.0970768
36628,0.84306616
57451,0.79724854
59008,0.93846005
63591,0.8069744
95619,0.66166705
76272,0.00033932913
20402,0.9391508
39017,0.8596818
49703,0.7896634
98566,0.6561986
58377,0.5530372
49954,0.7830185
27268,0.16128546
96832,0.49257654
92754,0.13822669
119008,0.29757625
18701,0.53323835
72335,0.27378353
44853,0.9116172
84666,0.001378732
117054,0.14227208
57277,0.8397343
99552,0.6731298
29100,0.7502075
96321,0.25959334
59011,0.9472257
22251,0.3618787
26033,0.5273871
123709,0.28677508
106439,0.39598125
51678,0.38422123
16663,0.7361653
77707,0.00037076406
47163,0.70017606
40647,0.5782284
90000,0.0021994307
6313,0.14508885
121592,0.93629
87250,0.0050962605
18135,0.96561563
25290,0.885531
86968,0.0016952365
75484,0.00024022635
122733,0.35579863
111437,0.18574163
123415,0.94040626
67841,0.2563209
7681,0.8064641
101803,0.26811588
43155,0.49021906
100648,0.3022069
5524,0.44221228
55014,0.30851912
63056,0.5501381
42870,0.8254416
58507,0.95191306
87476,0.0016072186
44935,0.9719447
2835,0.36867493
22149,0.96205765
113861,0.17049849
53909,0.38454822
103041,0.15554698
124396,0.6693352
79045,0.0009787607
76304,0.00021380924
53503,0.75747573
81646,0.0014429367
16705,0.19391672
34456,0.96135765
123719,0.38576436
123217,0.39590764
71202,0.23438172
77602,0.00018823735
15846,0.10955083
88781,0.0011307768
43071,0.13752922
26166,0.2808874
17478,0.94708186
103739,0.15889187
56171,0.60091573
94490,0.23889308
61449,0.94992024
78984,0.00076470105
84034,0.0008972248
124578,0.79614234
30678,0.97760594
105821,0.47606158
2331,0.33174658
106030,0.080621906
96689,0.77853847
115952,0.39304137
4620,0.85412765
105077,0.19264036
80391,0.0012134532
115451,0.758402
31642,0.570253
88988,0.0036891864
96492,0.3272193
69413,0.30098262
65702,0.5028303
6636,0.3479604
53231,0.8920483
112439,0.7172093
101644,0.5909055
10846,0.6990818
4923,0.9057967
77555,0.0002847424
59626,0.96439594
117117,0.17040817
93093,0.945191
7870,0.12937754
12388,0.6205814
97154,0.32065666
37941,0.93508154
34625,0.94540834
35380,0.57571304
10764,0.5155306
62518,0.8758109
75017,0.00020750049
119505,0.80523705
5981,0.15796013
2220,0.1425286
10867,0.1549417
76342,0.0002895813
108498,0.32884625
122306,0.47627982
16905,0.4393465
92159,0.13495758
49120,0.7849628
45409,0.5467502
101016,0.5134932
17298,0.16583161
60966,0.53576857
83159,0.00090090884
79515,0.00079676945
85513,0.0017993913
61031,0.2039513
94839,0.59963214
109096,0.07542324
1038,0.97296226
116508,0.77333426
34065,0.24791405
91313,0.003781667
114074,0.21995425
7211,0.09812079
59793,0.9202615
8657,0.6015025
66691,0.14245312
64913,0.8067743
106186,0.19211791
119483,0.8129536
86603,0.006256017
107181,0.9531218
88645,0.0011038166
81093,0.000824501
107407,0.17249027
19852,0.42771986
105015,0.11938977
115867,0.39950758
6908,0.47928408
69216,0.1095039
114581,0.12646294
72122,0.16722849
108753,0.01953359
56000,0.66862893
59951,0.18497531
112491,0.30666274
74458,0.10131212
38652,0.96094996
9491,0.22684126
93475,0.098508105
53174,0.92536485
10913,0.13960542
6134,0.25590965
26077,0.18398854
124509,0.483993
1442,0.14483616
2456,0.4711692
60296,0.90261316
121209,0.14125288
122853,0.35173246
87403,0.0010739005
100767,0.25710657
85494,0.0016983658
123447,0.8641688
122017,0.5319452
109668,0.038146332
122311,0.730925
89817,0.0012178285
32643,0.968863
58328,0.96341914
25685,0.36304495
67337,0.12558955
48799,0.91435975
32893,0.49638712
48401,0.6294582
115504,0.17759271
24414,0.11500093
112157,0.17181672
12444,0.25367707
36302,0.57881707
65458,0.88605756
101681,0.24877726
101787,0.270465
71406,0.051296096
108727,0.02702934
14560,0.95600986
58055,0.7596724
29026,0.1675913
29299,0.29130036
57851,0.91696614
53513,0.3643056
42990,0.9680453
32472,0.95080656
99564,0.11739455
36859,0.80866975
104110,0.19053164
46514,0.95851016
77553,0.000336411
123772,0.23880823
28949,0.18106161
54269,0.37059292
118813,0.35671142
38741,0.66811603
106201,0.8182708
5498,0.16064933
25980,0.1362107
96150,0.5233435
38313,0.8897371
76265,0.00025719544
88470,0.002862357
96519,0.21221778
121821,0.40050533
101978,0.30376533
78005,0.00020288286
36203,0.21497051
67489,0.6509392
20390,0.9219086
74763,0.56600744
83628,0.0011005905
114951,0.7697593
80784,0.0011370016
109973,0.16643557
10918,0.31323615
53164,0.8582431
106565,0.13686201
92467,0.110597596
90830,0.0019669377
20157,0.32480043
86782,0.0010160562
63009,0.58285964
24368,0.1395304
69282,0.1385455
39787,0.88751066
5487,0.15259069
117994,0.47676626
67856,0.123365276
98682,0.22817896
50521,0.83363855
116563,0.20832616
70883,0.24312736
80893,0.0012962964
14416,0.95303
57221,0.13102904
51332,0.83036846
32085,0.9566463
42463,0.25482085
30636,0.9672614
62516,0.89138126
89471,0.0011643686
41640,0.724938
74391,0.1453239
120482,0.7415353
113972,0.72697526
106157,0.36842123
108902,0.016495105
69434,0.12932041
13617,0.34106344
75731,0.00025762297
70513,0.16347843
79035,0.0011871402
108167,0.7273564
95161,0.14256355
33457,0.4635499
86970,0.0017329932
108227,0.8985045
46851,0.36067122
11683,0.684802
102077,0.22516769
52005,0.2846505
21085,0.37137803
47938,0.17353404
114674,0.22497892
28809,0.8310778
29386,0.45020425
16798,0.15922084
78628,0.0011789955
84322,0.0014963541
17554,0.5418363
31732,0.8774138
106395,0.17764597
109902,0.024721999
11455,0.095826045
92522,0.13687824
46229,0.75101346
87744,0.0013564954
81563,0.005699226
98684,0.8452942
56917,0.97378266
63189,0.8245449
54428,0.23481366
51125,0.30218756
80369,0.0021304707
112167,0.3741177
29077,0.22863725
118842,0.77506435
34982,0.9375117
58376,0.49655613
36358,0.93837833
27863,0.09510905
82342,0.0012337087
62207,0.5775893
41918,0.76787686
96481,0.7049863
5830,0.14694653
73235,0.40108594
30454,0.94835824
10450,0.09794386
46458,0.8635049
2174,0.3486163
78596,0.0008251424
61979,0.36031193
53850,0.30049655
46673,0.96206826
17544,0.5676152
80820,0.0018277273
52078,0.92713517
103443,0.12009376
59723,0.92073596
16367,0.12221225
44451,0.98454833
20487,0.9093658
47409,0.34799975
110494,0.024388917
116874,0.5467161
14005,0.8454033
24348,0.4066733
6284,0.11758478
29450,0.16580413
29838,0.1779958
28193,0.35348335
34885,0.53522414
116193,0.90300125
43331,0.882186
40092,0.9546146
54675,0.896909
74811,0.10726131
7299,0.12182035
124091,0.21877931
108870,0.018178435
7319,0.1427197
31092,0.5513541
31794,0.9636044
115964,0.24071589
27009,0.49324346
20831,0.38271073
93803,0.40616035
62768,0.24684085
95369,0.2451271
89448,0.0015236151
64101,0.19566017
84802,0.0019318986
103687,0.36824924
46792,0.43738145
20576,0.78807706
105160,0.14021915
55410,0.3680709
31647,0.27536175
20131,0.13501966
21207,0.13982058
71518,0.69279724
27011,0.7873475
122904,0.88790303
29285,0.8018529
106262,0.898382
48934,0.36519793
51574,0.38098624
109465,0.03355966
58264,0.97699386
124403,0.15964325
104177,0.18095627
15473,0.94920623
17917,0.19581409
18397,0.1136399
122252,0.20119973
79632,0.0016520551
35544,0.9155003
106632,0.1679035
48661,0.9577685
96877,0.39240873
115223,0.16395867
98902,0.37629732
40961,0.97427297
60164,0.45636374
59370,0.8628107
14467,0.89060175
22998,0.7122736
116052,0.8931494
69580,0.31804544
95233,0.12971005
8422,0.16269961
16375,0.08760404
7351,0.14173058
118686,0.27105683
7191,0.15773284
108595,0.8729209
111880,0.1752423
89047,0.0010919018
106179,0.20203784
87994,0.001340625
27208,0.13713725
71571,0.3163153
99243,0.38724443
15720,0.13366635
57004,0.91119915
4528,0.7840868
118006,0.46296474
78668,0.0019907649
19917,0.14301027
9598,0.555478
40682,0.94702923
69953,0.46596316
103816,0.78407276
98908,0.20192719
22014,0.84134835
12604,0.2584111
57104,0.8324854
55109,0.76991063
108630,0.511556
33741,0.8001639
4750,0.3055784
10342,0.3597614
92737,0.67693806
110201,0.1958421
116319,0.4192974
11877,0.11920684
109594,0.07360305
73808,0.31377003
12945,0.14078322
65704,0.36485237
13697,0.12397833
51348,0.15332733
78000,0.0001832652
97029,0.8906769
105723,0.38591912
106928,0.46477342
35401,0.85646665
106762,0.77662474
91391,0.0015209944
124657,0.9417024
13359,0.13344042
26037,0.10144174
26352,0.15368974
72555,0.17704856
24536,0.114462115
111336,0.19050175
58154,0.4951968
48627,0.55979615
53100,0.8356842
101841,0.14671414
81772,0.0007661789
86331,0.0017263677
96262,0.16260445
111700,0.32141104
53269,0.831465
46788,0.09838476
110355,0.024664575
7151,0.2054443
16658,0.279668
24802,0.1476657
43089,0.12481462
120984,0.584448
123500,0.8593749
26633,0.6992472
8048,0.7581263
16547,0.803958
35811,0.9038051
123068,0.8901467
88767,0.001586154
72500,0.2022691
94804,0.5445481
5125,0.9639932
120286,0.30386254
64939,0.19895226
118452,0.48891038
7111,0.2432269
22216,0.9001305
7886,0.1060013
83416,0.0010760649
67334,0.2152216
12362,0.830765
112645,0.80328006
99793,0.42954618
27223,0.4182252
105106,0.3498887
73053,0.9509032
53270,0.5332799
86235,0.0012618041
81255,0.00086754235
83349,0.0010524573
68331,0.14810696
10934,0.36501816
1691,0.20747896
124245,0.64319646
9231,0.14725094
121011,0.17257126
28729,0.8042217
110450,0.020278104
107643,0.8853478
99465,0.49960583
94824,0.21310134
116811,0.32795757
74319,0.33309057
36468,0.2181788
29616,0.8435887
121783,0.70537806
16878,0.18352836
76014,0.00016532803
56025,0.45226118
35118,0.9723891
49820,0.8713717
82478,0.0010200075
31076,0.8516834
87731,0.0016784118
60006,0.19313881
36364,0.9499932
15402,0.77490336
95567,0.44387203
50928,0.45267025
1356,0.9438992
25934,0.31991488
5535,0.41988346
49284,0.40900686
3127,0.13707434
36632,0.9454541
80026,0.0009512628
75399,0.00022114147
59864,0.91143817
123233,0.8733464
117133,0.5231781
79153,0.0014445096
69612,0.7616533
42739,0.18296587
3974,0.4895531
115426,0.46636304
60695,0.9093761
109562,0.043109857
798,0.8749233
104922,0.14051247
106249,0.8199351
107880,0.14673872
68417,0.09746927
56571,0.4263953
84277,0.0011494003
120452,0.17267433
57273,0.8397343
123132,0.8199195
81439,0.0017674386
44373,0.9787066
259,0.50364393
70578,0.47697505
29791,0.14498264
111443,0.38615808
30875,0.93289596
7432,0.4589641
23172,0.36584616
120830,0.86905587
120469,0.4431293
10799,0.7199694
55889,0.3597622
93018,0.82734555
4772,0.78920245
45998,0.9218384
36054,0.8680277
26994,0.37865767
70295,0.2997208
98098,0.08500804
81987,0.0014877652
92712,0.13345519
29747,0.496861
56578,0.6350013
30481,0.9650491
93141,0.88464254
101329,0.45164114
18520,0.43954098
123209,0.9491609
123563,0.8240331
111226,0.17860736
97181,0.14345427
87875,0.0013690412
37032,0.96503955
42676,0.95765287
16238,0.77763265
66385,0.7596809
21237,0.114462115
57,0.31825477
93571,0.12928513
2074,0.67308897
6513,0.16674669
19074,0.81398124
5796,0.363261
48146,0.5614425
121162,0.7819039
1243,0.90643734
87908,0.0010968293
112194,0.18309999
74804,0.15127496
78423,0.0007816729
68509,0.24704137
1482,0.8458869
82514,0.0010533254
23205,0.74856263
38976,0.8782379
88708,0.0016938637
120054,0.38237873
123396,0.84318846
92451,0.3513639
25144,0.96661246
77044,0.00022968929
109115,0.050383948
14011,0.38414845
27527,0.36938885
89259,0.0011834556
2143,0.12406379
57284,0.69362396
116953,0.4004423
44228,0.8825153
57702,0.5123009
29958,0.10972748
3602,0.17341255
43030,0.92300326
19019,0.80245984
67538,0.76062447
77301,0.00021554704
49521,0.20448369
10277,0.09583439
106814,0.87977105
119996,0.13551302
109281,0.013270934
108358,0.45173496
21249,0.11500093
44010,0.5592894
87338,0.0011465532
48410,0.932403
13334,0.31561482
13335,0.13581152
43919,0.95205617
58873,0.6309972
103149,0.3208872
112668,0.19687122
8653,0.2561319
52301,0.2895642
76297,0.00020470512
23649,0.92935365
10250,0.22857161
118929,0.24318393
24137,0.14299528
15173,0.4076231
20536,0.22023325
106,0.8914053
24923,0.81174207
61609,0.50732213
91981,0.025556698
78609,0.0016405821
90968,0.0013668161
61559,0.75745165
97346,0.8501961
56615,0.9071243
7199,0.37131214
95391,0.2962118
96725,0.86502796
86103,0.002058058
37444,0.92287207
125019,0.7522734
48807,0.863956
20818,0.10112481
103959,0.082036436
20268,0.7081621
41481,0.94716644
45531,0.12335967
73369,0.16211767
123030,0.36018458
58680,0.81382424
100895,0.921797
17530,0.1928364
106858,0.8795277
121748,0.42224
109617,0.06517073
94760,0.1699418
55975,0.48250356
117744,0.7923135
42079,0.19060718
99527,0.30116013
70,0.35700592
33029,0.13868487
106940,0.8350117
66886,0.1662876
34915,0.59525615
90640,0.0016136273
31564,0.5841359
1601,0.15812638
13922,0.13116896
7266,0.2317945
113981,0.1101516
78329,0.0017543982
23807,0.5239664
50649,0.16768144
233,0.43768802
98032,0.9397794
56714,0.8429517
2269,0.6609824
52737,0.71887326
75518,0.0004755439
86759,0.0010189178
102693,0.13430515
6112,0.09358651
51648,0.34745532
74718,0.37110287
69667,0.93090475
83305,0.0013777483
119809,0.2456194
99567,0.12840568
90895,0.0014348577
26139,0.5136042
59505,0.8701846
70122,0.62921005
45044,0.571752
107081,0.94519645
49780,0.36813074
86901,0.0013585842
52711,0.35177207
6913,0.13498542
31832,0.977851
44842,0.88781154
75889,0.0003526174
121924,0.22906992
96907,0.14038907
60903,0.6250663
88880,0.0014017894
105136,0.24212085
76772,0.00027812374
103498,0.17182046
110874,0.06599747
60712,0.23806192
5080,0.9754337
8796,0.33225197
6411,0.3868773
16916,0.20536725
84069,0.0012602468
47126,0.881007
61525,0.9090421
88817,0.0037087009
32516,0.1662045
114897,0.8374681
70221,0.37488872
85761,0.00091909117
51272,0.37244484
43815,0.8597419
105708,0.568095
89904,0.0013285618
87463,0.0014147479
69780,0.91716605
6439,0.24588238
113886,0.40191102
67194,0.12557286
898,0.9675601
22848,0.8296723
124300,0.4430736
31033,0.527708
71014,0.18395442
73710,0.12919596
78502,0.0010606641
48835,0.7457605
117634,0.11084192
67385,0.3261633
29032,0.30619738
72830,0.2769113
76094,0.00015524283
107815,0.19329171
27489,0.19772702
82890,0.0016120134
58760,0.8309743
11604,0.33857897
60310,0.5373647
19483,0.8600608
111147,0.3322373
110492,0.023813592
27158,0.46326315
45183,0.4771045
122600,0.70348734
21903,0.9148785
120506,0.33983687
94040,0.7093863
101835,0.14934114
33647,0.12809479
19752,0.46633074
46390,0.7967017
947,0.86723906
5747,0.08121527
4708,0.3949042
95302,0.18359354
81106,0.0008336282
22547,0.119726755
104128,0.4546674
15269,0.12988383
39292,0.9837722
116774,0.19303253
41682,0.7357283
80175,0.0008412359
7457,0.6123574
84041,0.0008825012
31835,0.98106754
89394,0.0019746574
97178,0.17791602
107597,0.13901135
99594,0.7036923
65540,0.15457305
83290,0.0008890387
20124,0.14153518
25194,0.9859465
20953,0.6115787
27407,0.32591054
48109,0.9569528
124032,0.27597746
94901,0.77840805
99756,0.27715477
18371,0.13982058
116343,0.72423136
20031,0.96242005
87072,0.0019245599
120502,0.7195451
80631,0.001168969
90694,0.0011616765
93376,0.15003583
75018,0.00034163686
39888,0.9651343
100520,0.2863167
86439,0.0010321578
8331,0.27015135
98093,0.37877682
118717,0.5639158
92439,0.67978346
93785,0.64199936
105310,0.36632347
119820,0.1700925
120249,0.60504615
105895,0.8388136
117858,0.3956913
41045,0.54261154
52435,0.4646415
10466,0.09946218
123163,0.7052363
5727,0.09214237
63251,0.4558914
41437,0.8853138
15940,0.8743642
63818,0.8621492
62533,0.92710066
1506,0.9193292
13804,0.121258795
23712,0.98293144
107757,0.2302259
107733,0.17200236
38035,0.9799993
5819,0.33083928
11639,0.13142544
105888,0.80766195
109917,0.037874553
89254,0.0012883794
6897,0.3099173
102375,0.3849171
85217,0.0010434606
37456,0.937394
3645,0.15178117
118,0.8903149
15207,0.9002318
57229,0.69362396
77646,0.00026623814
37411,0.84952444
34770,0.1618606
95615,0.43476996
51907,0.7596127
19336,0.16156556
78487,0.0011173174
122481,0.23512033
78915,0.0014105794
38780,0.6007426
54027,0.5429597
65535,0.1883594
6074,0.65347767
89641,0.001330735
112263,0.5302416
27441,0.19209628
100837,0.3013616
23133,0.33768475
74599,0.9397724
65276,0.15193737
121675,0.7597288
25504,0.96908265
107064,0.8453605
74037,0.17463005
92552,0.123146474
56500,0.923951
34063,0.11207633
47041,0.23244222
79306,0.0012017791
99996,0.28557044
26331,0.8437449
15003,0.3982467
123877,0.17083506
28979,0.66702074
4016,0.8086044
60314,0.7975779
89613,0.0024528145
67135,0.19829358
121318,0.44120196
81376,0.0011370552
78474,0.001102527
101550,0.11522294
73613,0.16732238
100370,0.51875615
64301,0.45210686
18485,0.7292562
70923,0.8213726
58712,0.91885114
102062,0.123518534
26556,0.50680375
33086,0.9009842
96946,0.8889178
96920,0.63039714
110073,0.14414594
103723,0.2969262
13164,0.12352278
13428,0.33702984
103914,0.4404047
105140,0.23146532
12939,0.37335244
60313,0.5222341
55017,0.6085511
66890,0.32000023
55406,0.6222745
47848,0.5135731
31508,0.3496203
106516,0.20210293
74263,0.17459151
113839,0.3699058
9115,0.7861266
42133,0.9474097
119935,0.32588845
60217,0.8349828
60065,0.4491537
27123,0.34633574
95209,0.27599305
96748,0.9259307
30493,0.9628721
16952,0.17259173
24338,0.13842726
106967,0.6527408
120906,0.77366096
10512,0.12998192
2616,0.63859445
89162,0.0011066699
107590,0.21966046
11843,0.062680915
16897,0.16965578
112416,0.22983828
91753,0.020828366
62192,0.38794127
42557,0.58934134
23703,0.9676626
57474,0.52688026
86851,0.0011530574
6872,0.15023383
115912,0.17094684
106399,0.17493275
78100,0.00021909752
87683,0.0022567713
39393,0.19787088
12039,0.8002439
4990,0.9652834
77714,0.00039324744
42519,0.9460556
5512,0.25564545
106041,0.3968755
9679,0.6277264
39885,0.95208365
34399,0.5401747
115976,0.87269545
6323,0.27011392
20066,0.11500093
41767,0.3740179
122187,0.88854337
70938,0.9029407
111441,0.43262374
10607,0.078206904
45758,0.77852476
34863,0.3188918
3083,0.14700821
118559,0.59803927
117500,0.13054514
91767,0.10702441
8338,0.13903311
119578,0.12877847
115377,0.34902108
1830,0.39190137
29328,0.7875112
24093,0.14539875
105331,0.1557718
84568,0.0018862474
115324,0.39254153
83087,0.0010991236
797,0.6158316
105167,0.4117045
37313,0.91782886
72002,0.095075354
123946,0.94918954
48212,0.9038437
14921,0.121539846
68568,0.71854967
78465,0.0010155941
9016,0.12313352
38591,0.8977266
88033,0.0023180633
69584,0.55948716
80236,0.0013910135
120723,0.17170975
33945,0.9589191
62330,0.92181855
102320,0.1236675
107567,0.8695025
105818,0.15899183
9471,0.71810377
86066,0.0010847698
57278,0.8397343
28463,0.23124117
86701,0.0016756519
8625,0.6528963
67244,0.3055981
106619,0.38107622
120407,0.14864801
53934,0.3082653
112362,0.3481553
22855,0.72852033
111106,0.20242077
54313,0.7535512
46018,0.15263659
122973,0.31642932
79295,0.0010546066
17421,0.5449961
95345,0.15570866
39371,0.602777
38230,0.58384377
99632,0.74796516
56636,0.27695423
20360,0.88857543
6598,0.14513892
25173,0.9808914
81788,0.0020377452
80203,0.0009349617
1912,0.95772773
107950,0.120456696
114116,0.21200402
64627,0.45314184
85952,0.0017212736
66314,0.6332252
39845,0.8680281
113606,0.16582763
63128,0.3210118
19038,0.3549771
5834,0.14934386
47427,0.32632327
94715,0.22275917
27388,0.19548945
37653,0.9269041
99175,0.3509186
16655,0.15392229
18197,0.96033216
63361,0.7015768
15875,0.7625721
122718,0.7009764
83098,0.004551663
110543,0.08737352
52261,0.2264473
87435,0.0012595004
50679,0.61660284
91413,0.0011278555
50281,0.2076667
108333,0.8398106
111319,0.33300936
93626,0.34571356
82953,0.0016875145
2883,0.07091405
116801,0.8313122
8460,0.1358915
105984,0.93185073
101019,0.123713724
91256,0.0031205467
48509,0.5545325
21758,0.9619275
117284,0.40935326
10408,0.29362783
22419,0.9358944
58011,0.9171821
70516,0.15898065
84279,0.0010487514
122412,0.41527686
59395,0.55305517
76745,0.00035312033
98998,0.12971865
70854,0.36088324
77580,0.00018467658
110438,0.03343762
114811,0.89069116
74821,0.15005626
63924,0.33957675
46087,0.09624526
17465,0.92355585
96705,0.28617117
84622,0.0015158802
13728,0.13391872
76506,0.00024233865
113673,0.82359296
21962,0.11500093
84690,0.0014740083
98965,0.40523636
29486,0.27991074
2098,0.1658458
50827,0.14209554
117671,0.34057912
21910,0.3983742
43888,0.9214328
90862,0.0011524354
40137,0.36295775
9391,0.48819524
67091,0.24896967
18224,0.9785301
30837,0.87338275
55286,0.8774726
116601,0.79758894
97672,0.84629005
22169,0.96213394
121167,0.1433752
45985,0.8671998
113512,0.17467903
76687,0.00021163923
93275,0.4131747
112545,0.2747917
115271,0.36072293
19651,0.9092084
96838,0.79111266
41127,0.9278054
104880,0.37978563
113737,0.12539682
112357,0.3875329
33338,0.87450856
46331,0.13907655
101014,0.36472523
108230,0.90320903
79694,0.0029643052
124037,0.89058435
124393,0.38026634
5370,0.20860252
117982,0.41239467
621,0.87700135
101603,0.13066341
106432,0.14420068
51707,0.22221398
69859,0.31713626
68660,0.7160822
114048,0.37383628
25107,0.56413436
2972,0.29405227
71817,0.3842103
14449,0.85044765
80665,0.00086492836
32635,0.97473085
69894,0.24803437
90687,0.0025896537
112993,0.5789732
122810,0.49646944
57748,0.85888165
61166,0.9520297
90935,0.0014143976
88197,0.0017834795
89298,0.0010396334
42395,0.21759601
5815,0.14011568
26158,0.48592934
72413,0.17468536
59950,0.21182097
106096,0.8135405
114935,0.30788636
67284,0.39358678
507,0.7275486
82404,0.0011472895
89907,0.0015588915
61530,0.6316485
71072,0.79566
46493,0.92277867
4440,0.32852766
121312,0.1546566
23046,0.9201296
82141,0.000997654
80045,0.0015092561
82463,0.0011061408
60686,0.49575302
33944,0.9523395
56576,0.8455212
44859,0.9303561
39802,0.9468748
61958,0.82913494
55080,0.6497741
58256,0.9833634
94720,0.6537532
94887,0.23609005
80572,0.0014551155
63941,0.79473096
113559,0.23782142
89693,0.0010662691
117150,0.19257483
105699,0.5763488
124772,0.3860134
27513,0.30740187
32598,0.9634313
1005,0.96093094
29331,0.107112296
119417,0.28410816
29230,0.24199116
5301,0.8646957
14343,0.12753539
49501,0.33072877
99262,0.2532526
59297,0.83293587
39925,0.70566845
16467,0.4462496
82406,0.0013595626
36686,0.93304354
63738,0.8924896
74867,0.39802092
85683,0.0014679688
116096,0.7712654
8921,0.8367342
70329,0.13065316
101327,0.087069154
83406,0.0010985709
3218,0.69297683
46273,0.9763707
102096,0.62826186
76053,0.00015965794
91717,0.0009043516
3905,0.36844838
71834,0.1624219
52448,0.2297379
67540,0.34142008
35917,0.56536007
124070,0.8760208
5401,0.7313223
111370,0.15767497
59672,0.87083644
6136,0.119896695
12987,0.08494482
89460,0.00086169265
86446,0.0009013531
114090,0.2167538
122956,0.83295166
8868,0.7967736
55027,0.719015
3916,0.49418154
36299,0.8232332
104022,0.15745012
29754,0.53427017
45416,0.8692908
37631,0.9538596
38960,0.9272474
26593,0.43399897
38685,0.9110017
23241,0.8100105
84103,0.00087163056
99694,0.47288057
65813,0.18432814
32869,0.20401703
129,0.94317883
23165,0.27284017
64214,0.41942787
113197,0.22873516
62174,0.9312419
92004,0.019738177
94889,0.2643166
42765,0.9044186
60530,0.8671393
68961,0.70693564
48290,0.40165403
4491,0.7924132
48102,0.36774686
95737,0.22454481
120195,0.83742046
102516,0.26918438
34636,0.9757857
122509,0.8293264
87423,0.001096047
100263,0.36438838
79019,0.0011308284
80197,0.0010847203
103458,0.17484178
78691,0.0014597609
106062,0.36845106
110792,0.026915455
27905,0.8646752
105034,0.54115975
89270,0.0011405385
55774,0.43512926
18363,0.47250935
111322,0.11171495
109731,0.0504935
67643,0.10247534
50635,0.8347781
40011,0.5726625
55321,0.5699226
46219,0.9749869
113422,0.7063983
57000,0.84216547
86162,0.0013096243
23800,0.8209825
46010,0.14968987
4711,0.7366646
31450,0.47839803
75356,0.00024192032
90462,0.001599925
112988,0.2180091
115845,0.23528256
121875,0.41297686
41954,0.9377081
105990,0.95901084
34413,0.8791598
105969,0.9299468
44043,0.18709524
6250,0.36831915
26772,0.84420085
100493,0.8183682
28893,0.879859
100052,0.06995572
86870,0.0011565814
24500,0.114462115
51596,0.2988669
108675,0.7527552
20465,0.21327367
36353,0.9345388
33512,0.10580296
109530,0.033876006
114264,0.18578543
33605,0.095834695
71252,0.22913398
5326,0.36852664
81262,0.001605015
84102,0.00090105174
22447,0.9635506
17695,0.4833236
26268,0.66692317
76166,0.00014709448
17231,0.29085925
59103,0.8375735
107226,0.9816566
49242,0.29548284
3866,0.26726034
64865,0.8618804
102380,0.10747756
71926,0.12406379
121743,0.40819207
66615,0.13221489
5094,0.9648841
113125,0.35938153
71995,0.32380372
78107,0.00021147363
109139,0.18349472
44667,0.8968387
89617,0.0014308358
52983,0.7314463
109699,0.013278829
44282,0.84276533
93543,0.1285246
2867,0.108622916
41996,0.76957464
88996,0.0018876385
9602,0.6733693
53449,0.8535534
10961,0.13800064
21641,0.40955928
38445,0.9007701
31805,0.9683347
89073,0.0017051299
114613,0.7974332
7464,0.22927256
76196,0.0002412298
45215,0.12764391
4092,0.38093176
63518,0.94538414
51108,0.18220319
44146,0.38036627
35568,0.58987796
82331,0.00092457846
99726,0.36259776
33142,0.90357786
116807,0.7701885
105428,0.73954874
8909,0.2967707
53463,0.8704308
22383,0.85237956
30147,0.10972748
2789,0.56862426
41083,0.116421126
119982,0.5006556
25021,0.4686573
104169,0.6077413
47943,0.87446827
115656,0.8065356
52453,0.34927675
69533,0.13108179
18413,0.3305679
14850,0.12193457
117496,0.45711067
22143,0.9596653
103096,0.27559292
75622,0.000246062
41418,0.49371564
49795,0.7756431
109036,0.057628833
91628,0.0009966722
58816,0.8849057
97385,0.8917375
120566,0.3234757
23552,0.9178618
98330,0.15223117
71656,0.15053691
119972,0.43404603
30100,0.13523088
42564,0.8827954
39773,0.8775205
81067,0.0009972298
74957,0.000174881
38643,0.95036787
86298,0.0013667536
54383,0.8102675
104950,0.17929436
18576,0.8968724
63485,0.8675543
102456,0.73390967
64454,0.97068304
123292,0.89373326
121975,0.3830581
33213,0.14454214
2988,0.63825023
63102,0.9171218
54983,0.33955964
32105,0.738084
72997,0.90299106
65271,0.7249075
112193,0.14912117
50622,0.34821504
70183,0.4771765
92774,0.6597476
108996,0.020344159
14720,0.931758
118982,0.21355729
40462,0.5977249
106600,0.12417023
50709,0.82514346
116546,0.7312696
92882,0.81573945
111732,0.13526364
12894,0.07682968
100874,0.3162302
88957,0.0027244603
48263,0.37724957
38842,0.8583751
25856,0.16702828
49570,0.2455402
6053,0.6772105
109015,0.06555153
47059,0.24749853
60109,0.5482837
46929,0.8463697
4873,0.884477
119681,0.40488866
14261,0.1314913
91658,0.0015655564
74207,0.12018014
64355,0.7740505
20974,0.8479298
99494,0.14547779
42473,0.9256603
31727,0.9538514
7375,0.13108929
61116,0.9583328
75047,0.00053121516
18325,0.15196688
98991,0.11725443
119956,0.15623842
91627,0.0013839607
91757,0.018291198
45771,0.45685545
123114,0.723937
14154,0.8734004
41676,0.17190269
65020,0.89565015
123207,0.9475867
55798,0.8565202
105931,0.8178203
60487,0.90566814
89740,0.0012323804
44386,0.98352456
93092,0.9441275
73904,0.121549115
38771,0.9123695
35496,0.9553814
16869,0.47148097
111796,0.13199833
34923,0.88636386
30058,0.12336273
117048,0.38655943
76311,0.00052627764
3225,0.8409708
52553,0.6662888
59551,0.9568906
114136,0.18310568
111797,0.09917168
86611,0.0012691197
113055,0.4919138
99186,0.12471083
53382,0.93179566
63172,0.91207427
4379,0.78392535
48991,0.96318454
76690,0.00021109972
73305,0.15217751
90244,0.00212393
66944,0.17081363
102250,0.43252817
32623,0.9781953
73622,0.14235505
40207,0.8888598
78899,0.0018431181
42570,0.75745827
71048,0.16145048
66723,0.82585794
44425,0.98071474
23270,0.8032629
97714,0.7398544
51082,0.15967005
92189,0.10223004
31854,0.9355911
25043,0.5988232
10101,0.5237198
118365,0.48282614
16418,0.11346626
116039,0.64628875
121021,0.5851859
58787,0.73589927
102953,0.15686281
74187,0.13818806
26524,0.58072144
67351,0.42088616
17039,0.17715631
76790,0.0003414034
58345,0.97373295
88101,0.0015728374
17583,0.3165817
11166,0.07729344
13669,0.43077222
52328,0.22347471
103772,0.3748586
36370,0.96262646
16972,0.46750784
125142,0.8149446
113756,0.29218447
40356,0.9783296
19060,0.42589384
47756,0.13670452
33008,0.14055774
93218,0.27482095
109004,0.01870103
84487,0.0019194429
116931,0.71270746
30230,0.91151464
4036,0.273368
54189,0.14529067
57594,0.9075809
51185,0.5128669
104370,0.17340776
116013,0.38006613
13805,0.7326797
62050,0.8670141
26340,0.63872755
95685,0.3505338
29939,0.10972748
58931,0.88648564
5561,0.70916975
24641,0.25051174
54984,0.74201185
76588,0.00021389652
121156,0.4691939
1388,0.47834653
99399,0.7773859
114457,0.83311677
75699,0.00014478767
46,0.8793135
88031,0.0017974062
67122,0.2200087
118290,0.14633912
44966,0.50967366
58460,0.8026229
50043,0.173619
34440,0.94662666
6520,0.1669095
70808,0.3332
103388,0.19788511
5970,0.13478613
12126,0.082993165
86539,0.0011567038
51231,0.17676154
31549,0.58711797
11592,0.75939786
88388,0.0012833813
16463,0.70957583
93998,0.36949694
37319,0.9304303
102065,0.1072016
12421,0.09836862
49298,0.20724018
97429,0.92261344
64793,0.41169822
65461,0.44412217
116961,0.8087459
2225,0.32148108
71909,0.26803923
22929,0.62905675
11967,0.13029248
29367,0.1841965
110549,0.123244435
98422,0.1554665
87118,0.0012511774
31682,0.52307576
8128,0.6193791
5413,0.8091243
87797,0.0030317989
5640,0.9539764
21175,0.114462115
114486,0.17707698
72287,0.48991948
31088,0.88908005
37138,0.9414714
30635,0.97282004
11223,0.8221195
38899,0.34932476
22954,0.97610426
46211,0.96526486
28940,0.29089493
106357,0.9790931
52608,0.803282
63410,0.92078286
120211,0.4221002
36332,0.78551006
18315,0.15196688
49496,0.12481076
113662,0.79780906
2991,0.63442945
23442,0.45879832
68010,0.18709023
75549,0.00022218235
238,0.102459006
71871,0.13195771
47869,0.77565193
58166,0.36878338
32485,0.14210841
60386,0.8947169
107307,0.89099044
94800,0.1788673
29848,0.16755931
49430,0.26468858
14747,0.96330476
17006,0.39421955
98803,0.1208621
116196,0.7894345
26894,0.24646784
77931,0.00034477792
44610,0.9765647
60046,0.23171166
95343,0.25078446
32647,0.97128177
73113,0.17169999
71006,0.34376127
36857,0.21715702
96599,0.8806454
116023,0.8311195
44671,0.91677034
104402,0.3656035
120857,0.59019965
15338,0.1583521
49410,0.9359701
29760,0.9530042
40048,0.5806344
75071,0.00016601045
15434,0.9207089
40134,0.8581782
44291,0.90438515
102074,0.4408799
87141,0.0012292162
42031,0.9443719
72368,0.78023255
82450,0.0016556468
19940,0.4386703
68831,0.10649463
60380,0.7823026
46654,0.9501266
31556,0.5799144
66584,0.1410035
94126,0.62018377
109702,0.012982967
6005,0.11174891
98322,0.66055894
51398,0.40287772
114444,0.7882589
4878,0.89098436
52743,0.86446863
86081,0.00190175
36926,0.84129584
119532,0.45176426
94875,0.25214592
8620,0.34190798
93812,0.67061293
79016,0.0014386853
42494,0.92589337
65054,0.82600087
108768,0.025137478
14504,0.9575357
46013,0.87112087
91324,0.0013819864
70468,0.13294183
44299,0.6347586
90737,0.0012095988
108937,0.104045026
11109,0.11262782
21889,0.93003994
31306,0.20235611
57370,0.3868713
107091,0.94939303
29778,0.50150394
4510,0.44742087
115074,0.72569
24580,0.15671791
29043,0.39535576
40552,0.31289375
3677,0.11248368
9922,0.34531638
14293,0.10541753
97730,0.089865185
111897,0.35193542
2496,0.51820207
3078,0.20411602
84098,0.0011067673
62064,0.9543922
24745,0.89905304
35287,0.8885221
30685,0.9806552
104776,0.1519164
67792,0.12382668
109213,0.030314222
77977,0.00019503207
120513,0.6767187
124351,0.6687562
83103,0.0012332575
53026,0.8772707
2700,0.28423032
41232,0.3090728
89886,0.0011801724
101659,0.81580424
75255,0.00015936713
111729,0.69159603
26934,0.37074196
39175,0.9861799
15760,0.11899502
38094,0.986019
15512,0.8975951
55949,0.911833
96759,0.27692714
20910,0.72747296
58533,0.8947803
91164,0.0010161438
106453,0.36651996
17896,0.90006196
62799,0.3894621
52186,0.41293916
92330,0.47027597
109354,0.057392705
87773,0.0018515899
74942,0.9578148
94670,0.36586255
63162,0.80037755
94461,0.12561518
105124,0.38173229
13487,0.10880445
111360,0.42627728
76312,0.00029695002
92209,0.51185524
121231,0.82173866
13991,0.74109054
7188,0.39193007
104719,0.40194023
73319,0.14763418
103752,0.11365969
66742,0.4148504
67532,0.82999974
75360,0.00041286717
28804,0.7655997
2237,0.7770423
23083,0.77604383
82784,0.0046314653
4516,0.7599913
23443,0.7459922
67499,0.35438836
55498,0.9671962
82555,0.0013806971
35931,0.90665716
71804,0.5375111
2119,0.15551238
105884,0.69755936
41309,0.7122674
56430,0.8764205
92511,0.17989695
108512,0.4079774
58806,0.7982001
105927,0.43682066
91776,0.11138765
33152,0.1460137
97776,0.3125044
70749,0.13212717
105229,0.14570706
119013,0.42945865
10959,0.32772213
19717,0.31774205
122897,0.21690957
60570,0.54651624
76743,0.00034168508
325,0.35246247
12335,0.82981575
22729,0.33950716
74992,0.0002749059
104335,0.40328097
48796,0.9182093
11930,0.12347894
84550,0.0023794114
108042,0.16634263
54488,0.22526264
113704,0.79509044
39145,0.9738539
117458,0.28490552
112713,0.44758788
112094,0.6916041
33916,0.8687505
38621,0.58166707
62084,0.9612631
62286,0.81323683
39467,0.62668025
71650,0.17232582
79843,0.0013951701
84676,0.0013867061
60302,0.45383456
94518,0.55849105
117850,0.6771634
110975,0.1222697
74728,0.30422145
36991,0.9557496
15669,0.12619907
102013,0.24369636
46072,0.44989717
31026,0.9592178
25775,0.16904454
83511,0.0017128607
17165,0.32537544
19831,0.3801124
111618,0.11129124
23293,0.8816748
74309,0.5649257
31589,0.8817483
75383,0.00013590242
20805,0.43757132
56338,0.95169467
25446,0.5916783
46938,0.8474723
27387,0.16147299
60332,0.68701595
90866,0.0014661868
73932,0.15938027
90969,0.0011313274
65735,0.8354038
31402,0.86960375
99197,0.1723774
62696,0.8176892
78182,0.00040689457
80549,0.0012674846
23286,0.86568534
16519,0.4227483
16063,0.13231151
43989,0.9031755
55187,0.32186985
40103,0.1146626
51614,0.38593787
89619,0.0013515855
93024,0.80039907
94517,0.29312843
76071,0.00021407934
124608,0.8171633
16699,0.27404368
98597,0.6152113
63111,0.4362826
27363,0.70551646
108987,0.016740574
69028,0.62223583
119259,0.36454037
20542,0.22023325
6900,0.1294727
93263,0.22218385
114144,0.1726369
79784,0.0031838543
36224,0.13939987
37143,0.9625582
73925,0.35915104
69956,0.47275567
84893,0.0019294389
2582,0.21576002
46697,0.97631204
30944,0.878949
10589,0.11931462
19895,0.14153518
118581,0.51810825
88615,0.0019732972
12103,0.47017214
95568,0.65982133
45235,0.2312763
23848,0.11500093
21299,0.1476326
52259,0.39760134
92294,0.10520681
124448,0.9048588
64344,0.46965998
14867,0.7997813
113356,0.20093453
99612,0.84680825
117085,0.2790173
103943,0.43819967
31761,0.88640857
73985,0.13008702
124768,0.17999387
63012,0.8460417
81874,0.0016492333
4973,0.95483345
54519,0.33208448
90916,0.0014905758
75318,0.00019222862
50200,0.16951051
28520,0.5470991
65464,0.25227275
20164,0.3637295
18089,0.94066185
63833,0.19109108
80061,0.0014670863
36543,0.9031806
53243,0.9202944
103213,0.18314183
67374,0.26887083
108466,0.16298337
91712,0.0009153455
1479,0.51885444
96995,0.35387385
35497,0.9457637
12406,0.39221293
74941,0.9578148
68192,0.7485545
114708,0.8392395
123387,0.82766765
20780,0.87070364
122815,0.11113217
123893,0.84524
71124,0.33235514
73479,0.4366843
38934,0.8183694
110794,0.015821911
119965,0.7278444
82825,0.0009936923
2227,0.69973737
20485,0.58845526
18408,0.1792544
14431,0.76213264
121319,0.6435289
112961,0.5005433
37749,0.97271395
102892,0.38620752
46974,0.58906454
13854,0.23377435
53181,0.4840762
116458,0.69196224
42410,0.89049965
99577,0.69560736
45575,0.32990226
101488,0.28388232
48430,0.9618608
122167,0.7610126
94675,0.32080075
54876,0.8203493
122880,0.2503321
28332,0.2727373
64203,0.48998553
103440,0.35221863
66619,0.12712514
65808,0.22648844
119217,0.5439309
85117,0.0015180166
1868,0.9007532
94241,0.9447133
7206,0.09232506
81099,0.0009278432
41920,0.9094939
101602,0.275562
76468,0.00025958286
71301,0.7303834
25129,0.9546206
86827,0.0018059304
119000,0.41730204
65802,0.22648844
7490,0.15146461
48945,0.17745213
118930,0.14152092
2422,0.32260543
112537,0.649748
103714,0.36938056
109509,0.083214946
51022,0.45412925
30365,0.95986193
27806,0.42245033
12485,0.26151755
27460,0.20925663
20000,0.88566446
26700,0.3871224
105029,0.067986876
118055,0.89767015
24134,0.11916875
80466,0.0012596773
59434,0.8744316
72464,0.13611159
20130,0.13982058
90984,0.0014463499
36434,0.5788352
117846,0.29259703
33433,0.21330582
102513,0.1281084
106848,0.9408968
54386,0.8937586
96,0.589597
5717,0.13888982
95752,0.3733878
75105,0.00014510001
7131,0.08378079
58826,0.5393082
25131,0.89789313
67207,0.08773348
117913,0.16211978
96424,0.28638446
18666,0.3966311
43881,0.89195526
50069,0.15595274
63426,0.8546315
86134,0.0007745702
119101,0.2964739
1069,0.16464163
76277,0.00020310332
9578,0.8819927
56490,0.86142606
58850,0.37182522
14757,0.95081425
103387,0.10566716
46936,0.7857188
80630,0.0011420541
60287,0.8662489
122254,0.21201277
93979,0.1401088
31110,0.5791611
49604,0.84413224
33442,0.19017778
78359,0.0014955208
66493,0.14680202
57837,0.86313605
102869,0.1129524
24530,0.114462115
72665,0.16485077
41466,0.9135737
33036,0.48614648
102415,0.13543493
103696,0.19126149
59122,0.19909687
85688,0.0010359747
91833,0.10520306
20622,0.9260692
79152,0.0012243441
58066,0.85552436
79257,0.0015833142
124262,0.91762644
61611,0.14838754
20718,0.08918752
22177,0.9685994
110507,0.03376432
39980,0.5058088
115694,0.22351302
88046,0.0015731945
48003,0.5662909
32593,0.9340087
70106,0.18878606
20589,0.09474482
71463,0.3774492
124381,0.1845049
82791,0.0009125741
36848,0.876068
73981,0.13136336
55353,0.8588129
92949,0.7720454
66059,0.1388552
18441,0.10628462
108032,0.11298965
55925,0.5040657
9545,0.50273395
103883,0.5664539
50401,0.1028437
102421,0.14494425
111679,0.1209606
28807,0.7816638
64400,0.5294841
56690,0.9672084
18302,0.25962397
94318,0.29753736
80553,0.0012316275
121775,0.27199274
95728,0.6649832
7249,0.8350797
122870,0.40389287
77039,0.00022873795
3089,0.19437622
44357,0.9650059
35676,0.9840792
68603,0.13880187
38997,0.9352249
122053,0.658767
68112,0.6679313
8393,0.14462255
53131,0.83947176
36737,0.5681887
5755,0.68462336
98123,0.2497371
13358,0.18555734
103155,0.14380667
43280,0.28155762
64999,0.81533664
118779,0.47136915
102374,0.11190373
19259,0.80262923
33956,0.96454805
12299,0.43181294
109160,0.06197876
11528,0.07042514
82885,0.0014212696
4600,0.83164823
88199,0.0014599584
58508,0.9544793
35057,0.7055436
72058,0.46875447
114082,0.19247344
28908,0.8934402
80059,0.001199705
49609,0.86290884
35972,0.94273585
104094,0.1670809
13644,0.46458715
70486,0.13311632
12268,0.1244642
52915,0.10792382
124830,0.8932656
110418,0.03641268
21441,0.8850743
40965,0.9763209
82770,0.0016289963
76792,0.00039477862
14578,0.93390423
66580,0.13449812
27707,0.46338916
28450,0.19476415
121922,0.79692537
39770,0.89042175
33503,0.6567716
48620,0.89445853
22793,0.33298507
92387,0.14556007
36967,0.83028835
360,0.41570234
67943,0.124695316
560,0.8729732
71638,0.7102769
106752,0.34260255
19078,0.8425524
63642,0.9576947
38501,0.18484002
8063,0.10874593
109745,0.04394024
110388,0.026589656
4791,0.31771436
57775,0.3831914
118654,0.71112263
73350,0.12573117
11545,0.10548706
59363,0.86528754
101933,0.6159538
74996,0.0002767562
11105,0.11692115
95363,0.34124926
93051,0.82579964
85191,0.0008730511
104411,0.16017613
105394,0.30872905
57290,0.90798634
7335,0.7399606
69211,0.67909247
102381,0.09558252
119938,0.7848692
73174,0.3889234
53914,0.6003177
70989,0.20651013
13511,0.4104532
10271,0.11275186
891,0.97331876
91676,0.0014728612
89013,0.0018851031
8798,0.330806
108286,0.4228083
16940,0.3292166
46817,0.08836528
61762,0.40876928
79501,0.00084418536
121161,0.21018648
18213,0.96278566
65917,0.2652158
46868,0.8762699
55215,0.4682125
86846,0.0015324602
121418,0.221253
26858,0.90433306
71764,0.12112142
56050,0.83171165
60458,0.49282813
87942,0.0013418997
39540,0.8309518
98820,0.14521441
123383,0.81233484
50855,0.6317887
117507,0.3488173
62342,0.9515023
115012,0.49645287
38297,0.8865433
12637,0.6159741
83586,0.0022031665
106203,0.8521146
41052,0.86639583
99692,0.4410502
7835,0.4296089
53578,0.33010644
67185,0.10094417
34165,0.5841287
68406,0.31725338
99065,0.7011539
13230,0.19869354
95528,0.16272964
27202,0.15383254
113115,0.253392
46212,0.9748917
81834,0.0016574685
82700,0.0030097882
79379,0.0011642572
49757,0.8399653
48156,0.8129563
94175,0.8679205
86947,0.0013455988
41392,0.71485084
84384,0.0020054737
69332,0.44862378
71243,0.13785319
42130,0.9344417
59599,0.9710026
9632,0.7176261
20880,0.09534371
28149,0.93252915
3393,0.10070571
51620,0.5070232
105979,0.92409754
9741,0.25370273
113776,0.16198549
122227,0.09186256
89204,0.0015654415
100586,0.49526122
94806,0.160072
800,0.8869025
41691,0.89061725
30349,0.9679427
67282,0.7179988
3157,0.3276624
51764,0.21820794
101079,0.38997903
57205,0.56905794
15606,0.7209523
11700,0.31546304
40374,0.9782915
16485,0.3723791
115966,0.24183801
89201,0.0017811201
24529,0.11500093
72846,0.56885916
79793,0.0008910508
102861,0.11244527
91465,0.0017593899
11591,0.16668802
93014,0.8083683
36457,0.93250895
33085,0.8890669
113789,0.4746322
106641,0.7743904
72985,0.82499367
13072,0.89029956
106868,0.96150863
57561,0.7859418
81815,0.0010616275
118890,0.7884075
37401,0.53978133
123584,0.7789872
84534,0.0013564858
55307,0.9436616
108280,0.14347951
119009,0.772521
41867,0.19849868
45732,0.8715291
31512,0.8963277
66908,0.13452056
26676,0.915848
51509,0.7531635
76222,0.00020807823
56432,0.88161045
106903,0.97750705
62885,0.7854146
185,0.5098583
40567,0.8535971
97903,0.123663984
101880,0.35314757
66738,0.4341387
56958,0.98338175
11939,0.43574053
79146,0.0011928305
121244,0.42231956
75396,0.0002617717
83041,0.0013424271
30731,0.8715083
16029,0.124226384
98581,0.14283004
43610,0.90462416
27750,0.44250247
89574,0.0011650498
116589,0.8750875
117616,0.7701813
31010,0.94066745
68943,0.16587515
124213,0.54655063
122157,0.23452362
17899,0.7662608
79739,0.0010971774
120595,0.15817457
105110,0.1782998
84732,0.0012733266
124604,0.6958561
7639,0.67818505
19057,0.13498603
45690,0.9655237
114530,0.41246247
58681,0.79788864
26050,0.6190044
11329,0.69209355
88966,0.0032032994
49224,0.49294993
56825,0.444917
75401,0.00018412273
62534,0.95762527
76125,0.00013116818
3899,0.10318741
42930,0.9693684
119535,0.23585203
45143,0.21483211
8442,0.3417309
60936,0.4407374
27971,0.77761894
102402,0.29931644
119975,0.7698887
116806,0.9064349
4329,0.8587524
59074,0.98397577
12691,0.10573628
64833,0.17363985
107322,0.931056
61713,0.88117146
44260,0.9297057
104959,0.110897824
117146,0.3766194
40711,0.9242415
66668,0.13472942
54019,0.295192
69972,0.33625153
66729,0.8592101
105833,0.15136382
82934,0.0009840938
18764,0.81627035
114365,0.46574286
81027,0.0011136926
122443,0.65816236
5121,0.98032975
19286,0.43799782
70725,0.24952291
3631,0.27178547
7391,0.15758921
111066,0.17141563
45419,0.9196335
56741,0.9055077
94656,0.37541547
64970,0.19712992
58979,0.9440366
74154,0.11654855
112223,0.7899707
70068,0.11492821
84369,0.0021304495
86497,0.0011357367
77442,0.00029131703
42673,0.94548845
20134,0.11500093
108922,0.01923604
117438,0.09683241
84316,0.0014964318
6260,0.25489515
62241,0.8102009
28542,0.35979697
73316,0.2945501
57460,0.7145701
48140,0.8469241
84834,0.0009990737
114450,0.6452716
10180,0.15959528
55440,0.48943028
23480,0.12700044
96346,0.1758548
62928,0.24419378
62807,0.7398056
52284,0.17477803
93287,0.15357253
34358,0.2373734
71167,0.3676494
51984,0.18330574
9658,0.34854236
74302,0.22276166
88671,0.0010578759
97305,0.7082751
109978,0.046249647
87721,0.0013646731
52163,0.21183713
26723,0.44404277
107725,0.16240174
5933,0.15233526
77327,0.00020330792
11890,0.116835386
61830,0.17942947
116782,0.33991542
10641,0.46122554
93808,0.64606947
25710,0.7324462
18771,0.9498754
8666,0.14929232
28052,0.12611859
70900,0.1423128
78621,0.0008501881
10353,0.19302256
32137,0.6171835
5483,0.2754089
105476,0.15992302
105155,0.8444997
19829,0.19689843
4427,0.7691201
54118,0.42851838
61120,0.9763108
62876,0.22223654
102052,0.12013164
93870,0.10468889
106770,0.89892906
17939,0.9442036
8032,0.1652985
12771,0.27108264
84344,0.001148849
32501,0.8042155
31629,0.90726584
113869,0.431534
33905,0.4901312
77223,0.00028134655
92828,0.40465638
89687,0.0011307768
122638,0.21877931
9413,0.48377204
41032,0.5870825
105395,0.347845
14403,0.93508905
123247,0.87473637
74030,0.14371334
89812,0.0011768277
102635,0.6827212
14048,0.4958567
2981,0.38982528
37426,0.44007844
4726,0.7763476
23681,0.9767427
30798,0.9753048
8360,0.19511601
93814,0.5338029
45467,0.8718144
20027,0.9639732
59195,0.896373
50992,0.17527758
47428,0.69949466
89571,0.0011660085
86223,0.0010017095
111113,0.27026898
45688,0.9648434
42652,0.84429806
114340,0.13595842
19018,0.53944117
103357,0.11680099
30066,0.13134262
86740,0.0014254954
46306,0.9796047
11477,0.1747898
99994,0.3529007
13963,0.10513636
123895,0.82168466
53240,0.90842557
62664,0.710765
27949,0.791247
92139,0.4331764
37903,0.8839107
45882,0.9544789
41693,0.93411565
76183,0.00017253651
26637,0.6839512
58710,0.91861093
82297,0.0016738055
69251,0.8143793
95469,0.6956974
92143,0.6972538
78295,0.0013128445
39821,0.5848172
113581,0.28422222
40680,0.9385937
102986,0.048161343
46867,0.87446827
20062,0.11501021
30701,0.98364544
110977,0.33453578
28044,0.12725541
77104,0.00018220097
123045,0.43649763
79126,0.0010654564
50843,0.7750951
55200,0.2513775
62037,0.9069783
24631,0.84898174
99960,0.40468267
61488,0.55115366
96739,0.89288765
61173,0.9627694
6412,0.7488232
61370,0.44937938
55540,0.7837811
48228,0.9575676
53668,0.36707145
95558,0.72740996
28009,0.36624476
122329,0.88429856
36785,0.95969206
69409,0.34296763
74316,0.1725501
5634,0.9317009
120589,0.28283042
16158,0.14052485
59534,0.9466214
13089,0.93808
45214,0.14049347
82079,0.00094712933
43251,0.9000951
17271,0.17333576
85745,0.0017738027
30604,0.9451649
105592,0.11786936
122786,0.23719849
58480,0.87274486
67551,0.1634555
89396,0.0019995663
120091,0.16264734
26357,0.7838777
50046,0.5427404
109470,0.060957298
123735,0.8740181
75718,0.00016775492
784,0.5817217
105170,0.19759649
99671,0.5238094
116593,0.87528205
87801,0.0019806714
63032,0.27411562
70908,0.365389
68188,0.7271903
111935,0.19347279
94689,0.22250864
25604,0.080181345
47148,0.17140085
21839,0.8794924
99452,0.12667505
23953,0.28256005
80543,0.0012674846
99382,0.35356727
71520,0.34527296
36501,0.9005419
19164,0.94675916
25536,0.7780248
15245,0.18225282
67492,0.7516471
48965,0.72061986
90181,0.0021981052
91160,0.001161728
4020,0.17194812
6100,0.11276826
47718,0.5325293
2054,0.783544
18444,0.28300563
41832,0.30623344
87895,0.0011090201
113721,0.21034063
22564,0.15085398
7723,0.17624636
4899,0.9225435
81662,0.0013904533
18313,0.11500093
105981,0.89696926
28786,0.7209427
124297,0.9267562
33291,0.42483026
61558,0.3918193
1351,0.92654496
74199,0.70998484
110610,0.02300367
33449,0.16178285
80379,0.0016938355
94204,0.9179253
92052,0.022108333
51971,0.16342989
38299,0.9203651
124905,0.89866567
98402,0.13809446
60485,0.886587
63991,0.40799743
29825,0.7338609
30932,0.5393898
3976,0.44406736
5882,0.100665204
56099,0.9439281
36473,0.21662359
111055,0.14741296
37662,0.9496247
77529,0.00025125337
17276,0.2036872
50958,0.38659796
79849,0.0010155941
22367,0.9478578
75080,0.00020796279
93573,0.15115014
50732,0.4897736
106297,0.8200093
61532,0.9040416
68158,0.21941414
92957,0.80838174
12920,0.28360334
9618,0.77471626
123678,0.7926057
73919,0.1096135
9206,0.14312077
18800,0.87562275
30945,0.88533914
54467,0.3131263
88037,0.0016380629
75835,0.00026297092
53062,0.7385735
28347,0.37809992
117151,0.18888871
23267,0.87988853
77623,0.00022872377
88210,0.0011837487
76033,0.00023808499
118565,0.45300046
63795,0.21607691
59940,0.9269645
119592,0.32750994
33732,0.11215602
101890,0.42149615
12503,0.1013646
109551,0.031272992
41228,0.9801675
71235,0.13673447
123414,0.9265568
66486,0.52199244
120357,0.2284097
23577,0.95720655
69887,0.22813302
95978,0.15003583
86490,0.0012030677
59446,0.8605703
29590,0.74096286
6548,0.08670639
45200,0.12867245
10158,0.10170207
104340,0.46437892
107611,0.66572154
110342,0.05292015
1781,0.46841958
26621,0.32530573
17777,0.859836
26892,0.24015065
37813,0.53608435
9444,0.77415913
72051,0.25292066
46413,0.9313444
92595,0.11373007
6107,0.11041651
59643,0.9833398
55644,0.18667966
27280,0.45484382
43681,0.8843112
22307,0.9320278
42501,0.9310746
11236,0.6972538
113288,0.3050902
111702,0.14664738
49067,0.4353547
83983,0.0014261649
102710,0.11278474
52692,0.20472598
100796,0.15513952
19105,0.55606467
86617,0.0012218079
101152,0.35382017
24813,0.54239744
81082,0.0009884599
20921,0.30959854
70886,0.6792429
86159,0.001180341
114088,0.4277667
88873,0.0010158656
34832,0.875208
95827,0.11823224
50454,0.45163584
100597,0.8431597
68128,0.20417805
118112,0.32674515
42726,0.94982105
69065,0.36749458
100151,0.42584836
94798,0.2403031
114872,0.287506
3121,0.12784499
122354,0.7653821
54226,0.6344628
100464,0.13564762
38866,0.9486219
34445,0.9547808
65281,0.29603896
62381,0.9485635
81060,0.00088711147
43691,0.8439739
97607,0.34846166
124113,0.55956745
48727,0.9590305
5120,0.98011017
88993,0.0019499377
41226,0.9821149
27658,0.3565684
109749,0.043665774
42078,0.18080077
84607,0.0016080491
75806,0.0002234238
11221,0.78961647
51646,0.16021226
2121,0.1401088
118564,0.5190431
117694,0.24104603
102934,0.32731313
47107,0.14295974
34553,0.9138199
79197,0.0008460387
6730,0.23955421
27778,0.15028125
120226,0.30786508
95582,0.6571883
32436,0.62568665
45078,0.9600529
6355,0.697166
5161,0.8537102
66217,0.04516601
31239,0.8419201
25421,0.90520996
97940,0.80189234
18747,0.844958
115674,0.4322402
112505,0.13376203
64577,0.13425866
31041,0.4555264
22066,0.7858125
66005,0.1899009
16097,0.5532348
26328,0.56442225
110809,0.019323451
21918,0.42671537
105944,0.4419153
99833,0.41801655
5555,0.1177504
74344,0.50965506
35634,0.9727591
110940,0.1838002
113778,0.8542229
59348,0.8680582
80486,0.0017788631
22445,0.9644193
29660,0.9349146
68988,0.21780328
67228,0.27045152
120501,0.7151536
95923,0.14765416
81186,0.0012780068
38617,0.8870322
12254,0.74868476
11994,0.12492494
48080,0.16931044
40587,0.8115599
14039,0.17815915
17468,0.9386499
71080,0.20635289
28691,0.8283452
109771,0.014932349
31857,0.9557496
5848,0.12837714
18657,0.40172663
122583,0.7200764
79212,0.0009852035
2805,0.1761149
82485,0.0009840538
3573,0.12894918
93610,0.2618822
16110,0.3972327
7665,0.35697564
39014,0.908145
84318,0.001636441
72436,0.72629523
81694,0.001330773
116204,0.33382472
87194,0.0022855448
124489,0.4680653
64974,0.17291264
14717,0.9212615
101310,0.18763252
68463,0.22800037
118349,0.21452387
43630,0.930393
102050,0.2679616
113459,0.1691405
113848,0.7737088
70573,0.12546447
246,0.12433957
27847,0.26411754
17784,0.17791826
62158,0.8471039
52119,0.14738606
59431,0.5690021
114468,0.69012386
8153,0.30114573
35347,0.29538208
42830,0.14130095
107442,0.15620473
114707,0.85880667
15851,0.13740414
41077,0.3958487
43871,0.6574011
62836,0.4504375
98221,0.10912341
97790,0.27740046
108649,0.5805794
118532,0.19095062
97823,0.5801008
39554,0.95354724
66546,0.27706593
48012,0.11115111
91953,0.089461535
46931,0.9161006
56630,0.3993182
29686,0.47027156
83824,0.0011780822
70168,0.1541879
105538,0.33146545
29384,0.3190597
48157,0.55541986
68169,0.2947274
30430,0.93566674
122691,0.39562684
57609,0.8916558
107679,0.18483739
40516,0.961936
89878,0.0010671451
98986,0.13363312
34890,0.7270418
25121,0.8862894
117555,0.3314294
98562,0.1150013
60268,0.79378486
8060,0.45224074
105626,0.1522184
87162,0.0014524555
28365,0.8431923
70125,0.6995513
103021,0.14399272
11920,0.8088688
58983,0.9551703
51388,0.29546517
9094,0.16900118
41510,0.95254
17056,0.18065834
25319,0.08848747
101172,0.6805666
87545,0.0012792003
52551,0.38688388
15369,0.12852918
69601,0.76261795
18731,0.8624171
56331,0.9501392
119795,0.1985237
108111,0.12671831
25187,0.9816852
14636,0.3931793
43214,0.89659345
49676,0.58314455
55334,0.49024165
60100,0.7731044
91204,0.0014309093
14493,0.9094433
13399,0.2539694
83868,0.0010778748
67886,0.48718736
123251,0.87893236
9869,0.27949244
31771,0.8543486
92084,0.33264592
30179,0.13266525
77965,0.00018069836
94494,0.2803527
54552,0.13049741
29157,0.8246799
121666,0.84729445
2355,0.63344634
25259,0.5464091
8283,0.26501858
21298,0.15845442
20165,0.72784436
105365,0.48787275
47514,0.29641232
28186,0.6221175
104581,0.16015536
13818,0.3249603
62426,0.9099058
89052,0.0010421546
1145,0.9159924
10710,0.13783507
32631,0.9574236
10015,0.12938716
18045,0.7981044
40206,0.5578117
84018,0.0012684737
111058,0.67797667
63824,0.4659202
60580,0.9335848
118202,0.16625333
35354,0.71089673
104285,0.5901648
70875,0.14729966
113593,0.16938694
27928,0.32631865
24931,0.6173775
66353,0.13213286
47537,0.9492377
112373,0.315374
124127,0.78404766
121140,0.37514466
48103,0.9406984
1694,0.8100123
113120,0.74826163
104053,0.36089143
98751,0.09073521
49153,0.16275029
19317,0.61167467
13296,0.49382412
61118,0.97380775
2495,0.21330352
114775,0.71056306
85547,0.0012985144
11231,0.3871321
81058,0.0008976832
74638,0.522465
37259,0.9835444
58526,0.8364923
7370,0.28107843
30902,0.8286217
80485,0.0013145856
106020,0.255834
60547,0.7484617
6462,0.40046906
30347,0.96255785
56645,0.9349296
119608,0.5744089
92695,0.13159046
17504,0.16706161
72914,0.4681267
55105,0.47618002
16538,0.36250612
86360,0.0019294389
100396,0.15888502
62655,0.12195232
28695,0.3438446
15772,0.26303777
63785,0.8781187
54571,0.3004758
117547,0.84716576
59814,0.3592892
45085,0.9451377
117001,0.21379945
112524,0.18449323
89222,0.0025819342
18847,0.35586217
53219,0.86514395
100764,0.36635855
109750,0.018645123
24213,0.3627252
24634,0.46945512
103420,0.3725805
81817,0.0018318502
110553,0.035989236
72150,0.14285235
76136,0.00016641506
112669,0.1613198
41238,0.4657665
37222,0.98396724
104206,0.18173295
1929,0.9381897
80438,0.0010692262
15356,0.30689606
100352,0.5245394
38879,0.9234108
57733,0.78386265
103069,0.1449653
110905,0.12357478
1020,0.97655654
26246,0.36829117
70376,0.33919564
93082,0.91235304
11140,0.2618946
122986,0.37726372
43726,0.802384
25260,0.6312649
84425,0.0021239654
13304,0.55750746
10757,0.11857572
8434,0.1583521
34222,0.91440254
2539,0.0891832
998,0.9485988
74627,0.82541585
30420,0.7528915
121016,0.82689464
94955,0.3281172
18468,0.7698501
81447,0.0022078876
109464,0.028470833
71409,0.13749078
99639,0.733799
26680,0.85304177
26872,0.87625647
109136,0.13224703
17406,0.35229495
72552,0.44528267
67843,0.11456687
45517,0.1122157
40069,0.8778512
108143,0.8079013
91557,0.0034810961
25212,0.7981221
37049,0.9716015
49304,0.2770242
64033,0.7898506
111112,0.4212101
23826,0.49906018
93689,0.7193585
57347,0.83473986
60635,0.47609898
22269,0.855122
49194,0.49403608
2542,0.0998811
73415,0.400019
77619,0.00021311075
113619,0.14228709
27056,0.33109862
118120,0.380868
77242,0.00048671683
49352,0.23140676
52179,0.16768144
2944,0.5973597
81087,0.0010331593
59433,0.87502754
37901,0.57836
116765,0.43544006
122823,0.7975785
70045,0.40801647
111855,0.15532357
84891,0.0017533872
57952,0.8516682
14429,0.79855174
80970,0.0010189891
90603,0.001410413
87917,0.0012184776
12781,0.2539276
109074,0.02743285
110775,0.01784237
10648,0.7146319
57726,0.7552397
45522,0.19509368
56457,0.22149388
102875,0.1129524
70204,0.2467172
111431,0.14145176
93594,0.36193478
102231,0.13108712
55924,0.33284512
85496,0.0016677346
106851,0.93390644
71115,0.10926994
82875,0.002466279
79943,0.0010128365
48224,0.94343853
111874,0.18247306
25082,0.8989329
25410,0.6311292
75550,0.00036872653
75713,0.0002908896
11679,0.29764542
111865,0.7084496
107857,0.5467623
99137,0.14881113
23592,0.3681937
58575,0.9732817
34892,0.81739193
39793,0.8766383
34217,0.89872956
46110,0.28907946
46820,0.36203045
6377,0.6191767
46258,0.95153016
78430,0.0006698476
57024,0.93338937
53572,0.17160012
10862,0.33222964
5613,0.92107147
65870,0.9085453
55263,0.7585579
68354,0.6868697
49485,0.14744663
17265,0.7565278
62421,0.82090753
119783,0.18259941
7185,0.12974602
56231,0.45683217
110595,0.034683444
24995,0.5697034
90314,0.001291107
36449,0.93846464
31894,0.98148525
36782,0.95631504
82538,0.0010337451
22477,0.96022344
88104,0.0012011073
36267,0.17665987
38651,0.9624018
26625,0.30082136
12591,0.11375741
87597,0.0016169639
69143,0.24587339
55737,0.42319342
49042,0.96638197
21344,0.8056597
102632,0.41128713
24884,0.12453604
39921,0.8822686
62505,0.5710493
77868,0.00032090774
121216,0.71674794
82737,0.0012514931
46580,0.94358295
117997,0.5150361
37427,0.5756141
114473,0.7226639
30017,0.1059969
21012,0.88418764
108661,0.135179
97321,0.75558984
25211,0.74696577
117991,0.46539474
55348,0.7757755
82120,0.0014877794
531,0.46569264
26112,0.36946774
40268,0.1924018
45170,0.67687875
28599,0.88460535
98435,0.28575307
38892,0.8442612
4965,0.89079463
66765,0.13505664
8003,0.2595316
111684,0.49597397
77154,0.00021318816
24263,0.6320873
97787,0.30370966
77257,0.00047859576
107859,0.58844537
75389,0.00020796279
34092,0.13327764
125050,0.14091423
27865,0.3187271
121655,0.74276644
109688,0.016991194
4290,0.69117093
11580,0.30655622
89526,0.001393207
57704,0.83557284
112209,0.57312953
1983,0.19391672
21030,0.5865454
14796,0.97438806
79356,0.0015531679
69331,0.11976868
88416,0.0016642126
107058,0.9230908
73896,0.17304389
66763,0.059076376
31867,0.9656205
122550,0.1532466
72156,0.51580197
33285,0.6460518
60917,0.33340022
1290,0.40901995
109897,0.024895776
116185,0.86185694
74237,0.4224879
90241,0.002060194
88784,0.0014224484
85549,0.0013706165
109634,0.054778446
63228,0.96052307
36766,0.9126901
67449,0.3290813
4520,0.7429221
102701,0.38546175
69151,0.840113
97736,0.08893298
82036,0.0012729428
7235,0.20501755
19243,0.89356667
3993,0.4087097
73356,0.12573117
121990,0.7990933
12257,0.33328414
56212,0.7114514
44785,0.1691742
58786,0.31917384
66895,0.2435436
70528,0.37196553
15322,0.34693173
76681,0.0002179285
103159,0.17313592
21164,0.11500093
10362,0.10686828
14669,0.9102777
32500,0.33809415
105507,0.26316246
93550,0.12854816
90096,0.0010875154
14485,0.9190993
81703,0.001077539
32540,0.8907548
116804,0.8842029
3813,0.43288267
124651,0.93520206
75069,0.00018637818
45745,0.1109304
2641,0.18444918
67869,0.14455499
11047,0.112263605
8805,0.082329996
87859,0.0021382063
9546,0.8509463
46694,0.97375745
76829,0.00018429926
41827,0.4929438
98021,0.9286605
101041,0.41557792
65009,0.928069
96875,0.74928623
26579,0.49605116
64634,0.8162661
86569,0.0010881501
86357,0.0020494042
93634,0.34571356
12222,0.7883211
47087,0.89061826
98139,0.34226075
77023,0.00028041436
50704,0.5237968
49756,0.81625956
48733,0.39725393
13116,0.23216693
19878,0.14510205
107391,0.10876641
92814,0.41815746
117343,0.44499812
100252,0.093477875
87069,0.0017246701
60699,0.91418964
940,0.84286577
71715,0.259385
53000,0.82467556
82426,0.00090105174
84308,0.0014382402
62189,0.5361129
60008,0.101721585
63790,0.6745628
111773,0.14330198
37948,0.95252526
122857,0.7629684
26983,0.85421574
114721,0.11442587
20668,0.1705067
21900,0.92956764
61896,0.85984385
38663,0.9799508
102039,0.15403393
108554,0.73349774
57637,0.8673408
32863,0.8727863
81895,0.0020007456
64992,0.4438262
32946,0.14913712
18039,0.42202246
76015,0.00017804945
67095,0.65907985
40386,0.13464315
47777,0.45886704
46589,0.9646177
108008,0.09562875
104462,0.14416026
26011,0.76043385
9666,0.71084946
118832,0.75375247
7308,0.7420284
19264,0.47000584
120246,0.24004228
89110,0.001089957
15274,0.16904594
2909,0.09132718
38487,0.17637913
66841,0.1558746
10696,0.15572646
78536,0.0012684109
97857,0.1563874
81392,0.0009669413
112652,0.30249843
54915,0.6956523
116409,0.15817457
84362,0.0027808233
11734,0.2770414
55904,0.4057685
84972,0.0011868944
50850,0.6606998
110202,0.2377609
57771,0.22223654
50806,0.1467617
20539,0.28707704
67989,0.2609406
28870,0.77633893
64743,0.8035971
38908,0.5210519
122024,0.79544926
58769,0.8734594
92398,0.15286553
10980,0.49835053
1724,0.14379299
28438,0.41999167
73663,0.42606866
67992,0.13628495
1513,0.93466187
43290,0.7770742
100114,0.73327893
64813,0.5117823
113423,0.773101
84767,0.0010654326
1603,0.8477367
48989,0.96668375
113733,0.14116853
123487,0.89730364
19284,0.87072796
27857,0.11739753
71785,0.19577943
103189,0.22741106
61816,0.8273941
51058,0.22693498
87265,0.0019732972
69427,0.42244804
100849,0.11430334
98396,0.631383
68499,0.7369384
100692,0.118357904
75865,0.00018745715
90738,0.0012793142
119269,0.39998958
118305,0.17947517
471,0.1490233
5975,0.14315593
56900,0.9619596
57405,0.42756742
67484,0.15271708
84134,0.0010660021
3068,0.31294444
34061,0.11207633
111539,0.13679886
20499,0.23890348
101238,0.3816478
80987,0.0012010324
49165,0.43648705
97516,0.9020911
78118,0.00019697474
8205,0.64806944
90803,0.0012666102
17829,0.880373
65685,0.91740465
68924,0.1550822
4211,0.27560875
10293,0.64251846
74557,0.91735864
90696,0.0010544283
88622,0.001572576
107841,0.16733788
80910,0.0012397056
120480,0.20464104
105829,0.14862627
46969,0.5662325
78582,0.0008834532
97293,0.39580113
46470,0.5449525
111928,0.23485526
14826,0.9786012
122519,0.27512854
114498,0.16113669
16401,0.09193363
116576,0.42759728
8752,0.6418109
119790,0.1166828
9798,0.15622367
29117,0.85625356
98585,0.12941962
96191,0.12925328
7420,0.1579867
4283,0.7537864
82174,0.00092912646
98887,0.11411631
107348,0.960296
4051,0.23533647
66951,0.1514283
67231,0.15146461
29397,0.093684666
72636,0.41491964
43188,0.8328248
99049,0.40130275
59903,0.88276255
113096,0.17112668
115645,0.4620172
121566,0.93872654
98823,0.13061656
124884,0.969571
27754,0.097601086
97244,0.25357395
103567,0.17978352
65295,0.9478622
71037,0.06892548
53877,0.71031284
113358,0.56590986
32021,0.8889793
22229,0.47854856
2194,0.14277446
99641,0.67141175
65260,0.56435174
105899,0.8983895
67764,0.31382984
123839,0.7834031
2001,0.48431936
86409,0.0023892496
37726,0.8898167
3298,0.15622057
103984,0.49605057
65410,0.21490133
57624,0.4539346
28902,0.88426983
2615,0.28087327
122353,0.5102222
8425,0.16269961
52422,0.5016893
26574,0.4774911
46405,0.9583325
44344,0.95959973
124847,0.96061426
110304,0.03406133
115587,0.38655943
68203,0.14186984
105198,0.2800743
47661,0.9052061
98306,0.21944858
13622,0.2529158
38863,0.9414468
68974,0.11464147
18080,0.7775127
5844,0.10378668
116524,0.21719867
69705,0.92596
102926,0.32731313
29123,0.8411441
102825,0.47597477
56247,0.3915267
1487,0.50103825
118219,0.62714034
19925,0.44986302
15142,0.17836781
44395,0.9542673
114399,0.4710447
44397,0.9832508
26805,0.8719838
49048,0.98315203
48286,0.6839307
122323,0.8411264
71816,0.62329704
100921,0.79322416
58185,0.9326853
19582,0.75910044
65677,0.94883525
12831,0.15258744
113727,0.22391374
3461,0.25717524
35206,0.93623894
77713,0.00042946526
52926,0.31260824
103074,0.13639848
19703,0.37954408
102510,0.19664772
68701,0.13298799
61064,0.8632728
47241,0.75948703
64915,0.8045491
37114,0.6361633
17238,0.17530437
122526,0.7629696
77601,0.00022683003
9470,0.24291779
48113,0.9600562
58470,0.831487
39471,0.3003341
52120,0.5459506
107280,0.46608028
34917,0.86280864
60035,0.39870948
89121,0.0016297734
48264,0.10757299
87587,0.0012534813
107107,0.9635235
109696,0.015322217
118002,0.52580065
116116,0.7789294
88157,0.0010295091
26880,0.908119
96333,0.7115035
60016,0.5422125
100913,0.8552447
71334,0.298962
19326,0.36238903
1906,0.9557112
110801,0.019656746
113863,0.30308053
71975,0.3184445
20265,0.27336323
67604,0.28233084
26448,0.78689027
78924,0.0013839568
21467,0.47946236
72000,0.17517902
74636,0.32989165
26817,0.89408505
35222,0.90225923
104558,0.8564312
71961,0.127203
5162,0.91804796
11133,0.13241954
20717,0.34856927
45139,0.71724194
118119,0.8693512
35870,0.5783089
18619,0.2947523
7912,0.13535628
92851,0.34724483
49831,0.17885461
118822,0.3755983
62792,0.75688285
25555,0.52819943
44472,0.9892274
52065,0.8956564
118091,0.80198526
76987,0.00042647144
53271,0.6540083
96175,0.2051973
78114,0.00021662602
1048,0.97900224
29474,0.19963503
83110,0.0011179253
108702,0.014257191
115657,0.23763546
1657,0.168019
73469,0.3594215
85472,0.0013145762
93180,0.41594952
48861,0.8943677
14069,0.12868561
36902,0.8649966
75108,0.00014955834
37070,0.9803397
24488,0.13749449
26592,0.34261355
57186,0.8041828
101613,0.42246497
38855,0.90057194
43964,0.89928406
96785,0.3903801
5173,0.89978796
99099,0.6656568
105603,0.15331973
27635,0.46880084
23658,0.9595552
23291,0.8573282
83501,0.0009802533
54277,0.21270041
81235,0.0009961056
44403,0.9770925
90754,0.0012436339
123574,0.35143834
66614,0.15296943
93683,0.32823843
59410,0.5499777
83984,0.00132523
47891,0.8383988
8907,0.827978
55417,0.7410268
16719,0.36455905
38394,0.5172751
116557,0.7567884
109801,0.039732344
112088,0.15390469
31071,0.5339534
99436,0.1088149
61848,0.43671638
23864,0.8320628
62789,0.44086987
71887,0.14233196
114982,0.16214389
100228,0.86021405
109371,0.039919082
43100,0.5024671
98862,0.24973944
108560,0.79509073
93465,0.08727868
26603,0.7650824
100824,0.5444559
115544,0.2273578
120121,0.10958299
93067,0.93993133
101800,0.31468686
122725,0.55065435
51052,0.10723748
113355,0.53589153
117520,0.43351814
18379,0.11500093
46530,0.9656641
31892,0.9834157
112215,0.1847182
93567,0.13651036
85468,0.0009734325
7868,0.30738035
36937,0.9055009
82832,0.0009943922
111461,0.797784
20794,0.21126118
116859,0.17344692
28354,0.25518215
75601,0.00027852683
89203,0.0018492109
25821,0.10955954
53913,0.14202158
125054,0.16819328
73206,0.19639418
34853,0.919793
124855,0.96160805
85865,0.001597142
77592,0.0002748645
41517,0.39163503
79563,0.00077310856
22153,0.96558696
43398,0.8623092
93029,0.8631491
89269,0.0010875154
107600,0.17955564
47301,0.31953195
45110,0.9749972
14056,0.64409876
73213,0.7581629
35080,0.85245353
60042,0.22751717
76221,0.00020331723
96864,0.09002206
38398,0.9141239
28091,0.76157314
67131,0.21183765
22759,0.47990572
26377,0.44190487
97688,0.3531512
41421,0.86166626
124498,0.80004853
68952,0.12302009
36603,0.9444243
91811,0.10572692
79660,0.0018426523
15115,0.09532428
6532,0.1655272
56305,0.91326904
10185,0.48169866
6269,0.48719403
75291,0.0001408929
37008,0.83258575
113942,0.7234738
108100,0.51126015
34953,0.4488866
36416,0.5712899
23659,0.96136206
16494,0.22091855
25169,0.97987443
28506,0.47375423
30387,0.96741855
76098,0.00014187813
39242,0.93987226
56802,0.28486994
72471,0.18193932
4627,0.783688
46325,0.10689364
41791,0.25631043
115413,0.20926999
20963,0.92175627
63605,0.8891999
36234,0.1637354
121932,0.6125147
99831,0.08831932
21127,0.27563873
11174,0.68272024
8705,0.08600383
14593,0.7974125
28222,0.45091927
24110,0.11916875
88983,0.002226248
97677,0.18363076
22956,0.37363893
98537,0.11866545
108003,0.61704135
1159,0.9330158
37942,0.9203541
49363,0.23140676
83001,0.001376804
109380,0.05252692
48746,0.83895856
26121,0.49605727
81733,0.0019432793
36935,0.67349297
3048,0.30934268
30864,0.5392143
6813,0.16902594
32830,0.82101756
44857,0.93098885
12498,0.41245416
54673,0.8954177
64185,0.6028148
46227,0.8706672
45505,0.165369
26132,0.517324
84302,0.0012664245
76076,0.00017266258
50081,0.14073104
50837,0.44407374
91009,0.0013444487
107545,0.8490052
7988,0.18520813
594,0.8501458
117531,0.4247165
17779,0.5180425
119609,0.727404
46592,0.9598814
70572,0.25617415
79912,0.0010102575
120776,0.8542822
112265,0.21299037
85959,0.0017737495
39413,0.9482878
42015,0.90676755
51730,0.20448892
30997,0.89968354
104608,0.17471693
5779,0.26688382
66596,0.14528446
17133,0.42154613
30802,0.97797865
99011,0.6547835
84267,0.001017708
25341,0.8974609
109092,0.032010492
50848,0.65556264
77936,0.00020829796
80184,0.0008228124
22303,0.91849756
71510,0.3220337
12562,0.32053992
21636,0.92216057
24361,0.49928054
102379,0.32865348
124435,0.87235135
16677,0.27042735
124335,0.36561558
45382,0.34719294
455,0.6711943
29701,0.11426453
65502,0.6016391
47333,0.5000483
108476,0.14483304
28070,0.37950593
75368,0.0002982913
88052,0.0012485981
16797,0.14965855
107230,0.9833825
82184,0.0057838317
35252,0.96742076
79823,0.0009919906
56040,0.79327804
118858,0.16461916
62973,0.19975396
26326,0.5848557
50832,0.6451931
26792,0.8526953
112807,0.1755212
44632,0.9788069
39986,0.85208386
120025,0.3272637
112322,0.7565759
73038,0.9092435
43235,0.67043996
12733,0.12400311
19391,0.6091019
90808,0.0010019481
104601,0.15109923
79246,0.0015847523
26144,0.34851092
73450,0.32274258
21665,0.6155653
79929,0.00085437164
109288,0.011609633
44243,0.9167655
505,0.7275486
44358,0.970349
83058,0.0010100001
106918,0.965453
72872,0.38538077
75410,0.0001463107
33342,0.87450856
82133,0.0027246561
33504,0.8261277
82127,0.0012734612
9264,0.12606731
25450,0.75821424
12112,0.11217428
7935,0.14585452
95776,0.4386036
110196,0.12039529
7545,0.15576243
109008,0.034982577
97575,0.1629852
122144,0.2591707
107087,0.9312741
48295,0.390011
108403,0.75208914
69980,0.66677326
82049,0.0010997049
64712,0.4115259
47336,0.6884189
4308,0.849597
83999,0.0013313366
103053,0.09408798
15884,0.53956395
42115,0.91264665
106035,0.36315113
53522,0.1553098
16219,0.72700197
62270,0.88835627
44430,0.98149335
34228,0.8794402
58358,0.8427981
90419,0.0019453003
56796,0.31511232
57644,0.11768895
97829,0.618917
101937,0.69785595
94052,0.7043062
108016,0.1598902
108320,0.7524333
10314,0.48443666
104209,0.22448866
51926,0.81750417
97024,0.84002346
110891,0.16547649
9443,0.78956425
6514,0.10871499
11831,0.07871071
105073,0.70282596
47375,0.97461367
101207,0.098260686
56510,0.88481957
68457,0.14581008
26354,0.16042516
115519,0.1260032
40020,0.5546205
9096,0.633363
102262,0.40879685
58071,0.94271946
104075,0.15975614
83128,0.0011497894
3322,0.3613176
97467,0.914056
105305,0.40933233
78896,0.0011970772
40210,0.8747101
89434,0.00154202
116086,0.4284467
124683,0.5658741
78342,0.0013392352
106270,0.9096298
29492,0.48189524
27152,0.7540776
55457,0.8862368
84336,0.0017061374
9480,0.2601593
63660,0.97761244
2914,0.32278594
34729,0.31194606
82657,0.0009071581
56542,0.8754391
2690,0.20023856
79386,0.00095959747
27633,0.2431289
77357,0.0004496972
7326,0.7883691
30237,0.9497004
122637,0.39459485
122894,0.22469383
98947,0.15651293
67788,0.061373323
72577,0.72178274
29467,0.37851635
124249,0.81018597
49125,0.18366744
41807,0.6226906
26466,0.58679426
59670,0.82418764
100113,0.4227361
78354,0.0017123993
112978,0.43505633
16779,0.3764561
104966,0.110897824
94062,0.83607405
544,0.758427
69843,0.13108179
120733,0.2862752
108472,0.17275867
16058,0.1328736
40060,0.5537548
110216,0.03642513
123674,0.19354977
1713,0.5063402
18823,0.8654794
13388,0.30790415
75102,0.00015368295
74123,0.20601666
92769,0.1430683
13748,0.37975127
118050,0.9152815
103720,0.4330298
61298,0.95721203
85857,0.0012681168
8925,0.4057345
122754,0.35885784
52527,0.17703672
67797,0.15831235
5886,0.20486332
5804,0.11227297
83431,0.0014710586
119406,0.12646277
34263,0.22812344
86407,0.0026826665
103618,0.17462794
60551,0.7653064
81505,0.0032581403
13272,0.109960504
75158,0.0001399037
20117,0.114462115
11036,0.10543819
90383,0.0013296189
124967,0.24498352
60591,0.50222003
50618,0.17931059
20052,0.3718456
79820,0.00093908544
4801,0.32627973
18980,0.14299528
66845,0.2584896
87050,0.0014648568
28376,0.2679998
95717,0.67853963
40385,0.5766676
99305,0.27647668
24660,0.53519696
39158,0.91832584
63522,0.94213635
11540,0.08947851
29893,0.10013828
8166,0.29815218
17306,0.10204053
92059,0.017117387
22312,0.9249013
124670,0.1966775
62806,0.39228785
1200,0.88127506
95781,0.29198506
95280,0.10265545
3624,0.18431388
10679,0.6661
25080,0.5649638
81445,0.002325113
23282,0.87575465
109133,0.16718723
40312,0.93003875
93892,0.095825985
32459,0.94282657
45446,0.8854928
13073,0.9138418
84894,0.0019294389
38162,0.9118333
113085,0.16429742
109705,0.013231199
99312,0.43514496
42340,0.50023097
94941,0.8662952
21008,0.84902704
86943,0.0012859991
78564,0.0018674345
8033,0.38320783
123823,0.16083436
114206,0.16188753
8536,0.838458
52112,0.26728004
36107,0.93941104
69347,0.1802606
60814,0.8944976
56350,0.46516475
117853,0.8151266
100348,0.48850217
66443,0.16199821
79322,0.000761398
76114,0.00014526227
18329,0.17134263
78031,0.00034229085
116362,0.23949239
107908,0.17535509
21563,0.9482474
107191,0.9731119
26673,0.9038262
5754,0.83450717
27899,0.30613887
41744,0.22334586
104791,0.13267341
27249,0.18275256
8628,0.70162266
91646,0.0015460654
2179,0.64445555
50831,0.20398676
90849,0.0018022277
69977,0.13291766
59277,0.8704652
64926,0.8943344
67825,0.15428866
88698,0.001084165
52175,0.38429242
83751,0.0016333986
121586,0.948673
119753,0.38923147
95704,0.3346822
95642,0.6301475
106696,0.7834943
107854,0.58844537
81729,0.0010902191
416,0.8626839
65479,0.19545808
68046,0.3003237
61291,0.9535423
35630,0.97034556
89195,0.0022227152
79377,0.0019028961
68942,0.10914753
38558,0.9397745
55728,0.23936118
117307,0.7227643
51636,0.23976429
77108,0.0002761387
27099,0.19859107
113194,0.17153199
56524,0.8052915
112147,0.6857927
66078,0.13786536
21519,0.93791974
88267,0.0007821655
109319,0.015518028
15432,0.897259
7673,0.1557042
60122,0.79795164
34859,0.9382489
82814,0.0014789671
102342,0.22318499
104028,0.11311978
589,0.2347268
87552,0.0012436126
1974,0.40597406
2852,0.18698363
39348,0.89655924
80250,0.0014003962
48593,0.9800142
7635,0.14206544
27292,0.72968924
95773,0.44917542
45845,0.3308764
64111,0.40977454
30223,0.8708949
9051,0.14658085
64284,0.60762787
43693,0.18570031
71442,0.17424308
16768,0.20012069
7759,0.31915292
63837,0.19385976
39663,0.9125745
79464,0.0008452289
113853,0.15541783
14559,0.9462081
106446,0.37472987
97622,0.5304585
55562,0.3957833
41849,0.926789
61384,0.44245777
45624,0.9025855
85987,0.001243291
36803,0.9753924
96152,0.52198684
103066,0.11653735
47004,0.8989008
72039,0.8454318
37508,0.77484876
27165,0.4466526
34180,0.58466715
90278,0.0033576537
36572,0.9418493
38970,0.9442818
39077,0.95595276
40400,0.4920673
26774,0.8226426
82361,0.0019719433
15361,0.13142544
58184,0.89592665
3859,0.2881853
96116,0.68623525
110464,0.03761709
65363,0.9356581
16906,0.81143826
19069,0.19113296
39255,0.9648009
32015,0.59685177
68110,0.28574094
119818,0.113819845
114605,0.39164603
18601,0.36458266
6654,0.16864958
55389,0.39967787
2156,0.34443527
42336,0.15047742
4349,0.9080819
35390,0.6775758
12620,0.456077
69643,0.83134484
56604,0.862048
13792,0.67876375
93252,0.3307794
3681,0.1259577
116954,0.7722895
53095,0.81062806
116672,0.6188258
26172,0.59582394
123312,0.43257952
72410,0.70544946
117535,0.7005564
69892,0.22326545
30780,0.9573466
30958,0.94922477
70947,0.9373861
82639,0.00090105174
12789,0.33549455
60596,0.48268273
10937,0.21490736
58629,0.98016137
46149,0.8806783
117813,0.45899764
6071,0.19088279
76733,0.0003518365
98376,0.09041814
10573,0.10551262
111558,0.098443486
86948,0.001604051
35448,0.9549993
121998,0.87198174
99115,0.70920026
75863,0.00025710594
124834,0.92514205
122086,0.15191855
43603,0.89813817
12729,0.086500175
6235,0.21102953
1740,0.4680912
70631,0.12503572
23598,0.89748436
45238,0.2650953
75785,0.00030349175
61238,0.40296346
42681,0.9718848
66576,0.28266695
80628,0.0010515698
100193,0.83217484
40932,0.9064958
31662,0.905362
113891,0.46319485
72837,0.30700126
52606,0.22473697
101828,0.26078263
6966,0.37768942
19865,0.13749449
36069,0.8769785
121387,0.35660034
62605,0.752112
68678,0.72713846
7789,0.12971298
89274,0.0010393863
90502,0.0011634495
10270,0.1903516
83387,0.0012210744
97414,0.8918168
54695,0.72792745
104360,0.15979154
71938,0.14416026
104618,0.23039201
9033,0.5344038
8200,0.3105246
13201,0.67333263
60652,0.8699958
51152,0.24564064
61275,0.94807225
65079,0.51582664
91960,0.087149195
16671,0.27042735
122692,0.78584594
111903,0.2261712
14927,0.49654984
102131,0.73559994
109531,0.07471899
69432,0.09467782
95775,0.35172427
81575,0.001517872
7401,0.16748212
56540,0.90025455
38463,0.75600785
104767,0.24832202
30704,0.98172426
119887,0.457225
101676,0.09954877
78016,0.00032053867
9424,0.45370293
36435,0.8842561
15584,0.9695004
18011,0.33471924
66439,0.33003956
39041,0.93944883
49092,0.42011133
78973,0.0016448292
41780,0.14974044
58943,0.9288274
97709,0.08181022
75062,0.00016991759
2255,0.33565173
124079,0.09697152
25045,0.9184857
23675,0.97723216
108000,0.19238645
115351,0.41725725
47179,0.7538871
99747,0.26606798
22264,0.8235247
2018,0.14495601
124875,0.96797246
84861,0.0014577946
96053,0.19269851
70680,0.4590328
78379,0.0012773662
82846,0.0009569369
22746,0.7823565
118100,0.20924674
26457,0.81088394
94950,0.3810634
12334,0.7963106
45457,0.9325447
64557,0.41942787
20262,0.64016354
70110,0.3158163
64080,0.20519915
86951,0.0022223957
51259,0.22422944
57946,0.7985726
25304,0.8636987
108059,0.6465802
122654,0.24166651
25580,0.8848661
55959,0.9415701
96942,0.91061836
85720,0.0011506403
73141,0.40216085
81743,0.0013019162
99510,0.13200542
45436,0.5437662
95246,0.12607655
124603,0.40867633
33879,0.116873674
67271,0.24219249
78566,0.001163454
55445,0.8552938
115868,0.7556856
112980,0.8215561
31957,0.47694
93992,0.1498509
8924,0.4335203
54424,0.5591549
16210,0.14725094
113610,0.16047116
124586,0.8835817
39781,0.94252294
50536,0.8902129
124121,0.24286209
123607,0.81616807
45389,0.27032027
31126,0.46780592
74640,0.36336133
35882,0.9123695
85590,0.0013879606
83443,0.0017005346
62022,0.84278244
94683,0.27509627
81606,0.0012814618
84337,0.0015566369
37373,0.4759336
12845,0.39446643
88060,0.0010557605
98119,0.15370399
11962,0.14454408
47725,0.4885256
122112,0.1748661
8085,0.16194646
66650,0.113118656
122512,0.28086737
20784,0.4893221
24381,0.7211525
112229,0.8910953
52479,0.37519872
28843,0.31797415
59234,0.92549074
51533,0.67668575
107745,0.14311221
94905,0.285409
44500,0.5403498
104803,0.36437082
36158,0.50389504
71690,0.17510416
41178,0.9744359
8383,0.12210794
56423,0.7895041
100265,0.15540493
107512,0.16273083
95464,0.5652365
68740,0.09973355
79645,0.001795233
5316,0.9432613
11885,0.38364732
108495,0.76710427
20058,0.14719374
90761,0.0008591776
32347,0.9230389
92927,0.46298108
50739,0.102961674
76962,0.0002347642
82397,0.0013980803
47,0.75382245
80253,0.0010453559
93223,0.72058594
66197,0.12660356
15007,0.14925513
114921,0.76912457
113905,0.15434943
100566,0.47292963
33161,0.81146526
41571,0.9290357
67456,0.3391398
27425,0.53096396
69055,0.4637932
114100,0.17518541
43958,0.9282748
95824,0.1511775
7549,0.3847912
62221,0.7883308
108839,0.01410448
38870,0.957682
92976,0.8808837
18177,0.9770824
44426,0.9826492
117076,0.20965551
68748,0.110799134
14937,0.3988951
103381,0.29216394
13482,0.53277427
98261,0.6499342
43386,0.7843975
12104,0.6309003
2362,0.6437395
60272,0.68340623
20961,0.90103406
92540,0.6560307
36244,0.1998486
87702,0.001509888
88010,0.0019097906
48943,0.17744607
111258,0.10658534
67985,0.26586536
109272,0.011780912
5160,0.8696749
103086,0.11808264
121149,0.44929647
19068,0.65425265
616,0.860502
28877,0.6895806
16844,0.18289155
25667,0.76958
71904,0.5333274
55919,0.44588992
56501,0.9053052
32793,0.4337839
82324,0.0010325772
108401,0.35594
48997,0.9691374
24418,0.114462115
108527,0.51042396
76606,0.00033859638
81393,0.00096032687
84808,0.002943154
66298,0.2914848
68553,0.60779595
63419,0.5526669
85825,0.0008687613
113399,0.749782
41865,0.20173198
43847,0.76131964
54150,0.17316517
58974,0.9231129
60110,0.86351633
7341,0.826646
72868,0.10489795
94988,0.285409
80906,0.00093415804
108585,0.8517447
72213,0.0706314
30399,0.83867186
102072,0.33810353
12746,0.21642643
115547,0.29259703
122843,0.50980836
123694,0.19979517
121357,0.5374132
73855,0.35332602
28013,0.58297265
37252,0.9826751
55840,0.3409818
102079,0.35030797
81621,0.0009342204
52948,0.37833315
118218,0.42548674
17212,0.1624948
125016,0.30780515
60026,0.20837487
41479,0.9503759
53925,0.7326664
10066,0.75871074
67591,0.30468076
121650,0.41662577
52026,0.62546545
53127,0.8487858
26607,0.41486883
22417,0.9419432
71174,0.15905747
118818,0.60740227
93488,0.09044754
68418,0.10937855
27742,0.2787517
122553,0.17891283
6056,0.16792813
25353,0.36615416
30089,0.10972748
12611,0.6436583
55690,0.61685973
39775,0.9376962
20392,0.9303672
69895,0.12022889
69936,0.25372413
36068,0.8552644
81825,0.001373764
51049,0.122541256
104449,0.15245962
117118,0.620689
73056,0.90492123
23719,0.9806942
122118,0.55547976
120134,0.6842782
9297,0.49473372
72398,0.18549314
61925,0.8475367
16126,0.37507385
80988,0.0011863733
56473,0.85192144
42687,0.901189
37654,0.9712252
124426,0.42504534
107872,0.30920115
80816,0.0015734881
118456,0.66831017
9757,0.118498735
25235,0.33943966
51562,0.5096649
10396,0.7307625
11640,0.70846975
101214,0.08666675
21685,0.8848009
15600,0.71108085
12203,0.15838079
52601,0.23966956
75245,0.00016580147
75642,0.00014133424
63689,0.8778016
73125,0.24471809
109990,0.17122938
21837,0.7666042
23666,0.9559417
80280,0.00069285394
63402,0.73701483
26346,0.11992643
101671,0.7043173
123910,0.8915562
23536,0.9406865
49687,0.33502448
112025,0.4599186
52480,0.6613902
98604,0.11866545
5039,0.97381705
85898,0.0015216912
39283,0.97849053
121500,0.48117647
57346,0.26180542
79226,0.0011928305
50925,0.3125384
89435,0.0015451242
36023,0.5165388
32597,0.8751715
39548,0.9212107
42713,0.9766003
66441,0.60371315
59707,0.91937435
70304,0.1745953
31196,0.9659828
124969,0.5902947
9967,0.07879059
23012,0.5393303
18139,0.97205937
45936,0.9568714
58853,0.70363635
31117,0.13134262
73384,0.44532147
54589,0.72815067
234,0.7678167
104385,0.44928724
104975,0.2335059
93268,0.30604628
20015,0.95205617
93711,0.13554588
17619,0.8924689
103454,0.17924598
97861,0.16358611
84538,0.0011834353
44303,0.7870254
104990,0.5272868
95797,0.10701661
95424,0.39646822
20986,0.6856503
101789,0.37361124
15372,0.12067872
108664,0.18068558
14483,0.91206706
44548,0.9530999
124571,0.7625266
81338,0.0014368629
117104,0.13721487
32839,0.859528
69971,0.3782881
48514,0.79005617
6342,0.2624238
108938,0.11153075
27316,0.33381474
10590,0.12988383
99315,0.31252688
58973,0.92648786
31847,0.8017901
29404,0.26569957
38461,0.5677367
13905,0.37758023
63542,0.4846656
75575,0.00017183792
29452,0.12696187
54719,0.16043974
74549,0.9407779
8613,0.23687401
10052,0.33777827
112039,0.21010321
52791,0.36302608
47067,0.22457735
117315,0.08993016
102688,0.12971361
79522,0.0008634124
44219,0.8971397
30051,0.16870297
76882,0.00028479015
93245,0.78289783
25071,0.9504867
68415,0.17648408
80757,0.0008264198
58061,0.8569547
59868,0.9086434
117704,0.19295034
48815,0.906186
53362,0.83748007
70258,0.32899627
116173,0.8018671
75362,0.00022369708
114621,0.84706986
67893,0.29578352
35195,0.58905214
85485,0.0014961546
45285,0.8577654
84148,0.0011280166
99638,0.774575
13026,0.09014488
80779,0.0012340941
52418,0.3702402
118658,0.79335874
22644,0.5206104
40418,0.8197951
92187,0.4535655
41051,0.91897243
56402,0.91542745
43160,0.8043102
9552,0.172746
8134,0.7351442
105660,0.3656071
123019,0.3061092
5799,0.363261
38808,0.84768313
55806,0.90768254
108899,0.07406529
92955,0.78787655
79462,0.0009686074
58592,0.977971
105683,0.17536032
58591,0.97382414
25152,0.9682396
121867,0.87790024
57699,0.20481084
109888,0.011426997
96937,0.89802855
87360,0.0017338026
21882,0.7942877
42026,0.9398453
99492,0.15354787
123726,0.8385185
17048,0.1982971
72565,0.43890008
116396,0.16268526
61182,0.789444
47530,0.9189805
67108,0.22094509
116477,0.34382764
109394,0.067980275
37462,0.95731735
11008,0.13180593
38982,0.71625435
13446,0.133071
61117,0.9637127
100076,0.16349086
111261,0.14735197
5215,0.4084852
106142,0.4576848
13414,0.30559537
72948,0.7468792
65471,0.092270136
26972,0.7999336
102409,0.33199656
125069,0.65188456
1875,0.92357385
79168,0.0015883038
65512,0.2495293
28547,0.8354973
98857,0.3025586
68840,0.105724245
118843,0.70858157
46547,0.50877386
97795,0.28247648
86190,0.0011497578
109100,0.10970521
115731,0.41501644
76753,0.00034580135
39285,0.97408366
115956,0.7203513
33054,0.8698985
67349,0.21305522
60182,0.7896123
124471,0.7670289
32971,0.117645174
46353,0.454037
9677,0.6190285
39904,0.956031
7077,0.64383465
123229,0.8174439
73966,0.32521155
63200,0.8873271
2676,0.19064446
100379,0.47724771
23851,0.89005727
41738,0.22334586
89029,0.0014562295
49868,0.79599524
89232,0.0025728988
43268,0.7854896
99036,0.18033047
60482,0.77172446
65824,0.22496693
113220,0.45782918
61744,0.48142925
7749,0.12312814
21996,0.7085753
22947,0.96461505
14758,0.9690083
74164,0.09186312
65865,0.86331123
33325,0.10404291
9295,0.13088572
109948,0.1202833
97967,0.13950087
35438,0.92655283
110787,0.03254189
110770,0.033710875
117544,0.82444316
110269,0.19100244
72202,0.20831946
119361,0.88724595
54772,0.3026913
20941,0.4165367
19989,0.15340625
88732,0.001031397
91714,0.001136714
38456,0.5790172
36539,0.8839522
19501,0.8671765
107664,0.3468761
1065,0.32764775
28099,0.42650536
11448,0.23787957
28956,0.32061803
2466,0.7763147
52159,0.51847965
43475,0.85585725
63976,0.22823687
28556,0.3332068
52866,0.163453
9233,0.43131053
10290,0.5473306
12091,0.27173847
12021,0.09739019
74809,0.18087351
114965,0.70140547
10388,0.2793627
117928,0.35562932
51542,0.16854757
1001,0.9617203
89416,0.0017330659
33399,0.30529213
102888,0.36683494
41204,0.97935814
27435,0.50281304
2334,0.3955832
23466,0.14286484
75989,0.00015112261
33404,0.59111476
31347,0.8775663
30961,0.8989322
43359,0.8822387
42434,0.8158956
114779,0.8374941
28683,0.8008899
27494,0.18586236
71918,0.5359941
78417,0.00083903206
93562,0.24678464
9522,0.1966706
24788,0.20961283
15216,0.5539532
50644,0.4414813
109303,0.015225333
69955,0.46596316
109429,0.053252213
113587,0.3503104
86474,0.0010077697
35839,0.24737824
27426,0.49705026
31379,0.9250441
1314,0.87881565
7944,0.74941
16837,0.8182079
2780,0.18222769
101466,0.11199995
85411,0.0011719207
29224,0.7623075
45237,0.13809612
120671,0.3871121
87878,0.00072809757
64313,0.8115438
79365,0.00094297034
80632,0.0013061695
8699,0.21883821
9389,0.11306772
50186,0.22288442
100244,0.46205842
69992,0.1515193
32885,0.82175803
3773,0.28902617
119434,0.6330742
107299,0.83469915
87388,0.0010852271
109403,0.09786245
55723,0.21033178
113362,0.23722526
54818,0.52844936
113613,0.16787854
112331,0.41973916
55944,0.7863426
87759,0.0018448329
88166,0.0012076389
26378,0.8370354
27565,0.3922675
110689,0.030597048
60925,0.22967152
104178,0.4667368
107335,0.8429081
13481,0.14569631
2888,0.38198677
37329,0.9408539
38861,0.94595206
74180,0.26870865
52734,0.8127089
75494,0.00020414707
27170,0.15987886
27926,0.4525623
15929,0.90279686
52683,0.37601483
8514,0.40575752
70462,0.613162
51300,0.36359623
119602,0.16404806
59022,0.93667644
66586,0.1291719
88894,0.0024681005
46828,0.4427556
41025,0.57308215
89190,0.0016326957
109026,0.083233126
77700,0.00037096613
3348,0.30473736
93949,0.37161922
10571,0.11825038
44103,0.9632625
1109,0.8577654
25997,0.10694242
59890,0.93360895
104373,0.7113844
6544,0.12437007
46481,0.5252363
90136,0.0016852426
47786,0.9408218
79596,0.0012151848
54523,0.15880744
95340,0.32503396
18865,0.88961315
104444,0.31093156
95186,0.15052927
27415,0.826901
63846,0.24598883
96886,0.6305393
57638,0.21641622
33463,0.18771873
64192,0.1692025
77342,0.00039780844
15167,0.23468146
32395,0.9653593
7346,0.8090949
36499,0.6045254
10638,0.634001
58808,0.8393058
41367,0.5065638
100791,0.6195817
89791,0.0019357392
59586,0.9486434
117061,0.77937555
75729,0.00025450898
70657,0.2300535
99086,0.6513159
111711,0.52728486
23854,0.88049716
96271,0.18826611
80524,0.0011843126
101355,0.15883107
11771,0.65013355
7607,0.32270122
14614,0.8520547
78667,0.0011753114
44616,0.9613126
117275,0.17320015
109645,0.04322715
61850,0.90931755
44465,0.9873263
8141,0.15634415
21510,0.9219971
605,0.9102559
74231,0.34031284
118824,0.6547472
49794,0.84856725
113846,0.7418971
93647,0.2713324
98078,0.15120801
2371,0.82824504
46872,0.8942338
124943,0.7743403
30589,0.9224783
120617,0.2694693
121604,0.27239394
60221,0.50921506
118799,0.6151509
24290,0.88041556
38508,0.18173018
60897,0.38387084
115761,0.43169644
55057,0.16295867
39276,0.96941143
39866,0.9219009
28927,0.3369699
96366,0.4038448
42409,0.5390865
50044,0.23784363
46272,0.9665519
123521,0.71916646
30099,0.1302394
34450,0.96527684
111321,0.21816838
45556,0.33831906
102218,0.2770414
48562,0.9754969
47939,0.81568974
53636,0.068046
54225,0.33646998
61351,0.7823026
63309,0.845737
45125,0.5637845
49761,0.86181206
29565,0.7626129
36493,0.90619594
103243,0.61624146
100618,0.38975236
25657,0.6537858
38206,0.17018221
104690,0.3997202
88426,0.0016451933
111447,0.41927886
27721,0.17458309
9337,0.23421142
83799,0.0017294341
92564,0.49047983
11308,0.18377677
75756,0.00018008481
25386,0.93657666
38053,0.98233724
114270,0.17877145
106624,0.16624753
7268,0.11216502
103183,0.12218424
24661,0.8702931
50381,0.4893233
26845,0.9034121
19758,0.16782854
115142,0.36382174
73112,0.10815733
47619,0.94378805
85945,0.0015398104
54512,0.13313401
41160,0.97540843
42858,0.41592103
53260,0.23219283
90036,0.0028787914
49586,0.77216935
33581,0.5246536
94590,0.77478445
63144,0.8408194
86477,0.0012933052
28561,0.8840603
98365,0.21515812
40289,0.9433084
63768,0.5009343
21405,0.5008833
10228,0.11892651
15551,0.9654357
71216,0.14317007
18390,0.114462115
55194,0.29723036
3949,0.13342972
123052,0.22666752
7736,0.32629812
59768,0.79425406
7080,0.191763
15082,0.3490985
74349,0.39258233
11026,0.10727304
75332,0.00019943321
90219,0.0017230174
41135,0.95912105
115846,0.7327343
102977,0.04370548
3823,0.12846221
109633,0.044911683
103571,0.3337095
22781,0.6601968
30873,0.8657206
95596,0.31930867
1380,0.20139855
8756,0.10240896
106636,0.1687453
64599,0.3960381
22779,0.16779666
44098,0.9529845
79768,0.001634079
38470,0.30928203
75881,0.0003306873
14408,0.93214935
83928,0.0011001419
74938,0.9578148
30151,0.10972748
5363,0.45676193
45501,0.15720034
83513,0.0019699007
69173,0.22416036
94189,0.90895754
50349,0.37698328
13529,0.31724417
104048,0.16237995
20009,0.80542773
21775,0.75968933
63802,0.54661626
79940,0.00087608566
84125,0.001159507
110894,0.106743775
52421,0.29721522
95102,0.14778523
41379,0.16166426
82779,0.0011016667
47977,0.9081824
105222,0.2210628
11373,0.1042214
115679,0.7870615
14162,0.611812
99468,0.17070077
9583,0.23911807
123183,0.8257192
86503,0.0013534861
100012,0.13361979
1238,0.90587205
25099,0.6004835
102645,0.12892501
45224,0.30569983
52750,0.48131913
11657,0.3013427
51099,0.31434017
51160,0.14801525
19849,0.4498315
44528,0.9066635
111368,0.15767497
48409,0.9363497
26162,0.7585243
79248,0.0009806528
111131,0.14919157
95765,0.22040507
92216,0.10190447
46124,0.9091854
87660,0.0020696337
57416,0.3144332
50099,0.71827334
17121,0.52537936
108898,0.019315695
75999,0.00023186032
8035,0.4703468
76611,0.00031772407
6524,0.14002696
88349,0.0014183788
99743,0.1596945
98889,0.126404
72502,0.13315916
19341,0.80556625
116795,0.5544368
52518,0.37170312
82112,0.00090206624
82496,0.0011334977
69772,0.9362015
18357,0.11500093
32072,0.9254071
55465,0.894896
22885,0.8512558
54936,0.8753043
44195,0.8912235
82070,0.0009293589
63226,0.96193135
63563,0.9396419
102580,0.15372652
2749,0.08724978
17683,0.33375272
84272,0.0009770339
70150,0.2352131
59238,0.9297196
44796,0.81651044
57036,0.9466722
118925,0.23950891
71675,0.30994135
64507,0.98458683
27919,0.35539946
50976,0.4835554
83649,0.0016520212
108891,0.022438146
122466,0.52240926
33972,0.9655506
44584,0.9687557
38901,0.14501664
4771,0.42261115
59633,0.9769751
57642,0.85002565
124837,0.93350196
82178,0.0010202894
56628,0.20103526
95094,0.36092752
94801,0.2355815
39525,0.8685339
23364,0.3404376
60899,0.23545396
45396,0.74668735
124222,0.89466786
42013,0.8909315
101862,0.15907086
123357,0.4632187
71947,0.12251275
123748,0.22887847
72337,0.2543712
56353,0.84764886
67602,0.5678345
104441,0.25576666
16789,0.19534938
20507,0.13082586
107196,0.98076147
67778,0.09998511
56176,0.9283461
19122,0.6857008
61074,0.9217044
85891,0.0012304322
119589,0.14299372
58898,0.4877671
83677,0.0015311665
7255,0.29898095
19644,0.84784824
509,0.67753214
87427,0.0013159347
66212,0.1160437
82023,0.00145567
76472,0.00035325097
48243,0.96861815
26946,0.7517724
79670,0.0011854656
23556,0.94340277
39476,0.94183165
121816,0.65625715
65646,0.7843982
30580,0.8969326
53927,0.6946741
113511,0.47099027
25538,0.4089417
116245,0.85920495
41908,0.8836049
82179,0.0011570262
12368,0.32472754
105119,0.37057954
120129,0.18269587
78328,0.0014251126
26127,0.78121454
69920,0.34008443
90786,0.0010476545
46069,0.13701853
9503,0.15883002
37109,0.91332126
18421,0.18779203
8070,0.10581162
43762,0.32175115
87372,0.0019471165
29570,0.24958898
82155,0.0010616396
21081,0.2320495
80649,0.0008876417
61465,0.9330542
11942,0.1390177
108122,0.08690903
9214,0.4051244
104150,0.16716136
74832,0.25544292
18081,0.8947182
37934,0.8950219
11547,0.39624724
78526,0.004717507
45563,0.18247657
42587,0.9360773
117692,0.4146139
103756,0.36235547
70305,0.30928046
83627,0.001022021
66156,0.1692964
113607,0.15497395
30937,0.3264241
53246,0.9175789
71141,0.3333284
1289,0.4096833
62717,0.7733597
114890,0.25200543
103245,0.1867755
103729,0.18430129
69163,0.7296111
75920,0.0002829843
117565,0.3502254
18859,0.5523518
6320,0.4567282
117809,0.23053698
28854,0.20081961
123201,0.9315066
48724,0.96346736
102142,0.31672427
39455,0.76715314
30340,0.95523626
31615,0.5935973
8664,0.11532919
39236,0.87194484
70577,0.32105753
69685,0.93276674
124465,0.38300058
39956,0.4958428
25575,0.816072
76282,0.0002224401
96551,0.1275536
20398,0.9418827
53538,0.5173806
47137,0.8937484
45192,0.29379216
31855,0.8624009
19762,0.42655993
90139,0.0013617047
54997,0.35140464
12951,0.29690644
48001,0.14943969
114038,0.80602145
85508,0.0011884029
1993,0.60309386
88311,0.0020599323
110500,0.031194488
38930,0.28186655
60710,0.22394732
74642,0.2906418
69899,0.12238062
102123,0.27571097
73119,0.18169324
43545,0.79497486
9095,0.7052939
8542,0.8785281
65765,0.19888951
121509,0.854405
109961,0.021198856
74660,0.13661732
79028,0.0011070225
19431,0.79834837
95931,0.15170671
90090,0.0011127748
23269,0.90388453
20160,0.6791246
17334,0.7463146
78563,0.0007866376
109318,0.05642973
99669,0.32203653
17036,0.1401923
94856,0.26861998
101397,0.15788803
59353,0.85915613
75474,0.000207704
11974,0.363176
72233,0.12629919
114538,0.20079882
20338,0.92525315
76860,0.00037449005
15723,0.065477625
6876,0.79831535
115905,0.20025013
48790,0.85880834
24375,0.51623935
40760,0.7018183
33999,0.8893716
30619,0.97822124
35648,0.9635824
75803,0.00020816355
57380,0.5308442
939,0.56259525
99739,0.65216154
28492,0.35642713
57616,0.8845826
91854,0.110344075
6570,0.09310213
123491,0.4902935
66761,0.31030947
61399,0.786096
24694,0.9246164
38077,0.98455703
55680,0.25849578
22266,0.8496214
28016,0.35499954
29049,0.33146846
35541,0.95116335
51030,0.46795458
79465,0.0010393278
92219,0.099701725
67149,0.09166583
110850,0.25542736
85351,0.00095559214
1468,0.13817939
113035,0.33733946
49600,0.8397661
79481,0.0009524063
78833,0.0016835908
3633,0.25151274
30068,0.14527656
22132,0.9365959
9426,0.098298736
36569,0.9364649
26212,0.75671214
11806,0.12647429
94843,0.65164775
90248,0.0021875426
88120,0.0010917401
42644,0.825455
59916,0.4846982
106344,0.96587646
42813,0.16498682
106013,0.7267544
36134,0.95023954
6611,0.13995995
8131,0.32731313
97240,0.3740425
96362,0.21054769
32878,0.43416312
74357,0.29294837
107377,0.37060747
10020,0.80319333
56318,0.9325279
124227,0.92315197
13964,0.115405045
14025,0.9001657
15996,0.14925733
43118,0.11708335
20709,0.50447994
40750,0.75611985
105558,0.17237167
83535,0.0014629498
95106,0.12767796
74011,0.13383514
47232,0.1433294
60937,0.7931278
108931,0.03412258
89701,0.0013697611
84761,0.0010083359
123230,0.8186639
89882,0.0012312522
121045,0.87396884
81141,0.0012033954
52848,0.18194792
105892,0.7887243
2120,0.14288469
55692,0.35820934
44057,0.43541873
7261,0.8514169
7997,0.6296621
84989,0.0009480403
99349,0.142336
9819,0.9013193
35002,0.9128965
43027,0.8922223
112185,0.14246279
15592,0.975249
33641,0.44001418
33042,0.50001526
27159,0.7915085
16773,0.2659648
79982,0.0007778899
47084,0.75308806
2929,0.12240798
45521,0.19995026
162,0.9534953
46861,0.16674341
37124,0.91687757
58502,0.9102801
42040,0.9604114
116793,0.31912693
86295,0.0018656543
26068,0.17253365
3547,0.1376743
10027,0.7367324
113782,0.29306814
71892,0.33546415
5230,0.8095717
39407,0.90856373
59892,0.90896577
108651,0.05638794
104954,0.20260714
97601,0.31415138
57056,0.6004103
118970,0.7332834
27605,0.1207947
44226,0.9031462
43336,0.8886069
2876,0.070539065
109473,0.06965815
44073,0.9162598
76120,0.00015270645
96102,0.71765584
7537,0.3440034
53027,0.8866535
17761,0.17745213
93450,0.14875679
38553,0.37541535
49797,0.80357563
52744,0.36833748
18174,0.9775743
82056,0.0011467673
114722,0.6194908
20839,0.17600794
24230,0.87114114
76542,0.0003939645
121917,0.50826275
118953,0.8316374
20432,0.95571417
13921,0.38733461
30714,0.97681254
107154,0.9526012
24795,0.44422853
72601,0.15255198
83124,0.0010882895
98333,0.7808302
26274,0.39494285
36852,0.85363203
35318,0.37553886
113656,0.74341303
79775,0.0012318651
98946,0.17654923
83579,0.002295247
19202,0.8781901
101499,0.14743884
118163,0.7221194
96124,0.78004915
80501,0.0013786816
84059,0.0011392512
55932,0.32802784
5641,0.929967
2388,0.18379158
6026,0.10528806
124727,0.4678262
3435,0.552183
34906,0.53414404
45341,0.33349392
73935,0.16137604
57989,0.89663947
89481,0.0010606828
49561,0.39532527
7119,0.11394721
76958,0.00020614003
49499,0.3445715
53222,0.8658813
115524,0.838811
39258,0.96975225
34628,0.9472791
4816,0.72234046
95393,0.14850841
62631,0.70624995
108397,0.33133465
65446,0.87783915
92867,0.15903994
116373,0.7561734
78478,0.0011772498
67999,0.12296622
2130,0.67693806
29304,0.26776993
29502,0.6015242
91135,0.0011761934
101947,0.1405816
568,0.21948163
6168,0.11561512
42420,0.94695055
95862,0.78259
97020,0.82511073
114963,0.17073771
82020,0.001515738
98235,0.09144125
16086,0.73814887
116277,0.48249727
20548,0.6396455
96312,0.17995776
49228,0.830365
68382,0.5414466
92176,0.15888502
107393,0.33414397
3929,0.10299264
40958,0.9688043
56083,0.89737535
60196,0.5361114
97750,0.2889778
53754,0.68667614
65543,0.5378086
24316,0.9369941
833,0.9708275
93653,0.48981127
62877,0.77699953
86921,0.0011952394
43384,0.734876
51176,0.44077677
3551,0.11610238
45548,0.22588001
40173,0.9373824
19377,0.1741814
91344,0.005749118
65567,0.39322716
43944,0.58038247
3112,0.12942366
94969,0.61763144
120057,0.25615087
70118,0.13439889
114556,0.5210374
84614,0.0019267263
115226,0.69267374
79491,0.0008363445
108373,0.31478247
37168,0.96058387
114286,0.30890283
3766,0.20832145
100328,0.77901685
109659,0.039116807
64552,0.6928575
59686,0.85732144
63943,0.89350224
72443,0.279846
98263,0.7249628
121853,0.8245688
109666,0.035950016
19741,0.73496854
13867,0.3554383
122328,0.8606521
68214,0.17487818
115058,0.25196075
53647,0.1350472
96758,0.2189744
81612,0.0011564278
124650,0.92581767
2930,0.12569967
47502,0.9052061
38700,0.9262378
69985,0.1471062
107616,0.8204375
5853,0.31290364
37369,0.93906224
75779,0.00017402053
43673,0.43646228
85588,0.0011897553
123768,0.84952796
91022,0.0011243289
114440,0.48045623
43519,0.92474663
33522,0.4794129
66935,0.18799652
61512,0.51469904
44573,0.9528623
85526,0.0021712026
60555,0.91156316
104656,0.13404767
2896,0.26240376
19797,0.77884084
86595,0.0060992036
58814,0.84587276
13454,0.11987449
112454,0.66413206
17419,0.17292869
60381,0.80609226
11803,0.11833996
47125,0.23477279
120168,0.68118745
18893,0.14438868
124360,0.60718507
48645,0.9380237
103265,0.14759868
104989,0.49301693
41293,0.51929164
19412,0.40025064
36323,0.93387866
5623,0.9399073
67727,0.16038135
117371,0.805884
97635,0.24955878
11023,0.11591153
56116,0.9562082
68985,0.21809733
85856,0.00096125
77617,0.00020690169
34402,0.9514696
11560,0.6719185
95488,0.13741142
15713,0.12568054
65123,0.4108387
52088,0.9510837
14508,0.9599953
52603,0.5792347
24528,0.1394944
109275,0.04296001
89924,0.0015555634
98011,0.90677565
51575,0.5916665
61129,0.9503823
60353,0.8681777
104283,0.40192425
57241,0.8397343
98816,0.3056673
116987,0.40727478
116568,0.38303813
57971,0.8500694
80262,0.00089884416
51549,0.8598641
102350,0.273746
108142,0.42584792
80673,0.001338947
109763,0.011482563
102325,0.06768448
72325,0.5590092
9543,0.40900183
83274,0.0009779903
21143,0.36250612
111068,0.19285585
3272,0.6957207
21487,0.82873815
84139,0.0019261544
22392,0.9009672
55808,0.83683485
4593,0.7873923
76091,0.00015297197
50285,0.5139233
89317,0.0010958617
62165,0.91722834
25439,0.8868367
108411,0.16875902
116399,0.58708435
116799,0.8342217
8445,0.118830495
65695,0.40898705
98911,0.11826353
49175,0.16702539
31334,0.8630434
74650,0.6476563
100406,0.5505831
102535,0.60976094
42127,0.92493856
88141,0.0012293977
114449,0.4282512
79022,0.00082445855
95907,0.2671872
12264,0.4345234
103065,0.07348294
78476,0.001102527
2463,0.55166936
90322,0.0012196725
18255,0.98173815
77807,0.0003259674
68563,0.6173232
50198,0.1693866
47271,0.2176784
10292,0.46499178
28368,0.3063104
57276,0.8397343
31638,0.90515643
22619,0.80851483
100196,0.41456458
3730,0.15839979
100407,0.15911107
604,0.9008912
71666,0.7161893
113637,0.16912822
101375,0.4688108
295,0.12549458
55174,0.14728326
50683,0.16643032
32473,0.9474951
65560,0.7554665
32741,0.48757064
18745,0.52909225
30810,0.97833383
104746,0.364863
123311,0.78993464
114943,0.77910304
47968,0.8944204
50412,0.24757262
14733,0.96130896
33767,0.16545795
56115,0.9366982
25622,0.10971632
49545,0.66913
111917,0.16952999
120382,0.27939248
25055,0.9169863
13881,0.7676807
122762,0.21914566
61014,0.23087244
56048,0.53291744
73655,0.18526024
115918,0.3334723
69954,0.27999863
101140,0.20906222
30844,0.906031
71454,0.17856371
54970,0.7366486
22633,0.14656486
39280,0.97841793
55599,0.6952801
102593,0.11390605
22782,0.7497616
95541,0.18534358
125084,0.3860145
120739,0.79268
48742,0.5840182
40921,0.9637197
112508,0.2808831
53885,0.2963213
124258,0.8947233
107849,0.75811845
34011,0.15377967
7072,0.12571329
22361,0.96981937
79597,0.0013984224
98665,0.47675386
89115,0.0012312522
66672,0.27146915
105872,0.12731704
117148,0.20999937
61523,0.19589324
47581,0.5277761
14858,0.1353836
98481,0.12206189
25665,0.3298542
98864,0.19276601
67659,0.1208113
94499,0.23503558
40584,0.9231886
93103,0.7357623
43769,0.22311749
115256,0.35850185
68301,0.29740626
32785,0.28010386
83430,0.0011449918
72448,0.17338271
119175,0.22716089
120420,0.47406378
21220,0.11500093
63885,0.73589927
97625,0.6963972
106777,0.92943764
9074,0.15460321
17190,0.3189747
104436,0.36448234
48970,0.9539065
24287,0.42619595
39504,0.24068335
43196,0.8675815
101495,0.12858538
78975,0.0016448292
27416,0.85258263
48231,0.96344966
98764,0.113725774
86294,0.0014326478
23799,0.5493556
61778,0.7831042
113936,0.17015505
116192,0.88340396
49395,0.14650902
67807,0.7013968
42221,0.93469363
102725,0.767536
114737,0.21514194
20774,0.64244556
69491,0.1195343
42951,0.9660895
78898,0.0014051568
39634,0.5394872
31783,0.9632188
52529,0.4855288
8935,0.8652836
25007,0.65528136
35115,0.9720604
73062,0.8895052
103954,0.26735443
27046,0.14301479
77835,0.00029251375
97040,0.9051743
30840,0.649479
7177,0.13532557
25751,0.713963
85312,0.0012602468
6252,0.22542715
114867,0.6982619
78145,0.00024613168
61543,0.7577341
22796,0.73778033
19859,0.14153518
124736,0.16848925
68539,0.4136409
79075,0.0010033647
62828,0.76754737
116384,0.4602293
30318,0.77222353
15817,0.13628791
36824,0.8560405
46123,0.8843112
99784,0.19913623
37490,0.8075506
122130,0.55407166
16167,0.12170918
109313,0.014882974
103560,0.5103432
19760,0.14650902
91231,0.0016977127
76694,0.00021374076
64870,0.4220662
111514,0.28315824
43578,0.7276747
56774,0.9020386
54587,0.4415819
74113,0.42804855
54292,0.48886937
56784,0.27276367
52366,0.9106653
93095,0.23367351
88751,0.0011604014
58523,0.8891527
45106,0.9710301
74148,0.09186312
114367,0.7832388
117469,0.14148942
59390,0.871127
91259,0.0019331403
56088,0.94255793
23377,0.7584294
109880,0.020866243
39690,0.9440005
110405,0.017578974
112656,0.30005658
12641,0.30920023
76498,0.00029674286
76986,0.00049547123
101112,0.12573025
14029,0.9159813
110726,0.01605962
86934,0.0012183541
84199,0.0015765738
5154,0.85802704
