ID,TARGET
32933,0.012
32713,0.582
90799,0.004
30990,0.998
110120,0.05
64879,0.486
86700,0.0
32599,0.452
42504,0.984
30559,0.206
97930,0.72
41814,0.256
83325,0.0
104376,0.548
57754,0.968
90016,0.01
19652,0.9
62811,0.3
47551,0.944
11370,0.53
70550,0.426
49494,0.194
124132,0.698
30807,1.0
112804,0.246
70340,0.276
27515,0.344
74851,0.27
23773,0.16
1905,0.758
36533,0.558
85121,0.0
49630,0.434
120981,0.342
52205,0.46
89516,0.012
46859,0.214
95029,0.244
33309,0.434
36372,1.0
46642,0.888
77876,0.006
27967,0.274
63091,0.934
112046,0.488
100185,0.37
75328,0.016
119761,0.078
18970,0.166
93993,0.158
16516,0.456
111056,0.254
104819,0.152
1834,0.462
81597,0.0
21208,0.09
104115,0.62
60668,0.912
77085,0.0
31114,0.33
44601,0.996
39482,0.912
35622,0.998
105276,0.346
111644,0.164
19609,0.792
46831,0.476
67796,0.264
97497,0.956
43621,0.948
21305,0.384
31350,0.972
25638,0.324
39958,0.374
116905,0.234
63544,0.948
71318,0.148
119726,0.252
98813,0.312
66351,0.308
94473,0.284
113650,0.478
12016,0.13
114787,0.574
59160,0.888
76200,0.0
77519,0.0
53197,0.274
12077,0.314
112146,0.646
87227,0.002
71274,0.438
91319,0.014
27975,0.656
34909,0.962
70008,0.52
8719,0.266
12879,0.356
78498,0.004
117980,0.482
86705,0.002
45665,0.964
101761,0.802
106773,0.982
49470,0.552
76997,0.0
122677,0.832
51579,0.254
75429,0.0
7196,0.144
57834,0.96
18762,0.952
60024,0.286
91935,0.048
37195,1.0
45366,0.434
78321,0.0
31308,0.088
219,0.198
37532,0.978
93392,0.704
21536,0.918
54080,0.21
22147,0.942
89698,0.006
92849,0.28
4855,0.944
12988,0.244
75952,0.0
92039,0.08
36456,0.992
98659,0.198
108163,0.202
56935,0.982
60366,0.744
33317,0.52
63699,0.986
92138,0.466
58368,0.85
52166,0.382
61821,0.536
54413,0.342
107351,1.0
109938,0.082
62470,0.676
24453,0.054
116107,0.876
27751,0.568
53375,0.93
57102,0.564
44187,0.408
54241,0.668
51642,0.438
70917,0.778
84722,0.0
25283,0.832
89106,0.008
116544,0.492
64814,0.836
70345,0.412
65943,0.728
88437,0.002
34393,0.6
71405,0.258
22288,0.754
71863,0.258
102765,0.35
45463,0.85
28616,0.662
16888,0.19
3345,0.162
10439,0.054
7506,0.27
117131,0.332
50448,0.576
47119,0.274
40832,0.944
58634,0.994
4825,0.596
107712,0.514
106090,0.344
95974,0.146
18969,0.002
24427,0.048
83219,0.0
31307,0.322
27371,0.156
20212,0.416
22287,0.778
55792,0.966
124159,0.846
49055,0.97
34595,0.986
38653,0.998
11365,0.134
62740,0.836
51615,0.426
96456,0.106
17369,0.166
28545,0.658
123930,0.988
12249,0.818
46122,0.976
82569,0.0
25517,0.924
49118,0.432
12387,0.384
1451,0.268
46907,0.592
62122,0.986
62793,0.944
80038,0.004
112769,0.076
13833,0.342
117387,0.104
98295,0.938
117040,0.208
69156,0.368
108383,0.232
80162,0.004
90487,0.008
57007,0.958
122164,0.878
98934,0.476
22013,0.734
121276,0.388
121619,0.26
66475,0.434
7160,0.392
101439,0.696
114406,0.324
25628,0.182
81898,0.006
93667,0.69
87454,0.002
85894,0.002
35880,0.93
33368,0.354
56837,0.154
9759,0.552
8980,0.138
86473,0.002
118492,0.258
29785,0.166
4954,0.968
94226,0.986
25787,0.062
100373,0.182
116172,0.268
89868,0.008
89622,0.01
91351,0.004
77755,0.006
46760,0.312
7767,0.412
120572,0.308
29163,0.834
62600,0.562
93316,0.152
121961,0.536
96668,0.932
81910,0.0
68634,0.64
31080,0.424
109041,0.074
99814,0.252
112044,0.778
81866,0.0
55253,0.22
5213,1.0
95650,0.252
3744,0.194
19020,0.728
64387,0.914
3803,0.104
72598,0.544
106969,0.362
7535,0.462
59700,0.992
9414,0.838
107049,0.942
117550,0.3
30168,0.194
119586,0.708
87756,0.0
99601,0.926
86645,0.0
115488,0.96
101469,0.272
361,0.278
49542,0.844
79688,0.01
95116,0.068
86092,0.004
70365,0.84
85203,0.0
27182,0.478
52390,0.276
40108,0.946
78524,0.02
101801,0.348
120810,0.96
29048,0.806
107985,0.406
18056,0.838
6486,0.752
92567,0.522
71959,0.034
56836,0.118
115995,0.686
27472,0.122
97544,0.576
63071,0.252
118130,0.158
28409,0.076
100355,0.214
23544,0.5
41256,0.932
119245,0.092
5537,0.086
73118,0.128
56043,0.978
118876,0.732
87033,0.0
8049,0.774
100268,0.142
110317,0.362
109547,0.036
14730,0.816
94952,0.186
107556,0.994
40891,0.9
112923,0.324
68243,0.748
64292,0.436
90716,0.012
55756,0.942
69880,0.426
122207,0.524
13677,0.45
11216,0.912
125008,0.394
46094,0.542
82982,0.0
96309,0.664
50725,0.516
70310,0.186
111706,0.204
50762,0.704
45479,0.21
41741,0.072
112337,0.404
51054,0.258
54007,0.266
53753,0.814
35644,0.978
21693,0.73
1142,0.694
53739,0.426
61790,0.418
121504,0.89
53204,0.474
79840,0.002
60801,0.554
56861,0.336
35442,0.996
36072,0.724
103482,0.22
7974,0.268
53790,0.34
77715,0.002
115484,0.658
17041,0.638
63378,0.998
97278,0.29
28267,0.272
40230,0.976
109173,0.11
30535,1.0
20064,0.01
60385,0.944
62868,0.252
90501,0.008
5504,0.154
112133,0.518
29687,0.368
42269,0.062
29780,0.11
43616,0.502
124180,0.974
120552,0.31
70654,0.382
49378,0.486
120663,0.524
58320,0.97
48923,0.958
50730,0.29
20011,0.986
103250,0.336
106599,0.342
85603,0.038
13879,0.436
49518,0.764
89656,0.01
83574,0.01
105497,0.65
6987,0.182
84233,0.0
37940,0.978
116121,0.376
17611,0.454
63593,0.968
89672,0.008
52326,0.548
65186,0.474
33111,0.188
98338,0.158
55349,0.964
35493,0.982
19361,0.066
47730,0.214
68589,0.266
46582,0.982
14105,0.97
2674,0.114
25523,0.928
69380,0.436
73812,0.64
1257,0.798
94076,0.992
111332,0.162
33737,0.162
69521,0.326
18350,0.038
90474,0.01
75125,0.002
90553,0.006
69738,0.822
78157,0.016
87841,0.0
84421,0.004
118956,0.866
66108,0.452
119135,0.188
123338,0.968
23169,0.634
62890,0.212
106330,0.996
79920,0.0
48441,0.99
118596,0.576
47171,0.18
30142,0.024
108793,0.044
29796,0.13
56601,0.912
37741,0.994
28003,0.18
30370,1.0
75940,0.0
38785,0.68
39206,0.85
62448,0.992
55860,0.914
17220,0.132
86088,0.002
17776,0.496
95778,0.366
89588,0.016
91781,0.016
17760,0.486
17920,0.568
67039,0.252
121532,0.59
84684,0.008
21718,0.898
41684,0.826
12458,0.342
99714,0.778
80551,0.0
118910,0.212
115054,0.374
90147,0.002
102832,0.228
49861,0.79
43627,0.972
113624,0.298
6118,0.048
61625,0.078
121100,0.716
66348,0.396
83750,0.002
30688,1.0
99555,0.62
8992,0.062
70278,0.284
20202,0.382
57207,0.79
99445,0.226
48072,0.458
99147,0.804
48526,0.956
80771,0.0
39126,1.0
103101,0.276
64584,0.944
71277,0.444
116747,0.558
117253,0.248
67175,0.856
125077,0.372
108462,0.298
63786,0.606
19351,0.656
51654,0.198
13345,0.802
75155,0.002
81559,0.0
24801,0.586
40662,0.99
121463,0.522
119125,0.178
67044,0.244
45915,0.994
57103,0.604
122494,0.502
73528,0.436
29546,0.206
7158,0.698
23549,0.782
57075,0.988
110550,0.044
14148,0.956
17092,0.376
53106,0.988
58354,0.8
83571,0.0
51975,0.3
94593,0.142
85879,0.004
103485,0.302
108903,0.01
94779,0.06
98859,0.818
119143,0.298
68547,0.448
112899,0.302
113971,0.38
13130,0.366
101883,0.4
21136,0.566
49106,0.398
93419,0.216
5714,0.028
94810,0.424
124653,0.988
117031,0.162
14996,0.262
86877,0.0
60824,0.652
101195,0.62
84374,0.0
114510,0.394
6711,0.47
53930,0.388
22124,0.846
123509,0.602
98259,0.604
19570,0.942
121090,0.598
99486,0.908
59319,0.952
71306,0.418
81240,0.0
51787,0.652
65834,0.592
93986,0.084
82169,0.0
60575,0.934
86347,0.002
68719,0.044
26267,0.524
90004,0.032
4080,0.986
13606,0.54
84653,0.002
32832,0.93
39723,0.15
14591,0.474
67656,0.324
70134,0.402
48068,0.148
35474,0.702
21292,0.36
12825,0.354
28645,0.354
24485,0.09
110810,0.094
12364,0.254
91271,0.002
67338,0.176
92167,0.262
99563,0.23
39023,1.0
48901,0.94
72970,0.96
101352,0.306
4644,0.526
66872,0.44
33268,0.236
52733,0.5
51720,0.6
87972,0.006
81181,0.0
37712,0.592
29181,0.328
45861,0.94
20002,0.966
39060,0.996
59055,0.998
177,0.814
46584,0.778
104156,0.318
22539,0.094
22687,0.394
8126,0.368
38153,0.462
65721,0.45
121815,0.944
79315,0.002
109390,0.028
88471,0.004
18722,0.498
35229,0.974
12202,0.296
12587,0.25
8440,0.22
84249,0.0
18127,0.99
82809,0.002
88603,0.01
80781,0.0
107589,0.394
26223,0.392
51885,0.198
2637,0.076
121546,0.432
122798,0.508
110865,0.076
88722,0.006
25620,0.09
57295,0.924
86591,0.0
3036,0.642
84328,0.002
116020,0.518
63628,0.996
4532,0.878
115456,0.336
42405,0.886
81165,0.0
111767,0.25
13838,0.51
50232,0.826
13987,0.268
40085,0.998
49290,0.846
14209,0.912
27900,0.304
12134,0.426
124788,0.854
102547,0.124
59420,0.98
2394,0.062
117203,0.158
46086,0.326
96986,0.334
104254,0.306
34989,0.998
35956,0.998
90615,0.004
72038,0.074
32481,0.578
98428,0.526
30325,0.868
39585,0.98
17495,0.996
94574,0.572
101756,0.348
115162,0.098
53985,0.388
76336,0.0
31204,0.998
55914,0.544
52903,0.17
96674,0.902
112289,0.572
74018,0.208
59607,0.992
41344,0.946
71599,0.246
101668,0.386
9558,0.132
79623,0.0
36045,0.668
98802,0.158
49827,0.462
104537,0.442
55036,0.278
115232,0.946
70369,0.176
54527,0.108
14004,0.882
24677,0.83
82793,0.002
79107,0.004
88565,0.008
76189,0.0
101501,0.202
60039,0.21
52913,0.05
63202,0.99
25490,0.928
87408,0.0
67711,0.158
80974,0.002
119056,0.268
67444,0.524
38846,0.954
3629,0.364
117302,0.142
104691,0.296
81048,0.0
111854,0.552
7460,0.468
116026,0.88
101819,0.306
8133,0.866
9767,0.724
33845,0.828
45956,0.996
34594,0.96
106212,0.854
21796,0.182
14788,0.958
79157,0.0
117092,0.41
44108,1.0
91317,0.008
77674,0.002
104568,0.918
21313,0.38
19713,0.056
105226,0.298
53005,0.944
78294,0.002
106894,1.0
41324,0.806
40761,0.626
121332,0.232
50098,0.478
116619,0.416
112927,0.268
62843,0.172
54799,0.818
114413,0.226
35200,0.988
82709,0.0
96027,0.388
117811,0.43
69424,0.282
59214,0.976
92887,0.978
16641,0.88
87929,0.002
50977,0.548
102296,0.18
2050,0.94
124551,0.55
59301,0.814
121585,0.952
36990,1.0
13703,0.314
11090,0.192
50545,0.54
105281,0.32
83120,0.0
102282,0.336
76762,0.002
118477,0.306
83000,0.002
72656,0.278
68436,0.428
71208,0.294
48758,0.174
99542,0.37
55031,0.414
5901,0.054
67276,0.182
49673,0.842
116866,0.164
45997,0.938
112998,0.718
28244,0.274
85893,0.002
93027,0.998
103109,0.288
532,0.544
26788,0.864
114342,0.196
114322,0.844
12763,0.564
73177,0.348
31869,0.99
42666,0.988
105358,0.662
109623,0.026
46498,0.952
101165,0.594
13656,0.76
8955,0.216
124072,0.942
19490,0.944
123258,0.986
69099,0.334
64594,0.39
122459,0.474
13469,0.53
24132,0.114
93293,0.196
58122,0.87
24444,0.06
81916,0.0
105241,0.304
60431,0.622
247,0.3
92184,0.578
9958,0.064
77618,0.0
54361,0.458
98299,0.51
7190,0.69
5052,0.996
67495,0.472
10741,0.224
27965,0.394
106444,0.434
94641,0.29
52759,0.564
67035,0.4
42885,0.942
80693,0.002
93718,0.454
88791,0.016
475,0.298
43664,0.434
26496,0.912
118765,0.744
86573,0.002
91235,0.008
31862,0.672
106251,0.942
101449,0.228
116854,0.148
81355,0.0
27281,0.22
123344,0.576
82335,0.0
2105,0.156
26887,0.946
59904,0.916
110609,0.064
64041,0.192
100968,0.342
20972,0.84
29952,0.0
28285,0.172
16599,0.076
25460,0.862
65189,0.658
71927,0.148
49839,0.568
24701,0.942
48829,0.454
105214,0.552
105820,0.106
68285,0.526
98190,0.994
71225,0.414
122674,0.424
51483,0.318
109979,0.084
46791,0.194
38973,0.6
120089,0.344
75454,0.008
42516,0.984
110803,0.118
111495,0.112
102537,0.358
45514,0.106
87311,0.004
25438,0.89
5950,0.032
77385,0.006
92518,0.348
38399,0.976
115009,0.906
85021,0.002
24196,0.74
59318,0.972
121410,0.29
46307,1.0
103174,0.498
59406,0.942
55666,0.154
111847,0.17
59738,0.708
29882,0.092
75032,0.002
66437,0.41
118024,0.426
106742,0.39
5198,0.998
20091,0.0
36893,0.954
85647,0.0
51442,0.392
111343,0.312
52225,0.544
114283,0.534
30338,0.996
33181,0.258
117427,0.246
47325,0.462
109514,0.082
107855,0.884
45687,0.968
69272,0.656
84657,0.0
27345,0.346
115417,0.244
89251,0.008
91137,0.006
27641,0.114
79533,0.018
51385,0.446
123054,0.868
50797,0.218
64563,0.166
51216,0.332
124175,0.996
23573,0.98
79092,0.002
92054,0.066
77453,0.002
85259,0.0
1214,0.756
69223,0.138
50835,0.24
56492,0.982
51344,0.272
84408,0.012
99683,0.576
25501,0.934
14200,0.948
93315,0.158
71687,0.324
53351,0.984
61346,0.584
122027,0.922
17185,0.752
22274,0.74
69352,0.324
121892,0.494
110264,0.066
34291,0.434
66901,0.162
84927,0.0
116115,0.806
22301,0.81
55555,0.994
11652,0.512
48175,0.64
12569,0.636
18219,0.998
41347,0.954
36773,0.978
77183,0.0
8545,0.994
26273,0.636
88776,0.002
18910,0.022
28936,0.862
35394,0.264
73200,0.192
26429,0.574
112393,0.25
106635,0.28
100468,0.76
31086,0.894
91237,0.002
53499,0.802
43307,0.272
115974,0.35
97212,0.396
89468,0.008
85990,0.004
25873,0.708
33028,0.018
52142,0.238
10523,0.08
66842,0.25
96734,0.91
33390,0.746
124728,0.526
9802,0.264
6534,0.066
24044,0.154
46633,0.852
54605,0.228
9916,0.406
5325,0.35
15833,0.264
88847,0.002
24380,0.744
32663,0.99
50332,0.306
30029,0.738
51776,0.488
84310,0.0
55694,0.156
42278,0.154
16290,0.736
49111,0.246
109129,0.042
121653,0.89
2461,0.086
6589,0.664
102824,0.714
15111,0.294
6858,0.218
12839,0.802
119439,0.198
87160,0.002
120804,0.956
72188,0.404
9493,0.328
47864,0.39
10898,0.206
76280,0.0
29060,0.368
48722,0.976
6545,0.084
97182,0.136
9282,0.172
91033,0.01
2844,0.096
19772,0.386
59571,0.996
121036,0.388
52673,0.376
124296,0.98
46754,0.344
93080,1.0
48137,0.526
11658,0.418
122349,0.424
70881,0.414
28684,0.706
13293,0.12
41140,0.994
64325,0.782
111962,0.498
15636,0.934
46210,0.988
109141,0.094
108409,0.904
2918,0.056
86007,0.0
564,0.41
23336,0.72
4860,0.398
88049,0.004
23290,0.638
62834,0.778
9994,0.478
19489,0.972
4696,0.964
63397,0.848
71646,0.46
46636,0.9
103405,0.33
99096,0.58
91332,0.004
62463,0.974
49852,0.424
53766,0.546
63118,0.53
49178,0.784
38028,1.0
88777,0.008
115408,0.402
93295,0.436
61706,0.33
65032,0.486
125042,0.544
65509,0.37
63714,0.988
98496,0.186
54236,0.34
87222,0.0
79679,0.0
70392,0.238
38940,0.96
39837,0.518
25030,0.192
72046,0.032
37412,0.986
28951,0.458
115863,0.342
24149,0.8
45877,1.0
39396,0.934
120203,0.444
89538,0.012
59640,0.996
26310,0.324
56840,0.214
12455,0.09
36807,0.544
70832,0.386
27430,0.466
45129,0.972
34977,0.984
82795,0.0
38132,0.346
77579,0.0
93065,0.996
118840,0.44
20736,0.266
44868,0.99
91588,0.012
27193,0.714
98480,0.188
95310,0.046
17340,0.934
52656,0.348
84094,0.004
108289,0.44
4534,0.92
34193,0.984
72959,0.95
447,0.262
98924,0.028
382,0.306
93421,0.328
50912,0.472
42385,0.088
61458,0.966
17113,0.406
47246,0.362
116446,0.498
96264,0.316
35495,0.962
87699,0.002
89405,0.016
37636,0.996
27758,0.196
18073,0.954
123349,0.316
3871,0.174
13075,0.986
32141,0.918
14753,0.926
112441,0.484
110518,0.02
55394,0.538
23565,0.908
7559,0.254
46847,0.208
91212,0.01
119806,0.32
118417,0.818
38952,0.984
52267,0.752
53002,0.99
10770,0.27
118755,0.164
120312,0.32
563,0.46
60764,0.588
35246,0.998
59116,0.828
81409,0.002
109851,0.07
90897,0.002
12041,0.696
45365,0.824
66688,0.168
1394,0.414
83298,0.002
123203,0.998
75301,0.002
69306,0.208
80075,0.002
37506,0.982
6861,0.8
69298,0.472
12069,0.432
96922,0.766
19529,0.582
84303,0.0
78990,0.01
122415,0.332
1887,0.714
116600,0.716
113421,0.432
118514,0.174
119860,0.108
3923,0.378
100437,0.22
60874,0.926
96870,0.312
58382,0.828
94392,0.926
72716,0.822
73587,0.476
36654,1.0
113658,0.898
108846,0.066
100411,0.316
64312,0.48
112279,0.556
61994,0.918
76418,0.0
6595,0.736
3521,0.178
115888,0.54
68233,0.436
32815,0.858
83560,0.0
64251,0.922
35217,0.964
8788,0.296
76586,0.002
62750,0.406
26012,0.3
20127,0.01
85805,0.0
92992,0.984
105995,0.374
38734,0.868
66630,0.064
88977,0.008
42696,1.0
32619,0.96
79086,0.0
12616,0.314
35105,1.0
90513,0.01
18427,0.302
92702,0.46
4395,0.282
13236,0.26
18366,0.04
22787,0.766
49402,0.834
85697,0.002
103926,0.604
36190,0.684
34140,0.162
22758,0.176
81776,0.002
9205,0.876
37469,0.998
92341,0.3
85149,0.002
122202,0.482
30615,1.0
94500,0.496
60831,0.962
96381,0.214
120970,0.868
41652,0.95
77064,0.0
33064,0.982
58700,0.98
49754,0.754
119664,0.052
111780,0.296
1131,0.54
91376,0.064
120466,0.274
114300,0.71
82164,0.0
22219,0.926
85451,0.004
98250,0.112
62109,0.966
123355,0.568
88284,0.006
55173,0.218
25522,0.936
107909,0.46
100486,0.852
73562,0.366
122332,0.948
18795,0.402
4402,0.946
92091,0.25
60720,0.18
62316,0.958
95133,0.914
4646,0.814
28611,0.688
5313,0.97
53322,0.696
45762,0.182
19907,0.132
95431,0.35
33198,0.922
59824,0.888
53207,0.872
80765,0.0
99296,0.22
49539,0.432
69054,0.498
119732,0.25
64564,0.254
99948,0.294
48706,0.96
80192,0.0
100404,0.278
95618,0.56
109143,0.064
8591,0.972
56795,0.674
102754,0.142
118162,0.236
71607,0.838
16675,0.302
48556,0.832
99986,0.296
106628,0.32
98835,0.206
28921,0.876
23052,0.42
103508,0.276
61915,0.39
80194,0.0
2265,0.218
44825,0.844
118733,0.394
28118,0.342
43961,0.934
15683,0.276
101304,0.194
62867,0.354
114455,0.958
79908,0.006
89087,0.008
66027,0.43
114824,0.34
24690,0.914
51802,0.714
10708,0.406
91942,0.03
67229,0.622
82955,0.0
77727,0.0
91534,0.012
55714,0.474
59925,0.416
99475,0.05
12303,0.468
16982,0.524
12331,0.26
91067,0.002
103040,0.276
8416,0.09
71564,0.21
104644,0.606
88863,0.004
117760,0.186
38603,0.462
124525,0.81
49867,0.3
50294,0.326
66318,0.866
86636,0.002
6768,0.378
99970,0.296
62522,0.966
97067,0.412
23444,0.416
52755,0.714
56791,0.914
47571,0.268
83797,0.002
104785,0.236
8599,0.342
57506,0.58
19194,0.556
113307,0.166
95265,0.102
98787,0.156
83703,0.0
22912,0.856
67894,0.636
58134,0.284
124013,0.636
95034,0.168
50812,0.356
18854,0.432
117108,0.86
87762,0.006
5139,0.998
86845,0.0
63508,0.964
100051,0.3
101637,0.39
82115,0.0
82303,0.002
113468,0.928
105377,0.958
65004,0.93
11898,0.096
110130,0.02
22082,0.378
11736,0.148
97482,0.982
91169,0.006
111848,0.308
8692,0.348
97990,0.186
99961,0.51
1089,0.382
61005,0.276
43923,1.0
105028,0.19
112798,0.478
101534,0.69
58854,0.62
9002,0.326
50428,0.24
71517,0.326
44810,0.74
115786,0.22
40800,0.878
83337,0.0
81641,0.0
65652,0.366
124067,0.624
80246,0.004
90468,0.002
49108,0.56
109502,0.056
62227,0.98
14857,0.336
107840,0.518
106758,0.584
66134,0.678
44272,0.954
38699,0.994
33145,0.764
113500,0.192
76996,0.0
24456,0.056
38781,0.746
22875,0.504
58212,0.85
32812,0.736
51644,0.314
3458,0.478
125028,0.446
60756,0.914
10235,0.198
48249,0.988
30004,0.092
100552,0.232
28410,0.194
70763,0.406
105373,0.922
118023,0.14
60851,0.98
104683,0.638
125132,0.68
117965,0.094
106470,0.218
47227,0.234
90875,0.006
113864,0.664
43995,0.99
92605,0.136
106705,0.27
1581,0.454
77191,0.0
121658,0.94
91812,0.002
104701,0.238
23857,0.338
35777,0.99
34267,0.362
120753,0.302
40243,0.962
4049,0.354
97143,0.118
2080,0.27
107274,0.284
25500,0.934
87442,0.002
1128,0.482
118392,0.34
39796,0.97
22707,0.408
13494,0.456
47116,0.218
30948,0.96
64628,0.838
2440,0.446
41882,0.11
94433,0.474
79764,0.0
82002,0.0
34608,0.972
49482,0.268
3609,0.078
78070,0.002
122229,0.464
63691,0.986
116236,0.614
11822,0.074
86187,0.002
115219,0.294
38173,0.738
123649,0.646
68514,0.214
95225,0.564
61990,0.408
36280,0.184
50527,0.898
72780,0.2
36142,0.954
70566,0.416
95805,0.094
10683,0.186
70913,0.796
94252,1.0
89296,0.01
103207,0.26
98450,0.174
54835,0.106
115336,0.81
54017,0.222
54227,0.186
107977,0.24
64889,0.604
74491,0.378
15866,0.568
82114,0.0
50419,0.272
107207,0.946
48761,0.32
27948,0.712
92107,0.272
105955,0.942
70529,0.448
23942,0.206
46756,0.5
86664,0.0
52416,0.424
64925,0.422
88152,0.0
80049,0.002
83210,0.0
29139,0.99
35945,0.998
101160,0.686
36920,0.644
93782,0.952
79466,0.0
86033,0.0
14198,0.632
98876,0.152
96669,0.726
38420,0.274
67833,0.212
79910,0.008
73301,0.218
43085,0.124
26485,0.34
58802,0.856
87782,0.0
78180,0.0
87977,0.002
2922,0.394
45725,0.112
14734,0.914
34534,0.956
115528,0.944
81088,0.002
121985,0.634
16435,0.268
48775,0.648
58324,0.958
23789,0.664
30800,1.0
3285,0.838
108528,0.704
3720,0.256
55116,0.978
38860,1.0
92507,0.47
32343,0.956
59344,0.928
79195,0.006
113114,0.092
116749,0.792
98535,0.228
53469,0.996
56860,0.454
42067,0.998
99395,0.044
109073,0.122
63078,0.87
68054,0.406
7343,0.85
67527,0.962
21611,0.86
23139,0.324
81250,0.0
2214,0.448
39517,0.656
100354,0.262
41927,0.998
69785,0.768
103658,0.288
56020,0.966
15997,0.254
21333,0.44
54617,0.462
28263,0.338
10829,0.416
29248,0.59
121832,0.308
49912,0.246
63130,0.956
90596,0.006
15231,0.888
56740,0.58
3029,0.29
111669,0.252
106666,0.136
122628,0.66
108171,0.938
35791,0.902
45190,0.19
104451,0.168
92193,0.458
95121,0.848
88924,0.006
1504,0.788
32281,0.25
9289,0.056
108399,0.244
22800,0.418
67972,0.3
53194,0.564
117334,0.41
7061,0.444
41859,0.212
24751,0.374
84796,0.002
3953,0.312
49210,0.5
24291,0.88
42238,0.99
99682,0.52
19104,0.292
32929,0.272
31351,0.876
83565,0.0
65495,0.682
36855,0.798
63640,0.998
40531,1.0
65422,0.058
85493,0.006
76467,0.0
26801,0.916
85039,0.006
111752,0.888
95639,0.356
17746,0.322
50626,0.354
11350,0.404
87124,0.0
77224,0.0
22673,0.52
31157,0.076
80739,0.002
27173,0.352
87961,0.0
65317,0.982
84431,0.0
124151,0.528
7149,0.268
5991,0.038
73055,0.962
26682,0.982
120923,0.248
6448,0.1
40925,0.998
72376,0.422
122535,0.56
59295,0.814
6283,0.152
21747,0.876
20658,0.974
46499,0.976
96595,0.696
69611,0.75
109620,0.046
30831,0.868
26051,0.372
89773,0.004
11883,0.076
20336,0.99
78922,0.0
97840,0.074
14732,0.948
16144,0.444
33934,0.956
5074,1.0
4832,0.88
1096,0.392
29029,0.608
36315,0.908
97558,0.088
34000,0.986
64773,0.632
91424,0.004
33048,0.97
110625,0.016
20047,0.872
15609,0.876
17878,0.874
6331,0.628
502,0.544
84471,0.0
938,0.646
113312,0.046
87331,0.0
4574,0.942
80172,0.002
92735,0.202
85673,0.002
105853,0.308
97021,0.886
122178,0.764
112246,0.414
102203,0.38
68091,0.386
37477,0.922
63900,0.658
107170,0.962
18297,0.996
65572,0.754
5057,0.996
4182,0.496
72485,0.226
44582,0.988
606,0.798
102237,0.364
89137,0.004
98770,0.11
4857,0.928
45462,0.402
55590,0.486
18750,0.93
103407,0.224
24685,0.516
82000,0.0
117613,0.632
9814,0.17
49431,0.366
25195,0.96
99919,0.176
53379,0.944
65840,0.492
13932,0.324
27854,0.312
114646,0.83
98143,0.478
89688,0.012
69478,0.354
23447,0.188
16548,0.788
2070,0.288
101026,0.09
53119,0.994
3192,0.15
85487,0.0
117739,0.862
98045,0.068
87173,0.0
100535,0.228
9359,0.398
56520,0.448
22768,0.396
15767,0.142
42359,0.912
16637,0.82
13849,0.47
21781,0.83
73652,0.42
64666,0.486
69196,0.404
103604,0.186
11903,0.284
63680,0.34
45383,0.658
33470,0.28
117745,0.936
60560,0.984
51461,0.8
68597,0.362
88680,0.008
77124,0.0
88589,0.002
69756,0.84
45046,0.844
49596,0.762
34238,0.992
33453,0.658
72431,0.31
16076,0.386
116491,0.892
25582,0.092
39751,0.958
98544,0.34
88505,0.016
60845,0.994
5540,0.176
47338,0.372
122792,0.728
30198,0.308
123467,0.864
22483,0.416
90389,0.004
46505,0.938
114798,0.742
71206,0.334
100852,0.702
85707,0.0
25829,0.024
69328,0.322
65882,0.622
23959,0.416
63029,0.94
32124,0.98
43031,0.986
45296,0.948
50104,0.226
85218,0.0
19862,0.014
23079,0.156
21793,0.47
73311,0.222
22443,0.834
114183,0.368
5100,0.982
11932,0.13
78822,0.0
20664,0.996
87026,0.0
1498,0.788
98282,0.12
109456,0.02
21615,0.818
98316,0.682
46762,0.338
4913,0.988
123565,0.93
48907,0.864
73498,0.42
17127,0.84
54537,0.176
103516,0.74
83220,0.0
84598,0.0
35203,0.992
97166,0.076
97833,0.044
25894,0.126
28441,0.23
653,0.808
65818,0.508
91788,0.068
110350,0.22
68144,0.54
62101,0.94
69701,0.536
32235,0.966
107238,1.0
17946,0.998
39383,0.988
101870,0.19
111795,0.156
7936,0.464
396,0.78
15150,0.344
63746,0.96
96535,0.258
37799,0.986
43004,0.976
6370,0.452
107185,0.912
124135,0.632
123826,0.13
120535,0.416
26727,0.17
35052,0.994
114488,0.214
91437,0.012
74304,0.348
94748,0.396
18951,0.01
69301,0.366
38083,1.0
65430,0.014
72814,0.27
47976,0.95
32338,0.954
100303,0.272
83787,0.002
114260,0.938
36049,0.978
37234,1.0
56175,0.986
42949,0.992
36447,0.97
9596,0.566
82816,0.0
123942,1.0
62829,0.586
108434,0.504
37719,0.876
87234,0.0
30025,0.128
104671,0.5
62014,0.6
63204,0.968
44929,0.986
10278,0.206
60081,0.938
34317,0.124
12459,0.106
89914,0.014
90349,0.004
13183,0.512
65065,0.828
76598,0.004
120202,0.446
120879,0.19
55684,0.498
109548,0.018
24180,0.794
56974,0.542
80862,0.0
97513,0.978
90493,0.008
81280,0.0
33084,0.614
59719,0.98
106485,0.244
121895,0.8
95188,0.138
90767,0.004
55524,0.476
16043,0.424
81293,0.004
11228,0.126
10467,0.058
85516,0.0
8671,0.37
26941,0.772
73059,0.97
25676,0.418
43106,0.348
2366,0.872
117024,0.054
113534,0.212
34018,0.216
109742,0.014
106243,0.98
82734,0.002
75738,0.006
71707,0.25
91596,0.01
44813,0.364
8357,0.094
94786,0.116
60944,0.348
77315,0.002
47431,0.284
69788,0.758
61412,0.484
86875,0.002
78996,0.01
116784,0.67
121144,0.338
52481,0.46
103246,0.198
48063,0.124
38563,0.936
18909,0.02
78636,0.0
7687,0.3
41060,0.998
88531,0.008
118864,0.388
80415,0.01
97549,0.466
101127,0.354
114163,0.254
3064,0.946
63860,0.7
28993,0.494
124982,0.71
64935,0.258
72909,0.348
81574,0.002
77612,0.002
11906,0.342
102543,0.676
92667,0.34
56444,0.962
26109,0.222
121782,0.432
69158,0.83
44535,0.99
83954,0.002
75282,0.006
61510,0.866
77706,0.0
111750,0.778
121106,0.24
31935,0.968
46818,0.532
92034,0.052
54906,0.426
1908,0.704
12930,0.168
6652,0.102
116890,0.182
54164,0.432
43130,0.918
9428,0.268
14313,0.3
68521,0.134
25913,0.35
53416,0.932
120029,0.682
2469,0.188
62484,0.384
75907,0.0
12856,0.658
23403,0.584
81207,0.002
83732,0.016
2403,0.19
83208,0.002
45026,0.846
63121,0.424
112715,0.266
23580,0.966
90605,0.006
9442,0.188
123532,0.788
22410,0.838
25106,0.88
102101,0.226
97765,0.132
81118,0.0
32566,0.856
35851,0.938
72819,0.368
34997,1.0
10843,0.12
86754,0.0
1549,0.602
110551,0.142
33759,0.194
97127,0.404
91915,0.026
29894,0.116
26675,0.97
38931,0.952
100179,0.314
96865,0.498
51250,0.284
99856,0.126
43348,0.986
29625,0.672
106411,0.558
45177,0.114
4219,0.872
4864,0.75
37468,0.98
107475,0.174
113741,0.36
34353,0.24
86532,0.0
99226,0.136
16236,0.676
120399,0.148
37738,0.996
66891,0.334
10453,0.05
5471,0.824
15792,0.22
60701,0.998
82350,0.002
52064,0.654
103169,0.2
109993,0.086
39178,0.97
74158,0.18
103597,0.264
5709,0.272
79748,0.02
91931,0.036
122752,0.574
37257,0.998
101029,0.018
97028,0.822
31301,0.128
43556,0.936
28211,0.23
15824,0.292
97711,0.458
30205,0.188
72347,0.064
91411,0.002
123847,0.472
2526,0.358
72746,0.244
25072,0.91
46835,0.806
22517,0.126
24994,0.548
112865,0.304
23513,0.896
122190,0.962
14225,0.438
77984,0.008
30970,0.984
113105,0.436
77940,0.0
63831,0.398
104431,0.25
122971,0.352
97834,0.056
82497,0.0
85793,0.0
117617,0.858
16651,0.41
80239,0.006
24253,0.528
3908,0.794
10154,0.026
104320,0.786
98108,0.24
52663,0.432
83164,0.0
52714,0.574
8853,0.656
20042,0.53
14639,0.946
12084,0.52
45866,0.994
20654,0.982
66990,0.4
118239,0.134
551,0.45
38290,0.982
70447,0.484
119606,0.478
85448,0.034
5817,0.248
55900,0.398
124786,0.838
13549,0.154
36601,0.972
100034,0.02
54304,0.912
20484,0.624
22258,0.768
83302,0.0
111099,0.152
60880,0.938
105309,0.634
75160,0.006
115311,0.21
17873,0.984
113524,0.218
27120,0.596
49658,0.496
91764,0.142
123884,0.846
70247,0.346
36057,0.874
32388,0.992
6338,0.85
82334,0.0
31411,0.368
49791,0.878
76141,0.002
117900,0.798
36761,0.968
95757,0.352
15620,0.928
56015,0.456
19554,0.946
16594,0.766
63817,0.428
2925,0.232
55493,0.906
107279,0.464
108203,0.518
9614,0.802
93476,0.146
40026,0.346
15320,0.348
47678,0.924
110738,0.05
122825,0.984
89376,0.014
56952,0.986
37029,0.998
10104,0.862
25041,0.764
107234,1.0
51824,0.782
93471,0.446
19672,0.9
108711,0.072
111274,0.412
20223,0.594
17351,0.668
88200,0.0
95166,0.082
58498,0.954
49616,0.826
47281,0.538
35120,0.998
51687,0.526
36677,0.91
31606,0.954
101106,0.722
19304,0.142
5064,0.996
43134,0.936
47737,0.652
48513,0.884
12121,0.33
93678,0.526
54025,0.606
83069,0.008
17479,0.982
49669,0.332
88304,0.0
69276,0.782
66075,0.472
36032,0.826
103668,0.324
99286,0.174
95475,0.76
91422,0.008
39309,0.462
10561,0.014
27963,0.782
110233,0.034
23373,0.256
90288,0.01
26240,0.198
53287,0.358
76699,0.002
120596,0.558
91409,0.006
42921,0.95
89168,0.01
120354,0.416
20353,0.952
99268,0.188
123315,0.494
61669,0.12
59570,1.0
88663,0.008
59595,1.0
92850,0.334
65871,0.866
119685,0.72
52022,0.382
73366,0.252
116483,0.846
100892,0.912
34567,0.854
31333,0.308
66167,0.784
75479,0.0
61813,0.868
119253,0.2
54626,0.67
29522,0.284
124896,0.448
76059,0.0
40987,0.992
97755,0.156
937,0.802
62493,0.964
49744,0.252
82792,0.002
34472,0.448
53543,0.238
47494,0.88
70689,0.746
55107,0.908
6958,0.394
48338,0.63
76078,0.0
10505,0.384
24550,0.106
57169,0.694
30530,0.996
98942,0.12
33066,0.994
93206,0.204
105371,0.816
25182,0.932
56484,0.422
72587,0.226
97144,0.682
107410,0.358
61073,0.924
76246,0.002
3847,0.304
21656,0.77
120772,0.226
18322,0.008
47705,0.488
8267,0.488
19736,0.19
22496,0.846
60224,0.438
96306,0.308
14707,0.876
77780,0.0
44104,0.974
106536,0.46
40381,0.96
60213,0.15
20350,0.47
24136,0.132
39794,0.972
78037,0.0
104304,0.218
87205,0.002
46080,0.486
104167,0.414
77377,0.006
34121,0.82
112689,0.668
121128,0.48
71293,0.346
69064,0.638
108391,0.252
29799,0.374
14451,0.872
39058,1.0
31396,0.99
68353,0.238
70343,0.302
45980,0.53
77217,0.0
93968,0.438
74520,0.134
11459,0.072
33976,0.988
98311,0.492
76012,0.002
107500,0.358
66716,0.436
99849,0.254
120380,0.332
53712,0.154
81041,0.0
103561,0.484
13965,0.07
29326,0.764
2849,0.27
107889,0.47
100790,0.284
12014,0.174
62198,0.938
114759,0.348
20755,0.376
106845,0.998
112726,0.412
98184,0.984
111885,0.052
72862,0.316
20246,0.644
77356,0.0
72512,0.836
55199,0.844
107252,1.0
29750,0.694
9259,0.128
49279,0.512
79310,0.004
24709,0.912
2600,0.454
19581,0.482
103203,0.518
18883,0.488
71598,0.472
24691,0.936
35315,0.484
56370,0.744
54128,0.536
64103,0.148
102414,0.456
59834,0.966
104393,0.624
56124,0.998
13514,0.918
68451,0.36
97615,0.252
111863,0.29
73624,0.394
17107,0.34
68863,0.05
25993,0.074
102962,0.188
30769,0.998
74828,0.486
52633,0.348
21070,0.184
9839,0.228
11361,0.194
48271,0.156
70583,0.26
100783,0.368
27647,0.49
96213,0.248
17571,0.334
98185,0.996
83336,0.002
81009,0.004
111219,0.3
719,0.686
32519,0.098
110736,0.042
39608,0.998
65257,0.126
64403,0.896
119904,0.236
108478,0.294
99554,0.244
112310,0.358
48081,0.218
51404,0.198
56729,0.806
12066,0.424
4840,0.928
81783,0.0
124820,0.568
111221,0.452
118794,0.414
67344,0.332
91297,0.016
123889,0.928
110910,0.042
114114,0.292
53086,0.972
51220,0.19
71741,0.864
53656,0.792
21787,0.276
89766,0.0
111032,0.068
52928,0.358
57815,0.966
114044,0.178
7455,0.282
13874,0.278
70454,0.314
107549,0.996
38159,0.962
26318,0.304
116157,0.352
66884,0.146
94409,0.46
66892,0.428
28930,0.912
1964,0.348
13150,0.414
85736,0.0
55214,0.406
93429,0.416
77588,0.0
89783,0.0
71842,0.166
58555,0.992
32357,0.996
17153,0.166
35185,0.434
56070,1.0
90134,0.004
87924,0.002
93222,0.916
23530,0.918
50056,0.644
116685,0.752
1281,0.792
123057,0.844
113119,0.246
25946,0.254
15466,0.928
71925,0.066
99880,0.184
24111,0.098
58792,0.856
67005,0.41
7180,0.484
64319,0.838
105996,0.366
78003,0.0
123151,0.514
25918,0.674
98212,0.538
7073,0.268
119430,0.3
91018,0.004
72850,0.162
4882,0.94
12593,0.318
94146,0.986
76572,0.006
31361,0.476
46501,0.986
98101,0.058
53206,0.732
63562,0.99
17835,0.684
14949,0.324
65790,0.672
23626,0.892
56463,0.82
69084,0.276
65556,0.45
52161,0.21
94568,0.416
31912,0.1
72129,0.194
26087,0.488
20884,0.362
61964,0.944
19996,0.486
90869,0.002
113908,0.152
40276,0.638
57553,0.946
61411,0.688
19205,0.716
108836,0.082
24118,0.088
65219,0.13
81692,0.0
32467,0.996
42991,0.992
88786,0.01
106906,1.0
24958,0.476
112462,0.13
77264,0.024
32922,0.648
103379,0.43
108897,0.128
25496,0.912
16847,0.844
31098,0.244
83922,0.0
90120,0.018
110287,0.104
35197,0.958
2205,0.89
95735,0.384
2373,0.84
95577,0.382
114280,0.806
29487,0.776
108935,0.068
70710,0.322
56845,0.126
53879,0.138
87280,0.004
6531,0.082
109230,0.204
26477,0.08
100964,0.474
51690,0.28
101351,0.238
29253,0.392
91219,0.008
105867,0.268
97086,0.28
96939,0.95
91037,0.012
87220,0.0
18478,0.182
101573,0.334
29991,0.006
105657,0.386
54733,0.592
64567,0.166
80700,0.006
100320,0.514
7772,0.41
24985,0.406
121931,0.092
29019,0.204
69316,0.37
24901,0.094
30186,0.382
80329,0.006
111408,0.2
69544,0.19
73857,0.398
112957,0.186
10526,0.132
71605,0.202
53537,0.292
9728,0.088
86073,0.006
1564,0.6
101684,0.234
87864,0.004
62438,0.954
70289,0.314
86844,0.0
76194,0.0
92911,0.998
2158,0.356
57967,0.936
108734,0.038
12130,0.22
83970,0.006
58655,0.996
102696,0.15
77981,0.0
61955,0.436
5190,0.996
91562,0.02
49891,0.538
78254,0.0
34829,0.342
89290,0.006
44889,1.0
122131,0.776
19227,0.892
47521,0.886
73145,0.854
20647,0.954
58250,0.994
88431,0.002
111369,0.1
42574,0.92
30313,0.376
18539,0.236
110372,0.05
84011,0.0
1227,0.744
101216,0.242
66236,0.232
121723,0.826
116556,0.852
31190,0.948
95563,0.152
84247,0.0
22682,0.42
10482,0.418
31193,0.994
81212,0.002
60343,0.356
24596,0.112
24950,0.82
65452,0.504
110645,0.062
38716,0.538
2392,0.332
43002,0.522
99109,0.448
52010,0.5
84420,0.0
54686,0.972
103996,0.272
47223,0.502
87814,0.0
81601,0.0
102528,0.678
38770,0.956
78956,0.0
36306,0.98
119622,0.834
21800,0.2
67995,0.366
103971,0.35
72254,0.322
86814,0.0
29185,0.292
105406,0.994
104696,0.786
102273,0.16
67457,0.242
38638,0.936
122215,0.17
41519,0.954
67773,0.736
104083,0.124
114487,0.128
30301,0.998
113836,0.312
39176,0.934
59618,0.988
109581,0.036
33841,0.376
41317,0.928
26715,0.614
54401,0.504
49856,0.468
43522,0.996
122117,0.674
9880,0.18
114166,0.132
87028,0.002
38640,0.998
49705,0.882
68106,0.318
45482,0.67
32273,0.32
91028,0.004
109427,0.042
13885,0.328
35739,0.998
51978,0.264
120900,0.444
117735,0.516
23114,0.444
18149,0.994
7753,0.316
43274,0.968
100153,0.238
106193,0.934
14661,0.438
39318,0.394
89404,0.014
40981,1.0
24010,0.252
98702,0.172
106008,0.534
79984,0.0
67806,0.3
69219,0.142
61789,0.334
91826,0.026
88018,0.0
19615,0.896
107158,0.962
38654,0.99
15859,0.57
35861,0.992
19282,0.866
7155,0.276
98040,0.036
112937,0.402
103350,0.234
25908,0.472
21236,0.078
68115,0.8
18647,0.36
49405,0.832
41830,0.242
100728,0.24
30156,0.036
64389,0.818
80476,0.0
82443,0.0
3070,0.846
17312,0.268
53626,0.168
105716,0.366
83019,0.0
51770,0.394
70175,0.42
40547,0.988
56148,0.742
46046,0.192
9283,0.142
85970,0.0
60811,0.972
11595,0.17
98987,0.204
78590,0.002
109808,0.106
95770,0.3
80294,0.02
99140,0.69
9057,0.226
85344,0.026
3934,0.16
72812,0.324
71812,0.15
93466,0.348
100521,0.136
103890,0.49
102173,0.73
13229,0.338
112312,0.406
80388,0.0
95726,0.336
356,0.37
7826,0.066
104580,0.384
123829,0.182
116646,0.606
112947,0.328
39423,0.99
34007,0.362
7880,0.114
60054,0.908
91064,0.008
115607,0.61
75013,0.004
1719,0.382
65850,0.818
56152,0.928
48020,0.294
35816,0.992
10348,0.542
45836,0.304
119341,0.948
37418,0.992
104820,0.558
51207,0.526
69585,0.732
29453,0.764
87391,0.0
30054,0.114
105568,0.272
50329,0.284
75110,0.002
108281,0.316
53940,0.55
23434,0.304
82557,0.0
6021,0.124
66383,0.292
6767,0.46
27744,0.224
49837,0.338
61583,0.958
46772,0.168
38276,0.984
4674,0.924
67837,0.724
120511,0.808
69823,0.448
68422,0.298
11317,0.766
22992,0.58
15046,0.266
21039,0.88
26403,0.568
9421,0.258
39428,0.362
39217,0.986
45145,0.128
79983,0.004
64703,0.904
27983,0.73
62616,0.926
119549,0.472
86659,0.0
101138,0.386
41665,0.206
15211,0.404
83761,0.0
58391,0.788
43512,0.984
6033,0.054
72364,0.35
111728,0.798
46863,0.416
32770,0.76
24741,0.924
110333,0.06
58081,0.908
79453,0.0
81524,0.0
111516,0.362
98848,0.15
49342,0.92
7721,0.366
36846,0.848
101036,0.21
60806,0.896
54216,0.316
110942,0.076
22536,0.088
4967,0.996
103403,0.196
82870,0.002
114330,0.484
74758,0.226
14965,0.188
37407,0.938
36721,0.972
101502,0.456
47779,0.888
16128,0.474
6068,0.334
67649,0.256
101579,0.344
98977,0.428
32127,0.996
73182,0.314
119320,0.874
77910,0.004
77507,0.0
68381,0.412
76207,0.0
109044,0.13
114295,0.4
65192,0.604
80508,0.0
113884,0.426
24479,0.098
124938,0.762
65126,0.766
115000,0.672
17141,0.086
99167,0.5
43316,0.952
110343,0.054
1469,0.566
924,0.702
63349,0.442
2117,0.39
7356,0.732
92290,0.738
103247,0.248
63934,0.376
98241,0.034
66915,0.342
86568,0.0
72694,0.374
106805,0.974
36578,0.992
22940,0.916
121349,0.512
17958,0.972
84323,0.006
104846,0.364
82867,0.0
114792,0.908
121095,0.204
73297,0.376
77913,0.0
108433,0.474
36124,0.72
77732,0.004
60001,0.306
12959,0.246
31952,0.994
68557,0.41
68938,0.04
109956,0.094
87750,0.0
9141,0.77
81622,0.0
93454,0.184
10007,0.078
16864,0.354
106665,0.134
84833,0.0
90427,0.008
107023,0.976
56289,0.794
91281,0.01
43617,0.932
94002,0.808
25485,0.824
114820,0.288
23414,0.21
74130,0.03
6735,0.41
6049,0.23
51489,0.506
123272,0.992
16472,0.794
77976,0.0
2546,0.068
109556,0.046
122976,0.426
38102,0.99
93922,0.24
95760,0.406
84926,0.002
71677,0.462
35876,0.744
77667,0.002
63312,0.902
110995,0.102
80696,0.002
39241,0.974
117901,0.896
2948,0.574
81156,0.002
114258,0.756
104860,0.264
84352,0.002
61221,0.306
44599,0.984
113369,0.066
47413,0.284
10873,0.284
108910,0.022
26455,0.938
120266,0.864
4555,0.316
23036,0.904
65215,0.942
18220,0.986
68594,0.406
103934,0.33
23787,0.374
245,0.238
4428,0.95
22430,0.81
116597,0.474
125160,0.85
86829,0.006
54750,0.448
119502,0.394
30175,0.338
44626,0.876
94739,0.12
86450,0.002
47904,0.408
84234,0.0
12108,0.34
102143,0.238
70451,0.414
31284,0.056
122993,0.246
53059,0.92
105572,0.194
88955,0.016
67988,0.186
64744,0.346
120710,0.484
39827,0.106
115540,0.108
23508,0.498
78572,0.0
59387,0.486
120111,0.154
16757,0.804
71027,0.68
82606,0.0
9024,0.04
5256,0.988
74990,0.004
86661,0.002
116849,0.32
105113,0.442
55265,0.936
46615,0.932
13125,0.996
78225,0.006
99093,0.712
5644,0.248
112436,0.508
93389,0.84
12704,0.688
100001,0.248
59037,0.99
103547,0.532
28090,0.368
33631,0.152
16854,0.314
40143,0.462
104149,0.206
92331,0.542
67848,0.28
24189,0.742
53563,0.132
118474,0.212
117036,0.152
85812,0.0
94844,0.096
74923,0.66
113973,0.434
11650,0.264
31207,0.998
18021,0.488
113670,0.364
43628,0.978
1052,0.798
116802,0.812
283,0.5
117391,0.292
23072,0.356
25651,0.048
41370,0.052
50102,0.498
18453,0.25
62486,0.922
33439,0.222
1734,0.334
77214,0.0
7176,0.036
36741,0.996
19808,0.164
69513,0.35
44663,0.958
39920,0.71
54075,0.164
10755,0.238
96414,0.21
27354,0.21
28115,0.788
87940,0.004
12830,0.366
75953,0.002
47761,0.656
85501,0.014
79631,0.0
80381,0.004
113996,0.124
64189,0.33
8359,0.184
28068,0.758
75381,0.006
85144,0.002
60872,0.582
119915,0.314
60326,0.576
89704,0.0
68604,0.142
98286,0.444
6085,0.708
37867,0.938
85033,0.0
106837,0.994
66599,0.308
16283,0.756
17431,0.374
37615,0.626
96824,0.34
41492,1.0
17067,0.078
103338,0.188
122877,0.788
119647,0.17
74962,0.004
88118,0.002
33884,0.026
113951,0.358
18278,1.0
103674,0.664
31983,0.086
84013,0.0
44128,0.986
55225,0.444
35100,0.978
83366,0.0
117395,0.314
20468,0.444
52862,0.404
28842,0.306
65706,0.124
8469,0.338
85156,0.002
58461,0.904
33676,0.564
55381,0.936
9157,0.856
29031,0.468
90469,0.01
118384,0.798
3210,0.304
36231,0.696
104694,0.394
9536,0.42
100484,0.412
110731,0.308
94352,0.268
73238,0.184
119786,0.29
57957,0.93
69179,0.184
95254,0.14
117308,0.806
82126,0.0
47214,0.188
75982,0.006
102552,0.728
103662,0.416
75855,0.002
1426,0.49
87211,0.002
120279,0.834
38237,0.982
120822,0.262
92539,0.62
10977,0.25
22326,0.814
40719,0.974
91666,0.01
8683,0.22
27631,0.132
62719,0.848
16666,0.09
90104,0.002
41149,0.974
7458,0.76
89934,0.002
61442,0.506
45884,0.994
45141,0.348
7104,0.144
99271,0.32
93887,0.206
1516,0.748
86427,0.0
49870,0.756
102164,0.74
25950,0.196
113257,0.13
74933,1.0
62959,0.906
68901,0.564
112531,0.402
45655,0.43
29908,0.018
70708,0.308
21369,0.876
31488,0.996
52340,0.662
81592,0.0
124387,0.48
49530,0.282
70461,0.33
20989,0.778
14898,0.478
78394,0.0
43576,0.64
83323,0.0
86996,0.0
82527,0.0
115139,0.874
26623,0.708
2788,0.114
29471,0.35
72723,0.916
73714,0.084
18462,0.512
87040,0.0
58653,1.0
110230,0.09
117763,0.44
114437,0.928
59186,0.916
10102,0.254
69770,0.85
6046,0.246
38209,0.594
25870,0.22
23168,0.35
58367,0.578
66810,0.228
86819,0.0
118374,0.256
104875,0.112
61654,0.352
44694,0.284
78161,0.0
33655,0.204
58715,0.99
88135,0.0
6388,0.278
102731,0.166
97487,0.984
81292,0.0
48438,0.994
15270,0.262
92289,0.352
93499,0.532
80973,0.0
52377,0.8
41426,0.586
1505,0.678
18228,0.998
66206,0.332
36283,0.414
112932,0.316
16040,0.228
89537,0.01
54943,0.964
108780,0.136
80731,0.0
27887,0.102
48543,0.946
84061,0.0
14571,0.952
119538,0.414
36690,0.966
85595,0.002
42875,0.912
111386,0.062
51447,0.65
109144,0.03
9151,0.404
44410,0.998
38476,0.276
74603,0.802
116453,0.452
25448,0.866
70268,0.48
101128,0.798
82434,0.0
17997,0.292
36376,0.992
107088,0.988
31905,0.526
118412,0.594
5656,0.36
52201,0.448
55351,0.932
66291,0.502
30515,1.0
44022,0.972
122546,0.444
59484,0.986
122432,0.396
41197,1.0
69683,0.736
111294,0.06
40759,0.834
76609,0.0
114379,0.138
67239,0.466
1382,0.536
38853,0.892
1744,0.384
7894,0.332
54368,0.47
35127,1.0
34031,0.032
107892,0.61
3329,0.152
97548,0.218
120891,0.868
76541,0.0
50027,0.336
12543,0.326
102251,0.096
91356,0.018
87512,0.004
21588,0.886
18103,0.974
87525,0.002
112478,0.502
15987,0.252
81303,0.004
6188,0.402
2391,0.116
57077,0.99
70963,0.19
100680,0.688
106535,0.492
101385,0.436
93517,0.362
38633,0.95
89547,0.002
118152,0.432
23999,0.282
76384,0.002
10537,0.102
42745,0.588
48366,0.892
99245,0.332
70890,0.612
18975,0.016
30380,0.998
38344,0.508
108220,0.96
74984,0.0
15233,0.922
61024,0.296
39350,0.968
55170,0.232
44812,0.756
11252,0.41
506,0.296
65748,0.378
5807,0.592
49288,0.446
7127,0.196
28579,0.682
111549,0.054
70280,0.394
100850,0.33
31785,1.0
66568,0.022
32184,1.0
107447,0.36
18138,0.986
23943,0.736
91415,0.002
78224,0.0
37002,0.55
116740,0.162
18763,0.918
123788,0.356
83172,0.002
42285,0.094
45662,0.392
47544,0.944
37357,0.454
62715,0.858
31827,0.906
75228,0.008
74396,0.278
18393,0.024
32375,0.984
6080,0.302
82360,0.0
100380,0.208
25789,0.038
120853,0.29
6875,0.836
8363,0.264
96209,0.388
53008,0.968
78497,0.0
88726,0.006
120867,0.748
3870,0.238
95842,0.364
46585,0.948
11041,0.084
97426,0.978
53018,0.986
47680,0.364
2854,0.176
32931,0.094
9954,0.05
81433,0.0
74749,0.226
41689,0.932
71634,0.186
78346,0.0
53292,0.876
72026,0.326
40746,0.59
50107,0.272
80430,0.0
104063,0.234
64582,0.108
53475,0.524
18579,0.148
40033,0.548
79898,0.0
32530,0.108
120968,0.858
69603,0.848
53508,0.908
64492,0.996
48475,0.922
78781,0.006
61358,0.984
62703,0.474
124886,0.942
100629,0.228
122796,0.346
5726,0.31
11467,0.144
32358,1.0
114825,0.424
14995,0.154
33025,0.186
4567,0.878
42196,0.96
5234,0.938
62833,0.678
77892,0.0
5923,0.03
113302,0.08
117899,0.572
33326,0.328
73487,0.302
62131,0.904
21771,0.542
5465,0.444
77338,0.002
58673,0.76
9804,0.702
111502,0.134
77697,0.0
66276,0.29
42860,0.788
14157,0.992
83973,0.002
116748,0.668
75485,0.0
52648,0.844
37623,0.97
70287,0.388
91896,0.008
74497,0.438
6989,0.2
95388,0.2
108775,0.078
88553,0.006
65511,0.334
38956,0.982
99800,0.212
76239,0.008
87847,0.002
3292,0.404
106172,0.5
115022,0.254
106966,0.3
33415,0.852
19892,0.006
31309,0.12
118664,0.872
97081,0.13
64843,0.224
81752,0.002
59242,0.238
25944,0.796
96097,0.138
67537,0.982
53380,0.938
119571,0.174
124279,0.538
119086,0.066
30348,0.998
12372,0.466
53954,0.218
115335,0.234
8751,0.148
72905,0.394
37297,0.526
19725,0.378
4922,0.976
99375,0.026
15542,0.948
61297,0.916
89514,0.008
54215,0.668
62628,0.61
14362,0.202
44927,1.0
32275,0.334
36974,0.978
56310,0.966
11169,0.072
110692,0.074
17644,0.43
92753,0.228
34674,0.988
81334,0.002
6454,0.128
116062,0.888
114502,0.16
39930,0.932
57262,0.998
33015,0.132
63655,0.99
5144,1.0
62908,0.914
13356,0.346
44638,0.612
41290,0.29
106685,0.358
69609,0.776
48131,0.352
64196,0.262
79204,0.008
87490,0.0
35803,0.656
101394,0.508
64024,0.744
18546,0.434
64748,0.834
38391,0.986
124624,0.922
11049,0.028
10910,0.582
21675,0.796
72462,0.362
85532,0.002
76794,0.002
121148,0.112
37240,1.0
70495,0.776
32115,0.974
115705,0.93
89200,0.002
104932,0.182
81411,0.0
99640,0.928
41858,0.1
119705,0.992
2644,0.86
109505,0.034
5802,0.064
50876,0.466
79829,0.0
3752,0.086
7333,0.226
53681,0.16
23936,0.596
68310,0.528
124595,0.952
23689,0.936
51977,0.508
30843,0.922
72912,0.29
20951,0.492
17150,0.162
103781,0.274
85225,0.006
48565,0.984
88290,0.0
110516,0.054
124293,0.936
76145,0.002
117398,0.464
77625,0.0
45649,0.956
86168,0.02
89452,0.014
50823,0.476
115989,0.94
79800,0.002
80763,0.004
33930,0.988
20444,0.938
114257,0.27
84838,0.002
34001,0.992
120745,0.31
123672,0.696
118061,0.102
104772,0.322
82270,0.0
22098,0.914
44821,0.832
120621,0.71
100830,0.254
9540,0.21
80990,0.0
118098,0.104
121796,0.54
48218,0.924
83644,0.0
29559,0.128
70648,0.352
1204,0.752
84822,0.0
86292,0.0
67789,0.106
84667,0.0
111473,0.064
50271,0.808
13100,0.96
31798,1.0
51441,0.266
7052,0.904
98846,0.192
19124,0.026
74826,0.208
19643,0.584
16025,0.252
113382,0.366
13612,0.552
19874,0.022
26149,0.516
25125,0.954
108659,0.196
17565,0.326
28865,0.352
121806,0.322
37335,0.978
86233,0.0
55997,0.44
34190,0.992
104479,0.358
66012,0.41
23408,0.486
28021,0.63
88872,0.002
106949,0.978
69458,0.326
5,0.386
73184,0.686
94498,0.646
65125,0.634
6386,0.276
1763,0.37
62613,0.78
99311,0.154
51374,0.438
39542,0.994
37129,0.984
80609,0.0
32158,0.97
63198,0.978
107366,0.342
75028,0.0
105654,0.4
20721,0.58
12002,0.298
58690,0.918
63849,0.598
18447,0.532
37793,0.944
106222,0.462
81299,0.004
75910,0.0
54154,0.484
31286,0.16
60031,0.252
13064,0.936
23441,0.174
67570,0.29
14373,0.312
25563,0.428
46170,0.982
104896,0.206
95017,0.946
70702,0.208
87584,0.002
4572,0.72
58395,0.978
98936,0.178
73194,0.21
94907,0.25
6366,0.35
2232,0.932
94659,0.124
103844,0.274
39568,0.944
55852,0.588
58106,0.906
69014,0.782
86883,0.002
86231,0.0
11987,0.056
47593,0.866
44886,0.998
121778,0.884
86193,0.0
122773,0.29
122173,0.94
111727,0.82
83864,0.002
4015,0.208
68790,0.028
26510,0.826
108051,0.226
82576,0.0
97006,0.314
37910,0.658
98809,0.24
72226,0.732
116856,0.094
46624,0.41
73933,0.288
88556,0.012
49359,0.366
118574,0.382
25069,0.936
44363,1.0
42324,0.908
27047,0.446
83595,0.002
89748,0.0
117728,0.312
90319,0.01
115207,0.416
70452,0.54
33924,0.93
32256,0.562
104143,0.208
57864,0.948
97039,0.844
100300,0.608
85255,0.0
47361,0.99
7134,0.208
101854,0.282
89327,0.006
16867,0.264
104672,0.228
35766,0.998
86461,0.0
117238,0.494
3842,0.38
91564,0.018
71335,0.456
46424,0.95
102553,0.676
91731,0.07
14325,0.36
46071,0.032
55274,0.926
7100,0.274
16168,0.244
97422,0.782
52345,0.672
29158,0.964
19063,0.288
93455,0.284
68493,0.478
43108,0.198
61883,0.51
73796,0.308
679,0.66
62067,0.982
85289,0.002
38623,0.992
20768,0.874
84923,0.004
52978,0.92
58412,0.512
52269,0.496
82150,0.026
2869,0.102
68230,0.422
58318,0.972
110820,0.028
34486,0.802
59649,0.994
2206,0.864
11551,0.34
64018,0.436
53192,0.216
9637,0.794
87459,0.0
116659,0.896
5978,0.06
123419,0.948
55340,0.878
17151,0.702
16632,0.408
64641,0.344
59486,0.998
120666,0.81
12435,0.232
12698,0.23
74442,0.124
121817,0.948
86036,0.0
124441,0.81
94727,0.258
30654,0.994
2038,0.588
34935,0.956
94388,0.454
28294,0.062
72732,0.886
61202,0.284
12970,0.556
35160,0.346
97782,0.11
117177,0.736
95079,0.69
12042,0.966
3505,0.174
95235,0.322
87853,0.0
76729,0.0
13544,0.49
99985,0.098
121613,0.246
80088,0.0
124361,0.866
64550,0.852
59193,0.842
10022,0.588
64027,0.764
89952,0.006
110351,0.03
121041,0.226
512,0.396
117936,0.222
67115,0.264
70988,0.192
107194,0.96
117902,0.762
81984,0.0
80235,0.008
6479,0.28
92177,0.486
32559,0.994
105151,0.332
61827,0.478
104633,0.338
64998,0.906
47458,0.762
32667,0.392
96048,0.266
68460,0.112
71637,0.59
23069,0.494
86346,0.0
80066,0.0
95191,0.39
59642,0.998
92873,0.762
111932,0.362
121240,0.48
35173,0.492
40604,0.396
12001,0.298
88925,0.02
16103,0.658
1081,0.41
105839,0.09
35523,0.926
119892,0.348
69593,0.36
65973,0.792
66964,0.478
92759,0.148
3610,0.526
57091,0.542
120571,0.918
62016,0.64
111553,0.024
22846,0.712
21444,0.88
29926,0.0
20201,0.348
73839,0.398
70767,0.608
92365,0.436
38911,0.874
50414,0.332
29645,0.574
30330,0.998
84929,0.0
46033,0.218
33098,0.098
107022,0.984
52183,0.478
110399,0.092
71917,0.066
91225,0.008
53625,0.236
116497,0.886
21531,0.864
18270,1.0
50802,0.43
120391,0.172
11954,0.068
107057,0.938
99546,0.162
3134,0.184
2226,0.828
9098,0.07
91062,0.01
107072,0.84
34985,0.988
49565,0.712
77614,0.002
68222,0.234
69740,0.734
5269,0.514
8860,0.314
19440,0.608
31486,0.996
50506,0.5
19073,0.256
113668,0.232
13779,0.518
15089,0.468
72750,0.56
25579,0.852
3330,0.314
100698,0.278
76873,0.0
9150,0.228
105012,0.206
26069,0.402
7082,0.256
47508,0.922
17925,0.938
50450,0.35
88699,0.008
91488,0.048
108262,0.828
42806,0.602
112459,0.218
65793,0.728
57281,0.998
14131,0.456
106217,0.972
54179,0.148
28290,0.386
87978,0.0
25396,0.924
122834,0.538
62892,0.584
14262,0.066
3831,0.33
1556,0.4
74768,0.114
103541,0.306
31199,0.996
19473,0.864
38668,0.982
70395,0.228
83209,0.0
73052,0.968
63427,0.93
97410,0.954
97214,0.44
49473,0.702
62993,0.32
99616,0.246
117377,0.604
62054,0.916
19201,0.85
643,0.766
4078,0.964
47167,0.44
76775,0.0
84242,0.0
8119,0.336
27676,0.13
4536,0.962
88277,0.0
82718,0.004
48792,0.944
89145,0.0
6086,0.662
75426,0.002
89720,0.002
88561,0.004
114985,0.492
93602,0.856
31473,0.224
86468,0.0
34675,0.99
10105,0.92
105439,0.366
72234,0.108
72748,0.386
45054,0.92
8857,0.34
111638,0.726
95591,0.706
5060,0.998
49918,0.216
18046,0.738
57051,0.992
107290,0.686
49182,0.83
48880,0.488
100540,0.312
30316,0.93
112699,0.266
90214,0.014
114731,0.732
49979,0.264
47387,0.512
86585,0.006
70977,0.17
108851,0.03
86838,0.012
44583,0.992
44576,1.0
113672,0.912
33063,0.956
279,0.364
51640,0.854
116044,0.972
61251,0.252
30588,0.98
15033,0.28
38201,0.112
84175,0.0
106850,1.0
51859,0.828
114901,0.408
24748,0.492
22503,0.714
90600,0.012
66854,0.432
107112,0.902
66179,0.892
12917,0.646
5622,0.998
79133,0.0
52020,0.234
42206,0.974
60496,0.694
33758,0.058
75520,0.002
77319,0.004
83982,0.0
62680,0.624
6089,0.402
94161,0.998
78934,0.012
121124,0.174
75112,0.004
120118,0.144
11029,0.02
32039,0.982
52274,0.82
15835,0.642
31235,0.524
76705,0.004
10091,0.194
117674,0.526
65940,0.296
76010,0.006
83898,0.0
53074,0.942
9126,0.816
46259,0.944
29387,0.806
111453,0.204
8477,0.472
106242,0.976
113381,0.36
11270,0.724
84426,0.0
23740,0.968
5733,0.166
24435,0.048
40771,0.128
85743,0.0
10276,0.164
42908,0.994
68085,0.33
22937,0.924
116599,0.512
53434,0.972
43425,0.854
84388,0.002
3376,0.352
50235,0.844
114119,0.226
81813,0.002
48161,0.394
61908,0.858
7059,0.836
100344,0.718
23091,0.59
60067,0.724
15559,0.938
103050,0.228
2365,0.886
69870,0.768
73690,0.792
64847,0.154
26324,0.384
66451,0.38
75231,0.004
110836,0.074
41164,0.984
92975,0.962
1375,0.486
93564,0.196
36804,0.404
48389,0.908
11948,0.074
29624,0.46
92472,0.16
62626,0.768
109994,0.086
25434,0.542
82172,0.0
43365,0.96
109182,0.042
105493,0.35
107721,0.352
90871,0.004
79039,0.0
67473,0.556
95560,0.048
94540,0.322
79939,0.002
124787,0.622
116940,0.274
21118,0.36
53209,0.556
34226,0.692
84818,0.0
42901,0.986
90450,0.004
100025,0.166
79258,0.0
116753,0.344
43835,0.042
2712,0.126
63643,0.996
22785,0.572
89131,0.008
16052,0.49
64190,0.44
72341,0.136
58337,0.834
36209,0.946
117758,0.656
10345,0.65
71759,0.06
68304,0.736
117016,0.074
71821,0.85
88608,0.01
41487,0.926
84860,0.022
98952,0.122
68690,0.312
99002,0.358
81050,0.0
22297,0.73
64161,0.25
42330,0.046
118584,0.226
27816,0.18
39989,0.96
40948,0.998
124715,0.436
24644,0.324
2619,0.394
3415,0.392
45437,0.978
52713,0.374
54423,0.648
67325,0.09
40088,1.0
55365,0.96
104599,0.194
105754,0.206
86757,0.004
49552,0.426
86447,0.0
19454,0.898
47879,0.266
111,0.78
4099,0.552
105386,0.984
113487,0.288
101193,0.36
30930,0.388
36639,0.998
59334,0.262
1979,0.552
83715,0.0
57582,0.944
71922,0.082
20964,0.716
66002,0.316
115355,0.344
31412,0.19
52429,0.228
15659,0.322
38435,0.968
52266,0.864
110586,0.06
9992,0.516
21286,0.306
67375,0.794
37663,0.974
8835,0.38
86556,0.006
75964,0.012
10814,0.33
72660,0.292
99871,0.34
40495,0.976
60250,0.826
48624,0.99
122818,0.832
115211,0.528
100498,0.09
61724,0.446
56455,0.98
87705,0.0
25365,0.672
124378,0.746
84971,0.0
1190,0.756
74217,0.294
36575,0.988
12736,0.454
24611,0.702
87213,0.0
80571,0.002
108789,0.05
54432,0.49
121954,0.114
11472,0.526
64001,0.264
2342,0.136
95600,0.65
39596,1.0
73370,0.236
26146,0.796
32079,0.956
110616,0.018
98921,0.28
118203,0.112
70824,0.482
21712,0.74
68656,0.276
106045,0.268
29596,0.412
18942,0.01
95035,0.164
3566,0.306
66344,0.322
50033,0.308
3076,0.642
72486,0.276
81746,0.002
67354,0.252
49083,0.39
27574,0.08
14258,0.106
97191,0.21
11262,0.404
88807,0.01
103835,0.982
107054,0.196
27598,0.064
119626,0.904
67217,0.142
47973,0.944
114266,0.696
119065,0.174
40626,0.234
116114,0.57
33113,0.976
117655,0.79
25287,0.916
71013,0.166
114408,0.754
124131,0.586
9273,0.154
76582,0.006
83645,0.0
98452,0.602
103684,0.202
22918,0.91
31312,0.216
63331,0.748
119429,0.724
59085,0.508
64447,0.984
86349,0.0
60718,0.506
467,0.252
57743,0.964
94184,0.988
7436,0.556
18965,0.058
71085,0.446
88265,0.0
118140,0.304
50292,0.336
46549,0.936
105751,0.2
54384,0.954
102279,0.132
118390,0.184
96711,0.906
82239,0.014
75206,0.0
95057,0.344
42647,0.154
66657,0.17
100668,0.706
23808,0.76
74813,0.224
5521,0.158
95933,0.412
31060,0.596
49919,0.224
19464,0.86
16761,0.808
114709,0.922
34847,0.932
7113,0.456
104521,0.176
118659,0.93
39971,0.95
6504,0.036
50028,0.718
37509,0.464
12332,0.306
89362,0.022
95468,0.268
69494,0.264
80901,0.0
15974,0.322
68462,0.28
92171,0.576
110519,0.066
7953,0.25
124748,0.448
75766,0.002
47368,0.968
75564,0.0
94937,0.69
106653,0.148
83814,0.0
78069,0.0
86822,0.0
42678,0.978
66350,0.714
57339,0.538
82326,0.002
24843,0.76
42402,0.632
60097,0.918
97334,0.752
97579,0.244
71407,0.34
125012,0.408
24638,0.824
117444,0.41
18514,0.244
3508,0.606
105426,0.724
3324,0.776
11391,0.394
107342,0.998
103496,0.304
102067,0.32
54747,0.426
21044,0.846
113413,0.4
55069,0.272
82525,0.0
14289,0.688
106046,0.198
18884,0.43
7256,0.82
57830,0.892
88900,0.014
114541,0.264
64852,0.334
8572,0.724
48608,0.996
94484,0.18
34320,0.76
13598,0.528
103481,0.232
149,0.794
14159,0.994
66021,0.542
24276,0.234
18163,0.992
15039,0.418
109263,0.028
3851,0.388
9923,0.348
61185,0.296
16197,0.048
77237,0.0
98746,0.054
98853,0.264
69165,0.756
67008,0.134
118064,0.814
28641,0.312
61741,0.244
11318,0.354
24431,0.042
52240,0.254
31143,0.35
2044,0.934
103062,0.422
56998,0.872
120785,0.822
80289,0.004
92208,0.374
22276,0.672
7817,0.122
67442,0.848
63611,1.0
34614,0.984
24601,0.12
93079,1.0
51948,0.848
39905,0.998
103367,0.058
69146,0.172
115214,0.368
3850,0.12
45829,0.992
17255,0.13
17880,0.944
60023,0.258
9321,0.234
79903,0.01
38369,0.524
36783,0.992
79024,0.0
5545,0.148
57061,0.854
20475,0.336
45151,0.338
85081,0.0
113517,0.286
98589,0.826
58105,0.92
11303,0.182
17961,0.992
73816,0.806
39822,0.092
40407,0.938
5953,0.02
114239,0.35
65415,0.016
80159,0.0
123989,0.966
74829,0.244
123143,0.98
114694,0.27
24315,0.762
101736,0.792
71919,0.064
48505,0.936
70335,0.246
111265,0.418
17780,0.142
98177,0.982
33228,0.068
104917,0.152
8710,0.25
108883,0.018
96451,0.196
51590,0.378
41977,0.984
56400,0.966
84589,0.0
29853,0.024
3013,0.964
105600,0.212
15755,0.188
49737,0.19
99390,0.028
49324,0.536
83487,0.0
93194,0.34
61295,0.962
65739,0.962
56168,0.946
72251,0.774
27445,0.266
21283,0.308
26854,0.948
119272,0.06
74496,0.35
23087,0.74
28689,0.872
103287,0.442
83258,0.002
47373,0.984
103862,0.088
96442,0.244
73706,0.2
23129,0.2
60829,0.904
98572,0.084
39861,0.962
52138,0.484
122991,0.124
103730,0.346
118775,0.19
105752,0.288
49391,0.752
22184,0.462
67189,0.522
76673,0.0
12795,0.338
12854,0.422
78555,0.002
12124,0.17
25947,0.236
91840,0.014
3957,0.308
119654,0.37
98499,0.194
106782,0.998
32429,0.996
68097,0.754
94933,0.944
109533,0.12
102773,0.272
122192,0.952
46768,0.402
53396,0.958
112593,0.29
100194,0.666
77523,0.004
93017,0.966
89413,0.004
123742,0.834
80478,0.0
43405,0.738
13679,0.56
77295,0.0
78279,0.0
9012,0.092
90003,0.004
77351,0.002
32302,0.716
117385,0.278
30355,1.0
24158,0.802
62736,0.972
117585,0.476
10483,0.818
76422,0.0
47683,0.86
84120,0.0
26850,0.922
22973,0.284
75188,0.022
13552,0.12
108253,0.478
92816,0.404
92256,0.644
106482,0.336
39491,0.814
78223,0.004
65608,0.576
104621,0.686
44830,0.308
56261,0.852
52682,0.394
6914,0.358
50568,0.522
29398,0.154
38272,0.908
19395,0.74
110515,0.04
90103,0.004
62121,0.992
74186,0.26
46224,0.998
83882,0.0
527,0.342
22805,0.482
38226,0.238
26898,0.404
68088,0.512
57182,0.644
94219,0.998
50301,0.176
53172,0.982
21362,0.884
86583,0.0
75382,0.006
63995,0.506
83260,0.004
40280,0.952
113235,0.712
72620,0.302
83327,0.012
25716,0.834
39187,0.988
25085,0.806
96854,0.268
27029,0.246
11186,0.192
44005,0.43
51495,0.592
5831,0.06
109748,0.014
12659,0.602
51067,0.434
38111,0.514
45475,0.444
41513,1.0
123513,0.86
109347,0.018
39472,0.424
36557,0.97
74719,0.178
22968,0.652
62571,0.224
8535,0.896
99223,0.238
4120,0.9
102113,0.708
25035,0.768
69923,0.776
18786,0.212
88883,0.01
55786,0.988
122064,0.738
124721,0.58
23013,0.902
79067,0.004
62761,0.83
48964,0.868
121670,0.958
67085,0.272
109047,0.13
58866,0.276
122065,0.64
85748,0.0
11513,0.034
55494,0.936
67564,0.228
48926,0.91
60071,0.638
35607,0.998
86760,0.004
30144,0.002
61673,0.13
21567,0.846
63613,0.99
83355,0.004
28480,0.112
3223,0.322
3268,0.264
23239,0.756
119541,0.742
124340,0.182
84655,0.0
80082,0.0
90598,0.002
52401,0.188
88790,0.016
78841,0.004
23071,0.64
73107,0.478
107462,0.258
92529,0.292
44193,0.418
111404,0.176
29374,0.826
73168,0.238
54786,0.46
42089,0.326
51778,0.672
93797,0.672
115640,0.866
60536,0.956
54402,0.852
19478,0.912
95961,0.36
5372,0.924
52507,0.376
39952,0.374
26402,0.332
38625,0.416
59562,0.996
84359,0.0
92945,0.782
63108,0.648
53125,0.98
15637,0.946
626,0.37
107550,0.812
79664,0.0
20656,0.986
27084,0.478
75770,0.002
75273,0.008
74232,0.534
114822,0.928
10661,0.42
27776,0.524
101966,0.806
45325,0.102
70367,0.468
42304,0.076
98096,0.034
61575,0.906
80971,0.0
91768,0.032
48773,0.952
7412,0.328
11713,0.288
105891,0.946
22178,0.796
114640,0.374
103365,0.218
114332,0.086
65000,0.502
36652,0.994
106739,0.292
12151,0.552
5359,0.91
20696,0.986
17698,0.556
39583,0.942
49710,0.154
124429,0.912
21530,0.924
43393,0.948
84472,0.0
7971,0.152
2550,0.646
35513,0.718
19710,0.126
82274,0.002
52341,0.382
64025,0.444
1733,0.302
30346,0.984
88604,0.03
30959,0.992
93125,0.98
91546,0.014
60291,0.986
86853,0.008
37512,0.962
39874,0.99
46799,0.5
65269,0.176
64686,0.87
81707,0.0
32028,0.96
124157,0.934
372,0.292
51366,0.204
15164,0.222
53394,0.68
91795,0.01
16784,0.744
17050,0.782
74312,0.308
47052,0.216
94858,0.098
100788,0.204
94595,0.528
93978,0.384
39271,0.998
40581,0.966
5517,0.364
906,0.632
87755,0.0
113888,0.288
24190,0.834
91686,0.014
11233,0.79
113761,0.928
54700,0.954
48557,0.93
42423,0.952
17618,0.948
2131,0.892
116242,0.384
56872,0.484
41975,0.946
120862,0.844
78125,0.004
9026,0.088
43586,0.614
88946,0.012
95953,0.18
46456,0.384
94139,0.986
87078,0.0
116386,0.668
96763,0.324
107853,0.302
94390,0.592
36509,0.974
8016,0.248
9634,0.904
84556,0.004
55124,0.788
87416,0.0
46031,0.444
33467,0.328
47783,0.916
44023,0.962
43883,0.976
2812,0.11
125172,0.94
400,0.482
48528,0.992
59342,0.572
51610,0.346
43376,0.99
101071,0.262
26415,0.174
21188,0.064
57645,0.562
105075,0.312
85332,0.0
114376,0.464
122416,0.826
15275,0.398
122640,0.178
18964,0.034
59900,0.38
86368,0.0
61136,0.99
96769,0.188
58852,0.658
93117,0.956
59071,0.996
107278,0.512
119846,0.698
3155,0.074
48187,0.966
389,0.436
97662,0.456
90067,0.006
113539,0.31
51078,0.362
118830,0.23
9400,0.256
121956,0.29
52879,0.492
81437,0.0
27230,0.398
15162,0.358
45,0.618
57272,0.378
98460,0.53
68092,0.376
74094,0.162
73767,0.212
35011,0.998
113847,0.834
34194,0.996
30510,0.996
113289,0.034
97202,0.254
11709,0.2
76968,0.0
47528,0.874
8774,0.928
118727,0.232
50322,0.204
70506,0.736
49047,0.962
32215,0.314
98600,0.29
22771,0.684
1684,0.782
10893,0.334
9609,0.606
110698,0.082
31063,0.412
71061,0.406
69247,0.49
86878,0.0
24015,0.556
107866,0.258
48897,0.588
42959,0.972
103989,0.156
18245,1.0
121561,0.974
76833,0.002
17989,0.526
119801,0.486
8900,0.604
114927,0.728
121755,0.398
107705,0.576
116461,0.32
33460,0.176
34467,0.992
9403,0.388
50660,0.402
112634,0.426
61315,0.244
4362,0.486
6041,0.28
123253,0.966
102956,0.428
103574,0.47
103004,0.338
57575,0.99
73858,0.48
44086,0.976
121378,0.494
45162,0.146
35174,0.498
14794,0.962
75443,0.0
9947,0.016
1470,0.352
395,0.674
83650,0.0
17444,0.876
9822,0.124
4853,0.386
68403,0.218
86917,0.002
32822,0.838
44545,0.996
8097,0.334
47042,0.328
119228,0.296
122540,0.182
68739,0.036
86194,0.0
34187,0.988
109374,0.14
76380,0.016
98478,0.246
110742,0.084
75711,0.0
17806,0.552
98561,0.232
50411,0.28
80166,0.002
94980,0.64
76703,0.002
15392,0.192
123122,0.88
53587,0.436
121511,0.614
50083,0.378
29425,0.2
98109,0.05
38677,0.944
1552,0.186
88364,0.01
44994,0.506
119047,0.476
91123,0.012
73220,0.618
35660,0.998
99677,0.724
41542,0.586
123924,0.982
26560,0.39
48450,0.99
110848,0.052
87926,0.004
114795,0.694
8541,0.954
58925,0.88
40900,0.994
73711,0.476
27807,0.606
2350,0.426
3101,0.656
35983,1.0
106208,0.998
101438,0.88
48517,0.92
34860,0.99
64888,0.56
51188,0.462
4446,0.304
40652,0.956
110797,0.038
40156,0.978
124415,0.742
112400,0.64
65684,0.92
81730,0.0
106394,0.458
34780,0.696
116615,0.38
97872,0.034
85672,0.018
77971,0.0
57984,0.962
8361,0.088
49046,0.96
8318,0.086
46678,0.976
96399,0.512
107398,0.388
20315,0.916
64919,0.88
70674,0.332
60077,0.974
40271,0.486
69804,0.29
121936,0.91
120000,0.214
86674,0.002
4974,1.0
93409,0.304
35481,0.928
20199,0.366
78880,0.008
77080,0.0
49721,0.268
72726,0.746
19333,0.516
99791,0.352
57792,0.488
98368,0.316
29945,0.01
62449,0.972
30307,1.0
108783,0.036
52006,0.272
73673,0.252
65393,0.452
112616,0.588
35008,0.998
5284,0.972
119927,0.374
1889,0.706
125006,0.394
48715,0.986
110166,0.036
97318,0.914
29009,0.112
73635,0.19
111784,0.602
61107,0.976
50141,0.448
5274,0.696
49675,0.24
42000,0.412
4658,0.672
41335,0.966
36905,0.484
20446,0.95
27459,0.734
114269,0.544
13882,0.286
82973,0.0
33998,0.934
96558,0.138
77801,0.0
111192,0.176
86456,0.0
51936,0.834
9525,0.358
3126,0.128
122964,0.29
85901,0.008
53032,1.0
43077,0.206
89703,0.0
33204,0.298
91771,0.072
32732,0.418
82946,0.0
73977,0.27
50757,0.392
22314,0.728
2494,0.3
16943,0.762
11084,0.194
121467,0.772
56087,0.998
26209,0.406
123127,0.966
22292,0.706
7145,0.27
18286,0.996
97754,0.896
41518,0.274
109112,0.074
71379,0.548
16471,0.27
52218,0.426
91052,0.008
61977,0.966
49789,0.232
68423,0.588
106979,0.328
16042,0.19
113291,0.046
83870,0.002
55796,0.618
22636,0.532
96170,0.408
19221,0.486
9361,0.174
118293,0.124
3205,0.258
92693,0.424
118241,0.268
102937,0.456
124228,0.952
123200,0.996
49752,0.482
85349,0.006
10577,0.044
62403,0.876
6382,0.244
29919,0.05
102183,0.718
22257,0.666
102563,0.308
25456,0.918
93074,0.996
44657,0.558
96578,0.326
18332,0.01
66064,0.296
2624,0.504
89364,0.02
63327,0.95
85094,0.0
87337,0.0
49038,0.964
25264,0.34
65636,0.784
66844,0.526
19218,0.95
55998,0.924
67009,0.142
75854,0.0
19394,0.538
57832,0.956
36116,0.766
33180,0.54
81459,0.0
92428,0.326
120143,0.23
43406,0.36
11530,0.244
99352,0.53
72040,0.164
116346,0.34
77687,0.002
52628,0.41
68948,0.08
35573,0.982
18299,0.996
20185,0.188
71555,0.244
37289,1.0
118382,0.412
123070,0.932
74204,0.276
21813,0.38
105744,0.312
106640,0.24
34563,0.978
42549,0.952
65235,0.09
52508,0.568
67860,0.184
50531,0.888
32332,0.712
12323,0.414
112309,0.232
16747,0.462
57945,0.332
74899,0.264
5876,0.02
16680,0.164
48597,0.902
9722,0.094
94081,0.988
19650,0.552
82801,0.0
14361,0.27
81135,0.002
39298,0.998
116547,0.944
13173,0.388
58777,0.92
96029,0.526
44336,0.884
121551,0.914
113215,0.488
38481,0.612
85276,0.0
38532,0.762
98237,0.068
34186,0.686
41707,0.544
39825,0.11
64219,0.552
109624,0.024
78298,0.0
124053,0.804
60688,0.988
75470,0.0
16232,0.68
100342,0.512
2379,0.258
31668,0.136
116244,0.794
97519,0.956
94529,0.686
60972,0.474
45147,0.106
117223,0.24
88843,0.008
20116,0.002
32658,0.996
68348,0.46
91849,0.034
107546,0.992
30567,0.98
124996,0.4
8520,0.106
35539,0.996
92238,0.6
93698,0.646
10344,0.288
97732,0.678
23997,0.356
55303,0.902
122400,0.27
84747,0.0
120261,0.478
56912,1.0
10744,0.078
7561,0.222
86579,0.0
106844,0.984
90563,0.008
84797,0.002
117479,0.756
43013,0.96
26830,0.966
103216,0.292
84976,0.0
1543,0.438
107607,0.17
97910,0.106
65558,0.518
89446,0.026
9241,0.404
99327,0.12
60324,0.504
89789,0.0
10633,0.598
69206,0.228
81943,0.0
19536,0.94
10791,0.914
10622,0.246
14400,0.9
1454,0.272
86095,0.0
121289,0.222
13347,0.114
27769,0.33
2231,0.926
35973,0.998
100255,0.316
61469,0.962
120115,0.204
103634,0.098
102482,0.192
64795,0.124
4682,0.914
120555,0.422
3385,0.204
104809,0.272
53136,0.998
106560,0.256
116922,0.42
12395,0.38
94312,0.396
6805,0.896
76964,0.006
9208,0.916
9163,0.852
115981,0.772
86500,0.004
58259,1.0
118536,0.434
111120,0.18
87715,0.0
73948,0.502
53818,0.416
71420,0.23
51070,0.412
58021,0.994
37946,0.964
23898,0.352
107190,0.956
47573,0.812
69802,0.148
65752,0.55
27815,0.654
55073,0.47
121098,0.79
71915,0.284
66037,0.742
121582,0.954
96043,0.702
96842,0.712
8298,0.296
15847,0.274
101932,0.482
94668,0.164
61352,0.98
70677,0.4
76227,0.0
50190,0.19
79166,0.0
77115,0.0
85199,0.0
63532,0.606
112756,0.748
98231,0.152
1819,0.466
76019,0.004
106866,1.0
77737,0.0
75109,0.002
44648,0.684
25940,0.076
42449,0.994
24342,0.23
57719,0.9
118948,0.878
56267,0.864
45820,0.984
14256,0.064
46480,0.812
41772,0.402
63647,0.998
67885,0.19
6957,0.218
109864,0.032
103402,0.148
25704,0.42
123599,0.612
63435,0.164
87749,0.0
59421,0.974
16225,0.666
18088,0.928
2139,0.608
75451,0.006
10426,0.094
105501,0.418
70088,0.61
37236,1.0
21129,0.434
97935,0.576
92322,0.22
45622,0.914
97779,0.658
50556,0.328
27376,0.328
48809,0.99
47919,0.112
116914,0.202
101529,0.364
124764,0.51
98632,0.27
1968,0.344
49206,0.2
122308,0.754
41930,0.996
97281,0.174
97758,0.2
34714,0.998
60513,0.402
88976,0.012
73702,0.452
56933,0.998
20196,0.142
85123,0.0
94808,0.124
73778,0.1
19800,0.1
91436,0.016
62787,0.758
10026,0.256
41638,0.162
91383,0.004
104532,0.356
108477,0.45
5864,0.256
94706,0.074
66312,0.222
10317,0.34
115801,0.38
98001,0.904
11128,0.324
22130,0.906
45568,0.788
102791,0.248
85397,0.0
22444,0.85
40762,0.974
98901,0.406
58527,0.96
39779,0.994
71642,0.192
85481,0.006
1924,0.754
111297,0.052
111977,0.324
120769,0.3
123642,0.82
68592,0.286
92805,0.352
61178,0.998
34807,0.118
111605,0.21
91222,0.006
80314,0.0
65197,0.584
7581,0.56
117852,0.656
85684,0.0
55471,0.92
107463,0.282
97801,0.376
31733,1.0
29142,0.528
40306,0.998
22209,0.868
14924,0.234
92574,0.126
112098,0.146
71002,0.792
95361,0.098
8480,0.376
51073,0.34
22,0.262
31517,0.986
61938,0.906
112635,0.184
97617,0.166
112138,0.41
28811,0.966
89560,0.01
37361,0.99
25163,0.91
103621,0.184
4414,0.872
100208,0.708
61122,0.984
41917,0.976
35046,0.99
103764,0.364
70435,0.384
55026,0.394
21449,0.836
17447,0.804
10536,0.054
64590,0.808
70646,0.298
25184,0.958
77175,0.0
45623,0.668
36625,0.522
57948,0.91
5446,0.446
46257,1.0
86232,0.008
28957,0.354
64943,0.332
8714,0.172
93691,0.916
124049,0.248
28234,0.36
21018,0.452
108156,0.992
83229,0.002
73375,0.354
38881,1.0
80489,0.0
9299,0.348
119095,0.322
15331,0.35
105794,0.276
4455,0.21
67437,0.794
100107,0.768
73348,0.104
84736,0.0
23762,0.35
60430,0.898
30813,1.0
58776,0.696
91245,0.008
47480,0.376
80147,0.0
30240,0.966
34437,0.958
111906,0.532
95828,0.02
59276,0.886
2462,0.29
98089,0.056
68333,0.672
42805,0.338
98565,0.564
115494,0.132
86169,0.01
113224,0.32
67524,0.586
15058,0.306
13819,0.386
63184,0.46
1637,0.374
67868,0.332
16521,0.468
36688,0.996
98129,0.468
90445,0.01
62687,0.488
97719,0.324
14585,0.896
119673,0.422
34803,0.618
21994,0.594
37492,0.936
82564,0.0
119909,0.406
37052,0.998
111247,0.062
55953,0.988
39448,0.896
124128,0.542
74542,0.784
8799,0.256
47778,0.766
91487,0.04
106469,0.286
110618,0.024
65906,0.486
23002,0.62
64062,0.858
103536,0.186
118315,0.23
112838,0.834
73461,0.312
67319,0.192
74888,0.248
80699,0.0
78611,0.004
87453,0.0
122204,0.706
94422,0.352
47296,0.354
121627,0.212
72854,0.276
63234,0.628
104338,0.294
65823,0.7
97137,0.116
120197,0.9
71755,0.068
12261,0.358
104284,0.624
34659,0.996
10146,0.28
52264,0.592
111380,0.112
81995,0.0
48404,0.99
18784,0.934
2777,0.188
111140,0.352
79080,0.0
114327,0.904
15195,0.302
81913,0.0
51150,0.232
19075,0.636
46980,0.792
56118,1.0
326,0.314
33014,0.054
67857,0.302
62481,0.374
68035,0.53
27772,0.148
55564,0.708
53923,0.888
2769,0.54
95217,0.19
124521,0.912
57442,0.678
45252,0.296
6512,0.142
84493,0.002
118146,0.076
45576,0.324
111043,0.096
8776,0.352
30666,0.998
110943,0.054
77270,0.0
22541,0.118
21938,0.046
93306,0.584
73454,0.446
39212,0.338
115968,0.38
68607,0.278
6789,0.428
75364,0.0
116271,0.118
81309,0.002
96281,0.186
103832,0.974
89480,0.002
114839,0.446
58188,0.99
59265,0.388
70965,0.144
66747,0.348
97822,0.284
33030,0.02
22058,0.446
18460,0.238
117267,0.34
124405,0.616
28372,0.838
70262,0.356
39693,1.0
94088,0.878
66815,0.422
117641,0.73
119305,0.85
43521,0.984
48213,0.93
91429,0.012
54712,0.868
43219,0.986
60630,0.346
76719,0.0
60659,0.312
30103,0.002
113034,0.436
36787,0.994
120632,0.878
115119,0.778
7633,0.082
63879,0.542
40866,0.966
43227,0.612
70333,0.372
2786,0.106
50906,0.176
65981,0.674
49337,0.536
79007,0.004
57578,0.934
26471,0.202
103617,0.234
61079,0.908
65998,0.504
66853,0.39
120100,0.31
43081,0.438
48842,0.934
60273,0.97
73453,0.568
97475,0.99
8017,0.21
35970,0.994
52465,0.252
43634,0.994
29727,0.97
57879,0.67
122529,0.94
79242,0.0
17626,0.244
42179,0.898
95691,0.192
76112,0.006
116495,0.32
23909,0.334
34069,0.032
32960,0.014
88903,0.03
50990,0.488
10850,0.172
59462,0.992
59158,0.674
80420,0.0
73031,0.974
98852,0.116
32353,0.988
22366,0.876
118645,0.25
6931,0.206
89346,0.008
37773,0.62
68098,0.394
120400,0.402
92544,0.308
119885,0.294
96764,0.156
59532,0.966
4736,0.96
5870,0.048
70811,0.43
111509,0.386
59740,0.308
22254,0.688
115600,0.346
92658,0.646
67679,0.182
83769,0.0
118238,0.632
43640,0.984
50182,0.216
103676,0.72
33816,0.954
115178,0.766
28534,0.03
73907,0.15
35145,0.996
2736,0.03
39330,0.34
80321,0.0
12329,0.33
88032,0.002
32721,0.476
65564,0.67
103263,0.37
21257,0.35
73695,0.286
101511,0.3
116457,0.632
50514,0.852
7057,0.576
106114,0.904
4116,0.886
31577,0.93
52651,0.848
38296,0.994
117938,0.186
112424,0.838
30471,1.0
36700,0.54
84150,0.006
19386,0.732
108431,0.4
97117,0.526
123210,0.992
25642,0.038
50860,0.604
43012,0.958
123450,0.532
121277,0.322
87884,0.002
56285,0.568
115483,0.302
17030,0.692
90792,0.004
3305,0.358
90053,0.012
86278,0.002
82985,0.0
693,0.552
57592,0.966
42357,0.124
76659,0.0
22277,0.608
96631,0.372
89788,0.004
40042,0.392
98916,0.236
46206,0.99
35519,0.634
33114,0.736
67397,0.264
13456,0.116
72548,0.876
99028,0.354
91609,0.018
101520,0.256
20560,0.766
67786,0.064
27321,0.616
9705,0.034
22913,0.62
50226,0.542
50309,0.222
11770,0.14
99490,0.03
74470,0.344
23812,0.442
41946,0.754
32963,0.072
34330,0.09
88704,0.016
44466,1.0
22126,0.932
89034,0.002
75152,0.002
104056,0.3
15743,0.11
271,0.262
9836,0.092
100884,0.83
93549,0.262
77773,0.002
18948,0.024
31038,0.398
11056,0.214
117134,0.896
87621,0.002
26431,0.872
32671,0.326
118194,0.352
62891,0.148
77804,0.0
118517,0.148
30964,1.0
72547,0.596
28176,0.156
122458,0.95
32672,0.394
40144,0.156
108494,0.408
71421,0.186
5702,0.132
96046,0.324
70009,0.728
50638,0.704
67975,0.42
1992,0.562
51856,0.78
118166,0.072
111160,0.07
60098,0.684
49463,0.314
8269,0.274
92559,0.418
62340,0.994
102943,0.31
72103,0.12
81340,0.0
200,0.78
43978,0.64
80171,0.002
45123,1.0
82294,0.002
6740,0.586
12651,0.448
40803,0.988
56816,0.276
22621,0.644
53935,0.43
55501,0.974
19118,0.626
80,0.622
62422,0.962
96255,0.394
101384,0.566
45052,0.99
8186,0.388
47346,0.966
76578,0.002
15879,0.816
114543,0.934
43778,0.07
25941,0.096
61329,0.064
57507,0.954
95327,0.204
74690,0.324
13632,0.514
69152,0.79
107071,0.992
90429,0.014
88930,0.014
49273,0.872
86752,0.002
109784,0.058
109351,0.036
26622,0.576
111413,0.072
62083,0.974
55948,0.934
111345,0.146
1812,0.394
20887,0.76
105094,0.158
91921,0.006
7853,0.486
64332,0.89
112662,0.15
45194,0.136
122351,0.264
100906,0.88
14388,0.918
46838,0.2
56433,0.936
36630,0.862
117640,0.852
7675,0.872
74924,0.6
8209,0.716
9775,0.658
61599,0.39
73664,0.604
81147,0.01
19291,0.782
120847,0.856
8940,0.24
12044,0.916
68447,0.36
47063,0.402
69271,0.556
80198,0.002
82924,0.002
106493,0.174
33887,0.042
6430,0.14
2910,0.214
113791,0.216
3105,0.438
39412,0.978
33858,0.078
22423,0.872
100702,0.272
86225,0.0
18000,0.722
78035,0.006
47729,0.174
41243,0.912
70082,0.206
75511,0.012
28157,0.364
31456,0.28
11425,0.478
30751,0.992
45559,0.278
26777,0.96
9996,0.414
102831,0.322
117273,0.41
90648,0.01
72604,0.854
120947,0.354
118681,0.92
66370,0.268
82981,0.022
13101,0.998
20174,0.226
118756,0.484
7930,0.092
78188,0.0
13249,0.352
96594,0.18
105044,0.062
70240,0.478
52674,0.5
44751,0.302
1097,0.654
53900,0.294
38678,0.654
70961,0.834
5347,0.398
19155,0.912
73596,0.174
49951,0.322
8496,0.418
37638,0.99
63916,0.854
121088,0.24
79353,0.012
62982,0.524
111152,0.122
123499,0.672
26776,0.912
36248,0.632
51910,0.754
57673,0.502
36927,0.944
93484,0.39
32849,0.98
473,0.282
56853,0.304
118411,0.27
99220,0.344
83384,0.002
59625,0.992
67543,0.654
22926,0.83
97050,0.872
58159,0.348
1436,0.476
113862,0.298
5399,0.288
34342,0.09
26288,0.788
124486,0.81
25418,0.912
63053,0.936
38763,0.908
48097,0.31
91974,0.11
89973,0.032
86196,0.0
68718,0.386
118476,0.366
22618,0.674
20497,0.212
68407,0.354
13966,0.078
74720,0.382
106889,1.0
23939,0.7
48099,0.286
94556,0.216
123102,0.846
114431,0.896
34041,0.032
28920,0.958
60320,0.638
97670,0.34
62578,0.476
43396,0.958
50798,0.308
81462,0.0
31240,0.49
63988,0.318
95470,0.64
73101,0.24
42899,0.94
109882,0.062
98023,0.974
103399,0.216
43289,0.824
5278,0.914
11129,0.238
64059,0.332
37030,0.986
75748,0.0
124733,0.678
113156,0.608
32708,0.962
86375,0.0
43129,0.762
44062,0.438
23782,0.406
31601,0.656
19258,0.592
108555,0.252
72154,0.338
23485,0.36
44828,0.86
78333,0.01
62046,0.592
11777,0.192
53922,0.464
12315,0.134
1424,0.378
90458,0.01
36366,1.0
112603,0.292
97988,0.078
76410,0.008
115503,0.154
20607,0.788
86699,0.0
114430,0.744
77686,0.01
59667,0.934
55484,0.934
72160,0.13
12542,0.422
97279,0.268
78207,0.006
73871,0.316
33978,1.0
61918,0.932
90113,0.006
14966,0.17
63175,0.99
88910,0.006
57340,0.308
96020,0.348
116046,0.974
71648,0.504
20347,0.984
15599,0.532
6274,0.14
91069,0.002
66044,0.724
53918,0.69
109086,0.006
108962,0.042
45939,0.988
17927,0.954
85907,0.002
14334,0.814
90027,0.034
103515,0.74
31409,0.52
6398,0.69
77290,0.002
24464,0.042
29639,0.402
1452,0.498
3484,0.368
28412,0.276
82213,0.002
68692,0.5
580,0.348
81130,0.0
14124,0.984
101317,0.108
14140,0.968
10778,0.218
105590,0.226
107156,0.962
67160,0.278
51004,0.306
45059,0.938
34474,0.938
22371,0.75
42459,0.986
124977,0.752
109862,0.056
109178,0.082
7016,0.186
6344,0.254
25089,0.902
62875,0.268
100336,0.192
72790,0.108
67023,0.35
100448,0.254
51041,0.384
31686,0.876
118872,0.592
14727,0.938
102305,0.16
92192,0.278
18926,0.014
51071,0.608
119636,0.34
37370,1.0
112694,0.396
109578,0.114
13034,0.192
96082,0.212
107675,0.396
67490,0.382
58564,0.986
104709,0.202
38387,0.99
14275,0.106
528,0.394
50658,0.262
120682,0.354
21594,0.87
62568,0.526
92825,0.376
25754,0.828
98019,0.956
93750,0.934
10168,0.37
70494,0.4
124502,0.902
92856,0.172
105636,0.3
4002,0.3
46755,0.354
1646,0.742
97417,0.966
21788,0.412
16440,0.55
78289,0.0
17522,0.298
62057,0.894
104744,0.608
61579,0.954
118810,0.608
106518,0.324
33748,0.194
1803,0.298
4225,0.982
85464,0.0
70225,0.192
36907,0.946
17313,0.198
69863,0.874
39726,0.872
59437,0.97
18523,0.336
8215,0.752
30494,1.0
92546,0.512
62049,0.936
92399,0.43
22604,0.1
72722,0.682
121213,0.372
23871,0.182
114194,0.15
73924,0.378
117653,0.528
69818,0.476
117697,0.406
48086,0.262
73760,0.278
26341,0.86
7435,0.268
31178,0.35
16816,0.25
12246,0.88
30923,0.208
121401,0.572
83162,0.0
67676,0.696
90946,0.002
10347,0.464
43633,0.976
21999,0.31
91145,0.016
54369,0.844
100002,0.314
22133,0.856
71576,0.418
47353,0.966
113611,0.49
97446,0.958
12531,0.378
65188,0.558
44664,0.874
79454,0.0
96033,0.214
124269,0.286
7441,0.468
11179,0.276
67106,0.21
17482,0.982
36678,0.972
40936,0.98
102095,0.342
21933,0.232
74361,0.31
4215,0.538
94773,0.084
63324,0.94
117827,0.346
36169,0.812
110541,0.148
26,0.438
20889,0.754
8772,0.454
23784,0.27
110710,0.108
78002,0.004
106419,0.342
8251,0.336
9621,0.926
73250,0.558
116381,0.634
79381,0.006
120974,0.95
79946,0.0
4298,0.994
124308,0.964
62081,0.996
96336,0.402
16640,0.928
23656,0.94
16214,0.24
28511,0.606
81125,0.002
91996,0.066
110087,0.03
2816,0.05
102652,0.126
121044,0.858
106862,0.998
1285,0.77
51453,0.69
122037,0.902
53267,0.942
94337,0.386
60571,0.892
535,0.364
26363,0.09
55110,0.972
44531,0.992
64135,0.234
39977,0.876
16179,0.058
95022,0.95
83473,0.0
69147,0.266
83044,0.0
97931,0.358
78102,0.0
120728,0.148
119697,0.9
105610,0.11
118594,0.822
45033,0.362
31987,0.322
18054,0.836
32261,0.464
81222,0.0
30053,0.046
50340,0.456
44704,0.116
110845,0.064
105811,0.104
27194,0.522
94430,0.156
71501,0.094
16678,0.614
23407,0.194
73033,0.996
384,0.316
81386,0.012
49015,0.966
6535,0.184
77362,0.002
90644,0.056
25910,0.164
93503,0.414
79159,0.012
10610,0.068
29710,0.004
94431,0.626
96756,0.872
66869,0.332
64646,0.634
105273,0.172
79238,0.002
63594,0.978
122471,0.944
62824,0.944
25740,0.384
71787,0.436
68242,0.69
74489,0.294
13719,0.414
118809,0.17
70525,0.428
56391,0.644
89916,0.008
4396,0.954
37498,0.97
45610,0.878
95897,0.254
40920,0.998
49646,0.536
57922,0.958
61169,0.986
59664,0.72
68677,0.376
74731,0.386
82386,0.0
51123,0.452
96458,0.458
84085,0.0
72926,0.416
87912,0.0
53941,0.108
16304,0.456
13670,0.494
68040,0.354
102527,0.244
75003,0.002
75061,0.002
18281,1.0
102760,0.4
91536,0.016
97890,0.07
10895,0.206
15189,0.352
120680,0.306
103595,0.786
11792,0.23
101441,0.284
23435,0.054
37106,0.996
63210,0.992
30421,0.998
2277,0.856
16743,0.498
1720,0.396
2906,0.104
34290,0.652
29712,0.03
82887,0.0
56565,0.65
46358,0.888
121445,0.362
24832,0.352
112551,0.084
14975,0.278
614,0.396
97322,0.748
123570,0.372
65485,0.228
27531,0.256
7694,0.204
77611,0.014
12921,0.04
8818,0.198
123476,0.938
64986,0.48
116357,0.836
104802,0.248
104973,0.442
99004,0.57
29103,0.914
41618,0.054
122783,0.526
8791,0.234
88818,0.004
20949,0.668
116995,0.83
29729,0.428
48108,0.874
1341,0.536
22811,0.324
107833,0.228
6387,0.116
67516,0.302
103488,0.324
76184,0.0
117508,0.51
4074,0.324
12086,0.332
103400,0.204
93033,0.982
44723,0.092
103017,0.342
122658,0.606
48947,0.358
56328,0.996
72204,0.912
77888,0.0
7990,0.072
107052,0.716
19589,0.91
59323,0.974
94086,0.998
17407,0.14
63894,0.96
14330,0.444
124619,0.926
97111,0.17
113303,0.04
57529,0.604
118275,0.282
36975,0.948
82054,0.002
35743,0.998
64141,0.334
79745,0.002
17361,0.13
116627,0.256
76392,0.0
93052,0.642
98858,0.77
67713,0.19
87780,0.002
87727,0.0
54469,0.378
95134,0.708
115191,0.412
81518,0.0
57688,0.58
61607,0.32
67504,0.19
108377,0.718
104192,0.396
105893,0.922
49474,0.486
86663,0.0
110325,0.032
82925,0.0
52976,0.784
93202,0.308
24933,0.84
64334,0.918
112150,0.164
110273,0.264
28394,0.218
53407,0.558
106679,0.434
35216,0.54
48357,0.26
45225,0.218
71070,0.37
21342,0.372
30093,0.004
78510,0.0
53811,0.86
116231,0.954
96637,0.36
42844,0.088
27538,0.336
100181,0.876
100574,0.096
83407,0.0
29737,0.354
34110,0.308
43566,0.396
58837,0.446
90043,0.006
112591,0.438
35271,1.0
9937,0.014
114622,0.914
52221,0.6
94503,0.224
113618,0.122
68608,0.414
107555,0.996
84546,0.0
91669,0.012
52549,0.168
98159,0.544
107043,0.938
64126,0.19
51993,0.216
83517,0.0
38350,0.926
74350,0.62
14957,0.654
102614,0.402
35435,0.97
23669,0.948
63353,0.372
9862,0.332
101334,0.156
105153,0.864
89353,0.008
15068,0.274
121483,0.474
9417,0.632
36536,0.548
3261,0.952
79538,0.006
13397,0.324
8082,0.264
22084,0.926
83626,0.0
18588,0.254
26095,0.57
75558,0.0
120775,0.284
13145,0.31
35406,0.986
72426,0.304
40455,0.984
110952,0.148
47949,0.968
49941,0.17
94258,1.0
118210,0.338
24899,0.1
13012,0.356
124171,0.992
67330,0.492
8795,0.224
42756,0.972
12904,0.252
65570,0.652
102298,0.19
59716,0.944
20867,0.046
103765,0.588
64230,0.494
18633,0.112
39650,0.308
4949,1.0
37128,0.994
28136,0.808
7110,0.422
61668,0.106
18433,0.376
36151,0.566
52875,0.49
101944,0.336
122712,0.226
62455,0.992
50863,0.754
95228,0.752
7939,0.686
85641,0.002
21339,0.374
44242,0.5
83512,0.0
37722,0.928
85336,0.002
15631,0.958
64821,0.492
118028,0.424
38315,0.736
50836,0.186
73687,0.462
30288,1.0
110694,0.082
21455,0.922
81219,0.004
80219,0.008
90762,0.002
85009,0.004
35099,0.98
70215,0.06
31765,1.0
69945,0.386
105933,0.984
119746,0.368
43478,0.664
35733,0.99
68661,0.878
61279,0.986
84847,0.0
95712,0.584
82227,0.008
67525,0.958
109985,0.166
103068,0.262
105778,0.61
34490,0.27
118437,0.636
34858,0.986
53906,0.618
404,0.456
26375,0.298
43474,0.954
21089,0.146
69033,0.302
84515,0.0
53724,0.478
105224,0.348
118579,0.104
121824,0.924
80594,0.008
116760,0.87
41984,0.42
61092,0.944
65405,0.356
54807,0.832
96464,0.292
103838,0.99
19841,0.866
70076,0.144
73103,0.262
113343,0.074
9772,0.466
123853,0.954
21090,0.314
124904,0.536
36512,0.988
117242,0.906
89782,0.002
86032,0.0
25540,0.766
113880,0.392
72250,0.08
27915,0.608
19964,0.5
80711,0.0
72715,0.844
29372,0.496
37275,1.0
40843,0.93
110427,0.032
6554,0.214
91290,0.012
48423,0.986
33572,0.45
115899,0.204
26514,0.924
37344,0.534
65678,0.996
57800,0.352
72791,0.43
118345,0.34
6624,0.862
108098,0.538
105302,0.308
68633,0.6
64929,0.62
56677,0.964
90077,0.012
99973,0.228
57194,0.538
55137,0.914
120559,0.584
85178,0.002
91026,0.022
62329,0.95
14743,0.846
49176,0.822
117163,0.376
72419,0.552
117725,0.228
84935,0.0
25902,0.486
62271,0.962
39149,1.0
92228,0.29
49945,0.294
65402,0.4
22285,0.714
108201,0.508
107875,0.592
116739,0.268
20661,0.982
5373,0.944
64340,0.856
37111,1.0
7551,0.224
88005,0.002
10282,0.454
709,0.348
102806,0.296
112567,0.166
53224,0.96
60135,0.99
83334,0.002
107012,0.904
18469,0.548
47546,0.942
30566,0.99
15573,0.944
30028,0.436
4587,0.558
69760,0.774
11022,0.044
21539,0.912
66770,0.284
88745,0.016
78080,0.0
56688,0.964
121267,0.344
32907,0.93
66436,0.356
62975,0.73
29314,0.31
11565,0.026
72617,0.792
82140,0.0
28880,0.874
96293,0.116
79261,0.002
37625,0.978
78782,0.006
75840,0.004
60980,0.892
33287,0.534
111454,0.424
60050,0.576
991,0.766
93012,0.428
124285,0.97
14462,0.924
50477,0.69
765,0.514
124193,0.93
20612,0.826
55032,0.174
31166,0.482
122232,0.358
103882,0.766
95089,0.314
34332,0.846
27322,0.584
4909,0.978
65437,0.014
27411,0.44
65353,0.942
85434,0.008
34247,0.998
111642,0.322
95971,0.174
15209,0.512
100503,0.176
35764,0.998
15988,0.54
115906,0.444
71254,0.346
63887,0.056
27229,0.214
122805,0.658
52966,0.238
116230,0.3
61111,0.96
45526,0.15
21320,0.41
45850,0.938
46996,0.886
120673,0.162
42062,0.986
15661,0.306
77992,0.002
23004,0.892
96554,0.13
45633,0.978
8230,0.06
103283,0.306
2213,0.334
99355,0.022
35776,1.0
11211,0.848
54069,0.32
53212,0.824
115891,0.268
37306,0.956
647,0.784
91275,0.01
48304,0.684
26353,0.15
54270,0.822
4830,0.84
99881,0.87
58718,0.982
5288,0.944
114861,0.478
4233,0.968
47526,0.9
54043,0.574
2578,0.224
65214,0.85
56879,0.628
10429,0.246
38080,0.988
54593,0.63
112886,0.26
43266,0.528
116912,0.108
20742,0.26
57415,0.376
12024,0.088
10774,0.308
15062,0.264
5959,0.014
22764,0.202
103099,0.342
121003,0.398
4591,0.908
102571,0.426
107717,0.488
109600,0.044
70397,0.652
17501,0.482
51930,0.804
114316,0.49
39657,0.45
57248,1.0
81661,0.0
9851,0.22
25570,0.104
33865,0.036
29786,0.412
47099,0.626
59994,0.294
124783,0.438
50059,0.16
43534,0.312
3769,0.088
14990,0.264
43817,0.764
77503,0.002
115881,0.842
29121,0.99
65497,0.422
81689,0.0
32615,0.986
37272,1.0
72822,0.46
122333,0.966
1108,0.54
70270,0.694
49311,0.466
61602,0.956
104654,0.256
98557,0.26
54938,0.98
114845,0.284
85842,0.0
21415,0.466
81057,0.0
10313,0.604
3542,0.166
107801,0.358
91220,0.008
44263,0.986
96204,0.336
125121,0.82
21906,0.87
121759,0.582
58976,0.988
8365,0.354
64145,0.056
36362,1.0
28971,0.236
77071,0.0
4136,0.506
4059,0.178
49034,0.966
85477,0.012
88641,0.006
28053,0.298
115820,0.878
48319,0.218
1132,0.642
124735,0.434
76416,0.006
78053,0.0
91782,0.01
33977,0.98
39214,0.53
32774,0.888
73893,0.358
101173,0.252
36916,0.49
66937,0.26
70360,0.444
8377,0.122
27157,0.446
41714,0.772
62213,0.87
27003,0.424
99316,0.166
76653,0.002
92929,0.992
54632,0.506
34546,0.972
114429,0.902
38234,0.964
57947,0.874
50362,0.356
10072,0.23
36752,0.98
14234,0.404
45265,0.354
26761,0.95
107575,0.978
84104,0.002
45637,0.95
93137,0.998
71574,0.114
2464,0.704
367,0.406
76867,0.0
30218,0.544
47352,0.88
32583,0.97
115369,0.352
75253,0.012
58525,0.864
45210,0.088
26178,0.182
103810,0.86
26428,0.522
100626,0.656
112302,0.36
72933,0.648
74185,0.318
118711,0.43
14419,0.562
56812,0.254
104468,0.392
107223,0.958
101530,0.43
101733,0.308
109596,0.082
99902,0.346
14394,0.95
2428,0.104
4660,0.844
44331,0.95
29545,0.378
40798,0.312
54952,0.978
82001,0.0
7623,0.154
10397,0.796
87399,0.0
2668,0.096
6008,0.154
73563,0.354
71709,0.768
14379,0.906
23279,0.714
4378,0.822
17035,0.132
71896,0.332
28462,0.028
108334,0.712
45707,0.584
70299,0.34
34387,0.58
86189,0.0
107117,0.96
22316,0.64
13122,0.996
63901,0.658
29165,0.204
105375,0.942
121831,0.336
95634,0.348
20461,0.306
102331,0.208
45803,0.594
28007,0.208
69234,0.308
39261,1.0
66125,0.26
30898,0.682
16706,0.408
93292,0.264
49385,0.576
47317,0.466
102752,0.164
60519,0.554
109598,0.04
26582,0.386
15960,0.254
75033,0.006
10881,0.922
26664,0.948
43256,0.97
55570,0.222
38007,0.998
14872,0.222
122126,0.282
100111,0.23
106580,0.504
109072,0.054
110505,0.15
76884,0.002
103512,0.148
87800,0.0
24585,0.056
110126,0.078
97843,0.012
87722,0.002
28980,0.666
73850,0.082
65404,0.18
18589,0.166
34024,0.224
76289,0.0
71589,0.262
64451,0.994
53525,0.876
96969,0.174
2307,0.24
30934,0.116
107797,0.33
84358,0.0
27277,0.292
54848,0.466
76927,0.0
68668,0.298
40016,0.96
78133,0.004
97151,0.184
118795,0.29
47432,0.224
40940,0.998
91885,0.006
93948,0.804
17759,0.432
118455,0.336
1554,0.552
18946,0.004
56855,0.262
27449,0.158
17929,0.944
67811,0.434
109500,0.052
22797,0.608
26105,0.846
98364,0.244
34266,0.158
53916,0.81
47825,0.934
96190,0.338
78184,0.0
97205,0.272
125139,0.606
120484,0.87
66828,0.252
54967,0.078
42123,0.988
77225,0.002
83436,0.0
45694,0.564
105672,0.444
65763,0.276
72990,0.898
108310,0.402
24605,0.102
117612,0.708
75537,0.004
103500,0.246
13521,0.972
31655,0.93
103205,0.178
52160,0.386
34948,0.638
106305,0.972
76816,0.004
119959,0.15
64448,0.994
111838,0.276
72918,0.34
33524,0.184
51689,0.228
47841,0.86
117657,0.73
98406,0.192
73967,0.39
19740,0.226
112999,0.32
107609,0.476
43649,0.986
27477,0.314
88414,0.002
17742,0.392
62921,0.368
4,0.632
83423,0.0
24274,0.748
51946,0.79
42583,0.898
94429,0.298
76925,0.0
42701,1.0
74560,0.834
55585,0.244
53418,0.948
38896,0.494
26999,0.638
42072,0.99
121568,0.862
18153,0.984
2819,0.178
50007,0.728
123015,0.334
64918,0.794
100585,0.278
81890,0.0
91333,0.002
11525,0.03
87788,0.0
6754,0.266
97745,0.494
49006,0.966
78988,0.016
48267,0.188
118988,0.33
47435,0.508
100367,0.2
51251,0.314
82554,0.0
118566,0.152
11243,0.178
27681,0.074
77905,0.002
74561,0.836
79254,0.0
74545,0.564
23759,0.768
57454,0.514
96717,0.934
8370,0.4
121813,0.88
53821,0.2
18599,0.8
116371,0.65
121726,0.49
10989,0.124
8222,0.338
35732,0.914
27834,0.77
42945,0.95
96397,0.258
54503,0.332
817,0.774
59259,0.896
68736,0.014
72030,0.04
30967,0.998
119824,0.376
34506,0.94
112901,0.796
105561,0.642
65433,0.078
28356,0.122
52324,0.362
107508,0.238
88373,0.006
98312,0.216
3119,0.242
1741,0.67
45925,0.996
25254,0.36
88700,0.002
74260,0.218
9334,0.512
81876,0.004
71316,0.162
109415,0.1
110575,0.166
67682,0.416
73020,0.976
100862,0.63
10095,0.208
124831,0.934
52239,0.174
18099,0.978
95425,0.454
50425,0.532
43317,0.948
83878,0.0
55725,0.416
41730,0.426
56909,0.938
50954,0.69
40070,0.81
84824,0.0
78919,0.004
122357,0.494
63821,0.534
97623,0.388
34544,0.968
87522,0.0
16572,0.394
31884,1.0
95108,0.744
58869,0.394
110038,0.074
6528,0.026
92902,0.998
13355,0.068
31262,0.46
51068,0.394
34177,0.974
45300,0.984
34503,0.492
7063,0.266
15398,0.212
17499,0.352
61322,0.248
60864,0.966
77055,0.0
111979,0.636
55140,0.166
112314,0.86
82316,0.0
90945,0.006
55668,0.13
31453,0.262
44990,0.856
105673,0.628
62193,0.918
50256,0.898
48451,0.99
78078,0.0
72061,0.384
71193,0.446
93305,0.244
76803,0.002
60087,0.694
38751,0.704
42109,0.98
61931,0.884
104185,0.148
11345,0.43
12256,0.304
27271,0.218
123990,0.93
347,0.31
27147,0.88
88163,0.0
55259,0.952
14387,0.946
33400,0.268
565,0.346
122946,0.624
35196,0.98
69654,0.774
76668,0.0
86392,0.004
102968,0.19
24095,0.142
57384,0.928
88823,0.012
123750,0.962
96513,0.082
49695,0.374
27673,0.066
118663,0.884
108622,0.262
53685,0.286
87272,0.0
21628,0.882
28576,0.602
64129,0.366
111376,0.05
26931,0.286
39864,0.914
18495,0.304
107229,0.994
110646,0.036
107703,0.24
30581,0.984
77712,0.012
108063,0.236
115896,0.406
87493,0.002
69284,0.34
15539,0.932
115177,0.326
93060,0.996
35856,0.946
119839,0.48
33120,0.466
122120,0.054
31834,1.0
27713,0.594
109082,0.096
100743,0.096
119166,0.87
13680,0.408
68317,0.484
82661,0.0
40980,1.0
5861,0.404
24341,0.25
61808,0.54
95993,0.31
81440,0.0
42326,0.024
58336,0.994
26186,0.238
6809,0.38
40155,0.41
92879,0.856
6294,0.634
83112,0.002
52510,0.22
101332,0.266
123576,0.932
115134,0.276
10192,0.25
71797,0.384
112426,0.584
92701,0.284
29207,0.156
119100,0.274
77837,0.0
62974,0.734
82732,0.006
88891,0.002
64040,0.776
63748,0.746
98075,0.042
119905,0.454
8793,0.18
116649,0.378
72281,0.136
19091,0.272
6757,0.598
9178,0.956
2177,0.448
86519,0.002
30104,0.006
30610,0.926
37007,0.816
8297,0.188
51845,0.808
100258,0.34
7095,0.328
115880,0.8
33367,0.9
99596,0.572
48211,0.718
124291,0.982
114734,0.94
56417,0.556
60693,0.74
31182,0.854
40812,0.992
110185,0.074
45865,1.0
17301,0.392
66703,0.32
72320,0.47
86293,0.0
84128,0.0
31586,0.646
69150,0.444
29575,0.494
21508,0.926
119714,0.98
59980,0.266
57730,0.848
94166,0.996
55627,0.144
75895,0.004
58781,0.258
54539,0.234
6578,0.02
124104,0.598
92981,1.0
3881,0.042
105019,0.296
31287,0.132
123177,0.982
117798,0.286
60484,0.846
15757,0.15
122513,0.342
103286,0.79
11832,0.016
72327,0.88
104243,0.288
1481,0.706
69037,0.302
49859,0.344
19671,0.908
45794,0.876
91431,0.01
82835,0.0
43373,0.994
77460,0.006
102208,0.316
60201,0.304
83997,0.0
61618,0.086
34051,0.034
630,0.592
111344,0.044
87511,0.002
70803,0.432
64445,0.982
75411,0.004
39863,0.966
121537,0.934
123460,0.54
124640,0.896
120093,0.212
113420,0.936
12181,0.266
4221,0.944
40754,0.234
124909,0.306
941,0.734
41280,0.982
981,0.706
4998,0.992
20180,0.75
109460,0.032
4210,0.582
102176,0.724
103608,0.36
21271,0.326
28868,0.948
96638,0.698
1466,0.408
33802,0.684
20637,0.92
90718,0.016
21668,0.524
38819,0.992
118657,0.864
87103,0.004
9122,0.26
72807,0.596
97825,0.934
29870,0.026
26469,0.088
18563,0.72
101162,0.506
86748,0.004
36228,0.304
72148,0.424
123836,0.472
35226,0.994
119380,0.242
6824,0.33
22353,0.876
44839,0.524
48274,0.268
83949,0.006
65725,0.784
80828,0.0
54909,0.856
46649,0.962
94614,0.156
8976,0.262
2574,0.32
46550,0.92
103799,0.444
63577,0.986
100172,0.674
80547,0.002
23713,0.982
26705,0.218
3407,0.244
28065,0.272
58224,1.0
39774,0.964
116286,0.212
51900,0.46
102724,0.292
5003,1.0
113254,0.12
110804,0.14
50663,0.31
58972,1.0
34967,0.832
47150,0.262
113452,0.294
10187,0.256
110529,0.044
99345,0.044
22596,0.086
41408,0.494
61330,0.188
123063,0.898
16425,0.52
74739,0.3
51982,0.412
123654,0.864
46433,0.952
25650,0.026
58120,0.442
68267,0.426
109122,0.158
14738,0.958
88926,0.024
33336,0.726
118155,0.074
13910,0.242
59056,0.998
119074,0.442
44881,0.998
10237,0.556
89158,0.014
29873,0.094
103592,0.276
95026,0.492
64753,0.476
41396,0.29
53333,0.986
60603,0.384
47220,0.222
110732,0.228
103097,0.36
31064,0.446
24849,0.444
12457,0.186
87029,0.006
33139,0.244
99380,0.138
52699,0.338
46898,0.622
115300,0.544
114015,0.092
25521,0.914
3306,0.74
28251,0.436
93515,0.22
89045,0.008
107472,0.384
124440,0.946
13461,0.248
15895,0.592
97989,0.062
42016,0.966
40236,0.992
13784,0.49
57817,0.936
124283,0.886
19810,0.674
71126,0.388
93533,0.322
102714,0.696
19428,0.758
53552,0.438
100250,0.792
46102,0.874
101991,0.398
66545,0.292
29817,0.506
48721,0.922
109168,0.04
3856,0.306
8783,0.902
42838,0.12
15527,0.936
107198,0.9
62984,0.614
76086,0.004
92303,0.382
119588,0.248
100161,0.326
31395,0.978
97753,0.806
12848,0.634
31845,0.978
98567,0.138
51179,0.622
78336,0.002
69159,0.6
116794,0.452
6243,0.416
38425,0.13
45727,0.068
77760,0.0
78242,0.0
81035,0.002
50354,0.382
543,0.316
26405,0.484
96316,0.302
28667,0.252
52419,0.532
40128,0.27
107928,0.204
96307,0.264
69448,0.416
26649,0.454
109376,0.01
14267,0.078
48731,0.984
44507,0.902
119742,0.824
115462,0.152
46389,0.422
50742,0.286
21749,0.848
43641,0.988
56622,0.334
67013,0.226
101832,0.316
14080,0.26
112447,0.196
1163,0.764
66989,0.336
67081,0.162
59040,0.992
84759,0.004
6456,0.412
111526,0.658
110966,0.036
67978,0.178
111417,0.268
82442,0.01
12666,0.188
46391,0.674
92491,0.31
123043,0.532
65844,0.764
115340,0.906
81001,0.004
45906,0.992
76322,0.002
111460,0.878
115366,0.43
69225,0.28
19295,0.272
435,0.266
73505,0.334
3243,0.984
14820,0.94
16088,0.3
3947,0.114
19158,0.554
99371,0.036
17096,0.846
35092,0.882
5243,0.95
58534,0.954
54357,0.926
79734,0.002
77677,0.002
62440,0.972
90095,0.002
47900,0.878
1866,0.686
8726,0.266
55354,0.984
9893,0.442
40282,0.986
57819,0.944
40302,0.998
18298,0.982
35688,0.644
87428,0.004
70661,0.436
108429,0.228
71341,0.726
81912,0.0
90376,0.006
89508,0.012
44205,0.674
95647,0.458
15131,0.31
76073,0.0
56888,0.97
30482,0.998
90299,0.01
42920,0.942
6217,0.044
13368,0.628
54995,0.556
8455,0.7
76090,0.002
93944,0.824
101314,0.11
99467,0.044
49420,0.856
109091,0.026
15686,0.414
5887,0.138
103377,0.106
22662,0.324
59211,0.668
103113,0.298
123333,0.82
102356,0.242
62594,0.772
111459,0.546
92260,0.174
45781,0.158
31168,0.236
93023,0.982
99538,0.406
56277,0.852
123297,0.466
75339,0.0
69077,0.542
56493,0.918
119442,0.092
95024,0.936
93686,0.612
46510,0.914
30734,0.948
64593,0.228
48425,0.982
19283,0.532
90232,0.01
4881,0.994
19647,0.84
108932,0.062
47410,0.67
3952,0.18
68842,0.004
93873,0.114
62573,0.782
39219,0.612
91555,0.012
97218,0.402
105787,0.144
16428,0.304
120690,0.29
85399,0.0
65008,0.934
103997,0.312
47280,0.61
108102,0.132
66182,0.854
106125,0.92
113751,0.128
94707,0.074
33092,0.506
121854,0.774
73877,0.22
53325,0.97
75769,0.0
12330,0.488
62100,0.938
116442,0.396
53381,0.982
68395,0.532
110451,0.064
65309,0.99
36923,0.34
48632,0.884
10929,0.41
14668,0.846
29649,0.954
117152,0.378
90643,0.036
16697,0.312
46686,0.978
91636,0.01
40585,0.778
41776,0.154
105502,0.352
114197,0.052
83067,0.0
87600,0.0
37658,0.966
119964,0.382
50902,0.228
88051,0.004
112463,0.204
51228,0.24
9409,0.558
26590,0.576
45444,0.542
122236,0.052
37108,0.982
81072,0.002
31534,0.64
111517,0.124
7170,0.078
48672,0.99
41145,1.0
32362,0.724
67631,0.242
19028,0.172
75467,0.0
71934,0.138
27179,0.286
123684,0.376
89587,0.004
62404,0.722
45589,0.538
102370,0.38
22829,0.692
7603,0.164
31490,0.99
7728,0.054
115225,0.834
117309,0.894
78164,0.0
93844,0.198
41757,0.292
42692,1.0
109434,0.032
88985,0.006
95479,0.344
47654,0.76
6278,0.244
59060,1.0
124250,0.934
8075,0.384
19839,0.518
119366,0.946
9924,0.362
107667,0.39
99117,0.758
8761,0.906
31579,0.91
23884,0.232
84330,0.002
85912,0.004
56551,0.536
61205,0.324
118156,0.208
92704,0.432
56985,0.696
63553,0.966
85102,0.0
117620,0.536
57300,0.122
122026,0.904
167,0.738
62326,0.958
65565,0.798
34607,0.958
95481,0.342
90259,0.004
12579,0.456
119867,0.178
77647,0.012
101580,0.374
46537,0.974
53010,0.98
49736,0.362
116243,0.242
89546,0.01
84698,0.0
66925,0.25
87485,0.0
72894,0.324
114993,0.366
50929,0.426
38244,0.982
39994,0.46
113997,0.184
76634,0.0
56655,0.828
74631,0.768
59015,0.994
43490,0.972
114656,0.258
75198,0.004
67928,0.34
39152,0.998
95058,0.802
60931,0.254
46106,0.312
68960,0.032
3035,0.898
32201,1.0
7996,0.156
97752,0.446
6799,0.248
5226,0.892
78243,0.0
33401,0.642
31656,0.96
40330,0.998
65660,0.92
73911,0.246
53003,0.97
97646,0.034
61145,0.992
122657,0.618
62759,0.278
31813,1.0
48992,0.896
97091,0.186
54328,0.974
32111,0.794
87571,0.004
55451,0.99
8034,0.062
67936,0.372
107471,0.59
35116,0.994
92587,0.412
86443,0.0
101494,0.66
66754,0.158
115819,0.686
78072,0.0
101891,0.27
111617,0.318
21924,0.568
116312,0.318
59724,0.976
78122,0.008
87956,0.002
111141,0.114
806,0.648
112767,0.1
75327,0.002
110949,0.078
1381,0.504
80452,0.0
76401,0.002
39026,1.0
107594,0.14
102689,0.232
25948,0.188
56426,0.948
77087,0.0
95733,0.122
20477,0.286
104114,0.202
110070,0.034
53098,0.996
48365,0.282
78040,0.0
120782,0.898
90787,0.002
95489,0.898
54576,0.898
37046,1.0
103256,0.432
88262,0.0
72369,0.444
87112,0.01
32146,0.91
120336,0.364
63847,0.396
101345,0.3
14168,0.37
6634,0.09
113766,0.958
56250,0.648
106840,0.996
26442,0.29
89959,0.016
34097,0.212
71194,0.564
76682,0.0
25188,0.93
93345,0.248
40219,0.948
37963,0.994
37705,0.238
115169,0.214
14067,0.076
23340,0.786
107289,0.45
76553,0.006
64391,0.912
40902,1.0
76035,0.002
4148,0.84
20329,0.904
2527,0.702
71932,0.078
51191,0.84
83344,0.0
82761,0.0
94056,0.942
23697,0.972
77371,0.0
90018,0.006
87598,0.0
20773,0.358
96895,0.688
33403,0.248
12998,0.454
48527,0.978
49270,0.496
36275,0.436
124514,0.912
104389,0.634
31693,0.546
111631,0.174
13633,0.582
10592,0.026
29744,0.966
74635,0.264
25966,0.304
21878,0.902
113518,0.54
6801,0.242
18439,0.122
105595,0.118
24406,0.242
26796,0.92
116505,0.616
15586,0.936
51277,0.384
119696,0.78
29353,0.14
94541,0.26
46159,0.94
58321,0.972
90592,0.01
7666,0.402
43892,0.978
109209,0.032
25637,0.174
121207,0.292
26842,0.934
65053,0.67
11854,0.066
40753,0.526
17911,0.44
64784,0.236
24852,0.356
52659,0.358
55502,0.978
9021,0.058
81232,0.0
14952,0.632
42917,0.514
86983,0.0
55444,0.98
83533,0.0
111552,0.126
30030,0.834
122531,0.364
108787,0.046
51010,0.246
123760,0.554
29539,0.86
112797,0.308
44,0.514
112392,0.372
24236,0.834
8447,0.718
104851,0.31
61087,0.976
1569,0.412
76680,0.002
92302,0.196
46516,0.936
108710,0.044
115516,0.484
60421,0.52
43914,0.966
51390,0.8
70112,0.51
117083,0.542
118913,0.212
26002,0.098
25296,0.91
114034,0.72
34331,0.744
19750,0.33
121851,0.262
76837,0.004
61276,0.884
82705,0.0
21847,0.846
107543,0.886
95014,0.952
10945,0.166
6262,0.208
112561,0.28
76177,0.0
44872,0.998
108603,0.34
22560,0.078
123123,0.988
98128,0.336
61535,0.316
81676,0.0
44067,0.738
72893,0.208
1472,0.416
66676,0.324
24770,0.51
39062,1.0
87169,0.0
108774,0.152
59537,0.948
123372,0.452
49096,0.55
6700,0.6
114215,0.224
44806,0.72
65661,0.914
122962,0.404
72459,0.358
49927,0.302
39354,0.878
73654,0.35
79175,0.002
101850,0.298
76266,0.0
61905,0.28
111114,0.276
10372,0.772
108408,0.754
50068,0.24
70136,0.504
50904,0.208
23311,0.71
10029,0.528
69304,0.42
29771,0.31
88951,0.02
72845,0.328
109101,0.068
28988,0.33
101596,0.252
39234,1.0
41907,0.628
86915,0.0
83174,0.0
63826,0.234
43656,0.674
47062,0.26
74519,0.258
30785,1.0
46178,0.984
98062,0.062
109651,0.014
103517,0.634
117977,0.172
78686,0.0
121251,0.498
56260,0.804
39072,1.0
97543,0.126
33550,0.248
22603,0.142
56596,0.362
56295,0.91
110817,0.054
72661,0.202
49702,0.548
115928,0.21
56537,0.952
98701,0.458
36273,0.444
42132,0.958
64122,0.77
78587,0.008
45658,0.422
114671,0.386
22413,0.888
83253,0.0
7165,0.436
48090,0.242
12836,0.602
93358,0.206
59520,0.976
13288,0.918
23341,0.59
6253,0.684
110281,0.026
1208,0.796
86830,0.004
19510,0.964
107760,0.432
68103,0.28
95798,0.35
50602,0.25
39768,0.986
95641,0.49
100998,0.654
69461,0.79
94974,0.758
69555,0.28
8340,0.398
95031,0.214
21258,0.206
116402,0.188
60049,0.26
100729,0.144
12338,0.124
76169,0.002
30622,0.99
35450,0.924
92450,0.392
63449,0.542
124581,0.916
70993,0.578
110408,0.086
65932,0.396
12011,0.196
10097,0.668
48262,0.222
33235,0.312
44384,0.998
70974,0.162
82260,0.0
97335,0.842
25897,0.136
31004,0.986
32372,0.974
9176,0.904
43264,0.98
67605,0.248
62567,0.85
8655,0.556
74448,0.338
124874,0.936
115135,0.162
2993,0.866
122366,0.334
104482,0.57
35042,0.608
90393,0.002
51592,0.34
122223,0.334
99557,0.336
80995,0.0
23153,0.436
69646,0.636
98976,0.17
92523,0.598
93642,0.75
8633,0.206
14751,0.97
121138,0.152
100231,0.588
44778,0.198
95723,0.206
90243,0.012
91677,0.006
87171,0.002
95474,0.398
36290,0.714
45299,0.854
22601,0.124
51999,0.428
33715,0.534
38459,0.982
105604,0.138
97717,0.73
105854,0.098
26595,0.894
42541,0.98
89787,0.002
24060,0.166
43604,0.954
11061,0.386
69551,0.372
48854,0.968
58110,0.882
77689,0.002
40897,0.88
66400,0.172
82787,0.0
101795,0.266
23651,0.97
62104,0.954
44517,0.938
35458,0.606
56904,0.986
16015,0.368
116150,0.332
114058,0.312
74645,0.296
6473,0.102
48361,0.802
76607,0.0
828,0.788
54466,0.338
58364,0.538
122115,0.17
51851,0.822
103376,0.064
43685,0.936
78213,0.0
29428,0.16
97712,0.308
32148,0.998
121878,0.42
34259,0.236
95979,0.19
62865,0.414
7431,0.156
64221,0.758
496,0.548
111647,0.188
7036,0.832
50036,0.298
65563,0.624
37175,0.912
36612,0.996
112879,0.26
43657,0.918
32222,0.244
809,0.758
66185,0.434
30596,0.99
990,0.746
41964,0.982
37742,0.994
39422,0.994
123330,0.334
42049,0.992
62253,0.912
50409,0.298
122662,0.568
12284,0.268
40463,0.942
104166,0.35
99150,0.286
11532,0.178
6420,0.298
93491,0.26
2856,0.216
84105,0.0
47029,0.196
124124,0.938
73647,0.27
111989,0.29
124810,0.516
118699,0.086
15984,0.54
12798,0.712
60364,0.636
93815,0.846
109593,0.042
96398,0.252
84660,0.0
83771,0.002
67432,0.304
5019,1.0
99110,0.622
21437,0.908
82611,0.0
125147,0.588
27132,0.364
45674,0.968
80125,0.0
116019,0.52
10386,0.182
70580,0.428
78326,0.0
12610,0.614
85851,0.002
9755,0.202
1545,0.322
18897,0.024
39028,1.0
97514,0.984
55730,0.658
61971,0.898
73573,0.22
78791,0.0
40352,0.998
90758,0.008
84000,0.0
42841,0.082
99711,0.52
90054,0.016
28803,0.974
91969,0.072
14866,0.464
62423,0.972
4680,0.94
122128,0.358
65799,0.32
237,0.25
67097,0.172
37938,0.452
10569,0.1
50552,0.472
50143,0.132
49471,0.53
78762,0.0
8278,0.392
99485,0.612
45951,0.99
107510,0.316
28158,0.412
80310,0.0
124409,0.718
68402,0.268
94845,0.156
69169,0.26
72989,0.858
18230,1.0
42517,0.994
30369,0.986
88329,0.008
73060,0.986
76835,0.004
112112,0.244
54420,0.382
97354,0.974
111230,0.38
39603,1.0
123744,0.962
72870,0.236
112892,0.24
88454,0.0
33456,0.978
99075,0.278
17476,0.97
43996,0.978
20733,0.062
48655,0.98
33892,0.04
57778,0.9
107262,0.998
23582,0.97
41454,0.992
90784,0.0
90217,0.014
76991,0.002
49488,0.408
40509,0.988
18922,0.062
57045,0.992
21490,0.862
61709,0.786
23461,0.158
57318,0.51
54082,0.384
69135,0.086
100667,0.422
110970,0.08
23347,0.426
14900,0.242
53126,0.958
40868,0.986
108078,0.388
109738,0.016
55155,0.478
50342,0.23
58001,0.978
41812,0.272
76954,0.0
43018,0.956
67768,0.37
89142,0.008
85819,0.0
120835,0.888
39760,0.442
116216,0.99
108514,0.54
115960,0.894
46717,0.964
29885,0.03
81857,0.0
60948,0.354
2889,0.7
54474,0.25
52030,0.27
117361,0.302
53290,0.836
90777,0.002
45786,0.24
116673,0.38
122735,0.638
14405,0.95
32189,0.996
24736,0.462
123434,0.96
30824,0.968
85340,0.002
58645,0.998
122952,0.964
60724,0.43
65255,0.092
101673,0.444
68572,0.638
13650,0.156
73617,0.198
78267,0.012
89355,0.006
105577,0.146
4808,0.76
63313,0.946
33919,0.952
12784,0.374
96583,0.32
1188,0.614
80371,0.0
16987,0.9
42379,0.654
106450,0.312
81577,0.01
117711,0.828
59337,0.548
78302,0.002
43429,0.994
31479,0.95
85758,0.002
17354,0.406
34655,0.996
88240,0.002
1500,0.47
104405,0.324
39110,0.998
47674,0.93
18581,0.432
83233,0.002
123106,0.442
27410,0.814
111350,0.2
50169,0.438
74532,0.064
25399,0.944
115297,0.344
1028,0.812
96026,0.214
99084,0.342
123938,0.996
34045,0.034
75918,0.0
124134,0.892
14044,0.828
2266,0.88
91362,0.002
7851,0.38
51499,0.192
109525,0.162
121549,0.972
409,0.394
118649,0.864
20414,0.956
99727,0.632
113109,0.138
22883,0.868
13250,0.652
116655,0.59
14722,0.97
110947,0.046
43765,0.04
22726,0.408
101024,0.028
106922,0.896
29922,0.002
8643,0.564
81356,0.0
78318,0.0
2479,0.176
110159,0.096
35030,1.0
109831,0.09
77069,0.006
95257,0.042
75402,0.002
60220,0.946
93974,0.162
105688,0.402
118077,0.334
88897,0.018
90275,0.006
114042,0.298
77333,0.0
22620,0.348
54729,0.5
49423,0.474
111952,0.574
122003,0.95
67595,0.392
85983,0.002
62566,0.376
118545,0.162
115230,0.962
3886,0.064
104619,0.668
39147,1.0
16885,0.336
85210,0.0
69862,0.892
66629,0.138
86526,0.0
22453,0.868
65992,0.534
117698,0.576
76941,0.0
78699,0.0
94884,0.182
64479,0.996
15194,0.482
110489,0.07
68767,0.022
82410,0.0
84058,0.0
54020,0.48
68873,0.012
117485,0.662
85564,0.0
46089,0.902
57581,0.97
83550,0.0
26952,0.906
77744,0.0
23145,0.452
92503,0.138
56602,0.87
25883,0.218
80641,0.002
29684,0.388
25224,0.9
60558,0.986
32918,0.58
43620,0.966
114434,0.982
32386,0.932
86576,0.0
70946,0.894
107090,0.992
14203,0.974
96339,0.322
52380,0.52
31697,0.576
107214,0.948
92643,0.214
92592,0.13
8430,0.382
46054,0.452
98233,0.128
112029,0.8
31138,0.604
103905,0.196
88363,0.004
18282,1.0
75980,0.016
99393,0.084
38836,0.502
96163,0.426
123985,0.96
2548,0.074
17178,0.654
2887,0.206
119596,0.736
35526,0.91
2810,0.074
88078,0.0
51039,0.48
80939,0.004
94341,0.18
95294,0.198
65031,0.396
121223,0.276
123544,0.962
104155,0.108
30995,0.496
53215,0.972
76739,0.0
93890,0.09
96130,0.458
66866,0.334
31011,0.998
59459,0.552
28620,0.236
107735,0.29
16101,0.378
119677,0.812
2437,0.246
72318,0.358
117442,0.28
2722,0.044
85961,0.0
4937,0.996
40597,0.802
17552,0.284
3788,0.146
35890,0.864
43915,0.926
46765,0.432
123701,0.196
4927,0.99
7178,0.106
13042,0.986
75768,0.002
63731,0.73
1588,0.716
60407,0.592
78082,0.0
59461,1.0
114212,0.078
93272,0.17
10360,0.252
980,0.454
120476,0.212
45471,0.854
100643,0.202
112073,0.566
49950,0.33
75068,0.004
27213,0.202
24894,0.08
52552,0.274
95915,0.392
77994,0.01
100365,0.238
33854,0.052
35455,0.994
76005,0.006
86380,0.0
39662,0.958
44458,1.0
93057,0.894
123881,0.472
38582,0.61
122623,0.922
58404,0.754
101680,0.228
88832,0.006
120528,0.274
25040,0.516
55256,0.838
114748,0.296
117805,0.286
74529,0.71
11935,0.07
81162,0.0
33279,0.248
53347,0.984
23685,0.952
46703,0.972
53729,0.372
30280,0.992
36547,0.258
71739,0.234
98079,0.026
108786,0.036
59565,0.998
9476,0.296
63547,0.986
30224,0.932
2040,0.908
54404,0.95
17543,0.386
30808,1.0
56559,0.9
80447,0.008
69209,0.142
19436,0.796
77749,0.002
6400,0.522
41477,1.0
95873,0.182
50760,0.754
105697,0.244
57088,0.66
69394,0.16
26133,0.896
113155,0.424
86727,0.002
82852,0.0
122983,0.492
53777,0.292
26360,0.332
83930,0.002
10215,0.216
65576,0.362
55697,0.442
10923,0.612
56204,0.478
66654,0.112
30095,0.004
7411,0.196
66164,0.586
17383,0.314
29232,0.94
107945,0.322
84211,0.002
80896,0.0
72718,0.284
26272,0.446
122263,0.394
44151,0.942
120973,0.924
7258,0.602
106626,0.178
78493,0.004
80365,0.0
10513,0.144
21619,0.84
86552,0.006
52177,0.242
52423,0.682
115151,0.626
115545,0.81
66519,0.316
41629,0.084
47948,0.918
109989,0.086
115916,0.388
43440,0.974
26871,0.932
86459,0.0
57083,0.992
84892,0.0
82649,0.0
116554,0.216
4757,0.894
58285,0.848
52123,0.504
43024,0.978
25178,0.948
64386,0.788
115637,0.612
67092,0.474
57565,0.894
43492,0.948
81675,0.0
45894,0.906
121008,0.646
95463,0.27
29375,0.532
6692,0.906
97340,0.934
26059,0.552
19109,0.73
60682,0.99
89831,0.0
123944,0.97
111477,0.486
6409,0.828
52701,0.358
28102,0.42
886,0.802
59708,0.96
23568,0.968
50388,0.288
47966,0.148
64249,0.894
19112,0.744
86046,0.0
30416,0.996
1644,0.382
122950,0.726
27264,0.254
112158,0.824
32378,0.976
27505,0.238
123138,0.948
78187,0.0
35456,0.96
79520,0.002
28737,0.494
106713,0.538
70567,0.596
55760,0.992
117074,0.078
88412,0.008
88282,0.002
5724,0.036
4063,0.924
81768,0.002
39070,1.0
60825,0.96
110671,0.06
54836,0.208
59668,0.798
116374,0.916
45057,0.99
88392,0.002
12974,0.284
37642,0.994
57214,0.95
67246,0.336
25551,0.344
14101,0.438
66590,0.158
25841,0.41
9946,0.04
35015,1.0
24907,0.13
64510,1.0
2745,0.022
1526,0.808
119482,0.386
29118,0.994
82352,0.0
40239,1.0
64493,0.986
123445,0.734
41085,0.132
72624,0.58
115157,0.954
56258,0.654
94586,0.298
11220,0.88
26576,0.19
80035,0.012
59108,0.872
59013,0.984
108502,0.324
46693,0.976
67028,0.426
12595,0.308
89894,0.014
61624,0.096
44880,1.0
25998,0.184
102703,0.134
92053,0.044
28429,0.214
58089,0.94
10612,0.262
111581,0.462
69794,0.62
4125,0.454
70086,0.112
44489,0.16
10581,0.042
106276,0.998
15924,0.504
83926,0.0
16077,0.254
78875,0.0
119294,0.24
107439,0.066
102584,0.204
4246,0.96
63600,0.942
16686,0.45
48903,0.95
63968,0.364
107499,0.236
32365,0.93
119286,0.096
99497,0.146
16347,0.316
40422,1.0
51810,0.754
67585,0.334
94413,0.518
30219,0.938
118763,0.726
97613,0.374
105243,0.618
87099,0.002
28243,0.244
16152,0.812
8489,0.138
115885,0.894
99751,0.348
69860,0.46
63477,0.382
36339,0.898
12827,0.382
75002,0.026
22231,0.688
13546,0.46
6224,0.366
83365,0.0
57516,0.554
109819,0.044
116789,0.47
83082,0.002
15453,0.954
55490,0.952
69224,0.378
19279,0.638
105261,0.476
26098,0.932
25541,0.754
35240,0.998
62380,0.996
80689,0.0
108995,0.082
74717,0.268
37833,0.572
30786,0.994
59501,0.726
73811,0.736
101159,0.61
37312,0.978
112875,0.064
44449,1.0
59615,0.99
111849,0.29
79249,0.002
109788,0.044
15405,0.86
90029,0.006
92392,0.248
30563,0.902
125152,0.818
6537,0.11
35158,0.81
3758,0.218
117113,0.256
106499,0.302
54606,0.52
55154,0.166
88709,0.006
79332,0.0
842,0.802
99116,0.632
9786,0.522
3964,0.446
89966,0.004
124460,0.924
14895,0.304
90893,0.02
24371,0.364
121034,0.086
110592,0.066
53841,0.212
56818,0.354
124612,0.82
50879,0.444
93313,0.422
101871,0.538
94084,0.87
14469,0.944
92366,0.302
77989,0.002
112202,0.44
36417,0.988
83297,0.002
110839,0.03
64184,0.112
34249,0.994
91655,0.008
18473,0.14
93353,0.794
29106,0.962
123079,0.858
14573,0.78
67945,0.452
120102,0.162
56535,0.92
13700,0.382
32240,0.274
40837,0.904
5843,0.016
86590,0.0
54618,0.882
68653,0.408
96589,0.272
12813,0.54
37254,1.0
65483,0.262
4858,0.942
60376,0.494
25113,0.926
21936,0.274
98832,0.374
3173,0.092
61168,0.994
37961,0.998
14448,0.956
61503,0.808
18352,0.026
60131,0.984
71432,0.286
67801,0.428
39427,0.356
124305,0.998
93973,0.09
39411,0.912
111423,0.044
93325,0.174
25328,0.778
29401,0.194
37341,0.984
35577,0.948
39094,1.0
35400,0.834
23538,0.976
45755,0.176
38025,1.0
32937,0.03
76601,0.002
106945,0.934
41962,0.968
12266,0.514
23352,0.724
72885,0.744
32038,0.876
78130,0.0
40815,0.998
20816,0.298
29488,0.688
96101,0.302
62916,0.592
80726,0.0
3854,0.198
52362,0.766
39002,0.854
61177,0.992
50297,0.356
107737,0.224
24930,0.484
74085,0.192
39556,0.99
87052,0.0
76989,0.0
109693,0.052
43295,0.944
27511,0.072
36691,0.992
15961,0.53
4248,0.974
106431,0.138
118005,0.218
31195,0.964
95579,0.482
77900,0.028
63045,0.468
104026,0.122
89545,0.01
8309,0.266
47770,0.398
85910,0.0
11114,0.024
9064,0.124
49832,0.38
105663,0.394
82722,0.0
39800,0.988
89531,0.016
55416,0.766
13248,0.15
62289,0.918
74044,0.578
14219,0.934
114914,0.41
113910,0.124
60535,0.972
71912,0.38
55783,0.93
53598,0.216
88056,0.002
6126,0.26
97649,0.154
30641,0.872
42759,0.982
15876,0.772
74678,0.33
116359,0.246
30439,1.0
27347,0.132
39995,0.888
107560,0.994
69867,0.77
77645,0.01
40667,0.966
113723,0.222
9881,0.686
71383,0.49
52528,0.334
100955,0.218
106084,0.426
80669,0.0
63229,0.998
108706,0.044
102848,0.198
67423,0.24
20927,0.816
47984,0.982
3969,0.424
54456,0.218
98595,0.374
47370,0.994
53276,0.242
54308,0.906
48971,0.868
27390,0.164
27145,0.716
13060,0.986
92578,0.134
111807,0.29
44802,0.544
106177,0.466
20672,0.7
108681,0.078
81065,0.0
28703,0.542
95861,0.714
52042,0.464
24968,0.468
38157,0.804
86057,0.0
51291,0.416
70078,0.224
51963,0.576
103711,0.21
96483,0.66
38883,0.812
13396,0.67
187,0.684
107285,0.346
18362,0.002
122830,0.97
20242,0.664
7573,0.632
61029,0.3
15695,0.358
80134,0.0
13880,0.55
12931,0.402
4391,0.924
100719,0.28
100721,0.308
76741,0.0
53144,1.0
75822,0.002
50469,0.54
47459,0.302
109874,0.072
27086,0.364
59049,0.992
89532,0.012
111563,0.416
9790,0.17
36001,0.798
104269,0.738
20955,0.89
68049,0.446
108038,0.434
79129,0.0
93221,0.858
15306,0.3
10560,0.042
85993,0.0
21054,0.798
15497,0.944
76551,0.0
83641,0.0
40693,0.962
21096,0.294
123034,0.62
75385,0.002
1709,0.304
93798,0.29
59311,0.978
55821,0.286
109310,0.01
27088,0.248
52349,0.622
116645,0.434
34383,0.55
8244,0.176
12201,0.592
9198,0.89
22235,0.216
84648,0.01
58058,0.876
114242,0.356
68130,0.41
10530,0.304
91180,0.014
102134,0.688
38349,0.874
31843,0.672
34479,0.962
23418,0.226
30158,0.054
14807,0.97
90456,0.004
50768,0.69
117454,0.294
76423,0.006
3099,0.51
104126,0.424
34133,0.054
27258,0.292
81243,0.0
95572,0.14
25610,0.046
1896,0.374
5920,0.788
94774,0.134
113541,0.282
114065,0.464
14023,0.586
3103,0.068
63863,0.484
107164,0.962
63027,0.846
74151,0.032
106320,0.988
23492,0.376
42165,0.962
49677,0.592
70087,0.148
5601,0.98
89933,0.012
45904,0.938
16542,0.108
19711,0.766
91509,0.018
80599,0.0
15223,0.922
91031,0.008
29875,0.054
3233,0.82
29739,0.588
17653,0.824
18820,0.582
109878,0.06
15088,0.144
1421,0.442
90272,0.01
99048,0.202
102819,0.442
47785,0.922
93512,0.306
36294,0.976
94526,0.872
52256,0.402
80245,0.002
97775,0.102
7254,0.686
56782,0.878
57913,0.958
99890,0.096
101346,0.31
115588,0.488
61448,0.864
13351,0.33
101959,0.22
88890,0.008
88204,0.0
11834,0.052
101061,0.38
16231,0.706
9576,0.534
11260,0.168
66597,0.06
73405,0.258
101211,0.63
17673,0.294
72219,0.2
65811,0.4
101187,0.598
27550,0.048
13615,0.532
116620,0.338
37181,1.0
48669,0.99
101846,0.658
85420,0.0
27187,0.414
121540,0.41
93775,0.86
39877,0.996
54793,0.324
106332,0.996
29852,0.056
3074,0.172
56127,0.98
50422,0.524
71888,0.248
110721,0.102
64518,0.536
61701,0.786
102138,0.398
7340,0.152
82873,0.012
66572,0.378
89243,0.008
28962,0.52
54103,0.314
50973,0.29
71098,0.466
13725,0.256
48360,0.574
70312,0.116
55405,0.952
82504,0.002
9162,0.252
121928,0.31
11037,0.068
103102,0.236
112090,0.49
53374,0.51
124628,0.95
59917,0.242
42550,0.526
95608,0.654
4727,0.942
52360,0.77
120487,0.58
18225,0.998
49999,0.732
111789,0.556
954,0.738
108981,0.04
4325,0.992
22806,0.284
47535,0.938
25619,0.086
29324,0.46
69871,0.826
75654,0.0
103615,0.254
100659,0.16
70632,0.458
98574,0.152
10956,0.14
33875,0.046
53436,0.986
73381,0.244
59821,0.812
102970,0.186
84193,0.006
122108,0.156
105297,0.514
119621,0.062
98244,0.642
82580,0.0
82445,0.002
50363,0.584
60051,0.728
105109,0.086
52945,0.462
20189,0.234
9665,0.68
62235,0.2
33112,0.93
22282,0.694
56405,0.982
23679,0.93
45847,0.942
65615,0.602
56511,0.938
75667,0.0
70402,0.23
45848,0.982
91420,0.004
110568,0.116
53828,0.326
51947,0.802
41607,0.138
99272,0.068
95288,0.162
34241,0.998
53688,0.438
20908,0.702
79141,0.0
44306,0.958
37363,0.922
82309,0.01
121147,0.166
46012,0.31
16911,0.056
42718,0.832
72225,0.32
68204,0.478
41213,0.994
7702,0.194
71548,0.326
8479,0.194
6818,0.858
5606,0.766
54556,0.242
98972,0.22
104023,0.552
105117,0.134
38787,0.816
11091,0.346
112852,0.944
28045,0.194
61377,0.53
98169,0.9
106643,0.346
4777,0.096
17706,0.492
21993,0.062
53919,0.376
100214,0.572
74249,0.55
28587,0.528
114335,0.154
41229,0.998
47466,0.856
99686,0.258
94261,0.998
30344,0.994
80722,0.0
4226,0.858
46246,0.83
86047,0.0
77875,0.008
113412,0.48
22607,0.088
17813,0.418
62282,0.9
79200,0.016
46171,0.994
95277,0.164
42615,0.47
31689,0.974
13055,0.976
32074,0.98
5600,0.99
111084,0.214
12941,0.138
104681,0.228
15811,0.184
4433,0.88
105761,0.302
107975,0.134
102613,0.266
12871,0.456
84206,0.0
105560,0.664
33712,0.666
105412,0.696
72713,0.776
64725,0.69
13766,0.052
87432,0.002
17722,0.058
83282,0.004
50513,0.854
28315,0.102
122104,0.332
118235,0.28
47138,0.926
39306,0.556
124451,0.946
83563,0.002
85541,0.004
43779,0.15
95512,0.158
115796,0.418
95772,0.242
71911,0.684
125159,0.786
113225,0.712
21740,0.758
103432,0.056
67732,0.452
45982,0.49
57684,0.914
106178,0.22
60258,0.492
15155,0.84
51097,0.382
95604,0.676
97584,0.168
17700,0.498
17088,0.154
109597,0.064
5875,0.056
66019,0.414
29287,0.32
16278,0.246
79889,0.0
7364,0.192
72403,0.168
124703,0.51
77296,0.0
7896,0.1
62813,0.852
72996,0.91
14638,0.93
52386,0.77
79687,0.0
91000,0.008
89753,0.0
8120,0.64
56280,0.942
78366,0.004
60230,0.422
23255,0.758
99893,0.376
89138,0.008
83461,0.0
104091,0.22
121761,0.618
108943,0.036
16363,0.322
97405,0.952
24056,0.136
99967,0.214
88357,0.002
60492,0.966
96754,0.996
119523,0.802
54763,0.248
56925,0.996
7712,0.1
109124,0.076
62835,0.902
50496,0.696
36544,0.546
39578,0.982
70740,0.344
109615,0.048
116403,0.282
117462,0.448
76331,0.008
61801,0.23
72640,0.424
94218,0.998
81323,0.006
85768,0.0
59818,0.828
110830,0.074
64732,0.476
60927,0.292
117675,0.262
124165,0.964
23940,0.818
86953,0.002
75649,0.0
84725,0.0
32766,0.624
60978,0.836
27557,0.026
11311,0.3
79620,0.002
61787,0.282
49973,0.36
56205,0.456
51693,0.266
80831,0.0
55248,0.452
35912,0.516
97451,0.966
47591,0.446
47878,0.536
106549,0.232
21866,0.898
90881,0.02
54765,0.732
87258,0.016
58497,0.956
86363,0.0
72028,0.174
16449,0.386
84987,0.0
72896,0.71
52084,0.826
44035,0.444
114995,0.794
26573,0.81
16523,0.316
95738,0.6
80725,0.004
97902,0.056
120793,0.978
55528,0.916
96331,0.346
88024,0.002
79411,0.004
56675,0.98
47188,0.904
23330,0.74
96664,0.878
63671,0.388
18554,0.168
67001,0.422
64136,0.646
43612,0.99
112638,0.618
61497,0.91
41313,0.906
35617,0.996
78215,0.002
10288,0.438
90242,0.008
18422,0.78
116464,0.988
13830,0.302
57668,0.53
45284,0.504
103078,0.268
44975,0.972
5971,0.066
70711,0.33
41942,0.404
79357,0.002
81625,0.004
95377,0.424
33656,0.604
22171,0.862
50936,0.738
19219,0.94
50421,0.342
89677,0.006
119799,0.56
54637,0.568
37419,0.796
48325,0.556
119740,0.344
58771,0.55
92933,0.998
45453,0.806
68991,0.062
50950,0.32
42169,0.804
35339,0.228
84813,0.002
77003,0.0
97998,0.328
67572,0.47
6707,0.602
38730,0.62
36795,0.98
41277,0.978
11593,0.106
47760,0.722
95692,0.23
95232,0.28
116126,0.264
4197,0.07
43261,0.99
8436,0.154
27217,0.214
109163,0.06
102894,0.376
123412,0.976
37345,0.958
46692,0.978
111953,0.668
13378,0.484
9135,0.238
12145,0.26
37488,0.99
95645,0.312
91982,0.034
116711,0.344
91260,0.008
47671,0.928
59368,0.364
38804,0.9
36046,0.794
32128,0.996
39951,0.47
119852,0.432
111186,0.32
9125,0.802
17745,0.294
102448,0.162
57859,0.658
72297,0.844
55157,0.288
124924,0.756
3479,0.09
8450,0.244
17631,0.512
20381,0.96
56063,0.986
104227,0.258
24924,0.338
49334,0.316
9866,0.83
111211,0.12
59688,0.99
107455,0.274
20690,0.948
47091,0.976
90182,0.002
42159,0.47
73234,0.48
122425,0.076
69556,0.276
59147,0.87
52090,0.854
107392,0.634
54594,0.23
41343,0.958
8025,0.18
32122,0.992
123103,0.674
103691,0.156
7611,0.132
18933,0.058
43662,0.25
1072,0.32
70736,0.288
121283,0.35
64154,0.326
5912,0.388
115709,0.946
73532,0.292
39550,0.996
4889,0.984
37863,0.592
69528,0.236
72752,0.154
118330,0.076
33202,0.242
112554,0.378
68781,0.072
67964,0.298
253,0.286
82304,0.0
31229,1.0
51849,0.752
18888,0.088
63919,0.69
47935,0.418
24233,0.832
102346,0.354
71029,0.744
92519,0.636
71417,0.198
42282,0.068
29823,0.912
57175,0.674
1009,0.76
92165,0.322
48036,0.252
105148,0.236
31189,0.978
70672,0.464
80659,0.0
59780,0.262
9184,0.922
53199,0.362
119131,0.226
11415,0.448
3626,0.42
4732,0.934
39918,0.982
62881,0.91
39974,0.966
60197,0.548
48225,0.982
83458,0.004
119184,0.822
11266,0.404
72115,0.418
834,0.81
69357,0.498
19438,0.824
111692,0.254
101758,0.84
436,0.426
40076,0.94
72594,0.23
117841,0.554
52057,0.77
29282,0.762
87675,0.002
4911,0.99
101121,0.366
39809,0.992
100071,0.058
40553,0.476
14119,0.986
104103,0.32
21172,0.056
36945,0.358
69547,0.34
110811,0.062
68187,0.294
28395,0.346
6348,0.578
97112,0.56
89398,0.016
99213,0.126
60365,0.95
39142,1.0
95901,0.214
28432,0.284
109840,0.056
13205,0.428
8303,0.232
121174,0.332
74050,0.11
78944,0.018
93437,0.198
88571,0.01
94003,0.952
86396,0.0
114425,0.35
56896,0.958
47176,0.426
62415,0.94
104551,0.182
72521,0.398
13675,0.754
59906,0.882
88376,0.008
75894,0.004
35952,0.998
99937,0.266
31246,0.55
78384,0.0
57059,0.946
59938,0.788
82529,0.0
64351,0.516
84489,0.0
116733,0.38
66758,0.354
29124,0.98
40044,0.836
116295,0.352
95362,0.176
98978,0.606
83548,0.0
109212,0.018
35157,0.54
35449,0.998
33952,0.994
115064,0.436
3791,0.114
36538,0.518
4021,0.346
124349,0.646
48240,0.988
48729,0.982
61262,0.934
104878,0.224
70926,0.814
35759,0.996
78773,0.0
27192,0.672
3549,0.222
97255,0.232
92663,0.26
92158,0.382
110924,0.028
113575,0.238
51391,0.82
31484,0.988
113545,0.394
78245,0.0
65282,0.87
59659,0.996
63023,0.544
114851,0.268
19290,0.798
97175,0.11
55719,0.206
10014,0.256
67666,0.596
67783,0.238
106529,0.19
104883,0.76
53205,0.528
58156,0.356
42620,0.916
53188,0.606
32508,0.274
12213,0.806
110347,0.122
25402,0.948
121810,0.864
90252,0.004
28124,0.246
82089,0.002
31125,0.32
20351,0.942
15783,0.408
51197,0.604
47356,0.986
47712,0.212
106661,0.352
54607,0.36
97170,0.098
7406,0.704
48708,0.952
123334,0.956
68727,0.014
46027,0.356
30774,1.0
29617,0.5
99058,0.412
110121,0.014
45397,0.896
74149,0.362
95977,0.098
113555,0.376
120180,0.978
18692,0.46
35096,0.88
39697,0.998
73810,0.202
106646,0.27
34882,0.256
60476,0.44
111826,0.27
45401,0.664
124760,0.82
63396,0.832
106168,0.158
34888,0.404
87516,0.002
105928,0.682
72263,0.316
115584,0.166
61181,0.292
28733,0.932
114862,0.542
65547,0.268
84982,0.0
72212,0.574
91746,0.068
83391,0.0
68466,0.348
104988,0.36
86377,0.002
81737,0.0
106491,0.278
117125,0.45
74117,0.164
62269,0.842
45169,0.808
19606,0.87
65359,0.962
17425,0.15
52819,0.49
26148,0.4
109698,0.044
19162,0.968
59100,0.392
86492,0.002
2193,0.314
119785,0.282
92934,1.0
121024,0.67
425,0.228
92899,0.992
81483,0.0
57266,0.994
80958,0.0
103416,0.162
14253,0.056
47309,0.246
19353,0.84
81204,0.002
50628,0.606
91922,0.016
109945,0.124
118902,0.934
13807,0.238
49905,0.21
8871,0.084
23342,0.596
113322,0.15
17068,0.178
64123,0.28
82344,0.0
1326,0.446
4564,0.598
41119,0.98
30023,0.254
84417,0.0
93589,0.602
66543,0.276
28093,0.724
24174,0.452
8527,0.418
33381,0.68
40973,0.998
96083,0.166
28190,0.288
43751,0.362
34810,0.948
28849,0.334
64957,0.26
23814,0.488
11497,0.04
81456,0.006
71146,0.178
64162,0.214
2215,0.604
30653,1.0
71467,0.054
68392,0.45
110365,0.084
848,0.738
86401,0.002
53842,0.232
75138,0.006
97837,0.02
121715,0.952
57433,0.676
61493,0.536
41395,0.9
123692,0.802
9263,0.152
97303,0.548
91112,0.006
54074,0.156
30131,0.016
8839,0.282
53554,0.508
20204,0.048
92293,0.176
100458,0.572
116437,0.902
45207,0.146
59250,0.73
25989,0.188
82877,0.002
73523,0.324
90699,0.002
17467,0.898
50481,0.798
74868,0.246
121230,0.344
45730,0.112
89224,0.004
35375,0.334
106711,0.408
16668,0.668
92494,0.366
1058,0.686
50055,0.166
84609,0.002
65387,0.284
70857,0.292
93388,0.118
89458,0.0
77560,0.016
24848,0.248
82318,0.0
123398,0.978
54827,0.306
77734,0.004
94821,0.31
37025,0.996
41111,0.946
42674,0.908
69063,0.302
29584,0.758
93733,0.394
4323,0.902
57651,0.452
60526,0.824
24273,0.762
75322,0.01
60614,0.516
55213,0.486
39435,0.152
104496,0.252
93741,0.864
97577,0.152
21618,0.892
34824,0.948
93834,0.098
87305,0.008
113176,0.27
123865,0.416
48320,0.574
59751,0.652
108547,0.298
64739,0.456
2341,0.472
58540,0.964
20819,0.298
44509,0.884
19121,0.126
62343,0.998
109454,0.018
2840,0.282
57887,0.9
63772,0.808
60621,0.854
4118,0.938
55592,0.996
16024,0.416
7691,0.332
10011,0.062
56421,0.588
31593,0.914
56907,0.992
56543,0.988
59014,0.994
124970,0.64
94207,0.932
72088,0.06
96340,0.418
77508,0.002
19215,0.494
89141,0.006
96862,0.192
121828,0.196
47104,0.786
122152,0.332
102433,0.396
53457,0.992
69799,0.574
72093,0.078
56038,0.478
43003,0.954
69883,0.554
13735,0.182
74229,0.16
122495,0.892
25279,0.492
99928,0.284
50060,0.24
97594,0.152
37428,0.984
96815,0.16
2369,0.896
2618,0.704
51394,0.792
19092,0.728
10968,0.222
42636,0.73
22925,0.916
60892,0.39
62714,0.426
9037,0.204
40573,0.8
86089,0.0
44369,1.0
74816,0.23
26108,0.576
16868,0.566
115780,0.274
118668,0.456
73074,0.306
123,0.788
38017,0.998
4280,0.432
104513,0.264
69873,0.596
17937,0.818
78734,0.006
104029,0.272
86062,0.0
81599,0.0
116197,0.974
105339,0.292
25467,0.932
82613,0.0
13431,0.396
95207,0.182
11919,0.078
101186,0.356
42084,0.138
78835,0.004
37524,0.984
28975,0.452
118885,0.808
44253,0.948
78211,0.008
10786,0.692
50819,0.378
86950,0.002
50129,0.714
123818,0.08
1400,0.388
63030,0.884
102028,0.272
95443,0.276
92195,0.434
19583,0.712
8068,0.444
40080,0.926
53317,0.96
15923,0.396
30285,0.994
67612,0.192
75193,0.008
110510,0.046
106093,0.888
101274,0.246
42093,0.982
40247,0.97
12504,0.626
35149,0.256
4531,0.92
75459,0.0
6756,0.182
55545,0.898
101339,0.194
32850,0.972
96849,0.3
63066,0.502
4920,0.972
4759,0.914
81014,0.002
102129,0.37
99809,0.14
16876,0.182
70211,0.278
30487,1.0
98638,0.096
26082,0.174
109894,0.094
120825,0.774
97082,0.112
12686,0.1
7962,0.842
109179,0.096
55935,0.802
97216,0.902
106328,0.976
54352,0.874
49937,0.438
16477,0.272
44916,0.99
47839,0.424
13684,0.27
2285,0.196
35044,0.964
21088,0.418
15815,0.324
56639,0.874
70212,0.35
50583,0.504
107913,0.304
106108,0.16
22882,0.712
10496,0.05
19520,0.972
35542,0.536
36516,0.996
67359,0.324
116208,0.986
99543,0.388
118589,0.422
124981,0.678
33675,0.982
22970,0.274
51586,0.438
61746,0.764
10875,0.552
78324,0.0
34964,0.984
54958,0.948
123232,0.944
48018,0.534
53102,0.972
21533,0.922
36645,0.97
101237,0.18
69117,0.142
2075,0.956
53419,0.936
36830,0.966
61419,0.974
2110,0.212
55645,0.884
67047,0.428
53453,0.984
44021,0.936
965,0.68
61749,0.42
5406,0.938
30608,0.988
77418,0.0
90179,0.002
62407,0.904
81448,0.0
34108,0.14
112748,0.122
115028,0.166
42916,0.888
124306,0.996
20876,0.05
7829,0.11
50384,0.16
11327,0.402
57536,0.336
95569,0.698
44703,0.058
8098,0.552
86078,0.0
39593,0.996
3462,0.318
8543,0.986
2336,0.462
84570,0.002
9532,0.396
101393,0.374
60440,0.338
44577,0.998
73691,0.656
121381,0.608
83963,0.0
25818,0.002
3226,0.836
79808,0.002
44793,0.57
105670,0.274
67368,0.312
89064,0.006
120633,0.84
90888,0.012
91952,0.096
57576,0.754
44200,0.836
119775,0.074
106299,0.958
60416,0.262
93312,0.308
35140,0.996
70842,0.382
36924,0.18
102751,0.276
2942,0.228
94483,0.212
117191,0.306
77521,0.0
122604,0.87
47035,0.206
67526,0.93
75722,0.0
68133,0.396
59987,0.32
116300,0.898
34657,0.876
86897,0.0
9009,0.01
92617,0.112
46267,1.0
11727,0.256
63077,0.93
91408,0.004
54850,0.824
66674,0.49
19587,0.722
95537,0.342
75775,0.0
121232,0.75
31558,0.958
93917,0.102
29950,0.004
99332,0.19
107320,0.996
24871,0.306
82708,0.0
86024,0.0
6615,0.122
23748,0.98
112002,0.794
38566,0.964
867,0.772
116188,0.982
33861,0.106
97179,0.294
117626,0.608
2891,0.234
17575,0.276
58012,0.986
90504,0.006
97508,0.994
95016,0.924
54489,0.276
94104,0.746
93458,0.34
27108,0.626
120198,0.892
57869,0.936
118334,0.104
109599,0.064
87329,0.0
107020,0.95
82162,0.0
66847,0.19
54322,0.98
19745,0.364
40728,0.974
64437,0.982
109222,0.02
42151,0.56
37158,1.0
118462,0.276
78821,0.004
61726,0.912
84809,0.0
58621,1.0
24623,0.406
93827,0.114
37026,0.974
32932,0.014
89297,0.01
33371,0.836
109090,0.092
115715,0.164
87242,0.004
88566,0.018
73258,0.108
79490,0.0
33408,0.202
37995,0.998
101410,0.412
117421,0.18
47401,0.962
62673,0.55
18677,0.386
119718,0.348
118689,0.086
104356,0.302
71285,0.386
43197,0.936
46667,0.954
74666,0.192
7204,0.744
65492,0.8
55962,0.954
11559,0.634
74415,0.44
88572,0.002
3394,0.17
31372,0.974
15763,0.74
84752,0.002
56987,0.874
63152,0.916
80428,0.002
89752,0.002
41297,0.362
90017,0.004
64954,0.52
114111,0.312
65831,0.554
30304,1.0
118933,0.236
98891,0.048
105597,0.602
121293,0.268
57932,0.938
46140,0.68
32952,0.018
99139,0.576
28922,0.922
23671,0.98
99396,0.894
25594,0.068
113646,0.156
93778,0.412
29765,0.676
60577,0.756
51890,0.194
14825,0.93
14255,0.058
34380,0.188
118388,0.226
110713,0.056
116758,0.644
47550,0.946
37670,0.986
112623,0.588
110954,0.106
93439,0.336
71903,0.228
79467,0.0
32051,1.0
104854,0.434
21592,0.852
48577,0.996
32707,0.178
84468,0.0
30708,1.0
98458,0.336
105031,0.276
70272,0.676
25298,0.34
74310,0.572
79476,0.0
71329,0.384
97869,0.01
54148,0.374
83522,0.002
98733,0.034
60813,0.926
2504,0.608
110085,0.052
108503,0.696
21843,0.876
23797,0.226
103579,0.086
25916,0.512
109471,0.024
22932,0.77
124243,0.618
58547,0.994
14879,0.372
123501,0.956
24555,0.098
58622,1.0
50668,0.564
79987,0.002
92455,0.398
73387,0.352
3625,0.774
54769,0.67
53643,0.14
123733,0.98
22218,0.908
47064,0.312
3900,0.3
64309,0.918
45412,0.88
31719,0.998
112290,0.3
37596,0.978
82503,0.0
93130,0.988
36599,0.91
92352,0.296
22439,0.862
70898,0.272
100007,0.29
97167,0.266
47503,0.936
69295,0.402
66032,0.438
43689,0.946
47365,0.988
11989,0.026
64049,0.54
37530,0.99
33874,0.048
3123,0.796
8855,0.428
44615,1.0
93542,0.114
74082,0.166
81390,0.0
89524,0.02
41139,1.0
45233,0.814
75026,0.002
20447,0.938
110779,0.106
10979,0.524
106689,0.264
9390,0.234
14186,0.89
85869,0.008
18688,0.346
27409,0.248
3077,0.564
78903,0.0
25747,0.254
5127,1.0
70920,0.786
100553,0.386
116084,0.304
116182,0.962
109692,0.018
24861,0.328
88039,0.008
35432,0.914
56256,0.59
82589,0.004
50298,0.362
48532,0.55
83413,0.0
83194,0.008
48751,0.402
1800,0.666
12996,0.224
52017,0.238
107373,0.298
70858,0.802
118750,0.086
116587,0.282
77184,0.002
82942,0.0
53967,0.484
38992,0.566
24522,0.086
31709,0.64
80229,0.002
10721,0.19
5014,0.96
117288,0.062
29080,0.432
14301,0.232
65350,0.844
124469,0.832
7069,0.48
28327,0.078
121099,0.348
16891,0.216
20871,0.046
16455,0.22
106662,0.662
25527,0.738
46473,0.842
12426,0.104
98576,0.388
95554,0.122
72269,0.068
67460,0.252
84132,0.002
121158,0.54
97523,0.972
53265,0.872
23733,0.952
61350,0.894
91011,0.004
14566,0.952
70686,0.398
83566,0.002
113121,0.292
85689,0.004
40181,0.862
47964,0.566
5053,1.0
19908,0.226
52842,0.32
33829,0.036
93334,0.52
114349,0.09
80230,0.0
110326,0.026
76748,0.004
27166,0.756
76831,0.0
65283,0.898
108438,0.326
76379,0.002
43419,0.99
73777,0.074
61582,0.966
101463,0.29
119234,0.22
24324,0.27
21975,0.056
15099,0.256
116629,0.72
33261,0.152
53183,0.366
67638,0.228
75103,0.002
47989,0.984
119521,0.274
31939,0.712
38072,1.0
97682,0.064
8024,0.204
84021,0.0
909,0.764
119682,0.31
2230,0.84
104069,0.334
33023,0.036
109823,0.028
22989,0.108
125115,0.622
21478,0.762
91800,0.002
101873,0.41
121426,0.386
54822,0.118
48876,0.848
110023,0.052
49899,0.238
15419,0.892
52288,0.538
86804,0.0
43812,0.714
57781,0.504
69052,0.226
98086,0.062
9530,0.426
85282,0.0
37510,0.912
84820,0.0
39672,0.996
37659,0.98
122153,0.64
55118,0.99
44717,0.098
87627,0.002
62913,0.718
64384,0.334
21484,0.92
123222,0.836
14406,0.932
10005,0.436
18798,0.814
44933,0.98
80844,0.0
100762,0.226
33812,0.078
42266,0.246
90440,0.02
58446,0.744
114610,0.874
48584,0.964
31112,0.234
25945,0.45
95124,0.882
7613,0.21
3331,0.158
108049,0.836
75648,0.008
45058,0.996
60307,0.6
82022,0.0
56868,0.338
96918,0.782
118220,0.552
53474,0.36
106693,0.342
64613,0.236
62445,0.984
122228,0.228
122714,0.606
40975,0.998
18005,0.406
84469,0.0
27597,0.216
103712,0.552
41604,0.018
91278,0.01
40106,0.406
22438,0.902
92897,0.998
75966,0.012
117877,0.394
82519,0.0
46147,0.93
116354,0.628
86302,0.0
48737,0.48
7252,0.774
92575,0.114
48675,0.978
101974,0.54
70379,0.29
39012,1.0
106253,0.964
21098,0.332
61502,0.93
39518,0.68
44851,0.902
39303,0.426
122434,0.688
102146,0.274
14391,0.96
38849,0.982
89823,0.002
68972,0.028
9118,0.412
78,0.42
26555,0.24
43969,1.0
75430,0.0
86209,0.002
15548,0.952
109364,0.028
64216,0.71
64481,1.0
31211,1.0
67935,0.386
92741,0.588
113844,0.214
29675,0.49
22495,0.852
106761,0.566
103499,0.27
119084,0.346
8094,0.276
52835,0.252
67128,0.252
27548,0.216
63125,0.732
96151,0.316
78490,0.0
32,0.44
104342,0.91
110416,0.03
3236,0.968
90727,0.002
70639,0.392
122269,0.542
78094,0.0
124634,0.968
85396,0.004
66971,0.534
46814,0.396
64324,0.904
93592,0.27
97496,0.968
26670,0.87
6655,0.114
105424,0.372
28624,0.684
59272,0.576
74449,0.522
23894,0.376
90262,0.012
73360,0.06
120352,0.326
18455,0.256
55448,1.0
84772,0.0
88750,0.008
48633,0.962
59444,0.958
121009,0.686
115368,0.17
113820,0.678
95329,0.408
55657,0.128
30292,0.992
105294,0.962
67317,0.25
12979,0.232
84571,0.0
64522,0.784
13962,0.042
48938,0.548
77610,0.002
64183,0.114
31667,0.112
52081,0.814
114011,0.232
37242,1.0
42651,0.49
13021,0.364
81507,0.0
50591,0.188
66566,0.038
51200,0.47
15097,0.314
103051,0.28
37858,0.98
33846,0.444
55814,0.992
123116,0.842
28474,0.094
75886,0.002
31386,0.952
123356,0.738
69106,0.22
60673,0.496
15205,0.432
81613,0.0
65117,0.144
25168,0.938
42201,0.966
83588,0.006
27663,0.124
61400,0.97
68784,0.014
24737,0.786
43017,0.558
63190,0.69
34075,0.122
10678,0.368
97135,0.136
40345,0.998
56304,0.968
34060,0.032
88027,0.0
55447,0.798
69205,0.31
49833,0.196
61837,0.876
13153,0.422
58393,0.872
84864,0.006
44376,0.998
1686,0.72
76178,0.002
45642,0.998
37971,0.992
8412,0.09
118904,0.682
7638,0.106
63788,0.65
62311,0.966
98951,0.288
119625,0.758
3276,0.176
88182,0.004
77576,0.0
102477,0.4
47005,0.842
50619,0.274
35855,0.746
15707,0.436
91837,0.01
49679,0.86
4754,0.386
78058,0.0
95126,0.892
89063,0.004
16607,0.308
49515,0.244
25064,0.956
40082,0.99
46064,0.47
66885,0.532
70901,0.656
73829,0.102
6733,0.206
61992,0.96
67887,0.152
80639,0.004
100075,0.13
90855,0.0
21106,0.284
102495,0.488
78840,0.0
11616,0.384
25171,0.946
92692,0.64
37743,0.998
12293,0.138
17140,0.078
42426,0.984
308,0.176
14565,0.958
124504,0.978
64514,0.996
102971,0.222
43112,0.438
48831,0.454
40801,0.932
49181,0.704
118583,0.104
41727,0.886
11000,0.022
100529,0.412
52616,0.624
55671,0.806
15328,0.342
24094,0.14
120543,0.344
61171,0.994
54534,0.828
82374,0.002
60694,0.988
84478,0.002
95312,0.134
92036,0.09
41999,0.332
63498,0.95
58708,0.974
112546,0.32
110509,0.032
112032,0.642
40434,0.34
123982,0.782
26679,0.894
77253,0.0
44064,0.862
92282,0.606
37546,0.368
3748,0.162
119954,0.19
65693,0.942
93344,0.14
6551,0.338
47594,0.836
54499,0.236
22711,0.436
54139,0.07
21525,0.87
75024,0.014
29859,0.076
85663,0.0
43172,0.964
2405,0.218
29659,0.154
27523,0.204
106593,0.228
114836,0.218
38478,0.922
67982,0.206
19844,0.158
22346,0.812
92186,0.468
40283,0.954
39460,0.842
56057,0.994
92206,0.244
123699,0.562
12080,0.322
36982,0.988
93951,0.136
54041,0.242
13188,0.414
120150,0.368
114898,0.728
12859,0.274
65914,0.542
77266,0.0
40401,0.982
74601,0.85
72980,0.896
115887,0.28
82462,0.0
34006,0.08
62331,0.954
47471,0.93
101860,0.366
15430,0.92
99188,0.064
122744,0.424
75185,0.002
67725,0.16
7277,0.68
35012,1.0
33954,0.936
101342,0.204
74916,0.65
109861,0.114
74421,0.55
82161,0.002
59296,0.858
48038,0.238
22942,0.898
1345,0.502
12992,0.256
68520,0.28
56780,0.334
41272,0.884
1206,0.756
72478,0.268
80835,0.0
42161,0.46
52250,0.48
58403,0.74
42514,0.974
11620,0.408
32041,0.998
34706,0.992
32290,0.4
102662,0.26
56956,0.666
22598,0.088
92776,0.638
71883,0.286
19513,0.966
83146,0.0
59229,0.988
7245,0.638
82864,0.0
101055,0.75
4767,0.942
79749,0.014
82137,0.0
106931,0.87
61733,0.32
8849,0.244
6835,0.75
87789,0.0
50486,0.812
29847,0.082
115047,0.378
76021,0.0
21769,0.476
62734,0.298
30968,0.974
97326,0.816
98091,0.062
14111,0.924
119201,0.458
43703,0.92
45940,0.996
92486,0.156
56579,0.544
23524,0.924
68306,0.55
94909,0.354
119192,0.56
107960,0.41
61302,0.104
112598,0.508
28875,0.692
52556,0.316
44220,0.334
123798,0.174
61203,0.284
17331,0.908
28306,0.046
41143,0.998
57180,0.724
73771,0.086
4722,0.77
49486,0.282
8374,0.128
56141,0.584
102008,0.386
69639,0.816
81074,0.008
103352,0.086
50978,0.29
10762,0.11
25723,0.216
79659,0.004
93043,0.998
63024,0.934
102198,0.284
121608,0.338
37522,0.988
81169,0.0
102941,0.458
124984,0.532
69322,0.396
106271,0.994
28129,0.456
48346,0.664
113661,0.868
49717,0.228
24558,0.054
87061,0.002
81626,0.0
107378,0.376
111411,0.108
47906,0.322
86441,0.0
84071,0.0
48299,0.486
9978,0.146
50731,0.472
109474,0.03
77963,0.0
62556,0.392
59863,0.834
40550,0.996
99685,0.614
45731,0.166
74472,0.194
17633,0.66
112809,0.172
40049,0.906
113038,0.474
92128,0.304
35940,1.0
30648,1.0
15605,0.772
21686,0.686
41855,0.082
110243,0.066
115331,0.508
79842,0.0
1895,0.732
86083,0.002
37442,0.844
4723,0.824
63620,0.956
27972,0.054
32406,1.0
115476,0.444
105732,0.486
676,0.398
90369,0.008
71874,0.182
12361,0.144
98030,0.988
99104,0.544
113295,0.056
37976,0.99
69798,0.34
23043,0.912
121246,0.914
33600,0.198
96840,0.498
72048,0.374
110328,0.028
97860,0.016
39195,0.492
124808,0.906
111555,0.226
87009,0.0
99842,0.022
79871,0.018
2530,0.342
20691,0.924
100754,0.3
5586,0.974
124582,0.93
49926,0.266
41669,0.088
51098,0.278
85832,0.0
20248,0.766
35447,1.0
98524,0.318
6446,0.122
112406,0.18
17357,0.078
9891,0.308
82501,0.006
63059,0.15
95370,0.692
115650,0.906
109284,0.026
74543,0.714
5353,0.838
120560,0.654
68953,0.046
77851,0.0
28722,0.778
69012,0.484
27093,0.662
120967,0.358
98772,0.142
11808,0.632
43036,0.994
100164,0.764
87623,0.0
76849,0.002
76851,0.002
109817,0.192
13197,0.848
108991,0.052
55946,0.782
52782,0.66
58870,0.394
57696,0.448
17816,0.884
13466,0.328
65466,0.246
63197,0.948
45345,0.668
12442,0.114
16102,0.676
81107,0.002
123305,0.864
124140,0.572
51532,0.184
77815,0.002
112191,0.3
81856,0.002
58203,0.998
27715,0.27
121536,0.824
85752,0.004
108228,0.98
58232,1.0
6713,0.514
61076,0.966
10629,0.168
63927,0.586
70785,0.396
40353,1.0
10090,0.416
57071,0.97
87105,0.0
4665,0.888
115436,0.316
36342,0.826
42302,0.42
14835,0.91
109436,0.028
5191,1.0
22480,0.246
111193,0.508
78917,0.0
81221,0.002
16723,0.366
47633,0.914
37260,0.996
75168,0.0
21431,0.938
75384,0.004
96890,0.502
35508,0.226
107346,1.0
60648,0.606
65657,0.876
109184,0.116
10995,0.05
5096,0.994
99250,0.204
103206,0.212
21290,0.2
40231,0.974
115959,0.958
43619,0.95
116514,0.75
66426,0.194
64422,0.948
101809,0.314
79698,0.0
83009,0.002
77302,0.0
22016,0.608
74468,0.204
10667,0.268
23516,0.87
105125,0.722
18110,0.988
88624,0.01
120622,0.794
46362,0.93
99457,0.214
87457,0.002
8637,0.75
113643,0.372
84716,0.0
5380,0.256
86444,0.0
102992,0.4
30154,0.026
95984,0.258
58183,0.956
603,0.742
47358,0.992
12688,0.096
79706,0.0
97146,0.222
60055,0.922
403,0.352
273,0.354
39272,1.0
98807,0.228
49595,0.638
92376,0.238
103822,0.926
18562,0.188
18908,0.012
95065,0.716
8207,0.62
78803,0.0
42492,0.944
62695,0.5
91524,0.018
9213,0.282
65457,0.832
113126,0.284
11619,0.408
5909,0.062
61463,0.832
58457,0.818
43231,0.47
50555,0.74
110349,0.066
86386,0.0
10711,0.336
112093,0.188
71695,0.22
103063,0.522
27601,0.248
10435,0.008
91645,0.008
108128,0.162
76614,0.002
8933,0.752
23149,0.74
114274,0.792
16625,0.388
43790,0.496
104033,0.126
30020,0.068
1922,0.738
48237,0.954
57049,0.994
50561,0.206
33497,0.574
114210,0.26
21420,0.922
107542,0.982
23154,0.848
79649,0.0
67574,0.38
28092,0.318
45114,0.996
29215,0.958
22693,0.53
6521,0.11
5038,0.996
81785,0.002
29462,0.198
82194,0.0
64948,0.268
105871,0.366
8226,0.056
64326,0.436
98753,0.018
56174,0.972
41331,0.498
118580,0.552
78669,0.0
75597,0.0
16613,0.31
44972,0.958
14086,0.174
30434,0.994
17894,0.412
29959,0.03
60886,0.962
114016,0.126
36004,0.9
100469,0.514
62070,0.98
67362,0.528
68652,0.3
15971,0.208
50393,0.368
34580,0.956
5004,0.988
26522,0.436
69951,0.812
85186,0.0
123341,0.944
61972,0.91
92785,0.412
90732,0.002
35230,0.996
112687,0.73
89359,0.01
79318,0.004
77481,0.002
123638,0.486
106821,0.958
60123,0.958
3244,0.918
7917,0.778
111836,0.49
89576,0.008
81188,0.0
25228,0.48
87770,0.0
37183,0.994
89644,0.01
6397,0.52
25137,0.964
76777,0.0
112702,0.72
29069,0.236
45112,0.998
111999,0.406
113267,0.078
92765,0.224
69602,0.776
14349,0.192
59791,0.884
12557,0.638
14769,0.94
87486,0.002
56883,0.966
77203,0.0
72184,0.436
123850,0.956
97562,0.144
66751,0.458
99689,0.3
58180,0.476
84578,0.0
74985,0.0
3419,0.16
92434,0.658
73551,0.302
80273,0.02
88981,0.01
104364,0.566
94123,0.894
7866,0.186
78343,0.002
63219,0.976
75352,0.002
5711,0.08
84178,0.018
18568,0.512
63404,0.952
43041,0.994
37873,0.992
60777,0.948
40874,0.87
107775,0.434
80928,0.002
67263,0.56
122790,0.644
46986,0.964
33389,0.252
70504,0.918
101328,0.166
84081,0.0
76726,0.004
100704,0.42
109181,0.088
28095,0.854
100144,0.268
59109,0.944
119810,0.414
108566,0.95
65191,0.728
74983,0.0
101250,0.156
24628,0.364
39346,0.9
35405,0.942
33465,0.23
21139,0.308
21349,0.798
70618,0.348
8446,0.104
53118,0.98
68060,0.238
19992,0.248
7393,0.308
55903,0.282
118422,0.206
89636,0.004
24688,0.888
108890,0.142
51656,0.29
1654,0.392
51419,0.226
71971,0.07
67181,0.312
102524,0.186
83455,0.004
26958,0.892
27898,0.458
27113,0.648
19347,0.898
90634,0.006
34745,0.11
4992,1.0
29342,0.12
47952,0.98
7795,0.446
86510,0.004
107798,0.278
18194,1.0
122395,0.742
3911,0.852
55601,0.692
52472,0.28
43250,0.966
88057,0.002
97900,0.028
35396,0.446
66669,0.43
47923,0.278
93364,0.418
94913,0.376
63255,0.852
85667,0.0
122278,0.436
83675,0.0
27520,0.444
79657,0.002
89311,0.01
51724,0.384
76887,0.0
52669,0.506
107203,0.966
48872,0.274
28953,0.202
112451,0.148
51698,0.32
74336,0.372
1801,0.39
41115,0.982
70370,0.708
108319,0.73
83701,0.0
74112,0.36
67290,0.168
103519,0.228
114740,0.386
115150,0.16
36103,0.24
113784,0.09
10354,0.222
3143,0.25
56237,0.626
67665,0.39
83177,0.0
99699,0.262
124290,0.916
4229,0.48
19309,0.498
51950,0.84
68197,0.552
115972,0.514
996,0.772
100947,0.244
101915,0.328
65021,0.908
28232,0.394
108060,0.184
69440,0.612
3962,0.238
10018,0.05
56591,0.354
14324,0.246
11969,0.04
21540,0.88
81858,0.0
106230,0.972
69129,0.716
24554,0.05
64424,0.956
48446,0.994
16609,0.658
15312,0.334
87609,0.004
112657,0.936
13616,0.752
98249,0.07
90082,0.02
84035,0.0
95395,0.546
89989,0.004
118965,0.382
122334,0.158
103135,0.302
52015,0.344
78334,0.0
22616,0.326
58682,0.92
1838,0.564
96673,0.458
576,0.568
80414,0.0
45276,0.072
119460,0.218
63499,0.968
12185,0.872
97770,0.53
3422,0.304
72549,0.796
19701,0.474
18187,0.998
105287,0.778
7878,0.146
14616,0.954
33942,0.996
5793,0.31
5694,0.096
50653,0.404
111536,0.256
77367,0.004
110544,0.07
117176,0.534
110648,0.032
96858,0.372
77083,0.0
124682,0.356
90159,0.004
114922,0.672
34874,0.556
89455,0.01
120928,0.298
4109,0.718
57352,0.802
33778,0.658
3051,0.856
27311,0.372
24219,0.82
100432,0.386
103344,0.154
47670,0.712
54051,0.186
95859,0.69
54660,0.91
10254,0.31
122420,0.364
40040,0.326
90270,0.004
98309,0.668
74081,0.194
40749,0.958
74147,0.04
97997,0.886
112617,0.256
46812,0.174
17177,0.328
99381,0.782
15450,0.93
101774,0.854
65091,0.856
2335,0.146
107753,0.476
97762,0.418
18558,0.422
46491,0.732
103725,0.816
65630,0.646
88136,0.004
70706,0.364
32254,0.976
24595,0.086
110051,0.024
34790,0.568
124215,0.888
104938,0.308
82841,0.0
116198,0.958
90173,0.004
47290,0.458
106807,0.974
45887,0.976
95658,0.498
69888,0.3
14577,0.952
60249,0.298
31776,1.0
44967,0.914
55397,0.352
59798,0.978
23488,0.476
116751,0.472
62777,0.636
115582,0.188
17234,0.654
35343,0.428
98997,0.192
47100,0.894
9275,0.244
114652,0.84
98596,0.734
91662,0.002
747,0.38
50721,0.512
71718,0.222
102161,0.67
14767,0.94
40732,0.96
108267,0.398
82556,0.002
16381,0.38
110583,0.038
93009,0.998
43346,0.996
40757,0.776
88508,0.022
58545,0.958
6594,0.29
41760,0.27
105485,0.384
30897,0.806
4224,0.952
65956,0.514
5996,0.024
12194,0.284
48993,0.938
98026,0.974
120765,0.448
101283,0.224
50268,0.536
75757,0.0
68488,0.478
8644,0.752
9987,0.304
53530,0.922
76642,0.0
84204,0.0
78201,0.012
65689,0.974
50372,0.356
103724,0.676
122396,0.946
2397,0.12
46914,0.954
75787,0.004
7472,0.526
17159,0.404
106286,1.0
106924,0.512
20177,0.722
61392,0.69
74146,0.098
33196,0.568
22625,0.296
74280,0.284
121037,0.388
103067,0.332
83131,0.0
94238,1.0
30126,0.004
27236,0.194
115990,0.972
41839,0.966
56548,0.72
123927,0.958
17624,0.472
87107,0.006
73277,0.414
100006,0.244
61569,0.85
13292,0.62
118638,0.278
109958,0.06
47450,0.262
12577,0.568
48491,0.924
52932,0.654
72700,0.254
30670,0.998
62599,0.568
96933,0.678
15197,0.292
89179,0.004
1063,0.42
73302,0.246
65165,0.434
42717,0.496
23158,0.454
63466,0.922
91141,0.018
71154,0.448
79083,0.0
13344,0.348
33844,0.926
114940,0.45
57208,0.916
97186,0.4
37627,0.982
123991,0.984
57992,0.996
11782,0.24
51377,0.268
49713,0.238
50719,0.358
36515,0.898
71665,0.342
19879,0.04
32055,1.0
4185,0.35
73336,0.09
117311,0.86
49892,0.34
27638,0.106
114279,0.298
60356,0.584
25881,0.4
8188,0.566
107456,0.236
69400,0.324
55655,0.226
93497,0.274
106161,0.664
34499,0.502
77608,0.0
7517,0.254
63097,0.948
13808,0.418
20698,0.988
115247,0.242
119899,0.782
20852,0.046
106799,0.894
25524,0.942
63770,0.786
46981,0.972
10476,0.11
17303,0.24
105348,0.81
19727,0.666
101104,0.806
72764,0.284
10417,0.424
64242,0.84
13484,0.492
65128,0.426
110674,0.016
104778,0.274
29981,0.0
53717,0.25
42453,0.996
86882,0.002
4258,0.986
48220,0.974
111803,0.54
68360,0.754
64961,0.314
35061,1.0
4420,0.986
90284,0.012
78140,0.008
68588,0.256
88539,0.004
28084,0.43
41225,0.998
123391,0.96
75797,0.0
122436,0.828
19743,0.344
78556,0.002
94849,0.25
64695,0.872
70642,0.298
67544,0.542
26565,0.518
53412,0.868
81080,0.002
86618,0.006
35331,0.174
91087,0.008
13547,0.298
34712,0.992
93483,0.574
55672,0.34
35327,0.308
6361,0.452
52021,0.244
1530,0.348
84557,0.0
32805,0.33
8844,0.672
31548,0.952
20906,0.052
72860,0.348
116480,0.824
29924,0.048
52642,0.38
56698,0.258
54803,0.826
90729,0.004
2363,0.618
101866,0.228
57320,0.886
80667,0.0
39040,0.982
74614,0.726
57568,0.948
97313,0.638
10699,0.352
28265,0.138
34214,0.702
1427,0.394
43532,0.982
87680,0.0
90161,0.0
28883,0.896
101647,0.88
20138,0.036
42751,0.888
88759,0.006
104542,0.552
118260,0.192
115200,0.682
59145,0.592
121814,0.846
38406,0.308
116815,0.368
71051,0.368
93350,0.25
412,0.528
36623,0.61
16317,0.348
102889,0.426
95999,0.392
19217,0.888
37602,0.468
6814,0.508
40747,0.948
93672,0.174
81348,0.0
75833,0.002
48868,0.288
71712,0.332
113031,0.234
79720,0.0
95093,0.252
36325,0.99
101821,0.336
27512,0.056
112624,0.352
83442,0.0
9455,0.048
26606,0.694
104980,0.34
82355,0.0
40628,0.818
71868,0.17
25827,0.012
10883,0.46
35241,0.976
25875,0.954
696,0.748
11707,0.486
56750,0.59
16039,0.302
96319,0.25
8590,0.928
43191,0.972
58441,0.556
25362,0.834
7820,0.252
50784,0.356
61214,0.762
65681,1.0
76675,0.0
11827,0.026
17888,0.908
23113,0.608
29903,0.086
79150,0.002
23130,0.308
17596,0.826
9921,0.198
49605,0.704
124675,0.83
7677,0.642
7265,0.192
516,0.492
106416,0.144
94152,0.996
61045,0.694
98739,0.066
100679,0.384
28610,0.27
100140,0.51
13398,0.696
6671,0.046
36582,0.348
14848,0.242
89350,0.004
17735,0.154
2490,0.094
109461,0.018
7811,0.128
94348,0.324
42679,0.982
11772,0.312
3556,0.114
77666,0.02
55804,0.948
86880,0.0
9209,0.926
72689,0.446
107364,0.984
81271,0.006
65086,0.872
4443,0.848
103211,0.19
3779,0.258
51609,0.392
69373,0.32
67370,0.264
100727,0.13
123144,0.868
16981,0.864
92637,0.31
46395,0.824
95583,0.392
120430,0.4
46187,0.996
29096,0.656
92149,0.234
87315,0.002
2949,0.768
38200,0.616
26088,0.344
11378,0.542
41286,0.366
56403,0.99
71429,0.414
51539,0.192
104495,0.212
121941,0.898
32422,1.0
21881,0.86
105203,0.468
111918,0.314
73219,0.24
75815,0.002
47886,0.616
38045,1.0
47236,0.262
122441,0.876
34122,0.954
17358,0.874
77232,0.0
85461,0.004
65431,0.198
61252,0.406
60391,0.984
30649,1.0
70962,0.41
104262,0.206
80153,0.0
70490,0.414
33546,0.08
124570,0.86
15768,0.49
95396,0.41
45470,0.87
77620,0.0
35863,0.95
113628,0.098
49427,0.736
5822,0.102
24854,0.368
65868,0.872
1649,0.554
71977,0.19
88076,0.002
87682,0.002
67323,0.246
123179,0.95
45490,0.098
68229,0.392
5564,0.904
43804,0.568
17822,0.45
119147,0.656
23991,0.276
104375,0.834
64747,0.306
67703,0.53
43179,0.936
63567,0.994
84699,0.002
99993,0.206
79681,0.002
50815,0.378
61751,0.84
30212,0.112
100995,0.25
41726,0.304
104814,0.496
39616,0.56
13716,0.18
47460,0.542
105564,0.426
115583,0.92
103669,0.498
90321,0.002
76852,0.0
103301,0.236
86734,0.0
6833,0.332
112067,0.426
38499,0.132
99936,0.27
111751,0.906
74508,0.058
64788,0.286
92043,0.168
46884,0.92
111232,0.318
94703,0.148
36767,0.974
43537,0.724
25412,0.946
46496,0.966
117369,0.662
106051,0.89
54288,0.654
108508,0.378
65995,0.376
32285,0.266
48059,0.216
35999,0.93
97769,0.246
35013,0.996
28727,0.918
43709,0.982
918,0.748
74524,0.254
36304,0.966
81891,0.0
108569,0.91
54640,0.86
55800,0.898
84717,0.0
58522,0.616
13676,0.192
23014,0.896
13674,0.474
25578,0.84
77423,0.004
54032,0.25
73195,0.218
35693,0.82
50886,0.352
32066,0.954
42317,0.104
63256,0.536
70761,0.388
13865,0.284
49104,0.794
67278,0.754
109536,0.026
81085,0.004
66520,0.268
43298,0.872
25111,0.854
8183,0.082
36759,0.982
15946,0.252
35834,0.888
99523,0.238
45785,0.22
6888,0.042
12863,0.284
26821,0.94
3283,0.288
54231,0.258
46290,0.924
47995,0.89
50352,0.482
73971,0.784
66882,0.202
99253,0.212
43834,0.11
87640,0.0
53470,0.994
53805,0.704
96999,0.272
116840,0.3
34845,0.978
112443,0.208
96291,0.334
46554,0.938
97960,0.078
92063,0.28
42993,0.982
74281,0.112
18330,0.018
390,0.566
31497,0.99
45818,0.886
109501,0.034
23449,0.182
123979,0.612
103995,0.198
42252,0.098
2138,0.734
40,0.414
62362,1.0
69969,0.422
10140,0.412
37878,0.966
103023,0.266
97363,0.97
63910,0.57
110813,0.02
97084,0.082
90535,0.006
102826,0.808
103,0.684
26662,0.834
107464,0.238
68659,0.658
103166,0.264
95420,0.374
671,0.78
94059,0.942
9402,0.398
54126,0.3
24057,0.124
108849,0.048
25427,0.476
30235,0.958
65807,0.462
29209,0.826
53019,0.994
76187,0.002
69995,0.464
8030,0.704
15516,0.958
37033,0.998
123284,0.994
106092,0.392
52940,0.682
6131,0.058
77086,0.0
26365,0.248
101455,0.25
122109,0.446
31713,0.984
104717,0.198
34634,0.992
47734,0.596
122913,0.504
13755,0.308
24920,0.548
56363,0.664
26412,0.808
81127,0.0
92400,0.336
93008,1.0
2292,0.938
2324,0.152
77959,0.0
41932,0.994
71338,0.658
12618,0.834
70091,0.766
97016,0.902
58147,0.498
104396,0.256
58953,0.928
85947,0.0
73488,0.19
25770,0.474
79576,0.004
124256,0.968
1311,0.52
1104,0.402
75938,0.004
30309,1.0
42139,0.97
69810,0.242
26739,0.432
31724,1.0
5330,0.536
106246,0.554
34244,0.98
31640,0.664
112342,0.528
77865,0.006
18814,0.948
41107,0.97
30882,0.484
59350,0.502
119119,0.19
109926,0.132
67829,0.312
109196,0.014
86910,0.0
15904,0.238
117736,0.904
72649,0.37
34038,0.032
52891,0.272
60429,0.618
7903,0.728
3648,0.112
92909,1.0
50306,0.432
18816,0.902
110999,0.054
51474,0.794
5891,0.132
41866,0.58
59263,0.334
75274,0.002
77176,0.0
7806,0.142
72124,0.362
54453,0.104
49009,0.974
87488,0.002
123409,0.984
111118,0.074
20403,0.942
83444,0.0
8561,0.368
81419,0.004
34718,0.994
33626,0.234
39538,0.98
4327,0.988
31648,0.41
46274,0.996
18877,0.638
46570,0.94
96639,0.708
121609,0.938
123186,0.952
36050,0.914
80150,0.0
6726,0.422
73594,0.236
113519,0.474
120265,0.726
95887,0.558
40871,0.796
13488,0.288
50219,0.706
53337,0.986
35534,0.946
98844,0.188
25471,0.942
17081,0.58
105410,0.492
85115,0.006
4744,0.12
4606,0.982
94566,0.158
44287,0.496
13643,0.068
79621,0.0
93280,0.156
32950,0.0
34256,0.158
107293,0.91
113790,0.676
115872,0.422
7166,0.554
59616,0.998
74973,0.002
104499,0.458
16445,0.312
70694,0.83
13115,0.994
6523,0.158
25506,0.936
20172,0.308
38148,0.566
68215,0.372
14226,0.424
101540,0.406
118660,0.674
52676,0.346
24059,0.156
36666,0.332
105293,0.848
86454,0.002
108974,0.074
74198,0.066
58671,0.552
70830,0.404
2689,0.194
54709,0.906
29582,0.426
820,0.816
32442,0.96
71711,0.304
6029,0.058
27062,0.168
37102,0.976
61084,0.958
12861,0.22
121558,0.96
39004,0.99
66613,0.642
115199,0.516
85517,0.002
23832,0.548
103494,0.284
120034,0.09
120074,0.414
16028,0.24
117746,0.84
12456,0.358
79374,0.0
5194,0.994
70981,0.674
117183,0.226
110032,0.058
89210,0.004
34683,0.996
30870,0.92
35611,0.996
60204,0.918
34523,0.856
57612,0.968
91814,0.006
17743,0.598
117661,0.724
64392,0.948
38020,0.996
9060,0.424
6746,0.21
116406,0.07
4344,0.994
114958,0.526
97277,0.282
58084,0.944
117035,0.486
113129,0.04
82466,0.0
8631,0.19
95322,0.322
69177,0.302
77663,0.002
37096,0.532
104157,0.288
38121,0.34
50967,0.34
8724,0.44
90521,0.01
38817,0.984
32629,0.998
25669,0.634
88355,0.002
39804,0.998
69657,0.78
97618,0.574
118900,0.432
104065,0.23
43699,0.856
29965,0.01
53483,0.514
122626,0.94
85744,0.0
33429,0.234
42689,0.99
25511,0.894
11830,0.02
6108,0.106
11422,0.276
101373,0.41
120764,0.26
69356,0.262
120577,0.556
121888,0.452
40774,0.904
58572,0.986
119114,0.106
20675,0.93
84881,0.004
83166,0.002
69026,0.666
67941,0.242
73252,0.226
2863,0.078
116848,0.168
121304,0.328
5047,1.0
63479,0.95
10163,0.548
109174,0.058
115575,0.322
22290,0.738
3287,0.222
12325,0.738
89980,0.032
93958,0.118
106543,0.468
22476,0.872
118478,0.266
101064,0.4
87748,0.0
21173,0.094
115152,0.852
3146,0.25
44175,0.306
63215,0.982
76242,0.002
92332,0.61
33090,0.988
36230,0.314
9357,0.32
96940,0.96
66086,0.412
95402,0.282
92456,0.624
31888,0.998
116324,0.276
43086,0.246
34427,0.994
121177,0.332
97411,0.964
92988,0.986
69243,0.478
62159,0.972
76119,0.01
90482,0.008
110135,0.086
115755,0.868
99013,0.786
84143,0.0
104743,0.47
109522,0.074
87175,0.0
59840,0.948
80541,0.002
23811,0.686
65568,0.358
96455,0.302
39867,0.956
73315,0.31
68866,0.054
82970,0.0
80138,0.002
100550,0.194
77859,0.0
23393,0.444
52441,0.186
8327,0.058
57522,0.386
105976,0.958
96889,0.416
121588,0.994
40668,0.986
52074,0.854
51469,0.44
103058,0.338
11066,0.258
66855,0.556
68635,0.422
81374,0.0
18466,0.594
104268,0.216
79926,0.002
121548,0.936
3151,0.102
95690,0.24
77853,0.01
83811,0.0
72130,0.406
44476,1.0
116932,0.906
77703,0.0
81667,0.004
114805,0.578
97571,0.11
73005,0.928
55164,0.2
16966,0.44
57068,0.986
16836,0.824
47658,0.894
99592,0.888
10197,0.104
69568,0.41
94949,0.282
110195,0.082
118557,0.206
64272,0.894
44862,0.918
9823,0.066
682,0.744
88247,0.0
32702,0.334
58067,0.658
24389,0.504
102930,0.392
74320,0.696
15725,0.386
8982,0.238
36359,0.994
34468,0.316
11402,0.552
80658,0.0
68490,0.226
114891,0.218
30906,0.934
87843,0.0
63925,0.362
6011,0.058
98331,0.758
79730,0.006
54495,0.336
14500,0.95
37629,0.936
51718,0.658
36733,0.982
68071,0.27
13802,0.374
89130,0.002
85727,0.004
47657,0.862
87894,0.006
19605,0.188
29236,0.916
87513,0.0
32104,0.676
116139,0.074
5780,0.748
45108,0.99
75285,0.004
86862,0.002
40655,0.97
39291,0.954
67206,0.158
10993,0.3
25294,0.882
15818,0.224
88522,0.008
80133,0.0
7108,0.238
100296,0.628
65883,0.508
35389,0.53
57145,0.516
121261,0.222
22144,0.798
118839,0.376
51117,0.334
70703,0.51
117441,0.294
39107,0.998
105773,0.34
28042,0.888
73927,0.518
48183,0.926
260,0.686
79671,0.0
79546,0.032
97243,0.44
96512,0.208
101386,0.654
59294,0.754
32596,0.998
57724,0.626
28718,0.512
30658,1.0
91276,0.034
84398,0.002
77616,0.0
86358,0.0
104501,0.294
65821,0.772
65923,0.26
120979,0.37
83132,0.0
80005,0.0
105215,0.504
32480,0.982
21154,0.048
3827,0.256
22714,0.65
83765,0.0
59517,0.918
60792,0.584
95349,0.328
5046,0.998
122742,0.186
124219,0.938
52485,0.522
102179,0.716
17662,0.414
46998,0.984
109236,0.03
63225,0.992
36485,0.926
76577,0.004
91936,0.038
7991,0.086
119776,0.41
74292,0.252
82083,0.004
86849,0.0
70984,0.786
11208,0.772
116635,0.11
5918,0.446
13829,0.214
28812,0.96
34748,0.096
12792,0.77
66821,0.468
91961,0.042
16032,0.304
59786,0.402
40326,0.998
73920,0.286
89756,0.0
117324,0.286
12643,0.304
98838,0.33
9166,0.178
124846,0.902
114821,0.7
100880,0.868
26968,0.948
114123,0.194
117707,0.696
55705,0.49
115914,0.546
10688,0.356
56881,0.866
112832,0.356
86891,0.0
121519,0.916
98008,0.956
62096,0.532
34373,0.322
41156,1.0
84870,0.004
34981,0.94
113522,0.344
86256,0.0
83598,0.0
50391,0.472
56884,0.938
59054,0.998
102542,0.154
102394,0.122
84603,0.002
67099,0.314
51673,0.208
34673,0.986
34667,0.988
76993,0.004
14341,0.314
48611,0.992
97832,0.078
9416,0.784
69676,0.73
86387,0.0
102153,0.544
53306,0.924
67861,0.256
82745,0.004
79102,0.0
86342,0.004
68729,0.062
115299,0.28
115498,0.222
118318,0.15
45167,0.108
81605,0.0
10656,0.17
60454,0.142
65642,0.578
106996,0.576
21680,0.804
90973,0.002
24063,0.378
34182,0.99
64871,0.858
43225,0.98
63636,0.996
95705,0.258
99009,0.668
38113,0.586
29444,0.212
54839,0.594
3468,0.072
92111,0.418
56775,0.894
40447,0.938
77018,0.0
13126,0.97
76919,0.0
29943,0.002
67637,0.48
72703,0.614
40435,0.97
81129,0.006
118914,0.596
41561,0.868
79519,0.0
56104,1.0
73412,0.56
21872,0.906
40814,0.962
114030,0.174
118319,0.094
99701,0.512
75693,0.0
124541,0.774
29000,0.44
6911,0.2
13297,0.826
119042,0.426
54044,0.186
101799,0.594
56612,0.936
108291,0.456
33199,0.934
105078,0.534
111561,0.724
58624,1.0
71484,0.048
29878,0.034
37233,0.998
28985,0.208
14749,0.958
33690,0.634
116536,0.902
28770,0.848
79435,0.002
107224,0.95
68791,0.016
115985,0.832
114267,0.654
102702,0.354
94922,0.198
76574,0.01
81806,0.008
4084,0.932
95829,0.278
105033,0.34
75278,0.006
17117,0.084
37056,0.996
68221,0.458
113384,0.152
73762,0.496
53158,0.996
97008,0.696
111426,0.268
89098,0.014
75178,0.0
109962,0.212
13182,0.696
376,0.282
108559,0.478
37761,0.642
74551,0.786
118586,0.268
31774,0.978
69093,0.324
117120,0.258
45938,0.876
42721,0.932
31457,0.602
109264,0.046
6909,0.192
78426,0.002
12955,0.368
22983,0.156
108318,0.594
47601,0.91
80113,0.0
72760,0.306
74722,0.288
889,0.752
43857,0.418
54601,0.442
33099,0.06
10068,0.678
57430,0.948
94622,0.184
78893,0.002
50218,0.818
43470,0.844
71197,0.52
68251,0.306
103370,0.098
63777,0.81
100617,0.58
77705,0.0
96653,0.574
74398,0.562
91561,0.014
53784,0.57
105612,0.186
52855,0.108
109273,0.012
100954,0.222
65746,0.122
29674,0.146
2293,0.834
10832,0.668
88234,0.0
15342,0.422
5134,1.0
81868,0.002
58842,0.918
45710,0.922
120795,0.176
94799,0.226
87920,0.002
84180,0.006
46618,0.918
102798,0.314
96365,0.168
30008,0.082
81620,0.0
91100,0.0
36597,0.972
89564,0.008
26752,0.732
70874,0.472
85620,0.008
56617,0.96
119929,0.344
95898,0.488
109087,0.056
122255,0.362
10611,0.648
15518,0.936
78661,0.0
26260,0.5
104627,0.692
103826,0.96
29082,0.774
44863,0.994
95146,0.96
61453,0.904
57799,0.44
39818,1.0
100926,0.102
92884,0.998
29628,0.96
6912,0.828
35997,0.434
61980,0.904
95171,0.128
80624,0.004
20298,0.846
70030,0.374
109114,0.002
100789,0.336
74441,0.364
104276,0.378
119281,0.242
46941,0.782
14050,0.192
63516,0.96
72034,0.154
122900,0.736
103757,0.562
101669,0.748
24245,0.258
85308,0.002
120084,0.206
85868,0.0
21689,0.342
108237,0.992
96574,0.128
107962,0.276
31441,0.472
96197,0.296
122373,0.134
77860,0.0
60382,0.846
109816,0.032
81084,0.0
98398,0.464
48767,0.62
24119,0.134
37951,0.996
103843,0.23
90372,0.006
54037,0.426
123011,0.206
13078,0.98
67882,0.28
81143,0.0
65851,0.86
67976,0.232
19256,0.594
58385,0.31
74267,0.356
122061,0.428
86462,0.002
115097,0.394
94557,0.162
41384,0.514
10816,0.652
84859,0.002
29114,0.874
33615,0.242
54704,0.988
94382,0.374
78836,0.0
10835,0.182
34955,0.89
76411,0.0
81937,0.0
96105,0.234
71296,0.602
49481,0.19
16831,0.394
88973,0.008
106606,0.296
96592,0.254
122391,0.326
94989,0.552
28945,0.886
62795,0.976
76998,0.002
37645,0.982
18200,1.0
101940,0.594
16012,0.324
89565,0.002
31882,0.988
75559,0.002
113407,0.79
76995,0.002
109,0.796
9123,0.81
125018,0.504
94358,0.532
32434,1.0
122281,0.556
78629,0.0
96075,0.512
3277,0.24
67202,0.31
99709,0.726
54447,0.46
80980,0.004
14103,0.786
93546,0.214
125101,0.43
14579,0.944
58273,0.972
26286,0.56
89282,0.008
115849,0.984
110565,0.048
52598,0.262
102327,0.206
100945,0.604
72695,0.284
112421,0.622
67581,0.484
6522,0.034
411,0.472
3678,0.14
58077,0.474
94838,0.802
26224,0.71
1329,0.666
96195,0.252
31152,0.166
22499,0.944
38258,0.99
88264,0.0
3776,0.142
111621,0.382
30043,0.114
52703,0.354
75056,0.0
19666,0.6
89811,0.018
51676,0.312
99281,0.082
119544,0.908
59585,0.998
34216,0.958
93631,0.632
72218,0.098
70683,0.56
77313,0.0
99006,0.398
123713,0.51
62854,0.834
116263,0.722
52780,0.648
61337,0.876
121069,0.2
40450,0.976
116724,0.8
88252,0.002
20476,0.776
33836,0.128
14780,0.954
32064,0.514
3862,0.504
66270,0.14
36137,0.976
46446,0.964
29889,0.036
109157,0.044
124230,0.932
117478,0.426
11258,0.162
75531,0.002
92594,0.118
27678,0.072
48088,0.53
116434,0.322
51470,0.764
64537,0.918
44605,0.998
78618,0.0
48354,0.636
61697,0.978
11506,0.088
3578,0.12
96069,0.324
19458,0.946
88692,0.012
82033,0.004
112578,0.33
15333,0.42
20950,0.456
120530,0.202
102100,0.342
88580,0.006
2720,0.036
32634,0.996
98486,0.264
95701,0.288
1984,0.306
59223,0.99
5674,0.098
89430,0.008
14031,0.9
87218,0.002
79619,0.002
103059,0.358
49147,0.17
94210,0.956
46712,0.972
120809,0.87
13022,0.46
54840,0.472
90446,0.014
47630,0.94
61514,0.23
108612,0.356
88517,0.016
59901,0.818
43734,0.944
90505,0.004
80675,0.0
72995,0.966
77738,0.004
56195,0.97
302,0.316
52378,0.398
29147,0.904
340,0.416
86201,0.0
121107,0.228
11333,0.33
52704,0.5
30763,0.994
21226,0.086
74840,0.36
98200,0.998
107312,0.994
17263,0.116
98325,0.544
112028,0.668
117630,0.912
57184,0.886
118151,0.214
59139,0.742
69565,0.284
79711,0.0
117415,0.198
88013,0.002
103201,0.18
36618,1.0
46909,0.882
80128,0.0
30920,0.3
24840,0.528
112906,0.25
469,0.32
21256,0.182
41919,0.672
16871,0.352
34809,0.802
70924,0.796
84136,0.002
59305,0.938
92254,0.334
5758,0.12
11444,0.27
48863,0.32
114789,0.38
113349,0.102
91402,0.006
67693,0.446
86836,0.0
19239,0.556
35721,0.932
95118,0.626
118204,0.186
74308,0.24
34223,0.944
45004,0.188
100526,0.428
124872,0.928
64942,0.206
1357,0.764
10370,0.454
103421,0.514
66445,0.336
123543,0.962
64446,0.992
96902,0.166
106570,0.344
79033,0.0
79290,0.0
21013,0.944
121074,0.144
40241,0.53
59961,0.604
36549,0.968
66633,0.052
51457,0.686
37486,0.986
17510,0.116
92250,0.172
22074,0.824
73097,0.326
96047,0.806
41043,0.318
35473,0.61
48172,0.29
83688,0.004
104957,0.306
119979,0.828
119645,0.398
113331,0.152
109566,0.024
11259,0.2
3316,0.096
114384,0.142
46226,0.604
37729,0.94
72210,0.392
17674,0.764
31154,0.724
55355,0.978
40084,0.988
46245,0.984
114291,0.426
22466,0.872
74190,0.298
55746,0.718
74024,0.344
24698,0.842
66472,0.386
98047,0.16
95883,0.318
46203,0.968
21629,0.762
76276,0.002
67828,0.292
77252,0.0
78676,0.0
70195,0.358
86903,0.006
5660,0.312
49142,0.258
15883,0.906
115753,0.522
96176,0.336
40600,0.994
31013,0.982
117532,0.898
105133,0.68
41713,0.258
10444,0.032
99580,0.804
16505,0.428
124400,0.548
93413,0.356
115130,0.436
105807,0.15
104500,0.132
78918,0.006
30385,0.982
42886,0.958
58667,0.67
24266,0.838
17990,0.676
59418,0.742
3878,0.126
4140,0.466
93774,0.748
55377,0.884
70960,0.302
78010,0.014
7051,0.968
108499,0.348
115457,0.776
113912,0.31
13470,0.868
89302,0.006
15816,0.276
39376,0.932
63623,0.976
58210,0.996
54278,0.288
94751,0.114
55748,0.918
48946,0.232
12447,0.182
81096,0.0
121837,0.308
52008,0.498
104292,0.766
20648,0.992
86218,0.0
13654,0.158
113602,0.272
4042,0.276
8210,0.672
55049,0.304
112201,0.612
85597,0.002
51192,0.872
16338,0.36
120090,0.172
86992,0.002
113742,0.686
5499,0.898
96580,0.334
42537,1.0
83875,0.002
38143,0.364
47269,0.586
22212,0.94
12165,0.296
28203,0.35
120758,0.426
22519,0.202
66956,0.44
34590,0.954
71310,0.432
63146,0.962
97464,0.95
59256,0.42
23858,0.362
51818,0.812
96425,0.242
62358,0.994
26527,0.268
21976,0.072
53112,0.994
32587,0.994
67533,0.954
34578,0.908
52095,0.87
27481,0.168
100917,0.87
124643,0.952
84208,0.0
77882,0.0
11274,0.858
109843,0.07
41677,0.168
34836,0.966
33770,0.108
47398,0.966
62543,0.734
50533,0.842
98612,0.21
85902,0.002
54870,0.68
41207,0.998
71530,0.468
119550,0.316
9889,0.348
3030,0.91
7574,0.546
11195,0.182
90548,0.0
54667,0.948
68799,0.006
58286,0.976
61684,0.202
91043,0.0
100422,0.338
70199,0.346
30851,0.11
11083,0.142
33432,0.466
30811,1.0
1674,0.272
77762,0.002
41266,0.508
61845,0.93
3246,0.954
16413,0.144
64142,0.696
1566,0.402
118336,0.918
56499,0.954
79098,0.0
100624,0.31
66250,0.276
61939,0.85
17592,0.542
23634,0.932
50452,0.832
18314,0.026
45075,0.982
115010,0.88
83629,0.0
63010,0.91
63303,0.496
12628,0.762
77485,0.002
87210,0.004
48498,0.938
60632,0.374
67336,0.37
57387,0.93
47393,0.856
77017,0.0
24357,0.54
49412,0.81
23951,0.842
110211,0.08
24467,0.066
105322,0.416
107702,0.426
46107,0.266
16340,0.248
22081,0.378
30960,0.968
77127,0.002
67812,0.202
95605,0.516
33756,0.064
11024,0.06
116516,0.162
101227,0.18
94404,0.488
27876,0.276
84004,0.0
51867,0.82
13324,0.46
98676,0.296
44112,1.0
84949,0.004
87558,0.0
21716,0.882
21161,0.04
30334,0.986
15955,0.204
40327,0.996
74042,0.326
86016,0.0
73941,0.692
65287,0.886
77814,0.002
53490,0.562
49320,0.886
13257,0.18
52443,0.61
82575,0.002
16431,0.356
83148,0.0
28501,0.304
109724,0.028
64651,0.852
16473,0.846
94599,0.48
38383,0.976
55082,0.97
123609,0.926
32145,0.996
57842,0.98
101521,0.308
112876,0.21
99621,0.48
72052,0.356
49869,0.77
92866,0.338
9832,0.25
984,0.744
74880,0.366
91194,0.022
120848,0.516
77448,0.004
102068,0.446
80762,0.0
48301,0.422
6318,0.052
18244,1.0
35179,0.362
117967,0.244
51109,0.178
113188,0.344
57840,0.962
95597,0.34
15643,0.92
64353,0.362
98199,0.996
110046,0.094
66824,0.282
54533,0.448
10707,0.308
114782,0.362
110374,0.066
18175,0.998
50765,0.77
50849,0.822
108744,0.058
104387,0.446
68290,0.424
103030,0.276
94368,0.188
101048,0.262
88583,0.006
94976,0.938
80644,0.0
41129,0.974
61263,0.872
32287,0.412
55236,0.966
111363,0.666
74681,0.206
102366,0.162
70381,0.342
60289,0.976
6620,0.142
8007,0.728
116588,0.708
61061,0.92
5216,0.818
116582,0.426
27136,0.308
48877,0.906
30138,0.008
114696,0.138
10944,0.382
86884,0.0
9706,0.106
120889,0.85
30795,1.0
34022,0.424
96413,0.352
854,0.776
2836,0.37
111582,0.338
100087,0.43
41065,0.888
76737,0.0
52681,0.498
44707,0.064
98582,0.134
91060,0.014
94456,0.23
54657,0.95
104086,0.274
16627,0.48
63232,0.756
22718,0.622
97705,0.652
113282,0.104
62199,0.976
95319,0.274
53844,0.236
95766,0.324
76445,0.01
100872,0.478
46025,0.23
93619,0.684
63760,0.964
53452,0.958
28260,0.234
60755,0.546
54260,0.42
11682,0.25
35804,0.93
17283,0.336
87420,0.004
21857,0.81
59254,0.37
89286,0.006
113542,0.424
97946,0.762
122241,0.464
21038,0.496
20859,0.046
68298,0.336
99574,0.232
3771,0.342
42138,0.426
50427,0.178
75233,0.0
50152,0.148
11452,0.102
14363,0.188
23706,0.95
85994,0.002
665,0.734
80018,0.0
66962,0.316
98943,0.228
26630,0.618
2716,0.05
48104,0.838
119797,0.548
26142,0.348
54147,0.132
72323,0.464
28525,0.73
73166,0.22
81595,0.0
83544,0.004
55598,0.706
106293,0.468
73822,0.292
61294,0.924
83623,0.0
97264,0.208
695,0.794
94190,0.99
43167,0.37
93185,0.272
41494,0.992
1797,0.386
52105,0.514
48591,0.992
23546,0.874
12047,0.94
22359,0.85
113217,0.334
17752,0.074
40372,1.0
110717,0.106
45231,0.594
36553,0.904
76316,0.006
88366,0.004
114783,0.472
51287,0.354
94051,0.41
14778,0.96
2699,0.016
86520,0.002
89125,0.002
95043,0.376
45912,0.98
28539,0.148
90885,0.012
60743,0.488
87916,0.0
82972,0.0
80849,0.004
53905,0.576
60622,0.92
39604,1.0
49227,0.874
3496,0.126
19806,0.72
12110,0.236
83855,0.002
104363,0.296
7227,0.104
43827,0.64
3427,0.512
15619,0.936
41653,0.958
69598,0.668
124711,0.516
72057,0.27
47396,0.916
93999,0.64
78396,0.002
121413,0.824
70914,0.808
64335,0.892
52372,0.806
78538,0.002
120859,0.7
84262,0.004
122875,0.516
44625,0.588
107092,0.976
38987,0.64
97724,0.3
53657,0.804
7802,0.526
55980,0.938
84567,0.0
98522,0.07
87944,0.0
101907,0.452
6389,0.84
105260,0.462
7954,0.478
80505,0.004
56422,0.908
21613,0.88
32529,0.512
61256,0.458
2286,0.88
120994,0.282
87075,0.0
9408,0.256
77515,0.008
44099,0.958
24785,0.142
100369,0.172
105332,0.458
43953,0.95
1862,0.606
45647,0.296
36583,0.936
79966,0.0
69459,0.394
82622,0.002
124242,0.456
15260,0.49
31378,0.916
25070,0.946
74900,0.472
117283,0.266
90425,0.002
36891,0.638
2077,0.29
80782,0.008
28059,0.216
113729,0.208
59188,0.862
84246,0.0
31942,0.648
108362,0.31
102690,0.22
61851,0.864
77911,0.004
101249,0.238
94971,0.074
31591,0.992
120037,0.032
1152,0.502
52154,0.228
118249,0.25
63569,0.986
7504,0.654
118518,0.91
74469,0.194
71897,0.328
50120,0.6
70753,0.35
96070,0.324
39431,0.3
104087,0.244
80435,0.032
115921,0.544
57931,0.618
101002,0.576
4128,0.102
77091,0.006
123729,0.97
124928,0.49
30124,0.024
96971,0.376
448,0.22
49101,0.518
55111,0.968
60151,0.996
26097,0.862
75524,0.004
21765,0.866
102639,0.818
35966,1.0
68573,0.618
4710,0.876
103343,0.252
70640,0.354
85299,0.002
70634,0.454
48087,0.396
93053,0.918
36664,0.44
63781,0.844
8306,0.258
56192,0.97
38886,1.0
26482,0.388
84301,0.002
24935,0.858
12037,0.626
13698,0.374
47842,0.402
103242,0.352
636,0.602
75857,0.002
114678,0.588
114932,0.772
69865,0.482
49254,0.666
37193,0.992
119946,0.11
23187,0.356
124684,0.844
86872,0.002
51525,0.23
8703,0.102
6064,0.096
83446,0.0
110011,0.09
82956,0.002
87499,0.0
82715,0.0
35153,0.268
33409,0.228
27142,0.312
124239,0.514
56428,0.936
68117,0.786
41523,0.94
57974,0.968
93187,0.458
91215,0.012
88129,0.0
115367,0.356
113059,0.574
19588,0.84
65877,0.886
73157,0.336
51806,0.824
84966,0.002
50092,0.194
95524,0.138
124427,0.882
24614,0.636
5883,0.118
109286,0.012
116428,0.284
2904,0.064
82833,0.0
5349,0.876
1361,0.8
81033,0.002
55642,0.234
32083,0.986
41223,0.998
19487,0.962
108402,0.242
6256,0.744
45063,0.996
74570,0.834
61685,0.9
45481,0.39
73341,0.142
54072,0.196
11430,0.432
76032,0.002
21327,0.346
19868,0.008
106012,0.562
54206,0.268
96010,0.332
106707,0.282
100306,0.696
71386,0.542
15409,0.812
66193,0.228
23015,0.93
45611,0.982
36753,0.958
24160,0.806
95445,0.208
47487,0.864
70835,0.442
16319,0.418
67867,0.346
5753,0.176
39486,0.996
8493,0.588
109011,0.122
60011,0.29
121402,0.284
35977,1.0
6153,0.17
1731,0.244
27342,0.41
101980,0.244
122522,0.394
82231,0.01
33159,0.294
10864,0.106
8956,0.662
11316,0.24
13870,0.436
19244,0.658
86703,0.0
50229,0.782
104057,0.382
75861,0.014
85658,0.022
62298,0.906
116529,0.182
3399,0.07
45711,0.65
49393,0.72
102621,0.36
92300,0.182
106369,0.442
19599,0.376
46556,0.948
108804,0.072
28701,0.314
39806,0.998
84584,0.0
69127,0.394
84083,0.0
18973,0.024
66169,0.798
11888,0.028
14158,0.998
54444,0.242
10044,0.284
101246,0.224
66518,0.158
106623,0.214
122788,0.562
54768,0.71
54403,0.882
52647,0.84
122667,0.384
104525,0.382
109495,0.076
53233,0.954
63870,0.19
69105,0.74
78690,0.0
42475,0.9
120302,0.244
95354,0.312
30966,0.998
125118,0.652
120268,0.814
30773,0.902
78971,0.014
77428,0.002
86722,0.0
69401,0.396
46926,0.862
125068,0.462
83844,0.008
115756,0.936
76985,0.0
17974,0.974
123364,0.582
95384,0.346
91365,0.002
94791,0.1
120937,0.686
40141,0.192
106800,0.43
16498,0.19
73082,0.322
120996,0.11
112287,0.282
106283,0.996
98962,0.708
55823,0.556
16920,0.094
102525,0.448
90602,0.014
80342,0.002
108351,0.25
41649,0.462
38707,0.948
47060,0.57
2831,0.118
66501,0.432
99872,0.778
100401,0.362
102150,0.404
27622,0.15
44354,0.996
123730,0.908
120640,0.94
44268,0.936
46381,0.728
41181,1.0
112848,0.184
18145,0.994
75317,0.002
53920,0.836
91294,0.002
58980,0.996
33239,0.074
19338,0.458
113263,0.06
54547,0.326
21433,0.908
11326,0.3
63926,0.44
8581,0.89
36694,0.828
111745,0.778
84757,0.0
117056,0.224
93403,0.194
125080,0.806
49581,0.434
32565,0.982
1258,0.784
99903,0.366
60537,0.978
75303,0.0
30883,0.886
74201,0.736
85668,0.0
39944,0.994
124055,0.57
111951,0.188
16074,0.374
41773,0.784
39079,1.0
120109,0.212
24833,0.356
84771,0.002
63509,0.962
113565,0.504
111913,0.342
26043,0.502
7408,0.782
99891,0.8
115289,0.27
117301,0.294
11685,0.58
85369,0.002
96899,0.25
56898,0.994
57847,0.962
53465,0.964
53539,0.728
101330,0.2
116507,0.676
61428,0.414
27395,0.196
61776,0.412
57466,0.648
41990,0.874
138,0.784
123841,0.54
105218,0.116
119583,0.378
118927,0.632
113323,0.098
19689,0.29
20216,0.792
87903,0.022
115603,0.918
123182,0.924
25190,0.944
85943,0.0
69107,0.6
111525,0.598
68412,0.378
38659,0.936
22007,0.754
121059,0.28
90707,0.01
7945,0.278
86561,0.0
13850,0.586
70314,0.214
77068,0.0
88763,0.014
23514,0.854
55198,0.81
73485,0.418
91572,0.02
100376,0.47
76026,0.0
113448,0.322
40163,0.904
22006,0.532
97591,0.398
32493,0.506
111522,0.206
70465,0.23
35960,1.0
92807,0.348
117633,0.276
103336,0.234
63546,0.916
32941,0.004
4846,0.924
123926,0.968
112497,0.81
62956,0.582
85506,0.024
107187,0.946
111870,0.244
108912,0.086
22356,0.84
59838,0.806
97602,0.52
79187,0.004
108450,0.312
56962,0.966
23527,0.912
30836,0.98
52811,0.598
72360,0.33
33116,0.212
104928,0.32
100650,0.196
39221,0.982
119393,0.156
97532,0.976
84387,0.0
105352,0.874
14062,0.06
120114,0.35
40884,0.996
17983,0.788
10767,0.198
46155,0.964
39003,0.966
116342,0.296
23202,0.716
93868,0.128
30405,0.998
5980,0.072
63888,0.87
61293,0.106
100041,0.056
113488,0.792
38384,0.958
116734,0.82
13841,0.626
99464,0.12
99624,0.362
37447,0.998
78530,0.0
23085,0.628
14337,0.872
67285,0.354
28995,0.398
42034,0.974
32868,0.948
79393,0.002
20917,0.728
1681,0.366
59857,0.964
110868,0.042
32621,0.98
69313,0.414
22546,0.104
116059,0.94
67671,0.928
53840,0.416
125111,0.422
20546,0.548
5023,0.992
21497,0.9
78344,0.002
111799,0.468
6721,0.136
75349,0.002
18730,0.826
106350,0.996
59467,0.978
35747,0.99
83745,0.0
106700,0.51
112510,0.566
79767,0.002
79421,0.0
60180,0.566
93237,0.764
9460,0.17
47877,0.488
57936,0.718
87593,0.002
54674,0.878
124018,0.556
3576,0.094
44614,0.996
70958,0.296
52939,0.652
60676,0.942
53806,0.572
107443,0.242
113933,0.774
65711,0.094
4114,0.794
35371,0.15
4058,0.254
52428,0.19
11927,0.136
107987,0.542
49898,0.214
84390,0.0
80889,0.0
81796,0.0
125180,0.92
5221,0.9
98560,0.386
64831,0.222
92783,0.284
45663,0.718
80276,0.008
54790,0.554
33895,0.124
10715,0.222
54429,0.26
26859,0.962
24200,0.408
40348,1.0
94445,0.16
109131,0.026
24492,0.044
58356,0.68
30562,0.882
106403,0.308
3782,0.328
86254,0.0
73312,0.178
109700,0.042
89100,0.002
29638,0.394
56086,0.99
73326,0.028
65344,0.324
6152,0.158
22032,0.448
80902,0.0
78168,0.0
7469,0.356
265,0.248
45142,0.338
115811,0.422
21624,0.848
44970,0.934
106264,0.994
100475,0.264
53084,0.93
50402,0.294
7620,0.408
31684,0.754
114568,0.304
100425,0.404
55689,0.464
56266,0.48
18202,0.998
73022,0.888
71923,0.334
22646,0.82
34631,0.996
19300,0.904
52576,0.708
117272,0.194
14931,0.674
24936,0.8
51396,0.14
25645,0.06
70502,0.73
38525,0.904
72799,0.416
33997,0.928
117664,0.218
92497,0.194
10423,0.3
74124,0.744
79899,0.056
73724,0.472
94434,0.844
93077,0.998
26818,0.898
60692,0.578
57679,0.718
75376,0.008
91940,0.146
55966,0.804
21746,0.894
36189,0.488
72880,0.482
76751,0.006
89262,0.02
43846,0.556
14010,0.968
86593,0.028
48284,0.368
76623,0.0
109117,0.022
62155,0.41
41189,0.998
99783,0.074
109920,0.07
29691,0.288
124106,0.794
78804,0.002
100295,0.272
113804,0.308
69833,0.332
111355,0.042
104655,0.44
92200,0.2
82600,0.0
28794,0.97
19793,0.532
13405,0.436
90111,0.01
33873,0.16
3199,0.1
70055,0.874
111683,0.098
73090,0.536
36115,0.57
124918,0.362
86221,0.002
59215,0.938
122051,0.532
43015,0.99
32265,0.614
113108,0.08
29321,0.378
102339,0.176
53608,0.374
33498,0.546
86900,0.002
98352,0.288
65064,0.912
22684,0.402
69506,0.478
70139,0.844
86075,0.002
83633,0.002
104577,0.306
71753,0.046
17659,0.714
45692,0.998
112434,0.882
61637,0.05
82039,0.0
12874,0.382
12436,0.37
39879,0.986
57933,0.966
34821,0.598
80054,0.0
41110,0.944
7745,0.446
3181,0.882
93115,0.902
12190,0.186
49075,0.92
87466,0.0
91973,0.02
121722,0.944
48960,0.448
120626,0.824
89842,0.008
53336,0.922
21564,0.866
74393,0.29
95339,0.43
111607,0.67
61606,0.328
94555,0.226
100267,0.148
90556,0.004
124779,0.496
3096,0.278
52832,0.296
91261,0.024
91873,0.024
94836,0.786
110649,0.036
48635,0.988
32558,0.98
29229,0.482
81726,0.0
114700,0.74
53634,0.35
95811,0.128
5739,0.068
121333,0.832
20286,0.48
51446,0.678
58927,0.922
23920,0.408
25331,0.592
69128,0.756
31995,0.52
4470,0.482
111770,0.276
77202,0.0
65918,0.35
39573,0.458
75439,0.002
123848,0.864
353,0.372
93745,0.466
3762,0.196
24457,0.076
40101,0.528
106050,0.642
10845,0.418
5430,0.314
2011,0.33
55549,0.972
66117,0.1
45261,0.274
82389,0.0
118195,0.56
92161,0.252
10109,0.562
73480,0.218
84588,0.0
49983,0.264
48162,0.796
110606,0.05
33867,0.642
66101,0.688
29688,0.474
50711,0.354
2039,0.876
55061,0.3
66859,0.352
72573,0.462
98420,0.232
8078,0.222
68258,0.292
9180,0.962
93291,0.236
93110,0.614
70140,0.87
69074,0.304
104624,0.406
32556,0.89
124370,0.448
100973,0.48
19979,0.316
123190,1.0
110928,0.156
108989,0.036
121987,0.796
78679,0.0
98769,0.474
75375,0.006
83581,0.002
17226,0.13
5620,0.986
60808,0.904
3668,0.332
99513,0.486
46651,0.974
122617,0.842
122508,0.49
108676,0.728
73314,0.224
38631,0.948
51674,0.366
117971,0.192
116511,0.166
89143,0.0
49487,0.226
81016,0.01
67043,0.384
111657,0.11
117006,0.42
99165,0.832
27675,0.222
27514,0.282
88486,0.014
56852,0.298
58445,0.556
79737,0.004
16153,0.632
53186,0.534
23820,0.858
119003,0.69
48372,0.95
8336,0.328
59866,0.962
55235,0.828
103685,0.228
39050,0.99
4039,0.204
55020,0.506
46449,0.352
9591,0.616
113397,0.846
61165,0.976
41138,1.0
112675,0.184
85776,0.0
90165,0.004
13038,0.642
41320,0.972
78044,0.006
4685,0.93
78317,0.002
36811,0.966
2800,0.086
107558,0.984
83894,0.002
34354,0.112
70267,0.288
95501,0.44
97955,0.738
104194,0.228
40130,0.236
85633,0.002
23732,0.934
124610,0.862
92265,0.368
22342,0.85
99046,0.794
49532,0.312
122015,0.854
91688,0.012
32450,0.976
118065,0.054
59115,0.878
52970,0.486
25016,0.35
44252,0.948
11219,0.826
101244,0.182
26490,0.196
13816,0.478
39960,0.354
7861,0.348
33284,0.652
115228,0.868
38586,0.938
105158,0.914
26135,0.936
102137,0.326
25191,0.94
106420,0.254
30453,0.998
31367,0.97
103980,0.468
104088,0.456
14185,0.464
42996,0.466
44544,1.0
110862,0.068
42421,0.816
89497,0.006
125088,0.56
21832,0.584
51981,0.242
97176,0.24
35029,0.988
31469,0.438
75941,0.0
28097,0.248
80048,0.0
99050,0.336
101201,0.63
21574,0.852
120438,0.288
46552,0.942
102546,0.13
106891,0.992
58956,0.972
68176,0.646
15511,0.898
113262,0.072
96453,0.32
99619,0.706
111024,0.014
69383,0.41
111532,0.252
69670,0.834
41345,0.95
16942,0.074
2448,0.09
50295,0.284
79218,0.002
48523,0.982
60725,0.89
61551,0.62
78268,0.0
84872,0.004
102092,0.242
1202,0.672
26190,0.888
54259,0.24
115422,0.302
93443,0.146
11861,0.268
41567,0.968
102007,0.38
26234,0.724
43983,0.954
41327,0.988
10138,0.484
51675,0.59
27495,0.366
86149,0.008
25835,0.042
61884,0.394
77490,0.0
18182,0.998
94634,0.394
119172,0.172
117800,0.412
40674,0.99
55207,0.508
64705,0.588
50344,0.236
62288,0.912
33814,0.548
77904,0.002
85452,0.01
108975,0.03
83992,0.008
30436,1.0
11039,0.068
120144,0.888
114690,0.292
25857,0.582
28702,0.398
24006,0.298
68498,0.548
44878,0.998
78623,0.002
75506,0.0
52646,0.468
28096,0.286
45909,0.998
124547,0.766
18147,1.0
40751,0.234
112895,0.798
77340,0.006
59514,0.97
77979,0.002
85853,0.0
89981,0.03
10223,0.38
22748,0.77
35091,0.928
30779,1.0
24872,0.128
40505,0.998
66,0.278
99144,0.51
111942,0.394
48599,0.994
43447,0.496
52009,0.65
86542,0.0
58817,0.612
92652,0.222
65639,0.844
106040,0.506
36278,0.782
6677,0.178
91248,0.01
35128,1.0
81122,0.0
38278,0.976
41525,0.964
38155,0.914
43136,0.942
61666,0.444
9769,0.41
106649,0.51
69854,0.262
123424,0.982
120712,0.166
22966,0.274
74534,0.8
9691,0.754
93339,0.264
117072,0.076
22036,0.77
92686,0.426
35986,0.522
103448,0.446
68513,0.238
89109,0.006
108079,0.83
68388,0.334
71156,0.49
89847,0.002
6780,0.416
99861,0.214
2515,0.256
116283,0.29
4762,0.134
79388,0.0
13688,0.392
1931,0.764
4083,0.974
59478,0.99
22108,0.924
67971,0.25
39131,1.0
99643,0.808
121042,0.414
87706,0.0
46254,1.0
106338,0.99
73571,0.266
125040,0.462
49368,0.384
29491,0.322
111144,0.166
45022,0.898
8351,0.33
22485,0.742
52680,0.446
20640,0.958
89941,0.022
67777,0.134
1855,0.64
24037,0.512
49232,0.866
114375,0.166
76819,0.0
48641,0.89
26547,0.376
104158,0.356
454,0.236
58308,0.682
1501,0.786
88695,0.01
94916,0.222
82196,0.004
58327,0.998
101161,0.39
79495,0.002
6054,0.026
2233,0.944
40444,0.342
119133,0.432
98927,0.098
92837,0.186
66639,0.044
65337,0.614
118800,0.206
95346,0.09
119381,0.18
110805,0.104
44393,1.0
37276,0.998
40496,0.956
77795,0.004
60378,0.416
86011,0.0
70551,0.634
15739,0.174
37362,0.986
75240,0.002
43438,0.844
83154,0.01
74364,0.254
95442,0.232
113984,0.048
4297,0.986
37915,0.892
116212,0.964
103291,0.274
33119,0.628
6403,0.724
115698,0.262
37081,0.994
33975,0.988
44752,0.272
80158,0.002
66537,0.242
4863,0.548
1899,0.708
41593,0.176
85456,0.006
99953,0.286
69797,0.476
97493,0.978
36657,0.998
8588,0.938
113929,0.344
109730,0.024
9143,0.278
62473,0.904
110322,0.106
4893,0.99
124596,0.966
3180,0.194
8823,0.534
28215,0.174
6482,0.082
121179,0.19
53871,0.254
47604,0.568
85958,0.002
37071,1.0
29941,0.0
100927,0.222
88838,0.004
38636,0.958
25207,0.39
5021,0.992
102646,0.834
108145,0.924
99821,0.288
69049,0.386
30324,0.962
48066,0.212
2986,0.808
122580,0.596
19926,0.302
95201,0.232
74274,0.388
102739,0.464
9434,0.364
72844,0.618
2779,0.194
79336,0.03
32288,0.256
5447,0.104
59527,0.96
115601,0.908
12936,0.26
123827,0.19
27274,0.152
103671,0.578
29640,0.124
28999,0.46
52145,0.208
82111,0.0
95854,0.292
72831,0.432
110207,0.014
71380,0.432
113609,0.18
59445,0.964
41885,0.14
81412,0.0
111805,0.904
83592,0.0
51236,0.192
14712,0.944
93113,0.62
57602,0.816
47907,0.686
34119,0.962
29020,0.258
43605,0.98
118941,0.344
55560,0.956
34540,0.962
33237,0.338
121768,0.768
33024,0.1
88223,0.0
116956,0.922
38359,0.434
38122,0.704
17028,0.344
109676,0.046
61299,0.328
63,0.33
67038,0.306
34258,0.178
101968,0.368
4256,0.842
92328,0.286
54,0.334
38850,0.99
59306,0.914
36725,0.99
103999,0.094
106342,0.998
79958,0.01
23758,0.93
120719,0.286
61425,0.99
61788,0.364
87765,0.0
43401,0.976
45791,0.934
60494,0.932
68364,0.352
102551,0.132
27041,0.296
6440,0.234
75933,0.002
14649,0.94
98818,0.066
77199,0.0
81884,0.0
25157,0.918
1093,0.798
75137,0.012
116917,0.21
106766,0.958
67431,0.274
8785,0.178
99684,0.656
30716,0.996
53875,0.096
53422,0.956
65097,0.844
116909,0.34
80943,0.0
16974,0.672
71807,0.31
78141,0.002
88048,0.002
36184,0.754
13041,0.982
122793,0.362
61590,0.648
90124,0.006
39237,0.73
4195,0.198
105770,0.35
112845,0.28
84084,0.004
437,0.236
75100,0.026
123866,0.216
31930,0.53
66510,0.362
122997,0.808
54949,0.988
14399,0.934
61719,0.752
43809,0.584
69022,0.754
72712,0.362
73693,0.61
39900,1.0
40529,0.996
91446,0.002
39786,0.598
11144,0.262
65980,0.194
88963,0.01
93796,0.87
79472,0.0
94148,0.996
90645,0.042
35491,0.962
7114,0.066
55784,0.946
83994,0.0
41468,0.988
10511,0.192
7928,0.312
112625,0.388
105100,0.186
18216,0.986
63157,0.816
118175,0.108
54696,0.932
64330,0.402
35578,1.0
28282,0.184
122571,0.312
115222,0.822
123078,0.928
27465,0.124
99832,0.064
88686,0.006
22917,0.882
57788,0.45
36206,0.338
70163,0.67
13626,0.408
51487,0.286
35694,0.956
51925,0.85
31705,0.53
76028,0.004
46281,0.998
51237,0.206
64912,0.418
116581,0.336
113532,0.588
42878,0.91
84427,0.0
84798,0.002
70326,0.27
1975,0.618
86338,0.002
59548,0.996
27128,0.696
84854,0.004
107557,1.0
20007,0.89
117248,0.134
54181,0.118
72526,0.178
18102,0.962
113817,0.132
69381,0.338
7230,0.084
14339,0.218
5678,0.162
93911,0.052
21724,0.884
79296,0.0
80311,0.002
49141,0.224
19452,0.386
40165,0.904
123732,0.844
91217,0.006
32418,0.996
5113,0.99
88999,0.01
6471,0.342
122845,0.834
51663,0.456
6665,0.378
17864,0.416
95885,0.654
80161,0.002
82683,0.0
9800,0.314
93424,0.232
78812,0.004
10685,0.23
63347,0.954
25750,0.602
38068,0.998
70362,0.726
66756,0.458
14994,0.272
81794,0.0
2592,0.166
97747,0.266
7616,0.4
78348,0.0
58951,0.974
48949,0.226
97687,0.186
121727,0.532
39575,0.96
31131,0.34
47367,0.986
22681,0.462
41330,0.452
41934,0.988
41275,0.972
56989,0.852
110533,0.06
27935,0.182
123799,0.382
82571,0.0
1515,0.782
43826,0.4
101546,0.312
105275,0.388
68309,0.184
51558,0.18
44058,0.958
113351,0.034
76220,0.0
87826,0.006
85430,0.006
95968,0.112
69120,0.154
7128,0.544
112379,0.284
111215,0.422
95906,0.156
37381,0.998
96957,0.486
1699,0.638
76774,0.006
23691,0.952
59117,0.85
74901,0.452
3003,0.924
45957,0.996
73451,0.136
79428,0.002
12846,0.642
24358,0.354
328,0.68
36717,0.994
26975,0.956
107428,0.384
9475,0.244
103783,0.604
20471,0.59
19359,0.078
3470,0.28
121457,0.72
101654,0.908
20674,0.942
121793,0.494
111528,0.326
107324,0.996
103952,0.236
47788,0.914
45137,0.186
85101,0.0
8729,0.472
92599,0.126
104429,0.284
25115,0.952
44113,0.994
96250,0.128
95080,0.8
35741,0.998
29078,0.598
74844,0.6
25223,0.722
15906,0.16
118946,0.762
68734,0.03
47418,0.244
22391,0.822
115752,0.27
82882,0.0
35678,1.0
21204,0.052
75195,0.004
116291,0.5
42044,0.974
5611,0.996
57242,0.794
75919,0.002
61983,0.908
49248,0.608
122914,0.364
87038,0.01
43166,0.426
65154,0.164
40464,0.972
27119,0.442
57738,0.966
38718,0.872
81732,0.0
22120,0.896
111013,0.22
123869,0.216
9853,0.224
51997,0.37
100224,0.244
64131,0.732
19399,0.228
103457,0.304
52742,0.628
119638,0.672
34687,0.986
52483,0.524
106272,0.884
76439,0.0
83699,0.006
52302,0.372
92570,0.538
90722,0.002
59181,0.528
46318,1.0
32264,0.346
92487,0.61
57813,0.948
60464,0.182
1750,0.388
9887,0.254
120874,0.59
92558,0.438
36615,0.998
31443,0.548
65835,0.568
8324,0.376
71337,0.566
42831,0.034
24408,0.438
69039,0.384
78657,0.006
99219,0.2
50803,0.366
97188,0.09
69435,0.428
7210,0.062
47796,0.498
7916,0.36
99256,0.226
110716,0.262
99528,0.124
11184,0.064
7586,0.176
22372,0.838
75666,0.0
92465,0.574
67405,0.168
62823,0.702
65488,0.424
49798,0.87
21621,0.884
58124,0.892
113805,0.902
22886,0.76
84905,0.0
102407,0.308
28162,0.272
53299,0.552
12769,0.25
70956,0.88
7674,0.786
25363,0.81
104538,0.89
86418,0.0
106404,0.256
43524,0.984
50737,0.192
28552,0.208
8147,0.47
54591,0.888
88677,0.008
33542,0.084
87449,0.002
122316,0.878
73637,0.232
61897,0.654
104318,0.414
43455,0.912
82772,0.002
21101,0.216
1302,0.336
42207,0.996
111580,0.072
57488,0.494
829,0.692
45885,0.912
9155,0.228
21824,0.232
93940,0.634
55136,0.474
36181,0.464
15301,0.188
104565,0.482
38352,0.954
112183,0.412
83123,0.0
27590,0.074
17269,0.14
27705,0.304
69269,0.456
40342,0.994
63511,0.996
110557,0.044
36750,0.736
8916,0.244
47340,0.948
37174,0.854
61645,0.428
24752,0.81
19809,0.744
10643,0.158
32988,0.006
26440,0.338
58936,0.938
125078,0.708
116278,0.814
92230,0.258
83998,0.0
37939,0.934
85675,0.004
26507,0.864
68522,0.262
20898,0.156
59023,0.996
84742,0.0
105914,0.478
119811,0.16
111633,0.266
102996,0.306
82932,0.0
77978,0.002
54306,0.912
12668,0.462
90422,0.01
558,0.286
121434,0.874
113344,0.138
50894,0.226
124015,0.23
7890,0.172
106325,0.996
52203,0.446
72943,0.852
60556,0.978
37446,0.99
48637,0.964
2566,0.206
48244,0.984
80268,0.006
39597,0.998
39436,0.976
31578,0.982
29992,0.006
41262,0.698
105479,0.338
86672,0.0
80471,0.004
86012,0.0
48697,0.666
92114,0.472
1959,0.328
69741,0.814
69647,0.688
68265,0.34
98215,0.474
86580,0.0
7774,0.202
124838,0.912
71543,0.252
79275,0.0
117761,0.242
94890,0.068
94811,0.082
68421,0.266
77141,0.002
4592,0.912
76904,0.0
6246,0.748
8627,0.922
20615,0.87
91283,0.014
119231,0.346
121774,0.598
65303,0.966
4681,0.942
101508,0.328
124832,0.91
49097,0.86
118816,0.396
7834,0.33
70491,0.302
66380,0.592
15262,0.358
87214,0.0
6435,0.39
89551,0.006
39725,0.602
44621,0.998
26254,0.204
110025,0.052
43730,0.276
13944,0.032
52777,0.432
37714,0.914
29914,0.008
112095,0.228
92869,0.294
4187,0.398
45668,0.442
65524,0.522
51494,0.538
118213,0.086
38263,0.236
99409,0.422
102951,0.396
4144,0.11
12997,0.23
69950,0.21
100740,0.126
22760,0.738
98553,0.54
106021,0.446
68453,0.478
7773,0.5
14374,0.81
80023,0.0
103446,0.304
119178,0.678
23532,0.944
66775,0.166
61232,0.818
106484,0.246
75811,0.002
48185,0.964
67616,0.434
47053,0.556
26024,0.5
83435,0.0
12083,0.172
22090,0.928
44887,0.984
28359,0.032
52890,0.232
1790,0.396
89744,0.002
106706,0.43
5957,0.014
50656,0.228
38000,1.0
90751,0.002
116699,0.314
73969,0.672
58352,0.996
119232,0.332
115686,0.834
17541,0.182
50203,0.194
45212,0.108
43671,0.566
68999,0.038
6084,0.75
24179,0.806
76977,0.01
63473,0.394
65248,0.106
77953,0.004
112213,0.438
59102,0.876
53742,0.37
64566,0.31
39275,0.998
88789,0.012
65472,0.228
254,0.29
121562,0.956
8088,0.578
78615,0.0
10880,0.84
10433,0.024
116414,0.198
99032,0.248
4975,0.996
11754,0.252
89112,0.016
79154,0.002
82240,0.064
3354,0.052
46895,0.982
11702,0.792
39839,0.76
115549,0.392
46802,0.354
79814,0.004
40530,0.998
104969,0.298
16134,0.32
58757,0.454
6687,0.232
53020,0.992
68601,0.308
76679,0.0
47518,0.848
32032,0.988
97415,0.844
41161,0.996
50004,0.45
39553,0.994
15015,0.276
68975,0.138
43074,0.056
31137,0.294
17319,0.566
9201,0.926
109071,0.044
57373,0.94
96393,0.242
118716,0.444
55954,0.984
51887,0.234
84157,0.002
94361,0.358
94344,0.356
72,0.5
98434,0.502
11403,0.786
45832,1.0
115039,0.87
7634,0.524
12969,0.098
108882,0.054
100600,0.844
110737,0.082
39791,0.628
87563,0.002
28864,0.472
10599,0.196
25437,0.884
58103,0.844
99792,0.25
105308,0.432
87319,0.0
122919,0.4
97731,0.556
18115,0.948
83404,0.0
92375,0.338
110071,0.084
95644,0.594
59550,1.0
57418,0.28
91806,0.004
111785,0.566
57413,0.35
32633,0.958
37055,1.0
24051,0.18
49998,0.236
24869,0.248
99864,0.778
112750,0.07
41591,0.08
18096,0.96
22348,0.854
54913,0.916
22205,0.922
33869,0.266
27630,0.172
92018,0.146
115717,0.902
57307,0.174
72913,0.526
119164,0.88
67601,0.272
31551,0.898
113292,0.218
30171,0.174
51511,0.414
123082,0.948
64176,0.168
33823,0.106
32614,0.954
17677,0.156
26114,0.14
64484,0.998
30669,1.0
45400,0.974
58478,0.96
96434,0.332
56194,0.97
80561,0.0
52998,0.958
26508,0.302
33224,0.112
115045,0.134
67554,0.304
1594,0.556
90569,0.0
123099,0.574
8698,0.588
117365,0.836
6467,0.156
58230,1.0
40300,0.998
83422,0.002
77566,0.004
68674,0.25
14518,0.948
43237,0.792
63390,0.566
22040,0.764
88567,0.008
83338,0.0
71185,0.442
109778,0.096
10904,0.478
63293,0.83
16073,0.378
77,0.492
18212,0.99
2128,0.258
63661,0.992
51835,0.82
54516,0.288
5390,0.434
115081,0.944
97744,0.472
96247,0.326
14496,0.954
66435,0.31
79081,0.0
78185,0.0
20523,0.056
30075,0.004
20399,0.82
37953,1.0
62800,0.328
43008,0.916
5608,0.986
46417,0.97
111675,0.474
70023,0.498
88524,0.002
28711,0.322
64237,0.524
88758,0.008
55553,0.986
45171,0.208
26745,0.692
77228,0.004
25063,0.898
76199,0.002
30032,0.656
29072,0.404
20412,0.956
98362,0.152
108625,0.416
83107,0.002
59231,0.952
91737,0.056
21967,0.06
86750,0.004
75657,0.0
92766,0.122
64092,0.266
125175,0.884
4940,0.996
16218,0.636
100467,0.198
34058,0.034
117354,0.536
78595,0.002
29535,0.478
44215,0.574
47184,0.552
35020,0.998
62160,0.942
7096,0.634
49399,0.374
79505,0.0
106871,0.996
37593,0.568
63088,0.948
77935,0.01
32632,0.992
82398,0.0
40116,0.394
77710,0.0
72375,0.788
42988,0.984
102032,0.388
18637,0.352
112283,0.344
44319,0.974
67624,0.294
44123,0.958
40255,0.986
40830,0.634
107102,0.934
74708,0.384
107422,0.292
82351,0.0
8114,0.28
119910,0.11
19566,0.958
73913,0.332
36439,0.932
40431,0.79
71730,0.412
107795,0.55
79831,0.002
60564,0.932
57753,0.962
61246,0.62
125166,0.542
87569,0.004
50124,0.844
102463,0.726
113169,0.874
124881,0.942
91929,0.186
22845,0.248
41053,0.908
26399,0.152
26540,0.226
31192,0.97
76075,0.0
104924,0.416
11205,0.508
101210,0.604
89608,0.01
5357,0.882
38794,0.792
80216,0.008
84785,0.0
99808,0.35
193,0.584
95624,0.704
82075,0.0
4413,0.988
116174,0.96
115702,0.308
84900,0.004
27299,0.22
56665,0.874
109306,0.012
81886,0.0
40873,0.872
120390,0.186
34918,0.544
76529,0.002
105629,0.642
29676,0.624
95074,0.464
85992,0.0
103229,0.53
89288,0.008
115724,0.39
56920,1.0
108352,0.602
91230,0.008
78705,0.0
65152,0.45
23725,0.974
61321,0.168
86794,0.0
74506,0.054
18279,1.0
9449,0.226
103130,0.346
87974,0.002
58506,0.768
30264,0.69
123165,0.964
45669,0.778
14617,0.96
55669,0.886
70975,0.122
120902,0.582
82944,0.0
47132,0.926
81935,0.0
25783,0.016
116133,0.342
121882,0.392
54910,0.826
31249,0.98
47679,0.448
30846,0.884
41557,0.838
116438,0.914
39374,0.986
105072,0.304
59212,0.9
15931,0.904
61287,0.976
90837,0.004
37803,0.954
87121,0.0
109642,0.014
75380,0.002
106406,0.104
58243,0.998
65143,0.44
72891,0.358
12627,0.69
29184,0.216
29807,0.354
73525,0.178
49386,0.706
94547,0.28
17372,0.124
64691,0.548
79794,0.008
38713,0.332
94917,0.432
4812,0.948
61128,0.986
24074,0.138
22827,0.368
80800,0.002
104492,0.248
83683,0.0
81956,0.0
101176,0.266
63918,0.462
102840,0.184
30699,1.0
14985,0.27
78068,0.0
78578,0.0
119729,0.314
78695,0.0
3297,0.406
42190,0.95
50283,0.308
110232,0.054
117589,0.264
9720,0.026
79834,0.0
24820,0.41
40526,0.998
29494,0.88
119572,0.308
81481,0.0
107013,0.944
28010,0.428
2549,0.308
96934,0.906
104905,0.166
97783,0.866
32416,0.996
70650,0.234
12613,0.396
54774,0.418
38139,0.974
5314,0.974
4854,0.79
1358,0.776
85097,0.004
108117,0.188
13946,0.06
32535,0.442
93174,0.374
97441,0.964
110723,0.134
36130,0.696
55917,0.408
55905,0.924
69781,0.762
47243,0.87
91778,0.006
85435,0.016
26495,0.408
55571,0.354
91852,0.008
107886,0.286
105461,0.4
24313,0.862
100104,0.196
65631,0.798
74193,0.144
100710,0.268
116876,0.442
79142,0.0
96186,0.346
14292,0.296
18955,0.01
11692,0.196
39055,0.998
29247,0.55
16577,0.434
48296,0.708
4988,0.858
113988,0.314
2795,0.148
42965,0.99
15753,0.158
64436,0.964
94991,0.752
34027,0.028
17576,0.098
51737,0.554
4397,0.954
27789,0.198
16075,0.478
78108,0.0
39454,0.874
19401,0.362
16756,0.442
7422,0.324
15734,0.116
114027,0.258
79644,0.0
117912,0.294
75676,0.0
89066,0.0
53360,0.988
2588,0.276
119612,0.686
4733,0.95
55855,0.934
102109,0.22
49838,0.504
39937,0.994
18360,0.014
74053,0.328
124181,0.916
70034,0.41
113676,0.274
85766,0.002
107213,0.948
58444,0.714
45028,0.894
44009,0.906
6037,0.282
63656,0.998
51546,0.164
72758,0.214
8771,0.756
115038,0.314
30314,0.894
86040,0.0
7882,0.086
30323,0.98
51342,0.326
32627,0.996
74652,0.286
22393,0.824
84503,0.0
16235,0.574
49346,0.298
102609,0.34
88770,0.02
76444,0.002
57915,0.97
118789,0.74
103417,0.736
112284,0.646
24629,0.366
12488,0.122
66814,0.252
77181,0.0
83520,0.0
17286,0.314
11606,0.514
94880,0.156
20326,0.944
21713,0.746
28255,0.332
49612,0.36
92555,0.366
68609,0.43
24510,0.074
86118,0.0
108002,0.492
24150,0.504
73554,0.226
125036,0.52
102735,0.156
42323,0.342
74857,0.456
39083,1.0
50519,0.856
22113,0.892
66131,0.538
108388,0.348
31478,0.518
3379,0.326
2093,0.192
50681,0.272
107068,0.952
7481,0.31
115233,0.868
952,0.678
34939,0.99
118534,0.35
10874,0.338
25618,0.026
91006,0.016
89304,0.004
112226,0.382
94787,0.136
120722,0.698
5934,0.214
95497,0.398
43503,0.98
45019,0.278
64726,0.846
20937,0.332
101096,0.108
17122,0.63
16081,0.302
307,0.194
32244,0.672
73436,0.568
7534,0.222
102983,0.182
91346,0.038
106339,0.996
3229,0.586
81852,0.0
80997,0.004
78828,0.0
25694,0.852
117423,0.55
55270,0.55
98366,0.262
112936,0.462
15228,0.378
90162,0.004
122760,0.322
14958,0.356
96505,0.114
117706,0.59
33917,0.938
4912,0.982
9110,0.648
7528,0.074
31853,0.97
75211,0.006
111551,0.122
108628,0.29
67488,0.144
98724,0.04
45849,0.956
99571,0.602
122090,0.11
57636,0.57
23596,0.93
80963,0.0
83071,0.0
55665,0.624
102633,0.786
60165,0.928
23504,0.356
42077,0.108
93147,0.994
38130,0.526
65941,0.418
107605,0.228
117435,0.216
50243,0.9
54055,0.344
9892,0.328
33418,0.138
78951,0.0
44362,0.94
8794,0.278
31962,0.204
8313,0.312
33355,0.642
62361,0.99
3247,0.982
54343,0.672
16716,0.422
77120,0.0
104245,0.73
106956,0.984
33762,0.182
38059,1.0
120131,0.108
47893,0.842
37617,0.97
2640,0.13
83902,0.0
23100,0.446
1425,0.32
24360,0.688
3008,0.814
43825,0.062
6499,0.098
62791,0.68
109438,0.034
97458,0.802
73607,0.226
115878,0.732
98287,0.858
99267,0.204
4316,0.974
88109,0.0
75899,0.0
124798,0.402
34825,0.926
122597,0.542
12669,0.332
20314,0.96
123475,0.942
90950,0.004
43416,0.992
12127,0.484
118499,0.174
40288,0.984
25422,0.942
108771,0.278
48827,0.454
15076,0.468
97695,0.116
62541,0.992
62390,0.41
1211,0.644
22059,0.882
65939,0.37
30143,0.016
33868,0.562
30393,0.982
28558,0.218
66479,0.844
67164,0.804
83596,0.0
82618,0.004
104930,0.3
30766,0.998
85047,0.0
14115,0.982
46465,0.71
2493,0.24
4796,0.16
39174,0.552
11419,0.602
124922,0.48
93037,0.99
120472,0.316
63081,0.942
97557,0.152
97703,0.146
54104,0.858
111637,0.726
667,0.792
79110,0.0
86361,0.0
102071,0.476
61283,0.956
14143,0.98
58994,0.982
35289,0.942
91423,0.014
65259,0.298
31836,0.996
40632,0.95
55884,0.48
80552,0.0
116132,0.332
30788,1.0
34136,0.23
124718,0.546
91928,0.004
70182,0.3
87952,0.0
73180,0.242
96987,0.292
35953,0.974
21557,0.836
33929,0.834
11853,0.092
58911,0.546
94713,0.12
68356,0.92
53071,0.97
12287,0.14
34025,0.082
33749,0.874
74898,0.214
79742,0.002
28411,0.246
112766,0.062
43360,0.98
4425,0.792
60141,0.994
45055,0.916
117206,0.128
40152,0.426
38969,0.998
54642,0.866
32967,0.106
11814,0.198
85581,0.006
8994,0.082
70422,0.512
27785,0.096
4335,0.972
54021,0.302
7943,0.724
80227,0.008
95027,0.294
29174,0.382
76437,0.0
31220,0.996
14495,0.954
38975,0.992
62225,0.966
66571,0.034
91273,0.006
58620,0.998
23095,0.354
117276,0.604
25603,0.086
17640,0.396
105025,0.428
13441,0.136
26017,0.506
1785,0.708
16986,0.884
84111,0.0
113999,0.086
104703,0.636
85557,0.004
73246,0.33
119817,0.174
31380,0.828
101965,0.374
7869,0.288
25844,0.714
122421,0.544
20087,0.032
92278,0.358
21556,0.85
88249,0.002
17374,0.138
85473,0.002
38232,0.988
99741,0.57
91147,0.008
48651,0.938
49915,0.254
32380,0.996
31045,0.85
94437,0.36
60251,0.922
52988,0.974
94734,0.114
10702,0.358
70500,0.826
112162,0.252
48417,0.99
31319,0.45
5759,0.43
62492,0.94
105278,0.08
6892,0.5
82674,0.004
103312,0.118
108045,0.858
21426,0.628
84116,0.0
96901,0.234
2339,0.836
98258,0.428
39492,0.404
97665,0.394
1185,0.376
49968,0.246
38679,0.9
97944,0.364
96561,0.234
55591,0.846
4079,0.938
66578,0.052
24502,0.066
86495,0.0
15706,0.404
70934,0.864
40701,0.986
85443,0.01
23050,0.422
49991,0.242
123695,0.604
103751,0.382
38245,0.994
119069,0.766
6221,0.098
48045,0.534
80873,0.0
62033,0.93
72025,0.572
21835,0.904
38557,0.338
88889,0.008
107298,0.9
13088,1.0
121508,0.958
28873,0.6
56771,0.914
121389,0.65
113712,0.422
85637,0.0
198,0.736
37474,0.99
29423,0.172
52075,0.868
6664,0.152
124821,0.758
995,0.726
87127,0.002
73508,0.476
21128,0.648
74935,1.0
64905,0.208
119800,0.386
106478,0.254
30165,0.232
84292,0.002
103459,0.182
53335,0.964
30946,0.966
45380,0.312
19594,0.348
105824,0.138
27364,0.332
39644,0.736
49318,0.542
101101,0.402
45317,0.182
112386,0.336
96974,0.34
30915,0.284
33160,0.664
115538,0.162
29557,0.122
69024,0.394
120006,0.132
15311,0.314
20701,1.0
71127,0.356
21892,0.912
42670,0.954
121025,0.198
116030,0.938
21627,0.868
69455,0.306
113167,0.346
41208,0.99
38395,0.168
78186,0.0
45749,0.106
46121,0.596
120743,0.258
103683,0.374
11092,0.042
3697,0.092
57408,0.896
21149,0.2
41151,0.974
118715,0.152
67680,0.35
30690,1.0
68785,0.01
108672,0.48
22850,0.782
86435,0.0
67388,0.23
25899,0.24
54071,0.326
20962,0.498
106455,0.644
55019,0.304
48128,0.92
33221,0.154
90960,0.006
41078,0.452
17247,0.542
25175,0.95
104771,0.322
45187,0.124
108784,0.212
49729,0.27
80387,0.004
10436,0.03
53218,0.914
47665,0.926
30973,0.998
68905,0.566
8315,0.286
23542,0.976
119409,0.304
46487,0.932
65018,0.92
36143,0.996
97797,0.18
76579,0.004
98954,0.266
77750,0.002
57429,0.516
61304,0.058
74608,0.304
76454,0.0
61826,0.52
116463,0.96
76778,0.0
36488,0.938
104228,0.098
109125,0.092
105247,0.82
12034,0.276
34645,0.988
11538,0.034
33107,0.646
89963,0.006
112076,0.674
17636,0.8
60396,0.668
76645,0.002
95143,0.896
51679,0.21
56336,0.992
47931,0.18
36264,0.218
72877,0.398
98842,0.054
111888,0.164
85915,0.002
89723,0.006
20305,0.89
12216,0.774
29129,0.952
56965,0.89
37366,0.992
57434,0.728
97947,0.95
3125,0.258
9676,0.362
107461,0.276
24712,0.938
44897,1.0
111646,0.414
50252,0.88
106409,0.222
65599,0.692
12239,0.406
122243,0.756
29090,0.814
64159,0.278
75321,0.0
90839,0.006
453,0.288
72772,0.232
16154,0.64
117337,0.91
74862,0.166
60105,0.722
124185,0.918
8379,0.824
81023,0.01
117194,0.148
47475,0.88
74182,0.14
110665,0.044
15447,0.916
17014,0.378
1420,0.396
123723,0.916
58701,0.978
21337,0.524
104108,0.262
42522,0.998
72511,0.216
119944,0.268
74205,0.4
14739,0.91
33490,0.506
45804,0.938
109681,0.012
65987,0.49
7501,0.326
93087,0.998
94944,0.252
55396,0.352
10765,0.634
85514,0.004
59012,0.99
112240,0.318
84373,0.0
64194,0.888
45395,0.428
12161,0.674
22717,0.628
19612,0.8
42102,0.916
15679,0.168
57714,0.278
62604,0.362
75462,0.002
92852,0.65
85600,0.0
53129,0.998
94693,0.068
58585,0.99
64283,0.428
3217,0.36
1497,0.702
50045,0.358
63602,0.996
16130,0.608
45094,0.994
106630,0.366
29489,0.382
12785,0.108
56751,0.976
110705,0.058
99003,0.48
23103,0.212
35570,0.454
19225,0.652
75236,0.0
115455,0.342
113019,0.446
119264,0.148
121788,0.808
37149,1.0
114178,0.094
102469,0.34
111663,0.412
80096,0.0
34530,0.972
33888,0.056
88830,0.01
97450,0.968
20803,0.556
3042,0.374
15983,0.31
102862,0.636
98180,0.972
54085,0.22
50084,0.3
87362,0.0
122528,0.746
112374,0.234
35362,0.526
81740,0.0
30929,0.174
76936,0.0
58717,0.968
6137,0.59
108950,0.054
37624,0.982
67917,0.46
72504,0.138
73982,0.202
28389,0.248
235,0.24
47682,0.918
118464,0.366
28076,0.576
61541,0.336
25986,0.404
63171,0.956
35279,0.572
93494,0.388
104687,0.29
11438,0.762
56385,0.988
119620,0.126
38502,0.238
13093,0.958
52614,0.526
95187,0.374
108956,0.058
91888,0.046
101724,0.244
76182,0.0
61799,0.31
115383,0.416
119004,0.42
49239,0.318
87549,0.008
81175,0.0
22731,0.214
31598,0.988
18381,0.064
52354,0.798
31800,1.0
47824,0.88
8249,0.404
14897,0.246
2503,0.296
114689,0.154
124318,0.66
109265,0.016
112684,0.308
74307,0.378
120035,0.682
61387,0.918
69979,0.618
123996,0.234
115685,0.892
57717,0.87
33416,0.85
18504,0.308
13445,0.19
60456,0.182
18364,0.002
107073,0.802
99189,0.216
78231,0.0
82363,0.0
115758,0.888
5860,0.3
35261,0.998
115430,0.458
85402,0.0
45937,0.996
101020,0.186
64431,0.974
24083,0.096
36451,0.976
19457,0.858
120735,0.1
47075,0.656
55374,0.492
29615,0.472
75675,0.004
101364,0.298
13059,0.988
3071,0.32
50446,0.3
90675,0.044
99163,0.362
85426,0.002
88954,0.01
124116,0.784
18530,0.394
107365,0.998
91637,0.004
96938,0.8
81254,0.002
117498,0.132
47858,0.93
13572,0.346
4885,0.958
74968,0.004
16605,0.28
32453,0.936
33826,0.104
117526,0.358
114644,0.42
56757,0.908
91378,0.01
85829,0.002
74902,0.8
52574,0.424
94163,0.994
66141,0.672
123324,0.338
4724,0.762
51322,0.294
113601,0.058
22865,0.41
10736,0.35
71282,0.214
20122,0.042
51696,0.272
114663,0.528
13269,0.104
28333,0.108
117373,0.936
15789,0.194
15247,0.4
39869,0.988
84174,0.0
96841,0.568
80795,0.0
108933,0.042
37814,0.954
26669,0.95
7801,0.258
629,0.7
39402,0.962
24594,0.078
65545,0.852
65683,0.914
108814,0.086
17368,0.18
89816,0.012
75973,0.002
96360,0.168
34754,0.058
41864,0.44
36960,0.602
40612,0.074
106223,0.574
99112,0.608
3417,0.252
70159,0.406
102372,0.416
104997,0.37
109202,0.006
107936,0.202
72505,0.41
95517,0.606
74459,0.18
75810,0.002
119703,0.946
14084,0.152
101075,0.11
111908,0.246
13780,0.424
5670,0.544
29994,0.044
9229,0.14
12915,0.256
51733,0.314
67536,0.96
85742,0.002
78008,0.012
77543,0.002
82542,0.0
19757,0.122
53387,0.986
75985,0.008
26362,0.306
123691,0.508
7707,0.66
105122,0.304
39749,0.848
7041,0.958
100741,0.078
56257,0.59
16072,0.092
36758,0.52
108331,0.43
117256,0.39
82598,0.002
95675,0.364
78158,0.002
51500,0.468
28308,0.068
113111,0.092
33173,0.132
100417,0.242
85705,0.0
84361,0.0
82095,0.0
84828,0.0
63159,0.99
20519,0.056
44572,0.91
98219,0.182
88650,0.008
7491,0.078
43719,0.368
97901,0.064
8084,0.306
107401,0.462
92010,0.09
31051,0.898
5669,0.226
90451,0.004
70111,0.542
2159,0.276
90295,0.008
71597,0.286
89583,0.012
47536,0.936
99190,0.26
37516,0.984
47456,0.156
31710,0.996
71641,0.224
121433,0.916
18742,0.636
71955,0.104
107786,0.72
76058,0.004
35922,0.99
34175,0.622
91441,0.004
85066,0.0
6414,0.678
31587,0.952
4186,0.158
123184,0.97
110517,0.04
44330,0.9
55062,0.762
77279,0.0
41211,1.0
783,0.348
12205,0.254
41599,0.042
21585,0.866
98076,0.148
102867,0.216
105329,0.31
78569,0.004
103961,0.148
72434,0.716
69096,0.302
23597,0.9
24827,0.34
62379,0.992
14742,0.94
92354,0.512
22818,0.18
49138,0.182
17794,0.3
110676,0.092
75199,0.006
56790,0.688
32820,0.942
34581,0.914
5792,0.05
96926,0.822
31575,0.656
111709,0.492
40238,0.996
69349,0.586
108808,0.214
57332,0.7
28286,0.136
45518,0.654
76273,0.0
13407,0.368
95383,0.34
26361,0.266
93289,0.142
18009,0.242
39618,0.846
41403,0.958
91389,0.004
57789,0.434
105614,0.226
78112,0.0
1848,0.566
36973,0.954
89747,0.008
110998,0.09
113393,0.63
119183,0.148
12636,0.23
76106,0.014
77047,0.002
92022,0.05
52589,0.404
103630,0.65
109097,0.036
24421,0.048
107530,0.494
114010,0.156
101171,0.414
71221,0.286
102235,0.326
744,0.422
111723,0.642
1695,0.744
106546,0.37
11334,0.236
88523,0.014
62893,0.212
60539,0.874
53256,0.986
62523,0.816
71363,0.322
105166,0.388
64635,0.2
13483,0.486
122544,0.476
80516,0.0
35844,0.412
10212,0.176
80583,0.0
32250,0.814
44989,0.756
121454,0.21
106218,0.98
121060,0.462
9236,0.556
87567,0.0
32744,0.808
75879,0.004
110972,0.128
49770,0.508
69674,0.648
21243,0.09
83693,0.002
89970,0.006
23730,0.958
114389,0.15
25954,0.288
99001,0.216
104301,0.334
100494,0.404
28754,0.586
84068,0.004
69826,0.778
95407,0.246
35060,0.998
115449,0.384
105477,0.338
51563,0.786
48806,0.988
92418,0.22
33850,0.08
93732,0.806
93648,0.816
104679,0.134
92801,0.28
2008,0.232
89299,0.006
45023,0.944
22110,0.93
9139,0.442
122996,0.274
11642,0.166
55350,0.956
42783,0.588
9454,0.126
75264,0.008
44102,0.998
102015,0.416
84043,0.0
73604,0.27
58060,0.836
78117,0.0
5299,0.98
52942,0.27
97470,0.992
55654,0.114
20168,0.242
50031,0.268
57677,0.4
7905,0.686
18436,0.382
27072,0.256
74009,0.306
41718,0.464
93128,0.978
110615,0.056
23768,0.214
106183,0.418
114710,0.964
40906,0.996
73024,0.994
7035,0.492
101491,0.178
9190,0.208
78522,0.008
18276,1.0
38373,0.974
67847,0.28
79262,0.0
66710,0.278
34758,0.126
51146,0.6
119779,0.428
125063,0.37
21501,0.904
66238,0.326
23232,0.328
63208,0.982
89510,0.01
117937,0.31
90433,0.018
119394,0.186
51238,0.26
108646,0.314
64244,0.91
83654,0.0
86419,0.002
106817,0.998
67765,0.75
3245,0.982
100372,0.188
48184,0.966
46472,0.32
44543,0.968
119778,0.488
37286,1.0
113633,0.118
29284,0.876
116884,0.128
93560,0.54
32354,0.992
20375,0.912
84456,0.0
41373,0.434
91171,0.01
42528,0.962
19139,0.67
62661,0.606
69905,0.44
54137,0.334
9472,0.554
36482,0.506
42264,0.074
94714,0.088
70344,0.358
26587,0.836
103036,0.316
68093,0.426
45061,0.996
16291,0.482
17144,0.182
89996,0.002
57230,0.98
40047,0.594
815,0.824
36463,0.536
55857,0.864
51139,0.458
86203,0.0
15745,0.178
42837,0.124
101571,0.28
77190,0.002
98007,0.952
1398,0.402
16251,0.594
104895,0.584
118485,0.558
100357,0.664
112018,0.468
104721,0.304
79299,0.0
99983,0.076
12019,0.122
12728,0.316
46398,0.908
84464,0.002
14887,0.316
37865,0.97
73281,0.584
103578,0.024
71885,0.24
44680,0.99
97312,0.636
65443,0.166
11867,0.572
38797,0.936
74934,1.0
10555,0.192
76531,0.002
47740,0.36
66242,0.236
23944,0.83
2406,0.064
119546,0.886
120913,0.87
52668,0.354
85228,0.0
101,0.708
53648,0.248
71937,0.04
91855,0.008
111094,0.09
59409,0.356
2333,0.178
51998,0.34
65856,0.844
28048,0.268
30582,0.98
4471,0.91
17366,0.072
81735,0.0
82706,0.0
67474,0.384
119208,0.154
6418,0.184
62079,0.98
20194,0.382
14311,0.182
46902,0.916
16229,0.626
40021,0.944
62530,0.992
63923,0.418
41763,0.142
25930,0.406
60586,0.378
24100,0.12
86678,0.0
72303,0.498
105451,0.15
86859,0.002
5008,1.0
124020,0.604
87981,0.004
46991,0.94
5304,0.992
80074,0.0
6650,0.166
64756,0.45
76036,0.0
20858,0.046
104323,0.334
104309,0.254
70508,0.424
81712,0.002
30885,0.936
59902,0.926
14288,0.426
42815,0.122
4032,0.094
36796,0.936
44158,0.156
15435,0.932
60173,0.698
16288,0.666
18584,0.182
83514,0.0
64304,0.332
44877,1.0
64987,0.414
19632,0.956
81051,0.0
85315,0.0
26287,0.764
88670,0.006
98303,0.218
66228,0.252
72992,0.968
18899,0.03
18575,0.404
53141,1.0
46728,0.97
114435,0.93
5153,0.996
13943,0.12
56761,0.762
117969,0.19
46360,0.984
8663,0.048
19618,0.868
31718,0.988
19722,0.332
76922,0.0
17124,0.744
95305,0.394
45672,0.782
8013,0.204
14021,0.862
89949,0.012
109393,0.016
18855,0.918
83315,0.0
8941,0.612
87429,0.002
98262,0.61
17488,0.996
28066,0.384
3701,0.776
33995,0.668
82348,0.002
117482,0.392
75427,0.002
42534,0.98
106712,0.744
112884,0.498
76293,0.004
110863,0.168
11478,0.606
106519,0.408
515,0.338
81220,0.0
118413,0.356
78202,0.008
99916,0.14
36925,0.788
97238,0.148
78296,0.0
42656,0.984
78509,0.004
47050,0.112
75461,0.0
22736,0.258
109365,0.01
84719,0.0
78128,0.01
6825,0.704
103326,0.268
81818,0.002
84526,0.002
52760,0.452
18369,0.004
104037,0.216
62706,0.654
124885,0.954
22474,0.792
85374,0.0
52323,0.332
32962,0.084
79995,0.002
41735,0.42
10030,0.328
67087,0.326
61577,0.908
71967,0.12
16174,0.058
12448,0.256
92817,0.27
24062,0.124
76780,0.0
56044,0.98
9553,0.104
103741,0.094
34708,0.994
101414,0.282
53037,0.99
15170,0.394
76069,0.002
61413,0.954
57871,0.87
95621,0.376
100501,0.132
94573,0.492
97217,0.768
4431,0.944
56976,0.958
32758,0.172
28373,0.818
51114,0.328
60043,0.332
45705,0.25
75536,0.006
82139,0.0
108967,0.046
44786,0.508
29281,0.488
56416,0.16
19985,0.186
88562,0.002
69595,0.76
100905,0.382
114104,0.398
64071,0.346
51504,0.202
19422,0.448
110429,0.102
13503,0.256
91836,0.008
28937,0.912
117418,0.108
11173,0.274
78627,0.0
11556,0.34
49634,0.184
82653,0.0
40929,1.0
15483,0.964
35978,0.992
63695,0.952
120548,0.404
30876,0.964
109883,0.07
109080,0.038
76077,0.002
63462,0.51
21309,0.408
41257,0.928
28146,0.398
103128,0.376
20533,0.456
15871,0.862
65655,0.522
9004,0.81
47652,0.584
102112,0.296
19670,0.878
121175,0.494
84731,0.004
55178,0.612
20842,0.042
9950,0.028
12942,0.37
87575,0.0
19406,0.506
111677,0.226
21537,0.772
52363,0.782
27455,0.394
78707,0.002
119252,0.3
108077,0.65
3358,0.108
48826,0.454
65270,0.8
4764,0.89
44047,0.96
36950,0.608
109650,0.008
99138,0.768
74005,0.122
113740,0.184
52089,0.81
95825,0.074
34865,0.444
69131,0.534
3491,0.356
107427,0.628
30992,1.0
53043,0.606
80457,0.0
10550,0.216
10692,0.242
98608,0.206
97399,0.95
13035,0.302
13180,0.236
97412,0.958
69841,0.25
92743,0.904
111891,0.866
14836,0.942
11474,0.278
59873,0.99
72367,0.344
124681,0.708
56134,0.992
11864,0.232
89715,0.008
107784,0.272
3343,0.14
62378,0.992
112643,0.852
56945,0.96
94859,0.29
52080,0.832
107644,0.758
119491,0.298
116893,0.102
52277,0.478
43101,0.924
24154,0.884
73864,0.394
23882,0.22
118962,0.964
118758,0.138
69681,0.792
9692,0.806
63869,0.282
56867,0.274
26543,0.228
113445,0.788
31352,0.892
99722,0.266
104144,0.774
61859,0.926
100878,0.462
31250,0.868
51163,0.324
38639,0.988
105717,0.302
3946,0.11
32199,0.98
32247,0.966
121518,0.868
103042,0.398
49738,0.382
73779,0.218
79529,0.0
95502,0.342
79762,0.0
37551,0.522
97452,0.982
6254,0.736
44763,0.818
84939,0.002
123905,0.976
11433,0.344
37928,0.664
64976,0.606
65101,0.842
13951,0.032
80327,0.0
87158,0.0
47334,0.46
100758,0.054
68581,0.114
122465,0.392
63612,0.974
91766,0.19
7823,0.13
38918,0.454
8137,0.338
5862,0.286
40227,0.812
31777,1.0
51686,0.176
121291,0.144
111535,0.326
65647,0.9
76029,0.0
7514,0.52
102061,0.278
74658,0.368
119268,0.614
103000,0.326
70928,0.856
119324,0.918
82336,0.0
47765,0.892
9174,0.728
49760,0.846
110213,0.068
978,0.454
86824,0.0
24194,0.456
57335,0.818
32905,0.61
100477,0.602
41848,0.926
23636,0.914
43597,0.926
88122,0.002
10492,0.024
124003,0.128
8253,0.204
45105,1.0
78619,0.006
32531,0.366
52358,0.744
50537,0.886
15222,0.838
37355,0.892
26408,0.534
76338,0.004
14645,0.95
70912,0.75
120500,0.432
101611,0.372
107216,0.958
80446,0.0
84664,0.0
106763,0.97
28777,0.934
91029,0.002
46853,0.19
52025,0.35
113892,0.6
85693,0.002
14298,0.354
115586,0.348
71286,0.346
100405,0.212
62482,0.498
59766,0.488
34067,0.032
64679,0.346
62978,0.398
26332,0.75
47967,0.95
92681,0.39
2195,0.378
108591,0.964
71371,0.178
7799,0.42
4423,0.628
41433,0.572
70718,0.408
7129,0.33
35159,0.256
110881,0.226
2298,0.58
23695,0.962
72379,0.816
120308,0.452
123192,0.984
7652,0.23
91205,0.01
85937,0.002
62223,0.96
18843,0.278
74793,0.34
34822,0.522
107581,0.972
116915,0.43
40474,0.654
97211,0.168
71535,0.33
29464,0.194
109678,0.04
43123,0.086
87044,0.002
42148,0.95
44949,0.312
67058,0.434
100528,0.22
10719,0.318
14824,0.932
102815,0.304
79787,0.004
39141,1.0
52146,0.404
24947,0.86
8904,0.59
103347,0.236
1006,0.766
90674,0.028
116064,0.934
30085,0.02
91384,0.004
67249,0.172
56598,0.77
71899,0.468
54971,0.906
33566,0.346
53835,0.244
24671,0.91
68263,0.604
23221,0.776
79766,0.0
4934,0.994
92150,0.422
116644,0.138
57779,0.412
17843,0.586
103880,0.35
115526,0.622
17678,0.534
18649,0.17
104836,0.48
1169,0.658
97585,0.29
63258,0.8
15456,0.93
65445,0.47
63978,0.306
91653,0.008
115245,0.388
54789,0.432
58198,0.99
122584,0.942
111963,0.754
65965,0.292
67771,0.172
53807,0.752
77794,0.0
66980,0.214
89612,0.022
39115,1.0
40297,1.0
16879,0.144
67310,0.262
33627,0.036
21799,0.184
104104,0.23
113937,0.928
84993,0.006
42773,0.986
76945,0.0
115487,0.96
65028,0.232
8043,0.226
13383,0.32
95192,0.3
105023,0.204
9446,0.346
113226,0.86
91741,0.088
28041,0.372
52091,0.83
1217,0.778
49689,0.56
102887,0.732
68332,0.776
71026,0.476
80608,0.0
14053,0.284
109248,0.048
25896,0.118
54963,0.986
83287,0.0
96776,0.318
64853,0.408
61963,0.95
22908,0.404
52164,0.426
38439,0.99
43052,0.99
83088,0.0
9083,0.412
76877,0.0
28206,0.432
74279,0.534
35828,1.0
46648,0.968
109512,0.05
76547,0.002
100146,0.358
4338,0.966
80285,0.004
62295,0.95
87790,0.0
26498,0.392
115374,0.372
17321,0.848
20987,0.144
3580,0.142
58697,0.988
59202,0.966
76951,0.01
71035,0.176
18838,0.546
96690,0.924
64827,0.87
102555,0.15
40979,0.996
13196,0.226
25145,0.958
89152,0.008
89541,0.004
69339,0.396
63433,0.208
17316,0.48
57623,0.602
79648,0.0
41750,0.12
102470,0.728
49763,0.176
7720,0.078
119163,0.198
20558,0.526
87146,0.002
52602,0.28
108039,0.512
12758,0.442
6325,0.612
112533,0.734
106077,0.262
46798,0.16
17729,0.08
101995,0.4
20362,0.82
40688,0.664
65741,0.374
112900,0.884
82998,0.0
33146,0.48
36825,0.63
39203,0.322
11082,0.182
108740,0.048
91865,0.008
60687,0.73
14020,0.42
100343,0.74
107891,0.582
33529,0.12
65890,0.86
72663,0.35
118267,0.08
8531,0.672
76237,0.004
41057,0.998
86676,0.0
69583,0.394
97911,0.148
81256,0.0
92881,0.956
63899,0.658
112642,0.714
16620,0.434
58279,1.0
12295,0.144
61364,0.974
88474,0.004
86987,0.0
83980,0.0
32779,0.612
99733,0.156
68858,0.02
71460,0.1
96489,0.536
114755,0.638
30728,0.958
70453,0.216
42183,0.484
85824,0.0
66011,0.336
28560,0.496
62851,0.26
108917,0.03
107470,0.32
31750,0.594
110239,0.064
53780,0.592
10996,0.098
63663,0.586
98336,0.168
19261,0.398
52077,0.858
122479,0.392
65875,0.874
118270,0.112
19786,0.178
116721,0.26
41639,0.388
107034,0.402
80506,0.002
86313,0.0
54638,0.798
116822,0.37
73716,0.552
92281,0.332
110662,0.08
13592,0.262
32071,0.94
59542,0.988
119819,0.378
98389,0.12
100157,0.7
70099,0.668
21017,0.272
8240,0.146
64858,0.656
122817,0.638
73700,0.176
27339,0.222
40877,0.994
16362,0.296
110556,0.028
3937,0.388
30221,0.894
94278,1.0
74406,0.426
85171,0.002
95284,0.192
65667,0.954
18861,0.924
101686,0.29
119051,0.256
30086,0.03
38810,0.952
24946,0.504
42688,0.998
123616,0.832
54140,0.242
58543,0.964
64241,0.926
20513,0.404
53847,0.424
26125,0.904
67482,0.24
106487,0.236
42358,0.24
100456,0.494
58617,0.994
118341,0.322
18751,0.956
98136,0.554
122071,0.458
106228,0.964
78349,0.0
1854,0.614
79376,0.0
50209,0.754
28858,0.308
79284,0.0
29182,0.726
85878,0.0
83697,0.0
63220,0.992
109416,0.042
79014,0.044
79797,0.028
107134,0.972
11046,0.022
71716,0.326
15785,0.766
12298,0.12
93832,0.074
22230,0.41
94866,0.388
50227,0.712
68982,0.048
19293,0.126
67199,0.176
93400,0.216
50747,0.436
121858,0.924
53308,0.984
40380,0.356
53937,0.288
110097,0.068
63588,0.628
14125,0.986
28407,0.182
59424,0.986
101757,0.796
21316,0.434
41450,0.908
40727,0.992
24401,0.324
64548,0.326
55794,0.982
39617,0.768
118787,0.228
85852,0.004
76158,0.004
63194,0.89
100565,0.168
82293,0.0
54914,0.804
87364,0.0
85137,0.006
118300,0.252
55620,0.144
68922,0.114
47802,0.56
16662,0.316
100010,0.272
70698,0.788
109278,0.024
48817,0.984
28833,0.61
71364,0.778
84319,0.0
90534,0.014
16608,0.282
48285,0.408
49953,0.516
4773,0.644
74623,0.8
50986,0.31
12719,0.192
121530,0.798
28291,0.064
71798,0.38
58637,1.0
94009,0.938
78191,0.0
100436,0.14
40457,0.888
33837,0.162
108306,0.414
81512,0.0
120250,0.834
110548,0.018
33104,0.5
48974,0.712
81045,0.0
123157,0.62
115144,0.878
84907,0.0
9022,0.074
30819,0.518
94224,0.998
27392,0.232
124261,0.976
82327,0.0
113703,0.368
12463,0.164
3777,0.15
23622,0.638
291,0.22
51716,0.506
47234,0.222
50417,0.238
97697,0.814
19653,0.912
118446,0.398
117123,0.84
74254,0.23
22880,0.648
108211,0.902
49730,0.238
42300,0.112
47464,0.59
29895,0.104
56166,0.82
7503,0.268
6937,0.062
11237,0.896
53264,0.24
26225,0.386
99477,0.306
112550,0.09
10617,0.07
80937,0.004
67598,0.138
100886,0.888
33613,0.436
118118,0.142
46611,0.366
89378,0.006
9034,0.354
18463,0.688
31712,0.984
96564,0.294
50874,0.38
10528,0.046
116723,0.81
65376,0.604
51789,0.644
113719,0.166
66397,0.286
30826,0.93
52555,0.202
35437,0.992
69743,0.742
30065,0.012
101436,0.48
86640,0.0
104042,0.6
113528,0.356
18223,0.992
49810,0.764
19534,0.304
43479,0.912
21499,0.85
109088,0.198
87187,0.0
96910,0.22
34114,0.54
106434,0.598
93790,0.944
8395,0.24
327,0.628
118301,0.132
9427,0.27
69710,0.782
98623,0.126
4740,0.402
9142,0.808
47928,0.128
90403,0.0
33225,0.086
95173,0.03
64993,0.716
51762,0.504
77208,0.0
84882,0.002
53133,0.984
92198,0.148
37472,0.998
10811,0.816
36326,0.482
91498,0.02
118687,0.234
106207,0.958
123941,0.966
51666,0.37
29438,0.064
38374,0.898
51773,0.676
20006,0.97
39660,0.98
73987,0.168
26561,0.234
34550,0.532
76728,0.0
124800,0.848
25470,0.906
83206,0.0
25900,0.162
91815,0.052
3006,0.604
103156,0.204
47568,0.794
6034,0.158
51213,0.194
98280,0.268
79279,0.002
109233,0.002
13056,0.99
101696,0.266
9956,0.02
46250,0.992
105631,0.328
110110,0.126
102715,0.296
11074,0.47
24186,0.762
111271,0.372
6445,0.098
92668,0.416
75345,0.002
104948,0.25
116533,0.258
27702,0.682
13311,0.572
27328,0.358
86025,0.0
13379,0.576
88782,0.01
88063,0.0
117602,0.236
93261,0.16
64830,0.782
64654,0.894
26432,0.882
68394,0.452
46626,0.878
43315,0.82
101069,0.114
17183,0.124
34519,0.974
6402,0.094
8841,0.3
119103,0.16
60627,0.248
32748,0.658
25679,0.576
32646,1.0
121718,0.878
15807,0.142
31876,0.938
74285,0.26
71527,0.28
40237,0.986
67762,0.362
76485,0.0
65223,0.856
92901,0.992
122709,0.09
67250,0.276
39190,0.948
12098,0.302
66093,0.756
19228,0.808
114520,0.334
74954,0.004
41400,0.694
35981,1.0
15528,0.94
120568,0.886
45121,0.99
57109,0.38
21244,0.118
14628,0.93
59016,0.97
28467,0.68
15174,0.712
28891,0.844
109147,0.036
114462,0.232
49272,0.924
65942,0.354
67521,0.188
48375,0.866
97952,0.466
91374,0.02
85698,0.002
33716,0.358
36723,0.95
66860,0.478
100774,0.336
74789,0.114
108725,0.082
115746,0.498
23753,0.564
33747,0.584
39495,0.622
58375,0.53
21826,0.618
76536,0.0
85348,0.0
65354,0.962
42080,0.17
99178,0.754
51923,0.842
56525,0.962
43727,0.958
35918,0.982
88461,0.002
59303,0.912
95350,0.132
24881,0.138
21643,0.74
3843,0.166
67041,0.278
74577,0.81
17420,0.146
58496,0.924
20325,0.866
114742,0.504
16254,0.526
104096,0.136
30643,1.0
119246,0.422
44983,0.292
21103,0.194
52296,0.54
30411,0.998
25478,0.92
40872,0.788
102035,0.626
80822,0.002
80232,0.01
75224,0.016
32703,0.814
81878,0.0
87271,0.0
76377,0.002
98819,0.118
54405,0.974
47971,0.848
68944,0.038
14113,0.934
94132,0.974
35426,0.554
16206,0.376
36684,0.95
74747,0.386
109863,0.088
46617,0.928
121505,0.888
98130,0.166
9217,0.374
61289,0.984
124618,0.958
67681,0.406
121399,0.2
23331,0.678
48125,0.928
60761,0.642
79489,0.0
90366,0.006
39453,0.538
71805,0.22
19324,0.342
14135,0.898
28313,0.05
1010,0.78
46794,0.726
62111,0.986
75371,0.004
93725,0.3
95159,0.14
106905,1.0
110675,0.038
1489,0.696
78420,0.002
93188,0.246
32049,0.996
86351,0.0
74313,0.286
64650,0.86
115748,0.326
116797,0.444
100753,0.064
80284,0.02
86119,0.0
108354,0.264
30207,0.93
121799,0.788
28491,0.52
67606,0.276
100851,0.384
111021,0.028
24927,0.784
9070,0.212
14509,0.96
119724,0.242
62860,0.786
90289,0.004
8766,0.866
48477,0.952
66822,0.42
54235,0.282
7313,0.308
24382,0.41
61865,0.942
56895,0.974
60350,0.528
97939,0.288
66498,0.268
74152,0.118
63224,0.974
7775,0.566
7270,0.158
23040,0.9
3093,0.626
43,0.478
32382,1.0
3683,0.834
75818,0.0
108152,0.938
86249,0.0
7709,0.86
97123,0.07
75144,0.008
119428,0.336
63939,0.492
98260,0.488
101830,0.314
17970,0.99
77497,0.018
7122,0.058
40783,0.376
13977,0.076
122405,0.302
3506,0.254
50171,0.574
109839,0.088
313,0.31
35352,0.302
115261,0.838
49958,0.53
34877,0.974
111504,0.768
33411,0.872
44711,0.112
14196,0.584
6458,0.788
49647,0.664
103071,0.348
56381,0.788
102413,0.188
113192,0.674
102499,0.288
84704,0.0
28661,0.748
52156,0.178
40429,0.322
19330,0.506
8760,0.248
55460,0.432
82349,0.0
22744,0.542
61191,0.484
46374,0.778
41101,0.502
36051,0.842
96480,0.158
69415,0.292
42427,0.948
48022,0.408
112759,0.904
121977,0.846
109447,0.014
61490,0.148
5364,0.936
34431,0.986
35281,0.982
40640,0.938
68554,0.862
111817,0.32
11613,0.406
70593,0.354
104310,0.724
5680,0.232
62981,0.414
123804,0.158
110283,0.064
46864,0.444
115936,0.432
105882,0.578
79207,0.006
104956,0.556
183,0.816
81955,0.004
22041,0.748
15936,0.928
114968,0.37
77570,0.0
81341,0.002
39728,0.898
13285,0.668
11539,0.048
32439,0.618
63754,0.97
107604,0.076
68632,0.478
38790,0.498
66938,0.248
59072,0.984
97114,0.092
54141,0.594
45483,0.51
88928,0.022
102909,0.26
94406,0.396
52069,0.808
79176,0.0
99691,0.624
85440,0.014
5181,0.992
33037,0.838
30496,0.984
88665,0.02
121973,0.586
117658,0.848
50672,0.376
60083,0.974
51768,0.23
11928,0.084
24101,0.11
93262,0.204
99909,0.134
36635,0.964
70955,0.882
95132,0.916
108375,0.794
26512,0.948
112422,0.162
10328,0.21
122417,0.236
108021,0.444
64180,0.354
90594,0.014
38732,0.984
84107,0.0
120583,0.62
12135,0.472
66877,0.37
63625,0.992
114181,0.81
115648,0.912
33272,0.15
58225,0.996
98205,0.55
82681,0.0
65927,0.366
25213,0.566
118926,0.55
101040,0.21
41804,0.24
91284,0.004
37641,0.984
27833,0.82
73212,0.448
53072,0.964
98693,0.19
30188,0.594
93849,0.138
121061,0.36
25727,0.608
75498,0.002
3644,0.126
83632,0.0
63275,0.342
7377,0.31
83711,0.002
62934,0.922
116569,0.232
124494,0.856
14302,0.33
3914,0.26
108131,0.314
39274,0.998
12548,0.272
105114,0.85
441,0.338
13836,0.444
15795,0.248
55112,0.98
114107,0.264
96449,0.224
112012,0.512
25303,0.436
89318,0.006
96928,0.844
44827,0.902
121716,0.906
77607,0.004
55443,0.678
56970,0.988
87557,0.0
90475,0.002
18131,0.988
122770,0.228
46372,0.398
82419,0.004
12565,0.416
35370,0.104
30721,0.462
69856,0.352
61423,0.988
58762,0.972
42053,0.998
70692,0.8
85980,0.0
29088,0.76
66718,0.828
16105,0.404
68973,0.086
77512,0.002
99906,0.668
24450,0.07
33195,0.234
58164,0.514
60044,0.292
6790,0.368
55727,0.384
76560,0.0
47611,0.914
10460,0.046
19978,0.506
43326,0.97
67088,0.664
28089,0.7
62938,0.408
33971,0.994
59731,0.986
76360,0.0
32834,0.948
109428,0.014
75730,0.0
30689,1.0
97771,0.636
17982,0.216
12278,0.556
88245,0.0
90726,0.002
66320,0.544
102478,0.42
36373,0.99
64555,0.224
123264,0.992
78174,0.0
120608,0.42
42451,0.992
121765,0.552
20434,0.894
28427,0.224
78723,0.002
18113,0.992
13993,0.736
31081,0.44
72467,0.526
46292,0.998
101400,0.298
47602,0.892
78482,0.0
9170,0.574
106607,0.262
3387,0.748
47411,0.8
50627,0.664
115107,0.338
42147,0.718
96566,0.614
74841,0.7
30283,0.994
27906,0.382
113334,0.114
61533,0.852
79216,0.006
78113,0.0
78046,0.006
77163,0.0
118371,0.112
117916,0.134
53874,0.186
38432,0.484
9727,0.13
81882,0.0
498,0.674
20760,0.67
107129,0.952
119947,0.81
7967,0.344
4389,0.908
92771,0.178
118737,0.468
16117,0.296
107848,0.508
115114,0.754
39563,0.996
75522,0.002
114409,0.776
117642,0.666
41279,0.986
30449,0.996
69831,0.268
101608,0.334
56024,0.916
100069,0.066
23683,0.976
63773,0.338
77733,0.008
67491,0.41
106126,0.958
37952,0.98
20215,0.164
74960,0.004
98630,0.096
72382,0.654
35598,0.998
10782,0.318
71568,0.182
64252,0.722
32790,0.168
89767,0.0
115158,0.924
60279,0.986
18605,0.246
56061,0.988
32768,0.282
90273,0.006
5751,0.09
10075,0.534
21637,0.858
28254,0.286
430,0.224
31001,0.956
101710,0.33
77458,0.002
85120,0.0
114288,0.726
21006,0.524
27506,0.106
91649,0.008
41641,0.79
53653,0.186
57804,0.896
91473,0.022
86892,0.0
82829,0.0
1915,0.642
101574,0.468
9172,0.836
125177,0.912
8858,0.712
37170,1.0
38270,0.56
99534,0.08
68021,0.076
8095,0.218
56585,0.43
15138,0.378
67223,0.106
113711,0.384
83760,0.0
112639,0.332
961,0.498
81352,0.0
32142,0.904
59092,0.398
119529,0.278
112326,0.29
110062,0.024
122633,0.746
48310,0.198
105346,0.656
36797,0.996
33062,0.392
58598,0.812
440,0.356
30609,0.992
87451,0.0
124350,0.842
2827,0.024
67832,0.296
50006,0.772
100838,0.732
11711,0.252
115495,0.748
117810,0.718
116844,0.79
21074,0.634
106683,0.396
64198,0.338
95221,0.294
123484,0.976
64318,0.446
116176,0.93
369,0.288
90659,0.006
99447,0.528
106774,0.994
119480,0.274
21010,0.368
109022,0.056
66048,0.386
21355,0.692
27134,0.138
119630,0.946
28510,0.586
59453,0.948
105957,0.938
15016,0.44
90373,0.006
53497,0.442
84141,0.004
49753,0.85
42880,0.932
44127,0.99
87398,0.002
76603,0.004
6644,0.054
28361,0.154
105183,0.404
63238,0.41
58603,0.994
22076,0.806
225,0.186
105880,0.512
31617,0.992
39664,0.932
18667,0.856
12536,0.382
88643,0.002
93566,0.702
95259,0.14
10676,0.576
31880,0.99
51799,0.572
57334,0.864
66203,0.234
20300,0.82
28170,0.238
5469,0.678
102885,0.234
14828,0.908
2895,0.744
103240,0.418
77162,0.0
5847,0.128
20063,0.002
58139,0.404
39532,0.98
33093,0.538
34285,0.576
3686,0.152
94370,0.144
107571,0.846
16287,0.698
69155,0.682
107095,0.38
22005,0.852
31481,0.988
79850,0.002
61363,0.95
65242,0.074
48714,0.85
63319,0.944
117018,0.146
41012,0.654
51005,0.622
16198,0.05
98395,0.218
36281,0.304
61237,0.87
1273,0.74
75620,0.006
120373,0.318
79837,0.0
110563,0.032
2347,0.504
89944,0.004
44390,1.0
1503,0.762
36696,0.956
17060,0.142
55217,0.558
47482,0.81
24047,0.158
36670,0.792
124136,0.362
20766,0.362
48519,0.952
76710,0.002
39211,0.436
112661,0.352
102534,0.19
24640,0.454
16356,0.296
37321,0.992
62591,0.886
95606,0.662
26356,0.498
43706,0.936
51547,0.28
33147,0.926
93926,0.598
17865,0.912
95689,0.348
10684,0.362
84209,0.002
6353,0.706
94932,0.822
76725,0.0
74684,0.466
76893,0.0
23866,0.502
120383,0.344
31,0.512
6572,0.044
65212,0.35
32167,0.996
86097,0.002
88092,0.0
114729,0.514
31565,0.946
62906,0.406
22703,0.654
122720,0.074
91077,0.01
108999,0.028
1953,0.388
8822,0.246
27174,0.606
7966,0.496
112103,0.236
116163,0.496
60607,0.652
34302,0.192
7984,0.06
80063,0.0
70120,0.65
75569,0.002
52987,0.888
62879,0.288
31048,0.844
23670,0.968
70479,0.406
87024,0.0
59330,0.978
28483,0.64
97147,0.69
10663,0.726
66381,0.388
26943,0.868
9119,0.646
5581,0.934
109466,0.02
121596,0.46
31915,0.102
73227,0.214
59204,0.992
62625,0.364
112345,0.822
61969,0.96
113870,0.412
1414,0.398
50150,0.36
3231,0.812
53873,0.308
81069,0.0
116080,0.592
112885,0.596
48499,0.562
91629,0.018
43391,0.904
71113,0.306
101568,0.4
119458,0.092
16169,0.3
66176,0.86
92257,0.496
75684,0.006
74066,0.122
21099,0.624
102472,0.516
46268,1.0
120515,0.846
58656,0.996
63717,0.992
43055,0.986
60215,0.558
74104,0.076
52462,0.228
5580,0.926
93881,0.566
76974,0.0
106818,0.98
58636,0.998
69124,0.384
115249,0.204
75710,0.002
56713,0.758
9207,0.852
88445,0.002
48659,0.97
40196,0.306
15749,0.14
19755,0.302
72597,0.884
104556,0.862
13967,0.094
24181,0.856
30187,0.908
21899,0.91
112968,0.342
87925,0.0
32509,0.174
62283,0.328
89631,0.014
123374,0.856
81539,0.0
83246,0.0
117351,0.582
59065,0.956
90902,0.014
60698,0.968
61571,0.936
57725,0.894
58657,0.994
45744,0.072
82081,0.0
25366,0.912
111400,0.17
112000,0.774
111567,0.374
34958,0.808
12172,0.484
36469,0.444
9744,0.14
32233,0.71
81357,0.0
60574,0.956
106188,0.452
73280,0.368
33586,0.446
8438,0.308
61135,0.99
84221,0.004
26967,0.95
13468,0.218
36628,0.982
57451,0.71
59008,0.988
63591,0.776
95619,0.666
76272,0.002
20402,0.972
39017,0.976
49703,0.74
98566,0.192
58377,0.562
49954,0.412
27268,0.306
96832,0.47
92754,0.49
119008,0.288
18701,0.214
72335,0.274
44853,0.978
84666,0.0
117054,0.322
57277,0.994
99552,0.556
29100,0.784
96321,0.386
59011,0.968
22251,0.376
26033,0.332
123709,0.56
106439,0.54
51678,0.488
16663,0.62
77707,0.0
47163,0.614
40647,0.47
90000,0.01
6313,0.128
121592,0.938
87250,0.002
18135,0.964
25290,0.91
86968,0.002
75484,0.0
122733,0.332
111437,0.156
123415,0.992
67841,0.62
7681,0.832
101803,0.372
43155,0.418
100648,0.252
5524,0.434
55014,0.616
63056,0.406
42870,0.816
58507,0.922
87476,0.002
44935,0.994
2835,0.47
22149,0.924
113861,0.162
53909,0.422
103041,0.314
124396,0.628
79045,0.0
76304,0.0
53503,0.88
81646,0.0
16705,0.288
34456,0.964
123719,0.506
123217,0.97
71202,0.468
77602,0.002
15846,0.258
88781,0.004
43071,0.074
26166,0.07
17478,0.976
103739,0.112
56171,0.78
94490,0.204
61449,0.786
78984,0.004
84034,0.0
124578,0.912
30678,1.0
105821,0.256
2331,0.254
106030,0.078
96689,0.664
115952,0.514
4620,0.986
105077,0.296
80391,0.0
115451,0.778
31642,0.782
88988,0.008
96492,0.266
69413,0.304
65702,0.336
6636,0.078
53231,0.974
112439,0.652
101644,0.64
10846,0.482
4923,0.982
77555,0.0
59626,0.998
117117,0.284
93093,0.996
7870,0.21
12388,0.416
97154,0.288
37941,0.99
34625,0.996
35380,0.508
10764,0.134
62518,0.934
75017,0.002
119505,0.9
5981,0.064
2220,0.318
10867,0.174
76342,0.006
108498,0.282
122306,0.35
16905,0.208
92159,0.274
49120,0.744
45409,0.492
101016,0.34
17298,0.15
60966,0.344
83159,0.0
79515,0.002
85513,0.016
61031,0.354
94839,0.43
109096,0.088
1038,0.768
116508,0.796
34065,0.16
91313,0.01
114074,0.132
7211,0.032
59793,0.98
8657,0.754
66691,0.28
64913,0.914
106186,0.212
119483,0.93
86603,0.004
107181,0.932
88645,0.004
81093,0.0
107407,0.49
19852,0.638
105015,0.418
115867,0.414
6908,0.3
69216,0.184
114581,0.12
72122,0.326
108753,0.07
56000,0.856
59951,0.296
112491,0.446
74458,0.132
38652,1.0
9491,0.336
93475,0.32
53174,0.9
10913,0.454
6134,0.356
26077,0.23
124509,0.774
1442,0.316
2456,0.16
60296,0.994
121209,0.244
122853,0.148
87403,0.0
100767,0.46
85494,0.018
123447,0.936
122017,0.674
109668,0.0
122311,0.924
89817,0.008
32643,1.0
58328,0.99
25685,0.414
67337,0.168
48799,0.96
32893,0.496
48401,0.952
115504,0.472
24414,0.094
112157,0.088
12444,0.724
36302,0.494
65458,0.812
101681,0.35
101787,0.35
71406,0.344
108727,0.04
14560,0.948
58055,0.922
29026,0.142
29299,0.422
57851,0.98
53513,0.686
42990,0.996
32472,0.99
99564,0.242
36859,0.876
104110,0.374
46514,0.982
77553,0.0
123772,0.142
28949,0.254
54269,0.586
118813,0.366
38741,0.04
106201,0.98
5498,0.308
25980,0.046
96150,0.498
38313,0.842
76265,0.0
88470,0.008
96519,0.12
121821,0.926
101978,0.246
78005,0.0
36203,0.208
67489,0.658
20390,0.956
74763,0.51
83628,0.0
114951,0.898
80784,0.004
109973,0.07
10918,0.34
53164,0.996
106565,0.302
92467,0.162
90830,0.004
20157,0.448
86782,0.0
63009,0.384
24368,0.25
69282,0.306
39787,0.962
5487,0.66
117994,0.07
67856,0.288
98682,0.168
50521,0.83
116563,0.356
70883,0.444
80893,0.0
14416,0.958
57221,0.144
51332,0.478
32085,0.938
42463,0.958
30636,1.0
62516,0.946
89471,0.004
41640,0.822
74391,0.256
120482,0.772
113972,0.858
106157,0.358
108902,0.158
69434,0.41
13617,0.188
75731,0.004
70513,0.21
79035,0.002
108167,0.886
95161,0.058
33457,0.576
86970,0.0
108227,0.986
46851,0.398
11683,0.504
102077,0.39
52005,0.262
21085,0.302
47938,0.248
114674,0.194
28809,0.974
29386,0.298
16798,0.162
78628,0.0
84322,0.0
17554,0.172
31732,0.896
106395,0.36
109902,0.086
11455,0.086
92522,0.18
46229,0.832
87744,0.002
81563,0.0
98684,0.848
56917,0.998
63189,0.954
54428,0.474
51125,0.382
80369,0.0
112167,0.24
29077,0.264
118842,0.87
34982,0.996
58376,0.65
36358,0.994
27863,0.134
82342,0.0
62207,0.576
41918,0.898
96481,0.368
5830,0.142
73235,0.264
30454,0.998
10450,0.064
46458,0.928
2174,0.234
78596,0.008
61979,0.378
53850,0.428
46673,0.984
17544,0.488
80820,0.0
52078,0.806
103443,0.182
59723,0.986
16367,0.226
44451,1.0
20487,0.974
47409,0.386
110494,0.05
116874,0.398
14005,0.91
24348,0.572
6284,0.644
29450,0.272
29838,0.106
28193,0.346
34885,0.576
116193,0.98
43331,0.99
40092,0.996
54675,0.986
74811,0.274
7299,0.148
124091,0.294
108870,0.074
7319,0.114
31092,0.368
31794,0.994
115964,0.358
27009,0.476
20831,0.534
93803,0.356
62768,0.292
95369,0.356
89448,0.006
64101,0.27
84802,0.0
103687,0.318
46792,0.388
20576,0.774
105160,0.204
55410,0.35
31647,0.532
20131,0.046
21207,0.058
71518,0.374
27011,0.878
122904,0.27
29285,0.848
106262,0.988
48934,0.534
51574,0.436
109465,0.024
58264,0.986
124403,0.638
104177,0.208
15473,0.93
17917,0.072
18397,0.03
122252,0.384
79632,0.004
35544,0.992
106632,0.262
48661,0.982
96877,0.484
115223,0.344
98902,0.086
40961,0.998
60164,0.568
59370,0.874
14467,0.928
22998,0.582
116052,0.96
69580,0.324
95233,0.312
8422,0.086
16375,0.156
7351,0.272
118686,0.278
7191,0.45
108595,0.978
111880,0.1
89047,0.012
106179,0.236
87994,0.0
27208,0.21
71571,0.302
99243,0.234
15720,0.26
57004,0.992
4528,0.9
118006,0.192
78668,0.0
19917,0.224
9598,0.558
40682,0.994
69953,0.728
103816,0.882
98908,0.186
22014,0.618
12604,0.444
57104,0.858
55109,0.936
108630,0.43
33741,0.842
4750,0.33
10342,0.198
92737,0.706
110201,0.014
116319,0.226
11877,0.204
109594,0.088
73808,0.266
12945,0.25
65704,0.406
13697,0.258
51348,0.172
78000,0.0
97029,0.826
105723,0.106
106928,0.526
35401,0.908
106762,0.89
91391,0.002
124657,0.916
13359,0.392
26037,0.156
26352,0.132
72555,0.408
24536,0.052
111336,0.068
58154,0.66
48627,0.556
53100,0.986
101841,0.348
81772,0.0
86331,0.008
96262,0.218
111700,0.182
53269,0.886
46788,0.19
110355,0.208
7151,0.15
16658,0.2
24802,0.246
43089,0.186
120984,0.46
123500,0.828
26633,0.562
8048,0.638
16547,0.912
35811,0.988
123068,0.908
88767,0.008
72500,0.102
94804,0.5
5125,0.992
120286,0.372
64939,0.186
118452,0.712
7111,0.284
22216,0.852
7886,0.202
83416,0.0
67334,0.388
12362,0.69
112645,0.826
99793,0.418
27223,0.274
105106,0.454
73053,0.98
53270,0.574
86235,0.0
81255,0.0
83349,0.002
68331,0.592
10934,0.306
1691,0.34
124245,0.626
9231,0.1
121011,0.168
28729,0.89
110450,0.024
107643,0.5
99465,0.23
94824,0.22
116811,0.308
74319,0.5
36468,0.096
29616,0.938
121783,0.776
16878,0.226
76014,0.008
56025,0.444
35118,1.0
49820,0.772
82478,0.0
31076,0.916
87731,0.002
60006,0.302
36364,0.99
15402,0.736
95567,0.332
50928,0.568
1356,0.81
25934,0.466
5535,0.296
49284,0.602
3127,0.082
36632,0.984
80026,0.004
75399,0.002
59864,0.958
123233,0.982
117133,0.282
79153,0.002
69612,0.674
42739,0.158
3974,0.536
115426,0.604
60695,0.976
109562,0.056
798,0.7
104922,0.378
106249,0.91
107880,0.57
68417,0.092
56571,0.606
84277,0.0
120452,0.376
57273,0.904
123132,0.976
81439,0.0
44373,1.0
259,0.404
70578,0.602
29791,0.192
111443,0.256
30875,0.938
7432,0.148
23172,0.35
120830,0.808
120469,0.276
10799,0.928
55889,0.296
93018,0.98
4772,0.656
45998,0.98
36054,0.984
26994,0.396
70295,0.296
98098,0.058
81987,0.002
92712,0.246
29747,0.24
56578,0.566
30481,0.998
93141,0.988
101329,0.178
18520,0.43
123209,0.994
123563,0.966
111226,0.35
97181,0.178
87875,0.042
37032,0.998
42676,0.972
16238,0.654
66385,0.788
21237,0.09
57,0.366
93571,0.19
2074,0.832
6513,0.272
19074,0.774
5796,0.36
48146,0.886
121162,0.794
1243,0.752
87908,0.0
112194,0.488
74804,0.236
78423,0.0
68509,0.322
1482,0.696
82514,0.0
23205,0.722
38976,0.99
88708,0.006
120054,0.282
123396,0.922
92451,0.506
25144,0.93
77044,0.0
109115,0.028
14011,0.556
27527,0.098
89259,0.008
2143,0.116
57284,0.728
116953,0.572
44228,0.924
57702,0.398
29958,0.018
3602,0.134
43030,0.986
19019,0.656
67538,0.716
77301,0.0
49521,0.274
10277,0.264
106814,0.964
119996,0.136
109281,0.054
108358,0.422
21249,0.104
44010,0.312
87338,0.004
48410,0.98
13334,0.404
13335,0.13
43919,0.99
58873,0.278
103149,0.378
112668,0.28
8653,0.362
52301,0.214
76297,0.0
23649,0.96
10250,0.322
118929,0.45
24137,0.13
15173,0.324
20536,0.124
106,0.76
24923,0.836
61609,0.606
91981,0.054
78609,0.0
90968,0.004
61559,0.894
97346,0.936
56615,0.968
7199,0.216
95391,0.464
96725,0.976
86103,0.002
37444,0.956
125019,0.69
48807,0.986
20818,0.324
103959,0.24
20268,0.418
41481,0.994
45531,0.152
73369,0.316
123030,0.476
58680,0.96
100895,0.964
17530,0.106
106858,0.964
121748,0.648
109617,0.032
94760,0.114
55975,0.62
117744,0.914
42079,0.236
99527,0.416
70,0.386
33029,0.066
106940,0.956
66886,0.42
34915,0.5
90640,0.0
31564,0.878
1601,0.264
13922,0.102
7266,0.33
113981,0.186
78329,0.004
23807,0.554
50649,0.15
233,0.394
98032,0.972
56714,0.916
2269,0.85
52737,0.504
75518,0.004
86759,0.0
102693,0.166
6112,0.016
51648,0.286
74718,0.25
69667,0.34
83305,0.002
119809,0.598
99567,0.172
90895,0.02
26139,0.872
59505,0.964
70122,0.66
45044,0.58
107081,0.984
49780,0.5
86901,0.004
52711,0.452
6913,0.618
31832,0.998
44842,0.96
75889,0.008
121924,0.184
96907,0.142
60903,0.51
88880,0.002
105136,0.628
76772,0.002
103498,0.16
110874,0.104
60712,0.37
5080,0.998
8796,0.212
6411,0.44
16916,0.188
84069,0.0
47126,0.956
61525,0.856
88817,0.016
32516,0.206
114897,0.916
70221,0.376
85761,0.0
51272,0.358
43815,0.926
105708,0.662
89904,0.01
87463,0.0
69780,0.732
6439,0.202
113886,0.178
67194,0.062
898,0.558
22848,0.712
124300,0.962
31033,0.522
71014,0.222
73710,0.08
78502,0.0
48835,0.298
117634,0.296
67385,0.338
29032,0.75
72830,0.378
76094,0.004
107815,0.548
27489,0.456
82890,0.0
58760,0.95
11604,0.49
60310,0.582
19483,0.918
111147,0.254
110492,0.076
27158,0.498
45183,0.566
122600,0.834
21903,0.818
120506,0.706
94040,0.984
101835,0.272
33647,0.294
19752,0.64
46390,0.538
947,0.73
5747,0.014
4708,0.488
95302,0.148
81106,0.0
22547,0.068
104128,0.682
15269,0.28
39292,0.998
116774,0.18
41682,0.758
80175,0.0
7457,0.34
84041,0.0
31835,0.99
89394,0.03
97178,0.112
107597,0.092
99594,0.818
65540,0.194
83290,0.0
20124,0.02
25194,0.936
20953,0.594
27407,0.374
48109,0.868
124032,0.464
94901,0.806
99756,0.414
18371,0.018
116343,0.148
20031,0.966
87072,0.006
120502,0.914
80631,0.0
90694,0.006
93376,0.148
75018,0.012
39888,0.99
100520,0.21
86439,0.0
8331,0.39
98093,0.326
118717,0.128
92439,0.556
93785,0.756
105310,0.38
119820,0.228
120249,0.56
105895,0.752
117858,0.474
41045,0.554
52435,0.39
10466,0.028
123163,0.77
5727,0.07
63251,0.446
41437,0.964
15940,0.762
63818,0.818
62533,0.892
1506,0.788
13804,0.082
23712,0.976
107757,0.49
107733,0.288
38035,0.996
5819,0.166
11639,0.264
105888,0.9
109917,0.046
89254,0.0
6897,0.394
102375,0.31
85217,0.0
37456,0.964
3645,0.24
118,0.668
15207,0.924
57229,0.872
77646,0.01
37411,0.94
34770,0.18
95615,0.56
51907,0.746
19336,0.212
78487,0.0
122481,0.434
78915,0.0
38780,0.506
54027,0.35
65535,0.158
6074,0.586
89641,0.004
112263,0.1
27441,0.116
100837,0.348
23133,0.344
74599,0.822
65276,0.268
121675,0.842
25504,0.884
107064,0.972
74037,0.356
92552,0.312
56500,0.968
34063,0.032
47041,0.228
79306,0.0
99996,0.39
26331,0.882
15003,0.15
123877,0.472
28979,0.784
4016,0.636
60314,0.97
89613,0.022
67135,0.3
121318,0.426
81376,0.008
78474,0.002
101550,0.38
73613,0.16
100370,0.09
64301,0.466
18485,0.64
70923,0.8
58712,0.996
102062,0.434
26556,0.212
33086,0.994
96946,0.934
96920,0.726
110073,0.026
103723,0.666
13164,0.26
13428,0.446
103914,0.48
105140,0.554
12939,0.32
60313,0.65
55017,0.528
66890,0.288
55406,0.738
47848,0.586
31508,0.324
106516,0.276
74263,0.344
113839,0.546
9115,0.804
42133,0.994
119935,0.368
60217,0.888
60065,0.53
27123,0.414
95209,0.158
96748,0.992
30493,1.0
16952,0.202
24338,0.244
106967,0.208
120906,0.624
10512,0.046
2616,0.49
89162,0.006
107590,0.354
11843,0.014
16897,0.082
112416,0.456
91753,0.178
62192,0.598
42557,0.576
23703,0.958
57474,0.646
86851,0.0
6872,0.14
115912,0.086
106399,0.104
78100,0.002
87683,0.0
39393,0.272
12039,0.928
4990,1.0
77714,0.004
42519,0.986
5512,0.378
106041,0.438
9679,0.566
39885,1.0
34399,0.58
115976,0.918
6323,0.436
20066,0.012
41767,0.35
122187,0.954
70938,0.9
111441,0.364
10607,0.044
45758,0.892
34863,0.2
3083,0.164
118559,0.608
117500,0.208
91767,0.056
8338,0.136
119578,0.184
115377,0.402
1830,0.486
29328,0.256
24093,0.096
105331,0.414
84568,0.0
115324,0.358
83087,0.0
797,0.54
105167,0.264
37313,0.962
72002,0.386
123946,0.994
48212,0.92
14921,0.238
68568,0.59
78465,0.002
9016,0.098
38591,0.966
88033,0.0
69584,0.568
80236,0.006
120723,0.256
33945,1.0
62330,0.932
102320,0.216
107567,0.89
105818,0.088
9471,0.37
86066,0.0
57278,0.998
28463,0.104
86701,0.002
8625,0.684
67244,0.512
106619,0.368
120407,0.24
53934,0.222
112362,0.516
22855,0.626
111106,0.098
54313,0.922
46018,0.24
122973,0.324
79295,0.0
17421,0.182
95345,0.072
39371,0.398
38230,0.496
99632,0.766
56636,0.442
20360,0.924
6598,0.122
25173,0.93
81788,0.0
80203,0.002
1912,0.76
107950,0.136
114116,0.27
64627,0.366
85952,0.0
66314,0.662
39845,0.97
113606,0.074
63128,0.434
19038,0.432
5834,0.094
47427,0.454
94715,0.16
27388,0.198
37653,0.468
99175,0.306
16655,0.074
18197,0.974
63361,0.742
15875,0.702
122718,0.776
83098,0.0
110543,0.082
52261,0.198
87435,0.002
50679,0.62
91413,0.002
50281,0.292
108333,0.74
111319,0.55
93626,0.682
82953,0.0
2883,0.062
116801,0.662
8460,0.282
105984,0.968
101019,0.092
91256,0.016
48509,0.518
21758,0.834
117284,0.176
10408,0.548
22419,0.812
58011,0.978
70516,0.356
84279,0.0
122412,0.266
59395,0.906
76745,0.0
98998,0.26
70854,0.39
77580,0.0
110438,0.038
114811,0.77
74821,0.174
63924,0.746
46087,0.254
17465,0.976
96705,0.488
84622,0.0
13728,0.154
76506,0.0
113673,0.868
21962,0.06
84690,0.004
98965,0.228
29486,0.294
2098,0.108
50827,0.278
117671,0.292
21910,0.758
43888,0.988
90862,0.002
40137,0.67
9391,0.426
67091,0.576
18224,0.99
30837,0.996
55286,0.934
116601,0.882
97672,0.85
22169,0.906
121167,0.372
45985,0.944
113512,0.152
76687,0.002
93275,0.226
112545,0.428
115271,0.606
19651,0.87
96838,0.748
41127,0.992
104880,0.218
113737,0.066
112357,0.584
33338,0.922
46331,0.182
101014,0.466
108230,0.98
79694,0.0
124037,0.94
124393,0.568
5370,0.284
117982,0.064
621,0.616
101603,0.372
106432,0.33
51707,0.224
69859,0.428
68660,0.604
114048,0.246
25107,0.496
2972,0.69
71817,0.21
14449,0.942
80665,0.002
32635,0.994
69894,0.308
90687,0.052
112993,0.558
122810,0.51
57748,0.982
61166,0.992
90935,0.024
88197,0.002
89298,0.008
42395,0.19
5815,0.056
26158,0.218
72413,0.208
59950,0.26
106096,0.958
114935,0.332
67284,0.502
507,0.406
82404,0.0
89907,0.002
61530,0.462
71072,0.644
46493,0.934
4440,0.374
121312,0.282
23046,0.892
82141,0.002
80045,0.0
82463,0.0
60686,0.908
33944,0.9
56576,0.906
44859,0.994
39802,0.996
61958,0.812
55080,0.934
58256,0.998
94720,0.322
94887,0.046
80572,0.002
63941,0.864
113559,0.272
89693,0.016
117150,0.226
105699,0.628
124772,0.598
27513,0.058
32598,0.992
1005,0.814
29331,0.186
119417,0.58
29230,0.236
5301,0.908
14343,0.202
49501,0.352
99262,0.294
59297,0.904
39925,0.898
16467,0.376
82406,0.0
36686,0.99
63738,0.936
74867,0.386
85683,0.002
116096,0.892
8921,0.93
70329,0.152
101327,0.174
83406,0.0
3218,0.342
46273,0.994
102096,0.656
76053,0.0
91717,0.012
3905,0.496
71834,0.144
52448,0.23
67540,0.184
35917,0.898
124070,0.91
5401,0.882
111370,0.316
59672,0.92
6136,0.342
12987,0.226
89460,0.002
86446,0.002
114090,0.284
122956,0.936
8868,0.792
55027,0.748
3916,0.452
36299,0.95
104022,0.272
29754,0.552
45416,0.946
37631,0.992
38960,0.992
26593,0.386
38685,0.976
23241,0.79
84103,0.002
99694,0.27
65813,0.352
32869,0.218
129,0.772
23165,0.294
64214,0.696
113197,0.314
62174,0.94
92004,0.048
94889,0.09
42765,0.902
60530,0.984
68961,0.06
48290,0.566
4491,0.816
48102,0.452
95737,0.34
120195,0.896
102516,0.456
34636,0.982
122509,0.926
87423,0.002
100263,0.556
79019,0.006
80197,0.002
103458,0.178
78691,0.008
106062,0.164
110792,0.088
27905,0.666
105034,0.166
89270,0.002
55774,0.42
18363,0.016
111322,0.088
109731,0.034
67643,0.196
50635,0.684
40011,0.404
55321,0.538
46219,0.994
113422,0.666
57000,0.91
86162,0.006
23800,0.838
46010,0.182
4711,0.942
31450,0.454
75356,0.0
90462,0.01
112988,0.482
115845,0.184
121875,0.102
41954,0.854
105990,0.964
34413,0.964
105969,0.982
44043,0.32
6250,0.27
26772,0.9
100493,0.536
28893,0.89
100052,0.18
86870,0.004
24500,0.086
51596,0.272
108675,0.61
20465,0.308
36353,0.998
33512,0.116
109530,0.084
114264,0.59
33605,0.138
71252,0.404
5326,0.342
81262,0.004
84102,0.0
22447,0.874
17695,0.266
26268,0.268
76166,0.0
17231,0.416
59103,0.912
107226,0.946
49242,0.668
3866,0.314
64865,0.866
102380,0.112
71926,0.034
121743,0.584
66615,0.136
5094,0.986
113125,0.53
71995,0.268
78107,0.0
109139,0.036
44667,0.97
89617,0.014
52983,0.956
109699,0.024
44282,0.828
93543,0.078
2867,0.082
41996,0.822
88996,0.01
9602,0.662
53449,0.974
10961,0.052
21641,0.476
38445,0.982
31805,1.0
89073,0.004
114613,0.802
7464,0.35
76196,0.002
45215,0.11
4092,0.334
63518,0.93
51108,0.162
44146,0.28
35568,0.732
82331,0.0
99726,0.326
33142,0.59
116807,0.652
105428,0.664
8909,0.272
53463,0.978
22383,0.878
30147,0.024
2789,0.096
41083,0.098
119982,0.298
25021,0.288
104169,0.78
47943,0.952
115656,0.956
52453,0.426
69533,0.42
18413,0.206
14850,0.296
117496,0.41
22143,0.87
103096,0.484
75622,0.002
41418,0.572
49795,0.812
109036,0.046
91628,0.002
58816,0.948
97385,0.978
120566,0.362
23552,0.938
98330,0.224
71656,0.15
119972,0.076
30100,0.19
42564,0.422
39773,0.774
81067,0.0
74957,0.004
38643,0.998
86298,0.004
54383,0.904
104950,0.308
18576,0.846
63485,0.95
102456,0.658
64454,0.992
123292,0.978
121975,0.392
33213,0.116
2988,0.832
63102,0.924
54983,0.232
32105,0.56
72997,0.996
65271,0.794
112193,0.186
50622,0.342
70183,0.476
92774,0.644
108996,0.028
14720,0.954
118982,0.158
40462,0.524
106600,0.278
50709,0.734
116546,0.804
92882,0.978
111732,0.336
12894,0.248
100874,0.366
88957,0.008
48263,0.206
38842,0.97
25856,0.334
49570,0.592
6053,0.62
109015,0.092
47059,0.264
60109,0.904
46929,0.83
4873,0.964
119681,0.182
14261,0.124
91658,0.002
74207,0.158
64355,0.798
20974,0.816
99494,0.042
42473,0.488
31727,1.0
7375,0.24
61116,0.988
75047,0.034
18325,0.002
98991,0.102
119956,0.142
91627,0.008
91757,0.046
45771,0.252
123114,0.822
14154,0.97
41676,0.28
65020,0.936
123207,0.996
55798,0.964
105931,0.956
60487,0.956
89740,0.0
44386,1.0
93092,1.0
73904,0.134
38771,0.994
35496,0.994
16869,0.732
111796,0.36
34923,0.984
30058,0.126
117048,0.346
76311,0.0
3225,0.794
52553,0.312
59551,1.0
114136,0.316
111797,0.13
86611,0.004
113055,0.594
99186,0.17
53382,0.934
63172,0.998
4379,0.904
48991,0.918
76690,0.002
73305,0.392
90244,0.006
66944,0.262
102250,0.482
32623,0.998
73622,0.308
40207,0.99
78899,0.002
42570,0.828
71048,0.476
66723,0.958
44425,1.0
23270,0.59
97714,0.936
51082,0.138
92189,0.326
31854,0.978
25043,0.678
10101,0.598
118365,0.22
16418,0.214
116039,0.604
121021,0.404
58787,0.936
102953,0.232
74187,0.378
26524,0.598
67351,0.538
17039,0.08
76790,0.004
58345,0.988
88101,0.002
17583,0.592
11166,0.168
13669,0.156
52328,0.378
103772,0.308
36370,0.998
16972,0.416
125142,0.848
113756,0.192
40356,1.0
19060,0.188
47756,0.096
33008,0.05
93218,0.274
109004,0.038
84487,0.002
116931,0.824
30230,0.932
4036,0.168
54189,0.108
57594,0.982
51185,0.522
104370,0.3
116013,0.568
13805,0.682
62050,0.806
26340,0.438
95685,0.33
29939,0.014
58931,0.95
5561,0.854
24641,0.312
54984,0.818
76588,0.004
121156,0.234
1388,0.43
99399,0.908
114457,0.724
75699,0.002
46,0.694
88031,0.0
67122,0.246
118290,0.098
44966,0.632
58460,0.818
50043,0.22
34440,0.984
6520,0.03
70808,0.586
103388,0.444
5970,0.02
12126,0.276
86539,0.0
51231,0.194
31549,0.618
11592,0.868
88388,0.006
16463,0.55
93998,0.52
37319,0.972
102065,0.306
12421,0.046
49298,0.414
97429,0.958
64793,0.428
65461,0.48
116961,0.844
2225,0.618
71909,0.326
22929,0.332
11967,0.06
29367,0.23
110549,0.082
98422,0.182
87118,0.002
31682,0.472
8128,0.698
5413,0.866
87797,0.006
5640,0.98
21175,0.066
114486,0.208
72287,0.616
31088,0.906
37138,1.0
30635,1.0
11223,0.95
38899,0.616
22954,0.902
46211,1.0
28940,0.752
106357,1.0
52608,0.746
63410,0.962
120211,0.566
36332,0.886
18315,0.006
49496,0.22
113662,0.846
2991,0.904
23442,0.36
68010,0.128
75549,0.006
238,0.266
71871,0.098
47869,0.736
58166,0.572
32485,0.3
60386,0.958
107307,0.976
94800,0.122
29848,0.28
49430,0.368
14747,0.884
17006,0.5
98803,0.126
116196,0.606
26894,0.67
77931,0.006
44610,1.0
60046,0.358
95343,0.27
32647,0.998
73113,0.188
71006,0.6
36857,0.26
96599,0.904
116023,0.434
44671,0.99
104402,0.216
120857,0.596
15338,0.326
49410,0.87
29760,0.902
40048,0.492
75071,0.006
15434,0.95
40134,0.42
44291,0.87
102074,0.53
87141,0.0
42031,0.914
72368,0.866
82450,0.002
19940,0.386
68831,0.02
60380,0.708
46654,0.962
31556,0.514
66584,0.23
94126,0.804
109702,0.024
6005,0.04
98322,0.7
51398,0.388
114444,0.83
4878,0.972
52743,0.788
86081,0.0
36926,0.97
119532,0.338
94875,0.346
8620,0.422
93812,0.904
79016,0.006
42494,0.93
65054,0.788
108768,0.098
14504,0.98
46013,0.454
91324,0.008
70468,0.136
44299,0.63
90737,0.004
108937,0.044
11109,0.028
21889,0.87
31306,0.148
57370,0.404
107091,0.996
29778,0.434
4510,0.386
115074,0.842
24580,0.136
29043,0.666
40552,0.396
3677,0.164
9922,0.308
14293,0.438
97730,0.07
111897,0.344
2496,0.18
3078,0.606
84098,0.0
62064,0.996
24745,0.816
35287,0.968
30685,1.0
104776,0.276
67792,0.408
109213,0.016
77977,0.0
120513,0.762
124351,0.89
83103,0.0
53026,0.994
2700,0.044
41232,0.916
89886,0.008
101659,0.874
75255,0.004
111729,0.802
26934,0.528
39175,0.866
15760,0.116
38094,1.0
15512,0.862
55949,0.972
96759,0.256
20910,0.618
58533,0.938
91164,0.004
106453,0.322
17896,0.944
62799,0.386
52186,0.404
92330,0.318
109354,0.012
87773,0.0
74942,1.0
94670,0.334
63162,0.922
94461,0.194
105124,0.464
13487,0.262
111360,0.304
76312,0.002
92209,0.35
121231,0.738
13991,0.768
7188,0.212
104719,0.16
73319,0.076
103752,0.372
66742,0.368
67532,0.986
75360,0.002
28804,0.894
2237,0.934
23083,0.644
82784,0.012
4516,0.894
23443,0.678
67499,0.294
55498,0.976
82555,0.0
35931,0.996
71804,0.464
2119,0.14
105884,0.648
41309,0.466
56430,0.984
92511,0.35
108512,0.316
58806,0.444
105927,0.54
91776,0.04
33152,0.48
97776,0.484
70749,0.368
105229,0.258
119013,0.414
10959,0.318
19717,0.252
122897,0.484
60570,0.338
76743,0.0
325,0.246
12335,0.632
22729,0.532
74992,0.0
104335,0.262
48796,0.942
11930,0.124
84550,0.002
108042,0.228
54488,0.242
113704,0.702
39145,1.0
117458,0.248
112713,0.5
112094,0.486
33916,0.88
38621,0.486
62084,0.976
62286,0.906
39467,0.256
71650,0.164
79843,0.006
84676,0.002
60302,0.594
94518,0.43
117850,0.34
110975,0.14
74728,0.326
36991,0.988
15669,0.27
102013,0.374
46072,0.38
31026,0.998
25775,0.13
83511,0.002
17165,0.304
19831,0.35
111618,0.222
23293,0.752
74309,0.584
31589,0.988
75383,0.0
20805,0.49
56338,0.986
25446,0.442
46938,0.666
27387,0.248
60332,0.362
90866,0.0
73932,0.204
90969,0.002
65735,0.898
31402,0.896
99197,0.082
62696,0.824
78182,0.0
80549,0.0
23286,0.642
16519,0.494
16063,0.358
43989,0.986
55187,0.73
40103,0.212
51614,0.426
89619,0.014
93024,0.92
94517,0.236
76071,0.0
124608,0.802
16699,0.362
98597,0.852
63111,0.546
27363,0.208
108987,0.058
69028,0.596
119259,0.21
20542,0.496
6900,0.146
93263,0.34
114144,0.318
79784,0.03
36224,0.342
37143,0.994
73925,0.456
69956,0.38
84893,0.0
2582,0.268
46697,0.97
30944,0.928
10589,0.162
19895,0.022
118581,0.08
88615,0.01
12103,0.362
95568,0.55
45235,0.158
23848,0.058
21299,0.488
52259,0.472
92294,0.322
124448,0.984
64344,0.494
14867,0.768
113356,0.086
99612,0.924
117085,0.08
103943,0.398
31761,0.946
73985,0.182
124768,0.41
63012,0.944
81874,0.002
4973,1.0
54519,0.416
90916,0.008
75318,0.002
50200,0.29
28520,0.564
65464,0.392
20164,0.628
18089,0.974
63833,0.414
80061,0.002
36543,0.94
53243,0.954
103213,0.2
67374,0.312
108466,0.358
91712,0.018
1479,0.53
96995,0.464
35497,0.994
12406,0.404
74941,1.0
68192,0.758
114708,0.836
123387,0.984
20780,0.93
122815,0.346
123893,0.966
71124,0.334
73479,0.354
38934,0.906
110794,0.042
119965,0.418
82825,0.0
2227,0.964
20485,0.502
18408,0.106
14431,0.804
121319,0.256
112961,0.256
37749,1.0
102892,0.318
46974,0.438
13854,0.26
53181,0.608
116458,0.642
42410,0.824
99577,0.834
45575,0.382
101488,0.406
48430,0.984
122167,0.806
94675,0.334
54876,0.928
122880,0.178
28332,0.068
64203,0.49
103440,0.376
66619,0.044
65808,0.424
119217,0.298
85117,0.002
1868,0.73
94241,0.998
7206,0.102
81099,0.002
41920,0.964
101602,0.414
76468,0.0
71301,0.688
25129,0.944
86827,0.002
119000,0.474
65802,0.322
7490,0.15
48945,0.272
118930,0.2
2422,0.36
112537,0.638
103714,0.432
109509,0.046
51022,0.396
30365,0.98
27806,0.322
12485,0.154
27460,0.31
20000,0.964
26700,0.322
105029,0.22
118055,0.774
24134,0.094
80466,0.0
59434,0.968
72464,0.214
20130,0.006
90984,0.008
36434,0.674
117846,0.394
33433,0.348
102513,0.148
106848,0.992
54386,0.886
96,0.486
5717,0.052
95752,0.554
75105,0.002
7131,0.138
58826,0.506
25131,0.842
67207,0.158
117913,0.112
96424,0.244
18666,0.558
43881,0.944
50069,0.24
63426,0.9
86134,0.016
119101,0.324
1069,0.388
76277,0.0
9578,0.852
56490,0.844
58850,0.326
14757,0.938
103387,0.152
46936,0.366
80630,0.0
60287,0.974
122254,0.386
93979,0.058
31110,0.636
49604,0.756
33442,0.172
78359,0.0
66493,0.146
57837,0.97
102869,0.19
24530,0.066
72665,0.19
41466,0.976
33036,0.566
102415,0.15
103696,0.35
59122,0.324
85688,0.0
91833,0.0
20622,0.964
79152,0.0
58066,0.954
79257,0.0
124262,0.97
61611,0.14
20718,0.236
22177,0.928
110507,0.02
39980,0.422
115694,0.174
88046,0.008
48003,0.196
32593,0.992
70106,0.32
20589,0.05
71463,0.346
124381,0.402
82791,0.0
36848,0.958
73981,0.212
55353,0.982
92949,0.918
66059,0.256
18441,0.138
108032,0.272
55925,0.476
9545,0.366
103883,0.5
50401,0.286
102421,0.176
111679,0.188
28807,0.986
64400,0.588
56690,0.984
18302,0.284
94318,0.378
80553,0.0
121775,0.348
95728,0.71
7249,0.706
122870,0.434
77039,0.012
3089,0.22
44357,0.998
35676,1.0
68603,0.214
38997,0.976
122053,0.78
68112,0.352
8393,0.158
53131,0.996
36737,0.994
5755,0.2
98123,0.288
13358,0.534
103155,0.194
43280,0.266
64999,0.864
118779,0.398
102374,0.27
19259,0.796
33956,0.994
12299,0.364
109160,0.116
11528,0.062
82885,0.0
4600,0.966
88199,0.002
58508,0.946
35057,0.996
72058,0.216
114082,0.148
28908,0.962
80059,0.002
49609,0.758
35972,0.998
104094,0.352
13644,0.068
70486,0.336
12268,0.168
52915,0.164
124830,0.9
110418,0.038
21441,0.872
40965,0.998
82770,0.002
76792,0.008
14578,0.948
66580,0.02
27707,0.428
28450,0.15
121922,0.854
39770,0.986
33503,0.734
48620,0.994
22793,0.48
92387,0.342
36967,0.918
360,0.538
67943,0.2
560,0.672
71638,0.724
106752,0.39
19078,0.798
63642,1.0
38501,0.134
8063,0.06
109745,0.032
110388,0.054
4791,0.432
57775,0.332
118654,0.89
73350,0.068
11545,0.044
59363,0.916
101933,0.576
74996,0.002
11105,0.078
95363,0.116
93051,0.892
85191,0.002
104411,0.136
105394,0.61
57290,0.808
7335,0.874
69211,0.772
102381,0.11
119938,0.81
73174,0.302
53914,0.336
70989,0.254
13511,0.394
10271,0.362
891,0.79
91676,0.014
89013,0.014
8798,0.266
108286,0.482
16940,0.188
46817,0.176
61762,0.642
79501,0.004
121161,0.602
18213,0.99
65917,0.394
46868,0.922
55215,0.798
86846,0.0
121418,0.402
26858,0.952
71764,0.038
56050,0.992
60458,0.556
87942,0.002
39540,0.836
98820,0.122
123383,0.972
50855,0.608
117507,0.4
62342,0.992
115012,0.47
38297,0.98
12637,0.514
83586,0.002
106203,0.986
41052,0.952
99692,0.358
7835,0.204
53578,0.49
67185,0.106
34165,0.754
68406,0.256
99065,0.628
13230,0.156
95528,0.258
27202,0.266
113115,0.178
46212,0.998
81834,0.002
82700,0.026
79379,0.0
49757,0.792
48156,0.414
94175,0.996
86947,0.004
41392,0.52
84384,0.0
69332,0.394
71243,0.35
42130,0.972
59599,0.998
9632,0.876
20880,0.05
28149,0.71
3393,0.136
51620,0.522
105979,0.974
9741,0.216
113776,0.142
122227,0.16
89204,0.002
100586,0.268
94806,0.062
800,0.792
41691,0.924
30349,1.0
67282,0.856
3157,0.146
51764,0.274
101079,0.408
57205,0.488
15606,0.74
11700,0.41
40374,1.0
16485,0.378
115966,0.22
89201,0.008
24529,0.086
72846,0.2
79793,0.022
102861,0.286
91465,0.004
11591,0.25
93014,0.908
36457,1.0
33085,0.986
113789,0.334
106641,0.696
72985,0.952
13072,0.994
106868,0.998
57561,0.91
81815,0.002
118890,0.816
37401,0.654
123584,0.938
84534,0.004
55307,0.968
108280,0.584
119009,0.85
41867,0.466
45732,0.888
31512,0.98
66908,0.508
26676,0.976
51509,0.622
76222,0.0
56432,0.986
106903,0.998
62885,0.84
185,0.496
40567,0.932
97903,0.154
101880,0.4
66738,0.524
56958,0.934
11939,0.32
79146,0.0
121244,0.53
75396,0.002
83041,0.0
30731,0.926
16029,0.25
98581,0.188
43610,0.976
27750,0.246
89574,0.006
116589,0.964
117616,0.804
31010,0.97
68943,0.37
124213,0.538
122157,0.2
17899,0.704
79739,0.002
120595,0.53
105110,0.2
84732,0.0
124604,0.774
7639,0.686
19057,0.268
45690,0.992
114530,0.284
58681,0.864
26050,0.652
11329,0.81
88966,0.016
49224,0.526
56825,0.554
75401,0.002
62534,0.96
76125,0.0
3899,0.062
42930,0.994
119535,0.396
45143,0.118
8442,0.34
60936,0.802
27971,0.766
102402,0.448
119975,0.376
116806,0.884
4329,0.998
59074,1.0
12691,0.036
64833,0.148
107322,0.99
61713,0.734
44260,0.988
104959,0.166
117146,0.596
40711,0.992
66668,0.564
54019,0.562
69972,0.3
66729,0.966
105833,0.166
82934,0.0
18764,0.884
114365,0.422
81027,0.002
122443,0.948
5121,1.0
19286,0.464
70725,0.36
3631,0.18
7391,0.322
111066,0.118
45419,0.966
56741,0.99
94656,0.318
64970,0.29
58979,0.982
74154,0.046
112223,0.758
70068,0.158
84369,0.0
86497,0.0
77442,0.002
42673,0.348
20134,0.002
108922,0.014
117438,0.138
84316,0.0
6260,0.33
62241,0.488
28542,0.19
73316,0.298
57460,0.802
48140,0.892
84834,0.004
114450,0.616
10180,0.346
55440,0.416
23480,0.16
96346,0.346
62928,0.304
62807,0.172
52284,0.176
93287,0.168
34358,0.2
71167,0.378
51984,0.172
9658,0.278
74302,0.194
88671,0.004
97305,0.652
109978,0.06
87721,0.0
52163,0.226
26723,0.43
107725,0.31
5933,0.026
77327,0.0
11890,0.078
61830,0.436
116782,0.476
10641,0.384
93808,0.854
25710,0.724
18771,0.558
8666,0.234
28052,0.146
70900,0.264
78621,0.0
10353,0.324
32137,0.794
5483,0.156
105476,0.314
105155,0.832
19829,0.26
4427,0.922
54118,0.436
61120,0.982
62876,0.178
102052,0.24
93870,0.128
106770,0.988
17939,0.96
8032,0.212
12771,0.306
84344,0.0
32501,0.842
31629,0.76
113869,0.344
33905,0.66
77223,0.0
92828,0.41
89687,0.008
122638,0.29
9413,0.346
41032,0.586
105395,0.222
14403,0.964
123247,0.978
74030,0.148
89812,0.0
102635,0.588
14048,0.414
2981,0.316
37426,0.508
4726,0.91
23681,0.938
30798,1.0
8360,0.25
93814,0.678
45467,0.956
20027,0.988
59195,0.998
50992,0.142
47428,0.54
89571,0.01
86223,0.002
111113,0.356
45688,0.992
42652,0.852
114340,0.21
19018,0.39
103357,0.036
30066,0.012
86740,0.002
46306,1.0
11477,0.522
99994,0.534
13963,0.024
123895,0.93
53240,0.87
62664,0.452
27949,0.752
92139,0.318
37903,0.972
45882,0.998
41693,0.97
76183,0.004
26637,0.85
58710,0.978
82297,0.0
69251,0.798
95469,0.192
92143,0.68
78295,0.004
39821,0.662
113581,0.2
40680,0.996
102986,0.242
46867,0.952
20062,0.014
30701,1.0
110977,0.168
28044,0.138
77104,0.006
123045,0.888
79126,0.01
50843,0.798
55200,0.346
62037,0.916
24631,0.766
99960,0.34
61488,0.288
96739,0.994
61173,0.998
6412,0.824
61370,0.434
55540,0.9
48228,0.988
53668,0.35
95558,0.752
28009,0.294
122329,0.94
36785,0.998
69409,0.452
74316,0.242
5634,0.988
120589,0.476
16158,0.358
59534,0.988
13089,0.998
45214,0.094
82079,0.0
43251,0.976
17271,0.186
85745,0.0
30604,0.986
105592,0.122
122786,0.208
58480,0.82
67551,0.426
89396,0.022
120091,0.18
26357,0.908
50046,0.402
109470,0.022
123735,0.958
75718,0.006
784,0.57
105170,0.326
99671,0.684
116593,0.938
87801,0.0
63032,0.232
70908,0.372
68188,0.822
111935,0.122
94689,0.092
25604,0.134
47148,0.286
21839,0.864
99452,0.316
23953,0.41
80543,0.0
99382,0.242
71520,0.206
36501,0.986
19164,0.988
25536,0.8
15245,0.522
67492,0.592
48965,0.694
90181,0.006
91160,0.012
4020,0.12
6100,0.06
47718,0.43
2054,0.902
18444,0.36
41832,0.534
87895,0.0
113721,0.238
22564,0.078
7723,0.2
4899,0.986
81662,0.0
18313,0.0
105981,0.968
28786,0.89
124297,0.994
33291,0.54
61558,0.362
1351,0.748
74199,0.716
110610,0.034
33449,0.172
80379,0.004
94204,0.998
92052,0.07
51971,0.18
38299,0.986
124905,0.674
98402,0.124
60485,0.966
63991,0.34
29825,0.772
30932,0.116
3976,0.684
5882,0.102
56099,0.978
36473,0.09
111055,0.06
37662,0.916
77529,0.0
17276,0.236
50958,0.402
79849,0.002
22367,0.802
75080,0.012
93573,0.286
50732,0.114
106297,0.874
61532,0.908
68158,0.348
92957,0.974
12920,0.506
9618,0.946
123678,0.848
73919,0.26
9206,0.224
18800,0.97
30945,0.946
54467,0.51
88037,0.002
75835,0.018
53062,0.95
28347,0.094
117151,0.184
23267,0.74
77623,0.0
88210,0.0
76033,0.002
118565,0.182
63795,0.156
59940,0.926
119592,0.362
33732,0.264
101890,0.31
12503,0.078
109551,0.018
41228,0.988
71235,0.438
123414,0.944
66486,0.63
120357,0.214
23577,0.96
69887,0.44
95978,0.276
86490,0.002
59446,0.958
29590,0.822
6548,0.086
45200,0.072
10158,0.052
104340,0.71
107611,0.486
110342,0.138
1781,0.386
26621,0.56
17777,0.804
26892,0.53
37813,0.666
9444,0.748
72051,0.154
46413,0.95
92595,0.17
6107,0.072
59643,1.0
55644,0.48
27280,0.446
43681,0.982
22307,0.732
42501,0.942
11236,0.792
113288,0.164
111702,0.238
49067,0.6
83983,0.0
102710,0.252
52692,0.146
100796,0.204
19105,0.254
86617,0.004
101152,0.328
24813,0.332
81082,0.0
20921,0.068
70886,0.52
86159,0.01
114088,0.386
88873,0.006
34832,0.908
95827,0.136
50454,0.402
100597,0.62
68128,0.312
118112,0.476
42726,0.974
69065,0.698
100151,0.248
94798,0.222
114872,0.482
3121,0.088
122354,0.764
54226,0.624
100464,0.12
38866,1.0
34445,0.996
65281,0.426
62381,0.998
81060,0.002
43691,0.928
97607,0.314
124113,0.42
48727,0.994
5120,1.0
88993,0.002
41226,1.0
27658,0.118
109749,0.048
42078,0.1
84607,0.002
75806,0.0
11221,0.966
51646,0.218
2121,0.624
118564,0.34
117694,0.37
102934,0.458
47107,0.154
34553,0.778
79197,0.01
6730,0.4
27778,0.368
120226,0.668
95582,0.654
32436,0.632
45078,0.998
6355,0.756
5161,0.992
66217,0.28
31239,0.756
25421,0.888
97940,0.794
18747,0.782
115674,0.366
112505,0.216
64577,0.18
31041,0.58
22066,0.39
66005,0.29
16097,0.31
26328,0.298
110809,0.026
21918,0.622
105944,0.428
99833,0.462
5555,0.14
74344,0.426
35634,0.998
110940,0.162
113778,0.91
59348,0.94
80486,0.0
22445,0.88
29660,0.886
68988,0.05
67228,0.478
120501,0.788
95923,0.29
81186,0.0
38617,0.96
12254,0.816
11994,0.042
48080,0.246
40587,0.768
14039,0.216
17468,0.98
71080,0.376
28691,0.786
109771,0.058
31857,1.0
5848,0.284
18657,0.542
122583,0.788
79212,0.01
2805,0.054
82485,0.0
3573,0.226
93610,0.228
16110,0.256
7665,0.26
39014,0.994
84318,0.008
72436,0.894
81694,0.0
116204,0.584
87194,0.0
124489,0.68
64974,0.294
14717,0.944
101310,0.286
68463,0.274
118349,0.27
43630,0.972
102050,0.408
113459,0.332
113848,0.776
70573,0.6
246,0.276
27847,0.362
17784,0.086
62158,0.858
52119,0.184
59431,0.49
114468,0.758
8153,0.284
35347,0.616
42830,0.06
107442,0.184
114707,0.454
15851,0.27
41077,0.234
43871,0.394
62836,0.558
98221,0.048
97790,0.354
108649,0.638
118532,0.17
97823,0.714
39554,0.994
66546,0.582
48012,0.198
91953,0.094
46931,0.958
56630,0.718
29686,0.376
83824,0.002
70168,0.446
105538,0.29
29384,0.372
48157,0.48
68169,0.328
30430,0.994
122691,0.56
57609,0.866
107679,0.364
40516,1.0
89878,0.006
98986,0.186
34890,0.236
25121,0.892
117555,0.478
98562,0.19
60268,0.834
8060,0.344
105626,0.208
87162,0.002
28365,0.844
70125,0.544
103021,0.29
11920,0.782
58983,0.996
51388,0.284
9094,0.292
41510,0.996
17056,0.128
25319,0.248
101172,0.432
87545,0.0
52551,0.406
15369,0.178
69601,0.808
18731,0.854
56331,0.978
119795,0.198
108111,0.104
25187,0.912
14636,0.944
43214,0.994
49676,0.53
55334,0.518
60100,0.95
91204,0.002
14493,0.934
13399,0.428
83868,0.0
67886,0.174
123251,0.988
9869,0.344
31771,0.752
92084,0.442
30179,0.224
77965,0.002
94494,0.406
54552,0.268
29157,0.958
121666,0.912
2355,0.686
25259,0.352
8283,0.416
21298,0.24
20165,0.754
105365,0.68
47514,0.364
28186,0.34
104581,0.39
13818,0.644
62426,0.952
89052,0.01
1145,0.764
10710,0.276
32631,0.988
10015,0.258
18045,0.72
40206,0.428
84018,0.0
111058,0.28
63824,0.886
60580,0.974
118202,0.102
35354,0.4
104285,0.464
70875,0.434
113593,0.18
27928,0.156
24931,0.628
66353,0.384
47537,0.942
112373,0.588
124127,0.824
121140,0.522
48103,0.814
1694,0.73
113120,0.65
104053,0.158
98751,0.04
49153,0.27
19317,0.354
13296,0.464
61118,0.99
2495,0.166
114775,0.78
85547,0.002
11231,0.434
81058,0.0
74638,0.24
37259,1.0
58526,0.942
7370,0.402
30902,0.868
80485,0.0
106020,0.464
60547,0.876
6462,0.312
30347,0.998
56645,0.932
119608,0.734
92695,0.212
17504,0.08
72914,0.554
55105,0.62
16538,0.314
86360,0.0
100396,0.182
62655,0.282
28695,0.482
15772,0.55
63785,0.806
54571,0.36
117547,0.942
59814,0.404
45085,0.992
117001,0.148
112524,0.268
89222,0.016
18847,0.312
53219,0.948
100764,0.296
109750,0.042
24213,0.566
24634,0.494
103420,0.416
81817,0.0
110553,0.232
72150,0.28
76136,0.002
112669,0.112
41238,0.56
37222,1.0
104206,0.22
1929,0.66
80438,0.0
15356,0.268
100352,0.264
38879,0.724
57733,0.876
103069,0.402
110905,0.046
1020,0.794
26246,0.646
70376,0.338
93082,0.992
11140,0.37
122986,0.624
43726,0.828
25260,0.59
84425,0.006
13304,0.422
10757,0.172
8434,0.25
34222,0.988
2539,0.064
998,0.756
74627,0.776
30420,0.924
121016,0.844
94955,0.348
18468,0.644
81447,0.0
109464,0.014
71409,0.328
99639,0.774
26680,0.958
26872,0.956
109136,0.048
17406,0.322
72552,0.432
67843,0.174
45517,0.182
40069,0.902
108143,0.988
91557,0.006
25212,0.762
37049,1.0
49304,0.348
64033,0.71
111112,0.24
23826,0.32
93689,0.776
57347,0.852
60635,0.594
22269,0.678
49194,0.6
2542,0.036
73415,0.774
77619,0.0
113619,0.094
27056,0.292
118120,0.738
77242,0.0
49352,0.434
52179,0.244
2944,0.884
81087,0.0
59433,0.96
37901,0.566
116765,0.682
122823,0.95
70045,0.4
111855,0.244
84891,0.004
57952,0.92
14429,0.832
80970,0.0
90603,0.008
87917,0.002
12781,0.208
109074,0.054
110775,0.03
10648,0.634
57726,0.804
45522,0.216
56457,0.544
102875,0.166
70204,0.374
111431,0.35
93594,0.228
102231,0.346
55924,0.4
85496,0.02
106851,0.998
71115,0.494
82875,0.006
79943,0.002
48224,0.98
111874,0.202
25082,0.908
25410,0.928
75550,0.004
75713,0.004
11679,0.318
111865,0.71
107857,0.666
99137,0.256
23592,0.438
58575,0.992
34892,0.87
39793,0.946
34217,0.998
46110,0.382
46820,0.4
6377,0.66
46258,0.994
78430,0.012
57024,0.982
53572,0.314
10862,0.576
5613,0.982
65870,0.878
55263,0.938
68354,0.836
49485,0.228
17265,0.71
62421,0.958
119783,0.082
7185,0.074
56231,0.696
110595,0.05
24995,0.584
90314,0.008
36449,0.884
31894,0.992
36782,1.0
82538,0.0
22477,0.892
88104,0.0
36267,0.288
38651,0.99
26625,0.334
12591,0.226
87597,0.002
69143,0.268
55737,0.52
49042,0.922
21344,0.872
102632,0.256
24884,0.158
39921,0.976
62505,0.65
77868,0.002
121216,0.754
82737,0.002
46580,0.956
117997,0.272
37427,0.578
114473,0.856
30017,0.108
21012,0.904
108661,0.296
97321,0.84
25211,0.702
117991,0.096
55348,0.892
82120,0.0
531,0.36
26112,0.514
40268,0.338
45170,0.682
28599,0.74
98435,0.244
38892,0.99
4965,0.91
66765,0.256
8003,0.32
111684,0.668
77154,0.008
24263,0.406
97787,0.322
77257,0.0
107859,0.25
75389,0.002
34092,0.404
125050,0.352
27865,0.154
121655,0.946
109688,0.014
4290,0.908
11580,0.238
89526,0.004
57704,0.924
112209,0.704
1983,0.35
21030,0.6
14796,0.948
79356,0.006
69331,0.536
88416,0.0
107058,0.962
73896,0.274
66763,0.44
31867,0.97
122550,0.254
72156,0.318
33285,0.18
60917,0.19
1290,0.472
109897,0.032
116185,0.984
74237,0.378
90241,0.01
88784,0.002
85549,0.0
109634,0.016
63228,0.996
36766,0.976
67449,0.412
4520,0.908
102701,0.294
69151,0.95
97736,0.102
82036,0.0
7235,0.308
19243,0.77
3993,0.308
73356,0.12
121990,0.894
12257,0.322
56212,0.122
44785,0.122
58786,0.57
66895,0.376
70528,0.432
15322,0.418
76681,0.002
103159,0.166
21164,0.102
10362,0.098
14669,0.916
32500,0.412
105507,0.15
93550,0.242
90096,0.006
14485,0.922
81703,0.0
32540,0.982
116804,0.86
3813,0.374
124651,0.968
75069,0.014
45745,0.116
2641,0.176
67869,0.222
11047,0.082
8805,0.18
87859,0.002
9546,0.778
46694,0.984
76829,0.0
41827,0.422
98021,0.984
101041,0.714
65009,0.914
96875,0.696
26579,0.36
64634,0.942
86569,0.004
86357,0.0
93634,0.722
12222,0.904
47087,0.978
98139,0.332
77023,0.002
50704,0.476
49756,0.814
48733,0.38
13116,0.92
19878,0.01
107391,0.52
92814,0.31
117343,0.354
100252,0.194
87069,0.0
60699,0.948
940,0.732
71715,0.434
53000,0.986
82426,0.0
84308,0.0
62189,0.886
60008,0.182
63790,0.35
111773,0.2
37948,0.99
122857,0.824
26983,0.95
114721,0.162
20668,0.378
21900,0.868
61896,0.766
38663,0.996
102039,0.236
108554,0.772
57637,0.958
32863,0.984
81895,0.0
64992,0.446
32946,0.028
18039,0.562
76015,0.002
67095,0.53
40386,0.386
47777,0.88
46589,0.984
108008,0.526
104462,0.24
26011,0.794
9666,0.774
118832,0.652
7308,0.712
19264,0.466
120246,0.39
89110,0.006
15274,0.276
2909,0.038
38487,0.196
66841,0.404
10696,0.098
78536,0.002
97857,0.014
81392,0.002
112652,0.378
54915,0.65
116409,0.144
84362,0.004
11734,0.2
55904,0.49
84972,0.0
50850,0.636
110202,0.01
57771,0.136
50806,0.2
20539,0.458
67989,0.512
28870,0.9
64743,0.854
38908,0.532
122024,0.878
58769,0.956
92398,0.304
10980,0.66
1724,0.27
28438,0.192
73663,0.5
67992,0.11
1513,0.77
43290,0.976
100114,0.578
64813,0.352
113423,0.938
84767,0.0
1603,0.472
48989,0.944
113733,0.314
123487,0.96
19284,0.854
27857,0.248
71785,0.304
103189,0.336
61816,0.95
51058,0.24
87265,0.004
69427,0.394
100849,0.23
98396,0.494
68499,0.324
100692,0.13
75865,0.022
90738,0.002
119269,0.22
118305,0.206
471,0.304
5975,0.072
56900,0.996
57405,0.654
67484,0.502
84134,0.0
3068,0.89
34061,0.032
111539,0.312
20499,0.366
101238,0.358
80987,0.0
49165,0.48
97516,0.99
78118,0.002
8205,0.494
90803,0.004
17829,0.876
65685,0.944
68924,0.2
4211,0.782
10293,0.492
74557,0.822
90696,0.004
88622,0.018
107841,0.216
80910,0.002
120480,0.154
105829,0.146
46969,0.606
78582,0.008
97293,0.512
46470,0.69
111928,0.134
14826,0.928
122519,0.35
114498,0.242
16401,0.164
116576,0.218
8752,0.788
119790,0.22
9798,0.27
29117,0.878
98585,0.184
96191,0.188
7420,0.278
4283,0.936
82174,0.0
98887,0.074
107348,0.99
4051,0.29
66951,0.226
67231,0.212
29397,0.16
72636,0.328
43188,0.96
99049,0.522
59903,0.334
113096,0.276
115645,0.558
121566,0.996
98823,0.188
124884,0.972
27754,0.16
97244,0.14
103567,0.324
65295,0.92
71037,0.446
53877,0.838
113358,0.02
32021,0.984
22229,0.416
2194,0.342
99641,0.828
65260,0.314
105899,0.932
67764,0.158
123839,0.834
2001,0.55
86409,0.0
37726,0.986
3298,0.502
103984,0.252
65410,0.018
57624,0.468
28902,0.798
2615,0.288
122353,0.602
8425,0.104
52422,0.524
26574,0.456
46405,0.944
44344,1.0
124847,0.926
110304,0.124
115587,0.708
68203,0.37
105198,0.112
47661,0.91
98306,0.562
13622,0.29
38863,0.988
68974,0.064
18080,0.814
5844,0.102
116524,0.184
69705,0.742
102926,0.462
29123,0.932
102825,0.508
56247,0.508
1487,0.494
118219,0.508
19925,0.37
15142,0.354
44395,0.99
114399,0.26
44397,1.0
26805,0.962
49048,0.972
48286,0.492
122323,0.938
71816,0.458
100921,0.772
58185,0.892
19582,0.776
65677,0.992
12831,0.436
113727,0.438
3461,0.36
35206,0.984
77713,0.004
52926,0.304
103074,0.322
19703,0.45
102510,0.246
68701,0.064
61064,0.92
47241,0.688
64915,0.938
37114,0.704
17238,0.106
122526,0.924
77601,0.006
9470,0.378
48113,0.906
58470,0.914
39471,0.46
52120,0.474
107280,0.152
34917,0.986
60035,0.726
89121,0.014
48264,0.206
87587,0.002
107107,0.916
109696,0.024
118002,0.27
116116,0.892
88157,0.0
26880,0.992
96333,0.556
60016,0.44
100913,0.862
71334,0.414
19326,0.354
1906,0.728
110801,0.038
113863,0.408
71975,0.294
20265,0.59
67604,0.46
26448,0.93
78924,0.006
21467,0.436
72000,0.342
74636,0.366
26817,0.944
35222,0.974
104558,0.906
71961,0.17
5162,1.0
11133,0.154
20717,0.1
45139,0.272
118119,0.832
35870,0.534
18619,0.29
7912,0.104
92851,0.406
49831,0.318
118822,0.384
62792,0.698
25555,0.332
44472,1.0
52065,0.882
118091,0.796
76987,0.002
53271,0.66
96175,0.206
78114,0.0
1048,0.804
29474,0.28
83110,0.0
108702,0.026
115657,0.59
1657,0.386
73469,0.194
85472,0.012
93180,0.546
48861,0.876
14069,0.158
36902,0.956
75108,0.0
37070,0.998
24488,0.064
26592,0.472
57186,0.97
101613,0.288
38855,0.954
43964,0.81
96785,0.412
5173,1.0
99099,0.804
105603,0.124
27635,0.424
23658,0.954
23291,0.742
83501,0.002
54277,0.286
81235,0.0
44403,0.996
90754,0.004
123574,0.508
66614,0.13
93683,0.37
59410,0.528
83984,0.0
47891,0.876
8907,0.868
55417,0.85
16719,0.548
38394,0.43
116557,0.876
109801,0.088
112088,0.102
31071,0.38
99436,0.078
61848,0.42
23864,0.814
62789,0.764
71887,0.208
114982,0.352
100228,0.718
109371,0.028
43100,0.478
98862,0.558
108560,0.856
93465,0.176
26603,0.698
100824,0.524
115544,0.288
120121,0.116
93067,1.0
101800,0.394
122725,0.712
51052,0.226
113355,0.098
117520,0.51
18379,0.01
46530,0.968
31892,1.0
112215,0.134
93567,0.23
85468,0.002
7868,0.292
36937,0.906
82832,0.0
111461,0.778
20794,0.156
116859,0.272
28354,0.046
75601,0.0
89203,0.004
25821,0.016
53913,0.222
125054,0.398
73206,0.452
34853,0.992
124855,0.948
85865,0.0
77592,0.002
41517,0.486
79563,0.002
22153,0.746
43398,0.98
93029,0.982
89269,0.006
107600,0.204
47301,0.434
45110,0.998
14056,0.584
73213,0.498
35080,0.558
60042,0.158
76221,0.0
96864,0.296
38398,0.882
28091,0.75
67131,0.328
22759,0.574
26377,0.416
97688,0.31
41421,0.932
124498,0.844
68952,0.048
36603,1.0
91811,0.0
79660,0.002
15115,0.322
6532,0.124
56305,0.982
10185,0.292
6269,0.332
75291,0.002
37008,0.948
113942,0.622
108100,0.404
34953,0.412
36416,0.806
23659,0.97
16494,0.3
25169,0.9
28506,0.266
30387,0.998
76098,0.002
39242,0.996
56802,0.136
72471,0.436
4627,0.746
46325,0.176
41791,0.224
115413,0.304
20963,0.752
63605,0.98
36234,0.31
121932,0.47
99831,0.042
21127,0.384
11174,0.772
8705,0.068
14593,0.834
28222,0.208
24110,0.114
88983,0.012
97677,0.42
22956,0.534
98537,0.166
108003,0.662
1159,0.754
37942,0.99
49363,0.366
83001,0.0
109380,0.04
48746,0.874
26121,0.61
81733,0.008
36935,0.354
3048,0.502
30864,0.446
6813,0.158
32830,0.89
44857,0.978
12498,0.198
54673,0.946
64185,0.734
46227,0.934
45505,0.178
26132,0.532
84302,0.0
76076,0.0
50081,0.226
50837,0.362
91009,0.0
107545,0.966
7988,0.24
594,0.622
117531,0.564
17779,0.432
119609,0.87
46592,0.982
70572,0.372
79912,0.016
120776,0.8
112265,0.592
85959,0.002
39413,0.982
42015,0.942
51730,0.214
30997,0.944
104608,0.118
5779,0.23
66596,0.068
17133,0.206
30802,1.0
99011,0.882
84267,0.0
25341,0.816
109092,0.038
50848,0.552
77936,0.0
80184,0.002
22303,0.686
71510,0.344
12562,0.438
21636,0.87
24361,0.376
102379,0.332
124435,0.984
16677,0.388
124335,0.53
45382,0.312
455,0.334
29701,0.01
65502,0.452
47333,0.28
108476,0.324
28070,0.458
75368,0.012
88052,0.0
16797,0.248
107230,0.996
82184,0.008
35252,0.998
79823,0.0
56040,0.92
118858,0.118
62973,0.494
26326,0.244
50832,0.488
26792,0.914
112807,0.182
44632,0.968
39986,0.912
120025,0.126
112322,0.934
73038,0.982
43235,0.766
12733,0.184
19391,0.548
90808,0.002
104601,0.11
79246,0.0
26144,0.376
73450,0.668
21665,0.368
79929,0.002
109288,0.022
44243,0.95
505,0.576
44358,1.0
83058,0.0
106918,0.988
72872,0.342
75410,0.0
33342,0.962
82133,0.022
33504,0.846
82127,0.0
9264,0.098
25450,0.766
12112,0.11
7935,0.142
95776,0.248
110196,0.026
7545,0.096
109008,0.06
97575,0.24
122144,0.56
107087,0.996
48295,0.526
108403,0.806
69980,0.706
82049,0.0
64712,0.552
47336,0.696
4308,0.98
83999,0.0
103053,0.31
15884,0.738
42115,0.944
106035,0.74
53522,0.096
16219,0.682
62270,0.986
44430,1.0
34228,0.966
58358,0.896
90419,0.012
56796,0.21
57644,0.418
97829,0.732
101937,0.658
94052,0.846
108016,0.256
108320,0.79
10314,0.434
104209,0.282
51926,0.86
97024,0.82
110891,0.092
9443,0.802
6514,0.344
11831,0.03
105073,0.466
47375,0.99
101207,0.212
56510,0.98
68457,0.174
26354,0.152
115519,0.08
40020,0.606
9096,0.492
102262,0.332
58071,0.928
104075,0.172
83128,0.0
3322,0.258
97467,0.996
105305,0.236
78896,0.002
40210,0.938
89434,0.014
116086,0.568
124683,0.574
78342,0.0
106270,0.996
29492,0.3
27152,0.342
55457,0.982
84336,0.0
9480,0.306
63660,0.996
2914,0.478
34729,0.43
82657,0.002
56542,0.982
2690,0.32
79386,0.006
27633,0.148
77357,0.002
7326,0.88
30237,0.976
122637,0.37
122894,0.34
98947,0.136
67788,0.2
72577,0.356
29467,0.382
124249,0.926
49125,0.384
41807,0.336
26466,0.444
59670,0.696
100113,0.244
78354,0.0
112978,0.26
16779,0.392
104966,0.34
94062,0.946
544,0.45
69843,0.202
120733,0.218
108472,0.286
16058,0.31
40060,0.646
110216,0.092
123674,0.3
1713,0.38
18823,0.836
13388,0.642
75102,0.0
74123,0.18
92769,0.2
13748,0.282
118050,0.842
103720,0.558
61298,0.886
85857,0.002
8925,0.224
122754,0.294
52527,0.228
67797,0.374
5886,0.118
5804,0.072
83431,0.0
119406,0.096
34263,0.118
86407,0.0
103618,0.194
60551,0.848
81505,0.002
13272,0.286
75158,0.004
20117,0.006
11036,0.014
90383,0.006
124967,0.522
60591,0.46
50618,0.226
20052,0.62
79820,0.002
4801,0.416
18980,0.014
66845,0.358
87050,0.0
28376,0.09
95717,0.686
40385,0.546
99305,0.234
24660,0.874
39158,0.944
63522,0.93
11540,0.132
29893,0.044
8166,0.376
17306,0.202
92059,0.064
22312,0.744
124670,0.476
62806,0.594
1200,0.71
95781,0.504
95280,0.174
3624,0.202
10679,0.622
25080,0.55
81445,0.002
23282,0.708
109133,0.032
40312,0.994
93892,0.196
32459,0.992
45446,0.884
13073,0.996
84894,0.0
38162,0.952
113085,0.31
109705,0.052
99312,0.222
42340,0.462
94941,0.972
21008,0.948
86943,0.002
78564,0.002
8033,0.078
123823,0.188
114206,0.052
8536,0.912
52112,0.386
36107,0.974
69347,0.446
60814,0.984
56350,0.822
117853,0.606
100348,0.216
66443,0.47
79322,0.0
76114,0.0
18329,0.036
78031,0.002
116362,0.398
107908,0.252
21563,0.86
107191,0.964
26673,0.908
5754,0.66
27899,0.24
41744,0.116
104791,0.248
27249,0.326
8628,0.834
91646,0.01
2179,0.914
50831,0.254
90849,0.002
69977,0.394
59277,0.944
64926,0.754
67825,0.388
88698,0.006
52175,0.368
83751,0.004
121586,0.998
119753,0.352
95704,0.228
95642,0.456
106696,0.718
107854,0.55
81729,0.002
416,0.72
65479,0.082
68046,0.452
61291,0.982
35630,1.0
89195,0.012
79377,0.004
68942,0.038
38558,0.954
55728,0.276
117307,0.782
51636,0.342
77108,0.002
27099,0.482
113194,0.144
56524,0.84
112147,0.354
66078,0.43
21519,0.908
88267,0.004
109319,0.062
15432,0.926
7673,0.134
60122,0.962
34859,0.994
82814,0.0
102342,0.486
104028,0.174
589,0.284
87552,0.0
1974,0.512
2852,0.148
39348,0.918
80250,0.004
48593,0.988
7635,0.106
27292,0.612
95773,0.228
45845,0.762
64111,0.36
30223,0.736
9051,0.252
64284,0.704
43693,0.122
71442,0.168
16768,0.346
7759,0.342
63837,0.404
39663,0.906
79464,0.0
113853,0.242
14559,0.948
106446,0.652
97622,0.226
55562,0.546
41849,0.982
61384,0.68
45624,0.968
85987,0.0
36803,0.992
96152,0.38
103066,0.318
47004,0.918
72039,0.336
37508,0.878
27165,0.502
34180,0.652
90278,0.002
36572,0.996
38970,0.98
39077,0.992
40400,0.592
26774,0.906
82361,0.0
15361,0.134
58184,0.986
3859,0.246
96116,0.67
110464,0.11
65363,0.95
16906,0.17
19069,0.272
39255,1.0
32015,0.494
68110,0.338
119818,0.17
114605,0.242
18601,0.398
6654,0.04
55389,0.568
2156,0.128
42336,0.042
4349,0.986
35390,0.338
12620,0.312
69643,0.728
56604,0.946
13792,0.7
93252,0.608
3681,0.244
116954,0.884
53095,0.972
116672,0.762
26172,0.384
123312,0.456
72410,0.636
117535,0.798
69892,0.386
30780,0.942
30958,0.998
70947,0.854
82639,0.0
12789,0.3
60596,0.818
10937,0.64
58629,0.998
46149,0.978
117813,0.49
6071,0.462
76733,0.0
98376,0.028
10573,0.026
111558,0.148
86948,0.0
35448,0.996
121998,0.942
99115,0.624
75863,0.004
124834,0.894
122086,0.286
43603,0.97
12729,0.282
6235,0.164
1740,0.372
70631,0.366
23598,0.872
45238,0.136
75785,0.004
61238,0.18
42681,0.982
66576,0.644
80628,0.0
100193,0.512
40932,0.934
31662,0.988
113891,0.406
72837,0.346
52606,0.224
101828,0.31
6966,0.296
19865,0.02
36069,0.988
121387,0.238
62605,0.934
68678,0.316
7789,0.23
89274,0.006
90502,0.012
10270,0.196
83387,0.0
97414,0.984
54695,0.964
104360,0.12
71938,0.036
104618,0.586
9033,0.308
8200,0.422
13201,0.858
60652,0.96
51152,0.276
61275,0.53
65079,0.418
91960,0.058
16671,0.67
122692,0.72
111903,0.542
14927,0.204
102131,0.806
109531,0.02
69432,0.366
95775,0.354
81575,0.004
7401,0.11
56540,0.99
38463,0.676
104767,0.304
30704,1.0
119887,0.348
101676,0.242
78016,0.004
9424,0.234
36435,0.984
15584,0.95
18011,0.476
66439,0.338
39041,0.996
49092,0.472
78973,0.004
41780,0.122
58943,0.988
97709,0.046
75062,0.0
2255,0.19
124079,0.21
25045,0.888
23675,0.954
108000,0.342
115351,0.386
47179,0.56
99747,0.146
22264,0.746
2018,0.636
124875,0.928
84861,0.002
96053,0.12
70680,0.45
78379,0.002
82846,0.0
22746,0.356
118100,0.15
26457,0.944
94950,0.302
12334,0.786
45457,0.97
64557,0.906
20262,0.294
70110,0.41
64080,0.09
86951,0.014
51259,0.256
57946,0.92
25304,0.586
108059,0.11
122654,0.144
25580,0.85
55959,0.966
96942,0.972
85720,0.002
73141,0.278
81743,0.002
99510,0.266
45436,0.92
95246,0.036
124603,0.74
33879,0.022
67271,0.252
78566,0.0
55445,0.972
115868,0.75
112980,0.912
31957,0.404
93992,0.07
8924,0.424
54424,0.78
16210,0.206
113610,0.04
124586,0.956
39781,0.994
50536,0.838
124121,0.256
123607,0.914
45389,0.142
31126,0.398
74640,0.258
35882,0.968
85590,0.002
83443,0.0
62022,0.956
94683,0.116
81606,0.0
84337,0.0
37373,0.86
12845,0.23
88060,0.006
98119,0.036
11962,0.034
47725,0.49
122112,0.148
8085,0.37
66650,0.194
122512,0.288
20784,0.342
24381,0.57
112229,0.84
52479,0.422
28843,0.308
59234,0.994
51533,0.512
107745,0.398
94905,0.32
44500,0.51
104803,0.216
36158,0.536
71690,0.376
41178,0.996
8383,0.13
56423,0.956
100265,0.158
107512,0.21
95464,0.606
68740,0.016
79645,0.0
5316,0.988
11885,0.452
108495,0.84
20058,0.004
90761,0.008
32347,0.994
92927,0.998
50739,0.326
76962,0.0
82397,0.0
47,0.536
80253,0.0
93223,0.886
66197,0.198
15007,0.216
114921,0.776
113905,0.096
100566,0.208
33161,0.826
41571,0.98
67456,0.41
27425,0.652
69055,0.642
114100,0.22
43958,0.886
95824,0.132
7549,0.264
62221,0.93
108839,0.08
38870,1.0
92976,0.996
18177,0.996
44426,1.0
117076,0.462
68748,0.01
14937,0.302
103381,0.314
13482,0.528
98261,0.614
43386,0.436
12104,0.188
2362,0.736
60272,0.908
20961,0.822
92540,0.588
36244,0.298
87702,0.0
88010,0.002
48943,0.216
111258,0.05
67985,0.34
109272,0.048
5160,0.998
103086,0.32
121149,0.426
19068,0.598
616,0.606
28877,0.906
16844,0.292
25667,0.716
71904,0.432
55919,0.618
56501,0.998
32793,0.422
82324,0.0
108401,0.336
48997,0.916
24418,0.056
108527,0.434
76606,0.0
81393,0.002
84808,0.002
66298,0.23
68553,0.676
63419,0.544
85825,0.0
113399,0.79
41865,0.218
43847,0.858
54150,0.328
58974,0.988
60110,0.944
7341,0.88
72868,0.27
94988,0.286
80906,0.0
108585,0.954
72213,0.202
30399,0.994
102072,0.392
12746,0.406
115547,0.356
122843,0.822
123694,0.396
121357,0.308
73855,0.406
28013,0.61
37252,0.998
55840,0.368
102079,0.406
81621,0.002
52948,0.8
118218,0.542
17212,0.124
125016,0.502
60026,0.25
41479,1.0
53925,0.75
10066,0.652
67591,0.378
121650,0.732
52026,0.484
53127,0.992
26607,0.364
22417,0.834
71174,0.39
118818,0.826
93488,0.138
68418,0.356
27742,0.352
122553,0.296
6056,0.112
25353,0.512
30089,0.026
12611,0.674
55690,0.484
39775,0.996
20392,0.904
69895,0.376
69936,0.414
36068,0.904
81825,0.0
51049,0.21
104449,0.15
117118,0.408
73056,0.998
23719,0.976
122118,0.498
120134,0.732
9297,0.232
72398,0.27
61925,0.942
16126,0.446
80988,0.008
56473,0.954
42687,0.894
37654,0.97
124426,0.788
107872,0.488
80816,0.0
118456,0.764
9757,0.262
25235,0.334
51562,0.386
10396,0.804
11640,0.77
101214,0.22
21685,0.738
15600,0.69
12203,0.352
52601,0.372
75245,0.012
75642,0.0
63689,0.916
73125,0.164
109990,0.084
21837,0.796
23666,0.96
80280,0.01
63402,0.786
26346,0.144
101671,0.866
123910,0.988
23536,0.954
49687,0.464
112025,0.534
52480,0.51
98604,0.172
5039,0.982
85898,0.0
39283,0.998
121500,0.402
57346,0.344
79226,0.0
50925,0.282
89435,0.018
36023,0.666
32597,0.86
39548,0.986
42713,0.33
66441,0.418
59707,0.988
70304,0.344
31196,0.996
124969,0.534
9967,0.062
23012,0.31
18139,1.0
45936,1.0
58853,0.646
31117,0.098
73384,0.392
54589,0.892
234,0.54
104385,0.734
104975,0.502
93268,0.33
20015,0.98
93711,0.28
17619,0.862
103454,0.438
97861,0.156
84538,0.002
44303,0.86
104990,0.474
95797,0.162
95424,0.398
20986,0.622
101789,0.274
15372,0.238
108664,0.492
14483,0.958
44548,0.996
124571,0.866
81338,0.0
117104,0.238
32839,0.988
69971,0.386
48514,0.798
6342,0.332
108938,0.072
27316,0.274
10590,0.556
99315,0.112
58973,0.988
31847,0.69
29404,0.304
38461,0.396
13905,0.306
63542,0.504
75575,0.0
29452,0.274
54719,0.418
74549,0.794
8613,0.42
10052,0.462
112039,0.338
52791,0.436
47067,0.212
117315,0.184
102688,0.146
79522,0.0
44219,0.93
30051,0.042
76882,0.0
93245,0.966
25071,0.944
68415,0.494
80757,0.0
58061,0.964
59868,0.986
117704,0.366
48815,0.992
53362,0.994
70258,0.31
116173,0.95
75362,0.004
114621,0.924
67893,0.406
35195,0.696
85485,0.006
45285,0.91
84148,0.002
99638,0.658
13026,0.272
80779,0.0
52418,0.686
118658,0.96
22644,0.51
40418,1.0
92187,0.438
41051,0.91
56402,0.956
43160,0.924
9552,0.372
8134,0.698
105660,0.344
123019,0.392
5799,0.386
38808,0.956
55806,0.972
108899,0.2
92955,0.948
79462,0.002
58592,0.998
105683,0.188
58591,0.998
25152,0.898
121867,0.362
57699,0.214
109888,0.1
96937,0.974
87360,0.004
21882,0.838
42026,0.33
99492,0.07
123726,0.938
17048,0.048
72565,0.208
116396,0.214
61182,0.756
47530,0.91
67108,0.406
116477,0.396
109394,0.082
37462,1.0
11008,0.062
38982,0.87
13446,0.026
61117,0.986
100076,0.116
111261,0.144
5215,0.528
106142,0.298
13414,0.368
72948,0.87
65471,0.416
26972,0.898
102409,0.438
125069,0.432
1875,0.704
79168,0.002
65512,0.17
28547,0.686
98857,0.2
68840,0.018
118843,0.774
46547,0.38
97795,0.248
86190,0.0
109100,0.012
115731,0.276
76753,0.0
39285,0.998
115956,0.706
33054,0.918
67349,0.196
60182,0.846
124471,0.958
32971,0.022
46353,0.59
9677,0.57
39904,0.998
7077,0.704
123229,0.952
73966,0.508
63200,0.97
2676,0.128
100379,0.144
23851,0.788
41738,0.118
89029,0.012
49868,0.676
89232,0.014
43268,0.814
99036,0.268
60482,0.72
65824,0.418
113220,0.386
61744,0.45
7749,0.14
21996,0.492
22947,0.894
14758,0.948
74164,0.614
65865,0.904
33325,0.19
9295,0.322
109948,0.046
97967,0.06
35438,0.938
110787,0.062
110770,0.052
117544,0.922
110269,0.158
72202,0.378
119361,0.95
54772,0.388
20941,0.47
19989,0.144
88732,0.008
91714,0.01
38456,0.58
36539,0.946
19501,0.92
107664,0.418
1065,0.636
28099,0.222
11448,0.428
28956,0.286
2466,0.792
52159,0.4
43475,0.764
63976,0.288
28556,0.142
52866,0.268
9233,0.6
10290,0.618
12091,0.298
12021,0.148
74809,0.26
114965,0.714
10388,0.166
117928,0.55
51542,0.16
1001,0.822
89416,0.012
33399,0.362
102888,0.352
41204,0.988
27435,0.75
2334,0.354
23466,0.166
75989,0.016
33404,0.35
31347,0.62
30961,0.97
43359,0.978
42434,0.964
114779,0.826
28683,0.812
27494,0.288
71918,0.182
78417,0.0
93562,0.4
9522,0.304
24788,0.316
15216,0.546
50644,0.518
109303,0.036
69955,0.584
109429,0.016
113587,0.338
86474,0.0
35839,0.264
27426,0.83
31379,0.988
1314,0.682
7944,0.296
16837,0.172
2780,0.108
101466,0.11
85411,0.0
29224,0.89
45237,0.436
120671,0.286
87878,0.018
64313,0.888
79365,0.004
80632,0.0
8699,0.302
9389,0.264
50186,0.232
100244,0.558
69992,0.194
32885,0.91
3773,0.41
119434,0.444
107299,0.932
87388,0.0
109403,0.018
55723,0.262
113362,0.154
54818,0.432
113613,0.102
112331,0.364
55944,0.964
87759,0.0
88166,0.0
26378,0.85
27565,0.224
110689,0.04
60925,0.286
104178,0.52
107335,0.904
13481,0.458
2888,0.384
37329,0.998
38861,0.988
74180,0.32
52734,0.664
75494,0.0
27170,0.238
27926,0.28
15929,0.754
52683,0.432
8514,0.396
70462,0.578
51300,0.464
119602,0.146
59022,0.992
66586,0.15
88894,0.012
46828,0.436
41025,0.414
89190,0.002
109026,0.05
77700,0.0
3348,0.312
93949,0.37
10571,0.024
44103,0.998
1109,0.68
25997,0.056
59890,1.0
104373,0.458
6544,0.102
46481,0.414
90136,0.006
47786,0.97
79596,0.0
54523,0.202
95340,0.202
18865,0.948
104444,0.3
95186,0.078
27415,0.948
63846,0.634
96886,0.352
57638,0.476
33463,0.132
64192,0.358
77342,0.0
15167,0.26
32395,0.992
7346,0.756
36499,0.71
10638,0.62
58808,0.936
41367,0.472
100791,0.282
89791,0.002
59586,0.974
117061,0.72
75729,0.0
70657,0.506
99086,0.698
111711,0.764
23854,0.716
96271,0.22
80524,0.002
101355,0.206
11771,0.278
7607,0.228
14614,0.838
78667,0.0
44616,0.988
117275,0.216
109645,0.06
61850,0.912
44465,1.0
8141,0.348
21510,0.926
605,0.808
74231,0.336
118824,0.4
49794,0.894
113846,0.604
93647,0.67
98078,0.28
2371,0.422
46872,0.948
124943,0.816
30589,0.974
120617,0.418
121604,0.312
60221,0.836
118799,0.43
24290,0.822
38508,0.172
60897,0.154
115761,0.232
55057,0.224
39276,1.0
39866,0.976
28927,0.398
96366,0.314
42409,0.426
50044,0.352
46272,0.982
123521,0.96
30099,0.012
34450,1.0
111321,0.232
45556,0.326
102218,0.25
48562,0.962
47939,0.776
53636,0.208
54225,0.378
61351,0.674
63309,0.516
45125,0.572
49761,0.838
29565,0.792
36493,0.942
103243,0.538
100618,0.174
25657,0.666
38206,0.296
104690,0.334
88426,0.006
111447,0.43
27721,0.132
9337,0.388
83799,0.006
92564,0.37
11308,0.252
75756,0.006
25386,0.91
38053,0.998
114270,0.636
106624,0.374
7268,0.1
103183,0.252
24661,0.92
50381,0.488
26845,0.95
19758,0.142
115142,0.352
73112,0.326
47619,0.936
85945,0.002
54512,0.172
41160,0.998
42858,0.426
53260,0.334
90036,0.012
49586,0.686
33581,0.604
94590,0.406
63144,0.952
86477,0.0
28561,0.678
98365,0.448
40289,0.994
63768,0.332
21405,0.398
10228,0.082
15551,0.95
71216,0.196
18390,0.004
55194,0.69
3949,0.114
123052,0.5
7736,0.452
59768,0.85
7080,0.216
15082,0.418
74349,0.446
11026,0.024
75332,0.004
90219,0.006
41135,0.992
115846,0.84
102977,0.206
3823,0.21
109633,0.002
103571,0.328
22781,0.492
30873,0.86
95596,0.394
1380,0.368
8756,0.138
106636,0.288
64599,0.57
22779,0.142
44098,0.996
79768,0.002
38470,0.384
75881,0.008
14408,0.946
83928,0.0
74938,1.0
30151,0.028
5363,0.492
45501,0.126
83513,0.0
69173,0.25
94189,0.996
50349,0.424
13529,0.456
104048,0.076
20009,0.708
21775,0.754
63802,0.424
79940,0.002
84125,0.0
110894,0.044
52421,0.506
95102,0.168
41379,0.378
82779,0.002
47977,0.918
105222,0.25
11373,0.5
115679,0.722
14162,0.914
99468,0.154
9583,0.734
123183,0.952
86503,0.0
100012,0.242
1238,0.74
25099,0.512
102645,0.17
45224,0.132
52750,0.526
11657,0.56
51099,0.57
51160,0.198
19849,0.562
44528,0.984
111368,0.102
48409,0.98
26162,0.9
79248,0.002
111131,0.144
95765,0.394
92216,0.146
46124,0.97
87660,0.0
57416,0.694
50099,0.662
17121,0.382
108898,0.07
75999,0.004
8035,0.488
76611,0.0
6524,0.532
88349,0.006
99743,0.128
98889,0.112
72502,0.114
19341,0.774
116795,0.116
52518,0.486
82112,0.0
82496,0.0
69772,0.734
18357,0.058
32072,0.982
55465,0.846
22885,0.856
54936,0.964
44195,0.888
82070,0.0
63226,0.998
63563,0.974
102580,0.154
2749,0.056
17683,0.396
84272,0.0
70150,0.372
59238,0.988
44796,0.888
57036,0.996
118925,0.37
71675,0.388
64507,0.984
27919,0.238
50976,0.498
83649,0.006
108891,0.06
122466,0.232
33972,0.998
44584,0.98
38901,0.152
4771,0.344
59633,0.998
57642,0.612
124837,0.894
82178,0.0
56628,0.35
95094,0.134
94801,0.086
39525,0.974
23364,0.462
60899,0.554
45396,0.824
124222,0.94
42013,0.952
101862,0.336
123357,0.928
71947,0.04
123748,0.85
72337,0.204
56353,0.946
67602,0.636
104441,0.348
16789,0.5
20507,0.378
107196,0.962
67778,0.062
56176,0.986
19122,0.026
61074,0.934
85891,0.0
119589,0.04
58898,0.754
83677,0.006
7255,0.516
19644,0.908
509,0.33
87427,0.002
66212,0.344
82023,0.002
76472,0.004
48243,0.984
26946,0.94
79670,0.002
23556,0.96
39476,0.942
121816,0.65
65646,0.75
30580,0.958
53927,0.828
113511,0.412
25538,0.512
116245,0.898
41908,0.972
82179,0.0
12368,0.474
105119,0.352
120129,0.308
78328,0.004
26127,0.93
69920,0.516
90786,0.0
46069,0.016
9503,0.21
37109,0.976
18421,0.144
8070,0.106
43762,0.108
87372,0.008
29570,0.302
82155,0.002
21081,0.448
80649,0.002
61465,0.962
11942,0.128
108122,0.278
9214,0.498
104150,0.176
74832,0.31
18081,0.944
37934,0.974
11547,0.348
78526,0.054
45563,0.156
42587,0.972
117692,0.404
103756,0.382
70305,0.388
83627,0.0
66156,0.49
113607,0.024
30937,0.592
53246,0.968
71141,0.466
1289,0.532
62717,0.708
114890,0.41
103245,0.302
103729,0.134
69163,0.798
75920,0.008
117565,0.456
18859,0.506
6320,0.304
117809,0.32
28854,0.146
123201,1.0
48724,0.976
102142,0.412
39455,0.93
30340,0.998
31615,0.618
8664,0.076
39236,0.966
70577,0.486
69685,0.81
124465,0.706
39956,0.512
25575,0.838
76282,0.0
96551,0.126
20398,0.932
53538,0.326
47137,0.894
45192,0.268
31855,0.904
19762,0.378
90139,0.002
54997,0.41
12951,0.178
48001,0.158
114038,0.926
85508,0.008
1993,0.438
88311,0.0
110500,0.018
38930,0.468
60710,0.488
74642,0.526
69899,0.5
102123,0.318
73119,0.41
43545,0.968
9095,0.598
8542,0.976
65765,0.298
121509,0.808
109961,0.096
74660,0.336
79028,0.006
19431,0.832
95931,0.246
90090,0.006
23269,0.84
20160,0.588
17334,0.534
78563,0.006
109318,0.058
99669,0.418
17036,0.152
94856,0.144
101397,0.258
59353,0.936
75474,0.002
11974,0.47
72233,0.04
114538,0.506
20338,0.976
76860,0.0
15723,0.36
6876,0.906
115905,0.334
48790,0.934
24375,0.344
40760,0.484
33999,0.956
30619,1.0
35648,0.998
75803,0.0
57380,0.724
939,0.49
99739,0.768
28492,0.12
57616,0.998
91854,0.0
6570,0.012
123491,0.666
66761,0.114
61399,0.866
24694,0.874
38077,1.0
55680,0.406
22266,0.736
28016,0.322
29049,0.446
35541,0.998
51030,0.47
79465,0.0
92219,0.22
67149,0.256
110850,0.512
85351,0.002
1468,0.468
113035,0.434
49600,0.772
79481,0.002
78833,0.0
3633,0.246
30068,0.004
22132,0.828
9426,0.278
36569,0.982
26212,0.856
11806,0.08
94843,0.744
90248,0.01
88120,0.0
42644,0.624
59916,0.544
106344,0.998
42813,0.206
106013,0.436
36134,0.986
6611,0.046
8131,0.842
97240,0.374
96362,0.16
32878,0.556
74357,0.234
107377,0.318
10020,0.826
56318,0.976
124227,0.934
13964,0.032
14025,0.792
15996,0.19
43118,0.102
20709,0.96
40750,0.654
105558,0.494
83535,0.0
95106,0.092
74011,0.162
47232,0.226
60937,0.372
108931,0.112
89701,0.0
84761,0.002
123230,0.972
89882,0.018
121045,0.77
81141,0.002
52848,0.42
105892,0.754
2120,0.08
55692,0.586
44057,0.448
7261,0.652
7997,0.468
84989,0.002
99349,0.064
9819,0.918
35002,1.0
43027,0.978
112185,0.206
15592,0.934
33641,0.388
33042,0.65
27159,0.864
16773,0.08
79982,0.002
47084,0.854
2929,0.272
45521,0.206
162,0.784
46861,0.294
37124,0.984
58502,0.52
42040,0.944
116793,0.494
86295,0.0
26068,0.288
3547,0.222
10027,0.678
113782,0.322
71892,0.572
5230,0.894
39407,0.418
59892,0.98
108651,0.316
104954,0.292
97601,0.162
57056,0.582
118970,0.758
27605,0.166
44226,0.934
43336,0.974
2876,0.046
109473,0.078
44073,0.974
76120,0.002
96102,0.586
7537,0.33
53027,0.996
17761,0.096
93450,0.138
38553,0.152
49797,0.832
52744,0.386
18174,1.0
82056,0.0
114722,0.398
20839,0.34
24230,0.804
76542,0.0
121917,0.332
118953,0.832
20432,0.56
13921,0.292
30714,1.0
107154,0.974
24795,0.506
72601,0.232
83124,0.0
98333,0.7
26274,0.312
36852,0.982
35318,0.336
113656,0.798
79775,0.006
98946,0.216
83579,0.0
19202,0.942
101499,0.348
118163,0.82
96124,0.716
80501,0.0
84059,0.0
55932,0.468
5641,0.996
2388,0.072
6026,0.056
124727,0.42
3435,0.324
34906,0.528
45341,0.27
73935,0.372
57989,0.958
89481,0.006
49561,0.42
7119,0.058
76958,0.004
49499,0.37
53222,0.974
115524,0.86
39258,0.988
34628,0.986
4816,0.882
95393,0.276
62631,0.534
108397,0.232
65446,0.73
92867,0.26
116373,0.89
78478,0.0
67999,0.074
2130,0.816
29304,0.256
29502,0.462
91135,0.014
101947,0.322
568,0.346
6168,0.072
42420,0.984
95862,0.718
97020,0.82
114963,0.27
82020,0.0
98235,0.1
16086,0.706
116277,0.206
20548,0.478
96312,0.522
49228,0.924
68382,0.41
92176,0.284
107393,0.338
3929,0.152
40958,0.994
56083,0.99
60196,0.546
97750,0.496
53754,0.246
65543,0.366
24316,0.846
833,0.822
93653,0.778
62877,0.732
86921,0.002
43384,0.984
51176,0.384
3551,0.274
45548,0.202
40173,0.984
19377,0.026
91344,0.008
65567,0.39
43944,0.462
3112,0.046
94969,0.796
120057,0.446
70118,0.412
114556,0.416
84614,0.0
115226,0.756
79491,0.004
108373,0.274
37168,1.0
114286,0.332
3766,0.178
100328,0.586
109659,0.002
64552,0.704
59686,0.922
63943,0.894
72443,0.516
98263,0.646
121853,0.834
109666,0.0
19741,0.216
13867,0.284
122328,0.944
68214,0.482
115058,0.48
53647,0.154
96758,0.292
81612,0.0
124650,0.926
2930,0.23
47502,0.918
38700,0.988
69985,0.242
107616,0.868
5853,0.368
37369,0.99
75779,0.004
43673,0.434
85588,0.0
123768,0.838
91022,0.006
114440,0.918
43519,0.964
33522,0.458
66935,0.312
61512,0.29
44573,0.998
85526,0.0
60555,0.952
104656,0.144
2896,0.232
19797,0.764
86595,0.028
58814,0.932
13454,0.16
112454,0.4
17419,0.172
60381,0.96
11803,0.038
47125,0.282
120168,0.714
18893,0.018
124360,0.602
48645,0.972
103265,0.188
104989,0.528
41293,0.554
19412,0.714
36323,0.994
5623,0.982
67727,0.108
117371,0.942
97635,0.268
11023,0.044
56116,0.978
68985,0.052
85856,0.0
77617,0.0
34402,0.986
11560,0.296
95488,0.22
15713,0.376
65123,0.314
52088,0.87
14508,0.964
52603,0.23
24528,0.052
109275,0.014
89924,0.008
98011,0.986
51575,0.474
61129,0.976
60353,0.878
104283,0.356
57241,1.0
98816,0.688
116987,0.464
116568,0.248
57971,0.926
80262,0.002
51549,0.756
102350,0.284
108142,0.492
80673,0.0
109763,0.078
102325,0.362
72325,0.384
9543,0.394
83274,0.0
21143,0.468
111068,0.046
3272,0.896
21487,0.918
84139,0.0
22392,0.868
55808,0.932
4593,0.924
76091,0.002
50285,0.502
89317,0.006
62165,0.476
25439,0.818
108411,0.472
116399,0.194
116799,0.914
8445,0.132
65695,0.636
98911,0.134
49175,0.35
31334,0.964
74650,0.396
100406,0.296
102535,0.602
42127,0.988
88141,0.0
114449,0.23
79022,0.0
95907,0.25
12264,0.592
103065,0.346
78476,0.0
2463,0.46
90322,0.0
18255,0.998
77807,0.002
68563,0.622
50198,0.124
47271,0.278
10292,0.51
28368,0.088
57276,0.972
31638,0.882
22619,0.694
100196,0.158
3730,0.164
100407,0.258
604,0.758
71666,0.672
113637,0.25
101375,0.344
295,0.236
55174,0.278
50683,0.258
32473,0.97
65560,0.598
32741,0.538
18745,0.648
30810,1.0
104746,0.506
123311,0.558
114943,0.806
47968,0.962
50412,0.266
14733,0.914
33767,0.194
56115,0.998
25622,0.046
49545,0.64
111917,0.278
120382,0.328
25055,0.91
13881,0.824
122762,0.296
61014,0.414
56048,0.982
73655,0.35
115918,0.212
69954,0.262
101140,0.26
30844,0.78
71454,0.172
54970,0.722
22633,0.184
39280,1.0
55599,0.706
102593,0.12
22782,0.68
95541,0.382
125084,0.378
120739,0.87
48742,0.612
40921,0.996
112508,0.618
53885,0.302
124258,0.914
107849,0.702
34011,0.216
7072,0.25
22361,0.828
79597,0.0
98665,0.354
89115,0.018
66672,0.5
105872,0.182
117148,0.274
61523,0.33
47581,0.43
14858,0.226
98481,0.208
25665,0.474
98864,0.18
67659,0.264
94499,0.378
40584,0.986
93103,0.8
43769,0.072
115256,0.272
68301,0.302
32785,0.458
83430,0.0
72448,0.184
119175,0.202
120420,0.486
21220,0.084
63885,0.054
97625,0.65
106777,0.99
9074,0.188
17190,0.246
104436,0.612
48970,0.91
24287,0.572
39504,0.22
43196,0.978
101495,0.32
78975,0.002
27416,0.856
48231,0.98
98764,0.074
86294,0.0
23799,0.464
61778,0.918
113936,0.064
116192,0.978
49395,0.352
67807,0.274
42221,0.986
102725,0.714
114737,0.588
20774,0.39
69491,0.396
42951,0.986
78898,0.002
39634,0.62
31783,1.0
52529,0.356
8935,0.922
25007,0.612
35115,1.0
73062,0.854
103954,0.412
27046,0.232
77835,0.0
97040,0.906
30840,0.604
7177,0.082
25751,0.786
85312,0.0
6252,0.488
114867,0.77
78145,0.004
61543,0.578
22796,0.464
19859,0.036
124736,0.542
68539,0.42
79075,0.002
62828,0.646
116384,0.588
30318,0.74
15817,0.698
36824,0.926
46123,0.974
99784,0.196
37490,0.916
122130,0.81
16167,0.232
109313,0.044
103560,0.506
19760,0.47
91231,0.004
76694,0.002
64870,0.338
111514,0.092
43578,0.678
56774,0.962
54587,0.58
74113,0.1
54292,0.59
56784,0.726
52366,0.83
93095,0.372
88751,0.01
58523,0.918
45106,0.994
74148,0.172
114367,0.738
117469,0.3
59390,0.944
91259,0.01
56088,1.0
23377,0.562
109880,0.088
39690,0.996
110405,0.152
112656,0.238
12641,0.3
76498,0.0
76986,0.006
101112,0.18
14029,0.68
110726,0.03
86934,0.002
84199,0.0
5154,1.0
