ID,TARGET
32933,0.04358095
32713,0.53376335
90799,0.0006943035
30990,0.98833245
110120,0.12493576
64879,0.5032782
86700,0.000793193
32599,0.8803674
42504,0.96804976
30559,0.11448717
97930,0.6118485
41814,0.14113875
83325,0.00063210074
104376,0.73032373
57754,0.8614714
90016,0.00081041973
19652,0.9221114
62811,0.3096103
47551,0.9780527
11370,0.22176147
70550,0.19806814
49494,0.20324107
124132,0.7141683
30807,0.9875311
112804,0.39820352
70340,0.33844516
27515,0.46749958
74851,0.50059754
23773,0.16152568
1905,0.9498023
36533,0.9048563
85121,0.00063335657
49630,0.71984345
120981,0.59635085
52205,0.61216825
89516,0.0006830381
46859,0.13493533
95029,0.31411636
33309,0.56513536
36372,0.99139374
46642,0.9437613
77876,0.00042546986
27967,0.20759483
63091,0.9354009
112046,0.65473044
100185,0.7675759
75328,0.00022460475
119761,0.13869822
18970,0.087851465
93993,0.15930966
16516,0.6893449
111056,0.55421036
104819,0.1984997
1834,0.5445671
81597,0.00074954465
21208,0.04346883
104115,0.16730793
60668,0.8955283
77085,0.0002842891
31114,0.7603249
44601,0.98309153
39482,0.7732914
35622,0.983705
105276,0.06480341
111644,0.40219888
19609,0.8912567
46831,0.39226514
67796,0.18560645
97497,0.87437576
43621,0.92566854
21305,0.05640136
31350,0.9409726
25638,0.6883975
39958,0.121523336
116905,0.19365643
63544,0.9271975
71318,0.09971957
119726,0.46783057
98813,0.450871
66351,0.63425297
94473,0.26714283
113650,0.7345299
12016,0.063061
114787,0.70140636
59160,0.8771077
76200,0.00031537347
77519,0.00043795496
53197,0.14236452
12077,0.68246186
112146,0.5457138
87227,0.0007676822
71274,0.15499361
91319,0.0008000424
27975,0.75298417
34909,0.86059
70008,0.23579763
8719,0.14507926
12879,0.4462086
78498,0.0005694583
117980,0.6549584
86705,0.000793193
45665,0.91891634
101761,0.8943655
106773,0.9436731
49470,0.6611792
76997,0.0005029102
122677,0.8968864
51579,0.19431128
75429,0.00022460475
7196,0.09101843
57834,0.80311227
18762,0.96037734
60024,0.6104696
91935,0.031700484
37195,0.9570958
45366,0.84721243
78321,0.0006219447
31308,0.10453924
219,0.060242873
37532,0.9695431
93392,0.6686747
21536,0.9679969
54080,0.4076012
22147,0.9798753
89698,0.00083159946
92849,0.39400923
4855,0.7952519
12988,0.1204735
75952,0.0004401705
92039,0.024151085
36456,0.9667819
98659,0.17901999
108163,0.058467023
56935,0.9908674
60366,0.93312585
33317,0.61930525
63699,0.9458717
92138,0.384417
58368,0.92751265
52166,0.6214212
61821,0.9387851
54413,0.37865
107351,0.98091894
109938,0.06764397
62470,0.94821984
24453,0.037915085
116107,0.83635676
27751,0.78294563
53375,0.89430034
57102,0.71903026
44187,0.11577612
54241,0.6548988
51642,0.48797253
70917,0.86267954
84722,0.00061072415
25283,0.8578379
89106,0.000666878
116544,0.8249736
64814,0.782474
70345,0.63612795
65943,0.64114726
88437,0.0007057381
34393,0.34027502
71405,0.1317365
22288,0.8987502
71863,0.22714075
102765,0.26534113
45463,0.88861316
28616,0.873856
16888,0.37488022
3345,0.11538976
10439,0.060663126
7506,0.40122038
117131,0.28249705
50448,0.73040897
47119,0.35917777
40832,0.90257365
58634,0.98387885
4825,0.73511827
107712,0.23620522
106090,0.24151449
95974,0.14927213
18969,0.039828837
24427,0.036856126
83219,0.0008000424
31307,0.10266311
27371,0.16441582
20212,0.6170817
22287,0.85191
55792,0.8519806
124159,0.8205414
49055,0.989884
34595,0.922245
38653,0.985067
11365,0.1384632
62740,0.8511661
51615,0.66172844
96456,0.11258759
17369,0.44724607
28545,0.7427904
123930,0.9185334
12249,0.6412801
46122,0.9280135
82569,0.0006219447
25517,0.9782348
49118,0.6061094
12387,0.54897004
1451,0.3529076
46907,0.5942509
62122,0.9453993
62793,0.91187173
80038,0.0005794405
112769,0.07190694
13833,0.15792572
117387,0.14840572
98295,0.826905
117040,0.17196785
69156,0.6128504
108383,0.14855528
80162,0.00063239
90487,0.0006830381
57007,0.88432825
122164,0.87757444
98934,0.62597346
22013,0.6949315
121276,0.70187944
121619,0.59744525
66475,0.4037057
7160,0.37483963
101439,0.37715498
114406,0.16047722
25628,0.046494156
81898,0.0006081095
93667,0.69105655
87454,0.00079148135
85894,0.00080775796
35880,0.9227005
33368,0.4180391
56837,0.5291097
9759,0.2548074
8980,0.337722
86473,0.00061072415
118492,0.62184864
29785,0.15591957
4954,0.9786911
94226,0.9846727
25787,0.04273385
100373,0.40723214
116172,0.44169408
89868,0.0006830381
89622,0.0008506706
91351,0.00085987133
77755,0.00050545414
46760,0.438811
7767,0.41183907
120572,0.85062104
29163,0.5402402
62600,0.8083142
93316,0.12541975
121961,0.5874662
96668,0.8193969
81910,0.00087101496
68634,0.71719897
31080,0.44900087
109041,0.052817363
99814,0.1694451
112044,0.9076579
81866,0.00061072415
55253,0.22777008
5213,0.98564374
95650,0.2793274
3744,0.15645282
19020,0.8426195
64387,0.8764437
3803,0.11416351
72598,0.38845506
106969,0.16848336
7535,0.35707006
59700,0.8201308
9414,0.71416897
107049,0.9546108
117550,0.46715933
30168,0.08605338
119586,0.7234976
87756,0.00079148135
99601,0.69097495
86645,0.0007676822
115488,0.8282339
101469,0.14274278
361,0.30781385
49542,0.8929767
79688,0.0006981096
95116,0.11507152
86092,0.0007531723
70365,0.9405009
85203,0.00061072415
27182,0.3648383
52390,0.6726251
40108,0.8872728
78524,0.00061368884
101801,0.22303714
120810,0.7144442
29048,0.7962239
107985,0.3033676
18056,0.88348734
6486,0.38615924
92567,0.5975582
71959,0.098760195
56836,0.39893952
115995,0.8592697
27472,0.14038405
97544,0.6356027
63071,0.17675108
118130,0.16567132
28409,0.2304896
100355,0.47346625
23544,0.8640878
41256,0.91429347
119245,0.10666781
5537,0.07406364
73118,0.1302695
56043,0.88408715
118876,0.88111705
87033,0.00082804007
8049,0.6956993
100268,0.15848072
110317,0.3418227
109547,0.13519451
14730,0.9454001
94952,0.32873142
107556,0.9637687
40891,0.96188956
112923,0.6448121
68243,0.6017102
64292,0.60819566
90716,0.0006830381
55756,0.80743533
69880,0.22878273
122207,0.6425391
13677,0.4510017
11216,0.9107553
125008,0.59914196
46094,0.2519386
82982,0.00073995395
96309,0.3944537
50725,0.78202194
70310,0.058224767
111706,0.10088656
50762,0.8898064
45479,0.22623731
41741,0.10528548
112337,0.6096376
51054,0.20532855
54007,0.32301715
53753,0.7941126
35644,0.97980344
21693,0.90834177
1142,0.9511725
53739,0.16789836
61790,0.69321966
121504,0.9176379
53204,0.52847487
79840,0.00071265746
60801,0.9448293
56861,0.5370015
35442,0.96065426
36072,0.9420271
103482,0.69688535
7974,0.3350341
53790,0.52426445
77715,0.0003264607
115484,0.7399514
17041,0.3453618
63378,0.9039007
97278,0.1335593
28267,0.43860534
40230,0.9453352
109173,0.04026364
30535,0.98919743
20064,0.039997146
60385,0.93811864
62868,0.45473725
90501,0.0006830381
5504,0.35111234
112133,0.73304325
29687,0.6921732
42269,0.08667262
29780,0.37803918
43616,0.58187366
124180,0.93523175
120552,0.6843754
70654,0.18507464
49378,0.40892065
120663,0.63819855
58320,0.97232914
48923,0.9585631
50730,0.5178284
20011,0.97314227
103250,0.22060548
106599,0.34791633
85603,0.0007429835
13879,0.06503666
49518,0.8287072
89656,0.00071180094
83574,0.00075327675
105497,0.59259593
6987,0.100670956
84233,0.0006167173
37940,0.9348469
116121,0.26448798
17611,0.4374867
63593,0.89820886
89672,0.0007368149
52326,0.75602627
65186,0.63461304
33111,0.18802442
98338,0.20949973
55349,0.80229294
35493,0.9640327
19361,0.09540054
47730,0.1593519
68589,0.65918195
46582,0.96572375
14105,0.850688
2674,0.16124628
25523,0.9893477
69380,0.14314872
73812,0.6020594
1257,0.94513863
94076,0.94616383
111332,0.0747334
33737,0.08838009
69521,0.15125461
18350,0.08412878
90474,0.00071180094
75125,0.00048879994
90553,0.00068177836
69738,0.9805942
78157,0.00048375293
87841,0.00076439616
84421,0.00072574953
118956,0.8651203
66108,0.3686445
119135,0.5616755
123338,0.8098232
23169,0.45648772
62890,0.23341995
106330,0.9775024
79920,0.0005443886
48441,0.9872012
118596,0.6731539
47171,0.0922437
30142,0.03996479
108793,0.16066349
29796,0.09139895
56601,0.84558815
37741,0.93178844
28003,0.17668886
30370,0.98293084
75940,0.00043795496
38785,0.65540534
39206,0.46750465
62448,0.94019336
55860,0.93258315
17220,0.08479367
86088,0.00076582195
17776,0.50978386
95778,0.4396965
89588,0.00080110977
91781,0.013712076
17760,0.93449163
17920,0.9444108
67039,0.22012971
121532,0.76322335
84684,0.000765036
21718,0.9401396
41684,0.9075438
12458,0.118011184
99714,0.55558485
80551,0.00063335657
118910,0.18106124
115054,0.46961138
90147,0.0006943035
102832,0.13527334
49861,0.86710125
43627,0.92845875
113624,0.65793097
6118,0.057334464
61625,0.15725508
121100,0.6984178
66348,0.4804162
83750,0.00061072415
30688,0.9933734
99555,0.5876546
8992,0.066547506
70278,0.2740756
20202,0.12339045
57207,0.8928167
99445,0.14172195
48072,0.16528872
99147,0.8087656
48526,0.9621837
80771,0.00073158246
39126,0.9923058
103101,0.11998121
64584,0.58796644
71277,0.36850983
116747,0.75431126
117253,0.1542877
67175,0.7879731
125077,0.36931872
108462,0.40088376
63786,0.56160367
19351,0.52915174
51654,0.15499987
13345,0.80946845
75155,0.0004858331
81559,0.0006649132
24801,0.6961277
40662,0.94610095
121463,0.7565328
119125,0.17240442
67044,0.2638882
45915,0.98254687
57103,0.5983252
122494,0.7528013
73528,0.37618977
29546,0.46374545
7158,0.6448552
23549,0.9135441
57075,0.9664453
110550,0.08952596
14148,0.9220587
17092,0.6019031
53106,0.8320928
58354,0.94886726
83571,0.0006321884
51975,0.47337884
94593,0.2892336
85879,0.0006438031
103485,0.1871496
108903,0.03898452
94779,0.16727208
98859,0.62032086
119143,0.19886282
68547,0.409109
112899,0.33651036
113971,0.39111435
13130,0.34323993
101883,0.5700606
21136,0.5026754
49106,0.17493744
93419,0.2912684
5714,0.07443982
94810,0.7697619
124653,0.9805592
117031,0.15263568
14996,0.76851
86877,0.00076439616
60824,0.62431824
101195,0.5020106
84374,0.00082815485
114510,0.31360602
6711,0.3860982
53930,0.3959071
22124,0.9513238
123509,0.51558447
98259,0.5096267
19570,0.92548245
121090,0.7661272
99486,0.8724511
59319,0.85011756
71306,0.19242887
81240,0.00073995395
51787,0.69695103
65834,0.5355403
93986,0.1447626
82169,0.0005609791
60575,0.89120567
86347,0.00059321127
68719,0.042886112
26267,0.53631717
90004,0.00082120276
4080,0.74442554
13606,0.6293131
84653,0.00076326285
32832,0.87406087
39723,0.119522646
14591,0.42821306
67656,0.49955064
70134,0.18549408
48068,0.10679289
35474,0.7135586
21292,0.04099722
12825,0.44506726
28645,0.5288865
24485,0.035603587
110810,0.012535019
12364,0.1818141
91271,0.00068177836
67338,0.16445567
92167,0.30899453
99563,0.421502
39023,0.9451427
48901,0.9377512
72970,0.8376287
101352,0.14878371
4644,0.32680362
66872,0.1793485
33268,0.11336516
52733,0.71016663
51720,0.72276795
87972,0.00075327675
81181,0.0005845967
37712,0.9177561
29181,0.811995
45861,0.94874316
20002,0.9344098
39060,0.9805352
59055,0.8147796
177,0.9781406
46584,0.86934805
104156,0.17523597
22539,0.039997146
22687,0.5145601
8126,0.6495325
38153,0.30362973
65721,0.5227258
121815,0.74922305
79315,0.0006500445
109390,0.02670471
88471,0.0007057381
18722,0.57864994
35229,0.96432
12202,0.30640414
12587,0.11230468
8440,0.15659826
84249,0.00070799043
18127,0.9810963
82809,0.00073620223
88603,0.0008937862
80781,0.000743648
107589,0.057331145
26223,0.7126827
51885,0.14506781
2637,0.1584156
121546,0.9098697
122798,0.81242335
110865,0.02735884
88722,0.0006888017
25620,0.03744673
57295,0.93435925
86591,0.0008456361
3036,0.5657732
84328,0.000629512
116020,0.60871804
63628,0.9359294
4532,0.7672671
115456,0.19514428
42405,0.5558033
81165,0.00073158246
111767,0.18251213
13838,0.61419475
50232,0.8722949
13987,0.27160943
40085,0.97302365
49290,0.9071325
14209,0.8739614
27900,0.14073405
12134,0.62466645
124788,0.8754885
102547,0.06726477
59420,0.81300104
2394,0.2035975
117203,0.14931342
46086,0.0954289
96986,0.4640723
104254,0.15695933
34989,0.98165244
35956,0.93524855
90615,0.00068974035
72038,0.21745929
32481,0.46355483
98428,0.65135825
30325,0.7404759
39585,0.90234125
17495,0.981277
94574,0.87642837
101756,0.457248
115162,0.10787031
53985,0.38266066
76336,0.00031729968
31204,0.9704038
55914,0.68761075
52903,0.08164668
96674,0.92573214
112289,0.58768356
74018,0.19550642
59607,0.9871704
41344,0.9278976
71599,0.64888674
101668,0.3779835
9558,0.10324469
79623,0.0006023013
36045,0.56599325
98802,0.10797968
49827,0.29614538
104537,0.3681527
55036,0.5482982
115232,0.82491106
70369,0.09906837
54527,0.19968264
14004,0.87841064
24677,0.92778826
82793,0.00061785686
79107,0.0007841487
88565,0.00068177836
76189,0.00031537347
101501,0.12491277
60039,0.20162791
52913,0.08164668
63202,0.9032746
25490,0.9784299
87408,0.0007676822
67711,0.040890947
80974,0.0006118527
119056,0.095757216
67444,0.50384706
38846,0.884763
3629,0.6525974
117302,0.09220498
104691,0.23445074
81048,0.0007598979
111854,0.59557915
7460,0.4921195
116026,0.83254683
101819,0.41543573
8133,0.6983903
9767,0.66407
33845,0.38967866
45956,0.9929904
34594,0.9226242
106212,0.8968496
21796,0.17558923
14788,0.9933194
79157,0.0008355224
117092,0.65819144
44108,0.98655057
91317,0.0007530148
77674,0.00048382
104568,0.7795393
21313,0.066421196
19713,0.16875379
105226,0.28411147
53005,0.7865615
78294,0.00070702017
106894,0.9901502
41324,0.934723
40761,0.8263776
121332,0.5206404
50098,0.28852683
116619,0.71385545
112927,0.18141407
62843,0.8153992
54799,0.8338065
114413,0.18605198
35200,0.9658472
82709,0.0007531723
96027,0.5896888
117811,0.6531924
69424,0.1430555
59214,0.8957775
92887,0.9257786
16641,0.9152716
87929,0.0007737849
50977,0.51986074
102296,0.045642585
2050,0.86500657
124551,0.5027901
59301,0.7620895
121585,0.96734905
36990,0.9681962
13703,0.0696152
11090,0.5017797
50545,0.53871536
105281,0.39636025
83120,0.00073995395
102282,0.4020114
76762,0.00042132943
118477,0.14340386
83000,0.00066846405
72656,0.17757154
68436,0.48705116
71208,0.3997961
48758,0.2127445
99542,0.4279706
55031,0.52989787
5901,0.13943131
67276,0.48002216
49673,0.53555703
116866,0.6091538
45997,0.95166284
112998,0.6198649
28244,0.46028805
85893,0.0006321884
93027,0.9507756
103109,0.16953015
532,0.720857
26788,0.8953109
114342,0.08779183
114322,0.8446708
12763,0.15139085
73177,0.17814234
31869,0.98699665
42666,0.96162236
105358,0.3803129
109623,0.028004847
46498,0.9553446
101165,0.57702273
13656,0.8389205
8955,0.34124386
124072,0.9043668
19490,0.91212255
123258,0.95631075
69099,0.3556013
64594,0.5530718
122459,0.45164603
13469,0.5973384
24132,0.055994526
93293,0.12009276
58122,0.76312584
24444,0.0418
81916,0.00064038654
105241,0.44049773
60431,0.8129539
247,0.06778316
92184,0.7112102
9958,0.06829702
77618,0.00031846922
54361,0.46399385
98299,0.5911941
7190,0.3053479
5052,0.99263036
67495,0.17251994
10741,0.16530459
27965,0.17329608
106444,0.32269782
94641,0.3708909
52759,0.63791645
67035,0.54084665
42885,0.91947705
80693,0.0007598979
93718,0.29831365
88791,0.0008171215
475,0.1140579
43664,0.59885144
26496,0.83050066
118765,0.7025799
86573,0.0007964923
91235,0.0006477559
31862,0.98114717
106251,0.8581848
101449,0.11266408
116854,0.087079525
81355,0.0006081095
27281,0.311918
123344,0.8302318
82335,0.0006321884
2105,0.14178243
26887,0.96461296
59904,0.904993
110609,0.09417056
64041,0.13728976
100968,0.33639553
20972,0.86871797
29952,0.045736026
28285,0.07615839
16599,0.5640759
25460,0.93959874
65189,0.67800397
71927,0.1093755
49839,0.61958057
24701,0.96170056
48829,0.8849901
105214,0.73792076
105820,0.1640785
68285,0.19646762
98190,0.9747108
71225,0.43268162
122674,0.64426506
51483,0.20804562
109979,0.15520073
46791,0.057536677
38973,0.33027866
120089,0.52260846
75454,0.0004502615
42516,0.9763362
110803,0.062077273
111495,0.48400533
102537,0.36016357
45514,0.17223196
87311,0.0007348449
25438,0.9292005
5950,0.08460931
77385,0.00048620004
92518,0.3527971
38399,0.9328284
115009,0.89593166
85021,0.00073023327
24196,0.85492283
59318,0.7501853
121410,0.37460253
46307,0.9892647
103174,0.5454423
59406,0.9082551
55666,0.5206757
111847,0.12613536
59738,0.63337916
29882,0.057945624
75032,0.00036205846
66437,0.58203787
118024,0.4288393
106742,0.23750919
5198,0.9803889
20091,0.062818214
36893,0.90975636
85647,0.00059430744
51442,0.30284497
111343,0.308677
52225,0.7328388
114283,0.32541028
30338,0.96664923
33181,0.06533825
117427,0.09348335
47325,0.21539754
109514,0.1221157
107855,0.4577625
45687,0.94294494
69272,0.5195081
84657,0.0008506706
27345,0.45518866
115417,0.14620866
89251,0.0008937862
91137,0.000666878
27641,0.21153405
79533,0.0005453946
51385,0.7451748
123054,0.84963006
50797,0.15969007
64563,0.1023183
51216,0.4155526
124175,0.79823154
23573,0.9839377
79092,0.0008150794
92054,0.030663753
77453,0.00031537347
85259,0.0007546685
1214,0.82786566
69223,0.10562377
50835,0.09325513
56492,0.92072153
51344,0.17196785
84408,0.00075327675
99683,0.644683
25501,0.98286265
14200,0.7970736
93315,0.4131475
71687,0.15061106
53351,0.7918971
61346,0.9189258
122027,0.9026105
17185,0.817627
22274,0.87118906
69352,0.2857107
121892,0.5583669
110264,0.074814536
34291,0.5580618
66901,0.12064272
84927,0.0007256831
116115,0.8172695
22301,0.8907207
55555,0.8958023
11652,0.20199439
48175,0.74674714
12569,0.71920645
18219,0.97290844
41347,0.95669425
36773,0.9520988
77183,0.00031537347
8545,0.727127
26273,0.5936379
88776,0.0007041915
18910,0.05623475
28936,0.71059066
35394,0.27309254
73200,0.18415813
26429,0.6988778
112393,0.079578
106635,0.43029192
100468,0.4029436
31086,0.87016153
91237,0.0007057381
53499,0.8833915
43307,0.3630356
115974,0.5090802
97212,0.3558943
89468,0.0006830381
85990,0.0006118527
25873,0.39199635
33028,0.047348358
52142,0.20777532
10523,0.07238135
66842,0.16158724
96734,0.847665
33390,0.558725
124728,0.67769605
9802,0.50768423
6534,0.11121
24044,0.046895817
46633,0.8935713
54605,0.43145442
9916,0.47736564
5325,0.357904
15833,0.0870539
88847,0.00072314334
24380,0.86243355
32663,0.99324435
50332,0.1751554
30029,0.8519229
51776,0.6166121
84310,0.000628048
55694,0.18397273
42278,0.09576898
16290,0.51601326
49111,0.25501555
109129,0.16522546
121653,0.86171776
2461,0.2070765
6589,0.39850983
102824,0.6469218
15111,0.07348289
6858,0.36731988
12839,0.8526573
119439,0.16321912
87160,0.00079148135
120804,0.8293918
72188,0.16939548
9493,0.105124556
47864,0.50022274
10898,0.15616494
76280,0.00044058863
29060,0.4597626
48722,0.97771305
6545,0.14733692
97182,0.14475231
9282,0.07975746
91033,0.00065262243
2844,0.12201457
19772,0.38134578
59571,0.97445947
121036,0.10229667
52673,0.22001676
124296,0.9070219
46754,0.23179753
93080,0.9618259
48137,0.9015382
11658,0.47197554
122349,0.68400073
70881,0.19059709
28684,0.74124146
13293,0.07542532
41140,0.98302
64325,0.7536876
111962,0.38349396
15636,0.9634479
46210,0.98312783
109141,0.01576125
108409,0.7754067
2918,0.13224187
86007,0.000765036
564,0.15420981
23336,0.7130283
4860,0.38722685
88049,0.000793193
23290,0.7941043
62834,0.82226896
9994,0.5576035
19489,0.9139266
4696,0.78099763
63397,0.9441661
71646,0.3607329
46636,0.9392053
103405,0.25579914
99096,0.41840634
91332,0.0008000424
62463,0.8393672
49852,0.89740413
53766,0.4991646
63118,0.59496576
49178,0.8294771
38028,0.99114686
88777,0.0007530148
115408,0.5888399
93295,0.64651316
61706,0.49374104
65032,0.4732587
125042,0.34961104
65509,0.5997045
63714,0.9418228
98496,0.17722493
54236,0.20940982
87222,0.00079148135
79679,0.0006331152
70392,0.15126091
38940,0.9186213
39837,0.8919105
25030,0.1554542
72046,0.23839064
37412,0.95575
28951,0.66928405
115863,0.49453777
24149,0.8571467
45877,0.9738219
39396,0.9382648
120203,0.8026093
89538,0.00085987133
59640,0.9894581
26310,0.13057964
56840,0.08423517
12455,0.1014299
36807,0.50476664
70832,0.61312693
27430,0.6158874
45129,0.9199428
34977,0.94287604
82795,0.00061785686
38132,0.08822607
77579,0.00031846922
93065,0.93685144
118840,0.4266959
20736,0.2997048
44868,0.97382504
91588,0.00078127487
27193,0.76271194
98480,0.15329997
95310,0.15911599
17340,0.6146844
52656,0.56567633
84094,0.0006118527
108289,0.51107705
4534,0.9027864
34193,0.96175665
72959,0.743472
447,0.09790694
98924,0.103573024
382,0.082838
93421,0.3411558
50912,0.8558178
42385,0.08295732
61458,0.9366897
17113,0.78849554
47246,0.36402577
116446,0.54932916
96264,0.19304782
35495,0.964216
87699,0.0007087539
89405,0.0007963132
37636,0.96672887
27758,0.401387
18073,0.8907174
123349,0.107527286
3871,0.18905279
13075,0.9616105
32141,0.94847244
14753,0.99237716
112441,0.66063267
110518,0.06319709
55394,0.6977729
23565,0.9531691
7559,0.35360312
46847,0.15374057
91212,0.0006526131
119806,0.12113673
118417,0.76876813
38952,0.9347672
52267,0.8137315
53002,0.8499309
10770,0.115293175
118755,0.18614191
120312,0.08099153
563,0.5527698
60764,0.9469489
35246,0.9889375
59116,0.7759634
81409,0.00055937143
109851,0.03362266
90897,0.0006788597
12041,0.57712084
45365,0.8823979
66688,0.15778206
1394,0.54387194
83298,0.00061072415
123203,0.9509396
75301,0.00048382
69306,0.13532244
80075,0.0006321884
37506,0.88270867
6861,0.77497184
69298,0.47365382
12069,0.39422444
96922,0.78131413
19529,0.3323054
84303,0.0006167173
78990,0.0006833949
122415,0.1674532
1887,0.8310223
116600,0.6991622
113421,0.32161614
118514,0.13339071
119860,0.1631422
3923,0.12590884
100437,0.5032644
60874,0.9339798
96870,0.66215396
58382,0.90015525
94392,0.7428809
72716,0.8002148
73587,0.34132966
36654,0.9878869
113658,0.7525536
108846,0.2318716
100411,0.117941484
64312,0.5710683
112279,0.5907957
61994,0.8615449
76418,0.00022460475
6595,0.84016585
3521,0.10475515
115888,0.6240412
68233,0.19111663
32815,0.87710625
83560,0.0006167173
64251,0.9233169
35217,0.9473549
8788,0.12457815
76586,0.00035620132
62750,0.86532146
26012,0.18196471
20127,0.04346883
85805,0.0007245892
92992,0.9474189
105995,0.5218342
38734,0.6409225
66630,0.099368475
88977,0.0007963132
42696,0.9927573
32619,0.98695034
79086,0.0008346018
12616,0.5941444
35105,0.9480593
90513,0.0006801141
18427,0.39871147
92702,0.59971267
4395,0.72360957
13236,0.24850337
18366,0.04110821
22787,0.83936316
49402,0.949733
85697,0.0006321884
103926,0.410719
36190,0.92024595
34140,0.64525664
22758,0.12948748
81776,0.0007011109
9205,0.83943206
37469,0.978448
92341,0.33812085
85149,0.0007290488
122202,0.448042
30615,0.9867513
94500,0.23450506
60831,0.90068537
96381,0.41008183
120970,0.8968811
41652,0.92321545
77064,0.0002842891
33064,0.93647254
58700,0.8275211
49754,0.83616084
119664,0.0657112
111780,0.30134046
1131,0.68479
91376,0.00072447944
120466,0.13234584
114300,0.31640497
82164,0.0007256831
22219,0.9401143
85451,0.0007161467
98250,0.060075678
62109,0.91312706
123355,0.665495
88284,0.00077365653
55173,0.17932123
25522,0.98559016
107909,0.4771677
100486,0.69649565
73562,0.21303986
122332,0.88384086
18795,0.5962196
4402,0.8994641
92091,0.27843013
60720,0.20435509
62316,0.94958806
95133,0.7570365
4646,0.7638325
28611,0.8606029
5313,0.93499637
53322,0.7264789
45762,0.3170132
19907,0.04809977
95431,0.13156578
33198,0.9129853
59824,0.84994614
53207,0.7564271
80765,0.0006358372
99296,0.11312097
49539,0.4048323
69054,0.23550037
119732,0.683493
64564,0.58754
99948,0.70244193
48706,0.9408101
80192,0.0006400052
100404,0.67719793
95618,0.3943642
109143,0.01872816
8591,0.62904584
56795,0.66338634
102754,0.052229114
118162,0.71541476
71607,0.8663891
16675,0.8264508
48556,0.9871076
99986,0.19331633
106628,0.4538131
98835,0.45138547
28921,0.88756007
23052,0.46347558
103508,0.34360698
61915,0.42535853
80194,0.0006400052
2265,0.32160392
44825,0.9049771
118733,0.6459217
28118,0.32775843
43961,0.93985224
15683,0.10745799
101304,0.117002726
62867,0.186098
114455,0.8518887
79908,0.00058051123
89087,0.0007057381
66027,0.18919939
114824,0.42336273
24690,0.9287554
51802,0.7864236
10708,0.1645405
91942,0.092584625
67229,0.6564723
82955,0.00061928213
77727,0.00050545414
91534,0.0007487115
55714,0.6715111
59925,0.15538044
99475,0.1019207
12303,0.5565134
16982,0.6766871
12331,0.45478383
91067,0.00063657877
103040,0.15042754
8416,0.13283019
71564,0.38747883
104644,0.54210824
88863,0.0006830381
117760,0.18121643
38603,0.40763095
124525,0.8748758
49867,0.23134248
50294,0.44064564
66318,0.57757086
86636,0.0007290488
6768,0.6882705
99970,0.53061324
62522,0.95704186
97067,0.32903257
23444,0.30495805
52755,0.7721346
56791,0.96255976
47571,0.059109896
83797,0.000616615
104785,0.1862201
8599,0.7600552
57506,0.5825506
19194,0.5101931
113307,0.095344014
95265,0.13884872
98787,0.18007435
83703,0.00076246867
22912,0.9418494
67894,0.42009136
58134,0.6098515
124013,0.54587406
95034,0.32426718
50812,0.67910945
18854,0.62483805
117108,0.70281845
87762,0.00079148135
5139,0.80879295
86845,0.0008937862
63508,0.9324418
100051,0.42774263
101637,0.68567824
82115,0.0005599444
82303,0.00078357285
113468,0.80650973
105377,0.90185577
65004,0.933875
11898,0.06112475
110130,0.15434673
22082,0.6192265
11736,0.17245786
97482,0.6667137
91169,0.0006830381
111848,0.1257573
8692,0.40330428
97990,0.18750867
99961,0.72956073
1089,0.5529233
61005,0.20308481
43923,0.9844982
105028,0.12737472
112798,0.6589663
101534,0.5600932
58854,0.5783728
9002,0.54524136
50428,0.14414665
71517,0.12843683
44810,0.90733916
115786,0.32503605
40800,0.89374715
83337,0.00073995395
81641,0.00069832354
65652,0.65532076
124067,0.7989121
80246,0.0006081095
90468,0.0007056402
49108,0.72818017
109502,0.043489296
62227,0.9385854
14857,0.07584579
107840,0.5222184
106758,0.5607955
66134,0.6306449
44272,0.8569323
38699,0.97743815
33145,0.1954885
113500,0.08749407
76996,0.0003264607
24456,0.05068219
38781,0.91446644
22875,0.9015403
58212,0.9175001
32812,0.880228
51644,0.46114564
3458,0.6325484
125028,0.16825868
60756,0.8019685
10235,0.31943122
48249,0.9919809
30004,0.053637896
100552,0.34827104
28410,0.23227608
70763,0.3466522
105373,0.83624864
118023,0.35328007
60851,0.9292488
104683,0.6100957
125132,0.8430567
117965,0.16955677
106470,0.7116176
47227,0.14263378
90875,0.00083159946
113864,0.73191744
43995,0.9499738
92605,0.054626126
106705,0.533068
1581,0.52446836
77191,0.00048375293
121658,0.90245354
91812,0.004683507
104701,0.60598785
23857,0.56868035
35777,0.9887705
34267,0.5868044
120753,0.7275595
40243,0.9175416
4049,0.14013408
97143,0.13721517
2080,0.43809417
107274,0.5764289
25500,0.98548627
87442,0.00079148135
1128,0.42451623
118392,0.617982
39796,0.9558004
22707,0.5467686
13494,0.3076209
47116,0.090088286
30948,0.9525326
64628,0.86958236
2440,0.37858227
41882,0.108021095
94433,0.34328213
79764,0.00060099043
82002,0.0008000424
34608,0.91149986
49482,0.120404094
3609,0.104927935
78070,0.0002842891
122229,0.746044
63691,0.91455394
116236,0.4259665
11822,0.0854016
86187,0.00069521856
115219,0.30633274
38173,0.6405687
123649,0.350207
68514,0.7695813
95225,0.36933553
61990,0.25942054
36280,0.25176185
50527,0.91971576
72780,0.17192796
36142,0.9520215
70566,0.63471556
95805,0.0600711
10683,0.18987128
70913,0.8351372
94252,0.9857635
89296,0.0006830381
103207,0.18379246
98450,0.122533545
54835,0.18933904
115336,0.8117532
54017,0.41233203
54227,0.22842762
107977,0.19611786
64889,0.5214652
74491,0.14016227
15866,0.43205076
82114,0.00065761764
50419,0.23602149
107207,0.9935368
48761,0.42475557
27948,0.89945143
92107,0.26554403
105955,0.82143503
70529,0.49915326
23942,0.13566957
46756,0.67487365
86664,0.00085605605
52416,0.6534857
64925,0.87235975
88152,0.0007718535
80049,0.0005443886
83210,0.0008000424
29139,0.90948373
35945,0.97225595
101160,0.62838197
36920,0.68018633
93782,0.7261929
79466,0.00075354706
86033,0.0006855158
14198,0.8433607
98876,0.26343748
96669,0.6932109
38420,0.12671667
67833,0.12511691
79910,0.00065522187
73301,0.1503569
43085,0.15496977
26485,0.20142823
58802,0.8323195
87782,0.000725928
78180,0.00031402273
87977,0.00076626654
2922,0.3320288
45725,0.10236974
14734,0.97895366
34534,0.9051318
115528,0.8086381
81088,0.0005453946
121985,0.8227541
16435,0.14762105
48775,0.6102902
58324,0.96793437
23789,0.5807835
30800,0.9838933
3285,0.7659994
108528,0.5202504
3720,0.32536688
55116,0.7478625
38860,0.9666197
92507,0.29073864
32343,0.94252306
59344,0.903656
79195,0.00063335657
113114,0.16519296
116749,0.76151466
98535,0.124719046
53469,0.85739404
56860,0.6214958
42067,0.98818123
99395,0.08371895
109073,0.02675202
63078,0.94479966
68054,0.35074672
7343,0.8670084
67527,0.75835973
21611,0.46092477
23139,0.16671136
81250,0.0008361437
2214,0.43398055
39517,0.56244
100354,0.27615407
41927,0.97210705
69785,0.9855731
103658,0.12950794
56020,0.8895291
15997,0.680663
21333,0.44139278
54617,0.76935524
28263,0.39045003
10829,0.3026848
29248,0.84911865
121832,0.65571237
49912,0.15014298
63130,0.9052245
90596,0.0006884683
15231,0.89545727
56740,0.6038066
3029,0.47722214
111669,0.14899166
106666,0.1683782
122628,0.4493736
108171,0.83767265
35791,0.60264975
45190,0.08332941
104451,0.12320247
92193,0.65137625
95121,0.7570365
88924,0.00068177836
1504,0.9169869
32281,0.09769232
9289,0.062613726
108399,0.5523612
22800,0.36600298
67972,0.12075541
53194,0.2087029
117334,0.28260514
7061,0.52881634
41859,0.09561736
24751,0.6033992
84796,0.00079148135
3953,0.12114655
49210,0.60042834
24291,0.94319475
42238,0.9691692
99682,0.624557
19104,0.620905
32929,0.54782736
31351,0.9278484
83565,0.0006167173
65495,0.8419126
36855,0.90735894
63640,0.94211245
40531,0.9919809
65422,0.072959304
85493,0.00070814526
76467,0.00031537347
26801,0.9275828
85039,0.0007051421
111752,0.5212744
95639,0.3813887
17746,0.6428037
50626,0.79055756
11350,0.12702905
87124,0.00083159946
77224,0.00048375293
22673,0.5591781
31157,0.1162357
80739,0.00068678247
27173,0.54884166
87961,0.0007946585
65317,0.9465715
84431,0.00081929326
124151,0.61298764
7149,0.5703447
5991,0.0970104
73055,0.9578193
26682,0.9114861
120923,0.50912875
6448,0.081592515
40925,0.9881688
72376,0.5479279
122535,0.8142547
59295,0.7601438
6283,0.35928926
21747,0.91402054
20658,0.9135101
46499,0.96560764
96595,0.6981427
69611,0.87689024
109620,0.016596843
30831,0.45449096
26051,0.58004427
89773,0.0006943035
11883,0.093457736
20336,0.90221477
78922,0.00070399354
97840,0.07824966
14732,0.98769
16144,0.5240477
33934,0.906513
5074,0.99609035
4832,0.7628608
1096,0.13689868
29029,0.4331971
36315,0.8600842
97558,0.18145037
34000,0.95919275
64773,0.2972607
91424,0.00072314334
33048,0.87685513
110625,0.056093704
20047,0.93198794
15609,0.88510954
17878,0.9397997
6331,0.3795466
502,0.44252497
84471,0.00081929326
938,0.9400773
113312,0.06968655
87331,0.00078983547
4574,0.49159658
80172,0.0005443886
92735,0.15421674
85673,0.0007687891
105853,0.22090288
97021,0.7444416
122178,0.73254406
112246,0.59834415
102203,0.28459403
68091,0.23511364
37477,0.95319545
63900,0.8129539
107170,0.99227154
18297,0.9945346
65572,0.8721519
5057,0.9948061
4182,0.4170551
72485,0.40295193
44582,0.9852034
606,0.935374
102237,0.38207722
89137,0.00073276967
98770,0.13946329
4857,0.7714826
45462,0.88886243
55590,0.62436694
18750,0.90976626
103407,0.23282236
24685,0.4441115
82000,0.0007937284
117613,0.7855924
9814,0.49515834
49431,0.54070234
25195,0.99541324
99919,0.11370844
53379,0.9184286
65840,0.86715305
13932,0.4082727
27854,0.13718043
114646,0.8140371
98143,0.3999327
89688,0.0007054926
69478,0.14612542
23447,0.37962663
16548,0.8379379
2070,0.43773267
101026,0.06603335
53119,0.8166119
3192,0.1450178
85487,0.0007161467
117739,0.7301114
98045,0.075116135
87173,0.0008000424
100535,0.32962647
9359,0.47808427
56520,0.7865585
22768,0.35123226
15767,0.085930705
42359,0.903323
16637,0.8839893
13849,0.41425797
21781,0.87421876
73652,0.6603771
64666,0.87442845
69196,0.5490875
103604,0.42581856
11903,0.15089895
63680,0.8389016
45383,0.34207314
33470,0.8239616
117745,0.81677026
60560,0.8938493
51461,0.8800272
68597,0.55430543
88680,0.0006884683
77124,0.0007357274
88589,0.0006943035
69756,0.9868526
45046,0.9158866
49596,0.7344001
34238,0.9342687
33453,0.41314742
72431,0.6023176
16076,0.44848967
116491,0.81607753
25582,0.090725735
39751,0.9435332
98544,0.32416335
88505,0.0007087539
60845,0.9309177
5540,0.6624226
47338,0.60655755
122792,0.9094095
30198,0.32825968
123467,0.84009635
22483,0.91490436
90389,0.0006830381
46505,0.9523116
114798,0.82591575
71206,0.19880772
100852,0.5433572
85707,0.00059430744
25829,0.04273385
69328,0.1762522
65882,0.70016956
23959,0.43107557
63029,0.92817765
32124,0.9715973
43031,0.94478065
45296,0.9187449
50104,0.16708387
85218,0.00063481845
19862,0.039997146
23079,0.120223306
21793,0.8497693
73311,0.13995703
22443,0.97794664
114183,0.51588094
5100,0.99024767
11932,0.08896307
78822,0.0006484576
20664,0.9373383
87026,0.0007546685
1498,0.91385144
98282,0.063462354
109456,0.062996835
21615,0.84846884
98316,0.63874245
46762,0.438811
4913,0.9731449
123565,0.7522831
48907,0.96551204
73498,0.29989415
17127,0.8836097
54537,0.12826686
103516,0.7091648
83220,0.00083159946
84598,0.00079661794
35203,0.9658472
97166,0.113987744
97833,0.08066539
25894,0.13871807
28441,0.32182625
653,0.9683644
65818,0.3468576
91788,0.012558603
110350,0.02324603
68144,0.18539123
62101,0.8953013
69701,0.8941309
32235,0.94351375
107238,0.9951698
17946,0.98072183
39383,0.9509743
101870,0.124216534
111795,0.088455796
7936,0.42103475
396,0.936607
15150,0.2720521
63746,0.92966837
96535,0.11805305
37799,0.92028815
43004,0.8948196
6370,0.68039405
107185,0.9378954
124135,0.7408974
123826,0.183672
120535,0.8118925
26727,0.2376805
35052,0.95799625
114488,0.37910774
91437,0.0006759675
74304,0.15572146
94748,0.4346423
18951,0.058395714
69301,0.18388398
38083,0.99396014
65430,0.1496177
72814,0.1517709
47976,0.9697459
32338,0.9207389
100303,0.21099624
83787,0.0006564047
114260,0.80313957
36049,0.91619956
37234,0.8867458
56175,0.91617745
42949,0.9859616
36447,0.9518281
9596,0.6387823
82816,0.00071397424
123942,0.95062244
62829,0.85127544
108434,0.3160197
37719,0.90770316
87234,0.0007087539
30025,0.056437057
104671,0.3361502
62014,0.50315267
63204,0.93084234
44929,0.98554534
10278,0.08976668
60081,0.88561356
34317,0.13608702
12459,0.1312619
89914,0.00078993035
90349,0.00065837736
13183,0.37368336
65065,0.75886655
76598,0.0005577373
120202,0.7920116
120879,0.4408739
55684,0.47568825
109548,0.023765145
24180,0.8546428
56974,0.92225325
80862,0.0006602297
97513,0.71786606
90493,0.0006830381
81280,0.0006564047
33084,0.5325365
59719,0.839702
106485,0.19974953
121895,0.4967564
95188,0.3270749
90767,0.0006943035
55524,0.62832016
16043,0.074489035
81293,0.000743648
11228,0.121577874
10467,0.058244225
85516,0.00059430744
8671,0.3677183
26941,0.42838064
73059,0.96981364
25676,0.42588848
43106,0.28785512
2366,0.7738633
117024,0.1474978
113534,0.38538787
34018,0.5429423
109742,0.06589069
106243,0.9645466
82734,0.00061072415
75738,0.0004858331
71707,0.1735706
91596,0.0007161467
44813,0.6073638
8357,0.096128546
94786,0.21278393
60944,0.47663152
77315,0.00042132943
47431,0.14183179
69788,0.98697543
61412,0.7003094
86875,0.0007629865
78996,0.0007598979
116784,0.72975576
121144,0.41390288
52481,0.8912033
103246,0.73207164
48063,0.1332645
38563,0.91362226
18909,0.051134847
78636,0.00072622515
7687,0.49332067
41060,0.96437454
88531,0.00076167524
118864,0.6467324
80415,0.00066282816
97549,0.68825054
101127,0.46201354
114163,0.51085
3064,0.7017701
63860,0.7673379
28993,0.92198217
124982,0.65491045
64935,0.14213356
72909,0.18851142
81574,0.0005777527
77612,0.00031846922
11906,0.12250558
102543,0.76970416
92667,0.37880638
56444,0.8286013
26109,0.656419
121782,0.7565739
69158,0.5106651
44535,0.96539557
83954,0.00059321127
75282,0.00031537347
61510,0.9607782
77706,0.00048382
111750,0.582634
121106,0.18939942
31935,0.95161664
46818,0.35775793
92034,0.029127656
54906,0.8109312
1908,0.94043595
12930,0.15380986
6652,0.16689296
116890,0.12897827
54164,0.28091985
43130,0.90213597
9428,0.67020774
14313,0.06518096
68521,0.13322626
25913,0.19882855
53416,0.8533246
120029,0.6692412
2469,0.19179039
62484,0.70019084
75907,0.00031402273
12856,0.4962609
23403,0.8138398
81207,0.0006219447
83732,0.0007290488
2403,0.1088304
83208,0.00083159946
45026,0.8249115
63121,0.8168169
112715,0.49487638
23580,0.9831709
90605,0.0007011162
9442,0.16600277
123532,0.6439769
22410,0.91732645
25106,0.90990895
102101,0.27833894
97765,0.13098468
81118,0.0005324894
32566,0.7385955
35851,0.5556023
72819,0.17686844
34997,0.4895352
10843,0.1272824
86754,0.0008506706
1549,0.7531259
110551,0.13092707
33759,0.10829092
97127,0.6439911
91915,0.012840468
29894,0.045861863
26675,0.9109029
38931,0.8628748
100179,0.34648263
96865,0.6936692
51250,0.3029041
99856,0.45341346
43348,0.9092511
29625,0.5889011
106411,0.71380645
45177,0.084471084
4219,0.77135473
4864,0.5672388
37468,0.96616
107475,0.18270616
113741,0.6426116
34353,0.1257119
86532,0.0006041103
99226,0.14394996
16236,0.63224065
120399,0.11484611
37738,0.94708997
66891,0.11291499
10453,0.056256898
5471,0.7090884
15792,0.10875638
60701,0.92912966
82350,0.00068678247
52064,0.9160153
103169,0.17285946
109993,0.0825769
39178,0.9946195
74158,0.14253202
103597,0.6787875
5709,0.33602136
79748,0.0007294411
91931,0.04363136
122752,0.72984165
37257,0.9894415
101029,0.12502427
97028,0.83115077
31301,0.10120496
43556,0.815266
28211,0.13846757
15824,0.09020781
97711,0.13647483
30205,0.10808259
72347,0.118408464
91411,0.0007057381
123847,0.59159267
2526,0.13125533
72746,0.22751719
25072,0.9647594
46835,0.80481744
22517,0.04991933
24994,0.5906447
112865,0.12512061
23513,0.9189997
122190,0.91222227
14225,0.09675704
77984,0.00022460475
30970,0.97881144
113105,0.7346649
77940,0.00043795496
63831,0.2114597
104431,0.37136412
122971,0.15240544
97834,0.0669069
82497,0.00073023327
85793,0.0006855158
117617,0.8511802
16651,0.6303442
80239,0.00070399354
24253,0.5560194
3908,0.84097
10154,0.051813524
104320,0.6625992
98108,0.07183206
52663,0.21593264
83164,0.0007290488
52714,0.27995127
8853,0.60474145
20042,0.6006058
14639,0.8117115
12084,0.7460922
45866,0.9624035
20654,0.91190046
66990,0.44795302
118239,0.84556663
551,0.8678679
38290,0.49173433
70447,0.19387934
119606,0.57075316
85448,0.0007963132
5817,0.50299084
55900,0.358546
124786,0.864627
13549,0.059881248
36601,0.9658472
100034,0.07612912
54304,0.76355755
20484,0.17416891
22258,0.87118906
83302,0.0006118527
111099,0.13364816
60880,0.74321747
105309,0.6659353
75160,0.00048879994
115311,0.35337183
17873,0.9404286
113524,0.104896046
27120,0.5279585
49658,0.7258741
91764,0.08140011
123884,0.85137343
70247,0.2670975
36057,0.47850958
32388,0.9764836
6338,0.61958194
82334,0.00071265746
31411,0.5053895
49791,0.90277016
76141,0.00040004816
117900,0.69869584
36761,0.93851936
95757,0.34217605
15620,0.94616926
56015,0.6134159
19554,0.8628293
16594,0.22211602
63817,0.28113624
2925,0.15716857
55493,0.7402465
107279,0.46811053
108203,0.74020785
9614,0.6387823
93476,0.119837135
40026,0.121797
15320,0.14488937
47678,0.95296824
110738,0.021775603
122825,0.81690145
89376,0.0006788597
56952,0.9866873
37029,0.9626609
10104,0.8700713
25041,0.7834869
107234,0.9958903
51824,0.86228555
93471,0.38025156
19672,0.95435405
108711,0.017060231
111274,0.64028937
20223,0.51050335
17351,0.50335634
88200,0.0008276827
95166,0.1044022
58498,0.8605686
49616,0.9015471
47281,0.23317249
35120,0.9744703
51687,0.7851286
36677,0.9106559
31606,0.58404315
101106,0.7810221
19304,0.114661776
5064,0.99553347
43134,0.91079414
47737,0.5594227
48513,0.9263437
12121,0.05382516
93678,0.35063404
54025,0.43246382
83069,0.0006564047
17479,0.974524
49669,0.23099767
88304,0.00076439616
69276,0.6758296
66075,0.3169179
36032,0.9081615
103668,0.45583454
99286,0.10614133
95475,0.68576336
91422,0.00070867385
39309,0.38670403
10561,0.07364495
27963,0.83509386
110233,0.17065036
23373,0.8388021
90288,0.00071180094
26240,0.7266063
53287,0.52067274
76699,0.00033288373
120596,0.48763254
91409,0.0007335781
42921,0.97688967
89168,0.0006830381
120354,0.73638994
20353,0.9234295
99268,0.1732441
123315,0.8854474
61669,0.13379669
59570,0.98523337
88663,0.00067091297
59595,0.97939885
92850,0.41890484
65871,0.9165986
119685,0.876249
52022,0.13785747
73366,0.12308463
116483,0.7623773
100892,0.92968994
34567,0.9169032
31333,0.119943686
66167,0.5421798
75479,0.00046739087
61813,0.9498424
119253,0.2722233
54626,0.6587241
29522,0.1817887
124896,0.47277075
76059,0.00030435057
40987,0.9866498
97755,0.11520514
937,0.98956406
62493,0.96263057
49744,0.18418118
82792,0.00061785686
34472,0.7824456
53543,0.44182444
47494,0.9243511
70689,0.6236746
55107,0.7897072
6958,0.72483075
48338,0.653201
76078,0.0002842891
10505,0.60806787
24550,0.036435477
57169,0.37636977
30530,0.986639
98942,0.14720339
33066,0.94335014
93206,0.37045437
105371,0.8668627
25182,0.98943275
56484,0.21711482
72587,0.16786332
97144,0.8435284
107410,0.22859524
61073,0.9171186
76246,0.0007025322
3847,0.24602903
21656,0.8782628
120772,0.074222215
18322,0.05962199
47705,0.45409265
8267,0.3335379
19736,0.5494156
22496,0.90943307
60224,0.14292969
96306,0.1929581
14707,0.9649009
77780,0.00050545414
44104,0.90241027
106536,0.64546144
40381,0.9303438
60213,0.17963393
20350,0.6677228
24136,0.038660284
39794,0.9280135
78037,0.00043795496
104304,0.15096912
87205,0.0007945025
46080,0.49284753
104167,0.1672223
77377,0.00031402273
34121,0.89002
112689,0.6744698
121128,0.6903036
71293,0.32246318
69064,0.76325405
108391,0.16136138
29799,0.4641707
14451,0.89240617
39058,0.9853571
31396,0.9713467
68353,0.3886864
70343,0.15442461
45980,0.5214414
77217,0.0004653896
93968,0.4419168
74520,0.15137799
11459,0.11078845
33976,0.9750806
98311,0.34275982
76012,0.00046062344
107500,0.53063315
66716,0.25767195
99849,0.1114523
120380,0.4819859
53712,0.11074801
81041,0.00065761764
103561,0.27470374
13965,0.07989341
29326,0.8063128
2849,0.60499835
107889,0.23258951
100790,0.13680446
12014,0.051720228
62198,0.93481946
114759,0.4012296
20755,0.92280525
106845,0.9789594
112726,0.50105155
98184,0.9641287
111885,0.07695933
72862,0.14921959
20246,0.42505512
77356,0.00048620004
72512,0.80285376
55199,0.5571137
107252,0.9955758
29750,0.53072137
9259,0.19165668
49279,0.57531583
79310,0.0006312236
24709,0.9670621
2600,0.5662617
19581,0.88050044
103203,0.69598
18883,0.3826539
71598,0.69722354
24691,0.9422822
35315,0.5307584
56370,0.92783314
54128,0.38496074
64103,0.17466804
102414,0.07137443
59834,0.86938536
104393,0.69758546
56124,0.97845036
13514,0.8653267
68451,0.24199434
97615,0.23092514
111863,0.35889134
73624,0.49650607
17107,0.5181907
68863,0.05692815
25993,0.102019556
102962,0.050165776
30769,0.972669
74828,0.50347626
52633,0.25992596
21070,0.18676618
9839,0.07590466
11361,0.14770378
48271,0.08724384
70583,0.25645763
100783,0.45478383
27647,0.4109779
96213,0.65471876
17571,0.48883864
98185,0.9747108
83336,0.0006823
81009,0.0007195035
111219,0.57311517
719,0.8918772
32519,0.07895227
110736,0.0140785575
39608,0.9724168
65257,0.072345935
64403,0.93894374
119904,0.3834828
108478,0.09358564
99554,0.6800914
112310,0.13885972
48081,0.18553378
51404,0.26128677
56729,0.8611939
12066,0.4653557
4840,0.7310016
81783,0.000725928
124820,0.8165249
111221,0.57311517
118794,0.6860487
67344,0.22984357
91297,0.00080492656
123889,0.86161697
110910,0.37124595
114114,0.67761767
53086,0.9377191
51220,0.120151766
71741,0.8345044
53656,0.7008048
21787,0.8336874
89766,0.0006943035
111032,0.032197468
52928,0.22100419
57815,0.92909837
114044,0.2736814
7455,0.5769922
13874,0.064438716
70454,0.52205133
107549,0.9611806
38159,0.9173482
26318,0.37645096
116157,0.39278814
66884,0.12064272
94409,0.29923168
66892,0.2676893
28930,0.71319485
1964,0.18602064
13150,0.41316888
85736,0.0007771049
55214,0.638135
93429,0.38245943
77588,0.00031846922
89783,0.0006943035
71842,0.18951362
58555,0.938415
32357,0.97537565
17153,0.22160493
35185,0.3448053
56070,0.9122348
90134,0.00072314334
87924,0.0007737849
93222,0.7370128
23530,0.9693303
50056,0.8602647
116685,0.6871113
1281,0.886271
123057,0.8152438
113119,0.45704255
25946,0.09660452
15466,0.98259926
71925,0.10064026
99880,0.12714957
24111,0.038660284
58792,0.8323195
67005,0.18729904
7180,0.37046114
64319,0.7585087
105996,0.22752531
78003,0.00031537347
123151,0.5216706
25918,0.7037799
98212,0.49167082
7073,0.3179697
119430,0.26551414
91018,0.0006788597
72850,0.13991152
4882,0.796347
12593,0.40216506
94146,0.4552259
76572,0.00044133852
31361,0.45681775
46501,0.9721291
98101,0.06867406
53206,0.47688937
63562,0.9295287
17835,0.6492733
14949,0.8725692
65790,0.83214426
23626,0.95084375
56463,0.84865
69084,0.3221686
65556,0.57347906
52161,0.18994077
94568,0.2500458
31912,0.10460541
72129,0.150263
26087,0.36650455
20884,0.42428783
61964,0.87960565
19996,0.52760005
90869,0.00068177836
113908,0.10449365
40276,0.48293844
57553,0.8627128
61411,0.79500437
19205,0.837564
108836,0.0559154
24118,0.039768938
65219,0.11768953
81692,0.0006092332
32467,0.9571605
42991,0.9786925
88786,0.00080775796
106906,0.9950363
24958,0.20914648
112462,0.15774366
77264,0.00048375293
32922,0.57773906
103379,0.16215336
108897,0.078336366
25496,0.9834645
16847,0.86026275
31098,0.0865121
83922,0.0005948183
90120,0.0006830381
110287,0.2380574
35197,0.9397261
2205,0.6733941
95735,0.37435886
2373,0.82337826
95577,0.33286467
114280,0.7114544
29487,0.72440684
108935,0.05195981
70710,0.17614284
56845,0.49109432
53879,0.35272837
87280,0.0007676822
6531,0.11090025
109230,0.10767214
26477,0.57248574
100964,0.7251994
51690,0.19371495
101351,0.17134903
29253,0.8777823
91219,0.0006437838
105867,0.14818901
97086,0.11459867
96939,0.90557593
91037,0.00071180094
87220,0.0007290488
18478,0.17715536
101573,0.5598553
29991,0.05130734
105657,0.43751273
54733,0.7089966
64567,0.13834971
80700,0.00073995395
100320,0.39946645
7772,0.18392794
24985,0.5910594
121931,0.21981078
29019,0.13296199
69316,0.62776744
24901,0.038660284
30186,0.36531708
80329,0.0006497499
111408,0.090246245
69544,0.19491328
73857,0.59320474
112957,0.052698664
10526,0.09209895
71605,0.23839064
53537,0.44182444
9728,0.10366676
86073,0.00082804007
1564,0.5917002
101684,0.113229424
87864,0.00079661794
62438,0.95100266
70289,0.25363964
86844,0.0008235717
76194,0.00031537347
92911,0.97161496
2158,0.113986924
57967,0.8377558
108734,0.022491843
12130,0.6047518
83970,0.0007256831
58655,0.98889285
102696,0.0689576
77981,0.00033288373
61955,0.8804147
5190,0.94841915
91562,0.0008674927
49891,0.67465603
78254,0.00033288373
34829,0.49422222
89290,0.00070867385
44889,0.9913874
122131,0.8220676
19227,0.88778496
47521,0.89858073
73145,0.6824886
20647,0.91225976
58250,0.99365
88431,0.0008608199
111369,0.0770437
42574,0.9468
30313,0.7937373
18539,0.14674914
110372,0.10150851
84011,0.000733533
1227,0.9014996
101216,0.07420699
66236,0.15643682
121723,0.79790246
116556,0.69227856
31190,0.9225395
95563,0.10817881
84247,0.000629512
22682,0.48561293
10482,0.24191523
31193,0.94857067
81212,0.0006219447
60343,0.20555162
24596,0.035603587
24950,0.5097551
65452,0.47433367
110645,0.11079477
38716,0.8173207
2392,0.17739886
43002,0.67181176
99109,0.46378294
52010,0.76072323
84420,0.0007368149
54686,0.9511655
103996,0.19328322
47223,0.56115866
87814,0.0007463127
81601,0.00083159946
102528,0.59894586
38770,0.93037647
78956,0.00070399354
36306,0.9286999
119622,0.81333405
21800,0.19436096
67995,0.62078744
103971,0.26540625
72254,0.18346022
86814,0.0008000424
29185,0.15396924
105406,0.8181186
104696,0.6508034
102273,0.07014499
67457,0.570738
38638,0.94775605
122215,0.13052236
41519,0.9299307
67773,0.6155999
104083,0.1589835
114487,0.40844372
30301,0.53250647
113836,0.17658305
39176,0.9946878
59618,0.9893534
109581,0.029468743
33841,0.35410088
41317,0.93797857
26715,0.6542817
54401,0.8930534
49856,0.51494396
43522,0.98728484
122117,0.7521887
9880,0.14824738
114166,0.064715095
87028,0.00081929326
38640,0.9756309
49705,0.92260027
68106,0.62487024
45482,0.3867849
32273,0.688658
91028,0.00076246867
109427,0.011445693
13885,0.06503666
35739,0.9778587
51978,0.20171064
120900,0.586228
117735,0.39971426
23114,0.920485
18149,0.9895141
7753,0.1916628
43274,0.8857013
100153,0.42913696
106193,0.83670187
14661,0.9483011
39318,0.5743141
89404,0.00062402943
40981,0.9813912
24010,0.15612233
98702,0.37565315
106008,0.33490843
79984,0.00073023327
67806,0.3843279
69219,0.10562377
61789,0.25071248
91826,0.005965147
88018,0.0007676822
19615,0.9186807
107158,0.99036425
38654,0.98379415
15859,0.43205076
35861,0.9389156
19282,0.8379379
7155,0.63664854
98040,0.08157718
112937,0.12959889
103350,0.28328258
25908,0.51314974
21236,0.05219439
68115,0.6447328
18647,0.61688936
49405,0.9481194
41830,0.107293844
100728,0.098094486
30156,0.047866702
64389,0.89787084
80476,0.0006321884
82443,0.0006041103
3070,0.6924084
17312,0.199043
53626,0.27841607
105716,0.2634786
83019,0.0008000424
51770,0.78113115
70175,0.45167232
40547,0.9792346
56148,0.7482584
46046,0.09036576
9283,0.3464167
85970,0.00063481845
60811,0.9420092
11595,0.24503475
98987,0.16590649
78590,0.00070702017
109808,0.028142469
95770,0.70622593
80294,0.0007413211
99140,0.71293545
9057,0.24345572
85344,0.0008937862
3934,0.11020655
72812,0.2706023
71812,0.16330776
93466,0.39303342
100521,0.36984408
103890,0.45375517
102173,0.77779615
13229,0.1396149
112312,0.29390156
80388,0.0006512456
95726,0.38680303
356,0.64259714
7826,0.107508026
104580,0.6706751
123829,0.16567844
116646,0.7813049
112947,0.2694411
39423,0.97998434
34007,0.3708147
7880,0.13723312
60054,0.83163536
91064,0.00063806266
115607,0.6545972
75013,0.00048879994
1719,0.4445315
65850,0.9222086
56152,0.8738194
48020,0.5459933
35816,0.95650226
10348,0.4475724
45836,0.780905
119341,0.83090055
37418,0.9551158
104820,0.53371656
51207,0.7965075
69585,0.63298017
29453,0.52361196
87391,0.00071180094
30054,0.11978525
105568,0.2847768
50329,0.13193378
75110,0.00031537347
108281,0.23266046
53940,0.4599922
23434,0.5798408
82557,0.0008000424
6021,0.06547408
66383,0.35332054
6767,0.46222332
27744,0.14967598
49837,0.6604031
61583,0.8014926
46772,0.07106676
38276,0.92983985
4674,0.77470803
67837,0.52941227
120511,0.79361665
69823,0.49262097
68422,0.2634926
11317,0.6355541
22992,0.37199357
15046,0.65090346
21039,0.7519523
26403,0.477486
9421,0.45586172
39428,0.6155258
39217,0.90831196
45145,0.107435435
79983,0.00067568896
64703,0.8493918
27983,0.88244575
62616,0.9102153
119549,0.83452475
86659,0.0006978628
101138,0.36347798
41665,0.08137824
15211,0.13255735
83761,0.000725928
58391,0.73467386
43512,0.9841246
6033,0.07309749
72364,0.16899094
111728,0.6490926
46863,0.67400134
32770,0.9208629
24741,0.9347066
110333,0.048346378
58081,0.8510187
79453,0.00061072415
81524,0.00078809354
111516,0.35465866
98848,0.11349505
49342,0.9381006
7721,0.13645813
36846,0.5760208
101036,0.43264055
60806,0.9344911
54216,0.46548057
110942,0.06944537
22536,0.03492357
4967,0.98579836
103403,0.1962484
82870,0.00061072415
114330,0.4789187
74758,0.30497053
14965,0.08907633
37407,0.91547775
36721,0.9324192
101502,0.6139811
47779,0.8777991
16128,0.41897848
6068,0.3633159
67649,0.11558897
101579,0.34111142
98977,0.58003384
32127,0.97800386
73182,0.65642875
119320,0.8693554
77910,0.00031729968
77507,0.00048375293
68381,0.51029813
76207,0.00049575494
109044,0.03910523
114295,0.4225873
65192,0.74714375
80508,0.00061837124
113884,0.16180225
24479,0.036435477
124938,0.85966504
65126,0.851464
115000,0.71448684
17141,0.16858137
99167,0.53823596
43316,0.84506273
110343,0.21546526
1469,0.47732767
924,0.98402077
63349,0.8364022
2117,0.29756886
7356,0.6694127
92290,0.8525476
103247,0.22060548
63934,0.554463
98241,0.047764383
66915,0.16430967
86568,0.0007676822
72694,0.39774427
106805,0.8402437
36578,0.97492594
22940,0.9843464
121349,0.7819557
17958,0.9739948
84323,0.00080110977
104846,0.27564237
82867,0.0008000424
114792,0.888604
121095,0.6139843
73297,0.42535216
77913,0.00022460475
108433,0.18438719
36124,0.55114335
77732,0.0003264607
60001,0.46550208
12959,0.6398137
31952,0.93231314
68557,0.6676286
68938,0.074374534
109956,0.2936476
87750,0.00079148135
9141,0.75288594
81622,0.0006649132
93454,0.1483122
10007,0.059572447
16864,0.8412731
106665,0.1412136
84833,0.0008000424
90427,0.00071180094
107023,0.871877
56289,0.8477423
91281,0.00080492656
43617,0.91433674
94002,0.5930411
25485,0.9694272
114820,0.34869522
23414,0.1126396
74130,0.0738417
6735,0.080140576
6049,0.40349013
51489,0.75781
123272,0.96734905
16472,0.850433
77976,0.0002839245
2546,0.075588055
109556,0.02867379
122976,0.40263852
38102,0.9946332
93922,0.16370219
95760,0.25454897
84926,0.00065262243
71677,0.27638745
35876,0.71695673
77667,0.00031846922
63312,0.891099
110995,0.0573721
80696,0.00066846405
39241,0.96229196
117901,0.6991031
2948,0.43089336
81156,0.0006358372
114258,0.71584255
104860,0.37659404
84352,0.000603238
61221,0.4541312
44599,0.9699392
113369,0.06975772
47413,0.18816584
10873,0.17434204
108910,0.03898452
26455,0.8562163
120266,0.8152474
4555,0.13038151
23036,0.62043005
65215,0.89223635
18220,0.9915758
68594,0.14511995
103934,0.35989273
23787,0.17831656
245,0.08616569
4428,0.33862427
22430,0.94289905
116597,0.80887735
125160,0.8185087
86829,0.00079353596
54750,0.26467615
119502,0.32309982
30175,0.31342882
44626,0.9910501
94739,0.09061062
86450,0.0006118527
47904,0.88082135
84234,0.000629512
12108,0.055538006
102143,0.30990702
70451,0.20884563
31284,0.10736043
122993,0.18704645
53059,0.8320928
105572,0.16013202
88955,0.00077058095
67988,0.12650566
64744,0.7284426
120710,0.3402532
39827,0.11470024
115540,0.07289789
23508,0.4555753
78572,0.00070702017
59387,0.63386256
120111,0.1086482
16757,0.8879368
71027,0.5931669
82606,0.00061072415
9024,0.15834527
5256,0.82840616
74990,0.00033288373
86661,0.0008250931
116849,0.61427313
105113,0.5119196
55265,0.83766556
46615,0.8985222
13125,0.8224957
78225,0.00048375293
99093,0.6793843
5644,0.1784216
112436,0.4594389
93389,0.7449925
12704,0.7468129
100001,0.6293131
59037,0.81776845
103547,0.44860354
28090,0.3637007
33631,0.10736869
16854,0.21434702
40143,0.697349
104149,0.17885484
92331,0.6898694
67848,0.5450325
24189,0.73524976
53563,0.5851433
118474,0.12813844
117036,0.4974352
85812,0.00073995395
94844,0.16019592
74923,0.9800827
113973,0.6446505
11650,0.11266408
31207,0.9878962
18021,0.35750303
113670,0.7059058
43628,0.9405721
1052,0.98727417
116802,0.8428511
283,0.87452507
117391,0.25477323
23072,0.33584827
25651,0.04662778
41370,0.032755233
50102,0.758215
18453,0.14818127
62486,0.93521005
33439,0.1320307
1734,0.12125285
77214,0.0004653896
7176,0.07144798
36741,0.91817623
19808,0.12819786
69513,0.2957748
44663,0.9018989
39920,0.6089837
54075,0.27360326
10755,0.14694129
96414,0.19075507
27354,0.29321802
28115,0.9206181
87940,0.0007752144
12830,0.4660805
75953,0.00045083935
47761,0.7229396
85501,0.0007161467
79631,0.00063971954
80381,0.00070702017
113996,0.04589171
64189,0.16012529
8359,0.29807958
28068,0.63593507
75381,0.0003396897
85144,0.00068064773
60872,0.60979366
119915,0.55878925
60326,0.6146134
89704,0.00083159946
68604,0.13270587
98286,0.4420519
6085,0.71110445
37867,0.904154
85033,0.00066995807
106837,0.9689584
66599,0.06533301
16283,0.70312667
17431,0.4267614
37615,0.878105
96824,0.13965578
41492,0.98297435
17067,0.19266634
103338,0.19926868
122877,0.7429256
119647,0.12998372
74962,0.00048879994
88118,0.000702563
33884,0.08743745
113951,0.4109716
18278,0.99300164
103674,0.39359593
31983,0.08871727
84013,0.0005599444
44128,0.9242983
55225,0.5426616
35100,0.897079
83366,0.00073995395
117395,0.15993229
20468,0.5734597
52862,0.76310605
28842,0.62082523
65706,0.11944297
8469,0.3425552
85156,0.0007829906
58461,0.93583494
33676,0.439423
55381,0.83963746
9157,0.71470606
29031,0.46246913
90469,0.00069294276
118384,0.8724437
3210,0.5940209
36231,0.45894772
104694,0.18873186
9536,0.6754755
100484,0.5122129
110731,0.18360786
94352,0.29939827
73238,0.2576635
119786,0.1323493
57957,0.8033049
69179,0.17943586
95254,0.16939534
117308,0.80141044
82126,0.0005856769
47214,0.13284679
75982,0.0002839245
102552,0.8036898
103662,0.3877447
75855,0.000309773
1426,0.12692621
87211,0.00079148135
120279,0.8613312
38237,0.944291
120822,0.20496191
92539,0.6646827
10977,0.16800171
22326,0.8837534
40719,0.9579094
91666,0.00065381895
8683,0.11680994
27631,0.2672872
62719,0.83753973
16666,0.11120847
90104,0.0006388467
41149,0.9573167
7458,0.5701137
89934,0.0006788597
61442,0.53308207
45884,0.9759241
45141,0.4487023
7104,0.3657158
99271,0.46501076
93887,0.26916018
1516,0.9398396
86427,0.0006092332
49870,0.78013265
102164,0.7720532
25950,0.13498276
113257,0.06924081
74933,0.9226361
62959,0.94140375
68901,0.33295506
112531,0.7534848
45655,0.45888636
29908,0.036762204
70708,0.22463374
21369,0.94253474
31488,0.9690523
52340,0.7738261
81592,0.0006661418
124387,0.47341362
49530,0.23207693
70461,0.21031092
20989,0.8010146
14898,0.0871411
78394,0.0005856769
43576,0.68873274
83323,0.00073023327
86996,0.0007564102
82527,0.00061072415
115139,0.7373181
26623,0.4648058
2788,0.14043982
29471,0.5811373
72723,0.83643997
73714,0.12198883
18462,0.82614744
87040,0.0008000424
58653,0.9901203
110230,0.04683476
117763,0.7674204
114437,0.8611686
59186,0.90194607
10102,0.6454853
69770,0.9887184
6046,0.44676882
38209,0.55008805
25870,0.34823132
23168,0.5690996
58367,0.82841146
66810,0.58632743
86819,0.0008000424
118374,0.74228996
104875,0.16560243
61654,0.52032304
44694,0.11004863
78161,0.00031402273
33655,0.1172507
58715,0.83458114
88135,0.00076626654
6388,0.6242401
102731,0.06706795
97487,0.6667137
81292,0.00073023327
48438,0.98305273
15270,0.07998921
92289,0.18258785
93499,0.5247973
80973,0.00073158246
52377,0.901531
41426,0.5408798
1505,0.8585467
18228,0.9945643
66206,0.17560476
36283,0.44481346
112932,0.2854277
16040,0.80434
89537,0.0008937862
54943,0.89720744
108780,0.073194556
80731,0.0006358372
27887,0.19250554
48543,0.98618513
84061,0.00082815485
14571,0.99272245
119538,0.8247894
36690,0.9681054
85595,0.0006884217
42875,0.8966078
111386,0.08783422
51447,0.7243779
109144,0.02837438
9151,0.47029117
44410,0.9905515
38476,0.37024498
74603,0.9875323
116453,0.33750823
25448,0.9048755
70268,0.17385551
101128,0.9041211
82434,0.0005609791
17997,0.47124702
36376,0.9834067
107088,0.97699374
31905,0.6570728
118412,0.79681534
5656,0.38202956
52201,0.7490787
55351,0.8420705
66291,0.40238056
30515,0.9902126
44022,0.92511654
122546,0.6983336
59484,0.9505121
122432,0.704904
41197,0.98820156
69683,0.96975625
111294,0.08995858
40759,0.64351606
76609,0.00034602065
114379,0.11001713
67239,0.58482975
1382,0.8498334
38853,0.928868
1744,0.70283717
7894,0.62440187
54368,0.5416464
35127,0.98689806
34031,0.07421972
107892,0.52702963
3329,0.18755925
97548,0.19315521
120891,0.85713196
76541,0.00047962103
50027,0.3534013
12543,0.18325269
102251,0.07503793
91356,0.0007341236
87512,0.00085605605
21588,0.986679
18103,0.95059764
87525,0.00068064773
112478,0.58181584
15987,0.30502498
81303,0.00071133673
6188,0.32550922
2391,0.23321103
57077,0.9693536
70963,0.07920916
100680,0.5841646
106535,0.46814862
101385,0.12619475
93517,0.2746011
38633,0.93286806
89547,0.00078212784
118152,0.38380164
23999,0.1292579
76384,0.00035620132
10537,0.1003406
42745,0.54276603
48366,0.93983406
99245,0.12540293
70890,0.60955185
18975,0.04558137
30380,0.98720026
38344,0.613436
108220,0.8837139
74984,0.00048879994
15233,0.90379804
61024,0.27063233
39350,0.9563136
55170,0.19784765
44812,0.9200351
11252,0.5567132
506,0.7106676
65748,0.34633163
5807,0.51230586
49288,0.88559496
7127,0.10948854
28579,0.83954185
111549,0.08006111
70280,0.17246322
100850,0.35623768
31785,0.9812449
66568,0.0696165
32184,0.9874121
107447,0.22903374
18138,0.9870123
23943,0.8199482
91415,0.00068177836
78224,0.00031402273
37002,0.5629852
116740,0.09679157
18763,0.96615225
123788,0.13523507
83172,0.00063481845
42285,0.095946684
45662,0.64416766
47544,0.9613735
37357,0.091338225
62715,0.8326593
31827,0.939427
75228,0.0002854039
74396,0.18982416
18393,0.04346883
32375,0.96264565
6080,0.30573454
82360,0.0006092332
100380,0.31113338
25789,0.061705027
120853,0.10978304
6875,0.8107752
8363,0.71563697
96209,0.12239265
53008,0.80521953
78497,0.00062496384
88726,0.0006888017
120867,0.7276907
3870,0.7042054
95842,0.64836484
46585,0.9670621
11041,0.09881793
97426,0.86279684
53018,0.8115837
47680,0.4138543
2854,0.21078952
32931,0.07391535
9954,0.059427265
81433,0.00078809354
74749,0.34222588
41689,0.923739
71634,0.19692044
78346,0.00061928213
53292,0.77918714
72026,0.45445153
40746,0.3763142
50107,0.16708387
80430,0.00069650303
104063,0.39902368
64582,0.13218065
53475,0.87095
18579,0.055665817
40033,0.61255044
79898,0.0005794405
32530,0.3984486
120968,0.92904013
69603,0.75325674
53508,0.8942163
64492,0.99147195
48475,0.87183076
78781,0.0006727964
61358,0.94245964
62703,0.36924967
124886,0.98320746
100629,0.16080293
122796,0.1954772
5726,0.5194855
11467,0.09321024
32358,0.9812449
114825,0.49485558
14995,0.27920797
33025,0.07561086
4567,0.77906173
42196,0.9390353
5234,0.519107
62833,0.8544868
77892,0.00048879994
5923,0.083568774
113302,0.07830077
117899,0.7117912
33326,0.724309
73487,0.12920661
62131,0.9174281
21771,0.65730584
5465,0.746157
77338,0.00048375293
58673,0.76554686
9804,0.69677466
111502,0.120575674
77697,0.00048382
66276,0.4368716
42860,0.91273344
14157,0.9631154
83973,0.0005599444
116748,0.6160741
75485,0.0004858331
52648,0.8371422
37623,0.90635616
70287,0.44758785
91896,0.00399689
74497,0.14283974
6989,0.81227314
95388,0.13654438
108775,0.06577095
88553,0.00068177836
65511,0.1555832
38956,0.9494499
99800,0.27626893
76239,0.0004734554
87847,0.0007788134
3292,0.393035
106172,0.40982267
115022,0.20402096
106966,0.22499315
33415,0.82790613
19892,0.04346883
31309,0.098651595
118664,0.5296889
97081,0.09915959
64843,0.20366995
81752,0.0006081095
59242,0.70324457
25944,0.39318743
96097,0.16154902
67537,0.84309566
53380,0.89317083
119571,0.09040524
124279,0.80874026
119086,0.14150077
30348,0.98094475
12372,0.49779132
53954,0.27800694
115335,0.2260664
8751,0.11951638
72905,0.1709454
37297,0.8959168
19725,0.3527294
4922,0.9808842
99375,0.07877275
15542,0.9928449
61297,0.9577555
89514,0.00068177836
54215,0.693673
62628,0.7260828
14362,0.075336434
44927,0.9915131
32275,0.10122185
36974,0.9371652
56310,0.936481
11169,0.10304025
110692,0.10306758
17644,0.47070622
92753,0.15598057
34674,0.8978694
81334,0.00065038126
6454,0.056035083
116062,0.8962794
114502,0.13450246
39930,0.9450336
57262,0.8825818
33015,0.051680487
63655,0.9331391
5144,0.8020842
62908,0.91677105
13356,0.073697634
44638,0.529965
41290,0.08814499
106685,0.4041995
69609,0.8320781
48131,0.2690966
64196,0.102621384
79204,0.00063335657
87490,0.0007946585
35803,0.61835366
101394,0.58991
64024,0.87186646
18546,0.86584836
64748,0.7827028
38391,0.97633284
124624,0.9214563
11049,0.04663544
10910,0.48589006
21675,0.9170641
72462,0.25303867
85532,0.0005713279
76794,0.0004653896
121148,0.15428203
37240,0.98620784
70495,0.63306326
32115,0.9504384
115705,0.86706126
89200,0.00070704205
104932,0.19061859
81411,0.00063080294
99640,0.669489
41858,0.11072871
119705,0.8862956
2644,0.47171384
109505,0.20430574
5802,0.08812233
50876,0.793587
79829,0.0006118527
3752,0.15846293
7333,0.3004847
53681,0.17099419
23936,0.44176888
68310,0.70179826
124595,0.91678494
23689,0.98607856
51977,0.41638902
30843,0.9367848
72912,0.1816711
20951,0.80534863
17150,0.37389594
103781,0.13561273
85225,0.0005973758
48565,0.98968494
88290,0.000791455
110516,0.02418991
124293,0.8440552
76145,0.00048879994
117398,0.3253785
77625,0.00031846922
45649,0.9090952
86168,0.0007554621
89452,0.00071180094
50823,0.60618097
115989,0.87822384
79800,0.0005443886
80763,0.0006118527
33930,0.9296342
20444,0.9800844
114257,0.085185304
84838,0.0006081095
34001,0.9370276
120745,0.51986074
123672,0.41187674
118061,0.35020566
104772,0.44616202
82270,0.0006118527
22098,0.92024124
44821,0.9183872
120621,0.56371146
100830,0.20460023
9540,0.15913509
80990,0.0006855158
118098,0.46267873
121796,0.5804314
48218,0.9620545
83644,0.00063335657
29559,0.17943758
70648,0.18069707
1204,0.93456066
84822,0.00061072415
86292,0.00061072415
67789,0.058300093
84667,0.0008506706
111473,0.59678113
50271,0.8734072
13100,0.98218507
31798,0.9892614
51441,0.19908077
7052,0.8176785
98846,0.4158308
19124,0.6604006
74826,0.15153804
19643,0.51497895
16025,0.3233358
113382,0.8331919
13612,0.5576633
19874,0.068014435
26149,0.5942311
25125,0.9708446
108659,0.6057824
17565,0.16773635
28865,0.19788808
121806,0.15217099
37335,0.97074944
86233,0.00070814526
55997,0.6109552
34190,0.9414123
104479,0.15396023
66012,0.64504653
23408,0.37034807
28021,0.75875664
88872,0.00068177836
106949,0.8918611
69458,0.13886729
5,0.41670597
73184,0.36176404
94498,0.73558915
65125,0.8005554
6386,0.3453699
1763,0.8724152
62613,0.86420614
99311,0.49625012
51374,0.36517856
39542,0.8750822
37129,0.93633306
80609,0.0006700222
32158,0.96548116
63198,0.9139535
107366,0.24066499
75028,0.00034602065
105654,0.2690694
20721,0.07739397
12002,0.093656324
58690,0.7673486
63849,0.93577707
18447,0.3958917
37793,0.92028815
106222,0.3245051
81299,0.0006798144
75910,0.0002842891
54154,0.43699065
31286,0.09740406
60031,0.055850063
13064,0.8011315
23441,0.37962663
67570,0.14883657
14373,0.7004435
25563,0.82158613
46170,0.9620352
104896,0.41172692
95017,0.853148
70702,0.14870355
87584,0.0007564102
4572,0.7466808
58395,0.82512254
98936,0.15041408
73194,0.20810935
94907,0.35246688
6366,0.27384526
2232,0.843233
94659,0.13669701
103844,0.20180814
39568,0.7704261
55852,0.5524947
58106,0.8496683
69014,0.6512676
86883,0.0007788134
86231,0.00066872244
11987,0.0957848
47593,0.8626941
44886,0.9921256
121778,0.7565739
86193,0.00069650303
122773,0.62113863
122173,0.78939784
111727,0.58281887
83864,0.000640846
4015,0.4415254
68790,0.059346825
26510,0.7552085
108051,0.16966926
82576,0.00083159946
97006,0.6306127
37910,0.6330665
98809,0.103453614
72226,0.5952802
116856,0.087079525
46624,0.4004515
73933,0.15707248
88556,0.000666878
49359,0.18712576
118574,0.2579773
25069,0.96456015
44363,0.9923814
42324,0.3931903
27047,0.2684178
83595,0.00073995395
89748,0.0006943035
117728,0.20048754
90319,0.00073276967
115207,0.6468947
70452,0.52826643
33924,0.94953734
32256,0.6058933
104143,0.4583342
57864,0.8728118
97039,0.8639757
100300,0.5806289
85255,0.00073158246
47361,0.97391516
7134,0.44499537
101854,0.16094807
89327,0.000666878
16867,0.8381254
104672,0.17537647
35766,0.9734013
86461,0.00073158246
117238,0.7190403
3842,0.3979883
91564,0.00078809354
71335,0.16034825
46424,0.9733629
102553,0.7659082
91731,0.054868408
14325,0.39136067
46071,0.0879365
55274,0.8073787
7100,0.3571942
16168,0.08401494
97422,0.7006676
52345,0.73676765
29158,0.8769039
19063,0.09696118
93455,0.0993946
68493,0.22082132
43108,0.20283987
61883,0.8634723
73796,0.19258259
679,0.90783834
62067,0.95169467
85289,0.00082804007
38623,0.9504026
20768,0.90605783
84923,0.0008129788
52978,0.8052053
58412,0.2896585
52269,0.8583659
82150,0.0007887795
2869,0.44781005
68230,0.60894436
58318,0.9586974
110820,0.0226265
34486,0.8857966
59649,0.9888996
2206,0.3080002
11551,0.17455287
64018,0.1406156
53192,0.45132485
9637,0.6387823
87459,0.0008142549
116659,0.60621464
5978,0.08746789
123419,0.9348951
55340,0.76310605
17151,0.81743157
16632,0.7519523
64641,0.15330714
59486,0.9556167
120666,0.74219865
12435,0.41708645
12698,0.13135436
74442,0.094302185
121817,0.8829985
86036,0.0006081095
124441,0.927383
94727,0.30063084
30654,0.9935375
2038,0.43543753
34935,0.8607115
94388,0.5143043
28294,0.3382126
72732,0.86221564
61202,0.77588546
12970,0.14780645
35160,0.32578295
97782,0.10937522
117177,0.8395671
95079,0.7181346
12042,0.8201936
3505,0.12325881
95235,0.37850806
87853,0.00082804007
76729,0.0006165357
13544,0.65763503
99985,0.22113338
121613,0.18814166
80088,0.0008564297
124361,0.8795034
64550,0.7829187
59193,0.90563637
10022,0.7361367
64027,0.8986671
89952,0.0006788597
110351,0.031844098
121041,0.06349355
512,0.77569234
117936,0.1536686
67115,0.20760652
70988,0.16112186
107194,0.9940791
117902,0.7708828
81984,0.00063335657
80235,0.0006081095
6479,0.2970151
92177,0.7457896
32559,0.9473361
105151,0.12215936
61827,0.6335828
104633,0.20972174
64998,0.92593956
47458,0.8658459
32667,0.65009564
96048,0.3006833
68460,0.040624138
71637,0.6012099
23069,0.40038404
86346,0.00080775796
80066,0.00061928213
95191,0.58759236
59642,0.9648849
92873,0.4929197
111932,0.5206217
121240,0.5578629
35173,0.29408985
40604,0.26302874
12001,0.28954685
88925,0.00066222926
16103,0.6837445
1081,0.26470923
105839,0.13802527
35523,0.5844523
119892,0.1111756
69593,0.28923142
65973,0.6592196
66964,0.21980663
92759,0.32234272
3610,0.3699063
57091,0.6874742
120571,0.8646636
62016,0.89163005
111553,0.07762668
22846,0.77115506
21444,0.9217958
29926,0.045736026
20201,0.6380624
73839,0.23845392
70767,0.66644794
92365,0.7347325
38911,0.86424977
50414,0.15258028
29645,0.32802746
30330,0.9441793
84929,0.0007256831
46033,0.60764855
33098,0.050718874
107022,0.95862377
52183,0.6365713
110399,0.22940451
71917,0.10064026
91225,0.00066222926
53625,0.33953828
116497,0.8801639
21531,0.9390737
18270,0.9955706
50802,0.6692334
120391,0.06706896
11954,0.07867578
107057,0.787436
99546,0.1124685
3134,0.105503835
2226,0.73355806
9098,0.1466778
91062,0.00074623094
107072,0.7731084
34985,0.9669644
49565,0.7967523
77614,0.00031846922
68222,0.59633225
69740,0.9531044
5269,0.7602137
8860,0.19787602
19440,0.88950616
31486,0.9556669
50506,0.636046
19073,0.47124702
113668,0.14740679
13779,0.5447498
15089,0.082771726
72750,0.66703784
25579,0.93067545
3330,0.18416852
100698,0.66889083
76873,0.0004858331
9150,0.17145382
105012,0.13029757
26069,0.45898232
7082,0.51041794
47508,0.9459502
17925,0.93664193
50450,0.25478512
88699,0.0007011162
91488,0.00082120276
108262,0.82766217
42806,0.38511875
112459,0.1683502
65793,0.68408585
57281,0.8825818
14131,0.40187716
106217,0.96366984
54179,0.18889223
28290,0.20319055
87978,0.00083159946
25396,0.96005243
122834,0.58386403
62892,0.2555941
14262,0.04866324
3831,0.4432583
1556,0.19858418
74768,0.10720539
103541,0.25159433
31199,0.97393996
19473,0.8935093
38668,0.98561734
70395,0.13884342
83209,0.0008000424
73052,0.9612414
63427,0.9300141
97410,0.8370296
97214,0.28573617
49473,0.7228769
62993,0.28934258
99616,0.62892365
117377,0.40752462
62054,0.9020755
19201,0.8913081
643,0.9658856
4078,0.758033
47167,0.5856364
76775,0.0002842891
84242,0.00061785686
8119,0.6176204
27676,0.3844581
4536,0.9173616
88277,0.00074429665
82718,0.00065761764
48792,0.9497611
89145,0.0006943035
6086,0.8207233
75426,0.00035620132
89720,0.0006943035
88561,0.00068177836
114985,0.70311403
93602,0.7114161
31473,0.55914307
86468,0.00067868124
34675,0.91553044
10105,0.8700713
105439,0.4318247
72234,0.14178161
72748,0.22101437
45054,0.9433281
8857,0.40257457
111638,0.6337575
95591,0.5915001
5060,0.99022406
49918,0.4770997
18046,0.9028886
57051,0.97977626
107290,0.487801
49182,0.86875266
48880,0.40438634
100540,0.4579449
30316,0.89787316
112699,0.30978537
90214,0.0007564102
114731,0.78412694
49979,0.16781248
47387,0.9884774
86585,0.00070814526
70977,0.084256895
108851,0.023630751
86838,0.0008263402
44583,0.98639256
44576,0.9832524
113672,0.8580011
33063,0.93519795
279,0.13556743
51640,0.88121027
116044,0.82297045
61251,0.11485245
30588,0.96208274
15033,0.4101383
38201,0.05160439
84175,0.00065761764
106850,0.9812378
51859,0.9731463
114901,0.25382352
24748,0.6248735
22503,0.6927484
90600,0.00073620223
66854,0.5795802
107112,0.9862657
66179,0.6691472
12917,0.69112664
5622,0.9783276
79133,0.00085286854
52020,0.19891104
42206,0.95187867
60496,0.84112036
33758,0.12376989
75520,0.00048620004
77319,0.00042132943
83982,0.00061072415
62680,0.55957615
6089,0.08895045
94161,0.8910558
78934,0.0006727964
121124,0.19216003
75112,0.00031537347
120118,0.06684566
11029,0.05815704
32039,0.96674603
52274,0.9428125
15835,0.5500607
31235,0.90511346
76705,0.00044133852
10091,0.3282429
117674,0.5206465
65940,0.17019458
76010,0.00046062344
83898,0.0005856769
53074,0.92355543
9126,0.8815755
46259,0.92232686
29387,0.41557857
111453,0.057460923
8477,0.53536916
106242,0.89523405
113381,0.25236705
11270,0.7132744
84426,0.0006438031
23740,0.9626935
5733,0.08733054
24435,0.0418
40771,0.09511372
85743,0.0006041103
10276,0.1021095
42908,0.95527786
68085,0.41539657
22937,0.9776832
116599,0.7058602
53434,0.84527755
43425,0.8485127
84388,0.0008608199
3376,0.3707057
50235,0.847745
114119,0.11514998
81813,0.0006319685
48161,0.9042717
61908,0.3945503
7059,0.73684394
100344,0.6376102
23091,0.82324564
60067,0.856372
15559,0.99302435
103050,0.096972115
2365,0.7155218
69870,0.693729
73690,0.7111464
64847,0.16036257
26324,0.18158157
66451,0.3761623
75231,0.0003487304
110836,0.0435841
41164,0.97094023
92975,0.91290545
1375,0.528477
93564,0.32384458
36804,0.8914139
48389,0.95286524
11948,0.0899814
29624,0.36766553
92472,0.04915814
62626,0.7260828
109994,0.22997902
25434,0.41412318
82172,0.00063239
43365,0.94465923
109182,0.19133373
105493,0.28715262
107721,0.20394391
90871,0.00083159946
79039,0.0006500445
67473,0.21738511
95560,0.052279823
94540,0.26707888
79939,0.0005443886
124787,0.83890057
116940,0.85999376
21118,0.47394884
53209,0.68173444
34226,0.5811467
84818,0.00061072415
42901,0.95292604
90450,0.0007057381
100025,0.14859876
79258,0.00070702017
116753,0.23931655
43835,0.4180099
2712,0.08312161
63643,0.9154337
22785,0.53784615
89131,0.0006943035
16052,0.09319484
64190,0.12566166
72341,0.1397561
58337,0.8775447
36209,0.94433635
117758,0.31236362
10345,0.5813617
71759,0.0604013
68304,0.6554488
117016,0.13186103
71821,0.65639216
88608,0.0008506706
41487,0.928284
84860,0.0007687891
98952,0.14523813
68690,0.4718988
99002,0.5446676
81050,0.0005609791
22297,0.92802054
64161,0.1650095
42330,0.077194735
118584,0.46085894
27816,0.13958669
39989,0.90764385
40948,0.9490708
124715,0.17546326
24644,0.5149005
2619,0.4133086
3415,0.1442097
45437,0.93432564
52713,0.5343982
54423,0.48360738
67325,0.109806456
40088,0.9691663
55365,0.67470926
104599,0.18482645
105754,0.17463604
86757,0.00076626654
49552,0.4924204
86447,0.00062339456
19454,0.8849022
47879,0.1862595
111,0.9463744
4099,0.70582294
105386,0.9608363
113487,0.3586345
101193,0.41798118
30930,0.17243111
36639,0.9787637
59334,0.16697666
1979,0.51793706
83715,0.0005599444
57582,0.8683245
71922,0.10986366
20964,0.645461
66002,0.18058029
115355,0.37475765
31412,0.06491816
52429,0.44892448
15659,0.07810465
38435,0.899754
52266,0.9219044
110586,0.06282398
9992,0.6739491
21286,0.040874045
67375,0.6360242
37663,0.98675585
8835,0.20852701
86556,0.0008142549
75964,0.00042132943
10814,0.12307557
72660,0.38862467
99871,0.107508026
40495,0.9573174
60250,0.8319998
48624,0.9309153
122818,0.84009635
115211,0.6748936
100498,0.40047902
61724,0.9477848
56455,0.8286013
87705,0.0008235717
25365,0.8259754
124378,0.7157945
84971,0.0007564102
1190,0.87566096
74217,0.21758778
36575,0.9711258
12736,0.35203955
24611,0.8444971
87213,0.00071180094
80571,0.00071265746
108789,0.23815458
54432,0.7397205
121954,0.18405634
11472,0.3769763
64001,0.1655497
2342,0.16050114
95600,0.70146334
39596,0.931283
73370,0.108668245
26146,0.8144082
32079,0.96728086
110616,0.040580347
98921,0.33676875
118203,0.14725523
70824,0.24481565
21712,0.8845654
68656,0.18196477
106045,0.37949488
29596,0.6195884
18942,0.04558137
95035,0.32612854
3566,0.2931072
66344,0.3545423
50033,0.18236612
3076,0.7511395
72486,0.55248004
81746,0.00061928213
67354,0.21454464
49083,0.22302355
27574,0.14837328
14258,0.4377804
97191,0.35757408
11262,0.3603227
88807,0.0007087539
103835,0.94713145
107054,0.06664195
27598,0.2302594
119626,0.8431881
67217,0.14554371
47973,0.9439072
114266,0.7289135
119065,0.09501777
40626,0.116344966
116114,0.67836297
33113,0.92198557
117655,0.63304096
25287,0.8710996
71013,0.11553958
114408,0.78652024
124131,0.7165047
9273,0.10039385
76582,0.000477207
83645,0.00064530387
98452,0.72225404
103684,0.12901174
22918,0.9353106
31312,0.08027667
63331,0.9047652
119429,0.82731414
59085,0.71638
64447,0.9805931
86349,0.0006041103
60718,0.7564228
467,0.06272794
57743,0.8237847
94184,0.96536857
7436,0.57293093
18965,0.04558137
71085,0.35151643
88265,0.00074567186
118140,0.15107372
50292,0.47941852
46549,0.9265307
105751,0.1450047
54384,0.8564919
102279,0.09942016
118390,0.48811695
96711,0.80588555
82239,0.00070814526
75206,0.00048829074
95057,0.3729569
42647,0.16731893
66657,0.07180007
100668,0.55543697
23808,0.62440044
74813,0.119110264
5521,0.17082243
95933,0.4800548
31060,0.08722121
49919,0.14122516
19464,0.91608715
16761,0.87582105
114709,0.8216452
34847,0.9422655
7113,0.40286073
104521,0.15413718
118659,0.7068445
39971,0.92004454
6504,0.05459993
50028,0.79478663
37509,0.897142
12332,0.67181015
89362,0.0006788597
95468,0.36363026
69494,0.31598723
80901,0.00071464985
15974,0.33784753
68462,0.29454714
92171,0.6493992
110519,0.03784022
7953,0.35799748
124748,0.60349727
75766,0.00046739087
47368,0.9820732
75564,0.00022460475
94937,0.829821
106653,0.16912337
83814,0.0007011109
78069,0.0002842891
86822,0.00079148135
42678,0.9845303
66350,0.6776995
57339,0.6986323
82326,0.0005609791
24843,0.892192
42402,0.6504107
60097,0.8061796
97334,0.5857056
97579,0.36336362
71407,0.2359429
125012,0.18779379
24638,0.92379284
117444,0.19934164
18514,0.15484822
3508,0.53409725
105426,0.73168236
3324,0.6970547
11391,0.3383833
107342,0.9764361
103496,0.2000248
102067,0.421697
54747,0.31593874
21044,0.9245955
113413,0.56521875
55069,0.2388027
82525,0.00061072415
14289,0.7932681
106046,0.48495197
18884,0.72427726
7256,0.84511006
57830,0.8310972
88900,0.0006913313
114541,0.3818085
64852,0.1512032
8572,0.72938263
48608,0.99218166
94484,0.34140268
34320,0.4010159
13598,0.45975026
103481,0.39135444
149,0.9727022
14159,0.9580957
66021,0.34839576
24276,0.11988523
18163,0.99295205
15039,0.22220303
109263,0.101862796
3851,0.70028377
9923,0.44984534
61185,0.20618364
16197,0.052780624
77237,0.00048620004
98746,0.05133291
98853,0.10614133
69165,0.40510398
67008,0.12597902
118064,0.94944394
28641,0.49059996
61741,0.19207779
11318,0.13597082
24431,0.036856126
52240,0.123066664
31143,0.5096362
2044,0.795462
103062,0.42869782
56998,0.47963944
120785,0.754979
80289,0.0007413211
92208,0.4266438
22276,0.89300174
7817,0.09900889
67442,0.51832026
63611,0.9300141
34614,0.9239372
24601,0.036856126
93079,0.9687084
51948,0.8915507
39905,0.9759117
103367,0.115668945
69146,0.18463045
115214,0.52935684
3850,0.14352916
45829,0.9521197
17255,0.4785322
17880,0.9473701
60023,0.61528623
9321,0.34368047
79903,0.0005973758
38369,0.52730566
36783,0.97795326
79024,0.0006118527
5545,0.12533464
57061,0.9175896
20475,0.922125
45151,0.40234613
85081,0.00061072415
113517,0.5706103
98589,0.85191226
58105,0.7973364
11303,0.15577683
17961,0.98411363
73816,0.7564209
39822,0.54441303
40407,0.9192946
5953,0.07716565
114239,0.68443584
65415,0.14267744
80159,0.0005609791
123989,0.88251203
74829,0.17440559
123143,0.79343784
114694,0.13064407
24315,0.9436368
101736,0.8425574
71919,0.5070051
48505,0.92106646
70335,0.1457159
111265,0.6441746
17780,0.12346763
98177,0.9492899
33228,0.24546628
104917,0.038221966
8710,0.1080975
108883,0.15457632
96451,0.1516055
51590,0.80257016
41977,0.9845748
56400,0.94205755
84589,0.00082804007
29853,0.5484495
3013,0.79410475
105600,0.13274185
15755,0.07324944
49737,0.13894774
99390,0.08524896
49324,0.9089434
83487,0.00064104784
93194,0.17538092
61295,0.93307537
65739,0.89057696
56168,0.90830123
72251,0.7949212
27445,0.7224273
21283,0.04677019
26854,0.94067496
119272,0.18412212
74496,0.13063724
23087,0.84347343
28689,0.88515466
103287,0.42445347
83258,0.0006081095
47373,0.9792346
103862,0.04588396
96442,0.42914084
73706,0.15056919
23129,0.34779212
60829,0.86382544
98572,0.0745079
39861,0.5138552
52138,0.5706095
122991,0.27376613
103730,0.6040698
118775,0.4921597
105752,0.47924435
49391,0.8024234
22184,0.79102004
67189,0.17332199
76673,0.00034602065
12795,0.6472545
12854,0.5106589
78555,0.00067568896
12124,0.047335166
25947,0.103232555
91840,0.005312921
3957,0.2921251
119654,0.41039813
98499,0.1690476
106782,0.96050423
32429,0.986259
68097,0.7567531
94933,0.85199726
109533,0.27388215
102773,0.268807
122192,0.7943629
46768,0.42598888
53396,0.86223453
112593,0.123321086
100194,0.5066533
77523,0.00042132943
93017,0.86025
89413,0.00085987133
123742,0.6031065
80478,0.0006321884
43405,0.609784
13679,0.5433673
77295,0.00042132943
78279,0.0006500445
9012,0.112609476
90003,0.00082815485
77351,0.000497984
32302,0.5722025
117385,0.52839565
30355,0.983781
24158,0.89448583
62736,0.8311211
117585,0.4583901
10483,0.87253433
76422,0.00046504816
47683,0.9399551
84120,0.00080492656
26850,0.9308554
22973,0.08972987
75188,0.0005364287
13552,0.063289225
108253,0.35005012
92816,0.45034245
92256,0.66799414
106482,0.21244413
39491,0.80019194
78223,0.00031402273
65608,0.6591847
104621,0.80716044
44830,0.5714574
56261,0.46111876
52682,0.44612065
6914,0.15104806
50568,0.77339536
29398,0.12914276
38272,0.9439803
19395,0.7208302
110515,0.061783895
90103,0.00068177836
62121,0.92823064
74186,0.7082195
46224,0.989051
83882,0.0006092332
527,0.17716391
22805,0.58610004
38226,0.2415476
26898,0.5727613
68088,0.16854854
57182,0.616927
94219,0.9906281
50301,0.15270698
53172,0.83881813
21362,0.92863077
86583,0.00074429665
75382,0.00031729968
63995,0.63666713
83260,0.0006092332
40280,0.9040883
113235,0.66709304
72620,0.17896003
83327,0.00076582195
25716,0.84814054
39187,0.9929704
25085,0.8844739
96854,0.18942897
27029,0.4533519
11186,0.11926378
44005,0.5314422
51495,0.6771046
5831,0.08749759
109748,0.068071224
12659,0.28710806
51067,0.41269457
38111,0.09552947
45475,0.7264597
41513,0.9868913
123513,0.6964512
109347,0.022786545
39472,0.56213665
36557,0.95693105
74719,0.21330504
22968,0.41566974
62571,0.18068029
8535,0.6012404
99223,0.13351662
4120,0.6845554
102113,0.70617396
25035,0.83903265
69923,0.75915074
18786,0.09217541
88883,0.0006526131
55786,0.9289272
122064,0.6276086
124721,0.6250761
23013,0.9547273
79067,0.00065761764
62761,0.74178845
48964,0.9050961
121670,0.81460893
67085,0.26927316
109047,0.047661643
58866,0.6631722
122065,0.51347953
85748,0.00059321127
11513,0.09324729
55494,0.7316322
67564,0.22974542
48926,0.9654646
60071,0.8080443
35607,0.97942287
86760,0.0008142549
30144,0.057671383
61673,0.13816778
21567,0.9815044
63613,0.92608595
83355,0.0006564047
28480,0.15473928
3223,0.40016624
3268,0.38922012
23239,0.86267173
119541,0.7773157
124340,0.20104933
84655,0.0008506706
80082,0.0006321884
90598,0.00068974035
52401,0.18699469
88790,0.00083667604
78841,0.00070399354
23071,0.77960056
73107,0.22181897
107462,0.17155905
92529,0.30899453
44193,0.49261957
111404,0.057609703
29374,0.80976385
73168,0.32178462
54786,0.7567727
42089,0.48896345
51778,0.66732705
93797,0.5298154
115640,0.8505832
60536,0.9043399
54402,0.90628934
19478,0.888893
95961,0.13384223
5372,0.78567725
52507,0.5487403
39952,0.41330898
26402,0.75245625
38625,0.6068096
59562,0.97587806
84359,0.0006321884
92945,0.43901613
63108,0.9495479
53125,0.7394636
15637,0.97111434
626,0.9329356
107550,0.8487088
79664,0.0006023013
20656,0.9135679
27084,0.4465017
75770,0.00031537347
75273,0.00045737808
74232,0.7191168
114822,0.78402925
10661,0.5502817
27776,0.49363777
101966,0.72651106
45325,0.16680427
70367,0.4349204
42304,0.11425307
98096,0.0748657
61575,0.7457434
80971,0.00073023327
91768,0.14126375
48773,0.9307167
7412,0.6343493
11713,0.14940059
105891,0.7976311
22178,0.98333216
114640,0.39992517
103365,0.101686016
114332,0.06472843
65000,0.9360615
36652,0.98378366
106739,0.59028554
12151,0.59072286
5359,0.75344086
20696,0.9324321
17698,0.7132738
39583,0.3912356
49710,0.18292436
124429,0.76641065
21530,0.9672088
43393,0.86761314
84472,0.00081929326
7971,0.16527559
2550,0.7354254
35513,0.8303329
19710,0.25233236
82274,0.0006118527
52341,0.78511953
64025,0.2018596
1733,0.10738711
30346,0.97596776
88604,0.0008526532
30959,0.96249557
93125,0.87317
91546,0.0007460229
60291,0.9154817
86853,0.0007290488
37512,0.9208439
39874,0.96616834
46799,0.33617616
65269,0.09792698
64686,0.84337765
81707,0.0006855158
32028,0.93990386
124157,0.77960014
372,0.07523462
51366,0.16010147
15164,0.08320493
53394,0.9615577
91795,0.021289542
16784,0.84465975
17050,0.74612784
74312,0.3178708
47052,0.22297724
94858,0.20869696
100788,0.16595249
94595,0.64718854
93978,0.47722334
39271,0.9790302
40581,0.9550477
5517,0.7669614
906,0.9808957
87755,0.00079148135
113888,0.12565406
24190,0.86902565
91686,0.0007111483
11233,0.85013
113761,0.86900306
54700,0.51947165
48557,0.98410636
42423,0.9428842
17618,0.92114866
2131,0.74079704
116242,0.51549333
56872,0.656569
41975,0.96884143
120862,0.7068445
78125,0.00048829074
9026,0.066202
43586,0.8975725
88946,0.00070683926
95953,0.24204221
46456,0.55104315
94139,0.8910558
87078,0.00083159946
116386,0.6152036
96763,0.40204084
107853,0.45467046
94390,0.515628
36509,0.93101376
8016,0.33558834
9634,0.6387823
84556,0.00078809354
55124,0.78645307
87416,0.00074429665
46031,0.40074334
33467,0.089841105
47783,0.94799846
44023,0.9440965
43883,0.94077283
2812,0.14081734
125172,0.8580183
400,0.6084486
48528,0.98082924
59342,0.49374628
51610,0.425949
43376,0.9567281
101071,0.23770753
26415,0.14582774
21188,0.037972298
57645,0.73871654
105075,0.1606346
85332,0.0006081095
114376,0.37039602
122416,0.77518266
15275,0.5481027
122640,0.18244472
18964,0.045152772
59900,0.5774145
86368,0.0007487115
61136,0.9457849
96769,0.14139795
58852,0.70608234
93117,0.7831325
59071,0.91091096
107278,0.36268884
119846,0.32309982
3155,0.11302939
48187,0.9588956
389,0.21214433
97662,0.16079305
90067,0.0008608199
113539,0.16346356
51078,0.59579146
118830,0.7757181
9400,0.36165008
121956,0.2775707
52879,0.79033726
81437,0.0007245892
27230,0.37919882
15162,0.07721247
45,0.8282898
57272,0.8825818
98460,0.6947293
68092,0.55065155
74094,0.1664886
73767,0.28571248
35011,0.958209
113847,0.7097474
34194,0.9668073
30510,0.9834675
113289,0.0488361
97202,0.37399957
11709,0.26901487
76968,0.0003409417
47528,0.920333
8774,0.71271336
118727,0.17652966
50322,0.18752988
70506,0.28357527
49047,0.9876193
32215,0.13483237
98600,0.18349753
22771,0.86349785
1684,0.8335422
10893,0.14389236
9609,0.6387823
110698,0.07640035
31063,0.31353036
71061,0.702952
69247,0.45980868
86878,0.0007463127
24015,0.46968186
107866,0.4577625
48897,0.58047855
42959,0.9767312
103989,0.17904371
18245,0.9940633
121561,0.9291035
76833,0.00028914405
17989,0.5690461
119801,0.46121266
8900,0.70271784
114927,0.81300277
121755,0.6654068
107705,0.32965583
116461,0.20050535
33460,0.22239138
34467,0.98126996
9403,0.15232082
50660,0.5537746
112634,0.5517851
61315,0.14307775
4362,0.36261678
6041,0.72017473
123253,0.920375
102956,0.3797529
103574,0.3849514
103004,0.36223176
57575,0.8981551
73858,0.57041776
44086,0.9413407
121378,0.5265467
45162,0.07299713
35174,0.32820633
14794,0.9948212
75443,0.000483398
9947,0.073769055
1470,0.27908033
395,0.8964704
83650,0.0006321884
17444,0.9247176
9822,0.12307283
4853,0.67470074
68403,0.54601747
86917,0.00076626654
32822,0.8716545
44545,0.97839785
8097,0.17182979
47042,0.12090412
119228,0.6584503
122540,0.2120492
68739,0.052373696
86194,0.00061785686
34187,0.9485515
109374,0.02058291
76380,0.0004601712
98478,0.32803613
110742,0.04901397
75711,0.00031537347
17806,0.5307704
98561,0.13828309
50411,0.110354975
80166,0.0006564047
94980,0.5456609
76703,0.000477207
15392,0.08240268
123122,0.8003635
53587,0.6754469
121511,0.61054736
50083,0.2792756
29425,0.18623689
98109,0.08519014
38677,0.9272386
1552,0.08297641
88364,0.00070704205
44994,0.90309703
119047,0.773736
91123,0.0007829089
73220,0.68144387
35660,0.9913332
99677,0.6175204
41542,0.5732439
123924,0.9015471
26560,0.5629502
48450,0.983993
110848,0.018299589
87926,0.00079924695
114795,0.5332608
8541,0.6012404
58925,0.86844957
40900,0.9881688
73711,0.69139475
27807,0.36679572
2350,0.37140584
3101,0.6353414
35983,0.98305285
106208,0.9525561
101438,0.7071414
48517,0.9507209
34860,0.9601096
64888,0.37679783
51188,0.5492341
4446,0.63264656
40652,0.915638
110797,0.017282732
40156,0.94705856
124415,0.5822998
112400,0.6389822
65684,0.720059
81730,0.0006997368
106394,0.23662052
34780,0.3704853
116615,0.5354614
97872,0.091125846
85672,0.00065516506
77971,0.0004702451
57984,0.87084675
8361,0.074635714
49046,0.9871085
8318,0.13956207
46678,0.98271275
96399,0.47233123
107398,0.21170959
20315,0.9139266
64919,0.8225067
70674,0.6498426
60077,0.89525795
40271,0.12694246
69804,0.12523633
121936,0.8785804
120000,0.10213772
86674,0.0008608199
4974,0.9901473
93409,0.0959198
35481,0.94433635
20199,0.5526473
78880,0.0006727964
77080,0.00042132943
49721,0.16041933
72726,0.67024153
19333,0.59453803
99791,0.34197783
57792,0.8888481
98368,0.3873218
29945,0.045736026
62449,0.9431325
30307,0.53250647
108783,0.041214388
52006,0.48460314
73673,0.42809683
65393,0.56585425
112616,0.13130593
35008,0.9370427
5284,0.82840616
119927,0.6027611
1889,0.891895
125006,0.19867758
48715,0.9587848
110166,0.18025002
97318,0.75388074
29009,0.18164769
73635,0.14980929
111784,0.77380586
61107,0.94558126
50141,0.50640494
5274,0.73940897
49675,0.21515048
42000,0.69285095
4658,0.74779344
41335,0.9322713
36905,0.14371963
20446,0.98307586
27459,0.6453583
114269,0.18805654
13882,0.3776405
82973,0.00075354706
33998,0.8918825
96558,0.10233933
77801,0.00043795496
111192,0.40989673
86456,0.00063481845
51936,0.8904416
9525,0.47170624
3126,0.10695347
122964,0.5518213
85901,0.0008589338
53032,0.86863214
43077,0.054532014
89703,0.00083159946
33204,0.07333802
91771,0.27624005
32732,0.52714366
82946,0.0006081095
73977,0.116514504
50757,0.72787946
22314,0.87389535
2494,0.49282044
16943,0.7949007
11084,0.117154986
121467,0.7281152
56087,0.94906974
26209,0.35785866
123127,0.7578986
22292,0.90915227
7145,0.6663044
18286,0.99156404
97754,0.6667455
41518,0.6828912
109112,0.036300756
71379,0.43098778
16471,0.17971505
52218,0.62504345
91052,0.00076167524
61977,0.9136434
49789,0.188622
68423,0.574992
106979,0.18557607
16042,0.08797586
113291,0.061018057
83870,0.00083667604
55796,0.89430034
22636,0.44934827
96170,0.38442752
19221,0.5221412
9361,0.3519109
118293,0.24133374
3205,0.32837054
92693,0.5121931
118241,0.1794381
102937,0.5902037
124228,0.92592007
123200,0.9329464
49752,0.6043301
85349,0.00079332606
10577,0.056075078
62403,0.93087965
6382,0.33611912
29919,0.049928363
102183,0.9118245
22257,0.8649837
102563,0.2578396
25456,0.93282604
93074,0.9708118
44657,0.6162759
96578,0.46201232
18332,0.037972298
66064,0.3591841
2624,0.40476722
89364,0.0006801141
63327,0.77851677
85094,0.0006167173
87337,0.0007737849
49038,0.98757744
25264,0.2073868
65636,0.58955234
66844,0.17332199
19218,0.9378048
55998,0.8023482
67009,0.1187561
75854,0.00047224926
19394,0.71444046
57832,0.7751348
36116,0.5308222
33180,0.29954857
81459,0.00061928213
92428,0.5907366
120143,0.37356684
43406,0.51537263
11530,0.073691845
99352,0.37386444
72040,0.22718145
116346,0.19535115
77687,0.0005029102
52628,0.59442097
68948,0.04600804
35573,0.9473549
18299,0.9945346
20185,0.16639483
71555,0.30834007
37289,0.9939061
118382,0.76169115
123070,0.89960724
74204,0.4654473
21813,0.56880844
105744,0.1490743
106640,0.6885002
34563,0.903551
42549,0.4713301
65235,0.1547877
52508,0.77102965
67860,0.16391084
50531,0.914976
32332,0.553559
12323,0.4078512
112309,0.13004379
16747,0.6740764
57945,0.75769323
74899,0.644233
5876,0.5309106
16680,0.2961554
48597,0.9437741
9722,0.05371773
94081,0.95437944
19650,0.88572204
82801,0.0006167173
14361,0.05613348
81135,0.00065761764
39298,0.9335779
116547,0.7389554
13173,0.2884726
58777,0.8976224
96029,0.49262005
44336,0.97259796
121551,0.8922524
113215,0.18139307
38481,0.5392519
85276,0.0006092332
38532,0.6925872
98237,0.071135096
34186,0.9214097
41707,0.5556447
39825,0.08824207
64219,0.5653647
109624,0.010500614
78298,0.00061072415
124053,0.8065581
60688,0.9105546
75470,0.0004858331
16232,0.72625864
100342,0.703228
2379,0.41352415
31668,0.053729188
116244,0.8008249
97519,0.7745652
94529,0.39647543
60972,0.5814868
45147,0.1058252
117223,0.5215928
88843,0.00068177836
20116,0.04346883
32658,0.9946391
68348,0.5928549
91849,0.036383152
107546,0.89026856
30567,0.9121385
124996,0.08669244
8520,0.14146186
35539,0.9658472
92238,0.69098127
93698,0.5930355
10344,0.6998463
97732,0.59399676
23997,0.79749256
55303,0.8976796
122400,0.23495606
84747,0.0008000424
120261,0.8232541
56912,0.9890215
10744,0.12407668
7561,0.16966316
86579,0.0007676822
106844,0.98248786
90563,0.0007364278
84797,0.00079148135
117479,0.7993755
43013,0.8746376
26830,0.9255031
103216,0.24219377
84976,0.00079148135
1543,0.6096201
107607,0.053035785
97910,0.057010792
65558,0.63720196
89446,0.00095958373
9241,0.4216119
99327,0.15426719
60324,0.6370741
89789,0.0006943035
10633,0.6455157
69206,0.13755828
81943,0.0005856769
19536,0.878969
10791,0.674052
10622,0.5860994
14400,0.9634446
1454,0.10359711
86095,0.0007087539
121289,0.6256516
13347,0.09804965
27769,0.31321546
2231,0.7808418
35973,0.9741511
100255,0.16621542
61469,0.88548654
120115,0.35595694
103634,0.23753604
102482,0.075466566
64795,0.17579639
4682,0.77418995
120555,0.7286127
3385,0.14011711
104809,0.14639628
53136,0.81605005
106560,0.19064893
116922,0.37696844
12395,0.17113934
94312,0.3939359
6805,0.8422238
76964,0.0004906013
9208,0.83880746
9163,0.82723117
115981,0.900757
86500,0.00072029757
58259,0.98964804
118536,0.65728575
111120,0.1438463
87715,0.0008937862
73948,0.49703294
53818,0.4850906
71420,0.124971725
51070,0.39540422
58021,0.89772826
37946,0.9037104
23898,0.36187273
107190,0.9940791
47573,0.85443014
69802,0.13143894
65752,0.4932775
27815,0.36175182
55073,0.7741502
121098,0.6307945
71915,0.3001603
66037,0.73489124
121582,0.9701904
96043,0.6547974
96842,0.4142665
8298,0.08810989
15847,0.0945966
101932,0.41603956
94668,0.25997433
61352,0.93451315
70677,0.40892887
76227,0.0004858331
50190,0.17569818
79166,0.0008355224
77115,0.0002842891
85199,0.0006219447
63532,0.6301471
112756,0.47697192
98231,0.08767265
1819,0.86364675
76019,0.00050545414
106866,0.9885705
77737,0.0003264607
75109,0.00039761982
44648,0.51196563
25940,0.075032204
42449,0.9348358
24342,0.18188193
57719,0.9058359
118948,0.9043908
56267,0.89399606
45820,0.96404207
14256,0.05011822
46480,0.8595278
41772,0.30981144
63647,0.9409988
67885,0.17519449
6957,0.75808984
109864,0.024658049
103402,0.15096912
25704,0.55458087
123599,0.7410253
63435,0.17128079
87749,0.00071180094
59421,0.85441166
16225,0.7533213
18088,0.92984563
2139,0.62328845
75451,0.00048879994
10426,0.057986524
105501,0.24458711
70088,0.6305487
37236,0.9878148
21129,0.83900553
97935,0.68580425
92322,0.10237777
45622,0.9418494
97779,0.34010342
50556,0.56862086
27376,0.19785345
48809,0.9281542
47919,0.16133504
116914,0.10120921
101529,0.20234197
124764,0.7466061
98632,0.4703958
1968,0.21374688
49206,0.1393977
122308,0.79970914
41930,0.9676033
97281,0.1335593
97758,0.1605548
34714,0.9471827
60513,0.5780342
88976,0.0007963132
73702,0.28073946
56933,0.9883107
20196,0.19344118
85123,0.00065761764
94808,0.22003981
73778,0.13422272
19800,0.11527097
91436,0.0006634529
62787,0.6977896
10026,0.17170618
41638,0.1078698
91383,0.0006884683
104532,0.34805396
108477,0.51545554
5864,0.3578798
94706,0.122224264
66312,0.3268342
10317,0.6141553
115801,0.5087598
98001,0.84038895
11128,0.15134695
22130,0.9678495
45568,0.8272952
102791,0.4035726
85397,0.00062339456
22444,0.97510624
40762,0.9231684
98901,0.084194995
58527,0.84729195
39779,0.9776219
71642,0.28031775
85481,0.00073349976
1924,0.96630067
111297,0.06611611
111977,0.43307638
120769,0.06661498
123642,0.8325517
68592,0.41771284
92805,0.46356308
61178,0.88151705
34807,0.45911312
111605,0.18366906
91222,0.00066222926
80314,0.00059709855
65197,0.9303493
7581,0.4116351
117852,0.69949776
85684,0.00061072415
55471,0.9537999
107463,0.18369769
97801,0.08603099
31733,0.9351908
29142,0.57172924
40306,0.93566036
22209,0.9167001
14924,0.36232483
92574,0.04866324
112098,0.10934269
71002,0.7893268
95361,0.15374398
8480,0.16761193
51073,0.19147389
22,0.39081675
31517,0.9364003
61938,0.84849125
112635,0.102375805
97617,0.16591826
112138,0.71897125
28811,0.8540407
89560,0.0007341236
37361,0.94207567
25163,0.9910391
103621,0.17180744
4414,0.81906193
100208,0.6103415
61122,0.98007697
41917,0.909531
35046,0.93553674
103764,0.14997263
70435,0.28117147
55026,0.5682056
21449,0.88865185
17447,0.8995728
10536,0.07591847
64590,0.5581923
70646,0.27732706
25184,0.9893392
77175,0.00050012534
45623,0.61417085
36625,0.73881596
57948,0.83970964
5446,0.4417984
46257,0.9789307
86232,0.0007771049
28957,0.60014486
64943,0.15592022
8714,0.5284765
93691,0.66358405
124049,0.6807745
28234,0.16245128
21018,0.6722466
108156,0.91745883
83229,0.00061072415
73375,0.11885455
38881,0.97972476
80489,0.0006321884
9299,0.15826908
119095,0.6244138
15331,0.38006452
105794,0.18857682
4455,0.17650418
67437,0.53956246
100107,0.82022375
73348,0.26867506
84736,0.00079148135
23762,0.6741921
60430,0.8129539
30813,0.9880795
58776,0.893291
91245,0.00071180094
47480,0.368512
80147,0.0005599444
30240,0.9767471
34437,0.9615825
111906,0.72568333
95828,0.09716854
59276,0.87428916
2462,0.20983222
98089,0.07603872
68333,0.66803896
42805,0.87164944
98565,0.64804256
115494,0.1133807
86169,0.0005777527
113224,0.7562563
67524,0.6951657
15058,0.31636214
13819,0.46366137
63184,0.4472796
1637,0.14485464
67868,0.7186652
16521,0.22383747
36688,0.95499986
98129,0.411692
90445,0.0007829906
62687,0.19859971
97719,0.12655163
14585,0.7913971
119673,0.8270706
34803,0.33641595
21994,0.7320016
37492,0.8760756
82564,0.00079148135
119909,0.7003318
37052,0.98500144
111247,0.1441531
55953,0.89343834
39448,0.9186851
124128,0.59346783
74542,0.92874956
8799,0.1158582
47778,0.8296457
91487,0.00082815485
106469,0.4148855
110618,0.061296884
65906,0.46635982
23002,0.59716046
64062,0.89155185
103536,0.25441793
118315,0.30440867
112838,0.8266864
73461,0.23259507
67319,0.11274944
74888,0.56903595
80699,0.0007598979
78611,0.0006833949
87453,0.00079148135
122204,0.8687429
94422,0.5312686
47296,0.12808529
121627,0.25055283
72854,0.16038182
63234,0.785394
104338,0.35054564
65823,0.5032898
97137,0.097909026
120197,0.8436867
71755,0.062381122
12261,0.3968728
104284,0.56587654
34659,0.8996084
10146,0.07546369
52264,0.66784114
111380,0.0720351
81995,0.0006118527
48404,0.94624484
18784,0.9832251
2777,0.12439353
111140,0.6623281
79080,0.0008163642
114327,0.86493003
15195,0.0700001
81913,0.00090536894
51150,0.16649629
19075,0.7904014
46980,0.89652425
56118,0.977499
326,0.16176935
33014,0.091290824
67857,0.14454992
62481,0.5689087
68035,0.53774136
27772,0.35814664
55564,0.56762046
53923,0.6833861
2769,0.3667261
95217,0.13132283
124521,0.89648217
57442,0.8340606
45252,0.4702748
6512,0.06537966
84493,0.0007546685
118146,0.16482545
45576,0.08657008
111043,0.17750311
8776,0.46236446
30666,0.9872864
110943,0.39470446
77270,0.000497984
22541,0.045342516
21938,0.04346883
93306,0.6842553
73454,0.37899408
39212,0.6551514
115968,0.5456895
68607,0.55239254
6789,0.4033101
75364,0.00035620132
116271,0.10666781
81309,0.0008116339
96281,0.63763237
103832,0.95487845
89480,0.00072447944
114839,0.49278453
58188,0.9684041
59265,0.26820838
70965,0.06419585
66747,0.46063644
97822,0.51370215
33030,0.047348358
22058,0.75569963
18460,0.2754724
117267,0.28393406
124405,0.5727569
28372,0.8983468
70262,0.155481
39693,0.9761648
94088,0.62779474
66815,0.5342768
117641,0.6908398
119305,0.8664485
43521,0.98345333
48213,0.94929385
91429,0.00070814526
54712,0.55273056
43219,0.94386894
60630,0.3999488
76719,0.00047962103
60659,0.2005582
30103,0.04008534
113034,0.07219977
36787,0.97507894
120632,0.72190005
115119,0.64370924
7633,0.16491626
63879,0.7033616
40866,0.9560286
43227,0.7304558
70333,0.3795
2786,0.15471417
50906,0.15789315
65981,0.5019839
49337,0.48314717
79007,0.00061072415
57578,0.7815395
26471,0.14721324
103617,0.16837825
61079,0.9357391
65998,0.4449005
66853,0.36141628
120100,0.47329828
43081,0.5527457
48842,0.94624484
60273,0.91628784
73453,0.6196185
97475,0.6170393
8017,0.24868545
35970,0.9521
52465,0.27922067
43634,0.946102
29727,0.9050287
57879,0.89575917
122529,0.77887386
79242,0.0006358372
17626,0.70321906
42179,0.9270399
95691,0.05965157
76112,0.00048879994
116495,0.5379161
23909,0.33267283
34069,0.07421972
32960,0.04358095
88903,0.00071910623
50990,0.76037365
10850,0.14850245
59462,0.85374653
59158,0.58251506
80420,0.0005871103
73031,0.94355553
98852,0.11593198
32353,0.952798
22366,0.9583904
118645,0.6479176
6931,0.21760418
89346,0.0006830381
37773,0.5610459
68098,0.5803247
120400,0.6700489
92544,0.2235533
119885,0.11889946
96764,0.28824678
59532,0.93035775
4736,0.75745
5870,0.069123484
70811,0.21231441
111509,0.4882631
59740,0.8373356
22254,0.8828387
115600,0.24960913
92658,0.6226871
67679,0.14516544
83769,0.00068678247
118238,0.7166918
43640,0.94379336
50182,0.093635485
103676,0.7590121
33816,0.9295504
115178,0.7847796
28534,0.034478758
73907,0.13162446
35145,0.9882718
2736,0.038560852
39330,0.12635101
80321,0.00062225456
12329,0.47665066
88032,0.0007546685
32721,0.51104254
65564,0.8661847
103263,0.1483996
21257,0.09022689
73695,0.16640954
101511,0.53891
116457,0.856983
50514,0.9108882
7057,0.6007192
106114,0.8382511
4116,0.6956682
31577,0.9169855
52651,0.8853655
38296,0.93118405
117938,0.1562438
112424,0.8791786
30471,0.98358583
36700,0.49350396
84150,0.00063210074
19386,0.76110804
108431,0.19427541
97117,0.3268581
123210,0.9481379
25642,0.05512274
50860,0.7025238
43012,0.93187785
123450,0.5479059
121277,0.25846884
87884,0.00082804007
56285,0.9515572
115483,0.13377085
17030,0.46681595
90792,0.00079148135
3305,0.36300722
90053,0.0007057381
86278,0.00070814526
82985,0.00078212784
693,0.8881004
57592,0.9371609
42357,0.0990613
76659,0.00048879994
22277,0.88463324
96631,0.3818483
89788,0.0007364278
40042,0.8767101
98916,0.13456182
46206,0.9746242
35519,0.7527577
33114,0.8299576
67397,0.15466951
13456,0.13352454
72548,0.81795853
99028,0.6999737
91609,0.0006913916
101520,0.1586725
20560,0.86197907
67786,0.06663151
27321,0.7386259
9705,0.05589232
22913,0.9061342
50226,0.8722949
50309,0.11552991
11770,0.12402003
99490,0.094767556
74470,0.48995638
23812,0.23059227
41946,0.915259
32963,0.059245866
34330,0.14751962
88704,0.0007156275
44466,0.99462104
22126,0.96261847
89034,0.00068177836
75152,0.00048879994
104056,0.44700277
15743,0.047508005
271,0.054124657
9836,0.0804126
100884,0.76495075
93549,0.18188347
77773,0.0006758696
18948,0.04558137
31038,0.89880824
11056,0.15811153
117134,0.70952636
87621,0.00076626654
26431,0.85767597
32671,0.6261196
118194,0.61056876
62891,0.23075727
77804,0.0002842891
118517,0.15624061
30964,0.9806644
72547,0.39680287
28176,0.13435552
122458,0.47900394
32672,0.75899804
40144,0.08637426
108494,0.15987548
71421,0.124971725
5702,0.079170935
96046,0.18875472
70009,0.7921914
50638,0.8205995
67975,0.12376881
1992,0.5520927
51856,0.9028408
118166,0.15784991
111160,0.16303276
60098,0.79936785
49463,0.74894774
8269,0.3649197
92559,0.24162118
62340,0.9494994
102943,0.55155486
72103,0.24492566
81340,0.00074954465
200,0.92545015
43978,0.4496538
80171,0.0005443886
45123,0.9914579
82294,0.00080492656
6740,0.4673039
12651,0.8061664
40803,0.9708046
56816,0.59664035
22621,0.8930844
53935,0.29783717
55501,0.8663431
19118,0.74600613
80,0.73528486
62422,0.94355553
96255,0.16209939
101384,0.44879526
45052,0.94104874
8186,0.412546
47346,0.935444
76578,0.000309773
15879,0.89379907
114543,0.8280935
43778,0.12732214
25941,0.075032204
61329,0.18398905
57507,0.89118505
95327,0.18665685
74690,0.1777032
13632,0.80411345
69152,0.82016075
107071,0.96152085
90429,0.00071180094
88930,0.0006634529
49273,0.8979841
86752,0.0008506706
109784,0.13040642
109351,0.16188823
26622,0.44100115
111413,0.050569765
62083,0.9796623
55948,0.8384951
111345,0.0748599
1812,0.22261487
20887,0.7654771
105094,0.16377799
91921,0.00399689
7853,0.6288586
64332,0.84994096
112662,0.080905356
45194,0.05991817
122351,0.48973197
100906,0.9010207
14388,0.8873216
46838,0.17312707
56433,0.8287635
36630,0.9425623
117640,0.79900384
7675,0.70178384
74924,0.9760226
8209,0.56278694
9775,0.71837914
61599,0.53500694
73664,0.23543572
81147,0.0005609791
19291,0.89602757
120847,0.8369385
8940,0.43668342
12044,0.7912186
68447,0.59807515
47063,0.15408286
69271,0.19408745
80198,0.0005443886
82924,0.0006118527
106493,0.17654614
33887,0.117856935
6430,0.09092113
2910,0.39568943
113791,0.7529161
3105,0.34562537
39412,0.9651411
33858,0.08147412
22423,0.93995166
100702,0.11938189
86225,0.0006118527
18000,0.8550473
78035,0.00050012534
47729,0.1593519
41243,0.9223763
70082,0.12687331
75511,0.00034567673
28157,0.85992754
31456,0.6289236
11425,0.54910326
30751,0.93607247
45559,0.16613574
26777,0.8956306
9996,0.22652574
102831,0.112305224
117273,0.291885
90648,0.00083159946
72604,0.67661613
120947,0.53877455
118681,0.6760697
66370,0.426715
82981,0.0007164665
13101,0.9879804
20174,0.12826198
118756,0.45683038
7930,0.1477521
78188,0.0003248441
13249,0.5351965
96594,0.48482937
105044,0.13667434
70240,0.45880955
52674,0.21632135
44751,0.46192786
1097,0.8423141
53900,0.3944421
38678,0.62876314
70961,0.9831451
5347,0.74972266
19155,0.9384844
73596,0.35672668
49951,0.16236185
8496,0.6206208
37638,0.97247756
63916,0.8568706
121088,0.41312316
79353,0.0005856769
62982,0.68587184
111152,0.1437213
123499,0.50185263
26776,0.90110594
36248,0.43805355
51910,0.8135101
57673,0.955659
36927,0.8300672
93484,0.16211143
32849,0.8780613
473,0.091761194
56853,0.09021558
118411,0.6788729
99220,0.12295124
83384,0.00073995395
59625,0.98098975
67543,0.668318
22926,0.8986242
97050,0.8901757
58159,0.7693566
1436,0.22516063
113862,0.586286
5399,0.3829032
34342,0.13545059
26288,0.84792066
124486,0.50788987
25418,0.91958165
63053,0.9293628
38763,0.9125962
48097,0.21137734
91974,0.02245543
89973,0.0007610281
86196,0.0006321884
68718,0.29285863
118476,0.4904414
22618,0.5884012
20497,0.6692251
68407,0.5849054
13966,0.049365018
74720,0.12595569
106889,0.9893901
23939,0.7790887
48099,0.13094516
94556,0.3487595
123102,0.79297996
114431,0.8217739
34041,0.07421972
28920,0.8791413
60320,0.70384264
97670,0.35541925
62578,0.81517845
43396,0.9240711
50798,0.63856816
81462,0.00078809354
31240,0.49008256
63988,0.1897414
95470,0.6338041
73101,0.07161795
42899,0.9114661
109882,0.023717886
98023,0.9820405
103399,0.20428553
43289,0.8053941
5278,0.7615792
11129,0.51126915
64059,0.50849545
37030,0.95685947
75748,0.0005304749
124733,0.6280956
113156,0.7851179
32708,0.9323886
86375,0.000689789
43129,0.90950376
44062,0.9136523
23782,0.5545913
31601,0.9682285
19258,0.82655406
108555,0.40656
72154,0.18341558
23485,0.49764508
44828,0.91208214
78333,0.0006222358
62046,0.9332834
11777,0.21171357
53922,0.41193062
12315,0.1176161
1424,0.15015465
90458,0.00072314334
36366,0.9833892
112603,0.441639
97988,0.074524544
76410,0.00048879994
115503,0.10384009
20607,0.91869867
86699,0.000793193
114430,0.8674249
77686,0.00048382
59667,0.9199037
55484,0.7843665
72160,0.16795771
12542,0.565533
97279,0.14798172
78207,0.00048375293
73871,0.23997068
33978,0.9774604
61918,0.8318292
90113,0.0006830381
14966,0.050712366
63175,0.9388765
88910,0.0007057381
57340,0.7331117
96020,0.51331234
116046,0.8624951
71648,0.2919931
20347,0.87417305
15599,0.28855008
6274,0.0760639
91069,0.00063657877
66044,0.6815968
53918,0.47154158
109086,0.10461493
108962,0.149584
45939,0.98810184
17927,0.9336231
85907,0.0008589338
14334,0.9041379
90027,0.00062287843
103515,0.7102566
31409,0.44147933
6398,0.6583954
77290,0.000497984
24464,0.032265455
29639,0.5212671
1452,0.5459918
3484,0.42709658
28412,0.3066404
82213,0.00061072415
68692,0.65514237
580,0.18097612
81130,0.0006118527
14124,0.9548143
101317,0.10452358
14140,0.8052203
10778,0.15133426
105590,0.13361713
107156,0.9904794
67160,0.3327983
51004,0.15541607
45059,0.8739028
34474,0.82118237
22371,0.7288537
42459,0.92471504
124977,0.85452867
109862,0.076919794
109178,0.040765837
7016,0.43136194
6344,0.4577512
25089,0.96703523
62875,0.24421673
100336,0.3262678
72790,0.29016665
67023,0.18009415
100448,0.17911895
51041,0.25308135
31686,0.5908439
118872,0.8751632
14727,0.9701185
102305,0.04367823
92192,0.6302695
18926,0.057655603
51071,0.68838745
119636,0.60762393
37370,0.97871864
112694,0.59547603
109578,0.035215653
13034,0.20880252
96082,0.14741726
107675,0.408805
67490,0.4685684
58564,0.9241069
104709,0.5014364
38387,0.96625227
14275,0.054511912
528,0.17165312
50658,0.15280788
120682,0.26759604
21594,0.97320765
62568,0.48980224
92825,0.09529524
25754,0.78737825
98019,0.93911415
93750,0.77235717
10168,0.44460604
70494,0.32283074
124502,0.9020092
92856,0.326512
105636,0.3048614
4002,0.55758774
46755,0.17124934
1646,0.8452477
97417,0.80780864
21788,0.6318746
16440,0.41344818
78289,0.00067568896
17522,0.22414489
62057,0.71375036
104744,0.36935002
61579,0.8283268
118810,0.67270315
106518,0.20038882
33748,0.47046694
1803,0.18935019
4225,0.8724497
85464,0.0007161467
70225,0.14275733
36907,0.919579
17313,0.16867177
69863,0.6951376
39726,0.884766
59437,0.9292023
18523,0.47851986
8215,0.53930426
30494,0.9784524
92546,0.65576035
62049,0.93477225
92399,0.10341054
22604,0.05493431
72722,0.24527296
121213,0.71260285
23871,0.22225899
114194,0.05686659
73924,0.24209893
117653,0.6664635
69818,0.49262097
117697,0.3812358
48086,0.20446172
73760,0.34132692
26341,0.8765528
7435,0.33208284
31178,0.79142964
16816,0.48767143
12246,0.84724754
30923,0.5219731
121401,0.3819333
83162,0.00078357285
67676,0.26450795
90946,0.0006788597
10347,0.40024814
43633,0.9515537
21999,0.26710045
91145,0.0007564102
54369,0.8598001
100002,0.41653508
22133,0.9698948
71576,0.27274352
47353,0.9486982
113611,0.095066436
97446,0.90375733
12531,0.6645532
65188,0.4550252
44664,0.79491013
79454,0.0006564047
96033,0.356876
124269,0.20202953
7441,0.49397823
11179,0.1560788
67106,0.27922654
17482,0.97571534
36678,0.91485447
40936,0.90706235
102095,0.2867675
21933,0.37093943
74361,0.45096725
4215,0.4281074
94773,0.10194942
63324,0.9056301
117827,0.666713
36169,0.500011
110541,0.14717989
26,0.7599218
20889,0.77922183
8772,0.45109555
23784,0.77344954
110710,0.019594299
78002,0.00031537347
106419,0.30557027
8251,0.2391778
9621,0.6387823
73250,0.41231215
116381,0.70754015
79381,0.00069521856
120974,0.90585774
79946,0.0005453946
4298,0.8320806
124308,0.9075536
62081,0.9790165
96336,0.14642695
16640,0.90415275
23656,0.96789205
16214,0.51958644
28511,0.54140615
81125,0.0006500445
91996,0.09037605
110087,0.14669104
2816,0.1315628
102652,0.070165955
121044,0.85538894
106862,0.97557926
1285,0.8813622
51453,0.8276274
122037,0.9222874
53267,0.83307785
94337,0.5602276
60571,0.8917453
535,0.499566
26363,0.09870592
55110,0.79502136
44531,0.9607492
64135,0.62233067
39977,0.9484946
16179,0.056527916
95022,0.8289484
83473,0.00069521856
69147,0.30293056
83044,0.00073158246
97931,0.6990937
78102,0.0002842891
120728,0.16586474
119697,0.89250726
105610,0.14672412
118594,0.6621738
45033,0.48261848
31987,0.7593516
18054,0.9007194
32261,0.67535865
81222,0.0005856769
30053,0.11153405
50340,0.5407647
44704,0.052796613
110845,0.0139044635
105811,0.23256102
27194,0.7287652
94430,0.12280432
71501,0.35124823
16678,0.67800397
23407,0.4519574
73033,0.93325
384,0.090088286
81386,0.00073349976
49015,0.985935
6535,0.0693715
77362,0.00031402273
90644,0.0006743955
25910,0.15661575
93503,0.17691927
79159,0.00087216054
10610,0.057515506
29710,0.042091236
94431,0.6200626
96756,0.8169927
66869,0.17093447
64646,0.49779686
105273,0.08106802
79238,0.0006500445
63594,0.92738694
122471,0.7565328
62824,0.9370035
25740,0.41446012
71787,0.18213907
68242,0.56727463
74489,0.14916255
13719,0.06820271
118809,0.46562847
70525,0.46084532
56391,0.64094204
89916,0.00078809354
4396,0.9094677
37498,0.9431259
45610,0.9439174
95897,0.29356688
40920,0.9881066
49646,0.7466668
57922,0.93705875
61169,0.93581873
59664,0.61127967
68677,0.2440439
74731,0.48137045
82386,0.0005477053
51123,0.53521675
96458,0.687095
84085,0.0005609791
72926,0.372789
87912,0.00073620223
53941,0.14370778
16304,0.35816878
13670,0.09503109
68040,0.30263853
102527,0.07149442
75003,0.00034602065
75061,0.00048879994
18281,0.99604577
102760,0.46482885
91536,0.00080492656
97890,0.059748363
10895,0.14467232
15189,0.08022996
120680,0.38391337
103595,0.6846783
11792,0.28559023
101441,0.37590793
23435,0.049200337
37106,0.94254595
63210,0.9350708
30421,0.91800135
2277,0.49343905
16743,0.71776706
1720,0.8749898
2906,0.098296665
34290,0.4110993
29712,0.038296044
82887,0.00082804007
56565,0.5398855
46358,0.93220955
121445,0.14211309
24832,0.66778463
112551,0.059985958
14975,0.19009164
614,0.47986102
97322,0.58304423
123570,0.6343793
65485,0.2409993
27531,0.38244402
7694,0.090255894
77611,0.00031846922
12921,0.12713821
8818,0.31399179
123476,0.85402
64986,0.9067005
116357,0.68792135
104802,0.29677683
104973,0.39266855
99004,0.59094524
29103,0.91405916
41618,0.10650239
122783,0.19347194
8791,0.491442
88818,0.00078809354
20949,0.7853976
116995,0.801943
29729,0.44815412
48108,0.9473102
1341,0.7516169
22811,0.14792222
107833,0.1606383
6387,0.2145745
67516,0.33517745
103488,0.47889188
76184,0.00046739087
117508,0.71133506
4074,0.32263854
12086,0.15699703
103400,0.41010126
93033,0.96717614
44723,0.07183032
103017,0.18012118
122658,0.5583669
48947,0.08725766
56328,0.9590375
72204,0.7973016
77888,0.00034602065
7990,0.06354915
107052,0.5656582
19589,0.8824481
59323,0.88009113
94086,0.9677558
17407,0.09208756
63894,0.8110667
14330,0.36623967
124619,0.9214563
97111,0.13086015
113303,0.3693008
57529,0.54223007
118275,0.6244138
36975,0.9265647
82054,0.00070239493
35743,0.9826362
64141,0.40814146
79745,0.0006602297
17361,0.08803497
116627,0.4175588
76392,0.0004702451
93052,0.4783261
98858,0.6472264
67713,0.061140716
87780,0.0007087539
87727,0.0008506706
54469,0.10454833
95134,0.63163376
115191,0.29340646
81518,0.00087101496
57688,0.8423295
61607,0.76767343
67504,0.17658502
108377,0.7175128
104192,0.2648544
105893,0.88664025
49474,0.735684
86663,0.0008235717
110325,0.15388337
82925,0.00073158246
52976,0.76436037
93202,0.17768988
24933,0.52681035
64334,0.80690753
112150,0.12435659
110273,0.5671436
28394,0.13323727
53407,0.7725041
106679,0.49076402
35216,0.83563286
48357,0.17709035
45225,0.2987746
71070,0.5734939
21342,0.92266417
30093,0.045736026
78510,0.00066846405
53811,0.8285245
116231,0.82528394
96637,0.5871322
42844,0.104206495
27538,0.71511185
100181,0.5704478
100574,0.4672484
83407,0.0006564047
29737,0.3976673
34110,0.10829092
43566,0.31506932
58837,0.54438263
90043,0.00075327675
112591,0.71990573
35271,0.9859811
9937,0.074328244
114622,0.86238784
52221,0.762914
94503,0.22417028
113618,0.06200707
68608,0.47481066
107555,0.9728242
84546,0.00078357285
91669,0.0006884217
52549,0.1399709
98159,0.54097646
107043,0.9657996
64126,0.1534001
51993,0.17161077
83517,0.00064104784
38350,0.9231291
74350,0.574608
14957,0.86815935
102614,0.7538358
35435,0.93146646
23669,0.9793017
63353,0.22437434
9862,0.3259388
101334,0.07424602
105153,0.46594733
89353,0.00072447944
15068,0.3795632
121483,0.77176154
9417,0.6103516
36536,0.5795824
3261,0.92030597
79538,0.0006219447
13397,0.19221696
8082,0.16313422
22084,0.9271028
83626,0.00071265746
18588,0.1908157
26095,0.48838955
75558,0.00047872716
120775,0.5022869
13145,0.371142
35406,0.95018077
72426,0.4504736
40455,0.9739939
110952,0.22522955
47949,0.9549699
49941,0.45745143
94258,0.9878891
118210,0.26188827
24899,0.03375033
13012,0.31137866
124171,0.79492724
67330,0.18009415
8795,0.4675724
42756,0.90269214
12904,0.4412307
65570,0.56495136
102298,0.048838083
59716,0.8083384
20867,0.07739397
103765,0.7451308
64230,0.44744816
18633,0.1850644
39650,0.6806223
4949,0.9853603
37128,0.9521189
28136,0.9204228
7110,0.541429
61668,0.14073764
18433,0.2981268
36151,0.49855402
52875,0.7392127
101944,0.4048534
122712,0.08069621
62455,0.9387851
50863,0.7521726
95228,0.5764162
7939,0.72234833
85641,0.000617016
21339,0.6175319
44242,0.4595943
83512,0.0008397583
37722,0.93317556
85336,0.0006981096
15631,0.9724743
64821,0.79402393
118028,0.4998454
38315,0.8605851
50836,0.08367246
73687,0.371404
30288,0.53250647
110694,0.15945031
21455,0.9375247
81219,0.0005871103
80219,0.00061928213
90762,0.0006943035
85009,0.00080492656
35099,0.9186349
70215,0.059419867
31765,0.94696
69945,0.18196477
105933,0.923488
119746,0.71385545
43478,0.8737913
35733,0.96565807
68661,0.7202979
61279,0.9762245
84847,0.0007087539
95712,0.43676227
82227,0.0007290488
67525,0.69058114
109985,0.045747664
103068,0.69777364
105778,0.7646367
34490,0.438102
118437,0.78157496
34858,0.9550055
53906,0.44352546
404,0.5150117
26375,0.48688444
43474,0.96033293
21089,0.12534416
69033,0.38080752
84515,0.0006823
53724,0.5668575
105224,0.20038882
118579,0.3594554
121824,0.9183427
80594,0.0006994348
116760,0.87582344
41984,0.47486785
61092,0.92596656
65405,0.71282566
54807,0.83329123
96464,0.13066588
103838,0.9647929
19841,0.8617645
70076,0.108327076
73103,0.2247576
113343,0.07532781
9772,0.4759318
123853,0.90940636
21090,0.4432106
124904,0.5547287
36512,0.95693105
117242,0.7493331
89782,0.0006943035
86032,0.0006092332
25540,0.8784934
113880,0.16595143
72250,0.17130092
27915,0.7856944
19964,0.65085053
80711,0.0006358372
72715,0.6300064
29372,0.4804396
37275,0.98993134
40843,0.9558053
110427,0.015325714
6554,0.12499449
91290,0.00072029757
48423,0.9811978
33572,0.08683667
115899,0.22319017
26514,0.85637164
37344,0.9847415
65678,0.9681211
57800,0.7927024
72791,0.6150706
118345,0.52190745
6624,0.9175836
108098,0.13059334
105302,0.29982454
68633,0.81428075
64929,0.81370354
56677,0.96987265
90077,0.0006788597
99973,0.21926104
57194,0.52503043
55137,0.80383736
120559,0.54335874
85178,0.00075327675
91026,0.0006541203
62329,0.9648737
14743,0.9279115
49176,0.8418768
117163,0.5102341
72419,0.30829406
117725,0.17057636
84935,0.0005477053
25902,0.5732288
62271,0.9494994
39149,0.9947455
92228,0.25843513
49945,0.18027249
65402,0.72546005
22285,0.7191964
108201,0.80467033
107875,0.4952817
116739,0.43559757
20661,0.9191754
5373,0.7584482
64340,0.8414544
37111,0.9681552
7551,0.1949764
88005,0.00074567186
10282,0.11391079
709,0.45345592
102806,0.34565145
112567,0.103606164
53224,0.9012683
60135,0.93941975
83334,0.00073995395
107012,0.8376894
18469,0.80363894
47546,0.97491676
30566,0.9150285
15573,0.99492973
30028,0.49367997
4587,0.4902722
69760,0.9846257
11022,0.08269222
21539,0.98394436
66770,0.18292934
88745,0.000666878
78080,0.0002842891
56688,0.96501565
121267,0.6244138
32907,0.9336742
66436,0.16476518
62975,0.84483325
29314,0.7772598
11565,0.050481807
72617,0.5478767
82140,0.00073620223
28880,0.8947306
96293,0.17482181
79261,0.0006994348
37625,0.9469187
78782,0.0006564047
75840,0.00046415333
60980,0.9027109
33287,0.4533188
111454,0.057460923
60050,0.8609869
991,0.94679946
93012,0.48714933
124285,0.87608767
14462,0.94726187
50477,0.8578672
765,0.5034301
124193,0.78495646
20612,0.90221477
55032,0.39569667
31166,0.49620983
122232,0.42596313
103882,0.6608649
95089,0.39357305
34332,0.800418
27322,0.4523264
4909,0.94300747
65437,0.14267744
27411,0.60494775
65353,0.9457156
85434,0.00059321127
34247,0.9656185
111642,0.3989719
95971,0.10238365
15209,0.15020786
100503,0.28070575
35764,0.98226285
15988,0.66683537
115906,0.55664617
71254,0.16457345
63887,0.7799695
27229,0.41582644
122805,0.54563296
52966,0.18987256
116230,0.42594886
61111,0.92594755
45526,0.06360917
21320,0.049353924
45850,0.94614804
46996,0.8634224
120673,0.33414087
42062,0.9872596
15661,0.05642654
77992,0.0004858331
23004,0.9200689
96554,0.08666777
45633,0.95545673
8230,0.069414966
103283,0.16402899
2213,0.30664796
99355,0.07717198
35776,0.986779
11211,0.7243605
54069,0.42959768
53212,0.8065834
115891,0.110959016
37306,0.9364254
647,0.9636529
91275,0.0008589338
48304,0.7345617
26353,0.07285371
54270,0.60841507
4830,0.71348673
99881,0.5889057
58718,0.84696764
5288,0.86483127
114861,0.62090224
4233,0.9325841
47526,0.9143919
54043,0.5142746
2578,0.19008821
65214,0.9398911
56879,0.4868753
10429,0.26636913
38080,0.98924017
54593,0.4442057
112886,0.72903377
43266,0.5623471
116912,0.124311075
20742,0.33668303
57415,0.7654548
12024,0.039121997
10774,0.499526
15062,0.072331935
5959,0.068001516
22764,0.13446885
103099,0.061264213
121003,0.5708809
4591,0.7131502
102571,0.55501395
107717,0.44419807
109600,0.070929475
70397,0.81099266
17501,0.59299946
51930,0.892749
114316,0.43961322
39657,0.11094718
57248,0.8825818
81661,0.0006571289
9851,0.28821108
25570,0.076515466
33865,0.056890517
29786,0.7826389
47099,0.65771997
59994,0.12878476
124783,0.5152037
50059,0.17204146
43534,0.42003495
3769,0.16050114
14990,0.29718372
43817,0.84184253
77503,0.00048620004
115881,0.59134746
29121,0.94012547
65497,0.91456294
81689,0.0006649132
32615,0.987428
37272,0.9925096
72822,0.43535057
122333,0.9001054
1108,0.5753234
70270,0.73668355
49311,0.61725956
61602,0.9107065
104654,0.146358
98557,0.1175725
54938,0.89823496
114845,0.08759667
85842,0.00059321127
21415,0.63676876
81057,0.00061072415
10313,0.5022303
3542,0.3253034
107801,0.2353679
91220,0.0009475671
44263,0.9767883
96204,0.28801012
125121,0.8664776
21906,0.9465738
121759,0.6325196
58976,0.82724226
8365,0.10530599
64145,0.13776727
36362,0.97956306
28971,0.12421948
77071,0.00045083935
4136,0.4822873
4059,0.3713049
49034,0.98057586
85477,0.0007677916
88641,0.00083159946
28053,0.35452533
115820,0.71657586
48319,0.19285326
1132,0.88595563
124735,0.18027249
76416,0.00034602065
78053,0.00043795496
91782,0.013712076
33977,0.98243445
39214,0.17603801
32774,0.9208629
73893,0.16763623
101173,0.11439563
36916,0.87126935
66937,0.1609549
70360,0.4345981
8377,0.09508928
27157,0.49989763
41714,0.7797642
62213,0.9215192
27003,0.85077757
99316,0.17159529
76653,0.00035620132
92929,0.86025
54632,0.7170642
34546,0.92116696
114429,0.88714296
38234,0.93886733
57947,0.84558815
50362,0.6768155
10072,0.17911026
36752,0.93645287
14234,0.078898855
45265,0.372955
26761,0.86646926
107575,0.93674105
84104,0.0005973758
45637,0.93649375
93137,0.939501
71574,0.12394167
2464,0.4675107
367,0.8641323
76867,0.0004858331
30218,0.56493545
47352,0.9200302
32583,0.963133
115369,0.26948285
75253,0.00039761982
58525,0.86535585
45210,0.089074604
26178,0.08932857
103810,0.7832959
26428,0.61892986
100626,0.671681
112302,0.360261
72933,0.5876826
74185,0.14730528
118711,0.46289927
14419,0.35025653
56812,0.1736291
104468,0.16864264
107223,0.9962358
101530,0.43455955
101733,0.30137068
109596,0.02533787
99902,0.62367225
14394,0.9433405
2428,0.17927065
4660,0.747578
44331,0.9416945
29545,0.46833402
40798,0.5072502
54952,0.9147998
82001,0.00083159946
7623,0.15024374
10397,0.76049614
87399,0.0007676822
2668,0.12860125
6008,0.08580669
73563,0.20644608
71709,0.63502884
14379,0.8159469
23279,0.8626356
4378,0.7876279
17035,0.15240516
71896,0.36828774
28462,0.29388615
108334,0.48750106
45707,0.87140536
70299,0.28589147
34387,0.5843849
86189,0.00069521856
107117,0.986827
22316,0.8737124
13122,0.8457235
63901,0.8129539
29165,0.7283787
105375,0.92237324
121831,0.49485284
95634,0.37138838
20461,0.28556225
102331,0.07043228
45803,0.53633285
28007,0.25113446
69234,0.12355151
39261,0.9829512
66125,0.09263354
30898,0.6585384
16706,0.18552884
93292,0.27021798
49385,0.41670597
47317,0.37767747
102752,0.42813504
60519,0.5254482
109598,0.032765493
26582,0.58472705
15960,0.5372551
75033,0.00039665838
10881,0.7699336
26664,0.85478806
43256,0.8985297
55570,0.17702603
38007,0.986185
14872,0.09265959
122126,0.16142276
100111,0.4113035
106580,0.17876907
109072,0.033446006
110505,0.09426426
76884,0.0004653896
103512,0.1883004
87800,0.0007629865
24585,0.036856126
110126,0.03471482
97843,0.07974813
87722,0.0008506706
28980,0.4648058
73850,0.14043252
65404,0.20713371
18589,0.15753798
34024,0.3462117
76289,0.00046739087
71589,0.17229484
64451,0.9907979
53525,0.8480341
96969,0.54799944
2307,0.70625234
30934,0.17969197
107797,0.24752435
84358,0.00061837124
27277,0.30363756
54848,0.46521986
76927,0.00042132943
68668,0.22228704
40016,0.904728
78133,0.00050317944
97151,0.29328033
118795,0.5461538
47432,0.12313193
40940,0.9166706
91885,0.0057092356
93948,0.77358526
17759,0.8944887
118455,0.6240963
1554,0.15406856
18946,0.06246829
56855,0.17075235
27449,0.12865537
17929,0.94065446
67811,0.30571643
109500,0.044195365
22797,0.6015265
26105,0.815617
98364,0.16474374
34266,0.1109362
53916,0.6953074
47825,0.9413407
96190,0.671307
78184,0.00034578206
97205,0.6000602
125139,0.57621574
120484,0.7491993
66828,0.13875544
54967,0.33666185
42123,0.9636072
77225,0.00033618178
83436,0.00073995395
45694,0.4214905
105672,0.17506032
65763,0.4566028
72990,0.8686391
108310,0.40925312
24605,0.036856126
117612,0.7752463
75537,0.00031402273
103500,0.5539456
13521,0.91716343
31655,0.8885644
103205,0.10463047
52160,0.57895327
34948,0.32802355
106305,0.9629689
76816,0.00045083935
119959,0.1631422
64448,0.9856997
111838,0.09521302
72918,0.27121708
33524,0.13727705
51689,0.17436303
47841,0.6451779
117657,0.5597313
98406,0.13553101
73967,0.5908041
19740,0.13185208
112999,0.7897561
107609,0.44201434
43649,0.95889443
27477,0.63830703
88414,0.000733533
17742,0.53081006
62921,0.3107955
4,0.75782603
83423,0.0006564047
24274,0.62724835
51946,0.77464145
42583,0.9309153
94429,0.30688983
76925,0.00042132943
42701,0.9927954
74560,0.97405565
55585,0.18986021
53418,0.8169858
38896,0.39660755
26999,0.55014974
42072,0.9845909
121568,0.74278826
18153,0.9863469
2819,0.12795568
50007,0.71191293
123015,0.2158062
64918,0.8334049
100585,0.46072206
81890,0.0007087539
91333,0.0008000424
11525,0.07537807
87788,0.00079308305
6754,0.5127642
97745,0.33615366
49006,0.9825433
78988,0.0006999549
48267,0.06778487
118988,0.54708195
47435,0.33057714
100367,0.3285118
51251,0.21463999
82554,0.00083159946
118566,0.3892936
11243,0.1319357
27681,0.22595209
77905,0.00022460475
74561,0.9784466
79254,0.0006358372
74545,0.78159404
23759,0.8165847
57454,0.8403693
96717,0.8362008
8370,0.3999349
121813,0.7046646
53821,0.19042177
18599,0.52843904
116371,0.7269588
121726,0.7142371
10989,0.059368424
8222,0.4274612
35732,0.9505496
27834,0.32264003
42945,0.97585344
96397,0.14296584
54503,0.6440763
817,0.9641307
59259,0.8110667
68736,0.040287413
72030,0.23572998
30967,0.9860641
119824,0.7909917
34506,0.8761339
112901,0.7985158
105561,0.6907569
65433,0.14404376
28356,0.17824723
52324,0.28672668
107508,0.15573911
88373,0.00062509434
98312,0.6219317
3119,0.25906557
1741,0.8121606
45925,0.98543304
25254,0.30689758
88700,0.0007011162
74260,0.37117997
9334,0.61852
81876,0.00079148135
71316,0.07768724
109415,0.055221424
110575,0.028853064
67682,0.11193345
73020,0.93865955
100862,0.23496144
10095,0.635516
124831,0.9010899
52239,0.08041902
18099,0.96814394
95425,0.42271703
50425,0.34763932
43317,0.8850881
83878,0.0006092332
55725,0.48734245
41730,0.47041065
56909,0.94017607
50954,0.769682
40070,0.88796556
84824,0.00061072415
78919,0.0007056345
122357,0.771656
63821,0.60525763
97623,0.7280472
34544,0.9148812
87522,0.00083159946
16572,0.77859586
31884,0.987515
95108,0.6747928
58869,0.650053
110038,0.09145201
6528,0.050026227
92902,0.964984
13355,0.081961975
31262,0.568654
51068,0.7248549
34177,0.9292857
45300,0.9394273
34503,0.806592
7063,0.17819154
15398,0.097131185
17499,0.96644974
61322,0.19712304
60864,0.94999844
77055,0.00043795496
111979,0.45307904
55140,0.21983749
112314,0.7385699
82316,0.00065761764
90945,0.0007056402
55668,0.19017822
31453,0.6289236
44990,0.88796556
105673,0.67559224
62193,0.92572427
50256,0.9440187
48451,0.99076617
78078,0.0002842891
72061,0.5793067
71193,0.16791283
93305,0.62503684
76803,0.0004653896
60087,0.81719404
38751,0.58480287
42109,0.94886243
61931,0.8807175
104185,0.15409899
11345,0.16424724
12256,0.17642061
27271,0.2948561
123990,0.88743
347,0.585121
27147,0.81802315
88163,0.0007732796
55259,0.8066933
14387,0.9173511
33400,0.6261836
565,0.47998816
122946,0.7574115
35196,0.94335026
69654,0.9460604
76668,0.00042078932
86392,0.00083667604
102968,0.044064492
24095,0.038660284
57384,0.9396644
88823,0.00070814526
123750,0.65687186
96513,0.17938855
49695,0.7831648
27673,0.15753198
118663,0.59770876
108622,0.4466733
53685,0.37462366
87272,0.00078809354
21628,0.9440271
28576,0.274866
64129,0.77204245
111376,0.06777327
26931,0.57375085
39864,0.8994939
18495,0.35715705
107229,0.9958903
110646,0.043329988
107703,0.24906935
30581,0.96653605
77712,0.00034949707
108063,0.34093052
115896,0.18714722
87493,0.00085605605
69284,0.28655478
15539,0.9882939
115177,0.328245
93060,0.89777714
35856,0.9315797
119839,0.3397617
33120,0.5115729
122120,0.16173959
31834,0.986401
27713,0.5761071
109082,0.030910945
100743,0.107508026
119166,0.57856923
13680,0.44707486
68317,0.18094528
82661,0.0006118527
40980,0.9771631
5861,0.5792441
24341,0.13178986
61808,0.57508993
95993,0.40661463
81440,0.00078809354
42326,0.10812396
58336,0.985887
26186,0.51496094
6809,0.35531214
40155,0.57644886
92879,0.8126966
6294,0.69649535
83112,0.0006564047
52510,0.13064985
101332,0.07665055
123576,0.67598164
115134,0.19708557
10192,0.4606113
71797,0.35888857
112426,0.55847424
92701,0.18155192
29207,0.21010225
119100,0.21211253
77837,0.00045083935
62974,0.73338765
82732,0.0008000424
88891,0.00076582195
64040,0.82713306
63748,0.74984574
98075,0.06269655
119905,0.496258
8793,0.3692632
116649,0.83635676
72281,0.3041956
19091,0.26661792
6757,0.4949715
9178,0.6892168
2177,0.113986924
86519,0.0007610281
30104,0.047625773
30610,0.9812133
37007,0.7164307
8297,0.09933368
51845,0.9008921
100258,0.4480168
7095,0.63045543
115880,0.8063613
33367,0.8660265
99596,0.32211658
48211,0.5237625
124291,0.9057297
114734,0.80888623
56417,0.6189398
60693,0.86995655
31182,0.85767317
40812,0.9574602
110185,0.1465216
45865,0.9692304
17301,0.9076382
66703,0.26965722
72320,0.19612724
86293,0.000743648
84128,0.00080492656
31586,0.47214904
69150,0.52499765
29575,0.6042863
21508,0.9637232
119714,0.8981645
59980,0.08311887
57730,0.77258384
94166,0.9393016
55627,0.22084033
75895,0.00031402273
58781,0.3078483
54539,0.122741446
6578,0.044603385
124104,0.6719879
92981,0.94866645
3881,0.13602026
105019,0.37633157
31287,0.5332088
123177,0.7809571
117798,0.58222497
60484,0.89245635
15757,0.05149356
122513,0.8296497
103286,0.6530113
11832,0.06169662
72327,0.8041653
104243,0.16717844
1481,0.87200356
69037,0.38080752
49859,0.19257168
19671,0.95053905
45794,0.9401997
91431,0.0006634529
82835,0.0007290488
43373,0.96454287
77460,0.0004858331
102208,0.31509587
60201,0.19418012
83997,0.00068846304
61618,0.14307685
34051,0.07421972
630,0.9143035
111344,0.66866773
87511,0.0008235717
70803,0.17251709
64445,0.9886938
75411,0.00029045978
39863,0.91074806
121537,0.83135444
123460,0.8578672
124640,0.94997394
120093,0.5811574
113420,0.7983849
12181,0.30924997
4221,0.74377096
40754,0.66591424
124909,0.079940185
941,0.9000685
41280,0.97564757
981,0.9146821
4998,0.98606354
20180,0.41934118
109460,0.12027042
4210,0.76882035
102176,0.8485942
103608,0.14024249
21271,0.040874045
28868,0.8446564
96638,0.51543814
1466,0.25534642
33802,0.34306592
20637,0.919567
90718,0.00072770426
21668,0.87586796
38819,0.95198303
118657,0.5692291
87103,0.00066540483
9122,0.40526402
72807,0.45010892
97825,0.77166563
29870,0.0667303
26469,0.7895033
18563,0.2151099
101162,0.4684139
86748,0.0008129788
36228,0.40602884
72148,0.4983132
123836,0.80192834
35226,0.9658472
119380,0.7288772
6824,0.26105434
22353,0.9356331
44839,0.4944574
48274,0.06388295
83949,0.00070814526
65725,0.8320541
80828,0.0006118527
54909,0.83961606
46649,0.95476365
94614,0.11942661
8976,0.49755996
2574,0.466686
46550,0.910361
103799,0.34133297
63577,0.95341796
100172,0.6103415
80547,0.00063335657
23713,0.9928948
26705,0.5708267
3407,0.25653276
28065,0.26951545
58224,0.98937094
39774,0.9507209
116286,0.63965183
51900,0.8002694
102724,0.315631
5003,0.9945635
113254,0.38875628
110804,0.056632806
50663,0.84130895
58972,0.82071537
34967,0.8569836
47150,0.11019866
113452,0.09373584
10187,0.15799308
110529,0.029364968
99345,0.10778563
22596,0.039997146
41408,0.17072268
61330,0.23288898
123063,0.8747309
16425,0.44159827
74739,0.17918432
51982,0.4794139
123654,0.791359
46433,0.97222036
25650,0.045271564
58120,0.77131164
68267,0.27759963
109122,0.12007766
14738,0.9891872
88926,0.0006759675
33336,0.9033199
118155,0.12655209
13910,0.06195635
59056,0.84951144
119074,0.5540522
44881,0.9862738
10237,0.62783164
89158,0.00071180094
29873,0.07096581
103592,0.4134484
95026,0.46626234
64753,0.6015554
41396,0.8950305
53333,0.83802205
60603,0.39778227
47220,0.089981295
110732,0.07760291
103097,0.10892048
31064,0.34111786
24849,0.18948762
12457,0.14929199
87029,0.0007531723
33139,0.44839337
99380,0.28804007
52699,0.17491612
46898,0.5419227
115300,0.13325875
114015,0.04664791
25521,0.9897054
3306,0.8013795
28251,0.37441006
93515,0.12477822
89045,0.0006830381
107472,0.1900354
124440,0.9031545
13461,0.09944525
15895,0.3461105
97989,0.43672088
42016,0.9508792
40236,0.9588772
13784,0.5898977
57817,0.81310374
124283,0.81409645
19810,0.7209577
71126,0.17900899
93533,0.13264507
102714,0.78141177
19428,0.9186057
53552,0.4584044
100250,0.5042466
46102,0.88701415
101991,0.56500965
66545,0.25872585
29817,0.51122636
48721,0.9796225
109168,0.14717011
3856,0.60482496
8783,0.7876288
42838,0.08716929
15527,0.9865698
107198,0.99163634
62984,0.2133086
76086,0.00044745955
92303,0.5136289
119588,0.34345686
100161,0.30099022
31395,0.972446
97753,0.6521833
12848,0.4861673
31845,0.94252306
98567,0.09523506
51179,0.773673
78336,0.0006981096
69159,0.3790332
116794,0.75664574
6243,0.33945847
38425,0.10925803
45727,0.10442156
77760,0.00050545414
78242,0.00042078932
81035,0.00065761764
50354,0.7255027
543,0.69153696
26405,0.38099045
96316,0.17447533
28667,0.33493805
52419,0.47586304
40128,0.105675265
107928,0.33074313
96307,0.18370417
69448,0.56406486
26649,0.8739286
109376,0.10549105
14267,0.05116778
48731,0.98595506
44507,0.90309703
119742,0.90068847
115462,0.42783338
46389,0.72147703
50742,0.3295712
21749,0.9186197
43641,0.9740239
56622,0.54850805
67013,0.1404483
101832,0.17043845
14080,0.13951279
112447,0.20945936
1163,0.96468663
66989,0.31474146
67081,0.17112327
59040,0.8147933
84759,0.00061072415
6456,0.089299254
111526,0.82879376
110966,0.037477672
67978,0.12171747
111417,0.076682016
82442,0.0007010995
12666,0.5382349
46391,0.504536
92491,0.31818193
123043,0.7854353
65844,0.9190239
115340,0.8063944
81001,0.0005811886
45906,0.98350614
76322,0.0004401705
111460,0.82010895
115366,0.40155852
69225,0.5718287
19295,0.55700296
435,0.17119317
73505,0.14859304
3243,0.76564676
14820,0.9951787
16088,0.1562596
3947,0.16937421
19158,0.77272516
99371,0.090733066
17096,0.7293429
35092,0.9605464
5243,0.77691245
58534,0.8641527
54357,0.86111015
79734,0.0005856769
77677,0.0003264607
62440,0.9416188
90095,0.00068177836
47900,0.90843195
1866,0.8515493
8726,0.28729257
55354,0.8024741
9893,0.13159172
40282,0.9122919
57819,0.8420538
40302,0.90147114
18298,0.9518395
35688,0.6364793
87428,0.00079148135
70661,0.57811844
108429,0.1982567
71341,0.72346884
81912,0.0008235151
90376,0.0006830381
89508,0.0007245892
44205,0.61806226
95647,0.3813887
15131,0.0887975
76073,0.0002842891
56888,0.95849484
30482,0.9851206
90299,0.0006830381
42920,0.9683501
6217,0.04189036
13368,0.15458408
54995,0.37808117
8455,0.4886839
76090,0.00043047336
93944,0.63726
101314,0.08669661
99467,0.08773812
49420,0.9627827
109091,0.029068477
15686,0.16957127
5887,0.1590427
103377,0.12646899
22662,0.4510192
59211,0.6146965
103113,0.19530408
123333,0.819093
102356,0.2545341
62594,0.7165197
111459,0.42524788
92260,0.12844497
45781,0.12280554
31168,0.31311506
93023,0.9290074
99538,0.3535493
56277,0.9010046
123297,0.595273
75339,0.00034602065
69077,0.50773585
56493,0.9128363
119442,0.10348387
95024,0.8808979
93686,0.5930355
46510,0.9729187
30734,0.9187971
64593,0.14909382
48425,0.977022
19283,0.8021658
90232,0.00079148135
4881,0.9203242
19647,0.88994104
108932,0.1730602
47410,0.87420946
3952,0.15776902
68842,0.0524457
93873,0.15277542
62573,0.8188058
39219,0.1824265
91555,0.00082804007
97218,0.6885391
105787,0.36213055
16428,0.10400474
120690,0.38095266
85399,0.00061072415
65008,0.9044982
103997,0.48434275
47280,0.56722784
108102,0.15149893
66182,0.59704113
106125,0.8239141
113751,0.1618668
94707,0.13247627
33092,0.9188142
121854,0.848647
73877,0.17001525
53325,0.7723238
75769,0.00031537347
12330,0.45478383
62100,0.8828451
116442,0.49388435
53381,0.9323339
68395,0.19331619
110451,0.020113999
65309,0.9566468
36923,0.18752134
48632,0.9212903
10929,0.598199
14668,0.95840156
29649,0.871847
117152,0.23421273
90643,0.00066222926
16697,0.64678496
46686,0.97634184
91636,0.0008589338
40585,0.84064627
41776,0.111988105
105502,0.7773682
114197,0.066655435
83067,0.0006564047
87600,0.0007290488
37658,0.9875481
119964,0.7237899
50902,0.18313839
88051,0.0008235717
112463,0.118931286
51228,0.49957514
9409,0.4945691
26590,0.4533519
45444,0.48620874
122236,0.13833377
37108,0.95607287
81072,0.0006023013
31534,0.44856352
111517,0.114646606
7170,0.08371895
48672,0.97922945
41145,0.98614776
32362,0.50534564
67631,0.69692004
19028,0.16361454
75467,0.00050012534
71934,0.13859017
27179,0.37673882
123684,0.16729742
89587,0.00067342183
62404,0.92701125
45589,0.31985033
102370,0.30734769
22829,0.8426767
7603,0.14332612
31490,0.9634759
7728,0.07628994
115225,0.8006698
117309,0.8901571
78164,0.00031402273
93844,0.17488752
41757,0.62089396
42692,0.9927954
109434,0.021661688
88985,0.0009654408
95479,0.4702342
47654,0.8444588
6278,0.08683722
59060,0.85018766
124250,0.785946
8075,0.54884934
19839,0.75532246
119366,0.9105956
9924,0.63229537
107667,0.22235473
99117,0.66377133
8761,0.71353203
31579,0.9466005
23884,0.09881963
84330,0.000629512
85912,0.00068064773
56551,0.87079257
61205,0.74350137
118156,0.6165086
92704,0.15069583
56985,0.61342096
63553,0.9244981
85102,0.000628048
117620,0.7211223
57300,0.15945387
122026,0.9172881
167,0.9759478
62326,0.9472546
65565,0.8536981
34607,0.9253144
95481,0.4702342
90259,0.0006943035
12579,0.29287556
119867,0.1158848
77647,0.00036205846
101580,0.467373
46537,0.9861921
53010,0.81137687
49736,0.08397776
116243,0.1794381
89546,0.0008506706
84698,0.0008129788
66925,0.17201994
87485,0.00082815485
72894,0.17995204
114993,0.26086682
50929,0.7664048
38244,0.96439296
39994,0.088767305
113997,0.054213054
76634,0.00034602065
56655,0.95805883
74631,0.896791
59015,0.82169205
43490,0.9817
114656,0.21204193
75198,0.00047872716
67928,0.14331466
39152,0.9955798
95058,0.65500903
60931,0.2040684
46106,0.36143497
68960,0.086207315
3035,0.42985156
32201,0.9848236
7996,0.30017507
97752,0.4662668
6799,0.08577164
5226,0.7094239
78243,0.00048879994
33401,0.81617224
31656,0.92790097
40330,0.97149056
65660,0.9303438
73911,0.1788268
53003,0.8692357
97646,0.0926955
61145,0.9513239
122657,0.5583669
62759,0.22636953
31813,0.9885698
48992,0.9768935
97091,0.3350415
54328,0.7806448
32111,0.92407095
87571,0.00079148135
55451,0.89824426
8034,0.20583805
67936,0.53589374
107471,0.6307879
35116,0.9611185
92587,0.42852718
86443,0.00073158246
101494,0.2676119
66754,0.31026298
115819,0.63191515
78072,0.0002842891
101891,0.6969832
111617,0.4867112
21924,0.908765
116312,0.3931376
59724,0.81188893
78122,0.0004858331
87956,0.00082815485
111141,0.62214833
806,0.93484193
112767,0.7039917
75327,0.00034777125
110949,0.47753364
1381,0.58133525
80452,0.00064104784
76401,0.000483398
39026,0.94371295
107594,0.0668648
102689,0.29803348
25948,0.12639609
56426,0.8810586
77087,0.0002842891
95733,0.1698362
20477,0.77990013
104114,0.17771433
110070,0.12377474
53098,0.8320928
48365,0.17928249
78040,0.0004401705
120782,0.7774487
90787,0.0006943035
95489,0.8092898
54576,0.9078674
37046,0.97592986
103256,0.32705653
88262,0.00077365653
72369,0.4399565
87112,0.00076626654
32146,0.9667568
120336,0.21713346
63847,0.6365921
101345,0.16019733
14168,0.5675068
6634,0.1388899
113766,0.82492
56250,0.85974574
106840,0.97578645
26442,0.6736905
89959,0.0007531723
34097,0.08838009
71194,0.5449807
76682,0.00042078932
25188,0.99395704
93345,0.3682418
40219,0.9516273
37963,0.9684051
37705,0.11587454
115169,0.20868999
14067,0.07390361
23340,0.8518441
107289,0.6345243
76553,0.000309773
64391,0.9536819
40902,0.984634
76035,0.0003264607
4148,0.6964558
20329,0.89869905
2527,0.86306226
71932,0.10902759
51191,0.90959066
83344,0.00085987133
82761,0.0005856769
94056,0.8793833
23697,0.991682
77371,0.00050012534
90018,0.00082815485
87598,0.00079148135
20773,0.9074723
96895,0.41851783
33403,0.5497661
12998,0.11926378
48527,0.9660028
49270,0.20058686
36275,0.1824265
124514,0.9387002
104389,0.25759894
31693,0.87680835
111631,0.40109038
13633,0.66854984
10592,0.05014399
29744,0.9741269
74635,0.31815714
25966,0.19068834
21878,0.8926585
113518,0.5706103
6801,0.09444232
18439,0.13649283
105595,0.2584046
24406,0.13040596
26796,0.9214429
116505,0.72467816
15586,0.9933194
51277,0.4793566
119696,0.89081764
29353,0.090755194
94541,0.39792886
46159,0.9453141
58321,0.9569732
90592,0.0007156275
7666,0.48442525
43892,0.96113783
109209,0.08514249
25637,0.33459535
121207,0.10760755
26842,0.9508513
65053,0.53013396
11854,0.0987324
40753,0.5366033
17911,0.5961803
64784,0.23510791
24852,0.17261747
52659,0.23534769
55502,0.8911004
9021,0.1210568
81232,0.0005948183
14952,0.76717377
42917,0.95362324
86983,0.0007676822
55444,0.85470587
83533,0.00069521856
111552,0.07643119
30030,0.7855771
122531,0.6439769
108787,0.14484383
51010,0.11792438
123760,0.7342827
29539,0.8172154
112797,0.57794094
44,0.627753
112392,0.1683753
24236,0.946681
8447,0.51662683
104851,0.37597874
61087,0.9304816
1569,0.46261674
76680,0.00034602065
92302,0.09772767
46516,0.95990336
108710,0.022763556
115516,0.36334616
60421,0.59376675
43914,0.9630746
51390,0.862712
70112,0.1430555
117083,0.6062239
118913,0.18106124
26002,0.09181975
25296,0.9226721
114034,0.61762375
34331,0.81634897
19750,0.42006016
121851,0.2106015
76837,0.00050012534
61276,0.9588224
82705,0.0006602297
21847,0.519647
107543,0.83934367
95014,0.88029516
10945,0.4847215
6262,0.4773947
112561,0.16364524
76177,0.00033288373
44872,0.9871617
108603,0.5805215
22560,0.039997146
123123,0.78859
98128,0.49728635
61535,0.083829574
81676,0.0006321884
44067,0.8956325
72893,0.33114257
1472,0.24007076
66676,0.66573054
24770,0.5117508
39062,0.98919314
87169,0.0007564102
108774,0.11656235
59537,0.9333253
123372,0.79418904
49096,0.8890215
6700,0.38004
114215,0.06316707
44806,0.91821015
65661,0.944281
122962,0.6762318
72459,0.15974307
49927,0.44527242
39354,0.9272755
73654,0.22355795
79175,0.0008355224
101850,0.16201837
76266,0.0004858331
61905,0.19768006
111114,0.69580024
10372,0.7905072
108408,0.8000905
50068,0.1415919
70136,0.3641082
50904,0.20086317
23311,0.84701365
10029,0.6525266
69304,0.52533406
29771,0.48137006
88951,0.00078768854
72845,0.13449438
109101,0.113932446
28988,0.5150976
101596,0.51878077
39234,0.9146804
41907,0.61024487
86915,0.0007964923
83174,0.0006219447
63826,0.26864
43656,0.63097006
47062,0.17753857
74519,0.11120998
30785,0.98620206
46178,0.97681946
98062,0.04802245
109651,0.007405411
103517,0.7680949
117977,0.51335585
78686,0.0006823
121251,0.113995105
56260,0.77259845
39072,0.99023694
97543,0.6356027
33550,0.0896936
22603,0.068014435
56596,0.31071755
56295,0.9217994
110817,0.011817737
72661,0.10571896
49702,0.9248481
115928,0.19992417
56537,0.8076408
98701,0.40888426
36273,0.5831526
42132,0.9471286
64122,0.8821691
78587,0.00061072415
45658,0.07014483
114671,0.13258766
22413,0.93725497
83253,0.0006081095
7165,0.47036827
48090,0.17436938
12836,0.50697625
93358,0.12949422
59520,0.902533
13288,0.8439802
23341,0.7812727
6253,0.3290961
110281,0.11630728
1208,0.97011435
86830,0.0007629865
19510,0.89940196
107760,0.31259778
68103,0.3714262
95798,0.3478335
50602,0.1533356
39768,0.9390748
95641,0.3795481
100998,0.8509932
69461,0.8102468
94974,0.829821
69555,0.15168576
8340,0.50027186
95031,0.31776252
21258,0.05234981
116402,0.51073253
60049,0.25742355
100729,0.11476575
12338,0.14011866
76169,0.00022460475
30622,0.98329043
35450,0.9011152
92450,0.39148313
63449,0.88372576
124581,0.78144807
70993,0.6902096
110408,0.12613368
65932,0.20611994
12011,0.07699594
10097,0.49982148
48262,0.20775922
33235,0.12300543
44384,0.99233353
70974,0.070212975
82260,0.0008263458
97335,0.58304423
25897,0.14385499
31004,0.9501903
32372,0.94252306
9176,0.5009474
43264,0.90498036
67605,0.37915167
62567,0.31886274
8655,0.43211985
74448,0.51856995
124874,0.9652793
115135,0.14038649
2993,0.7203684
122366,0.20456982
104482,0.16900891
35042,0.47178495
90393,0.0006830381
51592,0.43936685
122223,0.11169684
99557,0.5400812
80995,0.0006855158
23153,0.18000495
69646,0.9004521
98976,0.4702008
92523,0.6427353
93642,0.46450433
8633,0.512007
14751,0.9938059
121138,0.42771065
100231,0.47244495
44778,0.06950934
95723,0.14113118
90243,0.00079148135
91677,0.00069916557
87171,0.00071180094
95474,0.4702342
36290,0.6526891
45299,0.9415409
22601,0.03954212
51999,0.37370765
33715,0.4353699
38459,0.9137877
105604,0.13274185
97717,0.2882535
105854,0.13671374
26595,0.7892391
42541,0.9894041
89787,0.0006943035
24060,0.36564657
43604,0.9259733
11061,0.22221647
69551,0.16000526
48854,0.9395018
58110,0.8965869
77689,0.0005177046
40897,0.9569447
66400,0.14063913
82787,0.000603238
101795,0.3458376
23651,0.96428686
62104,0.8912058
44517,0.9256301
35458,0.53178954
56904,0.9760926
16015,0.16949224
116150,0.5013406
114058,0.25703627
74645,0.2717519
6473,0.065279245
48361,0.84749603
76607,0.00042078932
828,0.9797324
54466,0.49805933
58364,0.8217871
122115,0.16017531
51851,0.92253804
103376,0.10479708
43685,0.94081813
78213,0.00031402273
29428,0.09905346
97712,0.114540696
32148,0.978732
121878,0.6356451
34259,0.31214485
95979,0.11555298
62865,0.13444696
7431,0.14828317
64221,0.5653647
496,0.41296446
111647,0.40961084
7036,0.7386521
50036,0.16791187
65563,0.8384714
37175,0.393817
36612,0.97014564
112879,0.20254326
43657,0.9279362
32222,0.113254026
809,0.9426504
66185,0.5525603
30596,0.97487986
990,0.9492617
41964,0.98677295
37742,0.9658472
39422,0.9793983
123330,0.7262417
42049,0.98314315
62253,0.93766963
50409,0.26527473
122662,0.74651456
12284,0.38795182
40463,0.93470144
104166,0.207901
99150,0.33492783
11532,0.072243325
6420,0.20685911
93491,0.13328421
2856,0.17340183
84105,0.0006118527
47029,0.13669933
124124,0.72234374
73647,0.15342931
111989,0.44519103
124810,0.5759535
118699,0.2246586
15984,0.66683537
12798,0.409616
60364,0.9215192
93815,0.6683046
109593,0.05742577
96398,0.19555989
84660,0.0008506706
83771,0.00079661794
67432,0.3644362
5019,0.9921719
99110,0.6604288
21437,0.89836526
82611,0.0006489779
125147,0.5536063
27132,0.56686205
45674,0.93282014
80125,0.0006564047
116019,0.6343117
10386,0.4638436
70580,0.6030863
78326,0.00070702017
12610,0.737489
85851,0.00061072415
9755,0.15512687
1545,0.14035943
18897,0.06246829
39028,0.97137475
97514,0.75190914
55730,0.44643167
61971,0.7879912
73573,0.33185798
78791,0.0006999549
40352,0.9852492
90758,0.0006943035
84000,0.000743648
42841,0.104827546
99711,0.56307817
90054,0.00081929326
28803,0.89590466
91969,0.0177802
14866,0.38983378
62423,0.9359294
4680,0.78820646
122128,0.18496262
65799,0.48314896
237,0.050232254
67097,0.14158437
37938,0.55898714
10569,0.08078876
50552,0.49603778
50143,0.1517967
49471,0.49366787
78762,0.0006484576
8278,0.37737438
99485,0.7098573
45951,0.9923447
107510,0.20273495
28158,0.27411762
80310,0.00059599726
124409,0.7704939
68402,0.1933705
94845,0.23502405
69169,0.21209972
72989,0.85146433
18230,0.9932197
42517,0.97792405
30369,0.97556734
88329,0.00082280027
73060,0.974589
76835,0.00044768633
112112,0.20525093
54420,0.5814432
97354,0.75388074
111230,0.09660423
39603,0.9622636
123744,0.65687186
72870,0.20763104
112892,0.3051999
88454,0.0008608199
33456,0.8838353
99075,0.6591375
17476,0.9696553
43996,0.9360876
20733,0.07739397
48655,0.96239066
33892,0.07539839
57778,0.3920893
107262,0.9955758
23582,0.9849605
41454,0.94704026
90784,0.0007995844
90217,0.00079148135
76991,0.0005029102
49488,0.15294679
40509,0.9780757
18922,0.055174835
57045,0.9635277
21490,0.9078073
61709,0.8780697
23461,0.2360909
57318,0.8716775
54082,0.5137761
69135,0.22699973
100667,0.35423854
110970,0.36732942
23347,0.23890437
14900,0.08860093
53126,0.8194916
40868,0.96586055
108078,0.6532432
109738,0.08952596
55155,0.6772218
50342,0.13612998
58001,0.83303934
41812,0.09060549
76954,0.0005050337
43018,0.90191656
67768,0.50236017
89142,0.0007290488
85819,0.0007530148
120835,0.705364
39760,0.5470527
116216,0.43527946
108514,0.39645684
115960,0.862597
46717,0.97894216
29885,0.044879146
81857,0.0007945025
60948,0.5172722
2889,0.64232403
54474,0.1547963
52030,0.5451078
117361,0.17280442
53290,0.77567434
90777,0.0007364278
45786,0.645048
116673,0.6618568
122735,0.66975117
14405,0.965015
32189,0.98233724
24736,0.42491314
123434,0.9502843
30824,0.8811327
85340,0.0006564047
58645,0.98810136
122952,0.8136843
60724,0.67544556
65255,0.06611717
101673,0.4176851
68572,0.6590094
13650,0.35057133
73617,0.15522857
78267,0.00043795496
89355,0.0006830381
105577,0.14987384
4808,0.7650904
63313,0.90855366
33919,0.9428676
12784,0.63334864
96583,0.552676
1188,0.8391217
80371,0.0006512456
16987,0.92109203
42379,0.55449456
106450,0.14519002
81577,0.00069916557
117711,0.8620665
59337,0.5967923
78302,0.00073158246
43429,0.9508336
31479,0.92946106
85758,0.00061072415
17354,0.4941402
34655,0.9268633
88240,0.00070814526
1500,0.57727045
104405,0.3631005
39110,0.99107516
47674,0.9613258
18581,0.52690756
83233,0.00083159946
123106,0.6817988
27410,0.854527
111350,0.11202592
50169,0.8593925
74532,0.068458445
25399,0.9775619
115297,0.1922053
1028,0.9856528
96026,0.10852591
99084,0.5395705
123938,0.9364021
34045,0.07421972
75918,0.00042132943
124134,0.6691272
14044,0.8608993
2266,0.7163299
91362,0.00068177836
7851,0.495694
51499,0.074120834
109525,0.095668994
121549,0.9475044
409,0.41584557
118649,0.58016706
20414,0.97839284
99727,0.6175069
113109,0.16519296
22883,0.9301365
13250,0.7564158
116655,0.5835332
14722,0.98954433
110947,0.11561542
43765,0.08169734
22726,0.40816203
101024,0.15995103
106922,0.45032266
29922,0.047625773
8643,0.53812
81356,0.0006118527
78318,0.000743648
2479,0.2424896
110159,0.054440822
35030,0.9826943
109831,0.04865274
77069,0.0002842891
95257,0.15379366
75402,0.000477207
60220,0.9358841
93974,0.1199839
105688,0.47168446
118077,0.55932736
88897,0.0006965758
90275,0.00079148135
114042,0.053459343
77333,0.0004401705
22620,0.10806243
54729,0.3598315
49423,0.7681244
111952,0.61409134
122003,0.935289
67595,0.3583376
85983,0.00073158246
62566,0.35130468
118545,0.14464234
115230,0.8799219
3886,0.13565259
104619,0.7071117
39147,0.9945952
16885,0.5912389
85210,0.00073023327
69862,0.729224
66629,0.05171643
86526,0.0007687891
22453,0.969716
65992,0.50444317
117698,0.516436
76941,0.00047197813
78699,0.0007598979
94884,0.2147432
64479,0.99055886
15194,0.068841554
110489,0.07886287
68767,0.06286393
82410,0.00068678247
84058,0.00061837124
54020,0.46478975
68873,0.037344713
117485,0.45546332
85564,0.0007347227
46089,0.86894155
57581,0.9212067
83550,0.0006167173
26952,0.8584225
77744,0.0003264607
23145,0.4220584
92503,0.039784722
56602,0.87084675
25883,0.55351233
80641,0.00064823887
29684,0.3291603
25224,0.8229628
60558,0.91215295
32918,0.5868284
43620,0.9057391
114434,0.8722796
32386,0.9758841
86576,0.0007803426
70946,0.97949195
107090,0.9702144
14203,0.9053929
96339,0.77880275
52380,0.6539938
31697,0.57561004
107214,0.9935368
92643,0.6344082
92592,0.054811116
8430,0.3684645
46054,0.42725027
98233,0.07259496
112029,0.58897567
31138,0.53735703
103905,0.15626322
88363,0.00070704205
18282,0.9943764
75980,0.00040004816
99393,0.07328182
38836,0.41692615
96163,0.7536428
123985,0.8749724
2548,0.05379148
17178,0.6353195
2887,0.13235375
119596,0.58880216
35526,0.9520814
2810,0.12022384
88078,0.00076626654
51039,0.76037365
80939,0.0006118527
94341,0.1625139
95294,0.13892515
65031,0.44373694
121223,0.26351252
123544,0.74816203
104155,0.12914008
30995,0.34819087
53215,0.8913199
76739,0.0005029102
93890,0.1385876
96130,0.4248559
66866,0.1857132
31011,0.968435
59459,0.653183
28620,0.20946188
107735,0.20045482
16101,0.5167838
119677,0.8372511
2437,0.3170273
72318,0.21183936
117442,0.41933453
2722,0.051166937
85961,0.000733533
4937,0.9782325
40597,0.4989734
17552,0.44744816
3788,0.17477031
35890,0.9540678
43915,0.9576336
46765,0.5112567
123701,0.17516482
4927,0.9828508
7178,0.06711226
13042,0.42684796
75768,0.00031537347
63731,0.71123
1588,0.8686888
60407,0.40124765
78082,0.0002842891
59461,0.93402195
114212,0.07845703
93272,0.17500956
10360,0.05496802
980,0.4342133
120476,0.21780738
45471,0.8598621
100643,0.12993954
112073,0.6342648
49950,0.22431625
75068,0.00048879994
27213,0.15174137
24894,0.039768938
52552,0.46673813
95915,0.31953722
77994,0.00031537347
100365,0.30541936
33854,0.06195585
35455,0.98566276
76005,0.00043047336
86380,0.00080775796
39662,0.9389141
44458,0.9951833
93057,0.8678423
123881,0.1851512
38582,0.6526891
122623,0.89009446
58404,0.89976877
101680,0.098311014
88832,0.00068177836
120528,0.6707334
25040,0.7834869
55256,0.80319446
114748,0.56825185
117805,0.22947894
74529,0.5811659
11935,0.098491125
81162,0.0006118527
33279,0.13674736
53347,0.7885165
23685,0.9870258
46703,0.9812315
53729,0.52981925
30280,0.5828491
36547,0.1199388
71739,0.46429607
98079,0.07461836
108786,0.15059319
59565,0.95741403
9476,0.12571871
63547,0.9271975
30224,0.93449193
2040,0.7506719
54404,0.9216379
17543,0.5189902
30808,0.9898463
56559,0.9238838
80447,0.0006167173
69209,0.14693038
19436,0.9283343
77749,0.0005029102
6400,0.5339146
41477,0.9734109
95873,0.07164332
50760,0.8085451
105697,0.2140974
57088,0.659626
69394,0.11519229
26133,0.8116628
113155,0.7851179
86727,0.0008235717
82852,0.00061072415
122983,0.7490068
53777,0.45674452
26360,0.16485034
83930,0.0007413211
10215,0.11004029
65576,0.68035114
55697,0.5695332
10923,0.44176722
56204,0.11371034
66654,0.063976295
30095,0.053207286
7411,0.16041526
66164,0.62266034
17383,0.18993935
29232,0.82883847
107945,0.15763311
84211,0.00057668705
80896,0.000974384
72718,0.42377263
26272,0.46686012
122263,0.6097982
44151,0.9337719
120973,0.88134176
7258,0.477328
106626,0.18493116
78493,0.00062496384
80365,0.00061072415
10513,0.07134636
21619,0.8992002
86552,0.0007495211
52177,0.1786553
52423,0.7431796
115151,0.65262836
115545,0.71994257
66519,0.43454397
41629,0.11777116
47948,0.9311293
109989,0.04912428
115916,0.5993426
43440,0.96422666
26871,0.9574463
86459,0.00073158246
57083,0.9839315
84892,0.00080775796
82649,0.0006118527
116554,0.78511953
4757,0.753932
58285,0.7427418
52123,0.5649775
43024,0.92713755
25178,0.9932863
64386,0.8799872
115637,0.69863546
67092,0.7164941
57565,0.85645074
43492,0.98333955
81675,0.0006321884
45894,0.9440084
121008,0.8596497
95463,0.36141336
29375,0.4804396
6692,0.9085148
97340,0.62485385
26059,0.8225759
19109,0.64429307
60682,0.9214486
89831,0.0005927704
123944,0.9566672
111477,0.45290107
6409,0.70795256
52701,0.338853
28102,0.6201622
886,0.9716233
59708,0.85723066
23568,0.96454775
50388,0.26040345
47966,0.06523495
64249,0.9268656
19112,0.88683015
86046,0.00065761764
30416,0.891055
1644,0.45622465
122950,0.80551845
27264,0.23147494
112158,0.77379435
32378,0.960981
27505,0.41616997
123138,0.8019193
78187,0.00034578206
35456,0.9511458
79520,0.00061482284
28737,0.916339
106713,0.51366943
70567,0.17178187
55760,0.8533246
117074,0.150877
88412,0.000733533
88282,0.000728031
5724,0.11467668
4063,0.69708824
81768,0.00073023327
39070,0.98947513
60825,0.9275356
110671,0.029336689
54836,0.49927405
59668,0.89858794
116374,0.7750709
45057,0.9666949
88392,0.000733533
12974,0.29782042
37642,0.975224
57214,0.91626894
67246,0.41384053
25551,0.3911971
14101,0.4511481
66590,0.042466722
25841,0.42268652
9946,0.06869432
35015,0.9750626
24907,0.038660284
64510,0.9918269
2745,0.045017418
1526,0.95294696
119482,0.23820965
29118,0.90972996
82352,0.00061928213
40239,0.96398133
64493,0.9930432
123445,0.62853557
41085,0.053909563
72624,0.28270414
115157,0.8484803
56258,0.46111876
94586,0.18567641
11220,0.88575685
26576,0.15759204
80035,0.0006400052
59108,0.7935047
59013,0.7965474
108502,0.21239074
46693,0.9849856
67028,0.49372563
12595,0.35811824
89894,0.0007479702
61624,0.1755502
44880,0.9919809
25998,0.06661397
102703,0.08604235
92053,0.032555833
28429,0.17031191
58089,0.7748191
10612,0.31502047
111581,0.5358604
69794,0.4109808
4125,0.6117346
70086,0.108327076
44489,0.19136181
10581,0.05217783
106276,0.9767271
15924,0.73727083
83926,0.0006705339
16077,0.14449033
78875,0.00070399354
119294,0.36952397
107439,0.04650795
102584,0.100387886
4246,0.92152715
63600,0.9292513
16686,0.25349423
48903,0.9271765
63968,0.15756305
107499,0.23029126
32365,0.9452771
119286,0.124825455
99497,0.10534011
16347,0.28129503
40422,0.8798717
51810,0.81318873
67585,0.16736422
94413,0.47351927
30219,0.9212639
118763,0.8547303
97613,0.16608453
105243,0.7005965
87099,0.0008937862
28243,0.34131163
16152,0.93607146
8489,0.14146186
115885,0.86383516
99751,0.32591158
69860,0.17791386
63477,0.30074328
36339,0.9374821
12827,0.22515455
75002,0.0004601712
22231,0.8307044
13546,0.4788565
6224,0.27427053
83365,0.0006564047
57516,0.59732527
109819,0.026153056
116789,0.6299434
83082,0.00073995395
15453,0.97708094
55490,0.7868827
69224,0.5466479
19279,0.7579831
105261,0.4730718
26098,0.84284216
25541,0.84922165
35240,0.9755089
62380,0.9494994
80689,0.00072622515
108995,0.06080403
74717,0.30146948
37833,0.56984746
30786,0.98620206
59501,0.7464413
73811,0.6625336
101159,0.42324007
37312,0.91263694
112875,0.11396413
44449,0.9950836
59615,0.98450863
111849,0.19943957
79249,0.00062339456
109788,0.04073141
15405,0.82883734
90029,0.0008937862
92392,0.12160688
30563,0.84296954
125152,0.88532907
6537,0.07022769
35158,0.7661901
3758,0.3623761
117113,0.377231
106499,0.38710225
54606,0.517204
55154,0.39892063
88709,0.00070704205
79332,0.0006118527
842,0.9565083
99116,0.55576676
9786,0.69994074
3964,0.50323117
89966,0.0007057381
124460,0.9246284
14895,0.09043861
90893,0.00072770426
24371,0.29677674
121034,0.12298474
110592,0.037320487
53841,0.28812465
56818,0.16452047
124612,0.87540394
50879,0.50981194
93313,0.60818535
101871,0.67967063
94084,0.8160969
14469,0.9677132
92366,0.19756259
77989,0.00031537347
112202,0.6024283
36417,0.9430539
83297,0.00073023327
110839,0.023901176
64184,0.106541306
34249,0.9684507
91655,0.00065817847
18473,0.1173013
93353,0.703195
29106,0.91405916
123079,0.8388789
14573,0.93597764
67945,0.41512975
120102,0.10151307
56535,0.8185991
13700,0.27606866
32240,0.0963393
40837,0.90303856
5843,0.051627554
86590,0.0008456361
54618,0.87834686
68653,0.5297813
96589,0.5136893
12813,0.49498418
37254,0.98956466
65483,0.25071645
4858,0.8213406
60376,0.54173017
25113,0.9559521
21936,0.13871253
98832,0.12384435
3173,0.11994972
61168,0.94129235
37961,0.9730945
14448,0.9543782
61503,0.95560825
18352,0.063076496
60131,0.9309177
71432,0.11564195
67801,0.20898388
39427,0.4360966
124305,0.9082142
93973,0.12732413
39411,0.942965
111423,0.06724312
93325,0.089566275
25328,0.8041555
29401,0.122788735
37341,0.9791311
35577,0.94708997
39094,0.9873784
35400,0.7985755
23538,0.98284125
45755,0.37043828
38025,0.9931578
32937,0.038070805
76601,0.00034602065
106945,0.9203443
41962,0.9812806
12266,0.6363908
23352,0.7798448
72885,0.79460555
32038,0.90065473
78130,0.00034602065
40815,0.971867
20816,0.23617162
29488,0.72881854
96101,0.1833598
62916,0.27257288
80726,0.0006361212
3854,0.22114378
52362,0.86778325
39002,0.8095811
61177,0.9418228
50297,0.41953588
107737,0.24037725
24930,0.6706041
74085,0.32526618
39556,0.9383986
87052,0.0007732796
76989,0.00050545414
109693,0.04178125
43295,0.8852428
27511,0.20029956
36691,0.97513086
15961,0.118657894
4248,0.9212789
106431,0.10190716
118005,0.22707027
31195,0.9509865
95579,0.34082532
77900,0.00035620132
63045,0.68917054
104026,0.15421237
89545,0.0008129788
8309,0.273495
47770,0.89642406
85910,0.00080775796
11114,0.05705008
9064,0.25612375
49832,0.48913273
105663,0.36994305
82722,0.00066846405
39800,0.955576
89531,0.00078357285
55416,0.70455176
13248,0.16165201
62289,0.87633985
74044,0.18486209
14219,0.9247069
114914,0.48976815
113910,0.0868883
60535,0.8784435
71912,0.54151016
55783,0.89611495
53598,0.29609957
88056,0.0007676822
6126,0.5428646
97649,0.10893118
30641,0.92915434
42759,0.88763005
15876,0.89379907
74678,0.26204696
116359,0.6673476
30439,0.965157
27347,0.4874963
39995,0.8985023
107560,0.97361577
69867,0.6868544
77645,0.00034602065
40667,0.94347906
113723,0.17909719
9881,0.6351577
71383,0.30671632
52528,0.25415957
100955,0.5285223
106084,0.47316283
80669,0.00063335657
63229,0.9706002
108706,0.020763187
102848,0.11914028
67423,0.38715392
20927,0.91433865
47984,0.9830294
3969,0.58697677
54456,0.22149797
98595,0.10362711
47370,0.9860904
53276,0.14236452
54308,0.74491304
48971,0.9493822
27390,0.16448253
27145,0.47697148
13060,0.9077197
92578,0.053319953
111807,0.060022183
44802,0.57516104
106177,0.43896854
20672,0.9106928
108681,0.030663753
81065,0.000743648
28703,0.47576708
95861,0.6954073
52042,0.8836491
24968,0.26185888
38157,0.6970411
86057,0.0006700222
51291,0.24831484
70078,0.108327076
51963,0.58118206
103711,0.23843893
96483,0.6837953
38883,0.4342231
13396,0.57063776
187,0.8484534
107285,0.17872131
18362,0.04346883
122830,0.8300502
20242,0.3920869
7573,0.6148863
61029,0.18505704
15695,0.17833234
80134,0.00066846405
13880,0.8124743
12931,0.6724465
4391,0.7108841
100719,0.1606824
100721,0.46070293
76741,0.0005029102
53144,0.8320928
75822,0.00046739087
50469,0.84375423
47459,0.2314654
109874,0.031135155
27086,0.5750252
59049,0.85505253
89532,0.0008937862
111563,0.6453921
9790,0.11508785
36001,0.9171447
104269,0.5960855
20955,0.8703311
68049,0.34255916
108038,0.2761357
79129,0.00085286854
93221,0.69546574
15306,0.16345094
10560,0.0656377
85993,0.0005973758
21054,0.859048
15497,0.9826759
76551,0.000477207
83641,0.00061072415
40693,0.894403
21096,0.7773421
123034,0.6633452
75385,0.00022460475
1709,0.28903106
93798,0.14105687
59311,0.7785533
55821,0.4172032
109310,0.030652173
27088,0.14906467
52349,0.71367544
116645,0.69292146
34383,0.36945876
8244,0.18495233
12201,0.74797535
9198,0.81076044
22235,0.3291858
84648,0.00078212784
58058,0.72870433
114242,0.4017133
68130,0.20291342
10530,0.082373515
91180,0.0007290488
102134,0.6450945
38349,0.9302588
31843,0.55592704
34479,0.9065479
23418,0.37962663
30158,0.045736026
14807,0.99426526
90456,0.0006830381
50768,0.8921643
117454,0.14451087
76423,0.0003396897
3099,0.30710492
104126,0.24415918
34133,0.12733099
27258,0.46215603
81243,0.0006823
95572,0.072114475
25610,0.061210126
1896,0.9266735
5920,0.8193515
94774,0.109254256
113541,0.3291672
114065,0.79934174
14023,0.5147189
3103,0.124975
63863,0.90340734
107164,0.99227154
63027,0.474772
74151,0.103632614
106320,0.92223096
23492,0.74133044
42165,0.93068653
49677,0.8047665
70087,0.11593257
5601,0.96198595
89933,0.00069294276
45904,0.9569134
16542,0.13893405
19711,0.7566197
91509,0.0007161467
80599,0.0006564047
15223,0.90379804
91031,0.00076246867
29875,0.06491816
3233,0.7716054
29739,0.38797408
17653,0.9153954
18820,0.6037257
109878,0.018016655
15088,0.056968533
1421,0.16737387
90272,0.00079148135
99048,0.4586664
102819,0.6558028
47785,0.95496976
93512,0.32368198
36294,0.93170244
94526,0.44362614
52256,0.4962347
80245,0.00061928213
97775,0.10940948
7254,0.6598183
56782,0.84150285
57913,0.87245977
99890,0.13371593
101346,0.15729629
115588,0.20015322
61448,0.9532343
13351,0.34633788
101959,0.16144979
88890,0.0006526131
88204,0.00074429665
11834,0.050981563
101061,0.278923
16231,0.6823301
9576,0.5099891
11260,0.13972233
66597,0.076889984
73405,0.13094608
101211,0.60498434
17673,0.52714455
72219,0.3361873
65811,0.7927806
101187,0.60051584
27550,0.15736866
13615,0.6293131
116620,0.46880683
37181,0.95030034
48669,0.97274685
101846,0.6980147
85420,0.0007413211
27187,0.41800776
121540,0.594833
93775,0.59152204
39877,0.97191465
54793,0.46805254
106332,0.9785196
29852,0.061194025
3074,0.15296012
56127,0.97399974
50422,0.22878447
71888,0.5951974
110721,0.019638427
64518,0.66251135
61701,0.80379075
102138,0.74170107
7340,0.1536515
82873,0.0007805143
66572,0.4925348
89243,0.000701758
28962,0.33321145
54103,0.6194853
50973,0.1466763
71098,0.30881637
13725,0.06404519
48360,0.4663208
70312,0.08757275
55405,0.74301136
82504,0.00061072415
9162,0.36204666
121928,0.19223337
11037,0.07919213
103102,0.11851099
112090,0.6225053
53374,0.86088693
124628,0.9450731
59917,0.5654945
42550,0.58355516
95608,0.7029311
4727,0.75666517
52360,0.8496206
120487,0.75329995
18225,0.9899058
49999,0.8720682
111789,0.5961865
954,0.87869817
108981,0.04427425
4325,0.7194822
22806,0.13541456
47535,0.9556041
25619,0.046813138
29324,0.48674363
69871,0.91229784
75654,0.00031537347
103615,0.16682667
100659,0.10662662
70632,0.5371588
98574,0.07116633
10956,0.3899775
33875,0.117856935
53436,0.7886875
73381,0.33754277
59821,0.84419024
102970,0.05114201
84193,0.0007007702
122108,0.6241329
105297,0.65731996
119621,0.09150816
98244,0.35675642
82580,0.00083159946
82445,0.0006041103
50363,0.7417134
60051,0.8416212
105109,0.1544336
52945,0.6419715
20189,0.16639483
9665,0.6392886
62235,0.8393672
33112,0.90321916
22282,0.85719955
56405,0.9702453
23679,0.98651576
45847,0.9406224
65615,0.71342146
56511,0.84193134
75667,0.0003376276
70402,0.12319524
45848,0.9556828
91420,0.00072314334
110568,0.044256266
53828,0.15874878
51947,0.8779965
41607,0.10794065
99272,0.13274398
95288,0.16577587
34241,0.9483251
53688,0.3486617
20908,0.7780878
79141,0.00085286854
44306,0.9159735
37363,0.8257615
82309,0.0007667917
121147,0.50882024
46012,0.06007503
16911,0.17717949
42718,0.85446626
72225,0.37758884
68204,0.55017394
41213,0.992757
7702,0.13099338
71548,0.16313218
8479,0.54310244
6818,0.79532444
5606,0.6697834
54556,0.08269669
98972,0.16590649
104023,0.35370353
105117,0.13910931
38787,0.9320491
11091,0.0651825
112852,0.6329568
28045,0.31230053
61377,0.75319546
98169,0.9268124
106643,0.2852104
4777,0.18440989
17706,0.5793444
21993,0.05219439
53919,0.47452986
100214,0.5542917
74249,0.42441627
28587,0.8438149
114335,0.075610355
41229,0.9926509
47466,0.90586
99686,0.41737965
94261,0.9858847
30344,0.96890265
80722,0.00065837736
4226,0.86352587
46246,0.7951686
86047,0.0006700222
77875,0.00046739087
113412,0.655783
22607,0.039997146
17813,0.8555399
62282,0.8692123
79200,0.0006321884
46171,0.9715611
95277,0.41692066
42615,0.8612884
31689,0.9171791
13055,0.80200136
32074,0.94886553
5600,0.94776154
111084,0.621287
12941,0.14400414
104681,0.23664096
15811,0.0754335
4433,0.48788336
105761,0.3048614
107975,0.21010575
102613,0.2524666
12871,0.41642612
84206,0.0005948183
105560,0.8046219
33712,0.46301425
105412,0.8723251
72713,0.7504766
64725,0.8394258
13766,0.04272888
87432,0.00076626654
17722,0.09079939
83282,0.00073023327
50513,0.9114421
28315,0.24338159
122104,0.68685645
118235,0.17799625
47138,0.9430125
39306,0.55018705
124451,0.8955318
83563,0.0006167173
85541,0.0006440553
43779,0.10469763
95512,0.12151878
115796,0.45023966
95772,0.26340294
71911,0.60490483
125159,0.6537592
113225,0.72798306
21740,0.88717955
103432,0.14637919
67732,0.63310105
45982,0.80848694
57684,0.9025798
106178,0.18130659
60258,0.90593934
15155,0.90189856
51097,0.65307856
95604,0.667614
97584,0.18363014
17700,0.57628816
17088,0.6880823
109597,0.04829472
5875,0.05780261
66019,0.1825794
29287,0.3777706
16278,0.48149788
79889,0.0005443886
7364,0.1598962
72403,0.32622555
124703,0.212228
77296,0.0002842891
7896,0.18710802
62813,0.84883434
72996,0.9324455
14638,0.8554508
52386,0.7664434
79687,0.0005948183
91000,0.000666878
89753,0.0007364278
8120,0.49008802
56280,0.8103991
78366,0.00061928213
60230,0.8452694
23255,0.89352
99893,0.6038147
89138,0.00074623094
83461,0.000628048
104091,0.16745271
121761,0.5498827
108943,0.06522932
16363,0.10656781
97405,0.8109211
24056,0.038660284
99967,0.23030345
88357,0.0006884683
60492,0.6678415
96754,0.9542167
119523,0.80009747
54763,0.1972957
56925,0.98168784
7712,0.13612947
109124,0.22859934
62835,0.85648626
50496,0.6576652
36544,0.9110911
39578,0.90318567
70740,0.55990905
109615,0.09401414
116403,0.7648983
117462,0.5350642
76331,0.00042078932
61801,0.18634331
72640,0.5520221
94218,0.9773483
81323,0.0008000424
85768,0.0006081095
59818,0.8730925
110830,0.0139044635
64732,0.21708147
60927,0.20895632
117675,0.11968995
124165,0.8081655
23940,0.5249211
86953,0.000765036
75649,0.00031537347
84725,0.0007564102
32766,0.5764457
60978,0.52024525
27557,0.20344493
11311,0.49498418
79620,0.00063654146
61787,0.18327121
49973,0.36507598
56205,0.12487061
51693,0.2193774
80831,0.0006118527
55248,0.5538635
35912,0.58597547
97451,0.91697353
47591,0.8657176
47878,0.7264826
106549,0.13410488
21866,0.9033481
90881,0.00079148135
54765,0.7191855
87258,0.00076537766
58497,0.8364755
86363,0.00083667604
72028,0.44537133
16449,0.38260743
84987,0.00063080294
72896,0.63587546
52084,0.97441214
44035,0.5859347
114995,0.8826338
26573,0.8433543
16523,0.47991824
95738,0.7070466
80725,0.00070702017
97902,0.07605275
120793,0.8668223
55528,0.85601413
96331,0.67984724
88024,0.0008276827
79411,0.0005599444
56675,0.9678008
47188,0.92007875
23330,0.795674
96664,0.40640834
63671,0.6146449
18554,0.16746174
67001,0.3702457
64136,0.41004905
43612,0.9507093
112638,0.67916596
61497,0.92708194
41313,0.87933123
35617,0.98404056
78215,0.00031402273
10288,0.13347654
90242,0.00079148135
18422,0.71118385
116464,0.9188465
13830,0.38528353
57668,0.78420883
45284,0.5020655
103078,0.367987
44975,0.9498185
5971,0.07578019
70711,0.37088472
41942,0.97585344
79357,0.0005856769
81625,0.00061072415
95377,0.16639404
33656,0.41487178
22171,0.9808796
50936,0.8430313
19219,0.94740444
50421,0.16031532
89677,0.0007368149
119799,0.51349115
54637,0.51247567
37419,0.95697486
48325,0.5749056
119740,0.6736081
58771,0.8066469
92933,0.8120066
45453,0.87666535
68991,0.1280343
50950,0.5688569
42169,0.9190898
35339,0.12004951
84813,0.0007829089
77003,0.00042132943
97998,0.39613703
67572,0.37030643
6707,0.9175836
38730,0.9402672
36795,0.9833015
41277,0.9664269
11593,0.3218199
47760,0.7779305
95692,0.24654675
95232,0.17416915
116126,0.2605401
4197,0.0673783
43261,0.8908147
8436,0.18947971
27217,0.4079763
109163,0.019567532
102894,0.31098327
123412,0.916694
37345,0.987207
46692,0.9802419
111953,0.61356634
13378,0.5654774
9135,0.271219
12145,0.16862458
37488,0.91254044
95645,0.4068487
91982,0.0181892
116711,0.097706445
91260,0.0007771049
47671,0.9535167
59368,0.82024455
38804,0.47178218
36046,0.86202055
32128,0.98317
39951,0.36787242
119852,0.4893652
111186,0.09640277
9125,0.8229826
17745,0.47967827
102448,0.06311468
57859,0.56911683
72297,0.6631658
55157,0.20590523
124924,0.8853325
3479,0.19714844
8450,0.40329638
17631,0.7853976
20381,0.93721527
56063,0.9128959
104227,0.21986821
24924,0.5248938
49334,0.23743895
9866,0.73037475
111211,0.113644354
59688,0.84746814
107455,0.20582889
20690,0.9144506
47091,0.93220955
90182,0.00079148135
42159,0.5723181
73234,0.16059998
122425,0.2930009
69556,0.17781824
59147,0.8149868
52090,0.9863789
107392,0.7081626
54594,0.42801166
41343,0.965403
8025,0.523106
32122,0.9612093
123103,0.7561056
103691,0.46757877
7611,0.17348312
18933,0.0450658
43662,0.17451294
1072,0.4506622
70736,0.46350423
121283,0.27318507
64154,0.18497218
5912,0.54523045
115709,0.9010502
73532,0.15045637
39550,0.92909086
4889,0.9244511
37863,0.58670664
69528,0.12508689
72752,0.35709712
118330,0.11413582
33202,0.07333802
112554,0.33335403
68781,0.047182675
67964,0.37218612
253,0.09390362
82304,0.0008526532
31229,0.98952264
51849,0.8841083
18888,0.07719577
63919,0.85824937
47935,0.48699766
24233,0.94049597
102346,0.32407552
71029,0.35157776
92519,0.68820876
71417,0.14067738
42282,0.0913737
29823,0.92057794
57175,0.85215807
1009,0.9834645
92165,0.31872448
48036,0.14166836
105148,0.08314273
31189,0.91146964
70672,0.35200736
80659,0.00059599726
59780,0.163347
9184,0.8639428
53199,0.5123503
119131,0.09260895
11415,0.5919538
3626,0.80232257
4732,0.7446836
39918,0.9845963
62881,0.9034271
39974,0.90764385
60197,0.8073292
48225,0.97751063
83458,0.000628048
119184,0.7857032
11266,0.12540323
72115,0.28234068
834,0.9340912
69357,0.63698936
19438,0.8935093
111692,0.07176921
101758,0.817708
436,0.063308194
40076,0.94085354
72594,0.19437185
117841,0.8357169
52057,0.91492224
29282,0.85234016
87675,0.0007531723
4911,0.9655097
101121,0.47609434
39809,0.9760824
100071,0.09713773
40553,0.7909664
14119,0.9603185
104103,0.17377992
21172,0.055723954
36945,0.46252644
69547,0.18609624
110811,0.03391063
68187,0.3225516
28395,0.31129843
6348,0.47498396
97112,0.6307879
89398,0.00071258924
99213,0.121290416
60365,0.9270254
39142,0.9935742
95901,0.19842468
28432,0.32231763
109840,0.024922844
13205,0.26028776
8303,0.25547636
121174,0.12810902
74050,0.16611814
78944,0.0006727964
93437,0.15173057
88571,0.00079148135
94003,0.8363396
86396,0.0007771049
114425,0.45752493
56896,0.96497035
47176,0.64290106
62415,0.9520734
104551,0.53151965
72521,0.29924312
13675,0.78621596
59906,0.88449967
88376,0.0007178228
75894,0.000477207
35952,0.5833731
99937,0.123759806
31246,0.5162251
78384,0.00065901206
57059,0.92230517
59938,0.8390471
82529,0.00061072415
64351,0.57071906
84489,0.00082120276
116733,0.45877308
66758,0.16297239
29124,0.9073038
40044,0.8218165
116295,0.33832273
95362,0.29889092
98978,0.51235265
83548,0.0006167173
109212,0.022838768
35157,0.62225986
35449,0.97925013
33952,0.9590236
115064,0.74562323
3791,0.12546258
36538,0.56646097
4021,0.077180795
124349,0.6270316
48240,0.981277
48729,0.98922974
61262,0.91800064
104878,0.16434446
70926,0.95783776
35759,0.98300284
78773,0.0006727964
27192,0.8028879
3549,0.122190945
97255,0.18072538
92663,0.3226118
92158,0.13608654
110924,0.09604099
113575,0.6127335
51391,0.862712
31484,0.9573361
113545,0.6389822
78245,0.0004702451
65282,0.48146728
59659,0.9919417
63023,0.6503036
114851,0.1214757
19290,0.8882846
97175,0.12865984
55719,0.21722564
10014,0.13130443
67666,0.5695528
67783,0.13412714
106529,0.22925186
104883,0.7821977
53205,0.8778113
58156,0.42865545
42620,0.909531
53188,0.48670805
32508,0.839817
12213,0.74151695
110347,0.032557063
25402,0.97692037
121810,0.8691552
90252,0.00079148135
28124,0.2310031
82089,0.00061072415
31125,0.082849085
20351,0.91823584
15783,0.5405209
51197,0.55582553
47356,0.96343374
47712,0.085023336
106661,0.12014722
54607,0.43145442
97170,0.110996485
7406,0.64945215
48708,0.9300036
123334,0.82547045
68727,0.0464564
46027,0.7449776
30774,0.9739448
29617,0.8551592
99058,0.60996664
110121,0.18228371
45397,0.88319266
74149,0.38747546
95977,0.145975
113555,0.5780146
120180,0.8046305
18692,0.71509415
35096,0.8766927
39697,0.97888225
73810,0.46093503
106646,0.26830742
34882,0.06684422
60476,0.8910919
111826,0.09521302
45401,0.9506192
124760,0.8709094
63396,0.93730104
106168,0.16417988
34888,0.7778152
87516,0.0008250931
105928,0.6400729
72263,0.48111314
115584,0.1250718
61181,0.8349709
28733,0.63357663
114862,0.5785385
65547,0.17849277
84982,0.0006081095
72212,0.23722526
91746,0.07690982
83391,0.0006564047
68466,0.477985
104988,0.31981564
86377,0.0007771049
81737,0.0006855158
106491,0.17292424
117125,0.4690309
74117,0.119892076
62269,0.92675275
45169,0.8439065
19606,0.7305441
65359,0.96469504
17425,0.09208756
52819,0.6945535
26148,0.4210296
109698,0.026500985
19162,0.94365436
59100,0.22228992
86492,0.0007487115
2193,0.31708482
119785,0.113995105
92934,0.8943701
121024,0.5708809
425,0.07011675
92899,0.96422535
81483,0.00078809354
57266,0.8825818
80958,0.0005443886
103416,0.1476491
14253,0.056527916
47309,0.07198207
19353,0.934823
81204,0.0007020018
50628,0.6143025
91922,0.06852603
109945,0.13090648
118902,0.89250726
13807,0.073210135
49905,0.14129186
8871,0.1311493
23342,0.41351065
113322,0.08518858
17068,0.22696598
64123,0.5278339
82344,0.0006092332
1326,0.4957492
4564,0.46798256
41119,0.9680811
30023,0.07136999
84417,0.00082815485
93589,0.50351584
66543,0.2500458
28093,0.853896
24174,0.3290257
8527,0.5878219
33381,0.8702429
40973,0.97464865
96083,0.13814308
28190,0.13824923
43751,0.6346874
34810,0.89639264
28849,0.5633177
64957,0.22695935
23814,0.623475
11497,0.05359368
81456,0.00078993035
71146,0.041865308
64162,0.18565378
2215,0.54711956
30653,0.99294597
71467,0.13827565
68392,0.40581173
110365,0.03691542
848,0.8956233
86401,0.0007144868
53842,0.33197287
75138,0.0003830465
97837,0.07069814
121715,0.86143124
57433,0.8340606
61493,0.6691209
41395,0.5479602
123692,0.71560544
9263,0.1597372
97303,0.6221801
91112,0.0007341236
54074,0.35770762
30131,0.045736026
8839,0.5645753
53554,0.6210443
20204,0.10657386
92293,0.12895304
100458,0.4617362
116437,0.8419787
45207,0.05161117
59250,0.440585
25989,0.15372802
82877,0.0006081095
73523,0.26860625
90699,0.00068177836
17467,0.9445787
50481,0.8753817
74868,0.29954258
121230,0.5895919
45730,0.10764451
89224,0.0006903145
35375,0.0888586
106711,0.44947174
16668,0.723098
92494,0.27335387
1058,0.9319325
50055,0.15815862
84609,0.00078809354
65387,0.13387477
70857,0.2698019
93388,0.27853554
89458,0.00068177836
77560,0.00045083935
24848,0.1881601
82318,0.00065761764
123398,0.9015312
54827,0.17525414
77734,0.0003264607
94821,0.13239159
37025,0.9472685
41111,0.94851017
42674,0.9784611
69063,0.16918017
29584,0.8948517
93733,0.25559962
4323,0.6609532
57651,0.86641854
60526,0.88255775
24273,0.6644276
75322,0.00024233865
60614,0.44280374
55213,0.7385195
39435,0.48257428
104496,0.14932881
93741,0.663956
97577,0.624868
21618,0.91615725
34824,0.86017686
93834,0.16927335
87305,0.00078133406
113176,0.65473044
123865,0.3472432
48320,0.5749056
59751,0.34278592
108547,0.47822577
64739,0.8181931
2341,0.43239918
58540,0.86409837
20819,0.16552214
44509,0.90261745
19121,0.6604006
62343,0.9445819
109454,0.024270201
2840,0.7495513
57887,0.9133472
63772,0.85547304
60621,0.82706505
4118,0.6476963
55592,0.7180751
16024,0.47656047
7691,0.43747512
10011,0.05406
56421,0.8456657
31593,0.9423636
56907,0.9813603
56543,0.8307415
59014,0.84951144
124970,0.582811
94207,0.78230774
72088,0.1581714
96340,0.4543045
77508,0.00033618178
19215,0.57098764
89141,0.00062509434
96862,0.17187242
121828,0.17397
47104,0.8175775
122152,0.45109782
102433,0.44051155
53457,0.8004588
69799,0.5432111
72093,0.21402276
56038,0.8487352
43003,0.89495575
69883,0.23357493
13735,0.285856
74229,0.16970791
122495,0.767592
25279,0.53017426
99928,0.13482451
50060,0.120518245
97594,0.17361255
37428,0.927533
96815,0.13066588
2369,0.7659994
2618,0.7839507
51394,0.7666527
19092,0.9068026
10968,0.4969966
42636,0.7373435
22925,0.95105475
60892,0.8758269
62714,0.4446232
9037,0.32488772
40573,0.8662807
86089,0.00063210074
44369,0.992297
74816,0.1654112
26108,0.564161
16868,0.52807707
115780,0.37569097
118668,0.5347657
73074,0.18013945
123,0.94896245
38017,0.9924239
4280,0.36659408
104513,0.20153843
69873,0.55942696
17937,0.92253244
78734,0.0006195109
104029,0.19058448
86062,0.00073995395
81599,0.00080492656
116197,0.7188033
105339,0.17963412
25467,0.96813756
82613,0.0006118527
13431,0.36078712
95207,0.14099641
11919,0.091109104
101186,0.5131127
42084,0.12564318
78835,0.00070399354
37524,0.9649478
28975,0.4648058
118885,0.89250726
44253,0.9579094
78211,0.00031402273
10786,0.48134825
50819,0.5129314
86950,0.00085987133
50129,0.7224043
123818,0.21038866
1400,0.1565554
63030,0.771999
102028,0.5050397
95443,0.46341717
92195,0.45294145
19583,0.8622495
8068,0.6061399
40080,0.941857
53317,0.9279946
15923,0.4527008
30285,0.5828491
67612,0.1844755
75193,0.0005352002
110510,0.034038395
106093,0.9196475
101274,0.10240828
42093,0.90737087
40247,0.9187845
12504,0.5816532
35149,0.09505055
4531,0.8836047
75459,0.00034602065
6756,0.09117762
55545,0.90432626
101339,0.14557156
32850,0.88295144
96849,0.14813942
63066,0.9447288
4920,0.97265506
4759,0.72975725
81014,0.00061482284
102129,0.2200758
99809,0.14499483
16876,0.5940218
70211,0.3625932
30487,0.97976905
98638,0.13184394
26082,0.1338637
109894,0.047660127
120825,0.6479176
97082,0.09915959
12686,0.081912234
7962,0.7454073
109179,0.2067584
55935,0.6870313
97216,0.8863478
106328,0.9504572
54352,0.8370169
49937,0.34815788
16477,0.1946878
44916,0.98692316
47839,0.2780819
13684,0.36343646
2285,0.3763747
35044,0.9410937
21088,0.78559715
15815,0.38838214
56639,0.9210361
70212,0.08523209
50583,0.5214466
107913,0.22559538
106108,0.07832044
22882,0.9294464
10496,0.09124407
19520,0.9039611
35542,0.4873095
36516,0.9755456
67359,0.5034156
116208,0.82591575
99543,0.41451466
118589,0.42513907
124981,0.6499639
33675,0.9305914
22970,0.41566974
51586,0.4256597
61746,0.8339056
10875,0.55700415
78324,0.00062491116
34964,0.93226075
54958,0.9148069
123232,0.9013371
48018,0.38741672
53102,0.7760923
21533,0.96784
36645,0.97040343
101237,0.097953
69117,0.2355388
2075,0.818952
53419,0.7886875
36830,0.9056996
61419,0.91298145
2110,0.38527068
55645,0.8160813
67047,0.18513887
53453,0.84527755
44021,0.92511654
965,0.886179
61749,0.79515934
5406,0.80009323
30608,0.98067296
77418,0.00050012534
90179,0.0007995844
62407,0.9245494
81448,0.00078809354
34108,0.06520136
112748,0.116892576
115028,0.08146727
42916,0.95282614
124306,0.9176379
20876,0.07739397
7829,0.14503105
50384,0.1829902
11327,0.42211798
57536,0.8658098
95569,0.6317818
44703,0.07401384
8098,0.6792926
86078,0.00082804007
39593,0.90196276
3462,0.7087157
8543,0.7389422
2336,0.43263653
84570,0.00078993035
9532,0.2380966
101393,0.20083696
60440,0.27075592
44577,0.98239315
73691,0.5541123
121381,0.6775133
83963,0.00073995395
25818,0.050384186
3226,0.87629443
79808,0.00071397424
44793,0.4995009
105670,0.44602358
67368,0.320915
89064,0.000718703
120633,0.66391736
90888,0.00068480347
91952,0.2300862
57576,0.66451186
44200,0.7583563
119775,0.16482545
106299,0.83670187
60416,0.21384229
93312,0.39258012
35140,0.983524
70842,0.18278593
36924,0.15526783
102751,0.39767835
2942,0.7941067
94483,0.16922675
117191,0.5848323
77521,0.00042132943
122604,0.8142547
47035,0.13963737
67526,0.59954685
75722,0.00031537347
68133,0.20877773
59987,0.77430964
116300,0.8171475
34657,0.8380855
86897,0.00076626654
9009,0.08768269
92617,0.057972297
46267,0.98535734
11727,0.3392471
63077,0.9447796
91408,0.0007335781
54850,0.8884447
66674,0.20820108
19587,0.8283923
95537,0.3744324
75775,0.00031537347
121232,0.8635771
31558,0.9169982
93917,0.10276159
29950,0.06477778
99332,0.39023048
107320,0.9501859
24871,0.6295755
82708,0.0006602297
86024,0.00079332606
6615,0.089299254
23748,0.9544238
112002,0.43464142
38566,0.9504291
867,0.9685213
116188,0.89173144
33861,0.059700962
97179,0.097909026
117626,0.8299686
2891,0.17613733
17575,0.53856295
58012,0.8462576
90504,0.0006788597
97508,0.7873922
95016,0.84681547
54489,0.23295482
94104,0.3870351
93458,0.31023997
27108,0.5970791
120198,0.4259993
57869,0.8319993
118334,0.14149062
109599,0.040894184
87329,0.0007737849
107020,0.8820244
82162,0.00064282055
66847,0.19818725
54322,0.8742275
19745,0.33229613
40728,0.97732985
64437,0.98130333
109222,0.028466202
42151,0.68517596
37158,0.9783337
118462,0.4742218
78821,0.0006500445
61726,0.93640876
84809,0.00083159946
58621,0.97969705
24623,0.36632955
93827,0.18441646
37026,0.94254595
32932,0.04358095
89297,0.0006830381
33371,0.85618293
109090,0.075611085
115715,0.42814517
87242,0.0007531723
88566,0.00072447944
73258,0.16015927
79490,0.0005453946
33408,0.5497661
37995,0.9894621
101410,0.6542943
117421,0.15520063
47401,0.98692316
62673,0.26665646
18677,0.6855239
119718,0.68027955
118689,0.25290772
104356,0.42644238
71285,0.12296289
43197,0.88797766
46667,0.9772166
74666,0.26079503
7204,0.7696215
65492,0.91385406
55962,0.9195618
11559,0.742628
74415,0.65065956
88572,0.00079148135
3394,0.14456505
31372,0.9082844
15763,0.83612627
84752,0.00083159946
56987,0.925393
63152,0.9134198
80428,0.00085286854
89752,0.0006943035
41297,0.4436058
90017,0.0008608199
64954,0.91966665
114111,0.20182818
65831,0.91869867
30304,0.53250647
118933,0.1724542
98891,0.0828989
105597,0.5320787
121293,0.18042272
57932,0.9130901
46140,0.64433426
32952,0.04358095
99139,0.54662395
28922,0.9109974
23671,0.99006045
99396,0.8570495
25594,0.12681945
113646,0.09453536
93778,0.23991284
29765,0.8526434
60577,0.79808855
51890,0.16773367
14825,0.9954476
14255,0.05447482
34380,0.07667658
118388,0.24641655
110713,0.013640171
116758,0.83890206
47550,0.9714408
37670,0.98707724
112623,0.13130593
110954,0.40153518
93439,0.39218032
71903,0.1233355
79467,0.00075354706
32051,0.9870249
104854,0.33551577
21592,0.98056406
48577,0.989051
32707,0.0954145
84468,0.0007829906
30708,0.99410146
98458,0.18303064
105031,0.17192723
70272,0.6686826
25298,0.14366055
74310,0.68696314
79476,0.00066765764
71329,0.19422172
97869,0.07440441
54148,0.35477704
83522,0.00069521856
98733,0.048070088
60813,0.94614077
2504,0.7894279
110085,0.07359692
108503,0.61332464
21843,0.9110241
23797,0.15321971
103579,0.14105336
25916,0.6143349
109471,0.043239854
22932,0.9083322
124243,0.69435
58547,0.88795316
14879,0.6050575
123501,0.91971576
24555,0.036856126
58622,0.98659235
50668,0.65107423
79987,0.0006219447
92455,0.45230573
73387,0.44417542
3625,0.70031303
54769,0.5599481
53643,0.09607529
123733,0.79712236
22218,0.94553673
47064,0.17540067
3900,0.6000218
64309,0.79598874
45412,0.8664824
31719,0.9721103
112290,0.3739329
37596,0.9223362
82503,0.00061072415
93130,0.9351716
36599,0.94720817
92352,0.45159513
22439,0.9722695
70898,0.16867983
100007,0.17495774
97167,0.53755057
47503,0.956629
69295,0.39470014
66032,0.25680354
43689,0.9444242
47365,0.97901034
11989,0.06434175
64049,0.73191327
37530,0.9700407
33874,0.28965652
3123,0.72334695
8855,0.16204263
44615,0.98998475
93542,0.12871027
74082,0.52640575
81390,0.00071265746
89524,0.00068177836
41139,0.9784776
45233,0.60263234
75026,0.0002839245
20447,0.9800844
110779,0.109989166
10979,0.30662102
106689,0.28555194
9390,0.34318382
14186,0.80453175
85869,0.00081929326
18688,0.7029511
27409,0.21146648
3077,0.77096534
78903,0.0006855158
25747,0.50405765
5127,0.99538785
70920,0.9439417
100553,0.5122129
116084,0.2585067
116182,0.56206256
109692,0.02042991
24861,0.10788658
88039,0.00080776337
35432,0.6770778
56256,0.77259845
82589,0.0007290488
50298,0.6360179
48532,0.9817153
83413,0.0006564047
83194,0.00073023327
48751,0.8310888
1800,0.79749155
12996,0.10172261
52017,0.20842004
107373,0.3933262
70858,0.8665057
118750,0.15979561
116587,0.55193746
77184,0.0004858331
82942,0.0006118527
53967,0.38516334
38992,0.57739866
24522,0.0716422
31709,0.5672689
80229,0.00061928213
10721,0.13978
5014,0.9864096
117288,0.10198112
29080,0.41095173
14301,0.4303796
65350,0.94338644
124469,0.8584985
7069,0.6180767
28327,0.19934943
121099,0.7607858
16891,0.14370458
20871,0.07739397
16455,0.15921274
106662,0.7243028
25527,0.91936684
46473,0.86729586
12426,0.13763134
98576,0.35109606
95554,0.09214097
72269,0.10730398
67460,0.19223784
84132,0.00059321127
121158,0.10142276
97523,0.8705127
53265,0.87505937
23733,0.92205995
61350,0.9362207
91011,0.0006788597
14566,0.9896964
70686,0.12782359
83566,0.000629512
113121,0.54180026
85689,0.00073158246
40181,0.52880603
47964,0.48396868
5053,0.99609035
19908,0.60238886
52842,0.21203002
33829,0.102265716
93334,0.4793337
114349,0.041984875
80230,0.00061928213
110326,0.16023354
76748,0.00048382
27166,0.8536066
76831,0.00028914405
65283,0.61567014
108438,0.1432684
76379,0.00033288373
43419,0.94232064
73777,0.09537433
61582,0.8283268
101463,0.44698277
119234,0.15979561
24324,0.6694201
21975,0.043059204
15099,0.08190759
116629,0.84255433
33261,0.4026977
53183,0.53886694
67638,0.61798733
75103,0.0003376276
47989,0.98233354
119521,0.5395338
31939,0.64989984
38072,0.99330163
97682,0.10096968
8024,0.18779624
84021,0.00063239
909,0.9810019
119682,0.15829426
2230,0.70565414
104069,0.24224871
33023,0.047348358
109823,0.044346116
22989,0.13955685
125115,0.751335
21478,0.90986663
91800,0.021289542
101873,0.4651663
121426,0.50262254
54822,0.18933904
48876,0.8391349
110023,0.20660895
49899,0.116547264
15419,0.8902799
52288,0.8397172
86804,0.0007564102
43812,0.7934646
57781,0.8757077
69052,0.14962861
98086,0.09364837
9530,0.24066639
85282,0.00079661794
37510,0.91254044
84820,0.00061072415
39672,0.971799
37659,0.9886114
122153,0.47448048
55118,0.769732
44717,0.067642696
87627,0.0008127534
62913,0.6367262
64384,0.5035308
21484,0.6671047
123222,0.629183
14406,0.9777319
10005,0.7244461
18798,0.9311909
44933,0.97513944
80844,0.00058819517
100762,0.15892503
33812,0.4932156
42266,0.13630545
90440,0.00075327675
58446,0.88510525
114610,0.8722542
48584,0.9731048
31112,0.1331388
25945,0.18852131
95124,0.7570365
7613,0.10122918
3331,0.10695347
108049,0.7370632
75648,0.00031537347
45058,0.9724727
60307,0.23334731
82022,0.00071265746
56868,0.5138096
96918,0.76477367
118220,0.24977514
53474,0.49392402
106693,0.40771353
64613,0.3850227
62445,0.92956185
122228,0.09445317
122714,0.7574115
40975,0.97643423
18005,0.5487573
84469,0.00081929326
27597,0.28735602
103712,0.38669896
41604,0.11417046
91278,0.00080492656
40106,0.4233856
22438,0.96358037
92897,0.9625265
75966,0.00042132943
117877,0.46030787
82519,0.00068846304
46147,0.91965246
116354,0.7545244
86302,0.00079148135
48737,0.69520557
7252,0.7151515
92575,0.07355762
48675,0.9877243
101974,0.4311564
70379,0.17100984
39012,0.56259996
106253,0.8952426
21098,0.3844328
61502,0.9411127
39518,0.78125846
44851,0.91872543
39303,0.46257535
122434,0.709427
102146,0.3332908
14391,0.9512317
38849,0.92421615
89823,0.00074623094
68972,0.06045974
9118,0.3726695
78,0.8742737
26555,0.20606181
43969,0.9667035
75430,0.00033288373
86209,0.00061837124
15548,0.9928449
109364,0.12440482
64216,0.49758652
64481,0.9930432
31211,0.9877648
67935,0.17567272
92741,0.33152696
113844,0.691026
29675,0.8763761
22495,0.56827545
106761,0.5056065
103499,0.23292568
119084,0.6621738
8094,0.23865552
52835,0.18804812
67128,0.27010933
27548,0.11374643
63125,0.4611713
96151,0.22672823
78490,0.00062496384
32,0.6469915
104342,0.7794868
110416,0.11279393
3236,0.7942304
90727,0.0006943035
70639,0.33204404
122269,0.32320845
78094,0.00043795496
124634,0.9536276
85396,0.0006477809
66971,0.5066533
46814,0.37133652
64324,0.88002855
93592,0.28283477
97496,0.7348368
26670,0.8830125
6655,0.13107473
105424,0.4247627
28624,0.7892355
59272,0.54097
74449,0.51856995
23894,0.4949409
90262,0.00079148135
73360,0.109501906
120352,0.57590026
18455,0.3131938
55448,0.879715
84772,0.00083159946
88750,0.00065292325
48633,0.94800717
59444,0.92704266
121009,0.8863118
115368,0.17590286
113820,0.70079666
95329,0.54045284
55657,0.22346821
30292,0.53250647
105294,0.78629744
67317,0.09614957
12979,0.13000643
84571,0.00078809354
64522,0.9050249
13962,0.05129874
48938,0.58047855
77610,0.00047197813
64183,0.12167422
31667,0.053729188
52081,0.9763391
114011,0.4341901
37242,0.98653436
42651,0.5214807
13021,0.5729203
81507,0.0006649132
50591,0.11943737
66566,0.07141224
51200,0.75397265
15097,0.050150074
103051,0.11512993
37858,0.93333095
33846,0.2900089
55814,0.9564329
123116,0.763705
28474,0.22153318
75886,0.00047962103
31386,0.94664013
123356,0.72585595
69106,0.3566229
60673,0.92309433
15205,0.56255335
81613,0.00083667604
65117,0.11035364
25168,0.99174905
42201,0.94592345
83588,0.00081041973
27663,0.1185305
61400,0.9446725
68784,0.043496724
24737,0.846747
43017,0.597671
63190,0.5676713
34075,0.21677585
10678,0.688434
97135,0.110996485
40345,0.97818714
56304,0.92691195
34060,0.07421972
88027,0.0007495211
55447,0.7830248
69205,0.11801091
49833,0.05110191
61837,0.8055732
13153,0.4606992
58393,0.93406284
84864,0.00070683926
44376,0.99244374
1686,0.4741072
76178,0.00034602065
45642,0.9717486
37971,0.97800976
8412,0.13283019
118904,0.793827
7638,0.5679413
63788,0.24892657
62311,0.9492888
98951,0.3220671
119625,0.62889546
3276,0.14499061
88182,0.0007829089
77576,0.0004906013
102477,0.66256654
47005,0.6063681
50619,0.4605702
35855,0.590883
15707,0.094227284
91837,0.0074898484
49679,0.93499523
4754,0.7181968
78058,0.0002842891
95126,0.7570365
89063,0.0007057381
16607,0.18725136
49515,0.21602695
25064,0.9596031
40082,0.9608466
46064,0.27918208
66885,0.5316044
70901,0.77215433
73829,0.47620368
6733,0.41202244
61992,0.89731354
67887,0.46884832
80639,0.00059599726
100075,0.10159678
90855,0.0006692615
21106,0.16856243
102495,0.5716202
78840,0.0006727964
11616,0.18752672
25171,0.98479617
92692,0.80384046
37743,0.9660216
12293,0.113589056
17140,0.14339812
42426,0.9767917
308,0.047537066
14565,0.9906426
124504,0.9141037
64514,0.5614877
102971,0.05906194
43112,0.7326421
48831,0.8849901
40801,0.9107419
49181,0.5967635
118583,0.44650903
41727,0.91568756
11000,0.07622216
100529,0.25724658
52616,0.48541152
55671,0.7912801
15328,0.13336204
24094,0.038660284
120543,0.6006444
61171,0.9357391
54534,0.86287504
82374,0.0006564047
60694,0.9192017
84478,0.0007546685
95312,0.15725991
92036,0.030143717
41999,0.85304564
63498,0.91868776
58708,0.8351298
112546,0.5484799
110509,0.041906893
112032,0.46596938
40434,0.11158667
123982,0.8948198
26679,0.8765123
77253,0.00048620004
44064,0.8972183
92282,0.15706757
37546,0.30417383
3748,0.13803011
119954,0.18788138
65693,0.6713156
93344,0.30009884
6551,0.39304042
47594,0.9345212
54499,0.21236797
22711,0.38304293
54139,0.13055263
21525,0.9467011
75024,0.0004924003
29859,0.06837359
85663,0.00063335657
43172,0.87782353
2405,0.22016756
29659,0.14388117
27523,0.21638536
106593,0.12181497
114836,0.40182692
38478,0.8435486
67982,0.3277619
19844,0.74268883
22346,0.926653
92186,0.7183893
40283,0.94775605
39460,0.8588182
56057,0.8927354
92206,0.097052984
123699,0.5969613
12080,0.6222418
36982,0.95092905
93951,0.13354585
54041,0.297652
13188,0.6926194
120150,0.64303535
114898,0.7558099
12859,0.39674282
65914,0.28524244
77266,0.0004653896
40401,0.915263
74601,0.9853012
72980,0.8358998
115887,0.1772023
82462,0.0006776087
34006,0.080044456
62331,0.9678467
47471,0.91119504
101860,0.22742613
15430,0.9435525
99188,0.37117353
122744,0.7019468
75185,0.00046739087
67725,0.10869217
7277,0.26013938
35012,0.95799625
33954,0.9228672
101342,0.17041671
74916,0.5739995
109861,0.03250127
74421,0.64518154
82161,0.0006935254
59296,0.7482023
48038,0.13142735
22942,0.97771806
1345,0.77206314
12992,0.34916395
68520,0.12802944
56780,0.7968018
41272,0.9584917
1206,0.92808276
72478,0.16885346
80835,0.00058819517
42161,0.60202026
52250,0.49093372
58403,0.8974035
42514,0.97348523
11620,0.7079289
32041,0.96823335
34706,0.9270029
32290,0.10091409
102662,0.2690344
56956,0.98908335
22598,0.039997146
92776,0.60043913
71883,0.33630282
19513,0.8783734
83146,0.00073995395
59229,0.9235826
7245,0.6533361
82864,0.00083159946
101055,0.23496144
4767,0.7017299
79749,0.0007413211
82137,0.0006167173
106931,0.7632223
61733,0.5144986
8849,0.12923145
6835,0.83029884
87789,0.00079661794
50486,0.901802
29847,0.120195866
115047,0.18325655
76021,0.0005177046
21769,0.8371204
62734,0.14287911
30968,0.9779718
97326,0.6050708
98091,0.08994757
14111,0.8920697
119201,0.5557633
43703,0.9064383
45940,0.99143714
92486,0.053275432
56579,0.6020395
23524,0.94317394
68306,0.6516786
94909,0.27557692
119192,0.67767316
107960,0.5462165
61302,0.20646937
112598,0.3276756
28875,0.82045144
52556,0.69326526
44220,0.5457904
123798,0.4408358
61203,0.77588546
17331,0.679316
28306,0.16974409
41143,0.98639244
57180,0.85215807
73771,0.19154634
4722,0.79557365
49486,0.4408526
8374,0.09508928
56141,0.7281885
102008,0.16561686
69639,0.87204605
81074,0.0006400052
103352,0.12674627
50978,0.46889606
10762,0.124216534
25723,0.1396872
79659,0.0005794405
93043,0.97176075
63024,0.92512053
102198,0.12111216
121608,0.6367368
37522,0.95848906
81169,0.0005856769
102941,0.66086644
124984,0.46145186
69322,0.4720152
106271,0.9742088
28129,0.36374918
48346,0.61231047
113661,0.7401152
49717,0.17115813
24558,0.036856126
87061,0.0007564102
81626,0.00061072415
107378,0.2595757
111411,0.057609703
47906,0.44150206
86441,0.00061072415
84071,0.0006855158
48299,0.5321965
9978,0.055357598
50731,0.5178284
109474,0.04279443
77963,0.00034777125
62556,0.6452603
59863,0.6770354
40550,0.98965025
99685,0.47225666
45731,0.28773704
74472,0.109578274
17633,0.5772594
112809,0.08380848
40049,0.9105876
113038,0.46545577
92128,0.3565516
35940,0.9481163
30648,0.99041194
15605,0.8344493
21686,0.86779463
41855,0.14001137
110243,0.09826109
115331,0.16484025
79842,0.0005443886
1895,0.90122026
86083,0.00076582195
37442,0.8638679
4723,0.76443344
63620,0.86237234
27972,0.20822233
32406,0.9811198
115476,0.40217686
105732,0.4811892
676,0.52339804
90369,0.000666878
71874,0.15200903
12361,0.19017234
98030,0.9746061
99104,0.6349548
113295,0.061018057
37976,0.9189441
69798,0.18508747
23043,0.92937815
121246,0.78511953
33600,0.14178772
96840,0.43153122
72048,0.56249845
110328,0.15962048
97860,0.09220352
39195,0.49793398
124808,0.8774427
111555,0.35690027
87009,0.00076626654
99842,0.09890538
79871,0.00073023327
2530,0.75265795
20691,0.91253686
100754,0.18937917
5586,0.9518861
124582,0.8436304
49926,0.19120194
41669,0.109394476
51098,0.45319575
85832,0.00061072415
20248,0.8268258
35447,0.9761787
98524,0.41759557
6446,0.66958964
112406,0.20664507
17357,0.09470243
9891,0.10464876
82501,0.00061072415
63059,0.16379395
95370,0.62668175
115650,0.86768025
109284,0.0640809
74543,0.9213916
5353,0.72048753
120560,0.54335874
68953,0.0562939
77851,0.00046739087
28722,0.8389682
69012,0.42714915
27093,0.69716334
120967,0.41893464
98772,0.37117353
11808,0.6793777
43036,0.95423484
100164,0.81438655
87623,0.0007495211
76849,0.0004858331
76851,0.0004858331
109817,0.10342089
13197,0.7515555
108991,0.04779096
55946,0.81310207
52782,0.73744047
58870,0.5471585
57696,0.22236504
17816,0.91402173
13466,0.56072044
65466,0.13080278
63197,0.8820901
45345,0.68493867
12442,0.27117145
16102,0.8365017
81107,0.00061072415
123305,0.9002175
124140,0.5958673
51532,0.0675802
77815,0.0002842891
112191,0.16527091
81856,0.0008000424
58203,0.97451687
27715,0.48595265
121536,0.7975392
85752,0.00066872244
108228,0.89194506
58232,0.98914295
6713,0.50680214
61076,0.9362062
10629,0.3055384
63927,0.9077048
70785,0.47148466
40353,0.98894626
10090,0.20475964
57071,0.9486963
87105,0.0008506706
4665,0.7918417
115436,0.46072206
36342,0.9409112
42302,0.6260806
14835,0.9965306
109436,0.047657706
5191,0.97172576
22480,0.7917966
111193,0.7965832
78917,0.00070399354
81221,0.0005856769
16723,0.57573384
47633,0.9643682
37260,0.9679138
75168,0.00048879994
21431,0.9024822
75384,0.00022460475
96890,0.5430334
35508,0.11661103
107346,0.9841174
60648,0.59146863
65657,0.9229588
109184,0.04778009
10995,0.09419469
5096,0.99348664
99250,0.35296088
103206,0.16284889
21290,0.063076496
40231,0.9365434
115959,0.8673742
43619,0.92063653
116514,0.91567767
66426,0.1702055
64422,0.9483756
101809,0.62438273
79698,0.0006727964
83009,0.00065761764
77302,0.0002842891
22016,0.64550006
74468,0.1572022
10667,0.16188596
23516,0.9255486
105125,0.742399
18110,0.9849178
88624,0.0008506706
120622,0.70029247
46362,0.9497611
99457,0.46127725
87457,0.00083159946
8637,0.7422171
113643,0.18456666
84716,0.00078212784
5380,0.3696119
86444,0.0006118527
102992,0.3495853
30154,0.045736026
95984,0.4006944
58183,0.945578
603,0.8148208
47358,0.9658319
12688,0.049373418
79706,0.0006331152
97146,0.7986999
60055,0.8398257
403,0.09348486
273,0.16094138
39272,0.98590046
98807,0.13686833
49595,0.6427523
92376,0.1307477
103822,0.87083554
18562,0.2421031
18908,0.054706726
95065,0.7083186
8207,0.5502593
78803,0.00069866405
42492,0.9521242
62695,0.43251413
91524,0.0007829906
9213,0.43047386
65457,0.891413
113126,0.5095351
11619,0.3904763
5909,0.09469133
61463,0.89757425
58457,0.82535565
43231,0.4917567
50555,0.84009635
110349,0.02649401
86386,0.000908581
10711,0.17045534
112093,0.10477668
71695,0.10971385
103063,0.41057953
27601,0.34327066
10435,0.05277302
91645,0.00056530617
108128,0.15238057
76614,0.0004702451
8933,0.5046372
23149,0.7264345
114274,0.8149358
16625,0.6375454
43790,0.60904354
104033,0.19177556
30020,0.07336
1922,0.97684175
48237,0.9573723
57049,0.97717947
50561,0.144402
33497,0.5814787
114210,0.43525454
21420,0.9041043
107542,0.8369776
23154,0.9073738
79649,0.0006023013
67574,0.17567272
28092,0.49009666
45114,0.9840515
29215,0.8096193
22693,0.7687293
6521,0.08262866
5038,0.98981667
81785,0.0006855158
29462,0.14148451
82194,0.0006081095
64948,0.15699899
105871,0.65243524
8226,0.060769662
64326,0.45269555
98753,0.04101942
56174,0.9251
41331,0.538428
118580,0.6272909
78669,0.0007598979
75597,0.0006607147
16613,0.5834512
44972,0.9517346
14086,0.16057704
30434,0.9441793
17894,0.544243
29959,0.06584659
60886,0.9418916
114016,0.0562286
36004,0.9514994
100469,0.54743826
62070,0.96427155
67362,0.6060722
68652,0.35774115
15971,0.061958726
50393,0.79713804
34580,0.8879604
5004,0.9864096
26522,0.39689022
69951,0.69942915
85186,0.00068846304
123341,0.798649
61972,0.8428454
92785,0.47950056
90732,0.00079148135
35230,0.9710362
112687,0.7114982
89359,0.0006788597
79318,0.00073158246
77481,0.00048375293
123638,0.81455827
106821,0.95575833
60123,0.90947914
3244,0.85510147
7917,0.7015172
111836,0.6630067
89576,0.00068974035
81188,0.00062338565
25228,0.58064336
87770,0.00079148135
37183,0.93911004
89644,0.0007290488
6397,0.6504787
25137,0.98723537
76777,0.0002842891
112702,0.78130025
29069,0.22849137
45112,0.98667264
111999,0.44015926
113267,0.07185674
92765,0.11773773
69602,0.8064034
14349,0.06768284
59791,0.49704602
12557,0.52308947
14769,0.991871
87486,0.0008608199
56883,0.9356463
77203,0.00033618178
72184,0.38262466
123850,0.9181608
97562,0.19740704
66751,0.5445204
99689,0.46043292
58180,0.54532737
84578,0.00078993035
74985,0.00048879994
3419,0.18242781
92434,0.78618634
73551,0.35491574
80273,0.0006855158
88981,0.00083667604
104364,0.71019155
94123,0.81866914
7866,0.32190964
78343,0.0005845967
63219,0.9518937
75352,0.00053656707
5711,0.088134505
84178,0.00096528395
18568,0.68508565
63404,0.9191986
43041,0.96555525
37873,0.95457095
60777,0.9469489
40874,0.9006845
107775,0.27477023
80928,0.00063335657
67263,0.6611842
122790,0.22646332
46986,0.9386095
33389,0.4142817
70504,0.7232576
101328,0.040986966
84081,0.0005609791
76726,0.000309773
100704,0.4571889
109181,0.021999573
28095,0.8540407
100144,0.46646583
59109,0.91319066
119810,0.3492863
108566,0.7650182
65191,0.7394521
74983,0.00048879994
101250,0.12697348
24628,0.5153014
39346,0.9173438
35405,0.9109787
33465,0.58041364
21139,0.12631898
21349,0.9308833
70618,0.13770378
8446,0.16075733
53118,0.78771645
68060,0.5547379
19992,0.23849393
7393,0.15857658
55903,0.07779061
118422,0.6115391
89636,0.00083159946
24688,0.90136683
108890,0.17352517
51656,0.16557725
1654,0.65567607
51419,0.07046194
71971,0.09785906
67181,0.3426788
102524,0.074661374
83455,0.00073995395
26958,0.64174485
27898,0.17605354
27113,0.66343176
19347,0.9240018
90634,0.00070704205
34745,0.1740097
4992,0.99254405
29342,0.106939785
47952,0.96659833
7795,0.5811094
86510,0.0007610281
107798,0.31164154
18194,0.994747
122395,0.6490925
3911,0.8805402
55601,0.82858634
52472,0.5406294
43250,0.8804782
88057,0.0008276827
97900,0.09540659
35396,0.3264437
66669,0.26477668
47923,0.38106167
93364,0.43194836
94913,0.386785
63255,0.8243091
85667,0.00063335657
122278,0.4964168
83675,0.0008937862
27520,0.45263135
79657,0.0006083316
89311,0.0006830381
51724,0.8500072
76887,0.00048375293
52669,0.23534769
107203,0.99496126
48872,0.17414664
28953,0.108328104
112451,0.12905784
51698,0.17511775
74336,0.2242616
1801,0.41896892
41115,0.94869214
70370,0.7067944
108319,0.85552
83701,0.000733533
74112,0.3204067
67290,0.16558112
103519,0.19879209
114740,0.2853099
115150,0.07648041
36103,0.097196646
113784,0.061170977
10354,0.061468463
3143,0.38209853
56237,0.78237087
67665,0.38245714
83177,0.0006219447
99699,0.5308745
124290,0.87840337
4229,0.8763435
19309,0.6588401
51950,0.8342355
68197,0.36181554
115972,0.49943617
996,0.964551
100947,0.3180412
101915,0.16201837
65021,0.8523766
28232,0.38317305
108060,0.54464805
69440,0.4324196
3962,0.09321334
10018,0.064444825
56591,0.5305899
14324,0.077796645
11969,0.06695044
21540,0.97162443
81858,0.0008000424
106230,0.89951426
69129,0.82016075
24554,0.036856126
64424,0.9556817
48446,0.985352
16609,0.65580565
15312,0.15792572
87609,0.00076626654
112657,0.87378323
13616,0.7079472
98249,0.05977715
90082,0.0007168203
84035,0.0006684373
95395,0.71575826
89989,0.0007829089
118965,0.6189949
122334,0.38291952
103135,0.16557352
52015,0.56084126
78334,0.0006222358
22616,0.40784344
58682,0.7859541
1838,0.87476075
96673,0.8954503
576,0.6027955
80414,0.0005871103
45276,0.07891032
119460,0.10120921
63499,0.9364077
12185,0.73495054
97770,0.54956913
3422,0.21023734
72549,0.80229133
19701,0.59472764
18187,0.99328846
105287,0.65142053
7878,0.19078217
14616,0.89437795
33942,0.95474225
5793,0.3776783
5694,0.31826326
50653,0.28442556
111536,0.15141006
77367,0.0004653896
110544,0.08384549
117176,0.24946369
110648,0.03956411
96858,0.6910015
77083,0.00042132943
124682,0.15805328
90159,0.00079148135
114922,0.7507139
34874,0.33999836
89455,0.00068480347
120928,0.6558076
4109,0.6588981
57352,0.46089357
33778,0.37509567
3051,0.70195913
27311,0.44320846
24219,0.913709
100432,0.5991033
103344,0.4554798
47670,0.6183425
54051,0.3173263
95859,0.37443253
54660,0.8354876
10254,0.12059287
122420,0.190096
40040,0.13203527
90270,0.0007364278
98309,0.6476553
74081,0.17921795
40749,0.9210203
74147,0.11309577
97997,0.8370972
112617,0.7294971
46812,0.05406594
17177,0.20226817
99381,0.6927894
15450,0.9745181
101774,0.9206543
65091,0.8407734
2335,0.14225093
107753,0.6446766
97762,0.10627683
18558,0.8964482
46491,0.71785367
103725,0.6884218
65630,0.68166435
88136,0.0007495211
70706,0.17146319
32254,0.9558567
24595,0.044315804
110051,0.191349
34790,0.45390233
124215,0.8885078
104938,0.2776567
82841,0.0006118527
116198,0.797422
90173,0.0006943035
47290,0.35421053
106807,0.91791815
45887,0.9805993
95658,0.6343835
69888,0.337975
14577,0.9945544
60249,0.42129725
31776,0.9752481
44967,0.90480846
55397,0.17209968
59798,0.91241676
23488,0.62690806
116751,0.23534758
62777,0.63549954
115582,0.44169408
17234,0.8615161
35343,0.32813767
98997,0.1175725
47100,0.9353106
9275,0.39430106
114652,0.406406
98596,0.6856653
91662,0.00065541896
747,0.5242506
50721,0.78202194
71718,0.23819403
102161,0.67714286
14767,0.9883044
40732,0.9649356
108267,0.46155953
82556,0.0008000424
16381,0.10521299
110583,0.094854005
93009,0.9745846
43346,0.9092511
40757,0.77274036
88508,0.00082804007
58545,0.86596704
6594,0.35558468
41760,0.46356422
105485,0.2128858
30897,0.54547536
4224,0.8043818
65956,0.48789376
5996,0.060253106
12194,0.19129942
48993,0.98175687
98026,0.9828866
120765,0.82612914
101283,0.09447666
50268,0.5634196
75757,0.00048829074
68488,0.18186945
8644,0.7898027
9987,0.34110156
53530,0.8388872
76642,0.00035620132
84204,0.0005845967
78201,0.000497984
65689,0.75908595
50372,0.761103
103724,0.7000264
122396,0.8459755
2397,0.20640086
46914,0.94646275
75787,0.00031537347
7472,0.49058065
17159,0.6015265
106286,0.98307115
106924,0.56248534
20177,0.8307044
61392,0.9431325
74146,0.112595044
33196,0.32959318
22625,0.556948
74280,0.38126576
121037,0.56960046
103067,0.13914028
83131,0.00085987133
94238,0.9878763
30126,0.045736026
27236,0.27366883
115990,0.9223033
41839,0.93636954
56548,0.80856687
123927,0.9015471
17624,0.23222703
87107,0.00078357285
73277,0.55983627
100006,0.3275659
61569,0.7867808
13292,0.08182955
118638,0.12653773
109958,0.3613094
47450,0.15729877
12577,0.66509545
48491,0.87243026
52932,0.52878684
72700,0.1590394
30670,0.9945966
62599,0.63608915
96933,0.7598132
15197,0.27460355
89179,0.0006801141
1063,0.5054629
73302,0.42728588
65165,0.1893969
42717,0.50277615
23158,0.67091686
63466,0.91614836
91141,0.0006830381
71154,0.42035925
79083,0.00066846405
13344,0.40778112
33844,0.8993011
114940,0.6009463
57208,0.899604
97186,0.63633835
37627,0.96519184
123991,0.9071479
57992,0.84558815
11782,0.10977111
51377,0.1394885
49713,0.12634587
50719,0.48347053
36515,0.94775605
71665,0.68820417
19879,0.039618876
32055,0.6046459
4185,0.5651866
73336,0.17579564
117311,0.8737123
49892,0.6615873
27638,0.19598016
114279,0.76983505
60356,0.352614
25881,0.13238186
8188,0.6297178
107456,0.21028928
69400,0.59805274
55655,0.22346821
93497,0.38527104
106161,0.6482782
34499,0.81971705
77608,0.00031846922
7517,0.321427
63097,0.91929376
13808,0.76559454
20698,0.94549155
115247,0.13394086
119899,0.78738016
20852,0.07739397
106799,0.86192036
25524,0.99411726
63770,0.78183776
46981,0.9513045
10476,0.08257093
17303,0.47756785
105348,0.8193892
19727,0.7635171
101104,0.8452136
72764,0.30101305
10417,0.17633447
64242,0.9383919
13484,0.3568518
65128,0.629266
110674,0.048255812
104778,0.28900042
29981,0.057671383
53717,0.11035578
42453,0.9497568
86882,0.00076439616
4258,0.94669485
48220,0.95869905
111803,0.35962227
68360,0.771971
64961,0.19708511
35061,0.93553674
4420,0.93285716
90284,0.00071180094
78140,0.00034777125
68588,0.5073514
88539,0.00074623094
28084,0.24911593
41225,0.99345946
123391,0.89748794
75797,0.0004858331
122436,0.7473838
19743,0.4951851
78556,0.00067568896
94849,0.27418044
64695,0.85035676
70642,0.27732706
67544,0.5346309
26565,0.62082523
53412,0.68166804
81080,0.00061482284
86618,0.0008386995
35331,0.12984353
91087,0.00070867385
13547,0.33398756
34712,0.93737215
93483,0.11653004
55672,0.77047
35327,0.097778544
6361,0.61312795
52021,0.17320727
1530,0.18097612
84557,0.0007531723
32805,0.87390864
8844,0.722494
31548,0.92938834
20906,0.26280254
72860,0.39165786
116480,0.692575
29924,0.049928363
52642,0.4958992
56698,0.13162439
54803,0.83329123
90729,0.0006943035
2363,0.70785785
101866,0.13145205
57320,0.87799156
80667,0.0007335722
39040,0.97161365
74614,0.82831216
57568,0.7704783
97313,0.5749443
10699,0.17076176
28265,0.22553483
34214,0.50939095
1427,0.13231482
43532,0.9754768
87680,0.0007770024
90161,0.0007364278
28883,0.88340527
101647,0.8384527
20138,0.049105465
42751,0.86483955
88759,0.0006943035
104542,0.44409296
118260,0.1840786
115200,0.31865612
59145,0.5270316
121814,0.8263423
38406,0.72705275
116815,0.13397053
71051,0.3696881
93350,0.35620376
412,0.47952187
36623,0.57483876
16317,0.28204983
102889,0.12402318
95999,0.49462363
19217,0.92612493
37602,0.6145936
6814,0.4493629
40747,0.9155098
93672,0.120780475
81348,0.00073023327
75833,0.00048829074
48868,0.16902228
71712,0.16788717
113031,0.07342321
79720,0.0006331152
95093,0.1115934
36325,0.95453376
101821,0.14975083
27512,0.2593006
112624,0.7125341
83442,0.0006564047
9455,0.10480502
26606,0.8525411
104980,0.32844794
82355,0.0006855158
40628,0.8973042
71868,0.17633799
25827,0.04273385
10883,0.40451717
35241,0.9036629
25875,0.7901542
696,0.9607034
11707,0.22553205
56750,0.60946226
16039,0.3015871
96319,0.1828623
8590,0.69909036
43191,0.9157498
58441,0.593624
25362,0.912492
7820,0.14185843
50784,0.5620669
61214,0.8775621
65681,0.98096746
76675,0.00022460475
11827,0.051974222
17888,0.96236783
23113,0.5578906
29903,0.06930285
79150,0.0007841487
23130,0.33587784
17596,0.6317723
9921,0.10530599
49605,0.7438876
124675,0.8291216
7677,0.75893974
7265,0.10650581
516,0.43861562
106416,0.1860466
94152,0.7858818
61045,0.8414464
98739,0.04796996
100679,0.3148672
28610,0.29512423
100140,0.53179955
13398,0.7831206
6671,0.18782973
36582,0.50079024
14848,0.09724218
89350,0.000666878
17735,0.10205074
2490,0.17011513
109461,0.11079477
7811,0.14870287
94348,0.29923168
42679,0.98231447
11772,0.47230828
3556,0.11724288
77666,0.000493083
55804,0.59150875
86880,0.00076439616
9209,0.86899424
72689,0.38467848
107364,0.98290676
81271,0.00080381666
65086,0.6829903
4443,0.7596937
103211,0.1790975
3779,0.16043319
51609,0.57897687
69373,0.6634819
67370,0.17867264
100727,0.13669036
123144,0.7345993
16981,0.9209113
92637,0.33139434
46395,0.8785916
95583,0.3699503
120430,0.777077
46187,0.97888225
29096,0.9247653
92149,0.10111185
87315,0.0007752144
2949,0.8031616
38200,0.44387364
26088,0.16101396
11378,0.21268457
41286,0.42379722
56403,0.9612418
71429,0.10748721
51539,0.0867539
104495,0.30370873
121941,0.9049425
32422,0.99116087
21881,0.9248515
105203,0.4114257
111918,0.7332232
73219,0.18700463
75815,0.00050012534
47886,0.63029766
38045,0.9931938
47236,0.38839537
122441,0.7044132
34122,0.9548451
17358,0.86744285
77232,0.000497984
85461,0.0007161467
65431,0.072959304
61252,0.17535791
60391,0.94232637
30649,0.99016774
70962,0.98588574
104262,0.41619712
80153,0.0005702325
70490,0.21259803
33546,0.09468339
124570,0.7767407
15768,0.61661094
95396,0.48577502
45470,0.923545
77620,0.00031846922
35863,0.94617313
113628,0.05776275
49427,0.81784886
5822,0.119788796
24854,0.23119003
65868,0.9046383
1649,0.3470038
71977,0.04361437
88076,0.0008127534
87682,0.00079661794
67323,0.20204695
123179,0.7884202
45490,0.19028696
68229,0.22066398
5564,0.8289059
43804,0.5571339
17822,0.4857304
119147,0.8214769
23991,0.8646108
104375,0.7176946
64747,0.6102844
67703,0.3779735
43179,0.8332384
63567,0.93555355
84699,0.0008506706
99993,0.1643311
79681,0.0006484576
50815,0.5947057
61751,0.37537694
30212,0.09567995
100995,0.32970926
41726,0.5069797
104814,0.4574393
39616,0.110578455
13716,0.068616815
47460,0.60169435
105564,0.46848437
115583,0.8171475
103669,0.68937427
90321,0.00073276967
76852,0.00046739087
103301,0.12894952
86734,0.0008937862
6833,0.84292674
112067,0.4948333
38499,0.12804754
99936,0.17614312
111751,0.5912031
74508,0.041071028
64788,0.20053174
92043,0.12777497
46884,0.9289317
111232,0.113851234
94703,0.16934963
36767,0.9536109
43537,0.44834238
25412,0.93787396
46496,0.9717377
117369,0.7052993
106051,0.7802089
54288,0.8810484
108508,0.36590844
65995,0.26088744
32285,0.10122185
48059,0.15443441
35999,0.9397261
97769,0.16034263
35013,0.9631048
28727,0.8736021
43709,0.94965315
918,0.97332025
74524,0.11829977
36304,0.93486667
81891,0.00078993035
108569,0.8663198
54640,0.5604208
55800,0.8969422
84717,0.0006118527
58522,0.86535585
13676,0.4055568
23014,0.96330464
13674,0.3843956
25578,0.89323485
77423,0.00046739087
54032,0.44352546
73195,0.32542795
35693,0.89715993
50886,0.19191469
32066,0.92970866
42317,0.12732668
63256,0.48099297
70761,0.15463682
13865,0.33419415
49104,0.87329364
67278,0.4926024
109536,0.17265919
81085,0.0005556835
66520,0.19445822
43298,0.8392154
25111,0.9248973
8183,0.19088155
36759,0.94093513
15946,0.42499048
35834,0.7107584
99523,0.29652625
45785,0.1022126
6888,0.06734991
12863,0.12081349
26821,0.93012506
3283,0.7232151
54231,0.40652463
46290,0.9264739
47995,0.91458493
50352,0.72909003
73971,0.7340591
66882,0.2413133
99253,0.41270277
43834,0.13810268
87640,0.00076439616
53470,0.8548645
53805,0.7541877
96999,0.17136556
116840,0.13100657
34845,0.9281492
112443,0.63604045
96291,0.23783247
46554,0.9392053
97960,0.044486098
92063,0.4037533
42993,0.9837467
74281,0.10976399
18330,0.037972298
390,0.842129
31497,0.97738636
45818,0.87411946
109501,0.15793993
23449,0.10740867
123979,0.57865024
103995,0.19680056
42252,0.11885633
2138,0.78839487
40,0.4943977
62362,0.94355553
69969,0.21019806
10140,0.15916511
37878,0.9597399
103023,0.17873032
97363,0.8436705
63910,0.9387851
110813,0.012535019
97084,0.13758299
90535,0.00071180094
102826,0.7925467
103,0.86326844
26662,0.82049704
107464,0.17016083
68659,0.5829176
103166,0.17081404
95420,0.11942305
671,0.9851555
94059,0.88029176
9402,0.1593026
54126,0.55998313
24057,0.36985534
108849,0.015994154
25427,0.4945467
30235,0.9632152
65807,0.7820136
29209,0.8106411
53019,0.79818267
76187,0.00048829074
69995,0.16197422
8030,0.68943
15516,0.9866354
37033,0.978126
123284,0.9596404
106092,0.37139443
52940,0.5813519
6131,0.0720358
77086,0.0002842891
26365,0.22342849
101455,0.14374757
122109,0.60918397
31713,0.9623953
104717,0.16243139
34634,0.8896556
47734,0.58719105
122913,0.20073715
13755,0.4233877
24920,0.6470298
56363,0.68394005
26412,0.8779444
81127,0.00062339456
92400,0.73341644
93008,0.96727204
2292,0.6892914
2324,0.1209457
77959,0.00034602065
41932,0.9717638
71338,0.6487356
12618,0.71399623
70091,0.656871
97016,0.73808485
58147,0.7300037
104396,0.23246585
58953,0.8036459
85947,0.0007245892
73488,0.67367196
25770,0.47845638
79576,0.0006023013
124256,0.9079788
1311,0.54914623
1104,0.42463344
75938,0.0002842891
30309,0.53250647
42139,0.9423219
69810,0.18740106
26739,0.8797107
31724,0.9722536
5330,0.43690267
106246,0.4527852
34244,0.9397584
31640,0.53121704
112342,0.7614502
77865,0.0005304749
18814,0.95725715
41107,0.92600155
30882,0.9668793
59350,0.5065476
119119,0.43283242
109926,0.05600289
67829,0.5714364
109196,0.013433473
86910,0.00076626654
15904,0.058653496
117736,0.8450227
72649,0.16837144
34038,0.07421972
52891,0.17013736
60429,0.8151512
7903,0.69081575
3648,0.107126705
92909,0.978974
50306,0.7873208
18816,0.9479231
110999,0.45788366
51474,0.8551397
5891,0.17159098
41866,0.13757396
59263,0.26340324
75274,0.0003376276
77176,0.0004858331
7806,0.16802767
72124,0.379288
54453,0.217394
49009,0.985935
87488,0.0008096459
123409,0.76197904
111118,0.12541154
20403,0.97634965
83444,0.0006564047
8561,0.62904584
81419,0.0006118527
34718,0.96263903
33626,0.07929904
39538,0.93765575
4327,0.7987316
31648,0.6422375
46274,0.9876038
18877,0.6142241
46570,0.96464336
96639,0.47915933
121609,0.9248481
123186,0.88782644
36050,0.9068302
80150,0.0006312236
6726,0.3811991
73594,0.33608377
113519,0.5706103
120265,0.79833597
95887,0.6564494
40871,0.85450995
13488,0.5339378
50219,0.7412651
53337,0.808501
35534,0.8155398
98844,0.13101739
25471,0.96689945
17081,0.7385736
105410,0.8840651
85115,0.00071265746
4744,0.18179874
4606,0.8939216
94566,0.25418925
44287,0.5773878
13643,0.07232197
79621,0.00063023175
93280,0.15784049
32950,0.038185865
34256,0.088582166
107293,0.85555375
113790,0.7059419
115872,0.84274465
7166,0.44026637
59616,0.9893215
74973,0.0004373936
104499,0.18546781
16445,0.1607486
70694,0.7044582
13115,0.9839454
6523,0.091652796
25506,0.98843676
20172,0.411436
38148,0.52689487
68215,0.51114774
14226,0.40946525
101540,0.48134825
118660,0.61092377
52676,0.21334587
24059,0.357086
36666,0.12897351
105293,0.64985454
86454,0.00067868124
108974,0.055052005
74198,0.16830792
58671,0.8477306
70830,0.22000764
2689,0.10157234
54709,0.5096416
29582,0.8977391
820,0.98053116
32442,0.94223535
71711,0.15736203
6029,0.08273125
27062,0.13798852
37102,0.9438981
61084,0.92235965
12861,0.115481
121558,0.9467834
39004,0.9458848
66613,0.41666785
115199,0.43283242
85517,0.0007161467
23832,0.69801134
103494,0.2000248
120034,0.25816953
120074,0.251994
16028,0.07894019
117746,0.83551276
12456,0.62256885
79374,0.00076701277
5194,0.96769786
70981,0.84580547
117183,0.21365462
110032,0.12435084
89210,0.00068177836
34683,0.81651276
30870,0.88074535
35611,0.9798956
60204,0.9363795
34523,0.75749636
57612,0.9200202
91814,0.004683507
17743,0.4308416
117661,0.6525013
64392,0.96189606
38020,0.9863247
9060,0.6198423
6746,0.08568378
116406,0.57295495
4344,0.93804634
114958,0.34622097
97277,0.50569344
58084,0.7412217
117035,0.54100627
113129,0.07814839
82466,0.0006219447
8631,0.5121745
95322,0.14578255
69177,0.10654532
77663,0.00031846922
37096,0.59970814
104157,0.27982312
38121,0.7941036
50967,0.704904
8724,0.120847695
90521,0.0006913313
38817,0.9362777
32629,0.9910946
25669,0.78522587
88355,0.0006884683
39804,0.97006625
69657,0.9630315
97618,0.74602634
118900,0.78324485
104065,0.18041912
43699,0.90563667
29965,0.057252746
53483,0.5879547
122626,0.8715895
85744,0.00083667604
33429,0.22942194
42689,0.98795986
25511,0.9867487
11830,0.050481807
6108,0.08826336
11422,0.45812422
101373,0.3803711
120764,0.5364341
69356,0.36978793
120577,0.48763254
121888,0.3237267
40774,0.933313
58572,0.92805916
119114,0.23301932
20675,0.9186409
84881,0.00080775796
83166,0.00073023327
69026,0.6827177
67941,0.45090652
73252,0.17477004
2863,0.07542015
116848,0.3618131
121304,0.6496226
5047,0.99609035
63479,0.9244981
10163,0.40881824
109174,0.10669989
115575,0.19886282
22290,0.90215695
3287,0.44967273
12325,0.8475135
89980,0.0007161467
93958,0.16246328
106543,0.46682936
22476,0.9789971
118478,0.20416796
101064,0.48669806
87748,0.0007803426
21173,0.04346883
115152,0.74651706
3146,0.38163045
44175,0.0986998
63215,0.9366967
76242,0.0005177046
92332,0.74877506
33090,0.94369227
36230,0.09029026
9357,0.50054353
96940,0.91842484
66086,0.28676075
95402,0.3951401
92456,0.42788017
31888,0.98736495
116324,0.43152878
43086,0.29057536
34427,0.9578511
121177,0.11846781
97411,0.7741005
92988,0.9625594
69243,0.19124258
62159,0.89866996
76119,0.00048879994
90482,0.00072314334
110135,0.057106383
115755,0.90581053
99013,0.6874965
84143,0.000725928
104743,0.40886462
109522,0.08201694
87175,0.00083159946
59840,0.8810616
80541,0.00071265746
23811,0.67937213
65568,0.5544392
96455,0.13717131
39867,0.9417825
73315,0.56612104
68866,0.059346825
82970,0.00065761764
80138,0.00073995395
100550,0.2926927
77859,0.0004858331
23393,0.6888488
52441,0.16346973
8327,0.12465864
57522,0.8045434
105976,0.898794
96889,0.45805156
121588,0.9719947
40668,0.97534114
52074,0.9426036
51469,0.44427872
103058,0.15388793
11066,0.32411054
66855,0.31887305
68635,0.47968778
81374,0.0006118527
18466,0.76866364
104268,0.24445374
79926,0.0005443886
121548,0.91173404
3151,0.14719635
95690,0.37296692
77853,0.00046739087
83811,0.00061072415
72130,0.67963916
44476,0.9951833
116932,0.703057
77703,0.0005029102
81667,0.0006321884
114805,0.81104535
97571,0.17189409
73005,0.94355553
55164,0.16998552
16966,0.860345
57068,0.9474357
16836,0.90429175
47658,0.9175611
99592,0.5908864
10197,0.11968569
69568,0.21580003
94949,0.386785
110195,0.19732651
118557,0.17098485
64272,0.8908486
44862,0.85659814
9823,0.44253272
682,0.8884208
88247,0.0007771049
32702,0.48883763
58067,0.83446634
24389,0.6143934
102930,0.12617451
74320,0.7274949
15725,0.07641865
8982,0.44337204
36359,0.97247845
34468,0.58171433
11402,0.2821364
80658,0.0005599444
68490,0.47787598
114891,0.17756839
30906,0.91143113
87843,0.0007463127
63925,0.22560377
6011,0.094711386
98331,0.62885624
79730,0.0006331152
54495,0.45345965
14500,0.984703
37629,0.9577048
51718,0.5192265
36733,0.9722969
68071,0.34625953
13802,0.15792572
89130,0.0006830381
85727,0.0006205279
47657,0.85443014
87894,0.0008397583
19605,0.25751057
29236,0.84186023
87513,0.0008250931
32104,0.5316115
116139,0.3358588
5780,0.8099536
45108,0.98657286
75285,0.00048829074
86862,0.00071180094
40655,0.9098002
39291,0.8800097
67206,0.10686179
10993,0.2358323
25294,0.8959835
15818,0.06805068
88522,0.0007487115
80133,0.0007598979
7108,0.41186687
100296,0.7073629
65883,0.6564025
35389,0.09300017
57145,0.49852118
121261,0.7068445
22144,0.9750921
118839,0.61961937
51117,0.17870605
70703,0.7011719
117441,0.32799426
39107,0.99023694
105773,0.2851731
28042,0.91338617
73927,0.1948803
48183,0.9413407
260,0.91505164
79671,0.0006331152
79546,0.00067568896
97243,0.6066836
96512,0.15699144
101386,0.5040932
59294,0.7330823
32596,0.98402864
57724,0.8639407
28718,0.8801603
30658,0.99355125
91276,0.0007041915
84398,0.0008608199
77616,0.00031846922
86358,0.00083667604
104501,0.16831495
65821,0.22890204
65923,0.5536397
120979,0.6069755
83132,0.00073995395
80005,0.00061072415
105215,0.5231111
32480,0.9750553
21154,0.042986397
3827,0.15857849
22714,0.8623519
83765,0.0006092332
59517,0.90743446
60792,0.87552816
95349,0.26765466
5046,0.9928556
122742,0.41105422
124219,0.89602274
52485,0.78112996
102179,0.8644175
17662,0.88505685
46998,0.9795084
109236,0.020014554
63225,0.971095
36485,0.90363204
76577,0.00047224926
91936,0.05999959
7991,0.1007976
119776,0.86915046
74292,0.14281332
82083,0.00073023327
86849,0.0007964923
70984,0.84580547
11208,0.7435698
116635,0.08893051
5918,0.5081273
13829,0.14407036
28812,0.8237772
34748,0.06520136
12792,0.16997284
66821,0.60050035
91961,0.14878285
16032,0.065413184
59786,0.57008934
40326,0.9686308
73920,0.5268157
89756,0.0006943035
117324,0.47677565
12643,0.4870225
98838,0.6007855
9166,0.10723358
124846,0.953758
114821,0.7684789
100880,0.88870656
26968,0.7229839
114123,0.19118106
117707,0.6017662
55705,0.47724771
115914,0.5993426
10688,0.4495812
56881,0.9215772
112832,0.5893101
86891,0.00076439616
121519,0.8085578
98008,0.9085887
62096,0.42379645
34373,0.5121301
41156,0.98526764
84870,0.0007687891
34981,0.9323493
113522,0.4182912
86256,0.00058207585
83598,0.00075354706
50391,0.78313655
56884,0.9613936
59054,0.8036459
102542,0.0435226
102394,0.1090359
84603,0.000725928
67099,0.25204274
51673,0.07654686
34673,0.88517004
34667,0.91445535
76993,0.0005177046
14341,0.08477853
48611,0.568618
97832,0.08740621
9416,0.7106274
69676,0.96445733
86387,0.00083667604
102153,0.7026188
53306,0.91449136
67861,0.15743057
82745,0.00073023327
79102,0.0007841487
86342,0.00068480347
68729,0.040033843
115299,0.3918171
115498,0.54425037
118318,0.11672849
45167,0.06952399
81605,0.00090536894
10656,0.15621248
60454,0.24083365
65642,0.6582185
106996,0.4552056
21680,0.9010802
90973,0.00068177836
24063,0.08480736
34182,0.9292857
64871,0.7543498
43225,0.9258194
63636,0.9443948
95705,0.4185573
99009,0.47490343
38113,0.84846836
29444,0.17799
54839,0.78493166
3468,0.16487646
92111,0.34145692
56775,0.874849
40447,0.9453524
77018,0.0004858331
13126,0.89729863
76919,0.0004401705
29943,0.053893562
67637,0.18188284
72703,0.32275817
40435,0.9345197
81129,0.00073158246
118914,0.56897604
41561,0.9431214
79519,0.00061482284
56104,0.949736
73412,0.38624024
21872,0.8886481
40814,0.96958256
114030,0.045659672
118319,0.11672849
99701,0.43102568
75693,0.0004858331
124541,0.5915261
29000,0.64359343
6911,0.4160864
13297,0.8515237
119042,0.48327932
54044,0.17559187
101799,0.4286585
56612,0.8414775
108291,0.4743562
33199,0.86515653
105078,0.7470174
111561,0.6638827
58624,0.9900767
71484,0.13800249
29878,0.09114634
37233,0.8810986
28985,0.16030686
14749,0.9917243
33690,0.4470823
116536,0.9329895
28770,0.8832933
79435,0.00063239
107224,0.9951698
68791,0.037090946
115985,0.8699576
114267,0.830293
102702,0.63524115
94922,0.14453587
76574,0.000477207
81806,0.0007321471
4084,0.8428354
95829,0.1419857
105033,0.10440897
75278,0.00039761982
17117,0.17177376
37056,0.98825836
68221,0.34716636
113384,0.04562923
73762,0.6331636
53158,0.8107615
97008,0.6864966
111426,0.056381546
89098,0.0006830381
75178,0.00048829074
109962,0.28604034
13182,0.70748657
376,0.097262606
108559,0.24920683
37761,0.528049
74551,0.96149385
118586,0.3907277
31774,0.94976395
69093,0.25567445
117120,0.10081742
45938,0.86805683
42721,0.94373184
31457,0.76962405
109264,0.101862796
6909,0.34625587
78426,0.00061368884
12955,0.47167882
22983,0.10038903
108318,0.25680354
47601,0.9221883
80113,0.00063335657
72760,0.35232896
74722,0.14991345
889,0.97475725
43857,0.58301777
54601,0.20822367
33099,0.038070805
10068,0.66740805
57430,0.8963023
94622,0.2765309
78893,0.0006855158
50218,0.76341534
43470,0.9663208
71197,0.3465304
68251,0.35284165
103370,0.112453595
63777,0.88578135
100617,0.46760228
77705,0.0005029102
96653,0.38927007
74398,0.56982535
91561,0.0007531723
53784,0.35654688
105612,0.13440679
52855,0.16865486
109273,0.03515722
100954,0.26830384
65746,0.17287426
29674,0.12653133
2293,0.7582974
10832,0.68531555
88234,0.00078357285
15342,0.1509865
5134,0.4957151
81868,0.0007564102
58842,0.7936192
45710,0.35504672
120795,0.35439226
94799,0.22624664
87920,0.0007752144
84180,0.00065761764
46618,0.9332737
102798,0.16696867
96365,0.20254964
30008,0.04471466
81620,0.0006649132
91100,0.00072314334
36597,0.9287272
89564,0.00078357285
26752,0.9156838
70874,0.1876147
85620,0.0005777527
56617,0.90154934
119929,0.61092377
95898,0.8499228
109087,0.05970075
122255,0.19984587
10611,0.7254431
15518,0.9840246
78661,0.0007598979
26260,0.25348634
104627,0.43657392
103826,0.91065997
29082,0.4252748
44863,0.97953266
95146,0.86978775
61453,0.96972746
57799,0.1936276
39818,0.9801429
100926,0.036861807
92884,0.94221807
29628,0.38529745
6912,0.7857285
35997,0.68932766
61980,0.8452694
95171,0.30976903
80624,0.00059599726
20298,0.91869867
70030,0.43209782
109114,0.11225188
100789,0.1645393
74441,0.44495663
104276,0.34400338
119281,0.3816922
46941,0.9461263
14050,0.70150644
63516,0.9426637
72034,0.18312512
122900,0.9082664
103757,0.7118775
101669,0.81011516
24245,0.080353536
85308,0.0007087539
120084,0.19737348
85868,0.0006571289
21689,0.90800315
108237,0.96721095
96574,0.18520926
107962,0.35704708
31441,0.5040714
96197,0.17224395
122373,0.3783511
77860,0.0004858331
60382,0.9404906
109816,0.038774565
81084,0.0005453946
98398,0.6652124
48767,0.5393118
24119,0.038660284
37951,0.9378515
103843,0.19926868
90372,0.000666878
54037,0.7196344
123011,0.19559115
13078,0.95610607
67882,0.15064012
81143,0.0005609791
65851,0.93000513
67976,0.7367262
19256,0.519647
58385,0.72026336
74267,0.18833113
122061,0.11493592
86462,0.00073158246
115097,0.602478
94557,0.4382298
41384,0.6005769
10816,0.70063764
84859,0.0007610281
29114,0.8964223
33615,0.68643415
54704,0.49819562
94382,0.15348049
78836,0.00070399354
10835,0.115293175
34955,0.8851034
76411,0.00031729968
81937,0.0005856769
96105,0.16912974
71296,0.77782565
49481,0.11881138
16831,0.46462432
88973,0.0007963132
106606,0.20037611
96592,0.22199684
122391,0.12722091
94989,0.7243289
28945,0.74473155
62795,0.9188143
76998,0.00034949707
37645,0.9832107
18200,0.9924355
101940,0.73192596
16012,0.13972843
89565,0.00073276967
31882,0.9841442
75559,0.00031402273
113407,0.8462281
76995,0.0003264607
109,0.92802095
9123,0.74688214
125018,0.6526573
94358,0.6684275
32434,0.9920581
122281,0.51855165
78629,0.0007598979
96075,0.43143705
3277,0.26272234
67202,0.2311738
99709,0.6175069
54447,0.33733776
80980,0.0006092332
14103,0.8012072
93546,0.13404045
125101,0.19172643
14579,0.9916568
58273,0.8600712
26286,0.46291733
89282,0.000666878
115849,0.9061156
110565,0.012728603
52598,0.17844091
102327,0.09971626
100945,0.48684758
72695,0.20104112
112421,0.56717193
67581,0.5204752
6522,0.08122453
411,0.43355563
3678,0.15374398
58077,0.7434866
94838,0.8227195
26224,0.7530488
1329,0.9143977
96195,0.19775142
31152,0.12246972
22499,0.9221743
38258,0.9744557
88264,0.00074429665
3776,0.15291019
111621,0.5300018
30043,0.104195766
52703,0.5640066
75056,0.00022460475
19666,0.9498115
89811,0.0007479702
51676,0.16046312
99281,0.1307458
119544,0.779246
59585,0.98364
34216,0.9213153
93631,0.4658227
72218,0.10279908
70683,0.66223115
77313,0.00043795496
99006,0.5130122
123713,0.6828514
62854,0.8312515
116263,0.8091314
52780,0.6835548
61337,0.4591147
121069,0.06831674
40450,0.9612727
116724,0.7028724
88252,0.0007771049
20476,0.875614
33836,0.0840633
14780,0.9954476
32064,0.49359584
3862,0.4282187
66270,0.50065583
36137,0.9419891
46446,0.9745588
29889,0.057344396
109157,0.06414151
124230,0.88488525
117478,0.6632879
11258,0.10918188
75531,0.00048375293
92594,0.057487182
27678,0.31382552
48088,0.15871707
116434,0.1706637
51470,0.8551397
64537,0.9230435
44605,0.98897517
78618,0.0007598979
48354,0.74930423
61697,0.95871013
11506,0.10415211
3578,0.10869437
96069,0.50518507
19458,0.9118113
88692,0.0006884683
82033,0.0006649132
112578,0.28281498
15333,0.5148102
20950,0.40912703
120530,0.2769313
102100,0.1776098
88580,0.00072314334
2720,0.06597062
32634,0.99073607
98486,0.48704183
95701,0.53927916
1984,0.19451366
59223,0.9376886
5674,0.27800697
89430,0.000765036
14031,0.95447654
87218,0.00076626654
79619,0.0005794405
103059,0.13905644
49147,0.17659338
94210,0.9441948
46712,0.9883668
120809,0.6721612
13022,0.33289072
54840,0.56665814
90446,0.00081929326
47630,0.9663703
61514,0.18639371
108612,0.42822468
88517,0.00076246867
59901,0.90709025
43734,0.9461344
90505,0.0006788597
80675,0.0006321884
72995,0.89720887
77738,0.0003264607
56195,0.81341785
302,0.29179686
52378,0.34617665
29147,0.8712432
340,0.542589
86201,0.00066995807
121107,0.7931274
11333,0.4321302
52704,0.5640066
30763,0.94519806
21226,0.037972298
74840,0.22839907
98200,0.9854989
107312,0.94879746
17263,0.6291252
98325,0.5580977
112028,0.5167025
117630,0.79115885
57184,0.879193
118151,0.19745672
59139,0.7949249
69565,0.16646048
79711,0.0006727964
117415,0.16263738
88013,0.0008000424
103201,0.29368433
36618,0.98008794
46909,0.9181189
80128,0.00075354706
30920,0.31647503
24840,0.5765555
112906,0.2959136
469,0.11534728
21256,0.05962199
41919,0.5612769
16871,0.83053493
34809,0.40161553
70924,0.95690566
84136,0.0008000424
59305,0.72895235
92254,0.36973935
5758,0.11585547
11444,0.16005376
48863,0.26989886
114789,0.43430382
113349,0.067600965
91402,0.0007057381
67693,0.58945155
86836,0.00076439616
19239,0.50215447
35721,0.9515521
95118,0.79330695
118204,0.1546909
74308,0.57094485
34223,0.9460204
45004,0.094690025
100526,0.5687313
124872,0.9675698
64942,0.1837117
1357,0.9426738
10370,0.42828798
103421,0.52523017
66445,0.19426808
123543,0.8142547
64446,0.9856941
96902,0.33618742
106570,0.3458654
79033,0.00073158246
79290,0.0006999549
21013,0.8965305
121074,0.0885245
40241,0.5218055
59961,0.50309294
36549,0.94115895
66633,0.058987316
51457,0.81101626
37486,0.52905536
17510,0.1639955
92250,0.0989619
22074,0.9256537
73097,0.43188092
96047,0.6358781
41043,0.108046226
35473,0.73484474
48172,0.2554394
83688,0.0006935254
104957,0.4067738
119979,0.73702824
119645,0.32309982
113331,0.096333526
109566,0.032539558
11259,0.66498446
3316,0.20668614
114384,0.13180552
46226,0.6203084
37729,0.88280404
72210,0.25446135
17674,0.9067593
31154,0.44669092
55355,0.7912801
40084,0.9720899
46245,0.9516193
114291,0.53335387
22466,0.97459644
74190,0.38516295
55746,0.78768444
74024,0.17292275
24698,0.956928
66472,0.18182571
98047,0.08491242
95883,0.42435127
46203,0.97937083
21629,0.84509856
76276,0.00031537347
67828,0.48701084
77252,0.00048620004
78676,0.0007598979
70195,0.3476213
86903,0.0007676822
5660,0.41177607
49142,0.13838723
15883,0.9407832
115753,0.58990353
96176,0.61646277
40600,0.9128771
31013,0.9321038
117532,0.8643545
105133,0.43670896
41713,0.082421586
10444,0.058134194
99580,0.48494747
16505,0.5505924
124400,0.38753474
93413,0.355814
115130,0.33018073
105807,0.14189538
104500,0.6366542
78918,0.00067577587
30385,0.98720026
42886,0.9012833
58667,0.6299783
24266,0.917442
17990,0.7626829
59418,0.80876875
3878,0.17448175
4140,0.37032142
93774,0.3482208
55377,0.799932
70960,0.924762
78010,0.00050012534
7051,0.8000126
108499,0.71379787
115457,0.7096265
113912,0.3575717
13470,0.809844
89302,0.0006830381
15816,0.09593564
39376,0.92850375
63623,0.94211245
58210,0.97889644
54278,0.4818858
94751,0.069274485
55748,0.8105722
48946,0.12040972
12447,0.6394369
81096,0.0006118527
121837,0.54468596
52008,0.77668846
104292,0.73576134
20648,0.91869867
86218,0.0005973758
13654,0.07753894
113602,0.0666038
4042,0.39126453
8210,0.5265064
55049,0.39569667
112201,0.6024283
85597,0.0005845967
51192,0.8728474
16338,0.1390864
120090,0.82939
86992,0.0008000424
113742,0.31360602
5499,0.78415143
96580,0.26888424
42537,0.99075097
83875,0.000725928
38143,0.07088793
47269,0.5822614
22212,0.91779405
12165,0.4969966
28203,0.35007128
120758,0.75259125
22519,0.051320896
66956,0.39998654
34590,0.9273512
71310,0.2472194
63146,0.92855626
97464,0.9521165
59256,0.78472966
23858,0.504917
51818,0.8699046
96425,0.29162684
62358,0.9100744
26527,0.17005359
21976,0.04346883
53112,0.8320928
32587,0.96405756
67533,0.8009472
34578,0.9064069
52095,0.98686326
27481,0.14824654
100917,0.4200519
124643,0.96460176
84208,0.0005856769
77882,0.00048829074
11274,0.7535961
109843,0.0283401
41677,0.35891956
34836,0.90368754
33770,0.09136668
47398,0.98733366
62543,0.8729446
50533,0.9062636
98612,0.12260744
85902,0.0008174981
54870,0.5901795
41207,0.9904807
71530,0.40295193
119550,0.16885823
9889,0.11262097
3030,0.79359066
7574,0.40802154
11195,0.1365181
90548,0.00072314334
54667,0.8961363
68799,0.036319878
58286,0.917418
61684,0.20190382
91043,0.00068177836
100422,0.51659995
70199,0.3476213
30851,0.09039514
11083,0.13679756
33432,0.90911895
30811,0.98714995
1674,0.15205541
77762,0.0003264607
41266,0.50389874
61845,0.8898501
3246,0.792139
16413,0.05262366
64142,0.7569246
1566,0.3540312
118336,0.81577706
56499,0.89900285
79098,0.00085286854
100624,0.38660988
66250,0.14561313
61939,0.8791859
17592,0.45052055
23634,0.9392803
50452,0.87751865
18314,0.04717287
45075,0.98275375
115010,0.89184284
83629,0.0006118527
63010,0.86211956
63303,0.83295286
12628,0.7733551
77485,0.00047872716
87210,0.0007564102
48498,0.9286577
60632,0.3635397
67336,0.6318274
57387,0.9367853
47393,0.99350315
77017,0.00046739087
24357,0.80454695
49412,0.9451825
23951,0.87922543
110211,0.22618905
24467,0.05342639
105322,0.457905
107702,0.48252544
46107,0.6587071
16340,0.16218285
22081,0.9074723
30960,0.88868755
77127,0.0002842891
67812,0.13245499
95605,0.21649042
33756,0.11085052
11024,0.099342816
116516,0.13394086
101227,0.117081426
94404,0.47351927
27876,0.3727155
84004,0.0006118527
51867,0.96178234
13324,0.49186108
98676,0.40099284
44112,0.98231447
84949,0.0006684373
87558,0.00079148135
21716,0.90333486
21161,0.05962199
30334,0.9441877
15955,0.0623961
40327,0.96647346
74042,0.2992303
86016,0.00085987133
73941,0.50616354
65287,0.48146728
77814,0.00042132943
53490,0.46743816
49320,0.58822167
13257,0.3825721
52443,0.55786556
82575,0.00068064773
16431,0.3296659
83148,0.0006564047
28501,0.19592594
109724,0.03867362
64651,0.8583886
16473,0.8667485
94599,0.3927616
38383,0.9531647
55082,0.87799835
123609,0.869487
32145,0.96658605
57842,0.8420538
101521,0.3560679
112876,0.6117087
99621,0.489828
72052,0.2882382
49869,0.7955069
92866,0.13635534
9832,0.15517238
984,0.9549954
74880,0.4819109
91194,0.00065503956
120848,0.46078908
77448,0.00031537347
102068,0.41054794
80762,0.00073158246
48301,0.43139815
6318,0.09494147
18244,0.9943394
35179,0.4941975
117967,0.14712846
51109,0.121135354
113188,0.22851932
57840,0.80311227
95597,0.3699503
15643,0.96859854
64353,0.1597364
98199,0.98177737
110046,0.024104504
66824,0.34410104
54533,0.37726155
10707,0.6697823
114782,0.5264098
110374,0.06871219
18175,0.9890407
50765,0.86255544
50849,0.9424329
108744,0.16227357
104387,0.2476918
68290,0.43839914
103030,0.17297202
94368,0.32837424
101048,0.32321286
88583,0.0006943035
94976,0.8006426
80644,0.00064823887
41129,0.9617749
61263,0.89323163
32287,0.7263759
55236,0.6904895
111363,0.83350974
74681,0.16446215
102366,0.06580242
70381,0.16505189
60289,0.9212029
6620,0.58041465
8007,0.6405226
116588,0.82649374
61061,0.9214514
5216,0.8030241
116582,0.27134183
27136,0.12851594
48877,0.8461961
30138,0.045736026
114696,0.09649879
10944,0.18325269
86884,0.0007788134
9706,0.45377687
120889,0.8887772
30795,0.9822494
34022,0.5709474
96413,0.39013472
854,0.95978916
2836,0.3760606
111582,0.3989719
100087,0.3865924
41065,0.8039429
76737,0.00043276552
52681,0.64099276
44707,0.07596833
98582,0.12100929
91060,0.0007341236
94456,0.37591454
54657,0.8318694
104086,0.45905116
16627,0.8679956
63232,0.63076663
22718,0.80299824
97705,0.26978654
113282,0.096016794
62199,0.90034556
95319,0.20734738
53844,0.35272837
95766,0.35741448
76445,0.00046415333
100872,0.5790166
46025,0.13874611
93619,0.5064489
63760,0.5403901
53452,0.8657575
28260,0.14010237
60755,0.76797587
54260,0.40927386
11682,0.19440876
35804,0.91561824
17283,0.35800064
87420,0.00074429665
21857,0.82655406
59254,0.77568525
89286,0.00068177836
113542,0.6371778
97946,0.6979673
122241,0.90264773
21038,0.35295343
20859,0.07739397
68298,0.4040397
99574,0.44862437
3771,0.1397478
42138,0.515686
50427,0.18003362
75233,0.00033549085
50152,0.083479404
11452,0.120413646
14363,0.048451476
23706,0.9900752
85994,0.0006118527
665,0.9683071
80018,0.00067568896
66962,0.22720957
98943,0.1507909
26630,0.51445556
2716,0.050016157
48104,0.91741884
119797,0.64148664
26142,0.3659904
54147,0.15854613
72323,0.6355267
28525,0.8890064
73166,0.17961346
81595,0.00074954465
83544,0.0006167173
55598,0.66239256
106293,0.4935977
73822,0.19285887
61294,0.93307537
83623,0.00071265746
97264,0.3872622
695,0.9360609
94190,0.97658724
43167,0.5408839
93185,0.12324095
41494,0.97325504
1797,0.5608318
52105,0.5411718
48591,0.97850156
23546,0.931687
12047,0.8529633
22359,0.95494074
113217,0.4534446
17752,0.089143135
40372,0.99086845
110717,0.23979625
45231,0.5876071
36553,0.9274779
76316,0.00042132943
88366,0.00070704205
114783,0.5350292
51287,0.19975434
94051,0.6329703
14778,0.99430895
2699,0.061592277
86520,0.00071258924
89125,0.00072314334
95043,0.27858877
45912,0.9641813
28539,0.39198604
90885,0.0007829089
60743,0.8233084
87916,0.0007752144
82972,0.00065761764
80849,0.0005856769
53905,0.4385207
60622,0.87039423
39604,0.95547205
49227,0.87627816
3496,0.11231259
19806,0.44450954
12110,0.66214687
83855,0.00062402943
104363,0.32851088
7227,0.068325564
43827,0.8702478
3427,0.5087334
15619,0.95058906
41653,0.92025435
69598,0.68505895
124711,0.24347462
72057,0.39128032
47396,0.9787651
93999,0.63508147
78396,0.0006981096
121413,0.8182779
70914,0.8669996
64335,0.88498104
52372,0.9143487
78538,0.00069866405
120859,0.61092377
84262,0.0006167173
122875,0.6530592
44625,0.9927521
107092,0.9838393
38987,0.5693797
97724,0.42574462
53657,0.7776383
7802,0.14587128
55980,0.89280176
84567,0.00078809354
98522,0.110770434
87944,0.00078799896
101907,0.36137718
6389,0.7618807
105260,0.33575055
7954,0.41475004
80505,0.00071265746
56422,0.8456657
21613,0.8892592
32529,0.72586346
61256,0.497519
2286,0.6990733
120994,0.13000314
87075,0.00071180094
9408,0.35204512
77515,0.0002842891
44099,0.88001895
24785,0.105201475
100369,0.30462736
105332,0.3176415
43953,0.9018583
1862,0.86172557
45647,0.073612586
36583,0.9436132
79966,0.00065761764
69459,0.39177677
82622,0.00068678247
124242,0.60979867
15260,0.13383137
31378,0.9227531
25070,0.97569704
74900,0.6055236
117283,0.5009418
90425,0.0008000424
36891,0.4405066
2077,0.47180957
80782,0.00061072415
28059,0.11109569
113729,0.19469716
59188,0.91923827
84246,0.0006167173
31942,0.64989984
108362,0.21603756
102690,0.79386115
61851,0.72583395
77911,0.0003137926
101249,0.10054699
94971,0.23195669
31591,0.93819314
120037,0.3289147
1152,0.767779
52154,0.452563
118249,0.74588233
63569,0.947799
7504,0.5792038
118518,0.6952648
74469,0.109578274
71897,0.41055158
50120,0.6189517
70753,0.65943766
96070,0.1320192
39431,0.82084787
104087,0.15265265
80435,0.00078127044
115921,0.5993426
57931,0.5716789
101002,0.66007024
4128,0.17104407
77091,0.00042132943
123729,0.85932857
124928,0.14576116
30124,0.048804004
96971,0.54799944
448,0.06679412
49101,0.6177579
55111,0.79502136
60151,0.9497305
26097,0.8315715
75524,0.000497984
21765,0.94233674
102639,0.8897671
35966,0.944787
68573,0.46080357
4710,0.7115552
103343,0.14186901
70640,0.19408752
85299,0.00082804007
70634,0.22463374
48087,0.16177996
93053,0.83117855
36664,0.55315036
63781,0.89361227
8306,0.16814278
56192,0.81341785
38886,0.88979906
26482,0.49677676
84301,0.000628048
24935,0.7085769
12037,0.30355546
13698,0.06105354
47842,0.28328747
103242,0.25441793
636,0.95563394
75857,0.00036409855
114678,0.2953486
114932,0.85368425
69865,0.5157256
49254,0.5439587
37193,0.9556848
119946,0.6029784
23187,0.8539887
124684,0.84188795
86872,0.0007629865
51525,0.20698139
8703,0.11611229
6064,0.16537736
83446,0.0006564047
110011,0.06065851
82956,0.0006981096
87499,0.0008406542
82715,0.0007413211
35153,0.23130131
33409,0.16914868
27142,0.48722425
124239,0.59635085
56428,0.82568574
68117,0.33572304
41523,0.9426666
57974,0.8389142
93187,0.4547864
91215,0.0006913313
88129,0.0007676822
115367,0.15726265
113059,0.7198255
19588,0.8663298
65877,0.9177266
73157,0.21377386
51806,0.86635196
84966,0.0006935254
50092,0.15228496
95524,0.17254144
124427,0.84379387
24614,0.79276997
5883,0.17347762
109286,0.06334549
116428,0.39278814
2904,0.12725332
82833,0.0006118527
5349,0.74008507
1361,0.87452507
81033,0.0006023013
55642,0.4301817
32083,0.96921355
41223,0.9878108
19487,0.91083163
108402,0.5189187
6256,0.3491256
45063,0.9783328
74570,0.97878385
61685,0.9024924
45481,0.5050799
73341,0.30341205
54072,0.328928
11430,0.635208
76032,0.0003264607
21327,0.05640136
19868,0.035029467
106012,0.2887665
54206,0.45867902
96010,0.41331622
106707,0.60942703
100306,0.7796772
71386,0.19215675
15409,0.8737253
66193,0.29579672
23015,0.9715996
45611,0.94512904
36753,0.9368781
24160,0.923819
95445,0.13879928
47487,0.8602607
70835,0.18820588
16319,0.14088503
67867,0.14681846
5753,0.62233615
39486,0.9197828
8493,0.5761758
109011,0.037676174
60011,0.0797527
121402,0.6375281
35977,0.9819194
6153,0.16591331
1731,0.09791085
27342,0.30960172
101980,0.3616088
122522,0.65931547
82231,0.0007718535
33159,0.07158453
10864,0.12795976
8956,0.61915565
11316,0.4689452
13870,0.069767624
19244,0.91263664
86703,0.00082448014
50229,0.8722949
104057,0.48068044
75861,0.00044133852
85658,0.0007010995
62298,0.924282
116529,0.16633233
3399,0.16203998
45711,0.68057483
49393,0.8486622
102621,0.3860657
92300,0.10536776
106369,0.47373873
19599,0.5766921
46556,0.9486124
108804,0.09543822
28701,0.7880977
39806,0.98059696
84584,0.00082804007
69127,0.43948177
84083,0.0005609791
18973,0.051632904
66169,0.6111659
11888,0.088850364
14158,0.9695263
54444,0.43592927
10044,0.11874205
101246,0.08664061
66518,0.19281259
106623,0.17102325
122788,0.5963809
54768,0.7191855
54403,0.90793073
52647,0.82100236
122667,0.490197
104525,0.44126955
109495,0.07798611
53233,0.91339356
63870,0.17910747
69105,0.6478446
78690,0.00072622515
42475,0.95103455
120302,0.1282506
95354,0.22634925
30966,0.9770255
125118,0.57621574
120268,0.70717055
30773,0.823904
78971,0.0006222358
77428,0.0004858331
86722,0.0008250931
69401,0.61944366
46926,0.94916016
125068,0.16364741
83844,0.0006810114
115756,0.8996573
76985,0.00048382
17974,0.9871488
123364,0.66143185
95384,0.597251
91365,0.0006526131
94791,0.17170289
120937,0.75458205
40141,0.09182593
106800,0.32425892
16498,0.14723049
73082,0.3395267
120996,0.085216075
112287,0.14887996
106283,0.98315907
98962,0.7123614
55823,0.5584276
16920,0.11716203
102525,0.68567884
90602,0.00068974035
80342,0.00067568896
108351,0.5399211
41649,0.54049325
38707,0.87808096
47060,0.12125728
2831,0.11535241
66501,0.18513887
99872,0.6162514
100401,0.2926073
102150,0.35173547
27622,0.15036975
44354,0.98137796
123730,0.7904658
120640,0.8174762
44268,0.880238
46381,0.5831467
41181,0.98819864
112848,0.23307112
18145,0.99025935
75317,0.00033549085
53920,0.6868456
91294,0.0008263402
58980,0.92106706
33239,0.38962394
19338,0.92530346
113263,0.07623576
54547,0.5631027
21433,0.9163191
11326,0.15422209
63926,0.652745
8581,0.72646916
36694,0.52400446
111745,0.46598697
84757,0.00061072415
117056,0.66960573
93403,0.32469282
125080,0.71107453
49581,0.7485897
32565,0.95652896
1258,0.9412241
99903,0.41389382
60537,0.90219176
75303,0.0003264607
30883,0.946181
74201,0.6931342
85668,0.00072744116
39944,0.9569234
124055,0.6030921
111951,0.32223025
16074,0.5527777
41773,0.46669924
39079,0.9873784
120109,0.47238195
24833,0.7030018
84771,0.0007829089
63509,0.9383819
113565,0.6698827
111913,0.68995
26043,0.09388604
7408,0.39187604
99891,0.6329161
115289,0.3426501
117301,0.52839565
11685,0.74916106
85369,0.00061072415
96899,0.5940734
56898,0.9761272
57847,0.8420538
53465,0.84722143
53539,0.5126064
101330,0.07192253
116507,0.69689745
61428,0.41562897
27395,0.17300485
61776,0.9280616
57466,0.64847314
41990,0.9159403
138,0.9462014
123841,0.7517246
105218,0.15579909
119583,0.1795433
118927,0.5332659
113323,0.068533294
19689,0.40469614
20216,0.83281744
87903,0.00070814526
115603,0.902918
123182,0.74453306
25190,0.9946355
85943,0.00071180094
69107,0.6462552
111525,0.8157489
68412,0.48772088
38659,0.98732007
22007,0.8652046
121059,0.7197689
90707,0.00072447944
7945,0.7570368
86561,0.0008127534
13850,0.7654557
70314,0.114287175
77068,0.0004401705
88763,0.00068835414
23514,0.9250186
55198,0.5571137
73485,0.4854243
91572,0.0009546289
100376,0.5255067
76026,0.0005029102
113448,0.6311504
40163,0.9307233
22006,0.57573384
97591,0.47842342
32493,0.27194464
111522,0.46479145
70465,0.13268869
35960,0.9444728
92807,0.51123416
117633,0.4920843
103336,0.16046473
63546,0.9234731
32941,0.038185865
4846,0.7167668
123926,0.921669
112497,0.8428263
62956,0.94247836
85506,0.00066872244
107187,0.9926963
111870,0.11892486
108912,0.06639731
22356,0.9414322
59838,0.8628407
97602,0.6940893
79187,0.0007862513
108450,0.122857705
56962,0.99280363
23527,0.95882154
30836,0.88887215
52811,0.64842963
72360,0.19696508
33116,0.53000563
104928,0.3025396
100650,0.12993954
39221,0.91659683
119393,0.07501364
97532,0.89857006
84387,0.0006321884
105352,0.82254964
14062,0.077228814
120114,0.26956534
40884,0.9809411
17983,0.918395
10767,0.10949239
46155,0.96239066
39003,0.95759434
116342,0.29956448
23202,0.4088866
93868,0.116586424
30405,0.81852174
5980,0.06437902
63888,0.26195362
61293,0.1974864
100041,0.09039555
113488,0.7975628
38384,0.947135
116734,0.82541823
13841,0.6680006
99464,0.10312037
99624,0.28401688
37447,0.9659249
78530,0.0006321884
23085,0.8190979
14337,0.41525006
67285,0.5576889
28995,0.61452687
42034,0.9797331
32868,0.8712165
79393,0.00063335657
20917,0.8418189
1681,0.4234792
59857,0.8729549
110868,0.013348954
32621,0.98695034
69313,0.21146894
22546,0.039997146
116059,0.86024415
67671,0.67277503
53840,0.4222104
125111,0.115962625
20546,0.8690072
5023,0.9897906
21497,0.89158744
78344,0.00065901206
111799,0.40236342
6721,0.16872774
75349,0.00050317944
18730,0.94208413
106350,0.9894448
59467,0.9489189
35747,0.97757244
83745,0.0008485767
106700,0.24752435
112510,0.5506173
79767,0.00066369417
79421,0.000674133
60180,0.7709427
93237,0.77686757
9460,0.1180732
47877,0.45908085
57936,0.8745576
87593,0.00079148135
54674,0.91269004
124018,0.51688963
3576,0.11260906
44614,0.9869348
70958,0.9881932
52939,0.52878684
60676,0.91465616
53806,0.51196355
107443,0.17757463
113933,0.79914504
65711,0.13035546
4114,0.6843738
35371,0.09542408
4058,0.16810103
52428,0.51898146
11927,0.09962708
107987,0.5049422
49898,0.15466937
84390,0.00082815485
80889,0.0006321884
81796,0.0006081095
125180,0.94359654
5221,0.7929196
98560,0.094344676
64831,0.19837573
92783,0.32408294
45663,0.62146217
80276,0.0006855158
54790,0.6316483
33895,0.08964624
10715,0.14299737
54429,0.31219637
26859,0.93786436
24200,0.4693363
40348,0.9796154
94445,0.23485397
109131,0.11370728
24492,0.036856126
58356,0.86749923
30562,0.8374407
106403,0.18395603
3782,0.147298
86254,0.00066846405
73312,0.14115761
109700,0.01576125
89100,0.00068177836
29638,0.46934527
56086,0.95077664
73326,0.14616272
65344,0.0986998
6152,0.15850653
22032,0.770725
80902,0.0007325316
78168,0.00031402273
7469,0.6302296
265,0.08220101
45142,0.097230755
115811,0.5664305
21624,0.9241646
44970,0.9190514
106264,0.9627357
100475,0.2803459
53084,0.92355543
50402,0.58166623
7620,0.41465688
31684,0.89026374
114568,0.2292957
100425,0.40797594
55689,0.5748843
56266,0.8893767
18202,0.99170446
73022,0.92408806
71923,0.6693415
22646,0.8942849
34631,0.8873942
19300,0.89758396
52576,0.8468446
117272,0.6394656
14931,0.29012808
24936,0.88988113
51396,0.09084316
25645,0.037896175
70502,0.7232462
38525,0.56097347
72799,0.2887057
33997,0.86381114
117664,0.5024855
92497,0.064884946
10423,0.17136864
74124,0.80197966
79899,0.0006489779
73724,0.30254373
94434,0.766329
93077,0.9642789
26818,0.93622357
60692,0.64210016
57679,0.85520947
75376,0.00030302338
91940,0.028308097
55966,0.5575441
21746,0.9141507
36189,0.5977531
72880,0.2924992
76751,0.00048382
89262,0.000765036
43846,0.44837683
14010,0.9473865
86593,0.0008456361
48284,0.5580385
76623,0.00033288373
109117,0.08952596
62155,0.64912224
41189,0.99044424
99783,0.07562758
109920,0.1768149
29691,0.65626717
124106,0.6719879
78804,0.0007294411
100295,0.21099624
113804,0.30394474
69833,0.27828988
111355,0.07943553
104655,0.20652159
92200,0.15396175
82600,0.0008000424
28794,0.91759354
19793,0.44982976
13405,0.74933714
90111,0.00070867385
33873,0.33451977
3199,0.12340915
70055,0.82516164
111683,0.53404015
73090,0.5701043
36115,0.52698296
124918,0.37307534
86221,0.00061072415
59215,0.90424925
122051,0.60958296
43015,0.9393834
32265,0.80924547
113108,0.16519296
29321,0.6006365
102339,0.051007472
53608,0.15142065
33498,0.5896541
86900,0.00083159946
98352,0.43108895
65064,0.8807615
22684,0.5430819
69506,0.2697455
70139,0.7210526
86075,0.00082804007
83633,0.00073023327
104577,0.34436727
71753,0.07106403
17659,0.8800035
45692,0.96883005
112434,0.6868244
61637,0.17257912
82039,0.00074954465
12874,0.4462086
12436,0.3071171
39879,0.97698575
57933,0.9317218
34821,0.28275725
80054,0.00057668705
41110,0.8978306
7745,0.38133225
3181,0.7353649
93115,0.8068927
12190,0.32299173
49075,0.92223936
87466,0.0007946585
91973,0.02480621
121722,0.798649
48960,0.41796967
120626,0.65588224
89842,0.00074623094
53336,0.7980507
21564,0.98265785
74393,0.2638873
95339,0.4087632
111607,0.782441
61606,0.11163213
94555,0.3487595
100267,0.15467577
90556,0.0006830381
124779,0.70220524
3096,0.2859708
52832,0.26437342
91261,0.00077058095
91873,0.010969423
94836,0.84371215
110649,0.044974037
48635,0.9570811
32558,0.9562698
29229,0.8622558
81726,0.00068678247
114700,0.69506836
53634,0.3442271
95811,0.0787375
5739,0.13120636
121333,0.7735228
20286,0.5064252
51446,0.8651387
58927,0.90272915
23920,0.33113378
25331,0.47277278
69128,0.78617024
31995,0.41703677
4470,0.46471754
111770,0.094093494
77202,0.00048375293
65918,0.47787073
39573,0.46414965
75439,0.00049127254
123848,0.86768025
353,0.5509101
93745,0.5822158
3762,0.15982714
24457,0.3600265
40101,0.53268546
106050,0.7411288
10845,0.22911792
5430,0.35811913
2011,0.54130715
55549,0.90195584
66117,0.086969145
45261,0.42436826
82389,0.0005609791
118195,0.61610085
92161,0.1857186
10109,0.3590814
73480,0.43580508
84588,0.00082804007
49983,0.22463997
48162,0.82827705
110606,0.06404382
33867,0.8583335
66101,0.55536956
29688,0.81201845
50711,0.36677277
2039,0.79001874
55061,0.2135967
66859,0.5947628
72573,0.37241316
98420,0.13719079
8078,0.1639419
68258,0.20109819
9180,0.70676243
93291,0.13315947
93110,0.55394065
70140,0.7412005
69074,0.26923946
104624,0.28104007
32556,0.89664394
124370,0.4007108
100973,0.50132805
19979,0.5578919
123190,0.8497776
110928,0.5098661
108989,0.057117246
121987,0.820716
78679,0.0007598979
98769,0.45897108
75375,0.0004924003
83581,0.00081929326
17226,0.18108383
5620,0.9826502
60808,0.93082315
3668,0.11820905
99513,0.72084457
46651,0.96585786
122617,0.79361665
122508,0.47124067
108676,0.5815903
73314,0.109340504
38631,0.9270927
51674,0.46810964
117971,0.16158059
116511,0.1706106
89143,0.00068177836
49487,0.16420102
81016,0.00061482284
67043,0.15679193
111657,0.1428787
117006,0.4678438
99165,0.7156574
27675,0.33839566
27514,0.49888584
88486,0.0007087539
56852,0.08856308
58445,0.44493705
79737,0.0005856769
16153,0.4082727
53186,0.48670805
23820,0.8719175
119003,0.38269448
48372,0.94624484
8336,0.20838927
59866,0.8798963
55235,0.7693839
103685,0.13804197
39050,0.9664982
4039,0.50317127
55020,0.22637977
46449,0.41697708
9591,0.6387823
113397,0.7382284
61165,0.95008886
41138,0.98062503
112675,0.22853994
85776,0.00063210074
90165,0.0006649186
13038,0.48823467
41320,0.9371782
78044,0.00042132943
4685,0.802424
78317,0.00069075933
36811,0.94483626
2800,0.09948914
107558,0.94088745
83894,0.0006602297
34354,0.11025013
70267,0.21198475
95501,0.13156578
97955,0.7389363
104194,0.17221959
40130,0.09792008
85633,0.0005867704
23732,0.8978425
124610,0.8889946
92265,0.2749691
22342,0.9172892
99046,0.58897614
49532,0.6744526
122015,0.8993328
91688,0.00069916557
32450,0.9460734
118065,0.16432518
59115,0.7561779
52970,0.79416937
25016,0.5765401
44252,0.87917566
11219,0.8038621
101244,0.08531914
26490,0.1826375
13816,0.43772876
39960,0.37785327
7861,0.48189774
33284,0.41440818
115228,0.8703476
38586,0.90728253
105158,0.9261597
26135,0.8824334
102137,0.33849403
25191,0.994162
106420,0.63596755
30453,0.9692208
31367,0.8856798
103980,0.4506719
104088,0.358642
14185,0.83566254
42996,0.5345781
44544,0.97700965
110862,0.025353713
42421,0.8927025
89497,0.0007911017
125088,0.36368072
21832,0.49968824
51981,0.17068349
97176,0.1107703
35029,0.9215966
31469,0.11046251
75941,0.0002842891
28097,0.30793965
80048,0.00061368884
99050,0.3331104
101201,0.5632831
21574,0.98635393
120438,0.5090808
46552,0.9315891
102546,0.0435226
106891,0.99229664
58956,0.79658127
68176,0.20124185
15511,0.93694454
113262,0.49630943
96453,0.12914705
99619,0.66002494
111024,0.0360648
69383,0.58794224
111532,0.53148186
69670,0.976752
41345,0.9440164
16942,0.15081589
2448,0.24542578
50295,0.6626164
79218,0.0007598979
48523,0.9625857
60725,0.8608582
61551,0.4709381
78268,0.00031729968
84872,0.0006041103
102092,0.1642025
1202,0.9033222
26190,0.7149036
54259,0.46393463
115422,0.1617562
93443,0.11077624
11861,0.38313174
41567,0.9427357
102007,0.4802662
26234,0.89226294
43983,0.8938342
41327,0.9687038
10138,0.1411153
51675,0.32452127
27495,0.56581724
86149,0.00071610743
25835,0.04273385
61884,0.65083987
77490,0.00031402273
18182,0.99413836
94634,0.35322705
119172,0.4155526
117800,0.73461187
40674,0.9801807
55207,0.7354583
64705,0.5136998
50344,0.16808726
62288,0.9089218
33814,0.71007586
77904,0.00033288373
85452,0.0007963132
108975,0.05124656
83992,0.00078768854
30436,0.95246154
11039,0.07368114
120144,0.7752705
114690,0.18923731
25857,0.34065282
28702,0.5935197
24006,0.14685301
68498,0.23844734
44878,0.9824469
78623,0.0006999549
75506,0.0004653896
52646,0.61908484
28096,0.32528424
45909,0.9815066
124547,0.5822998
18147,0.98528427
40751,0.11965355
112895,0.766563
77340,0.000558233
59514,0.9338006
77979,0.00022460475
85853,0.0006118527
89981,0.00062402943
10223,0.40212867
22748,0.7914029
35091,0.94091225
30779,0.97721934
24872,0.42753866
40505,0.9746523
66,0.3244739
99144,0.68126726
111942,0.6339329
48599,0.9910864
43447,0.9724505
52009,0.7856631
86542,0.00079661794
58817,0.9049294
92652,0.16658397
65639,0.7080854
106040,0.4188391
36278,0.5782375
6677,0.16628139
91248,0.00068480347
35128,0.9855437
81122,0.0006393605
38278,0.94671917
41525,0.9587848
38155,0.87004197
43136,0.9039687
61666,0.48721305
9769,0.6868256
106649,0.7581249
69854,0.1430555
123424,0.93876195
120712,0.19737348
22966,0.41566974
74534,0.76894504
9691,0.7092338
93339,0.31702608
117072,0.12601765
22036,0.88912964
92686,0.57067055
35986,0.6514869
103448,0.3479302
68513,0.20405737
89109,0.00072447944
108079,0.67950374
68388,0.28611994
71156,0.18043154
89847,0.00074623094
6780,0.76005745
99861,0.11584675
2515,0.4250587
116283,0.44218433
4762,0.17108628
79388,0.0006167173
13688,0.38160908
1931,0.9727535
4083,0.81925374
59478,0.96561897
22108,0.93367714
67971,0.19450179
39131,0.9928651
99643,0.631681
121042,0.62417305
87706,0.00085987133
46254,0.9745094
106338,0.97216785
73571,0.4205909
125040,0.14603707
49368,0.16851737
29491,0.65189004
111144,0.47042635
45022,0.89021075
8351,0.40625888
22485,0.7854122
52680,0.47216696
20640,0.8990037
89941,0.00078993035
67777,0.069439776
1855,0.87586987
24037,0.39181748
49232,0.822897
114375,0.3047658
76819,0.00043795496
48641,0.921401
26547,0.8420042
104158,0.17292115
454,0.6178275
58308,0.68486303
1501,0.87235296
88695,0.00073620223
94916,0.32873142
82196,0.00062072574
58327,0.97015566
101161,0.40479898
79495,0.00061368884
6054,0.16586715
2233,0.86965936
40444,0.93419474
119133,0.6181841
98927,0.09383141
92837,0.3166548
66639,0.05806576
65337,0.49354962
118800,0.46562847
95346,0.1831424
119381,0.65417695
110805,0.037127104
44393,0.9776954
37276,0.97860795
40496,0.97181004
77795,0.00030435057
60378,0.9479654
86011,0.0006564047
70551,0.60256696
15739,0.047815356
37362,0.9205879
75240,0.00048829074
43438,0.8833331
83154,0.00073995395
74364,0.1572022
95442,0.12931986
113984,0.062354784
4297,0.8385273
37915,0.7829547
116212,0.7855108
103291,0.43654925
33119,0.61230403
6403,0.70466477
115698,0.1498516
37081,0.97860795
33975,0.9719828
44752,0.54667616
80158,0.0006312236
66537,0.16951244
4863,0.7732655
1899,0.91900855
41593,0.10896018
85456,0.0005802454
99953,0.69308794
69797,0.19387934
97493,0.711928
36657,0.9862896
8588,0.7426969
113929,0.49330205
109730,0.03420657
9143,0.3712688
62473,0.9358321
110322,0.06865848
4893,0.9503121
124596,0.9152159
3180,0.13527206
8823,0.64057803
28215,0.13100831
6482,0.115504734
121179,0.3306191
53871,0.3061309
47604,0.6397117
85958,0.00076246867
37071,0.9858234
29941,0.045736026
100927,0.63771534
88838,0.00068177836
38636,0.95802397
25207,0.8027545
5021,0.9897906
102646,0.8138945
108145,0.82264304
99821,0.1898915
69049,0.65509725
30324,0.9325566
48066,0.28670344
2986,0.793237
122580,0.8461386
19926,0.60238886
95201,0.18429792
74274,0.5736931
102739,0.4839334
9434,0.4154551
72844,0.55651087
2779,0.14250523
79336,0.0006969114
32288,0.7065869
5447,0.15188073
59527,0.92751306
115601,0.7968712
12936,0.4619224
123827,0.22880292
27274,0.30500835
103671,0.6889707
29640,0.08066263
28999,0.4465017
52145,0.4815054
82111,0.0006118527
95854,0.40255624
72831,0.65092313
110207,0.21433988
71380,0.2001528
113609,0.09312969
59445,0.9105891
41885,0.09240828
81412,0.0006319685
111805,0.652513
83592,0.00073995395
51236,0.15992184
14712,0.98121935
93113,0.36387688
57602,0.56186044
47907,0.62510836
34119,0.9127815
29020,0.14860621
43605,0.93221587
118941,0.8138451
55560,0.9030905
34540,0.9051318
33237,0.47284198
121768,0.607726
33024,0.048559565
88223,0.00085605605
116956,0.81101793
38359,0.55158377
38122,0.7749588
17028,0.1946878
109676,0.016992461
61299,0.59342194
63,0.3890779
67038,0.32817355
34258,0.06757033
101968,0.18995968
4256,0.9222351
92328,0.16132863
54,0.2490616
38850,0.924279
59306,0.8181747
36725,0.9520814
103999,0.2049214
106342,0.9882102
79958,0.0006361212
23758,0.92936087
120719,0.46334934
61425,0.9225411
61788,0.6365921
87765,0.00079148135
43401,0.92009133
45791,0.9190514
60494,0.89798427
68364,0.35804534
102551,0.046314422
27041,0.13272962
6440,0.51421094
75933,0.00042132943
14649,0.87959796
98818,0.12876123
77199,0.0004653896
81884,0.0007101511
25157,0.9900802
1093,0.8711634
75137,0.0004396063
116917,0.19728054
106766,0.9282436
67431,0.198738
8785,0.45693597
99684,0.6294194
30716,0.99493164
53875,0.35474128
53422,0.78623134
65097,0.8561134
116909,0.19535115
80943,0.0006118527
16974,0.7916428
71807,0.35297182
78141,0.00035620132
88048,0.00077585963
36184,0.53114706
13041,0.8147957
122793,0.57704216
61590,0.6928743
90124,0.0006801141
39237,0.81586254
4195,0.07708755
105770,0.25029713
112845,0.18245856
84084,0.00063239
437,0.62664515
75100,0.00045737808
123866,0.3943229
31930,0.57458264
66510,0.34486035
122997,0.76169115
54949,0.89305246
14399,0.97128826
61719,0.706963
43809,0.5676321
69022,0.6751724
72712,0.23238392
73693,0.45196345
39900,0.982622
40529,0.98538256
91446,0.00083159946
39786,0.6476762
11144,0.38832033
65980,0.19045843
88963,0.0007177903
93796,0.27401456
79472,0.00066846405
94148,0.8327631
90645,0.0006743955
35491,0.94491017
7114,0.24897982
55784,0.91449136
83994,0.00073158246
41468,0.9658784
10511,0.08078876
7928,0.7201
112625,0.5973563
105100,0.14797464
18216,0.9915758
63157,0.57650304
118175,0.17905173
54696,0.5146192
64330,0.20401777
35578,0.967133
28282,0.34176728
122571,0.20708412
115222,0.7936918
123078,0.9283715
27465,0.12823793
99832,0.41223735
88686,0.0006884683
22917,0.9226388
57788,0.6151934
36206,0.67159593
70163,0.76349133
13626,0.49237224
51487,0.2505202
35694,0.9270969
51925,0.89930594
31705,0.52549624
76028,0.0003264607
46281,0.9834727
51237,0.5636731
64912,0.46682698
116581,0.70705354
113532,0.42009184
42878,0.91043395
84427,0.00081929326
84798,0.00079148135
70326,0.12712388
1975,0.87936026
86338,0.00080775796
59548,0.95842564
27128,0.6450047
84854,0.0005948183
107557,0.97361577
20007,0.94013
117248,0.1542877
54181,0.14697145
72526,0.10006284
18102,0.9593594
113817,0.34856227
69381,0.4989372
7230,0.06531775
14339,0.07824949
5678,0.10229543
93911,0.17368525
21724,0.92807263
79296,0.00067568896
80311,0.0006195109
49141,0.18895422
19452,0.50896335
40165,0.9407469
123732,0.31588316
91217,0.0006978628
32418,0.98862946
5113,0.98837614
88999,0.0007564102
6471,0.45233837
122845,0.8985001
51663,0.39084354
6665,0.5596806
17864,0.474284
95885,0.68545336
80161,0.0005609791
82683,0.0006118527
9800,0.45346758
93424,0.33327508
78812,0.00065761764
10685,0.1566845
63347,0.89208233
25750,0.7372082
38068,0.99357927
70362,0.7707141
66756,0.16364965
14994,0.075701684
81794,0.0006855158
2592,0.17577814
97747,0.5544657
7616,0.4061192
78348,0.00061928213
58951,0.80588263
48949,0.21876484
97687,0.3838002
121727,0.7032572
39575,0.88710654
31131,0.32829905
47367,0.97664124
22681,0.910081
41330,0.5017455
41934,0.9690642
41275,0.9664269
56989,0.9235407
110533,0.024829615
27935,0.3388971
123799,0.12913476
82571,0.00079148135
1515,0.9194737
43826,0.6609274
101546,0.28073803
105275,0.29086405
68309,0.5925555
51558,0.09454566
44058,0.91286
113351,0.028067471
76220,0.0004858331
87826,0.0008129788
85430,0.0007963132
95968,0.15402195
69120,0.20771341
7128,0.3238343
112379,0.076095246
111215,0.15449706
95906,0.284632
37381,0.9393584
96957,0.5954932
1699,0.8288226
76774,0.0002842891
23691,0.9877065
59117,0.7629312
74901,0.40502292
3003,0.8094512
45957,0.99227387
73451,0.15833971
79428,0.00063335657
12846,0.38506743
24358,0.42076263
328,0.8235229
36717,0.923535
26975,0.7229839
107428,0.49068514
9475,0.4419369
103783,0.34512737
20471,0.8368743
19359,0.11207732
3470,0.19529195
121457,0.5512131
101654,0.8991545
20674,0.8971808
121793,0.3133955
111528,0.46348011
107324,0.967389
103952,0.20730355
47788,0.96996695
45137,0.12913541
85101,0.00064104784
8729,0.36980134
92599,0.07088653
104429,0.33916777
25115,0.95904684
44113,0.9712
96250,0.15183996
95080,0.7181346
35741,0.97853994
29078,0.32389414
74844,0.74624443
25223,0.80624336
15906,0.09297701
118946,0.82814556
68734,0.039830185
47418,0.13590993
22391,0.8895831
115752,0.50891745
82882,0.0006855158
35678,0.9931578
21204,0.04346883
75195,0.00048620004
116291,0.17965849
42044,0.97920305
5611,0.9745274
57242,0.7629863
75919,0.00042132943
61983,0.83163536
49248,0.5192607
122914,0.43742895
87038,0.00079661794
43166,0.46135563
65154,0.121149324
40464,0.9385683
27119,0.49963906
57738,0.8890774
38718,0.89050263
81732,0.0006092332
22120,0.95469433
111013,0.42907357
123869,0.27255005
9853,0.67479134
51997,0.44005683
100224,0.4962857
64131,0.74840206
19399,0.5590449
103457,0.22777463
52742,0.6781222
119638,0.54932916
34687,0.8493227
52483,0.78112996
106272,0.8875291
76439,0.00035620132
83699,0.0006684373
52302,0.5338782
92570,0.6324145
90722,0.0007364278
59181,0.62698674
46318,0.98916143
32264,0.6206463
92487,0.7834508
57813,0.8778831
60464,0.24053754
1750,0.20095775
9887,0.3255219
120874,0.56720537
92558,0.63316786
36615,0.9838388
31443,0.76213807
65835,0.22890204
8324,0.37898758
71337,0.6487356
42831,0.09243477
24408,0.592154
69039,0.62159866
78657,0.00073995395
99219,0.15176477
50803,0.59918535
97188,0.15755066
69435,0.18519193
7210,0.083244115
47796,0.46345332
7916,0.39852577
99256,0.4375575
110716,0.22542953
99528,0.7187215
11184,0.117508754
7586,0.4290483
22372,0.9114757
75666,0.0004858331
92465,0.3658973
67405,0.41605964
62823,0.68047816
65488,0.21832143
49798,0.9368491
21621,0.90921986
58124,0.7851616
113805,0.7944854
22886,0.8689163
84905,0.0008129788
102407,0.65267974
28162,0.1240308
53299,0.9266401
12769,0.11214666
70956,0.9911317
7674,0.73300445
25363,0.9169884
104538,0.6924174
86418,0.00059430744
106404,0.22534063
43524,0.9867328
50737,0.1357578
28552,0.11747931
8147,0.36273807
54591,0.76159716
88677,0.0007156275
33542,0.09468339
87449,0.00079148135
122316,0.8508342
73637,0.16204326
61897,0.4074267
104318,0.3408639
43455,0.96995765
82772,0.0006602297
21101,0.11930821
1302,0.123045065
42207,0.97357947
111580,0.17869475
57488,0.85393673
829,0.88414216
45885,0.91767895
9155,0.119863585
21824,0.2121207
93940,0.64193034
55136,0.4476574
36181,0.4944635
15301,0.11171584
104565,0.27513888
38352,0.95024264
112183,0.6225053
83123,0.0006564047
27590,0.1899603
17269,0.20066345
27705,0.58972687
69269,0.29563433
40342,0.9761647
63511,0.96806896
110557,0.026917344
36750,0.46840537
8916,0.36811095
47340,0.92925984
37174,0.41008362
61645,0.8486868
24752,0.8862558
19809,0.78069323
10643,0.13678996
32988,0.047348358
26440,0.5405842
58936,0.90938103
125078,0.6280956
116278,0.80335784
92230,0.12172171
83998,0.00062339456
37939,0.9535658
85675,0.0005802454
26507,0.5623333
68522,0.18740954
20898,0.15013665
59023,0.8143274
84742,0.00065292325
105914,0.40186736
119811,0.59583014
111633,0.37903902
102996,0.15792608
82932,0.00073158246
77978,0.00022460475
54306,0.7341699
12668,0.3848718
90422,0.00071180094
558,0.10067909
121434,0.8717925
113344,0.07916933
50894,0.13342743
124015,0.24954621
7890,0.12895606
106325,0.96813846
52203,0.62504345
72943,0.6309935
60556,0.9080117
37446,0.9655867
48637,0.948085
2566,0.2097502
48244,0.9919809
80268,0.0006092332
39597,0.9384762
39436,0.92208403
31578,0.9065278
29992,0.045736026
41262,0.9539857
105479,0.44602358
86672,0.0007752144
80471,0.00071265746
86012,0.00085987133
48697,0.684086
92114,0.3539188
1959,0.16500612
69741,0.98173726
69647,0.9231438
68265,0.20806943
98215,0.31159407
86580,0.00076626654
7774,0.29118735
124838,0.93029356
71543,0.13884766
79275,0.00065761764
117761,0.09973287
94890,0.20416415
94811,0.25660068
68421,0.12974377
77141,0.00042132943
4592,0.72614884
76904,0.00048829074
6246,0.82447976
8627,0.54042166
20615,0.90221477
91283,0.0008425548
119231,0.5616755
121774,0.5876983
65303,0.91481453
4681,0.76520085
101508,0.442798
124832,0.91958773
49097,0.868314
118816,0.69077826
7834,0.5343415
70491,0.62635833
66380,0.18736324
15262,0.06631236
87214,0.00083159946
6435,0.39174074
89551,0.00084387854
39725,0.9023277
44621,0.9920723
26254,0.63364327
110025,0.102921516
43730,0.12173859
13944,0.3921003
52777,0.76434153
37714,0.9037104
29914,0.0438373
112095,0.17987953
92869,0.43829548
4187,0.08588978
45668,0.9253898
65524,0.511298
51494,0.76714045
118213,0.16175982
38263,0.094126455
99409,0.36925587
102951,0.35821167
4144,0.13866043
12997,0.1204735
69950,0.16617462
100740,0.109132156
22760,0.8379362
98553,0.124719046
106021,0.22595695
68453,0.36513942
7773,0.7521273
14374,0.82857525
80023,0.00061072415
103446,0.12172244
119178,0.3745626
23532,0.97252584
66775,0.16297239
61232,0.70173633
106484,0.19171749
75811,0.00031537347
48185,0.95530033
67616,0.62254643
47053,0.6790803
26024,0.61873496
83435,0.0006564047
12083,0.09791302
22090,0.9133842
44887,0.98786
28359,0.18826988
52890,0.22749153
1790,0.6475995
89744,0.00079148135
106706,0.1900354
5957,0.08608642
50656,0.15280788
38000,0.9881578
90751,0.00068177836
116699,0.18224412
73969,0.5951312
58352,0.990113
119232,0.5013406
115686,0.7092258
17541,0.19963881
50203,0.14045402
45212,0.06830611
43671,0.57091916
68999,0.074892156
6084,0.756717
24179,0.8588696
76977,0.00048382
63473,0.5436024
65248,0.05757427
77953,0.0004396063
112213,0.4546749
59102,0.87226796
53742,0.4404523
64566,0.3642013
39275,0.9880007
88789,0.0006634529
65472,0.40249762
254,0.10390473
121562,0.9495012
8088,0.6101647
78615,0.0006833949
10880,0.6987553
10433,0.053192046
116414,0.22308262
99032,0.1554961
4975,0.9855252
11754,0.31646582
89112,0.0006830381
79154,0.000628048
82240,0.00070239493
3354,0.12778467
46895,0.96923614
11702,0.7457748
39839,0.914839
115549,0.4041137
46802,0.35017374
79814,0.00071397424
40530,0.98696357
104969,0.3027448
16134,0.074489035
58757,0.7787315
6687,0.5796883
53020,0.80407405
68601,0.13548319
76679,0.00048879994
47518,0.878969
32032,0.94795376
97415,0.5181502
41161,0.98619163
50004,0.6634337
39553,0.91155714
15015,0.097382516
68975,0.058128174
43074,0.06516813
31137,0.3799816
17319,0.70817363
9201,0.75119925
109071,0.021601632
57373,0.9329422
96393,0.20758124
118716,0.7373181
55954,0.89025044
51887,0.16749494
84157,0.0006978628
94361,0.39033452
94344,0.3904182
72,0.6576342
98434,0.714165
11403,0.7083359
45832,0.964563
115039,0.7745842
7634,0.5845585
12969,0.14780645
108882,0.08075313
100600,0.69179785
110737,0.02460646
39791,0.6476762
87563,0.0007803426
28864,0.62082523
10599,0.6988563
25437,0.9323976
58103,0.7241817
99792,0.13598768
105308,0.23679145
87319,0.0007752144
122919,0.447775
97731,0.663833
18115,0.969862
83404,0.00073995395
92375,0.55270684
110071,0.17671633
95644,0.6317486
59550,0.9609666
57418,0.1912445
91806,0.0038801709
111785,0.7031827
57413,0.6778446
32633,0.9818388
37055,0.99046624
24051,0.038660284
49998,0.18824834
24869,0.16708376
99864,0.6175069
112750,0.07017172
41591,0.08949166
18096,0.930821
22348,0.9269257
54913,0.80759805
22205,0.92713755
33869,0.34867805
27630,0.407648
92018,0.03996479
115717,0.69136995
57307,0.18431759
72913,0.24225591
119164,0.8412707
67601,0.16600703
31551,0.94937897
113292,0.09755123
30171,0.071164
51511,0.5747597
123082,0.9331883
64176,0.14180906
33823,0.3653551
32614,0.989061
17677,0.21259627
26114,0.19168954
64484,0.9922965
30669,0.9933339
45400,0.9378048
58478,0.88225883
96434,0.33110604
56194,0.81341785
80561,0.0008127515
52998,0.84014755
26508,0.18977705
33224,0.34993884
115045,0.14576904
67554,0.36665094
1594,0.48055062
90569,0.00068177836
123099,0.8155214
8698,0.6420343
117365,0.7631873
6467,0.07943007
58230,0.9852899
40300,0.9160397
83422,0.00073995395
77566,0.00031846922
68674,0.45055422
14518,0.98342645
43237,0.9079027
63390,0.9387851
22040,0.90953314
88567,0.00068177836
83338,0.0006564047
71185,0.32935983
109778,0.09531231
10904,0.63586175
63293,0.9020934
16073,0.56142986
77,0.87938964
18212,0.99170446
2128,0.25015482
63661,0.94284725
51835,0.8987026
54516,0.0679549
5390,0.37213355
115081,0.8316041
97744,0.3853427
96247,0.21816443
14496,0.9814403
66435,0.20200163
79081,0.00090773904
78185,0.0003248441
20523,0.07739397
30075,0.045736026
20399,0.92102295
37953,0.9577484
62800,0.27068835
43008,0.8202183
5608,0.96019596
46417,0.96262646
111675,0.612747
70023,0.46917862
88524,0.00076246867
28711,0.4902939
64237,0.5162835
88758,0.0007829089
55553,0.90094393
45171,0.08403842
26745,0.88518405
77228,0.00031402273
25063,0.9580163
76199,0.00031537347
30032,0.8415355
29072,0.44883177
20412,0.97174084
98362,0.18833983
108625,0.21097752
83107,0.00073995395
59231,0.9236196
91737,0.11589121
21967,0.06352359
86750,0.0008506706
75657,0.00031537347
92766,0.67787164
64092,0.1418535
125175,0.8605967
4940,0.977276
16218,0.6000219
100467,0.21310498
34058,0.07421972
117354,0.4183992
78595,0.0006500445
29535,0.4414596
44215,0.5971741
47184,0.7793815
35020,0.9727102
62160,0.9077533
7096,0.598774
49399,0.09189769
79505,0.0005702325
106871,0.9694717
37593,0.8706521
63088,0.93045187
77935,0.00035620132
32632,0.98955464
82398,0.0006092332
40116,0.52383816
77710,0.0005029102
72375,0.6538312
42988,0.98188156
102032,0.44918707
18637,0.73988354
112283,0.32151708
44319,0.9579094
67624,0.40862983
44123,0.90064526
40255,0.9588772
40830,0.4955007
107102,0.98555773
74708,0.13519244
107422,0.17217006
82351,0.00078993035
8114,0.40122038
119910,0.11466592
19566,0.9193129
73913,0.3260806
36439,0.87927747
40431,0.8524222
71730,0.30992496
107795,0.22754775
79831,0.0006219447
60564,0.8318499
57753,0.89562154
61246,0.59829485
125166,0.54074526
87569,0.00079148135
50124,0.8594899
102463,0.76424104
113169,0.8513798
124881,0.98032856
91929,0.05766622
22845,0.36997828
41053,0.8739652
26399,0.12350154
26540,0.13855892
31192,0.94156957
76075,0.0002842891
104924,0.31255463
11205,0.5164061
101210,0.596726
89608,0.0008608199
5357,0.7537183
38794,0.56235373
80216,0.0006081095
84785,0.00079148135
99808,0.41493985
193,0.63080853
95624,0.70890737
82075,0.00073158246
4413,0.93285716
116174,0.7775954
115702,0.28514743
84900,0.00080775796
27299,0.21390581
56665,0.9503489
109306,0.022828735
81886,0.0007531723
40873,0.8700042
120390,0.11788376
34918,0.30774945
76529,0.000477207
105629,0.83952117
29676,0.7238293
95074,0.7083186
85992,0.0006897351
103229,0.47276533
89288,0.0006830381
115724,0.19329707
56920,0.9890886
108352,0.6809003
91230,0.0008608199
78705,0.0007598979
65152,0.44477403
23725,0.99328554
61321,0.13315384
86794,0.00076439616
74506,0.043847684
18279,0.99104136
9449,0.44036093
103130,0.6360096
87974,0.00080776337
58506,0.8824679
30264,0.49153078
123165,0.7835483
45669,0.9239559
14617,0.9245694
55669,0.80556995
70975,0.04259075
120902,0.47960433
82944,0.0006118527
47132,0.888752
81935,0.0005948183
25783,0.04273385
116133,0.11921787
121882,0.33214408
54910,0.57667565
31249,0.92057794
47679,0.5114828
30846,0.5795795
41557,0.5446152
116438,0.8360288
39374,0.9250649
105072,0.724637
59212,0.9108507
15931,0.9536228
61287,0.9847447
90837,0.0006943035
37803,0.9436327
87121,0.00079148135
109642,0.026192872
75380,0.00035620132
106406,0.20923993
58243,0.99104846
65143,0.45899263
72891,0.32394412
12627,0.77051985
29184,0.17256698
29807,0.43566385
73525,0.18092506
49386,0.82143855
94547,0.45116013
17372,0.19581631
64691,0.52049905
79794,0.00069650303
38713,0.82595754
94917,0.37512878
4812,0.75235945
61128,0.98007697
24074,0.03375033
22827,0.37914968
80800,0.0006500445
104492,0.30359378
83683,0.0006935254
81956,0.00080110977
101176,0.2659912
63918,0.8513796
102840,0.12070173
30699,0.9939422
14985,0.31090403
78068,0.00043795496
78578,0.00070702017
119729,0.19778922
78695,0.0006833949
3297,0.41493812
42190,0.9303438
50283,0.2667584
110232,0.11804516
117589,0.17996465
9720,0.054238304
79834,0.00073158246
24820,0.678957
40526,0.9766501
29494,0.738996
119572,0.6481263
81481,0.0006911439
107013,0.801971
28010,0.35357782
2549,0.23171936
96934,0.8576309
104905,0.21727318
97783,0.71686155
32416,0.9861936
70650,0.11899618
12613,0.36076117
54774,0.527535
38139,0.89043874
5314,0.9374666
4854,0.7559632
1358,0.9748513
85097,0.00069521856
108117,0.105982125
13946,0.05447482
32535,0.39356235
93174,0.4616416
97441,0.89857006
110723,0.040999018
36130,0.552454
55917,0.71371
55905,0.8679978
69781,0.9843575
47243,0.839767
91778,0.08062532
85435,0.00066995807
26495,0.4651357
55571,0.6183404
91852,0.008537737
107886,0.18149512
105461,0.18811753
24313,0.9362082
100104,0.36468118
65631,0.64681834
74193,0.16371624
100710,0.44427055
116876,0.72975904
79142,0.00085286854
96186,0.12678249
14292,0.05426079
18955,0.05893639
11692,0.32864323
39055,0.9814089
29247,0.83808875
16577,0.7699572
48296,0.78391993
4988,0.96669346
113988,0.07960161
2795,0.14043982
42965,0.9847615
15753,0.08551437
64436,0.9724265
94991,0.603032
34027,0.07421972
17576,0.33524373
51737,0.44237894
4397,0.8760962
27789,0.12276842
16075,0.6148461
78108,0.0002842891
39454,0.64802116
19401,0.23849393
16756,0.51569515
7422,0.6327919
15734,0.055122234
114027,0.2736814
79644,0.0006023013
117912,0.19347133
75676,0.00031537347
89066,0.0007057381
53360,0.83802205
2588,0.2090386
119612,0.510579
4733,0.76169086
55855,0.9473349
102109,0.14878371
49838,0.680723
39937,0.95385575
18360,0.04346883
74053,0.25416481
124181,0.81409645
70034,0.48563215
113676,0.8065559
85766,0.00068678247
107213,0.9944993
58444,0.66912216
45028,0.86627996
44009,0.6263285
6037,0.5854263
63656,0.93714744
51546,0.10854399
72758,0.30962184
8771,0.6654541
115038,0.49388435
30314,0.82647353
86040,0.00075354706
7882,0.13672078
30323,0.91931826
51342,0.21049958
32627,0.9899963
74652,0.18655652
22393,0.9079253
84503,0.000765036
16235,0.66910005
49346,0.20009598
102609,0.24480353
88770,0.00078768854
76444,0.0004858331
57915,0.90089506
118789,0.84185517
103417,0.67674226
112284,0.6225053
24629,0.54100615
12488,0.15181774
66814,0.1789991
77181,0.0004858331
83520,0.0008397583
17286,0.6198719
11606,0.6987304
94880,0.16152726
20326,0.908765
21713,0.86937094
28255,0.27874386
49612,0.75242966
92555,0.7173333
68609,0.7773162
24510,0.036856126
86118,0.0006564047
108002,0.13637428
24150,0.3839591
73554,0.13615677
125036,0.23974118
102735,0.05389694
42323,0.3486391
74857,0.42593008
39083,0.9873784
50519,0.6151147
22113,0.90064543
66131,0.4189759
108388,0.19518203
31478,0.45312437
3379,0.12075748
2093,0.14302702
50681,0.16228922
107068,0.887701
7481,0.377393
115233,0.8692005
952,0.5912728
34939,0.9281492
118534,0.5198275
10874,0.13212888
25618,0.056127038
91006,0.00071180094
89304,0.0007364278
112226,0.5082343
94787,0.07904553
120722,0.40453577
5934,0.100016676
95497,0.15754467
43503,0.9837353
45019,0.35531485
64726,0.808753
20937,0.59213656
101096,0.06431842
17122,0.50648
16081,0.1259499
307,0.054918997
32244,0.6234097
73436,0.5402386
7534,0.14540328
102983,0.08410459
91346,0.00073276967
106339,0.97841084
3229,0.75510514
81852,0.00083159946
80997,0.0006081095
78828,0.0006472616
25694,0.8635156
117423,0.6827978
55270,0.47873253
98366,0.19832455
112936,0.10357453
15228,0.5292176
90162,0.00079148135
122760,0.5045322
14958,0.3421562
96505,0.13668045
117706,0.34370616
33917,0.9009973
4912,0.940672
9110,0.69926226
7528,0.15290412
31853,0.95072114
75211,0.00033549085
111551,0.06465202
108628,0.45279467
67488,0.36416277
98724,0.07488114
45849,0.9061514
99571,0.5138737
122090,0.19962232
57636,0.5979962
23596,0.9326353
80963,0.00061368884
83071,0.00073995395
55665,0.4616911
102633,0.8481022
60165,0.8446391
23504,0.5300328
42077,0.1155759
93147,0.96306705
38130,0.4130836
65941,0.17863436
107605,0.47467625
117435,0.20340776
50243,0.91819674
54055,0.52276134
9892,0.112729475
33418,0.45372346
78951,0.00070399354
44362,0.91944116
8794,0.38497257
31962,0.17439182
8313,0.38417682
33355,0.67215735
62361,0.92717177
3247,0.89796245
54343,0.541707
16716,0.7432117
77120,0.0002842891
104245,0.6892734
106956,0.9615803
33762,0.12752208
38059,0.9931578
120131,0.17844908
47893,0.8840208
37617,0.9151459
2640,0.12171125
83902,0.0006602297
23100,0.48039922
1425,0.77580994
24360,0.81424534
3008,0.7110851
43825,0.08433126
6499,0.06488815
62791,0.25544256
109438,0.07171546
97458,0.8859727
73607,0.1449478
115878,0.7232712
98287,0.87053794
99267,0.16166022
4316,0.378689
88109,0.0008235717
75899,0.00031402273
124798,0.42327142
34825,0.90009403
122597,0.75083494
12669,0.5530166
20314,0.91044176
123475,0.91971576
90950,0.0006801141
43416,0.9185163
12127,0.6992214
118499,0.13943239
40288,0.9427124
25422,0.9515375
108771,0.09530861
48827,0.8849901
15076,0.48637563
97695,0.123015545
62541,0.9777884
62390,0.6741967
1211,0.35126975
22059,0.8881313
65939,0.31747776
30143,0.05130734
33868,0.45663995
30393,0.31468457
28558,0.35195047
66479,0.7708344
67164,0.7861422
83596,0.00066846405
82618,0.000725928
104930,0.2040508
30766,0.943399
85047,0.00065761764
14115,0.9603185
46465,0.64551896
2493,0.46433148
4796,0.09225193
39174,0.9944185
11419,0.7034246
124922,0.19490358
93037,0.9664464
120472,0.20307241
63081,0.937773
97557,0.17610341
97703,0.12274903
54104,0.8956103
111637,0.6248396
667,0.97855467
79110,0.00085286854
86361,0.0007963132
102071,0.78648794
61283,0.9772453
14143,0.91784394
58994,0.80911714
35289,0.96903765
91423,0.00072314334
65259,0.07783119
31836,0.9902153
40632,0.8973042
55884,0.82309246
80552,0.00071397424
116132,0.19734094
30788,0.9875963
34136,0.17777747
124718,0.56559956
91928,0.036854688
70182,0.4076236
87952,0.0007752144
73180,0.19232693
96987,0.5993987
35953,0.89901805
21557,0.9725073
33929,0.8007353
11853,0.053212475
58911,0.54494935
94713,0.16922595
68356,0.5902975
53071,0.898363
12287,0.10093417
34025,0.32574296
33749,0.84089136
74898,0.19708046
79742,0.0005856769
28411,0.26988095
112766,0.06316707
43360,0.9377042
4425,0.78656995
60141,0.942699
45055,0.9227716
117206,0.10879692
40152,0.528954
38969,0.966131
54642,0.56836337
32967,0.041983988
11814,0.6732126
85581,0.0006810114
8994,0.071909405
70422,0.6867781
27785,0.13155244
4335,0.89755017
54021,0.41726
7943,0.79448205
80227,0.0006727964
95027,0.32261312
29174,0.27483892
76437,0.00034602065
31220,0.98748326
14495,0.983192
38975,0.87126046
62225,0.9376079
66571,0.05762003
91273,0.00072314334
58620,0.96592283
23095,0.5387152
117276,0.16521044
25603,0.09515095
17640,0.6142104
105025,0.40684396
13441,0.12407668
26017,0.8924334
1785,0.84109354
16986,0.89660704
84111,0.0006118527
113999,0.04431137
104703,0.40297186
85557,0.0006795116
73246,0.23393461
119817,0.13853885
31380,0.7101376
101965,0.3707823
7869,0.16374668
25844,0.79254496
122421,0.80525476
20087,0.058133993
92278,0.43700615
21556,0.9785638
88249,0.00073349976
17374,0.079896934
85473,0.0007981692
38232,0.93255126
99741,0.66816646
91147,0.0007290488
48651,0.85947406
49915,0.14122516
32380,0.97537565
31045,0.89157766
94437,0.36709312
60251,0.858082
52988,0.8052053
94734,0.08794509
10702,0.79523087
70500,0.6484951
112162,0.1635421
48417,0.95105475
31319,0.4774661
5759,0.6892462
62492,0.9314067
105278,0.09737145
6892,0.4767779
82674,0.0007590389
103312,0.17783919
108045,0.7076323
21426,0.420734
84116,0.0006081095
96901,0.16158605
2339,0.76659274
98258,0.58744395
39492,0.3369499
97665,0.23231931
1185,0.3846207
49968,0.17492524
38679,0.91372246
97944,0.5223442
96561,0.43494117
55591,0.7180751
4079,0.68739754
66578,0.076889984
24502,0.044315804
86495,0.00080775796
15706,0.08553805
70934,0.97321963
40701,0.9155098
85443,0.0007610281
23050,0.3791486
49991,0.17573072
123695,0.76615536
103751,0.36160743
38245,0.95806277
119069,0.6464371
6221,0.055019267
48045,0.37139156
80873,0.0006167173
62033,0.9163619
72025,0.61064184
21835,0.87582105
38557,0.47545126
88889,0.0006526131
107298,0.7982831
13088,0.98061335
121508,0.91029173
28873,0.5396286
56771,0.92447716
121389,0.5639632
113712,0.539601
85637,0.00063080294
198,0.9273988
37474,0.98099464
29423,0.17094563
52075,0.94729984
6664,0.19262399
124821,0.7992409
995,0.9537863
87127,0.0007964923
73508,0.2237623
21128,0.8139733
74935,0.9226361
64905,0.19506489
119800,0.5233291
106478,0.40955117
30165,0.077872016
84292,0.00061785686
103459,0.22043236
53335,0.7950823
30946,0.95645404
45380,0.5858785
19594,0.597501
105824,0.15235971
27364,0.37484044
39644,0.8260142
49318,0.75939715
101101,0.57962614
45317,0.21237965
112386,0.46670428
96974,0.4588718
30915,0.06473585
33160,0.42094737
115538,0.48795998
29557,0.19620924
69024,0.16552499
120006,0.5616755
15311,0.28507492
20701,0.96113867
71127,0.16235217
21892,0.94616765
42670,0.96363384
121025,0.46940798
116030,0.8847524
21627,0.92998385
69455,0.23985527
113167,0.4571697
41208,0.9908227
38395,0.50305253
78186,0.00043599695
45749,0.0978695
46121,0.6054295
120743,0.17799625
103683,0.1883543
11092,0.079213195
3697,0.12537669
57408,0.92006814
21149,0.1644679
41151,0.9573167
118715,0.16586474
67680,0.47456422
30690,0.99251705
68785,0.059148736
108672,0.5905378
22850,0.79852825
86435,0.0007413211
67388,0.14232397
25899,0.17170888
54071,0.2921255
20962,0.40278813
106455,0.36421022
55019,0.45979074
48128,0.9773653
33221,0.108316064
90960,0.00072314334
41078,0.75127965
17247,0.31646934
25175,0.99174905
104771,0.16317275
45187,0.076209284
108784,0.1890751
49729,0.0756159
80387,0.0006500445
10436,0.071209475
53218,0.8810934
47665,0.9444967
30973,0.98571223
68905,0.34757796
8315,0.2986636
23542,0.97954607
119409,0.703158
46487,0.87908566
65018,0.9233943
36143,0.93917626
97797,0.12453932
76579,0.000309773
98954,0.13613845
77750,0.0003264607
57429,0.6508158
61304,0.18472707
74608,0.29021636
76454,0.00046739087
61826,0.3555469
116463,0.9061156
76778,0.0002842891
36488,0.90895563
104228,0.46116734
109125,0.116233744
105247,0.6920079
12034,0.28432035
34645,0.89738595
11538,0.06780206
33107,0.48240945
89963,0.00082815485
112076,0.6105309
17636,0.83557713
60396,0.5858519
76645,0.00022460475
95143,0.7570365
51679,0.13864367
56336,0.93134594
47931,0.13189773
36264,0.09422135
72877,0.4853485
98842,0.09163892
111888,0.10232774
85915,0.00071180094
89723,0.00092324615
20305,0.88304865
12216,0.7097517
29129,0.92133665
56965,0.9640799
37366,0.94538224
57434,0.94197
97947,0.7143295
3125,0.3280996
9676,0.49805388
107461,0.18773305
24712,0.97555953
44897,0.9878605
111646,0.18138306
50252,0.9235888
106409,0.22552873
65599,0.66796124
12239,0.3488739
122243,0.8340031
29090,0.8111066
64159,0.18565378
75321,0.0003487304
90839,0.00079148135
453,0.07935345
72772,0.17558657
16154,0.4082727
117337,0.83117723
74862,0.16208373
60105,0.7949249
124185,0.8041143
8379,0.7494828
81023,0.0006540134
117194,0.15315188
47475,0.9476903
74182,0.11507186
110665,0.21448597
15447,0.95951754
17014,0.826553
1420,0.15135933
123723,0.82159925
58701,0.8156756
21337,0.9014379
104108,0.17161287
42522,0.9794972
72511,0.6848997
119944,0.47294113
74205,0.4858769
14739,0.98587984
33490,0.4066042
45804,0.88493794
109681,0.01492749
65987,0.33930066
7501,0.6302296
93087,0.97428507
94944,0.2835542
55396,0.17209968
10765,0.71379274
85514,0.00059430744
59012,0.81224227
112240,0.41136187
84373,0.0008608199
64194,0.8348816
45395,0.6471371
12161,0.70404553
22717,0.7927289
19612,0.9044286
42102,0.9012526
15679,0.081014656
57714,0.54850805
62604,0.90371305
75462,0.00022460475
92852,0.20543826
85600,0.0007554621
53129,0.81828225
94693,0.15847033
58585,0.9558523
64283,0.7189824
3217,0.73854613
1497,0.8466921
50045,0.16825868
63602,0.9418228
16130,0.5858572
45094,0.9832954
106630,0.15711342
29489,0.53542244
12785,0.38877514
56751,0.9420398
110705,0.0636024
99003,0.5473
23103,0.19145833
35570,0.6335339
19225,0.8844491
75236,0.00044745955
115455,0.39278814
113019,0.7635343
119264,0.4262089
121788,0.83407074
37149,0.9778757
114178,0.08064414
102469,0.3221
111663,0.42634737
80096,0.0007611427
34530,0.85626
33888,0.08483896
88830,0.0006634529
97450,0.93509686
20803,0.9427301
3042,0.7678039
15983,0.12715703
102862,0.6940976
98180,0.9370831
54085,0.45088494
50084,0.10966265
87362,0.0007946585
122528,0.8049796
112374,0.5838564
35362,0.32342213
81740,0.00068678247
30929,0.16143505
76936,0.00043795496
58717,0.7860537
6137,0.65499043
108950,0.19330728
37624,0.9406801
67917,0.42205343
72504,0.101529874
73982,0.22195509
28389,0.14568087
235,0.07628225
47682,0.9077581
118464,0.90377355
28076,0.7358288
61541,0.8452694
25986,0.23007484
63171,0.92146176
35279,0.8892056
93494,0.40238652
104687,0.23746161
11438,0.69339
56385,0.9325052
119620,0.07830192
38502,0.10685749
13093,0.9583904
52614,0.6975673
95187,0.34365904
108956,0.20436196
91888,0.005153293
101724,0.06801545
76182,0.00035620132
61799,0.18435074
115383,0.41752088
119004,0.48755875
49239,0.23970868
87549,0.00079148135
81175,0.0006602297
22731,0.14753632
31598,0.9640043
18381,0.04297608
52354,0.86933804
31800,0.98844427
47824,0.9413407
8249,0.679433
14897,0.09237439
2503,0.22585021
114689,0.039597865
124318,0.4340283
109265,0.06050468
112684,0.15584317
74307,0.5390131
120035,0.5786572
61387,0.8235548
69979,0.4235768
123996,0.26988658
115685,0.81835455
57717,0.89934546
33416,0.87721556
18504,0.413013
13445,0.115293175
60456,0.24172528
18364,0.38561356
107073,0.8101242
99189,0.18614396
78231,0.00048879994
82363,0.0006092332
115758,0.8464985
5860,0.51510423
35261,0.986185
115430,0.4368578
85402,0.0006118527
45937,0.989326
101020,0.07090318
64431,0.96754766
24083,0.038229086
36451,0.9520984
19457,0.89940196
120735,0.16192307
47075,0.657715
55374,0.35531676
29615,0.40116933
75675,0.00046739087
101364,0.24127676
13059,0.92630094
3071,0.43922964
50446,0.15280788
90675,0.00074623094
99163,0.70352143
85426,0.0007516261
88954,0.0007771049
124116,0.68827724
18530,0.48212552
107365,0.9853081
91637,0.0008589338
96938,0.85663414
81254,0.000628048
117498,0.11444093
47858,0.91530585
13572,0.2219662
4885,0.8738877
74968,0.0004373936
16605,0.16416325
32453,0.94245243
33826,0.11758554
117526,0.5149077
114644,0.41851318
56757,0.9396126
91378,0.0007156275
85829,0.00059430744
74902,0.719909
52574,0.37185848
94163,0.91953784
66141,0.63717824
123324,0.106841326
4724,0.66720307
51322,0.49469003
113601,0.057460923
22865,0.7884135
10736,0.5542664
71282,0.10852577
20122,0.11196974
51696,0.25106743
114663,0.36496007
13269,0.08350089
28333,0.09596259
117373,0.844989
15789,0.08974671
15247,0.1262784
39869,0.95909
84174,0.00065761764
96841,0.4254646
80795,0.00073158246
108933,0.19969878
37814,0.90226513
26669,0.8855544
7801,0.17838427
629,0.958856
39402,0.922019
24594,0.05342639
65545,0.8024194
65683,0.9081347
108814,0.22442053
17368,0.101015806
89816,0.0007479702
75973,0.00035620132
96360,0.14202188
34754,0.13307387
41864,0.5858226
36960,0.4973277
40612,0.10280537
106223,0.3699442
99112,0.4928729
3417,0.514147
70159,0.32473615
102372,0.3985599
104997,0.35675296
109202,0.09220051
107936,0.37108836
72505,0.22699305
95517,0.17816946
74459,0.035599314
75810,0.00049575494
119703,0.89963907
14084,0.15102664
101075,0.07341894
111908,0.16181222
13780,0.497469
5670,0.5698286
29994,0.046908017
9229,0.2929027
12915,0.24874693
51733,0.24554512
67536,0.8799079
85742,0.0006110257
78008,0.0004858331
77543,0.00042132943
82542,0.0007011109
19757,0.10996709
53387,0.93277884
75985,0.0004373936
26362,0.3745269
123691,0.72617656
7707,0.7777438
105122,0.22907497
39749,0.588317
7041,0.75060123
100741,0.110067725
56257,0.77259845
16072,0.3345766
36758,0.6150486
108331,0.24967471
117256,0.778955
82598,0.0008000424
95675,0.34570724
78158,0.00031402273
51500,0.7351225
28308,0.13700119
113111,0.16519296
33173,0.073315546
100417,0.19742638
85705,0.0008000424
84361,0.0006571289
82095,0.0006118527
84828,0.00061072415
63159,0.89819616
20519,0.07739397
44572,0.93433833
98219,0.16055097
88650,0.0007290488
7491,0.120817885
43719,0.91014725
97901,0.05938639
8084,0.23430258
107401,0.19999039
92010,0.076245815
31051,0.44797802
5669,0.4292494
90451,0.0007057381
70111,0.19569686
2159,0.6978726
90295,0.0006830381
71597,0.18660343
89583,0.00067342183
47536,0.95570797
99190,0.5287981
37516,0.94663125
47456,0.19693145
31710,0.9392006
71641,0.10396071
121433,0.88323283
18742,0.76886815
71955,0.09864113
107786,0.6735268
76058,0.00043795496
35922,0.9310856
34175,0.51043224
91441,0.0006830381
85066,0.0006477809
6414,0.55098456
31587,0.9204493
4186,0.5881596
123184,0.9151478
110517,0.042978805
44330,0.9746494
55062,0.4619652
77279,0.00048620004
41211,0.9893309
783,0.59477156
12205,0.3487495
41599,0.10837255
21585,0.98419917
98076,0.07084017
102867,0.15216716
105329,0.41216922
78569,0.00070702017
103961,0.15409899
72434,0.65806615
69096,0.41945657
23597,0.92806965
24827,0.7302106
62379,0.93766963
14742,0.98750687
92354,0.67401004
22818,0.1251531
49138,0.21816382
17794,0.13334006
110676,0.21223429
75199,0.00050012534
56790,0.65496945
32820,0.8780613
34581,0.90379214
5792,0.07317894
96926,0.7987291
31575,0.4526901
111709,0.51579
40238,0.97285515
69349,0.3232287
108808,0.28576952
57332,0.68033934
28286,0.2443561
45518,0.79495347
76273,0.0003376276
13407,0.1135432
95383,0.41923884
26361,0.35614112
93289,0.14611337
18009,0.13223137
39618,0.8999276
41403,0.9186133
91389,0.0006884683
57789,0.73953426
105614,0.12549275
78112,0.0002842891
1848,0.90875614
36973,0.90807825
89747,0.0006943035
110998,0.06644698
113393,0.7614502
119183,0.15345001
12636,0.1708178
76106,0.00048879994
77047,0.00048829074
92022,0.0329355
52589,0.599968
103630,0.7074487
109097,0.13020657
24421,0.03357129
107530,0.3840098
114010,0.06556462
101171,0.41798118
71221,0.15361173
102235,0.18900545
744,0.59966755
111723,0.56603944
1695,0.8113541
106546,0.22662269
11334,0.15313068
88523,0.00076246867
62893,0.78044206
60539,0.8767
53256,0.94673616
62523,0.88045913
71363,0.2262258
105166,0.2400613
64635,0.8633173
13483,0.4165239
122544,0.8206952
80516,0.0006118527
35844,0.8989016
10212,0.37429634
80583,0.00061837124
32250,0.84293395
44989,0.6260274
121454,0.14211309
106218,0.94997245
121060,0.6574719
9236,0.858992
87567,0.0007803426
32744,0.9285947
75879,0.000477207
110972,0.10876455
49770,0.53726965
69674,0.96228415
21243,0.04346883
83693,0.000733533
89970,0.0008608199
23730,0.5754287
114389,0.36411315
25954,0.3827512
99001,0.5583196
104301,0.15572183
100494,0.42814356
28754,0.92603207
84068,0.0006092332
69826,0.43799752
95407,0.11539537
35060,0.9392248
115449,0.15087615
105477,0.44602358
51563,0.8681642
48806,0.6105619
92418,0.13365707
33850,0.11823624
93732,0.7764481
93648,0.6822637
104679,0.24309795
92801,0.37437057
2008,0.4446494
89299,0.0006830381
45023,0.900325
22110,0.9195189
9139,0.3286676
122996,0.2264894
11642,0.54804707
55350,0.77971166
42783,0.49477082
9454,0.10766714
75264,0.00045737808
44102,0.9700816
102015,0.45788166
84043,0.00063239
73604,0.13097322
58060,0.7987359
78117,0.00043795496
5299,0.9212525
52942,0.46840897
97470,0.7566422
55654,0.22084033
20168,0.5674747
50031,0.08685096
57677,0.6440401
7905,0.69081575
18436,0.36885786
27072,0.11823342
74009,0.3537668
41718,0.5024061
93128,0.88761586
110615,0.03458897
23768,0.16913311
106183,0.7486163
114710,0.8765745
40906,0.9881066
73024,0.9357701
7035,0.42186236
101491,0.15898344
9190,0.5398945
78522,0.00073023327
18276,0.99298483
38373,0.9274875
67847,0.35437328
79262,0.00073510717
66710,0.18889491
34758,0.38142645
51146,0.891485
119779,0.5790994
125063,0.15911561
21501,0.9211311
66238,0.6584598
23232,0.4875354
63208,0.9350708
89510,0.00078809354
117937,0.1883885
90433,0.0007564102
119394,0.11426116
51238,0.10994576
108646,0.14875777
64244,0.8905455
83654,0.00063335657
86419,0.0006041103
106817,0.9623014
67765,0.65270144
3245,0.8783404
100372,0.4629562
48184,0.9218301
46472,0.056418404
44543,0.9084661
119778,0.823566
37286,0.9880591
113633,0.07289697
29284,0.86700857
116884,0.22862725
93560,0.38601726
32354,0.96679986
20375,0.93535584
84456,0.00071180094
41373,0.32051775
91171,0.0006830381
42528,0.9881058
19139,0.5149985
62661,0.9102818
69905,0.34835643
54137,0.2926035
9472,0.16384722
36482,0.4701856
42264,0.107548386
94714,0.17756197
70344,0.6627163
26587,0.85014486
103036,0.13069372
68093,0.07122518
45061,0.97901905
16291,0.4331997
17144,0.4515436
89996,0.0007057381
57230,0.8825818
40047,0.46629015
815,0.96299875
36463,0.62262905
55857,0.930746
51139,0.87624437
86203,0.0006571289
15745,0.085316084
42837,0.0840796
101571,0.6591218
77190,0.00048375293
98007,0.90992427
1398,0.1565554
16251,0.46848541
104895,0.39353517
118485,0.28021345
100357,0.7864154
112018,0.59170306
104721,0.3821387
79299,0.0006081095
99983,0.24619685
12019,0.06461679
12728,0.4141421
46398,0.9125704
84464,0.00071180094
14887,0.080876626
37865,0.94800717
73281,0.69670546
103578,0.14359401
71885,0.2714341
44680,0.9679276
97312,0.5749443
65443,0.07567412
11867,0.35125712
38797,0.9214743
74934,0.9226361
10555,0.08078876
76531,0.000309773
47740,0.20353593
66242,0.14128208
23944,0.6014975
2406,0.059738755
119546,0.8116086
120913,0.8803094
52668,0.22544181
85228,0.0007564102
101,0.85314125
53648,0.13243644
71937,0.098760195
91855,0.005111612
111094,0.62193584
59409,0.67644775
2333,0.12200334
51998,0.34485424
65856,0.91254634
28048,0.24303025
30582,0.93611354
4471,0.77906173
17366,0.10449278
81735,0.00061928213
82706,0.0007087539
67474,0.6235512
119208,0.1373973
6418,0.2223628
62079,0.9717271
20194,0.6570592
14311,0.067756414
46902,0.9280292
16229,0.5851928
40021,0.9192234
62530,0.97005826
63923,0.69092137
41763,0.16093849
25930,0.63871557
60586,0.2964368
24100,0.03375033
86678,0.0007946585
72303,0.5132273
105451,0.34939215
86859,0.0008000424
5008,0.9945635
124020,0.25918263
87981,0.00080775796
46991,0.9497801
5304,0.9445002
80074,0.0006321884
6650,0.17079315
64756,0.7368441
76036,0.0003264607
20858,0.07739397
104323,0.35682982
104309,0.27117708
70508,0.20932986
81712,0.00082804007
30885,0.9728051
59902,0.89552975
14288,0.3887347
42815,0.16924827
4032,0.15770343
36796,0.97377044
44158,0.06714691
15435,0.9655477
60173,0.86369693
16288,0.67692035
18584,0.3180718
83514,0.00080789195
64304,0.5530718
44877,0.9871406
64987,0.91895264
19632,0.9071538
81051,0.00059709855
85315,0.00068678247
26287,0.8651168
88670,0.0006477559
98303,0.15595302
66228,0.1904994
72992,0.9070237
18899,0.044694934
18575,0.49711394
53141,0.81828225
46728,0.9769951
114435,0.8404467
5153,0.87982434
13943,0.1004519
56761,0.60867447
117969,0.2042366
46360,0.9360003
8663,0.1513111
19618,0.8958197
31718,0.9378824
19722,0.1366813
76922,0.00042132943
17124,0.83520186
95305,0.35531712
45672,0.8890523
8013,0.13457404
14021,0.78254145
89949,0.0007245892
109393,0.07419491
18855,0.9360003
83315,0.00061072415
8941,0.50439614
87429,0.00079148135
98262,0.5191571
17488,0.9847608
28066,0.3957154
3701,0.7216088
33995,0.3415782
82348,0.0006092332
117482,0.15016873
75427,0.00031729968
42534,0.926953
106712,0.29535288
112884,0.76295626
76293,0.00046739087
110863,0.062274653
11478,0.6873613
106519,0.6858663
515,0.31656066
81220,0.0005973758
118413,0.7057598
78202,0.00048620004
99916,0.30334157
36925,0.7756943
97238,0.19741535
78296,0.00070702017
42656,0.94344985
78509,0.0006564047
47050,0.10209301
75461,0.00022460475
22736,0.17423192
109365,0.09000727
84719,0.00061072415
78128,0.00048829074
6825,0.8022377
103326,0.12201171
81818,0.00083159946
84526,0.0008129788
52760,0.47652787
18369,0.04877808
104037,0.16888477
62706,0.79985607
124885,0.9604048
22474,0.94043154
85374,0.0006118527
52323,0.20661645
32962,0.04758559
79995,0.00073023327
41735,0.59687704
10030,0.12719958
67087,0.27010933
61577,0.79318357
71967,0.08417471
16174,0.053275432
12448,0.4449176
92817,0.368504
24062,0.046467505
76780,0.0002842891
56044,0.8796191
9553,0.07095839
103741,0.10634082
34708,0.9271099
101414,0.12476114
53037,0.80997235
15170,0.15691221
76069,0.0004401705
61413,0.900559
57871,0.7946075
95621,0.20511982
100501,0.378013
94573,0.8581406
97217,0.7859807
4431,0.7151774
56976,0.9263538
32758,0.09250564
28373,0.8959794
51114,0.5883178
60043,0.20162791
45705,0.32188627
75536,0.00048620004
82139,0.00061785686
108967,0.145179
44786,0.51395196
29281,0.8209627
56416,0.17410044
19985,0.6142494
88562,0.00068177836
69595,0.6688081
100905,0.2601291
114104,0.46545577
64071,0.7185192
51504,0.06235477
19422,0.84839636
110429,0.008346996
13503,0.42004013
91836,0.011317435
28937,0.74728686
117418,0.09746344
11173,0.3322161
78627,0.0007598979
11556,0.4221058
49634,0.25239328
82653,0.0006118527
40929,0.990316
15483,0.9841942
35978,0.979163
63695,0.9403491
120548,0.82101256
30876,0.9325555
109883,0.0144261485
109080,0.04741782
76077,0.0002842891
63462,0.6809327
21309,0.049353924
41257,0.9475699
28146,0.28661567
103128,0.51521856
20533,0.5161342
15871,0.8824149
65655,0.55602473
9004,0.8716318
47652,0.4133281
102112,0.14796041
19670,0.95526165
121175,0.11364732
84731,0.00079148135
55178,0.78086597
20842,0.08276521
9950,0.06582866
12942,0.12343053
87575,0.00079148135
19406,0.6245962
111677,0.7178967
21537,0.9778275
52363,0.8894674
27455,0.8119888
78707,0.0006420586
119252,0.47677565
108077,0.20515166
3358,0.15189755
48826,0.8849901
65270,0.69555354
4764,0.7784909
44047,0.91286
36950,0.6403855
109650,0.013128368
99138,0.8087656
74005,0.18772379
113740,0.11938781
52089,0.9733611
95825,0.23434563
34865,0.35789463
69131,0.66213083
3491,0.3885939
107427,0.22431868
30992,0.9868646
53043,0.8320928
80457,0.0006167173
10550,0.36323076
10692,0.36742687
98608,0.3965075
97399,0.86475575
13035,0.09318074
13180,0.1704646
97412,0.84593374
69841,0.1419239
92743,0.7155122
111891,0.87754995
14836,0.99535286
11474,0.33471486
59873,0.87460756
72367,0.49799386
124681,0.54432327
56134,0.8365652
11864,0.14258106
89715,0.0006830381
107784,0.3977156
3343,0.14210312
62378,0.9297067
112643,0.7339679
56945,0.98780406
94859,0.32394317
52080,0.9556021
107644,0.8327538
119491,0.4632316
116893,0.12897827
52277,0.5018051
43101,0.9043286
24154,0.8997873
73864,0.26882684
23882,0.55426097
118962,0.89542514
118758,0.14512964
69681,0.9534661
9692,0.7209673
63869,0.17963393
56867,0.6064741
26543,0.17298524
113445,0.6311504
31352,0.9275387
99722,0.49058065
104144,0.7466419
61859,0.89361227
100878,0.39081115
31250,0.92057794
51163,0.2172199
38639,0.96544445
105717,0.2634786
3946,0.116845675
32199,0.99008334
32247,0.9505712
121518,0.79371345
103042,0.108701274
49738,0.65148133
73779,0.11180594
79529,0.0005443886
95502,0.70909697
79762,0.00062454946
37551,0.3953027
97452,0.93509436
6254,0.35111606
44763,0.89637846
84939,0.00064282055
123905,0.8686247
11433,0.32960024
37928,0.60264975
64976,0.5091134
65101,0.87296766
13951,0.052326623
80327,0.00059599726
87158,0.00071180094
47334,0.4332807
100758,0.08368515
68581,0.53121036
122465,0.4855897
63612,0.9456487
91766,0.18733029
7823,0.123293445
38918,0.40955797
8137,0.5722509
5862,0.29435864
40227,0.5450652
31777,0.97413
51686,0.15012684
121291,0.17253609
111535,0.41557494
65647,0.77901053
76029,0.0003264607
7514,0.33713636
102061,0.179629
74658,0.39755705
119268,0.8106908
103000,0.35598522
70928,0.961401
119324,0.90730757
82336,0.00071265746
47765,0.86145806
9174,0.49143794
49760,0.90959156
110213,0.06013582
978,0.4342133
86824,0.0007629865
24194,0.33357322
57335,0.7904076
32905,0.599335
100477,0.5333747
41848,0.9504512
23636,0.9470567
43597,0.8971587
88122,0.0007038611
10492,0.07788495
124003,0.21338935
8253,0.10009344
45105,0.98658794
78619,0.0007598979
32531,0.7286685
52358,0.8367184
50537,0.9440148
15222,0.90926015
37355,0.93972105
26408,0.89575964
76338,0.00056055846
14645,0.89736676
70912,0.8116143
120500,0.7860144
101611,0.20865358
107216,0.9940791
80446,0.00069521856
84664,0.0008506706
106763,0.8377788
28777,0.9115506
91029,0.00076246867
46853,0.54990214
52025,0.57662773
113892,0.18629372
85693,0.0006118527
14298,0.05685995
115586,0.37368163
71286,0.1567267
100405,0.14216536
62482,0.8304796
59766,0.5289578
34067,0.07421972
64679,0.83923864
62978,0.71452725
26332,0.87428206
47967,0.9424265
92681,0.4456523
2195,0.1260472
108591,0.9209431
71371,0.13690859
7799,0.3556714
4423,0.66274524
41433,0.5335635
70718,0.68619424
7129,0.41100028
35159,0.38142645
110881,0.1863823
2298,0.3025646
23695,0.9905087
72379,0.7311633
120308,0.7002832
123192,0.92264926
7652,0.114206076
91205,0.0006943035
85937,0.0007564102
62223,0.9441661
18843,0.19999431
74793,0.09214856
34822,0.63204455
107581,0.9608158
116915,0.5207221
40474,0.9573174
97211,0.4905589
71535,0.16086252
29464,0.1242533
109678,0.009353429
43123,0.13115141
87044,0.0007564102
42148,0.9248997
44949,0.8630474
67058,0.11930919
100528,0.11108592
10719,0.14225005
14824,0.995948
102815,0.3469867
79787,0.00061785686
39141,0.9900366
52146,0.47225377
24947,0.90258664
8904,0.4721166
103347,0.14797464
1006,0.9846876
90674,0.00076167524
116064,0.8844466
30085,0.03996479
91384,0.0006884683
67249,0.13047731
56598,0.8315457
71899,0.67290926
54971,0.77214247
33566,0.10829092
53835,0.1848494
24671,0.8728749
68263,0.53660583
23221,0.83963925
79766,0.00062454946
4934,0.9803765
92150,0.44949487
116644,0.14070284
57779,0.6451232
17843,0.46697664
103880,0.39435434
115526,0.6360874
17678,0.57658607
18649,0.13597521
104836,0.32974356
1169,0.84821284
97585,0.68331766
63258,0.85674953
15456,0.9808215
65445,0.4470632
63978,0.15056287
91653,0.0006696756
115245,0.52033085
54789,0.57907355
58198,0.9749249
122584,0.7886493
111963,0.5517177
65965,0.20091112
67771,0.07160949
53807,0.76994544
77794,0.00061180984
66980,0.20708252
89612,0.0007829906
39115,0.9923058
40297,0.45973226
16879,0.19783512
67310,0.09525154
33627,0.10066368
21799,0.19063668
104104,0.68919647
113937,0.8295972
84993,0.0006319685
42773,0.90026414
76945,0.00031846922
115487,0.89962536
65028,0.12914644
8043,0.19232881
13383,0.66303325
95192,0.2690442
105023,0.13453566
9446,0.67320305
113226,0.730754
91741,0.074698016
28041,0.53301406
52091,0.98495805
1217,0.8417521
49689,0.56402165
102887,0.28239837
68332,0.71476525
71026,0.17272602
80608,0.00065761764
14053,0.086068995
109248,0.080451146
25896,0.15781945
54963,0.9523882
83287,0.0006219447
96776,0.20797127
64853,0.5036419
61963,0.865131
22908,0.65550077
52164,0.18994077
38439,0.9140272
43052,0.97138155
83088,0.0006564047
9083,0.46151605
76877,0.00048620004
28206,0.4061553
74279,0.5294014
35828,0.95628124
46648,0.95612353
109512,0.14934133
76547,0.000477207
100146,0.538805
4338,0.8973417
80285,0.0007413211
62295,0.935238
87790,0.00079661794
26498,0.52797323
115374,0.43661708
17321,0.76110804
20987,0.14450027
3580,0.098896794
58697,0.8156756
59202,0.6184803
76951,0.00047197813
71035,0.11769529
18838,0.55616766
96690,0.93899304
64827,0.8059481
102555,0.0435226
40979,0.9748862
13196,0.38877514
25145,0.988903
89152,0.00072447944
89541,0.0008937862
69339,0.29701596
63433,0.67747897
17316,0.67335856
57623,0.9208978
79648,0.0006023013
41750,0.15824607
102470,0.7931751
49763,0.16821216
7720,0.09870787
119163,0.43283242
20558,0.89023614
87146,0.00072770426
52602,0.12501942
108039,0.4101461
12758,0.12553294
6325,0.60939133
112533,0.6401329
106077,0.4480979
46798,0.07242461
17729,0.06465325
101995,0.21544325
20362,0.8675861
40688,0.53747135
65741,0.455285
112900,0.7770935
82998,0.0006564047
33146,0.74410325
36825,0.5003302
39203,0.11068564
11082,0.15944104
108740,0.022491843
91865,0.0057092356
60687,0.6838188
14020,0.52975905
100343,0.6911442
107891,0.54663706
33529,0.12180128
65890,0.77890694
72663,0.42138943
118267,0.12872322
8531,0.5323244
76237,0.00035620132
41057,0.95186824
86676,0.000793193
69583,0.22590646
97911,0.10193449
81256,0.000628048
92881,0.85961163
63899,0.8129539
112642,0.7637622
16620,0.24776286
58279,0.94418937
12295,0.113589056
61364,0.9161575
88474,0.00082815485
86987,0.0007676822
83980,0.0006118527
32779,0.44748226
99733,0.107508026
68858,0.039184153
71460,0.15348066
96489,0.52211976
114755,0.28764543
30728,0.8863294
70453,0.1370742
42183,0.48853973
85824,0.0007124097
66011,0.1472092
28560,0.4349539
62851,0.1684056
108917,0.05217169
107470,0.32117543
31750,0.5627609
110239,0.063132346
53780,0.44883147
10996,0.09484938
63663,0.84075105
98336,0.3808647
19261,0.17286909
52077,0.95812166
122479,0.48783138
65875,0.9165986
118270,0.12684906
19786,0.11203288
116721,0.3696237
41639,0.7907237
107034,0.6200631
80506,0.0006321884
86313,0.000743648
54638,0.5992908
116822,0.08336275
73716,0.37574992
92281,0.17467724
110662,0.053043034
13592,0.14975083
32071,0.9346559
59542,0.9544761
119819,0.11805754
98389,0.08682117
100157,0.6429391
70099,0.16731654
21017,0.6568214
8240,0.14795877
64858,0.6037477
122817,0.86534417
73700,0.123928934
27339,0.28529397
40877,0.98186505
16362,0.1390864
110556,0.026402196
3937,0.14317338
30221,0.9212639
94278,0.98861605
74406,0.69733083
85171,0.00063335657
95284,0.16404435
65667,0.9443654
18861,0.937622
101686,0.33281976
119051,0.23041487
30086,0.04322383
38810,0.8872137
24946,0.6417873
42688,0.9892652
123616,0.42190155
54140,0.4631934
58543,0.87154204
64241,0.9008499
20513,0.36220455
53847,0.3945749
26125,0.8321255
67482,0.36535215
106487,0.16096309
42358,0.42664987
100456,0.38703066
58617,0.9743376
118341,0.523941
18751,0.9563252
98136,0.71569717
122071,0.1876459
106228,0.8575387
78349,0.0006981096
1854,0.89627934
79376,0.00085286854
50209,0.76341534
28858,0.18476376
79284,0.00075354706
29182,0.7993026
85878,0.00075327675
83697,0.00065262243
63220,0.94860595
109416,0.026718915
79014,0.00063729665
79797,0.0006167173
107134,0.9887988
11046,0.099342816
71716,0.72432864
15785,0.8410975
12298,0.08929219
93832,0.17713882
22230,0.54207534
94866,0.3851246
50227,0.8458928
68982,0.09866018
19293,0.07821282
67199,0.12597902
93400,0.12601216
50747,0.6250239
121858,0.9125081
53308,0.89430034
40380,0.5528349
53937,0.35125414
110097,0.15227014
63588,0.8250447
14125,0.96477383
28407,0.37352234
59424,0.83410084
101757,0.85873055
21316,0.05640136
41450,0.9101283
40727,0.9746494
24401,0.19406666
64548,0.80641097
55794,0.83431643
39617,0.8010966
118787,0.51604766
85852,0.00073023327
76158,0.00034602065
63194,0.8660528
100565,0.40762576
82293,0.0006321884
54914,0.5786337
87364,0.0007946585
85137,0.00063481845
118300,0.19324163
55620,0.39569667
68922,0.04738453
47802,0.56807965
16662,0.52864736
100010,0.27895308
70698,0.30443752
109278,0.052786216
48817,0.9505803
28833,0.4465017
71364,0.710714
84319,0.000628048
90534,0.00072770426
16608,0.19461273
48285,0.612471
49953,0.8351126
4773,0.80438656
74623,0.7946336
50986,0.603472
12719,0.15712227
121530,0.7795038
28291,0.2578871
71798,0.45284584
58637,0.97724324
94009,0.80884814
78191,0.000497984
100436,0.12130718
40457,0.9590496
33837,0.1680414
108306,0.60431993
81512,0.0008616951
120250,0.79011035
110548,0.103578664
33104,0.5741403
48974,0.85830283
81045,0.0006564047
123157,0.7967199
115144,0.77994597
84907,0.0008506706
9022,0.16794305
30819,0.45310664
94224,0.99057883
27392,0.18195255
124261,0.9019281
82327,0.0005609791
113703,0.33831733
12463,0.11127798
3777,0.09488331
23622,0.6124742
291,0.10361225
51716,0.863496
47234,0.091306925
50417,0.12492336
97697,0.7730037
19653,0.93518066
118446,0.6686989
117123,0.8171475
74254,0.1615324
22880,0.85939264
108211,0.8068982
49730,0.47794154
42300,0.10026288
47464,0.51261985
29895,0.06636378
56166,0.675428
7503,0.66947967
6937,0.096287526
11237,0.79547155
53264,0.22860888
26225,0.34508392
99477,0.4185699
112550,0.050656956
10617,0.04303473
80937,0.00061072415
67598,0.4789572
100886,0.92968994
33613,0.08376377
118118,0.23496607
46611,0.36708215
89378,0.0006788597
9034,0.42664474
18463,0.84038407
31712,0.9355112
96564,0.17419834
50874,0.28355286
10528,0.08462988
116723,0.7191074
65376,0.5561814
51789,0.66308117
113719,0.14869139
66397,0.1340441
30826,0.89511776
52555,0.13856697
35437,0.9488986
69743,0.9692351
30065,0.045736026
101436,0.47225666
86640,0.0007676822
104042,0.58308434
113528,0.45291877
18223,0.9919892
49810,0.8089831
19534,0.4378553
43479,0.9620432
21499,0.91098017
109088,0.5419617
87187,0.00079148135
96910,0.1730013
34114,0.32321584
106434,0.47392023
93790,0.71878386
8395,0.42471135
327,0.84109354
118301,0.17082553
9427,0.25101647
69710,0.9828195
98623,0.12666915
4740,0.4199699
9142,0.7102011
47928,0.17260492
90403,0.00065381895
33225,0.09471398
95173,0.110683575
64993,0.9215906
51762,0.74921405
77208,0.00048375293
84882,0.00083667604
53133,0.82913154
92198,0.12548174
37472,0.978448
10811,0.32823917
36326,0.5697338
91498,0.00083667604
118687,0.46492982
106207,0.8772496
123941,0.9352598
51666,0.35844707
29438,0.10707194
38374,0.9274418
51773,0.7938864
20006,0.94713414
39660,0.9326598
73987,0.08265731
26561,0.16521454
34550,0.8380855
76728,0.00023882232
124800,0.87526876
25470,0.9715711
83206,0.00083159946
25900,0.41787773
91815,0.0039518545
3006,0.45202404
103156,0.22161677
47568,0.935021
6034,0.07587613
51213,0.116547264
98280,0.59731054
79279,0.00066846405
109233,0.061783895
13056,0.83087987
101696,0.17264375
9956,0.08320722
46250,0.9691078
105631,0.13350226
110110,0.14988995
102715,0.36355823
11074,0.17693947
24186,0.86705077
111271,0.68164676
6445,0.054267075
92668,0.19166282
75345,0.00035620132
104948,0.64520884
116533,0.14660531
27702,0.8731912
13311,0.45365268
27328,0.405004
86025,0.00061072415
13379,0.39663717
88782,0.0006888017
88063,0.0007495211
117602,0.4240852
93261,0.18733132
64830,0.78501815
64654,0.9003935
26432,0.8516912
68394,0.20134848
46626,0.8939569
43315,0.81739473
101069,0.090988226
17183,0.110362284
34519,0.8761339
6402,0.16877109
8841,0.21674095
119103,0.2933231
60627,0.82398987
32748,0.5764457
25679,0.45680103
32646,0.99362826
121718,0.8592016
15807,0.052526932
31876,0.9853969
74285,0.54732096
71527,0.14383021
40237,0.9431445
67762,0.18273656
76485,0.00046739087
65223,0.7242906
92901,0.9709616
122709,0.1470247
67250,0.7134576
39190,0.98665965
12098,0.49734792
66093,0.63910127
19228,0.915038
114520,0.4623458
74954,0.0004702451
41400,0.64546525
35981,0.98507625
15528,0.9894744
120568,0.8646636
45121,0.98741853
57109,0.5824012
21244,0.06352359
14628,0.9498496
59016,0.80415416
28467,0.93183595
15174,0.6719801
28891,0.8590477
109147,0.019343775
114462,0.17796063
49272,0.8785336
65942,0.21817347
67521,0.18527603
48375,0.966174
97952,0.64460886
91374,0.00078357285
85698,0.00071265746
33716,0.34330568
36723,0.94697046
66860,0.21603084
100774,0.47734168
74789,0.10451451
108725,0.019335562
115746,0.1506877
23753,0.58660096
33747,0.36916178
39495,0.17435348
58375,0.5815894
21826,0.5631939
76536,0.000309773
85348,0.00061072415
65354,0.9478266
42080,0.13536029
99178,0.6719219
51923,0.6096436
56525,0.8597513
43727,0.94747764
35918,0.93325984
88461,0.0008608199
59303,0.7993113
95350,0.17631601
24881,0.061793193
21643,0.87046677
3843,0.12778467
67041,0.20891888
74577,0.9864299
17420,0.09208756
58496,0.8341623
20325,0.8917304
114742,0.24055977
16254,0.56466115
104096,0.14797719
30643,0.99099004
119246,0.36674395
44983,0.67683476
21103,0.16912842
52296,0.8548873
30411,0.87906563
25478,0.9865915
40872,0.83296996
102035,0.4842322
80822,0.00067568896
80232,0.0006081095
75224,0.0003283028
32703,0.80716044
81878,0.00079148135
87271,0.0007245892
76377,0.00034602065
98819,0.10677897
54405,0.9206342
47971,0.8470913
68944,0.4644213
14113,0.8920697
94132,0.8910558
35426,0.60370743
16206,0.10208508
36684,0.9344894
74747,0.50082093
109863,0.052267857
46617,0.88989335
121505,0.91548055
98130,0.49417734
9217,0.09700739
61289,0.9841494
124618,0.8913369
67681,0.6770886
121399,0.059601046
23331,0.72409034
48125,0.976044
60761,0.839052
79489,0.0005658673
90366,0.00068177836
39453,0.49439067
71805,0.48331988
19324,0.1945152
14135,0.8554508
28313,0.1838247
1010,0.9886052
46794,0.8040468
62111,0.9231047
75371,0.00049127254
93725,0.12769893
95159,0.117782526
106905,0.9950251
110675,0.15113616
1489,0.88101137
78420,0.00069650303
93188,0.20364325
32049,0.96807766
86351,0.00080775796
74313,0.2839747
64650,0.87136644
115748,0.15087615
116797,0.50246847
100753,0.09777693
80284,0.00065761764
86119,0.00073995395
108354,0.40761346
30207,0.9312195
121799,0.76123834
28491,0.43021372
67606,0.45521978
100851,0.5096515
111021,0.0360648
24927,0.67937213
9070,0.15492056
14509,0.98765975
119724,0.56068975
62860,0.7535176
90289,0.00072314334
8766,0.7543708
48477,0.89341307
66822,0.41715384
54235,0.19860703
7313,0.55054694
24382,0.44881916
61865,0.88973814
56895,0.97557175
60350,0.92499465
97939,0.6351676
66498,0.26793775
74152,0.09444232
63224,0.9712433
7775,0.7359399
7270,0.15071392
23040,0.9286577
3093,0.38068023
43,0.2843371
32382,0.97399604
3683,0.68766737
75818,0.0004858331
108152,0.9178593
86249,0.0006564047
7709,0.75968325
97123,0.11459867
75144,0.0004601712
119428,0.31759888
63939,0.8147796
98260,0.38258138
101830,0.15586
17970,0.9838123
77497,0.00048620004
7122,0.058647506
40783,0.1111056
13977,0.051124383
122405,0.29028994
3506,0.13227144
50171,0.8084679
109839,0.044249
313,0.34376955
35352,0.68469316
115261,0.87159276
49958,0.3898947
34877,0.8478568
111504,0.60111034
33411,0.85166794
44711,0.0957375
14196,0.3903249
6458,0.3741402
49647,0.84007174
103071,0.19613203
56381,0.5000568
102413,0.09344707
113192,0.58768356
102499,0.15050535
84704,0.00078212784
28661,0.8204272
52156,0.12987888
40429,0.85304564
19330,0.875725
8760,0.688239
55460,0.7511658
82349,0.0006081095
22744,0.36215758
61191,0.83739626
46374,0.80056375
41101,0.4107586
36051,0.43448433
96480,0.4380338
69415,0.6548457
42427,0.97404927
48022,0.78259665
112759,0.82263875
121977,0.66148615
109447,0.049652085
61490,0.13872185
5364,0.71048033
34431,0.95621866
35281,0.94835275
40640,0.92953753
68554,0.73972374
111817,0.09654779
11613,0.38501823
70593,0.3226772
104310,0.6767512
5680,0.63812095
62981,0.6042895
123804,0.3582863
110283,0.08854379
46864,0.64243305
115936,0.1998797
105882,0.7457047
79207,0.00071397424
104956,0.32133526
183,0.9853349
81955,0.0007638319
22041,0.8847648
15936,0.92476755
114968,0.20457748
77570,0.00031846922
81341,0.0006911439
39728,0.9236667
13285,0.07989442
11539,0.08350089
32439,0.89644396
63754,0.89986724
107604,0.0670883
68632,0.5043469
38790,0.611208
66938,0.31576088
59072,0.8376978
97114,0.09915959
54141,0.43380442
45483,0.1571729
88928,0.00070814526
102909,0.31074992
94406,0.48784348
52069,0.92544293
79176,0.0008742585
99691,0.5033976
85440,0.0007161467
5181,0.9583375
33037,0.82874405
30496,0.9807968
88665,0.00080775796
121973,0.60774446
117658,0.5983929
50672,0.28168198
60083,0.8821241
51768,0.09113868
11928,0.072452456
24101,0.038660284
93262,0.14165224
99909,0.13922052
36635,0.9755317
70955,0.9827236
95132,0.7570365
108375,0.69145733
26512,0.8333519
112422,0.06994368
10328,0.4600974
122417,0.43734255
108021,0.12291623
64180,0.16634034
90594,0.00068974035
38732,0.9402672
84107,0.00061072415
120583,0.7944236
12135,0.65536
66877,0.116920955
63625,0.9421184
114181,0.87754995
115648,0.91167617
33272,0.0964701
58225,0.9849333
98205,0.44466048
82681,0.00073023327
65927,0.44376427
25213,0.57942677
118926,0.5080743
101040,0.20535031
41804,0.45082957
91284,0.0007041915
37641,0.98258245
27833,0.6873422
73212,0.6333809
53072,0.89275026
98693,0.24482279
30188,0.7229833
93849,0.19386354
121061,0.7197689
25727,0.66394126
75498,0.00046739087
3644,0.13110478
83632,0.00073023327
63275,0.8398357
7377,0.321427
83711,0.0006684373
62934,0.92729867
116569,0.4597725
124494,0.9025047
14302,0.42574197
3914,0.43138778
108131,0.36479828
39274,0.99056643
12548,0.12226049
105114,0.73597056
441,0.12400968
13836,0.34789896
15795,0.26760605
55112,0.8290501
114107,0.08343432
96449,0.19539376
112012,0.7647724
25303,0.25183994
89318,0.000666878
96928,0.87001383
44827,0.9199426
121716,0.78418344
77607,0.0004906013
55443,0.7980965
56970,0.8850776
87557,0.0007564102
90475,0.00068177836
18131,0.9810963
122770,0.07380015
46372,0.80056375
82419,0.00065761764
12565,0.3259951
35370,0.07481357
30721,0.4795222
69856,0.56885654
61423,0.9084479
58762,0.8209312
42053,0.9863674
70692,0.61599934
85980,0.0006118527
29088,0.31945798
66718,0.8441457
16105,0.61425054
68973,0.14065215
77512,0.00043795496
99906,0.2644267
24450,0.041392658
33195,0.07514428
58164,0.8575656
60044,0.26923314
6790,0.38869333
55727,0.10354303
76560,0.000309773
47611,0.9567317
10460,0.08432307
19978,0.7284946
43326,0.8850881
67088,0.76562047
28089,0.70037216
62938,0.25451118
33971,0.9665822
59731,0.8227601
76360,0.00033288373
32834,0.85585964
109428,0.049652085
75730,0.0003376276
30689,0.99379706
97771,0.6009136
17982,0.62618047
12278,0.49555063
88245,0.00074429665
90726,0.0006943035
66320,0.69504756
102478,0.502654
36373,0.98512864
64555,0.17287426
123264,0.9525315
78174,0.00031402273
120608,0.68738025
42451,0.9309094
121765,0.30062637
20434,0.9800844
28427,0.40275818
78723,0.0007598979
18113,0.9771811
13993,0.6768605
31081,0.4875287
72467,0.6623305
46292,0.99165934
101400,0.19296885
47602,0.9447277
78482,0.0005543911
9170,0.42852813
106607,0.1613894
3387,0.6662616
47411,0.7185969
50627,0.7675268
115107,0.24084942
42147,0.7285818
96566,0.79983956
74841,0.7193989
30283,0.5828491
27906,0.26684242
113334,0.07792457
61533,0.9428943
79216,0.0006564047
78113,0.0002842891
78046,0.00043795496
77163,0.0003376276
118371,0.1781863
117916,0.12761861
53874,0.25039724
38432,0.5342534
9727,0.083149366
81882,0.00079148135
498,0.8864257
20760,0.56755954
107129,0.9829874
119947,0.7855327
7967,0.4637682
4389,0.7374822
92771,0.35389233
118737,0.61914915
16117,0.08022996
107848,0.28826344
115114,0.6627819
39563,0.9665179
75522,0.000497984
114409,0.7969221
117642,0.7681407
41279,0.9796765
30449,0.9645769
69831,0.5358137
101608,0.13772865
56024,0.52754796
100069,0.09614847
23683,0.9919565
63773,0.73965305
77733,0.00048382
67491,0.45071363
106126,0.8704869
37952,0.9561638
20215,0.18482094
74960,0.0004702451
98630,0.1144003
72382,0.26163393
35598,0.9641372
10782,0.33805734
71568,0.3866303
64252,0.74582124
32790,0.10131544
89767,0.0006943035
115158,0.79972935
60279,0.9123431
18605,0.533902
56061,0.90564954
32768,0.5127773
90273,0.00079148135
5751,0.06734356
10075,0.49992448
21637,0.9407238
28254,0.36788365
430,0.08957232
31001,0.9270153
101710,0.39481777
77458,0.0004442698
85120,0.00075327675
114288,0.6432044
21006,0.9212564
27506,0.3274049
91649,0.00069609395
41641,0.93411523
53653,0.13465571
57804,0.822158
91473,0.0007335781
86892,0.00076439616
82829,0.0008000424
1915,0.9511742
101574,0.5043644
9172,0.49143794
125177,0.9068736
8858,0.7351877
37170,0.98839194
38270,0.51196235
99534,0.14889003
68021,0.14929458
8095,0.23865552
56585,0.84573734
15138,0.5419504
67223,0.14673989
113711,0.31246367
83760,0.00068678247
112639,0.21151596
961,0.570295
81352,0.0006081095
32142,0.94847244
59092,0.19136278
119529,0.2788263
112326,0.11921158
110062,0.099645644
122633,0.4553456
48310,0.1515061
105346,0.36758316
36797,0.98660207
33062,0.07743268
58598,0.91277117
440,0.10438559
30609,0.981632
87451,0.00079148135
124350,0.7778557
2827,0.12495765
67832,0.5221671
50006,0.7619314
100838,0.54192084
11711,0.20804757
115495,0.81058735
117810,0.7206109
116844,0.76941633
21074,0.86539716
106683,0.21761316
64198,0.5530718
95221,0.1837554
123484,0.92876035
64318,0.5530718
116176,0.6961677
369,0.059221648
90659,0.0008608199
99447,0.5249185
106774,0.9593333
119480,0.32377255
21010,0.5160796
109022,0.037511554
66048,0.49501938
21355,0.8902887
27134,0.20176135
119630,0.80007213
28510,0.8509959
59453,0.90281624
105957,0.86174107
15016,0.45639482
90373,0.00072447944
53497,0.81687194
84141,0.00083159946
49753,0.8985353
42880,0.9012833
44127,0.9279338
87398,0.0007676822
76603,0.0005577373
6644,0.15867001
28361,0.18450467
105183,0.26528808
63238,0.20369294
58603,0.9761239
22076,0.91343164
225,0.050108325
105880,0.48645213
31617,0.91946816
39664,0.93674713
18667,0.71773154
12536,0.40300527
88643,0.00068177836
93566,0.7299159
95259,0.17409965
10676,0.67439884
31880,0.98580486
51799,0.82606333
57334,0.77278143
66203,0.17281531
20300,0.90221477
28170,0.36146596
5469,0.701884
102885,0.10536776
14828,0.9965306
2895,0.72770244
103240,0.26567978
77162,0.00048829074
5847,0.062689826
20063,0.039997146
58139,0.6950563
39532,0.937086
33093,0.51801664
34285,0.27986482
3686,0.1166331
94370,0.22583167
107571,0.55306214
16287,0.673082
69155,0.6127264
107095,0.8375718
22005,0.89832276
31481,0.92594326
79850,0.0005443886
61363,0.8992113
65242,0.05534
48714,0.966174
63319,0.9049634
117018,0.15390953
41012,0.649862
51005,0.6498665
16198,0.3062361
98395,0.43776575
36281,0.4421594
61237,0.8643101
1273,0.75528264
75620,0.000477207
120373,0.6425562
79837,0.00071265746
110563,0.022864576
2347,0.40326154
89944,0.0006913313
44390,0.9930432
1503,0.895054
36696,0.9095226
17060,0.20202965
55217,0.708063
47482,0.8523261
24047,0.05622644
36670,0.48845017
124136,0.22871225
20766,0.21373156
48519,0.95352817
76710,0.00047962103
39211,0.46047407
112661,0.34766802
102534,0.06482763
24640,0.9214651
16356,0.31607452
37321,0.9684041
62591,0.6768454
95606,0.7598107
26356,0.87619656
43706,0.9308602
51547,0.59102654
33147,0.8191218
93926,0.43660906
17865,0.94559896
95689,0.24071155
10684,0.16865659
84209,0.0005856769
6353,0.5984297
94932,0.8281472
76725,0.000309773
74684,0.5781508
76893,0.0004858331
23866,0.42837065
120383,0.096449845
31,0.22397391
6572,0.03920545
65212,0.29570898
32167,0.9792777
86097,0.00078809354
88092,0.00076626654
114729,0.6329569
31565,0.93153733
62906,0.29543608
22703,0.5301377
122720,0.226377
91077,0.0006830381
108999,0.062386435
1953,0.18661004
8822,0.14516775
27174,0.54884166
7966,0.59567314
112103,0.15003465
116163,0.37368163
60607,0.5334557
34302,0.17155766
7984,0.08926402
80063,0.00050216314
70120,0.7203517
75569,0.00048372181
52987,0.8525958
62879,0.2934424
31048,0.8804178
23670,0.98677874
70479,0.21929465
87024,0.0008608199
59330,0.9202117
28483,0.8840552
97147,0.8370404
10663,0.6720853
66381,0.5843513
26943,0.4603753
9119,0.7741529
5581,0.9352816
109466,0.024280356
121596,0.98185444
31915,0.10681618
73227,0.4011971
59204,0.9127247
62625,0.32276464
112345,0.76191986
61969,0.8813
113870,0.59411234
1414,0.15135933
50150,0.34558815
3231,0.78815013
53873,0.41492292
81069,0.000743648
116080,0.73201334
112885,0.568709
48499,0.5836602
91629,0.00073520036
43391,0.8332836
71113,0.48520342
101568,0.64107317
119458,0.103099965
16169,0.06503666
66176,0.64245313
92257,0.30294323
75684,0.00031537347
74066,0.11147523
21099,0.66933703
102472,0.502654
46268,0.98535734
120515,0.69005835
58656,0.9897014
63717,0.9300141
43055,0.9643721
60215,0.87775975
74104,0.13902014
52462,0.1563553
5580,0.9087572
93881,0.47957736
76974,0.0005029102
106818,0.95721346
58636,0.98810136
69124,0.521434
115249,0.117220625
75710,0.00031537347
56713,0.6855967
9207,0.8471292
88445,0.0007057381
48659,0.96239066
40196,0.8612884
15749,0.07128828
19755,0.392075
72597,0.31021166
104556,0.4848673
13967,0.0513417
24181,0.93016607
30187,0.8397543
21899,0.9692221
112968,0.28229532
87925,0.00078799896
32509,0.058208767
62283,0.39578822
89631,0.0007290488
123374,0.79686475
81539,0.000854815
83246,0.00068678247
117351,0.47954962
59065,0.68050116
90902,0.0006801141
60698,0.93125767
61571,0.8283268
57725,0.851375
58657,0.99028534
45744,0.07628225
82081,0.00061072415
25366,0.93601805
111400,0.10392241
112000,0.58041686
111567,0.43268886
34958,0.5540978
12172,0.39505863
36469,0.20673312
9744,0.18062325
32233,0.67471796
81357,0.00062354875
60574,0.9154564
106188,0.4415993
73280,0.13124898
33586,0.34042493
8438,0.14345197
61135,0.93175715
84221,0.00078127487
26967,0.7229839
13468,0.09342063
36628,0.9400075
57451,0.83098984
59008,0.8147933
63591,0.8723563
95619,0.39103478
76272,0.00050012534
20402,0.95836586
39017,0.90169334
49703,0.81231153
98566,0.6360506
58377,0.47680545
49954,0.84182894
27268,0.15117602
96832,0.47479597
92754,0.15765826
119008,0.6131192
18701,0.40818068
72335,0.24993558
44853,0.9482021
84666,0.00076326285
117054,0.10615346
57277,0.8825818
99552,0.63088775
29100,0.88439906
96321,0.24302082
59011,0.8226116
22251,0.85909057
26033,0.33655053
123709,0.40760788
106439,0.6373589
51678,0.3432697
16663,0.5512921
77707,0.0005029102
47163,0.5493043
40647,0.51144964
90000,0.0007368149
6313,0.071376204
121592,0.9423819
87250,0.0008235717
18135,0.97507983
25290,0.9087229
86968,0.0007946585
75484,0.00046739087
122733,0.4326369
111437,0.14590399
123415,0.9370083
67841,0.52808166
7681,0.76034033
101803,0.31816703
43155,0.48556656
100648,0.31012553
5524,0.5946373
55014,0.5471398
63056,0.5992464
42870,0.9275865
58507,0.9196987
87476,0.000793193
44935,0.9724621
2835,0.31590816
22149,0.9800858
113861,0.13643113
53909,0.39210954
103041,0.17641298
124396,0.7532556
79045,0.0006118527
76304,0.00046739087
53503,0.8349236
81646,0.00061837124
16705,0.19451797
34456,0.9705179
123719,0.32767227
123217,0.5382441
71202,0.5701799
77602,0.00031846922
15846,0.09881373
88781,0.0007054926
43071,0.09308227
26166,0.6028048
17478,0.9769358
103739,0.14293209
56171,0.525011
94490,0.21497469
61449,0.9532343
78984,0.0006833949
84034,0.0005609791
124578,0.8763954
30678,0.99410146
105821,0.57067347
2331,0.32425067
106030,0.048528116
96689,0.7976525
115952,0.72744805
4620,0.88497806
105077,0.19886425
80391,0.00069075933
115451,0.754979
31642,0.5027638
88988,0.0008000424
96492,0.42349946
69413,0.60261124
65702,0.55175525
6636,0.44052428
53231,0.94163036
112439,0.5005999
101644,0.60936886
10846,0.70349175
4923,0.9732106
77555,0.0002842891
59626,0.97983587
117117,0.18810482
93093,0.98811126
7870,0.13039246
12388,0.5736778
97154,0.41322607
37941,0.95233244
34625,0.91396815
35380,0.37866777
10764,0.5982861
62518,0.9338038
75017,0.00034602065
119505,0.844673
5981,0.09540659
2220,0.12809493
10867,0.12680627
76342,0.00033288373
108498,0.35417345
122306,0.3200403
16905,0.41809085
92159,0.14195739
49120,0.76695144
45409,0.2852643
101016,0.42099592
17298,0.08044534
60966,0.53100157
83159,0.00065761764
79515,0.0005324894
85513,0.00065922085
61031,0.2089472
94839,0.5957054
109096,0.038864683
1038,0.9852149
116508,0.7883446
34065,0.25822338
91313,0.0007826601
114074,0.16716474
7211,0.068325564
59793,0.89059097
8657,0.4930718
66691,0.16404906
64913,0.8355464
106186,0.21923342
119483,0.844673
86603,0.0007348449
107181,0.9750412
88645,0.00070867385
81093,0.00061072415
107407,0.21794434
19852,0.7487335
105015,0.15703201
115867,0.4546893
6908,0.34271547
69216,0.10291328
114581,0.07320012
72122,0.17731835
108753,0.14104018
56000,0.7277654
59951,0.10518181
112491,0.6514279
74458,0.06284757
38652,0.9809091
9491,0.40875426
93475,0.10326235
53174,0.89543116
10913,0.17862786
6134,0.4229657
26077,0.19132024
124509,0.851676
1442,0.10176671
2456,0.48468882
60296,0.9123431
121209,0.07232852
122853,0.31886005
87403,0.0007495211
100767,0.49058065
85494,0.0007981692
123447,0.906822
122017,0.673831
109668,0.020179233
122311,0.8694796
89817,0.00074623094
32643,0.9917026
58328,0.9764356
25685,0.42636028
67337,0.13626239
48799,0.9394148
32893,0.8079817
48401,0.6264563
115504,0.09435676
24414,0.033505842
112157,0.13868682
12444,0.20519632
36302,0.6526891
65458,0.91829056
101681,0.33281976
101787,0.2908489
71406,0.08505848
108727,0.102934174
14560,0.9909807
58055,0.7611278
29026,0.13072613
29299,0.7109279
57851,0.82513815
53513,0.37941557
42990,0.98670703
32472,0.9698785
99564,0.1114523
36859,0.8999291
104110,0.16488788
46514,0.9784314
77553,0.00045083935
123772,0.4813783
28949,0.13446057
54269,0.6344546
118813,0.6764813
38741,0.7281196
106201,0.81050175
5498,0.16477342
25980,0.10286344
96150,0.416959
38313,0.9461563
76265,0.00046739087
88470,0.00082815485
96519,0.19496693
121821,0.7053351
101978,0.34359568
78005,0.00031537347
36203,0.16017991
67489,0.48002216
20390,0.93772966
74763,0.50028616
83628,0.0006564047
114951,0.8564846
80784,0.0006219447
109973,0.17821954
10918,0.43174422
53164,0.8054149
106565,0.18360347
92467,0.05011822
90830,0.0006943035
20157,0.76866364
86782,0.0007676822
63009,0.66895103
24368,0.0963688
69282,0.17523062
39787,0.9390748
5487,0.19017747
117994,0.43690643
67856,0.11833268
98682,0.24489926
50521,0.8886485
116563,0.18807432
70883,0.5327819
80893,0.00063335657
14416,0.9825196
57221,0.14126408
51332,0.8504679
32085,0.9774799
42463,0.38830087
30636,0.98154026
62516,0.92883766
89471,0.0007364278
41640,0.8303253
74391,0.13602154
120482,0.76403165
113972,0.7948872
106157,0.40442497
108902,0.04586809
69434,0.20127517
13617,0.35776523
75731,0.00050012534
70513,0.22668536
79035,0.000743648
108167,0.79262036
95161,0.12168657
33457,0.47635815
86970,0.000953197
108227,0.9601239
46851,0.4495071
11683,0.72316533
102077,0.418424
52005,0.456361
21085,0.5402502
47938,0.089437984
114674,0.13120253
28809,0.80539674
29386,0.330141
16798,0.15927334
78628,0.0007598979
84322,0.00070799043
17554,0.64341843
31732,0.8598971
106395,0.18407522
109902,0.038005564
11455,0.07638316
92522,0.07410264
46229,0.8080764
87744,0.0008127534
81563,0.0006477809
98684,0.8731559
56917,0.9819146
63189,0.8815365
54428,0.57084507
51125,0.5285724
80369,0.0006358372
112167,0.34322682
29077,0.25046766
118842,0.6721966
34982,0.9612843
58376,0.5563074
36358,0.9678822
27863,0.118284844
82342,0.0006081095
62207,0.6826795
41918,0.8421758
96481,0.68313956
5830,0.15439524
73235,0.25983632
30454,0.97584325
10450,0.058244225
46458,0.8599005
2174,0.30639052
78596,0.0005973758
61979,0.580325
53850,0.32856962
46673,0.98049223
17544,0.6360855
80820,0.0006727964
52078,0.967606
103443,0.12483478
59723,0.83451563
16367,0.121236086
44451,0.9944575
20487,0.88488805
47409,0.4061737
110494,0.095380895
116874,0.43827775
14005,0.8497141
24348,0.8531201
6284,0.07076951
29450,0.1452635
29838,0.113057844
28193,0.3245379
34885,0.34107292
116193,0.8818623
43331,0.9011408
40092,0.9738879
54675,0.9245038
74811,0.11502029
7299,0.15314013
124091,0.24590833
108870,0.04158312
7319,0.08820431
31092,0.44772404
31794,0.9775749
115964,0.7717648
27009,0.5625769
20831,0.2984668
93803,0.28664756
62768,0.23246695
95369,0.18972918
89448,0.00095958373
64101,0.103409864
84802,0.00079148135
103687,0.34556594
46792,0.41547433
20576,0.9189954
105160,0.2737434
55410,0.46512905
31647,0.44864026
20131,0.05501572
21207,0.058957428
71518,0.6308015
27011,0.8654477
122904,0.9062465
29285,0.88692075
106262,0.90375394
48934,0.4788556
51574,0.66507876
109465,0.012010706
58264,0.984697
124403,0.18994835
104177,0.20451571
15473,0.98342645
17917,0.123164125
18397,0.044708967
122252,0.19311169
79632,0.0007756704
35544,0.94708997
106632,0.14491767
48661,0.96282226
96877,0.4591318
115223,0.17254248
98902,0.4759169
40961,0.9592168
60164,0.7915383
59370,0.91638666
14467,0.9634134
22998,0.60156775
116052,0.8792022
69580,0.29646164
95233,0.12465712
8422,0.13283019
16375,0.1103874
7351,0.13740765
118686,0.45409402
7191,0.108432345
108595,0.92879796
111880,0.07629617
89047,0.000666878
106179,0.2460791
87994,0.0007161467
27208,0.17699179
71571,0.3433858
99243,0.30485046
15720,0.07620402
57004,0.96106184
4528,0.8171445
118006,0.36767712
78668,0.00063309795
19917,0.12436091
9598,0.6387823
40682,0.97267705
69953,0.6127155
103816,0.83805853
98908,0.39139777
22014,0.7495692
12604,0.34751824
57104,0.8695475
55109,0.7938461
108630,0.58431995
33741,0.8378516
4750,0.44862154
10342,0.38703066
92737,0.73575956
110201,0.12076759
116319,0.3783511
11877,0.059438325
109594,0.01910445
73808,0.4500795
12945,0.18269697
65704,0.59265524
13697,0.058371875
51348,0.15466937
78000,0.00046739087
97029,0.8678835
105723,0.32839915
106928,0.38532057
35401,0.899179
106762,0.7839286
91391,0.0006884683
124657,0.9671026
13359,0.08309726
26037,0.08483481
26352,0.072612494
72555,0.23536631
24536,0.036856126
111336,0.08032549
58154,0.5057259
48627,0.59482884
53100,0.839482
101841,0.17043845
81772,0.0006649132
86331,0.0007321471
96262,0.18926436
111700,0.5348462
53269,0.8800168
46788,0.0520984
110355,0.03200366
7151,0.09023311
16658,0.5320004
24802,0.15367053
43089,0.15302368
120984,0.6200511
123500,0.9252812
26633,0.9114861
8048,0.6658735
16547,0.8379379
35811,0.94464403
123068,0.88220215
88767,0.00073197053
72500,0.13492112
94804,0.31504306
5125,0.98833114
120286,0.7208233
64939,0.18317817
118452,0.55139685
7111,0.5046357
22216,0.9239152
7886,0.10622897
83416,0.00073995395
67334,0.21865244
12362,0.84871954
112645,0.7906984
99793,0.3938116
27223,0.3889576
105106,0.36561847
73053,0.96390814
53270,0.6723284
86235,0.0007124097
81255,0.00064104784
83349,0.0006564047
68331,0.18729945
10934,0.40973195
1691,0.18910247
124245,0.6825117
9231,0.14414081
121011,0.08685273
28729,0.8516912
110450,0.041619394
107643,0.8976433
99465,0.36103737
94824,0.193879
116811,0.71385545
74319,0.30990872
36468,0.20673312
29616,0.84695584
121783,0.61506116
16878,0.22904037
76014,0.00043047336
56025,0.52542186
35118,0.9707164
49820,0.8444004
82478,0.00061072415
31076,0.8754638
87731,0.0008506706
60006,0.12443931
36364,0.96599513
15402,0.7925924
95567,0.46804026
50928,0.34641752
1356,0.9662575
25934,0.5475347
5535,0.36543766
49284,0.41642267
3127,0.12657107
36632,0.9712423
80026,0.0006023013
75399,0.000477207
59864,0.9208539
123233,0.9003379
117133,0.5415083
79153,0.00085286854
69612,0.8670016
42739,0.1109102
3974,0.43843153
115426,0.473003
60695,0.9402126
109562,0.018838136
798,0.91927373
104922,0.16302468
106249,0.83821243
107880,0.25008097
68417,0.14051723
56571,0.42942247
84277,0.00073484454
120452,0.18334334
57273,0.8825818
123132,0.7949727
81439,0.00080492656
44373,0.98950493
259,0.28099233
70578,0.759931
29791,0.07688523
111443,0.24502335
30875,0.93891716
7432,0.52279305
23172,0.552918
120830,0.7606867
120469,0.34734604
10799,0.70994025
55889,0.5549507
93018,0.89777714
4772,0.82537806
45998,0.9538439
36054,0.9151459
26994,0.61694515
70295,0.31506884
98098,0.06439026
81987,0.00063335657
92712,0.11359801
29747,0.50370795
56578,0.66192067
30481,0.98343486
93141,0.9616054
101329,0.42845863
18520,0.80637115
123209,0.9642966
123563,0.8142547
111226,0.12333017
97181,0.11820396
87875,0.0009612624
37032,0.9752583
42676,0.97873914
16238,0.54488444
66385,0.6944501
21237,0.04346883
57,0.39752582
93571,0.15295985
2074,0.7869966
6513,0.110559575
19074,0.87500525
5796,0.32920766
48146,0.3598219
121162,0.82624316
1243,0.92928123
87908,0.00075687526
112194,0.5781812
74804,0.159921
78423,0.0006167173
68509,0.40363732
1482,0.843692
82514,0.00061072415
23205,0.82375395
38976,0.8804903
88708,0.0007057381
120054,0.35439226
123396,0.85396916
92451,0.39348575
25144,0.9879511
77044,0.0004858331
109115,0.024233134
14011,0.25121072
27527,0.2088992
89259,0.00071675575
2143,0.11815377
57284,0.7629863
116953,0.8512766
44228,0.9475137
57702,0.5517144
29958,0.03996479
3602,0.16305764
43030,0.93783253
19019,0.81750214
67538,0.48612282
77301,0.00042132943
49521,0.59977204
10277,0.083962224
106814,0.8985934
119996,0.15320662
109281,0.03098234
108358,0.47709355
21249,0.04717287
44010,0.3415186
87338,0.00078799896
48410,0.9614423
13334,0.2928426
13335,0.11699522
43919,0.978525
58873,0.6333464
103149,0.2888364
112668,0.15589961
8653,0.30150995
52301,0.18561952
76297,0.0004858331
23649,0.9464104
10250,0.4679506
118929,0.59161615
24137,0.049630076
15173,0.26598364
20536,0.2684855
106,0.9523956
24923,0.6389196
61609,0.7296571
91981,0.0234217
78609,0.0006727964
90968,0.00073276967
61559,0.7457434
97346,0.6283494
56615,0.89584076
7199,0.26612297
95391,0.7195535
96725,0.91035813
86103,0.0007531723
37444,0.94966805
125019,0.75753415
48807,0.9309153
20818,0.08800401
103959,0.14841194
20268,0.78191257
41481,0.9691663
45531,0.13144332
73369,0.108968794
123030,0.70660603
58680,0.8704852
100895,0.94990367
17530,0.17979082
106858,0.94146824
121748,0.8087684
109617,0.056902647
94760,0.08233924
55975,0.59039074
117744,0.8341227
42079,0.120300665
99527,0.8124952
70,0.38473344
33029,0.055067807
106940,0.8670683
66886,0.13841285
34915,0.37342685
90640,0.0006903145
31564,0.5312512
1601,0.15683916
13922,0.0601612
7266,0.54750156
113981,0.04377634
78329,0.0007086681
23807,0.59076124
50649,0.1517967
233,0.27785504
98032,0.9761914
56714,0.90478563
2269,0.74135125
52737,0.66610396
75518,0.00048620004
86759,0.0007676822
102693,0.06503666
6112,0.0642247
51648,0.63503695
74718,0.31604856
69667,0.96556115
83305,0.00073023327
119809,0.22352584
99567,0.13630028
90895,0.00072770426
26139,0.59220135
59505,0.9245051
70122,0.67908376
45044,0.6175457
107081,0.95985615
49780,0.70191956
86901,0.0008000424
52711,0.6014861
6913,0.18802321
31832,0.98747766
44842,0.9378001
75889,0.00047224926
121924,0.2317149
96907,0.15225048
60903,0.5855687
88880,0.00072314334
105136,0.09948083
76772,0.0002842891
103498,0.2301197
110874,0.0540213
60712,0.24920025
5080,0.9934411
8796,0.39424634
6411,0.45637092
16916,0.18070585
84069,0.0006081095
47126,0.9192221
61525,0.9387605
88817,0.0007245892
32516,0.09551593
114897,0.911654
70221,0.35724986
85761,0.00073158246
51272,0.58804804
43815,0.89711094
105708,0.59392923
89904,0.00074623094
87463,0.000793193
69780,0.97678316
6439,0.49563062
113886,0.40888023
67194,0.11976305
898,0.98055077
22848,0.79269475
124300,0.621121
31033,0.46835017
71014,0.1181424
73710,0.13431123
78502,0.0006999549
48835,0.9150467
117634,0.10436745
67385,0.41150695
29032,0.54427284
72830,0.56345296
76094,0.00043047336
107815,0.25986522
27489,0.20734851
82890,0.0006081095
58760,0.8209312
11604,0.32240644
60310,0.6146134
19483,0.9106777
111147,0.6265943
110492,0.04211486
27158,0.41041356
45183,0.4844846
122600,0.7516493
21903,0.9575042
120506,0.71731853
94040,0.81437784
101835,0.17519541
33647,0.08420404
19752,0.42006016
46390,0.70191157
947,0.88722736
5747,0.043147694
4708,0.40297642
95302,0.16382442
81106,0.0005443886
22547,0.03492357
104128,0.4624759
15269,0.08196936
39292,0.93571997
116774,0.14660531
41682,0.7593162
80175,0.0005453946
7457,0.4921195
84041,0.00063239
31835,0.98882234
89394,0.0007164665
97178,0.118159086
107597,0.063895166
99594,0.48494747
65540,0.11647689
83290,0.0006219447
20124,0.08395217
25194,0.9944833
20953,0.6783183
27407,0.48230925
48109,0.93917984
124032,0.18527114
94901,0.90324765
99756,0.3001759
18371,0.058957428
116343,0.7443033
20031,0.9831072
87072,0.00071180094
120502,0.74115974
80631,0.00064823887
90694,0.00069592183
93376,0.12681726
75018,0.0004924003
39888,0.98575366
100520,0.27465153
86439,0.00066995807
8331,0.38900268
98093,0.32422048
118717,0.52002037
92439,0.6405048
93785,0.62496185
105310,0.45280218
119820,0.14730927
120249,0.55893147
105895,0.87023276
117858,0.4060559
41045,0.4585629
52435,0.64939433
10466,0.052742817
123163,0.77075166
5727,0.087754875
63251,0.8567984
41437,0.9079294
15940,0.6048972
63818,0.9045527
62533,0.96992224
1506,0.9552962
13804,0.080202185
23712,0.99439716
107757,0.32318336
107733,0.247656
38035,0.9890469
5819,0.6351168
11639,0.110421985
105888,0.85957384
109917,0.2523885
89254,0.00073276967
6897,0.5364195
102375,0.36245927
85217,0.00061072415
37456,0.9698185
3645,0.10176055
118,0.83526176
15207,0.91613173
57229,0.81444937
77646,0.00022460475
37411,0.90455216
34770,0.16012737
95615,0.710707
51907,0.79429567
19336,0.19275522
78487,0.00062496384
122481,0.20916907
78915,0.0006727964
38780,0.58774096
54027,0.5488161
65535,0.08846215
6074,0.7829334
89641,0.00083159946
112263,0.5838564
27441,0.18124999
100837,0.5104407
23133,0.41821232
74599,0.9848779
65276,0.09427346
121675,0.6858389
25504,0.9778126
107064,0.8887364
74037,0.22734621
92552,0.12327549
56500,0.9172256
34063,0.07421972
47041,0.16496189
79306,0.00068678247
99996,0.44542402
26331,0.8917747
15003,0.30347347
123877,0.1851512
28979,0.4831852
4016,0.83857524
60314,0.9217263
89613,0.00081929326
67135,0.26741824
121318,0.74169946
81376,0.0007564102
78474,0.00062496384
101550,0.16072641
73613,0.18970469
100370,0.31327316
64301,0.76269907
18485,0.75846237
70923,0.9396255
58712,0.80983585
102062,0.18341501
26556,0.48106745
33086,0.93424267
96946,0.9382183
96920,0.65030986
110073,0.18058994
103723,0.45506054
13164,0.17934023
13428,0.45163378
103914,0.48619092
105140,0.12096417
12939,0.39761788
60313,0.850717
55017,0.62562925
66890,0.33117267
55406,0.67470926
47848,0.5802533
31508,0.49509555
106516,0.2460791
74263,0.22401685
113839,0.69635123
9115,0.8386973
42133,0.97097933
119935,0.62075204
60217,0.961068
60065,0.7554415
27123,0.57478195
95209,0.21514313
96748,0.95858467
30493,0.97949284
16952,0.20541376
24338,0.14280964
106967,0.5894517
120906,0.6632879
10512,0.07202102
2616,0.6902268
89162,0.0006830381
107590,0.13905276
11843,0.05373178
16897,0.15616024
112416,0.16328488
91753,0.1333767
62192,0.5681869
42557,0.65333605
23703,0.9828855
57474,0.6681957
86851,0.0007564102
6872,0.09198722
115912,0.17298847
106399,0.16357338
78100,0.00043795496
87683,0.00078993035
39393,0.12641217
12039,0.81148505
4990,0.99068755
77714,0.00048382
42519,0.9799713
5512,0.53749377
106041,0.3804826
9679,0.28687418
39885,0.97361
34399,0.43263724
115976,0.90005976
6323,0.57959837
20066,0.039997146
41767,0.4448836
122187,0.8909595
70938,0.97468096
111441,0.41414168
10607,0.046753615
45758,0.8559032
34863,0.35141277
3083,0.105120614
118559,0.6181473
117500,0.10588721
91767,0.18733029
8338,0.1406904
119578,0.092114836
115377,0.46540895
1830,0.8909985
29328,0.6150288
24093,0.052529614
105331,0.14482784
84568,0.00079661794
115324,0.45337787
83087,0.0006564047
797,0.6000333
105167,0.38606092
37313,0.95281696
72002,0.13389193
123946,0.95167726
48212,0.9588516
14921,0.15030375
68568,0.64234483
78465,0.00059657154
9016,0.08499987
38591,0.94835275
88033,0.0008608199
69584,0.79927546
80236,0.0006997368
120723,0.14630474
33945,0.96652794
62330,0.96142876
102320,0.052640133
107567,0.6049138
105818,0.16081865
9471,0.7427596
86066,0.0006700222
57278,0.8825818
28463,0.16896793
86701,0.000793193
8625,0.5121745
67244,0.5285512
106619,0.5242485
120407,0.10362831
53934,0.38045955
112362,0.72831345
22855,0.78641695
111106,0.16268066
54313,0.7594552
46018,0.061875157
122973,0.2608423
79295,0.00067568896
17421,0.43684152
95345,0.19061321
39371,0.5413768
38230,0.51703346
99632,0.5308745
56636,0.2200569
20360,0.9152905
6598,0.06884327
25173,0.98932844
81788,0.00079661794
80203,0.00065522187
1912,0.9494483
107950,0.09983515
114116,0.1844548
64627,0.40912703
85952,0.00082804007
66314,0.55590963
39845,0.9193495
113606,0.085413
63128,0.42369232
19038,0.77940553
5834,0.116229214
47427,0.33647254
94715,0.16756791
27388,0.25722542
37653,0.8602963
99175,0.43966463
16655,0.15311657
18197,0.95983887
63361,0.8159968
15875,0.54737085
122718,0.7704178
83098,0.0006564047
110543,0.061226767
52261,0.19703372
87435,0.0007290488
50679,0.62401575
91413,0.00068177836
50281,0.40252253
108333,0.7939143
111319,0.66352165
93626,0.6199559
82953,0.0007245892
2883,0.05689927
116801,0.82150567
8460,0.15371923
105984,0.9697184
101019,0.09553432
91256,0.00081041973
48509,0.55271494
21758,0.9269257
117284,0.4187623
10408,0.5185419
22419,0.9407816
58011,0.8331982
70516,0.21590635
84279,0.0006167173
122412,0.3578776
59395,0.5949229
76745,0.0003264607
98998,0.12920335
70854,0.6478852
77580,0.00031846922
110438,0.08688601
114811,0.86994785
74821,0.13727349
63924,0.2622942
46087,0.07198207
17465,0.9594779
96705,0.2785951
84622,0.00061928213
13728,0.07274376
76506,0.000477207
113673,0.84170246
21962,0.04346883
84690,0.0008506706
98965,0.4178466
29486,0.3545026
2098,0.22687802
50827,0.122875154
117671,0.55571926
21910,0.5195093
43888,0.96113783
90862,0.0006649186
40137,0.5362573
9391,0.31253284
67091,0.29542848
18224,0.99316347
30837,0.88016546
55286,0.8076946
116601,0.83079183
97672,0.8609417
22169,0.97689337
121167,0.10932009
45985,0.92413986
113512,0.09705527
76687,0.0005577373
93275,0.5264393
112545,0.61974347
115271,0.53509533
19651,0.9212382
96838,0.73305494
41127,0.96542305
104880,0.37659404
113737,0.03900254
112357,0.77475095
33338,0.9286125
46331,0.14420149
101014,0.33644772
108230,0.95130324
79694,0.0006472616
124037,0.906569
124393,0.29862446
5370,0.22014843
117982,0.35368338
621,0.90745926
101603,0.17844178
106432,0.12843812
51707,0.19830126
69859,0.4645674
68660,0.6639208
114048,0.23208858
25107,0.5028691
2972,0.7617354
71817,0.32336828
14449,0.905655
80665,0.00063481845
32635,0.9941262
69894,0.27520466
90687,0.00062624936
112993,0.39787045
122810,0.574401
57748,0.8238648
61166,0.9337825
90935,0.0006788597
88197,0.0008485767
89298,0.0006830381
42395,0.1517422
5815,0.12647153
26158,0.5192526
72413,0.20549251
59950,0.120143645
106096,0.8045276
114935,0.2533326
67284,0.6996304
507,0.86071754
82404,0.0006092332
89907,0.0008506706
61530,0.5949288
71072,0.78823906
46493,0.94378865
4440,0.3740051
121312,0.14730927
23046,0.9652907
82141,0.0007096406
80045,0.0006798144
82463,0.0006704729
60686,0.6236607
33944,0.9422168
56576,0.8962341
44859,0.95134306
39802,0.9728568
61958,0.85127544
55080,0.5627451
58256,0.9888343
94720,0.3378918
94887,0.17945112
80572,0.0006438031
63941,0.8147796
113559,0.45060244
89693,0.0006634529
117150,0.17436899
105699,0.6000707
124772,0.7816679
27513,0.12823287
32598,0.98848826
1005,0.9779704
29331,0.15023082
119417,0.6876565
29230,0.30711856
5301,0.82440615
14343,0.083780296
49501,0.25691196
99262,0.48363832
59297,0.75891393
39925,0.7537896
16467,0.37095806
82406,0.0006092332
36686,0.95488757
63738,0.93295336
74867,0.4110137
85683,0.00083691924
116096,0.8450683
8921,0.64655197
70329,0.17890652
101327,0.07282958
83406,0.0006564047
3218,0.78330725
46273,0.98858297
102096,0.6052792
76053,0.00042132943
91717,0.0007041915
3905,0.36500466
71834,0.14189409
52448,0.2507519
67540,0.35968524
35917,0.5874543
124070,0.8855461
5401,0.7230752
111370,0.0770437
59672,0.8081444
6136,0.17152497
12987,0.10172261
89460,0.00072447944
86446,0.00061072415
114090,0.21015002
122956,0.9168086
8868,0.7693476
55027,0.6345118
3916,0.42935342
36299,0.89057744
104022,0.21290122
29754,0.60204566
45416,0.9246065
37631,0.9732842
38960,0.95446277
26593,0.41543287
38685,0.9414397
23241,0.86165893
84103,0.0006118527
99694,0.48747635
65813,0.33801267
32869,0.3613969
129,0.9521815
23165,0.39975
64214,0.6317033
113197,0.24466957
62174,0.93158406
92004,0.09928165
94889,0.21852636
42765,0.8836896
60530,0.88849884
68961,0.71483207
48290,0.82015294
4491,0.80149907
48102,0.4631822
95737,0.21601805
120195,0.8779727
102516,0.68415457
34636,0.9093128
122509,0.8870071
87423,0.00074567186
100263,0.4757204
79019,0.0006500445
80197,0.0005794405
103458,0.24309795
78691,0.0007616691
106062,0.36747074
110792,0.026987135
27905,0.7915207
105034,0.6993492
89270,0.00068177836
55774,0.7992479
18363,0.36551446
111322,0.072073095
109731,0.035986185
67643,0.13052185
50635,0.7675268
40011,0.55188394
55321,0.7075597
46219,0.9875299
113422,0.6968629
57000,0.91151464
86162,0.00073158246
23800,0.7458477
46010,0.09865514
4711,0.68850493
31450,0.33201483
75356,0.00022460475
90462,0.0006830381
112988,0.13605565
115845,0.20667413
121875,0.317782
41954,0.9769737
105990,0.9750411
34413,0.9105851
105969,0.9391637
44043,0.0899262
6250,0.6984344
26772,0.87696683
100493,0.5068967
28893,0.8480022
100052,0.055690605
86870,0.00071180094
24500,0.036856126
51596,0.42636496
108675,0.5815903
20465,0.24442413
36353,0.96318394
33512,0.057833612
109530,0.1722342
114264,0.18805654
33605,0.070550546
71252,0.22759226
5326,0.40477887
81262,0.0006321884
84102,0.0006118527
22447,0.97794664
17695,0.42633456
26268,0.6294683
76166,0.00034602065
17231,0.42982918
59103,0.8824501
107226,0.9955758
49242,0.24061735
3866,0.2364934
64865,0.9147635
102380,0.07093595
71926,0.07633567
121743,0.7569623
66615,0.060957164
5094,0.97426987
113125,0.73543787
71995,0.31434917
78107,0.0002842891
109139,0.28047362
44667,0.94539
89617,0.0008129788
52983,0.8413829
109699,0.02588982
44282,0.8929813
93543,0.15963116
2867,0.121496834
41996,0.8633932
88996,0.00071180094
9602,0.6387823
53449,0.84722143
10961,0.07219872
21641,0.7067139
38445,0.93030083
31805,0.98862946
89073,0.0007057381
114613,0.8591541
7464,0.46505272
76196,0.00050012534
45215,0.06830611
4092,0.34708843
63518,0.92246115
51108,0.11686241
44146,0.43294263
35568,0.5751109
82331,0.0006118527
99726,0.33227262
33142,0.8888587
116807,0.83622754
105428,0.6210718
8909,0.3185597
53463,0.8810484
22383,0.9230308
30147,0.045736026
2789,0.54147685
41083,0.0697031
119982,0.33056802
25021,0.4489157
104169,0.6989859
47943,0.93255216
115656,0.87676215
52453,0.45939746
69533,0.14640781
18413,0.4300526
14850,0.07672502
117496,0.2951659
22143,0.97624356
103096,0.52919155
75622,0.00047962103
41418,0.5408798
49795,0.8955722
109036,0.02266968
91628,0.0007041915
58816,0.88645804
97385,0.8681877
120566,0.2548162
23552,0.9522903
98330,0.18536004
71656,0.15903553
119972,0.33373055
30100,0.07511918
42564,0.9362391
39773,0.92865384
81067,0.0006219447
74957,0.0004702451
38643,0.97698486
86298,0.000743648
54383,0.84842116
104950,0.20719455
18576,0.9402706
63485,0.90780586
102456,0.7876551
64454,0.9883354
123292,0.90451217
121975,0.6079993
33213,0.10689455
2988,0.793237
63102,0.9397412
54983,0.47805804
32105,0.73030865
72997,0.93382835
65271,0.5310966
112193,0.13450246
50622,0.2654506
70183,0.5782909
92774,0.7182953
108996,0.028383411
14720,0.9833165
118982,0.15422225
40462,0.56216896
106600,0.12997288
50709,0.8607663
116546,0.7104462
92882,0.894478
111732,0.13094921
12894,0.09000303
100874,0.5851599
88957,0.00078768854
48263,0.28940907
38842,0.862667
25856,0.1499265
49570,0.5379458
6053,0.75225884
109015,0.039609298
47059,0.16251978
60109,0.62535936
46929,0.83389926
4873,0.84057003
119681,0.5020703
14261,0.082875684
91658,0.00065541896
74207,0.1933096
64355,0.8255285
20974,0.8265549
99494,0.094767556
42473,0.9629713
31727,0.9735763
7375,0.17549199
61116,0.9448779
75047,0.00053656707
18325,0.05219439
98991,0.09958558
119956,0.13193567
91627,0.00078127487
91757,0.04211486
45771,0.25134254
123114,0.7799205
14154,0.95239484
41676,0.097894266
65020,0.91895264
123207,0.9488757
55798,0.91449136
105931,0.8350586
60487,0.9026192
89740,0.0006943035
44386,0.9930432
93092,0.98727
73904,0.13260803
38771,0.9293557
35496,0.9761787
16869,0.4569307
111796,0.13644849
34923,0.88632464
30058,0.058656726
117048,0.37368163
76311,0.00050545414
3225,0.8810988
52553,0.5595364
59551,0.97367257
114136,0.11357429
111797,0.086190194
86611,0.0008235717
113055,0.71846443
99186,0.12323305
53382,0.8738099
63172,0.9314681
4379,0.78567725
48991,0.97984135
76690,0.00034602065
73305,0.35725746
90244,0.00079148135
66944,0.17589675
102250,0.33169177
32623,0.98849946
73622,0.15056054
40207,0.928901
78899,0.0006472616
42570,0.932124
71048,0.18524292
66723,0.81234366
44425,0.9935668
23270,0.8169743
97714,0.7231743
51082,0.14093271
92189,0.10507863
31854,0.947384
25043,0.55653787
10101,0.40140188
118365,0.7675268
16418,0.10422372
116039,0.554712
121021,0.6000156
58787,0.85556316
102953,0.15902612
74187,0.16546501
26524,0.74809724
67351,0.4611539
17039,0.17315774
76790,0.0004653896
58345,0.9904303
88101,0.0008235717
17583,0.5325384
11166,0.10494027
13669,0.45731536
52328,0.19213514
103772,0.40481496
36370,0.9818657
16972,0.596812
125142,0.8790752
113756,0.6458947
40356,0.9898914
19060,0.46089646
47756,0.10109816
33008,0.049301285
93218,0.41130334
109004,0.07180625
84487,0.0007546685
116931,0.6978227
30230,0.9420715
4036,0.16443852
54189,0.17525414
57594,0.91516536
51185,0.60697967
104370,0.24212177
116013,0.6515231
13805,0.8131992
62050,0.7824102
26340,0.5122362
95685,0.31289554
29939,0.03996479
58931,0.9093273
5561,0.7787913
24641,0.4686739
54984,0.7707559
76588,0.0004373936
121156,0.3376644
1388,0.7561728
99399,0.788391
114457,0.86256397
75699,0.00031537347
46,0.8887226
88031,0.0007368149
67122,0.27922654
118290,0.10793822
44966,0.4686907
58460,0.82535565
50043,0.16159567
34440,0.97288966
6520,0.13837317
70808,0.29994565
103388,0.12809084
5970,0.068228535
12126,0.049804997
86539,0.0007290488
51231,0.18298835
31549,0.46863
11592,0.77657735
88388,0.00076246867
16463,0.6907069
93998,0.650099
37319,0.9410236
102065,0.15304787
12421,0.113229424
49298,0.1959032
97429,0.89857006
64793,0.6960566
65461,0.47433367
116961,0.8406064
2225,0.33657977
71909,0.3349552
22929,0.7451912
11967,0.09879511
29367,0.13886516
110549,0.13465458
98422,0.1203285
87118,0.0007564102
31682,0.38208044
8128,0.6056584
5413,0.8194764
87797,0.0008580976
5640,0.9852565
21175,0.04346883
114486,0.18150522
72287,0.60132325
31088,0.91516805
37138,0.9522466
30635,0.9880311
11223,0.885978
38899,0.69118065
22954,0.98440266
46211,0.9870695
28940,0.3879374
106357,0.9884956
52608,0.84338677
63410,0.9242182
120211,0.7314109
36332,0.8015022
18315,0.05219439
49496,0.0915827
113662,0.7227062
2991,0.7638009
23442,0.42369312
68010,0.17786099
75549,0.00044739258
238,0.08248421
71871,0.09790888
47869,0.8347411
58166,0.7882012
32485,0.17620648
60386,0.94472975
107307,0.9114538
94800,0.15073708
29848,0.096687116
49430,0.62303525
14747,0.9867638
17006,0.61330754
98803,0.10603115
116196,0.73655933
26894,0.27114052
77931,0.00035620132
44610,0.9901162
60046,0.23099731
95343,0.2289017
32647,0.99394095
73113,0.12902942
71006,0.7031664
36857,0.46116573
96599,0.88263565
116023,0.8842662
44671,0.95385575
104402,0.3679114
120857,0.433067
15338,0.15596564
49410,0.95564187
29760,0.96730185
40048,0.6532186
75071,0.00031537347
15434,0.96712095
40134,0.90655833
44291,0.9155098
102074,0.7684211
87141,0.00071180094
42031,0.9697852
72368,0.72083724
82450,0.0007963132
19940,0.5164698
68831,0.058783997
60380,0.9420338
46654,0.974648
31556,0.48512405
66584,0.06533301
94126,0.8218852
109702,0.025373364
6005,0.06511776
98322,0.5787805
51398,0.7529169
114444,0.8347181
4878,0.9049099
52743,0.78584856
86081,0.00082804007
36926,0.83801246
119532,0.4388226
94875,0.21285628
8620,0.6430334
93812,0.6908437
79016,0.0007086681
42494,0.94692093
65054,0.8682229
108768,0.057481922
14504,0.98669064
46013,0.91174746
91324,0.0008000424
70468,0.057428498
44299,0.503037
90737,0.0007364278
108937,0.20660387
11109,0.054566294
21889,0.94549155
31306,0.1200588
57370,0.779137
107091,0.983133
29778,0.39281425
4510,0.7455817
115074,0.69779646
24580,0.08036348
29043,0.89444625
40552,0.6371659
3677,0.10414657
9922,0.31900638
14293,0.058369737
97730,0.09283579
111897,0.75281405
2496,0.5869364
3078,0.22778799
84098,0.0007564102
62064,0.9548453
24745,0.9429671
35287,0.94396317
30685,0.99379706
104776,0.21754585
67792,0.15465118
109213,0.017228683
77977,0.0002839245
120513,0.7148597
124351,0.8630457
83103,0.0006564047
53026,0.79838246
2700,0.24464993
41232,0.5508323
89886,0.0007341236
101659,0.9031507
75255,0.00031537347
111729,0.61643165
26934,0.6755601
39175,0.99461466
15760,0.08474875
38094,0.9932753
15512,0.92524594
55949,0.89585185
96759,0.6212263
20910,0.7877923
58533,0.8926353
91164,0.00072447944
106453,0.38856035
17896,0.9406228
62799,0.63482404
52186,0.23207872
92330,0.40925124
109354,0.022554021
87773,0.00079148135
74942,0.9226361
94670,0.23865376
63162,0.8739342
94461,0.13000233
105124,0.67210853
13487,0.28376684
111360,0.39816755
76312,0.0005029102
92209,0.49726984
121231,0.90581053
13991,0.78314126
7188,0.29126376
104719,0.43651322
73319,0.111587785
103752,0.10692059
66742,0.46062633
67532,0.86202496
75360,0.00035620132
28804,0.8645434
2237,0.8909417
23083,0.741545
82784,0.0006564047
4516,0.75583106
23443,0.7846494
67499,0.40188774
55498,0.8667941
82555,0.00083159946
35931,0.9527187
71804,0.4911892
2119,0.13244174
105884,0.6486927
41309,0.78008413
56430,0.8315339
92511,0.3491407
108512,0.381047
58806,0.86664015
105927,0.36110476
91776,0.034316774
33152,0.11927927
97776,0.40878507
70749,0.13474889
105229,0.15722653
119013,0.7686713
10959,0.44694343
19717,0.618842
122897,0.112775765
60570,0.53071713
76743,0.0005029102
325,0.5297488
12335,0.6170182
22729,0.5341012
74992,0.00035620132
104335,0.35459474
48796,0.9497611
11930,0.072452456
84550,0.00078809354
108042,0.22673222
54488,0.25471547
113704,0.75906986
39145,0.99428034
117458,0.20999411
112713,0.54973495
112094,0.6000434
33916,0.91460043
38621,0.6258042
62084,0.9716271
62286,0.84731084
39467,0.6632088
71650,0.15244684
79843,0.0005443886
84676,0.0008506706
60302,0.92496854
94518,0.65724504
117850,0.42189816
110975,0.09109946
74728,0.31105
36991,0.97567934
15669,0.07963248
102013,0.35941985
46072,0.43045923
31026,0.9805925
25775,0.16907963
83511,0.0008397583
17165,0.6353195
19831,0.7251883
111618,0.12630156
23293,0.88249654
74309,0.6760849
31589,0.9185179
75383,0.00031729968
20805,0.9153954
56338,0.9609866
25446,0.44810566
46938,0.9053912
27387,0.15017864
60332,0.69892794
90866,0.00083159946
73932,0.18867119
90969,0.00073276967
65735,0.8567555
31402,0.8508067
99197,0.12560701
62696,0.7911691
78182,0.00031402273
80549,0.00063335657
23286,0.87602586
16519,0.73068684
16063,0.10603111
43989,0.91286
55187,0.5595929
40103,0.103891864
51614,0.66172844
89619,0.00078357285
93024,0.8482916
94517,0.3110779
76071,0.0004401705
124608,0.87625766
16699,0.2985622
98597,0.6472264
63111,0.9295054
27363,0.6683078
108987,0.06908677
69028,0.66779274
119259,0.7576815
20542,0.2420649
6900,0.17572115
93263,0.2258291
114144,0.12519027
79784,0.0006167173
36224,0.07201016
37143,0.9793355
73925,0.474546
69956,0.4718988
84893,0.00080775796
2582,0.20629062
46697,0.9855884
30944,0.92152554
10589,0.07080241
19895,0.08412878
118581,0.41346493
88615,0.00084145763
12103,0.45087728
95568,0.5140937
45235,0.3304127
23848,0.036856126
21299,0.0793697
52259,0.72600156
92294,0.106239974
124448,0.8860975
64344,0.39924455
14867,0.8099451
113356,0.0965919
99612,0.69897693
117085,0.21181218
103943,0.46400186
31761,0.93220717
73985,0.14005698
124768,0.19120194
63012,0.91808945
81874,0.0007564102
4973,0.9901473
54519,0.47486275
90916,0.0006801141
75318,0.00033549085
50200,0.15819418
28520,0.5279585
65464,0.4396594
20164,0.7006388
18089,0.93801236
63833,0.16024221
80061,0.0005012368
36543,0.94187486
53243,0.95192134
103213,0.21986821
67374,0.62025774
108466,0.15055406
91712,0.0007341236
1479,0.5277971
96995,0.38729686
35497,0.9726989
12406,0.49815845
74941,0.9226361
68192,0.65313333
114708,0.80176413
123387,0.792279
20780,0.89642453
122815,0.12802345
123893,0.81661683
71124,0.29666266
73479,0.50829124
38934,0.84187376
110794,0.008333142
119965,0.7378326
82825,0.00061072415
2227,0.7408505
20485,0.7834753
18408,0.095444866
14431,0.76840824
121319,0.6038539
112961,0.506056
37749,0.9708868
102892,0.4140173
46974,0.48950717
13854,0.4004904
53181,0.54732096
116458,0.811167
42410,0.91868275
99577,0.5908864
45575,0.54512316
101488,0.4728505
48430,0.9861498
122167,0.83416414
94675,0.2237682
54876,0.8794961
122880,0.14137608
28332,0.14501067
64203,0.48311967
103440,0.3803192
66619,0.06501394
65808,0.60583967
119217,0.38067365
85117,0.0006438031
1868,0.8314449
94241,0.9900776
7206,0.059434123
81099,0.0006118527
41920,0.95497614
101602,0.4928166
76468,0.00031537347
71301,0.85310113
25129,0.9792062
86827,0.0007629865
119000,0.2595842
65802,0.60583967
7490,0.10410249
48945,0.07768338
118930,0.11225601
2422,0.44578153
112537,0.454723
103714,0.37334758
109509,0.15875745
51022,0.7935308
30365,0.9838653
27806,0.3862869
12485,0.43119407
27460,0.18708064
20000,0.9377512
26700,0.5350792
105029,0.10102889
118055,0.9482218
24134,0.033852793
80466,0.0006167173
59434,0.9325889
72464,0.13780473
20130,0.058957428
90984,0.0008937862
36434,0.5781154
117846,0.57965463
33433,0.20788063
102513,0.06782911
106848,0.9743121
54386,0.87893033
96,0.4011664
5717,0.08964994
95752,0.3733942
75105,0.00031537347
7131,0.075469576
58826,0.54629886
25131,0.89235216
67207,0.102229476
117913,0.17220579
96424,0.17755291
18666,0.6076256
43881,0.93050957
50069,0.17411953
63426,0.92966837
86134,0.000599882
119101,0.35595694
1069,0.1416242
76277,0.00031537347
9578,0.8792116
56490,0.9168558
58850,0.66235644
14757,0.9935499
103387,0.11959615
46936,0.8518531
80630,0.00064823887
60287,0.91880965
122254,0.19984587
93979,0.14360541
31110,0.5460627
49604,0.7362645
33442,0.08644102
78359,0.0005845967
66493,0.07358455
57837,0.7686079
102869,0.09891394
24530,0.036856126
72665,0.12592983
41466,0.95387495
33036,0.33900377
102415,0.067439325
103696,0.25406018
59122,0.16859864
85688,0.0006118527
91833,0.011317435
20622,0.92156804
79152,0.0007855975
58066,0.79819137
79257,0.00070702017
124262,0.90804905
61611,0.09810891
20718,0.07739397
22177,0.9873267
110507,0.022527058
39980,0.46192786
115694,0.14654425
88046,0.000793193
48003,0.6889441
32593,0.9700697
70106,0.21738757
20589,0.07739397
71463,0.6456143
124381,0.16923612
82791,0.00061785686
36848,0.9432252
73981,0.18448016
55353,0.80556995
92949,0.78498095
66059,0.17497428
18441,0.09405474
108032,0.13146624
55925,0.485066
9545,0.55083776
103883,0.5889199
50401,0.122136354
102421,0.09124604
111679,0.08125626
28807,0.78376186
64400,0.47426802
56690,0.98362434
18302,0.5823777
94318,0.37091845
80553,0.00063335657
121775,0.24506418
95728,0.7699841
7249,0.6885404
122870,0.3847688
77039,0.00039761982
3089,0.18844117
44357,0.98567015
35676,0.9931578
68603,0.12140976
38997,0.9296956
122053,0.6950344
68112,0.62892455
8393,0.09222482
53131,0.7947433
36737,0.49279884
5755,0.548985
98123,0.4697314
13358,0.09404046
103155,0.2332368
43280,0.48325205
64999,0.91895264
118779,0.4659205
102374,0.13313295
19259,0.88625264
33956,0.957988
12299,0.5727684
109160,0.016323483
11528,0.06405248
82885,0.0006855158
4600,0.76872075
88199,0.0008127534
58508,0.9083037
35057,0.59707046
72058,0.41546422
114082,0.1261102
28908,0.83686405
80059,0.00057668705
49609,0.7635932
35972,0.9703763
104094,0.3230726
13644,0.4206645
70486,0.19902697
12268,0.15320702
52915,0.11333673
124830,0.924225
110418,0.07729842
21441,0.89688534
40965,0.9684532
82770,0.0005845967
76792,0.000497984
14578,0.99169874
66580,0.07634505
27707,0.44140542
28450,0.09653047
121922,0.8896371
39770,0.9335117
33503,0.45375982
48620,0.9456446
22793,0.5295678
92387,0.21103288
36967,0.9008753
360,0.4892689
67943,0.15193403
560,0.9028007
71638,0.60187894
106752,0.42900994
19078,0.83217967
63642,0.9344202
38501,0.12804754
8063,0.11558
109745,0.020621678
110388,0.022656398
4791,0.38792384
57775,0.57008517
118654,0.63965183
73350,0.100305445
11545,0.09141255
59363,0.894174
101933,0.5566702
74996,0.00049127254
11105,0.059950907
95363,0.23483224
93051,0.78480816
85191,0.0006118527
104411,0.19258682
105394,0.30836222
57290,0.92929024
7335,0.71031415
69211,0.6342498
102381,0.04706609
119938,0.7376707
73174,0.36692506
53914,0.41303223
70989,0.15922126
13511,0.38503522
10271,0.103605054
891,0.97753316
91676,0.00064497336
89013,0.0007321471
8798,0.3775686
108286,0.42204306
16940,0.549402
46817,0.05825224
61762,0.9101913
79501,0.0006312236
121161,0.20330411
18213,0.9600654
65917,0.5780589
46868,0.92779475
55215,0.72644466
86846,0.0008937862
121418,0.52882254
26858,0.9506031
71764,0.0604013
56050,0.90776116
60458,0.4821183
87942,0.00078799896
39540,0.41791904
98820,0.13112243
123383,0.81041485
50855,0.71872663
117507,0.65264475
62342,0.9372979
115012,0.50594753
38297,0.92983985
12637,0.59641445
83586,0.00081929326
106203,0.8903927
41052,0.9155735
99692,0.4346195
7835,0.41737965
53578,0.71809095
67185,0.064796865
34165,0.4768584
68406,0.57724744
99065,0.5981218
13230,0.3825721
95528,0.14673968
27202,0.17153464
113115,0.1701257
46212,0.9870941
81834,0.0008000424
82700,0.00078768854
79379,0.0006167173
49757,0.88576865
48156,0.8313183
94175,0.9590888
86947,0.00066663435
41392,0.6134558
84384,0.00082815485
69332,0.51472443
71243,0.18347542
42130,0.96380657
59599,0.9790892
9632,0.6387823
20880,0.07739397
28149,0.89187634
3393,0.119415656
51620,0.74748826
105979,0.96650434
9741,0.3209896
113776,0.07496031
122227,0.10156789
89204,0.0007057381
100586,0.5815438
94806,0.1332818
800,0.9134653
41691,0.92293084
30349,0.9829531
67282,0.63479346
3157,0.4383438
51764,0.212228
101079,0.30465925
57205,0.35477507
15606,0.7992897
11700,0.34354573
40374,0.9900137
16485,0.5370333
115966,0.20533809
89201,0.0007203783
24529,0.032167636
72846,0.59603214
79793,0.0007841487
102861,0.13549796
91465,0.00065381895
11591,0.24839237
93014,0.87807226
36457,0.96135986
33085,0.93424267
113789,0.22764924
106641,0.68921286
72985,0.8638726
13072,0.963085
106868,0.9861458
57561,0.85828024
81815,0.000640846
118890,0.8751315
37401,0.56235373
123584,0.80033904
84534,0.0008937862
55307,0.89728415
108280,0.1781007
119009,0.80969816
41867,0.12784174
45732,0.8827654
31512,0.9415726
66908,0.14768332
26676,0.9423849
51509,0.73218215
76222,0.00031537347
56432,0.8633592
106903,0.9928565
62885,0.8769005
185,0.39103696
40567,0.915021
97903,0.10823456
101880,0.40090007
66738,0.46062633
56958,0.98239833
11939,0.39549512
79146,0.0008150794
121244,0.76876813
75396,0.00049124565
83041,0.0005973758
30731,0.87134093
16029,0.06647793
98581,0.10086344
43610,0.92646766
27750,0.32131007
89574,0.0007341236
116589,0.89712197
117616,0.81470007
31010,0.9525326
68943,0.1123347
124213,0.58020055
122157,0.25664452
17899,0.63446516
79739,0.0006602297
120595,0.51735854
105110,0.16307527
84732,0.00079148135
124604,0.773673
7639,0.6355707
19057,0.15501858
45690,0.9538013
114530,0.36968428
58681,0.8064173
26050,0.4300385
11329,0.7121957
88966,0.0007963132
49224,0.49590465
56825,0.470716
75401,0.000477207
62534,0.9803689
76125,0.00034602065
3899,0.118400835
42930,0.9798307
119535,0.26006147
45143,0.11416912
8442,0.414282
60936,0.87580687
27971,0.84715486
102402,0.49572647
119975,0.7924087
116806,0.8966678
4329,0.8385273
59074,0.90863633
12691,0.06822984
64833,0.15468009
107322,0.97038233
61713,0.86683494
44260,0.96132463
104959,0.11562998
117146,0.6062239
40711,0.9579094
66668,0.19820628
54019,0.44470644
69972,0.1921375
66729,0.88773197
105833,0.16643308
82934,0.0006118527
18764,0.87871796
114365,0.2934362
81027,0.00074761285
122443,0.72195953
5121,0.9964014
19286,0.36738238
70725,0.40947336
3631,0.17763409
7391,0.19607379
111066,0.143568
45419,0.9413407
56741,0.9521903
94656,0.31847933
64970,0.18834278
58979,0.7644873
74154,0.10170296
112223,0.86634654
70068,0.108327076
84369,0.00082815485
86497,0.00059321127
77442,0.0004858331
42673,0.9719648
20134,0.04346883
108922,0.05217169
117438,0.098806806
84316,0.000628048
6260,0.4044194
62241,0.9358321
28542,0.21302064
73316,0.42842826
57460,0.8019062
48140,0.8967116
84834,0.00073023327
114450,0.6911624
10180,0.15732107
55440,0.3889935
23480,0.100886516
96346,0.19365685
62928,0.27064788
62807,0.56990147
52284,0.16334811
93287,0.13820712
34358,0.1873406
71167,0.37218946
51984,0.16424344
9658,0.37037066
74302,0.20838997
88671,0.0006477559
97305,0.715643
109978,0.15962048
87721,0.0008129788
52163,0.19786718
26723,0.8598063
107725,0.1936831
5933,0.08181481
77327,0.00043795496
11890,0.08581744
61830,0.19859971
116782,0.70865744
10641,0.34515768
93808,0.6513421
25710,0.8035818
18771,0.9811178
8666,0.16297019
28052,0.12527014
70900,0.15165873
78621,0.0006823
10353,0.5128422
32137,0.6433771
5483,0.527602
105476,0.27031064
105155,0.85447085
19829,0.22272141
4427,0.77191335
54118,0.8235741
61120,0.96885824
62876,0.21894053
102052,0.15227857
93870,0.116586424
106770,0.92107546
17939,0.9676637
8032,0.17038037
12771,0.6128504
84344,0.00070799043
32501,0.8299113
31629,0.94927347
113869,0.4161552
33905,0.43887126
77223,0.00048375293
92828,0.4692135
89687,0.0007054926
122638,0.23661186
9413,0.51307034
41032,0.5692333
105395,0.29341447
14403,0.9783402
123247,0.92778677
74030,0.15867545
89812,0.00073276967
102635,0.63086754
14048,0.40650502
2981,0.49797794
37426,0.4845543
4726,0.75144076
23681,0.9845717
30798,0.98540246
8360,0.4071377
93814,0.38330144
45467,0.923545
20027,0.97945595
59195,0.9111178
50992,0.1681578
47428,0.7742547
89571,0.00071675575
86223,0.00061072415
111113,0.59914964
45688,0.9604001
42652,0.9164259
114340,0.06820136
19018,0.49720016
103357,0.12304642
30066,0.060769796
86740,0.0008129788
46306,0.99065864
11477,0.20440161
99994,0.54266304
13963,0.04365129
123895,0.7348183
53240,0.93549114
62664,0.87795913
27949,0.84010875
92139,0.43621325
37903,0.9389156
45882,0.97340244
41693,0.95354545
76183,0.00046739087
26637,0.903619
58710,0.85897386
82297,0.0006321884
69251,0.86221296
95469,0.68576336
92143,0.722814
78295,0.00070702017
39821,0.64888453
113581,0.60397
40680,0.97267705
102986,0.047976114
46867,0.9233479
20062,0.039997146
30701,0.99410146
110977,0.6962744
28044,0.12106652
77104,0.0004858331
123045,0.4048722
79126,0.0007841487
50843,0.86038274
55200,0.5429028
62037,0.8963649
24631,0.79565644
99960,0.72177094
61488,0.34102535
96739,0.9533799
61173,0.94931006
6412,0.7701567
61370,0.65410507
55540,0.81821936
48228,0.9805325
53668,0.35791993
95558,0.78964484
28009,0.35734445
122329,0.87692654
36785,0.9752387
69409,0.5049286
74316,0.16371143
5634,0.975273
120589,0.69486994
16158,0.08312945
59534,0.95863146
13089,0.9788978
45214,0.07190649
82079,0.00061072415
43251,0.8895505
17271,0.2061825
85745,0.00080775796
30604,0.979322
105592,0.10705376
122786,0.25209284
58480,0.86024964
67551,0.16361083
89396,0.0007963132
120091,0.08130682
26357,0.83795404
50046,0.58142775
109470,0.015541949
123735,0.8544162
75718,0.00031537347
784,0.6463415
105170,0.2414966
99671,0.48850375
116593,0.78078175
87801,0.0007629865
63032,0.27537164
70908,0.34644625
68188,0.6482387
111935,0.0939298
94689,0.18395108
25604,0.02520889
47148,0.10717832
21839,0.91311586
99452,0.11432391
23953,0.39972576
80543,0.00063335657
99382,0.31371856
71520,0.33371833
36501,0.94835275
19164,0.9413407
25536,0.8855575
15245,0.11666523
67492,0.6015279
48965,0.8426926
90181,0.00079148135
91160,0.0007290488
4020,0.10562665
6100,0.0934248
47718,0.584951
2054,0.8908735
18444,0.37865978
41832,0.7782431
87895,0.0007737849
113721,0.17909719
22564,0.05493431
7723,0.108432345
4899,0.9450677
81662,0.0006321884
18313,0.04346883
105981,0.9516587
28786,0.89299774
124297,0.93338895
33291,0.62663406
61558,0.7457434
1351,0.93363786
74199,0.6931429
110610,0.097358316
33449,0.2947448
80379,0.00067568896
94204,0.9595803
92052,0.01705016
51971,0.08585813
38299,0.9525272
124905,0.9176064
98402,0.09377894
60485,0.89861566
63991,0.65440404
29825,0.8921622
30932,0.53850603
3976,0.45103118
5882,0.06718315
56099,0.9519705
36473,0.20356353
111055,0.14391613
37662,0.97298783
77529,0.00042132943
17276,0.19953115
50958,0.7538693
79849,0.0005443886
22367,0.8875953
75080,0.0004396063
93573,0.18037005
50732,0.416744
106297,0.7980094
61532,0.9291625
68158,0.5346699
92957,0.89716727
12920,0.36936587
9618,0.6387823
123678,0.81876343
73919,0.14784479
9206,0.13143337
18800,0.9379504
30945,0.9263752
54467,0.48248774
88037,0.000793193
75835,0.00031537347
53062,0.81828225
28347,0.30186075
117151,0.13640812
23267,0.8944652
77623,0.00031846922
88210,0.000791455
76033,0.0005029102
118565,0.42829683
63795,0.24705423
59940,0.8953814
119592,0.6396415
33732,0.09219059
101890,0.3146385
12503,0.106965356
109551,0.01590795
41228,0.99402034
71235,0.15937692
123414,0.8908347
66486,0.5316075
120357,0.20029546
23577,0.9736345
69887,0.2440439
95978,0.14758025
86490,0.0007771049
59446,0.90924233
29590,0.8965571
6548,0.06295499
45200,0.053623762
10158,0.069232695
104340,0.52501076
107611,0.51587373
110342,0.21546526
1781,0.4045154
26621,0.42875138
17777,0.91605514
26892,0.28430676
37813,0.5446482
9444,0.8388639
72051,0.23572998
46413,0.93662024
92595,0.083384156
6107,0.08999538
59643,0.9941362
55644,0.22024886
27280,0.40965304
43681,0.93023056
22307,0.84981257
42501,0.96463346
11236,0.7155381
113288,0.096016794
111702,0.10119793
49067,0.40775368
83983,0.00061072415
102710,0.101872005
52692,0.13721433
100796,0.17191754
19105,0.5682526
86617,0.00085605605
101152,0.4626072
24813,0.548203
81082,0.0005453946
20921,0.26280254
70886,0.60955185
86159,0.00073158246
114088,0.5013999
88873,0.0006830381
34832,0.86059
95827,0.07834974
50454,0.49657807
100597,0.5055688
68128,0.36543116
118112,0.7322948
42726,0.94373184
69065,0.35754386
100151,0.41678098
94798,0.30181855
114872,0.7141069
3121,0.11306582
122354,0.8134015
54226,0.5721167
100464,0.16360278
38866,0.97024196
34445,0.9775209
65281,0.32596773
62381,0.92697704
81060,0.0006219447
43691,0.85306126
97607,0.4055364
124113,0.47656578
48727,0.97687656
5120,0.99338335
88993,0.00068177836
41226,0.99312395
27658,0.29490203
109749,0.023319764
42078,0.112318635
84607,0.00061928213
75806,0.00031537347
11221,0.86598736
51646,0.09416627
2121,0.1276311
118564,0.3881564
117694,0.5466477
102934,0.6236058
47107,0.078231655
34553,0.73563105
79197,0.00063335657
6730,0.49433815
27778,0.1727393
120226,0.63965183
95582,0.70146334
32436,0.5722025
45078,0.9801819
6355,0.72405195
5161,0.907527
66217,0.07544925
31239,0.8608856
25421,0.92204046
97940,0.74999905
18747,0.88946164
115674,0.48583615
112505,0.06724312
64577,0.11294437
31041,0.70253617
22066,0.9212564
66005,0.21062003
16097,0.5222274
26328,0.48663104
110809,0.012535019
21918,0.7539716
105944,0.43159214
99833,0.5164368
5555,0.05153067
74344,0.42446336
35634,0.9907933
110940,0.15598308
113778,0.8629106
59348,0.8765597
80486,0.00080381666
22445,0.97796476
29660,0.87809724
68988,0.13564266
67228,0.58482975
120501,0.79274523
95923,0.16637494
81186,0.0005856769
38617,0.9361128
12254,0.79793656
11994,0.065778635
48080,0.16728033
40587,0.6022853
14039,0.074669644
17468,0.9688297
71080,0.23770331
28691,0.8492966
109771,0.055567745
31857,0.97537565
5848,0.07819496
18657,0.86578894
122583,0.7864756
79212,0.00063335657
2805,0.12022384
82485,0.0006219447
3573,0.11878462
93610,0.5684441
16110,0.37737894
7665,0.3350341
39014,0.90831196
84318,0.000629512
72436,0.7201134
81694,0.00068678247
116204,0.29958063
87194,0.00079148135
124489,0.52288824
64974,0.14529938
14717,0.97458035
101310,0.41880378
68463,0.19738747
118349,0.17231311
43630,0.94225883
102050,0.34162608
113459,0.09809934
113848,0.69602644
70573,0.22853802
246,0.06979635
27847,0.31573796
17784,0.08448621
62158,0.8776439
52119,0.05178466
59431,0.5619557
114468,0.66533655
8153,0.30835646
35347,0.2056687
42830,0.09470243
107442,0.21427497
114707,0.87894803
15851,0.09216919
41077,0.49807718
43871,0.5121168
62836,0.5081851
98221,0.08030755
97790,0.32113665
108649,0.5679427
118532,0.1858168
97823,0.5033275
39554,0.9540108
66546,0.39683875
48012,0.13638243
91953,0.20150666
46931,0.9447995
56630,0.82504493
29686,0.5347447
83824,0.00061072415
70168,0.19240624
105538,0.42199826
29384,0.49661016
48157,0.59392345
68169,0.34728482
30430,0.95425916
122691,0.819093
57609,0.9308368
107679,0.2637649
40516,0.98194766
89878,0.00068177836
98986,0.13828309
34890,0.45911312
25121,0.86908877
117555,0.62504345
98562,0.100407444
60268,0.92799205
8060,0.74307394
105626,0.15682589
87162,0.00079148135
28365,0.8835775
70125,0.5770386
103021,0.17064224
11920,0.8435277
58983,0.85439444
51388,0.21528228
9094,0.19774543
41510,0.9868913
17056,0.17998475
25319,0.11220263
101172,0.38925192
87545,0.0007564102
52551,0.6396665
15369,0.07460372
69601,0.6838229
18731,0.7668138
56331,0.9558235
119795,0.4720651
108111,0.14870477
25187,0.9919259
14636,0.39814293
43214,0.92984265
49676,0.8848046
55334,0.8655875
60100,0.8061796
91204,0.00065541896
14493,0.9660772
13399,0.4450952
83868,0.00061072415
67886,0.4431151
123251,0.9143688
9869,0.39069954
31771,0.9189417
92084,0.60921454
30179,0.06300127
77965,0.00031729968
94494,0.26824877
54552,0.09260741
29157,0.85051095
121666,0.8096543
2355,0.6366874
25259,0.5747292
8283,0.5662376
21298,0.076718345
20165,0.7006388
105365,0.3861916
47514,0.33855423
28186,0.3801469
104581,0.19875479
13818,0.39529097
62426,0.93306124
89052,0.000666878
1145,0.94767094
10710,0.16503276
32631,0.98979867
10015,0.13130443
18045,0.92853767
40206,0.44953465
84018,0.0005599444
111058,0.60705924
63824,0.94821984
60580,0.95108503
118202,0.14067231
35354,0.39991423
104285,0.5012618
70875,0.19848761
113593,0.079250604
27928,0.21143007
24931,0.65202826
66353,0.15141453
47537,0.9553798
112373,0.6360223
124127,0.7536291
121140,0.711879
48103,0.9047269
1694,0.8826776
113120,0.81696314
104053,0.39231062
98751,0.047645725
49153,0.15758303
19317,0.5817664
13296,0.44746125
61118,0.9618054
2495,0.24882011
114775,0.7399441
85547,0.00068100786
11231,0.4465829
81058,0.0006219447
74638,0.6629486
37259,0.990573
58526,0.86174095
7370,0.35232738
30902,0.85407794
80485,0.00071265746
106020,0.40263116
60547,0.88820505
6462,0.76089406
30347,0.9790723
56645,0.92927796
119608,0.5718847
92695,0.14009197
17504,0.1763581
72914,0.4953806
55105,0.83802205
16538,0.7812098
86360,0.00083667604
100396,0.15149646
62655,0.17058364
28695,0.5362552
15772,0.47368655
63785,0.8968143
54571,0.5212771
117547,0.8981663
59814,0.8640771
45085,0.9743964
117001,0.16586474
112524,0.21509509
89222,0.0007546685
18847,0.5588018
53219,0.8800168
100764,0.6545697
109750,0.11484307
24213,0.8614398
24634,0.46968186
103420,0.62037957
81817,0.00083159946
110553,0.23249595
72150,0.1266884
76136,0.00033288373
112669,0.080885276
41238,0.4504802
37222,0.9752583
104206,0.21680915
1929,0.89294446
80438,0.00076701277
15356,0.41008914
100352,0.42099592
38879,0.9550094
57733,0.736967
103069,0.1571611
110905,0.07359016
1020,0.9861879
26246,0.5936292
70376,0.5183618
93082,0.96206737
11140,0.39860454
122986,0.4993482
43726,0.8930283
25260,0.70427597
84425,0.00081929326
13304,0.36962876
10757,0.11296681
8434,0.1411185
34222,0.9483251
2539,0.050109524
998,0.9703738
74627,0.896791
30420,0.6852959
121016,0.8705092
94955,0.43012935
18468,0.7913109
81447,0.00078809354
109464,0.024102686
71409,0.12992221
99639,0.6196458
26680,0.91909635
26872,0.9377048
109136,0.1177798
17406,0.54581714
72552,0.44137812
67843,0.19533445
45517,0.13628794
40069,0.9198606
108143,0.85481954
91557,0.0009114602
25212,0.5979532
37049,0.9878148
49304,0.19198164
64033,0.8111482
111112,0.8048017
23826,0.45374987
93689,0.6792435
57347,0.88187
60635,0.92933303
22269,0.8828387
49194,0.5832818
2542,0.048454084
73415,0.4289149
77619,0.00031846922
113619,0.07854254
27056,0.45059973
118120,0.336606
77242,0.00048620004
49352,0.19327003
52179,0.1517967
2944,0.7576057
81087,0.0005453946
59433,0.92320806
37901,0.59236556
116765,0.86961085
122823,0.8425274
70045,0.5146771
111855,0.13590796
84891,0.0007771049
57952,0.8757171
14429,0.811258
80970,0.0007042563
90603,0.0007011162
87917,0.00073620223
12781,0.437566
109074,0.12769908
110775,0.013422545
10648,0.66740805
57726,0.77258384
45522,0.13878672
56457,0.2755166
102875,0.09891394
70204,0.39133793
111431,0.109961204
93594,0.34993836
102231,0.19587784
55924,0.34468278
85496,0.0006506277
106851,0.98022664
71115,0.21130186
82875,0.0007819564
79943,0.0005543911
48224,0.9700816
111874,0.074876115
25082,0.9473833
25410,0.537359
75550,0.00033618178
75713,0.0003376276
11679,0.34655988
111865,0.7579069
107857,0.48974255
99137,0.12901916
23592,0.38472113
58575,0.9284782
34892,0.8535338
39793,0.93220955
34217,0.9342687
46110,0.4592237
46820,0.50052345
6377,0.6840122
46258,0.979227
78430,0.00061482284
57024,0.9528779
53572,0.20214036
10862,0.40422854
5613,0.97319317
65870,0.9190936
55263,0.80319446
68354,0.6564672
49485,0.11280986
17265,0.6276779
62421,0.9376079
119783,0.5332659
7185,0.07352398
56231,0.82230186
110595,0.058216926
24995,0.5328579
90314,0.0006801141
36449,0.96210533
31894,0.9901342
36782,0.9796112
82538,0.00061072415
22477,0.9827271
88104,0.0008235717
36267,0.11918166
38651,0.98008794
26625,0.64468163
12591,0.1475637
87597,0.00079148135
69143,0.30293056
55737,0.7886875
49042,0.98742795
21344,0.9248607
102632,0.31414238
24884,0.05622644
39921,0.90964794
62505,0.54339015
77868,0.00050012534
121216,0.8341227
82737,0.00068846304
46580,0.9688543
117997,0.48231098
37427,0.70465314
114473,0.69256604
30017,0.054218262
21012,0.89666015
108661,0.1500447
97321,0.58304423
25211,0.8027545
117991,0.39632028
55348,0.81996053
82120,0.0005856769
531,0.44581857
26112,0.5762736
40268,0.11714809
45170,0.59767675
28599,0.873856
98435,0.57327515
38892,0.86817366
4965,0.9453593
66765,0.14456308
8003,0.32038417
111684,0.5458864
77154,0.00045737808
24263,0.5665684
97787,0.3155617
77257,0.00048620004
107859,0.4577625
75389,0.0005618452
34092,0.08420404
125050,0.0705275
27865,0.3034748
121655,0.8581243
109688,0.024371516
4290,0.7710153
11580,0.3439915
89526,0.0008937862
57704,0.88637716
112209,0.6024283
1983,0.18742591
21030,0.5993646
14796,0.99514055
79356,0.00061928213
69331,0.16488346
88416,0.0007057381
107058,0.9185235
73896,0.21233028
66763,0.102154344
31867,0.9864222
122550,0.17694232
72156,0.66237813
33285,0.4690088
60917,0.444111
1290,0.5838095
109897,0.049652085
116185,0.87254685
74237,0.3604597
90241,0.00079148135
88784,0.00068835414
85549,0.000614773
109634,0.014405166
63228,0.9693366
36766,0.94526345
67449,0.42552316
4520,0.7395907
102701,0.32507876
69151,0.8694333
97736,0.087185904
82036,0.0006649132
7235,0.42214975
19243,0.8926585
3993,0.337623
73356,0.10901515
121990,0.83195984
12257,0.36369452
56212,0.77259845
44785,0.102619186
58786,0.31250945
66895,0.47465903
70528,0.43283066
15322,0.33828512
76681,0.00034602065
103159,0.20940174
21164,0.04297608
10362,0.058211237
14669,0.97128826
32500,0.4946279
105507,0.270114
93550,0.14138602
90096,0.0006830381
14485,0.9706306
81703,0.00073023327
32540,0.9322333
116804,0.81181926
3813,0.49091372
124651,0.9669243
75069,0.0003396897
45745,0.06446937
2641,0.1510632
67869,0.14343937
11047,0.09075778
8805,0.112190425
87859,0.0007161467
9546,0.8682485
46694,0.98837644
76829,0.000445433
41827,0.47856855
98021,0.97237873
101041,0.43497935
65009,0.89620835
96875,0.7500196
26579,0.57839674
64634,0.79730874
86569,0.0007803426
86357,0.00083667604
93634,0.6891959
12222,0.81759876
47087,0.9505384
98139,0.3440353
77023,0.00033451512
50704,0.50065464
49756,0.89781076
48733,0.4956071
13116,0.30012566
19878,0.05493431
107391,0.15390216
92814,0.32427523
117343,0.7177566
100252,0.08342907
87069,0.00071180094
60699,0.9322445
940,0.907905
71715,0.38424972
53000,0.84014755
82426,0.0005609791
84308,0.000628048
62189,0.60197496
60008,0.05195455
63790,0.809679
111773,0.11904544
37948,0.9473549
122857,0.703057
26983,0.64497674
114721,0.078968875
20668,0.20265184
21900,0.95462656
61896,0.9009619
38663,0.9870918
102039,0.16511033
108554,0.67319536
57637,0.9126295
32863,0.89542747
81895,0.0007531723
64992,0.9226649
32946,0.048106674
18039,0.8991382
76015,0.00029045978
67095,0.6388718
40386,0.10017054
47777,0.30243185
46589,0.9795576
108008,0.14977103
104462,0.17377992
26011,0.79082024
9666,0.6917716
118832,0.7962227
7308,0.70600235
19264,0.45444873
120246,0.55893147
89110,0.0006943035
15274,0.12055724
2909,0.1377663
38487,0.09286931
66841,0.17328554
10696,0.15732107
78536,0.00071265746
97857,0.09426766
81392,0.0006776087
112652,0.6544841
54915,0.5485179
116409,0.51735854
84362,0.00081929326
11734,0.3346276
55904,0.53158313
84972,0.00079148135
50850,0.7444329
110202,0.14124806
57771,0.25984055
50806,0.1572974
20539,0.23768055
67989,0.5138737
28870,0.82586354
64743,0.9294464
38908,0.3931822
122024,0.88572925
58769,0.8627187
92398,0.16540797
10980,0.5449983
1724,0.123797186
28438,0.4144673
73663,0.5619401
67992,0.13301316
1513,0.9132269
43290,0.8618689
100114,0.69547457
64813,0.27630883
113423,0.79522866
84767,0.00061072415
1603,0.87819177
48989,0.9726247
113733,0.06610638
123487,0.90767056
19284,0.81857735
27857,0.12431662
71785,0.17979504
103189,0.65811825
61816,0.9500882
51058,0.19465071
87265,0.00084145763
69427,0.49684337
100849,0.16007046
98396,0.6470587
68499,0.6371837
100692,0.110067725
75865,0.00031537347
90738,0.0006943035
119269,0.45081022
118305,0.1498044
471,0.091761194
5975,0.08636689
56900,0.9812982
57405,0.54940385
67484,0.1877363
84134,0.00059430744
3068,0.30913958
34061,0.07421972
111539,0.09236627
20499,0.23946507
101238,0.5558546
80987,0.0005443886
49165,0.43151954
97516,0.8522779
78118,0.00043795496
8205,0.53742456
90803,0.0006943035
17829,0.91867834
65685,0.7522515
68924,0.2159816
4211,0.4602543
10293,0.45610136
74557,0.95633453
90696,0.00068177836
88622,0.0008506706
107841,0.19274957
80910,0.00069866405
120480,0.19818243
105829,0.1431795
46969,0.59293866
78582,0.00061072415
97293,0.49985167
46470,0.6587437
111928,0.1492276
14826,0.99535286
122519,0.26590878
114498,0.12705526
16401,0.05262366
116576,0.43104702
8752,0.7006009
119790,0.10243464
9798,0.16285539
29117,0.9160621
98585,0.09068681
96191,0.10591878
7420,0.18822058
4283,0.7427256
82174,0.0005609791
98887,0.13864264
107348,0.9853195
4051,0.3324482
66951,0.19408496
67231,0.16815074
29397,0.090181455
72636,0.62358445
43188,0.8278923
99049,0.5515795
59903,0.90624905
113096,0.08796839
115645,0.45180732
121566,0.9631715
98823,0.110177964
124884,0.9812571
27754,0.11111971
97244,0.50158054
103567,0.22524759
65295,0.91481453
71037,0.12467988
53877,0.8290461
113358,0.057733804
32021,0.9396038
22229,0.48988125
2194,0.1497731
99641,0.4836207
65260,0.46682566
105899,0.919965
67764,0.35040838
123839,0.72093
2001,0.45445132
86409,0.00080775796
37726,0.9199646
3298,0.21506941
103984,0.5360442
65410,0.14267744
57624,0.8745145
28902,0.8859341
2615,0.30055258
122353,0.47517228
8425,0.13256612
52422,0.36348656
26574,0.5315703
46405,0.9551868
44344,0.98656285
124847,0.9572759
110304,0.032220602
115587,0.37368163
68203,0.1844755
105198,0.29237798
47661,0.920282
98306,0.37479037
13622,0.7079495
38863,0.9532
68974,0.07045911
18080,0.80097103
5844,0.04956533
116524,0.23243225
69705,0.9786295
102926,0.6236058
29123,0.8825818
102825,0.53388125
56247,0.8315457
1487,0.556835
118219,0.7331831
19925,0.3835932
15142,0.15020786
44395,0.9831383
114399,0.49884337
44397,0.99452066
26805,0.913465
49048,0.98757744
48286,0.7445668
122323,0.86928415
71816,0.611398
100921,0.8710222
58185,0.95731646
19582,0.81439537
65677,0.97041005
12831,0.23287784
113727,0.2107178
3461,0.21824722
35206,0.959314
77713,0.0003264607
52926,0.4877775
103074,0.19860035
19703,0.6975137
102510,0.13219224
68701,0.082496665
61064,0.9115279
47241,0.8099341
64915,0.8440407
37114,0.5600004
17238,0.16471165
122526,0.79825515
77601,0.00047197813
9470,0.36146465
48113,0.9630819
58470,0.88129693
39471,0.33840817
52120,0.72219115
107280,0.35525748
34917,0.85346824
60035,0.8323389
89121,0.0007290488
48264,0.056815587
87587,0.0007564102
107107,0.986827
109696,0.03754721
118002,0.5602545
116116,0.77794933
88157,0.0008142549
26880,0.9580985
96333,0.7053486
60016,0.46652278
100913,0.86680746
71334,0.44072264
19326,0.66641796
1906,0.90300894
110801,0.01707957
113863,0.4420889
71975,0.23623025
20265,0.24510518
67604,0.48569643
26448,0.87696683
78924,0.00062499155
21467,0.93471205
72000,0.22201782
74636,0.5083478
26817,0.9298972
35222,0.9504026
104558,0.8733172
71961,0.12167
5162,0.95375544
11133,0.17809244
20717,0.36603957
45139,0.79440856
118119,0.87748516
35870,0.59236556
18619,0.37341192
7912,0.15380016
92851,0.32764485
49831,0.35683188
118822,0.7908801
62792,0.8187257
25555,0.47854072
44472,0.9951833
52065,0.91988856
118091,0.8628065
76987,0.00050545414
53271,0.54696137
96175,0.20685303
78114,0.0002842891
1048,0.9782348
29474,0.17857693
83110,0.00073995395
108702,0.012941721
115657,0.50317496
1657,0.15051457
73469,0.32725736
85472,0.0007161467
93180,0.41629004
48861,0.9476215
14069,0.053899214
36902,0.8999203
75108,0.0004858331
37070,0.98815733
24488,0.047339197
26592,0.776371
57186,0.84528494
101613,0.44527364
38855,0.94118553
43964,0.9264635
96785,0.5832467
5173,0.93124896
99099,0.5372994
105603,0.16706409
27635,0.51159865
23658,0.97529185
23291,0.8571171
83501,0.0006167173
54277,0.28469938
81235,0.0007413211
44403,0.99136984
90754,0.00072770426
123574,0.680759
66614,0.076889984
93683,0.32254943
59410,0.5610928
83984,0.00061072415
47891,0.8941
8907,0.63461006
55417,0.66626173
16719,0.6309154
38394,0.46986136
116557,0.769682
109801,0.024554396
112088,0.11286922
31071,0.41519365
99436,0.077312686
61848,0.415891
23864,0.84009725
62789,0.6977896
71887,0.18785258
114982,0.14812526
100228,0.5679248
109371,0.016733935
43100,0.47932732
98862,0.5537982
108560,0.74557686
93465,0.12103326
26603,0.81624436
100824,0.58510786
115544,0.45865223
120121,0.10666781
93067,0.954443
101800,0.42838258
122725,0.5746787
51052,0.117264
113355,0.06974914
117520,0.83530056
18379,0.037972298
46530,0.9822245
31892,0.9890754
112215,0.0951435
93567,0.16672233
85468,0.00059430744
7868,0.7491257
36937,0.88798654
82832,0.00073158246
111461,0.8271408
20794,0.20439073
116859,0.11275719
28354,0.20837282
75601,0.0006767255
89203,0.0007057381
25821,0.04273385
53913,0.17873096
125054,0.1782549
73206,0.23315075
34853,0.94656324
124855,0.97389776
85865,0.00064530387
77592,0.000493083
41517,0.6633735
79563,0.0005443886
22153,0.9812073
43398,0.89695555
93029,0.95791084
89269,0.0006830381
107600,0.15254365
47301,0.29787338
45110,0.98380566
14056,0.554613
73213,0.845696
35080,0.8285048
60042,0.19686876
76221,0.00031537347
96864,0.097539194
38398,0.9511382
28091,0.74421924
67131,0.23880237
22759,0.43218657
26377,0.5145825
97688,0.30689937
41421,0.9101283
124498,0.85761344
68952,0.059469562
36603,0.97131956
91811,0.009386948
79660,0.000649484
15115,0.06207438
6532,0.14020814
56305,0.92147094
10185,0.45201743
6269,0.3786325
75291,0.00048879994
37008,0.74142176
113942,0.8056907
108100,0.6830845
34953,0.48863363
36416,0.60431975
23659,0.9798535
16494,0.22323821
25169,0.9880703
28506,0.48813808
30387,0.98355365
76098,0.00044745955
39242,0.9695386
56802,0.17986712
72471,0.2851395
4627,0.631681
46325,0.12998597
41791,0.16188715
115413,0.13714804
20963,0.8531836
63605,0.94204044
36234,0.10176911
121932,0.59059197
99831,0.08438808
21127,0.52637166
11174,0.7064047
8705,0.09151122
14593,0.8554508
28222,0.36927295
24110,0.03375033
88983,0.0007963132
97677,0.21881968
22956,0.3853965
98537,0.094344676
108003,0.6377958
1159,0.95873654
37942,0.9563778
49363,0.16851737
83001,0.00066846405
109380,0.024658049
48746,0.92170525
26121,0.5385597
81733,0.00062072574
36935,0.7659812
3048,0.7378142
30864,0.4325284
6813,0.45242473
32830,0.869364
44857,0.948146
12498,0.5307218
54673,0.886303
64185,0.65232193
46227,0.93370277
45505,0.1793815
26132,0.40373075
84302,0.000603238
76076,0.0002842891
50081,0.1415919
50837,0.29812038
91009,0.0008481155
107545,0.8986827
7988,0.5241757
594,0.8505788
117531,0.32349432
17779,0.45880765
119609,0.65986687
46592,0.98472244
70572,0.39020208
79912,0.00065522187
120776,0.84341145
112265,0.47539428
85959,0.0007273746
39413,0.9761177
42015,0.94065446
51730,0.18622757
30997,0.9270153
104608,0.18796252
5779,0.50236726
66596,0.076319955
17133,0.3979584
30802,0.9875311
99011,0.37726358
84267,0.00069650303
25341,0.9371101
109092,0.014893785
50848,0.7547918
77936,0.00022460475
80184,0.0005443886
22303,0.86723804
71510,0.56801814
12562,0.36881706
21636,0.9415646
24361,0.38144797
102379,0.35515586
124435,0.89648217
16677,0.6325525
124335,0.781717
45382,0.5858785
455,0.67887706
29701,0.042091236
65502,0.51285195
47333,0.34231654
108476,0.14882632
28070,0.25518972
75368,0.00042806825
88052,0.0007290488
16797,0.17451517
107230,0.9951698
82184,0.0006477809
35252,0.98512566
79823,0.0005443886
56040,0.8617645
118858,0.17457941
62973,0.17498796
26326,0.48855555
50832,0.67157906
26792,0.9147215
112807,0.087448664
44632,0.9910501
39986,0.90507746
120025,0.23989944
112322,0.7965101
73038,0.92467374
43235,0.66976917
12733,0.13311963
19391,0.6864527
90808,0.00083175325
104601,0.20273617
79246,0.00067568896
26144,0.3896125
73450,0.353191
21665,0.73841536
79929,0.00061368884
109288,0.023076639
44243,0.91819334
505,0.86071754
44358,0.9906393
83058,0.0006564047
106918,0.9912168
72872,0.32172656
75410,0.00044745955
33342,0.9286125
82133,0.0008580976
33504,0.8839364
82127,0.0005856769
9264,0.20971835
25450,0.81345606
12112,0.10229812
7935,0.18038467
95776,0.4159119
110196,0.088786304
7545,0.16894434
109008,0.15690671
97575,0.20923354
122144,0.2291895
107087,0.9604437
48295,0.79331666
108403,0.7090652
69980,0.6107297
82049,0.00063080294
64712,0.9119435
47336,0.6847746
4308,0.87340903
83999,0.000743648
103053,0.10844887
15884,0.7288632
42115,0.9242978
106035,0.43625528
53522,0.17943065
16219,0.5278347
62270,0.9297067
44430,0.99592906
34228,0.9170304
58358,0.85092694
90419,0.0007290488
56796,0.6108042
57644,0.19418195
97829,0.5033275
101937,0.65802264
94052,0.7504391
108016,0.18828574
108320,0.7018366
10314,0.41268986
104209,0.26335198
51926,0.8915507
97024,0.7793639
110891,0.3506056
9443,0.83017033
6514,0.081932254
11831,0.059774935
105073,0.49364093
47375,0.9868487
101207,0.08206197
56510,0.8313443
68457,0.0640763
26354,0.09098782
115519,0.076820634
40020,0.4713432
9096,0.5889982
102262,0.42349973
58071,0.9062821
104075,0.19230914
83128,0.0006823
3322,0.35699353
97467,0.6283494
105305,0.39718834
78896,0.0006081095
40210,0.89699215
89434,0.0008506706
116086,0.82491237
124683,0.60349727
78342,0.00063210074
106270,0.9547024
29492,0.7940906
27152,0.80006534
55457,0.9076003
84336,0.000628048
9480,0.2512884
63660,0.9479467
2914,0.25939998
34729,0.7112911
82657,0.00073158246
56542,0.8316748
2690,0.41361904
79386,0.00069650303
27633,0.13887314
77357,0.000497984
7326,0.77155876
30237,0.9755962
122637,0.49280608
122894,0.14224477
98947,0.15058415
67788,0.05414769
72577,0.71002275
29467,0.62944937
124249,0.82155365
49125,0.15646571
41807,0.43039754
26466,0.51452667
59670,0.81188893
100113,0.398007
78354,0.0005845967
112978,0.3021659
16779,0.84210604
104966,0.12579075
94062,0.9439667
544,0.8678679
69843,0.13167167
120733,0.6849988
108472,0.20006853
16058,0.074489035
40060,0.52106225
110216,0.046637934
123674,0.22585005
1713,0.4328553
18823,0.9222666
13388,0.53547376
75102,0.0004858331
74123,0.1417402
92769,0.12985995
13748,0.6698995
118050,0.94735664
103720,0.40952104
61298,0.96297455
85857,0.00073158246
8925,0.35083225
122754,0.48757902
52527,0.12908256
67797,0.20976228
5886,0.15654467
5804,0.07728533
83431,0.0008937862
119406,0.07501364
34263,0.40067422
86407,0.00083667604
103618,0.16903383
60551,0.88614553
81505,0.00078809354
13272,0.07198922
75158,0.0004858331
20117,0.04346883
11036,0.061983597
90383,0.0006830381
124967,0.6279559
60591,0.42535853
50618,0.16447471
20052,0.70872456
79820,0.0005443886
4801,0.7559632
18980,0.058395714
66845,0.4944638
87050,0.0008000424
28376,0.17640924
95717,0.6726081
40385,0.50314075
99305,0.32209662
24660,0.4918883
39158,0.97754055
63522,0.9518949
11540,0.064267226
29893,0.04387407
8166,0.6248292
17306,0.12106037
92059,0.0118036335
22312,0.87606573
124670,0.25507838
62806,0.87243223
1200,0.9245742
95781,0.67095125
95280,0.0993946
3624,0.12464923
10679,0.5681247
25080,0.52980065
81445,0.00078809354
23282,0.8554823
109133,0.2288008
40312,0.93817025
93892,0.15134194
32459,0.95011616
45446,0.9276669
13073,0.9687404
84894,0.00083667604
38162,0.904709
113085,0.10981126
109705,0.027969263
99312,0.44174972
42340,0.5419297
94941,0.8883466
21008,0.75573623
86943,0.0008250931
78564,0.00070702017
8033,0.23851606
123823,0.12913476
114206,0.06961464
8536,0.727127
52112,0.54461133
36107,0.91389686
69347,0.23164816
60814,0.95449185
56350,0.63448507
117853,0.46714672
100348,0.20616248
66443,0.26016498
79322,0.0005973758
76114,0.00041177447
18329,0.11219807
78031,0.00048829074
116362,0.5597982
107908,0.22559538
21563,0.97591805
107191,0.99496126
26673,0.87494814
5754,0.7128952
27899,0.15678693
41744,0.15824607
104791,0.13737029
27249,0.18392569
8628,0.49136484
91646,0.0009170269
2179,0.6840932
50831,0.18600501
90849,0.0006943035
69977,0.19283016
59277,0.9164814
64926,0.87946445
67825,0.17316781
88698,0.00067342183
52175,0.6197002
83751,0.0008000424
121586,0.9825782
119753,0.3702076
95704,0.33190966
95642,0.58726346
106696,0.73188496
107854,0.4577625
81729,0.0006092332
416,0.904464
65479,0.23284934
68046,0.32869592
61291,0.982141
35630,0.98940665
89195,0.0007335781
79377,0.00085286854
68942,0.059774406
38558,0.91362226
55728,0.20583573
117307,0.7767129
51636,0.18408227
77108,0.00042132943
27099,0.16475229
113194,0.11714231
56524,0.85820544
112147,0.6225053
66078,0.19990401
21519,0.9544822
88267,0.00074567186
109319,0.043040726
15432,0.9498496
7673,0.16617167
60122,0.8937161
34859,0.9592043
82814,0.0006321884
102342,0.42783517
104028,0.15196805
589,0.25494626
87552,0.0008276827
1974,0.8751921
2852,0.21078952
39348,0.9162691
80250,0.00061928213
48593,0.9909417
7635,0.1711179
27292,0.4600782
95773,0.34977865
45845,0.8318181
64111,0.6793203
30223,0.87682796
9051,0.17953838
64284,0.74515927
43693,0.08714097
71442,0.15348066
16768,0.7354708
7759,0.6032005
63837,0.16811985
39663,0.95632005
79464,0.0006564047
113853,0.15206172
14559,0.98344326
106446,0.53125364
97622,0.5502765
55562,0.62997997
41849,0.9634477
61384,0.8205853
45624,0.95458007
85987,0.0006118527
36803,0.98400223
96152,0.44714728
103066,0.13455242
47004,0.87847245
72039,0.8657745
37508,0.8742874
27165,0.45111138
34180,0.48194775
90278,0.00079148135
36572,0.96463615
38970,0.9639118
39077,0.9880072
40400,0.5206887
26774,0.8759176
82361,0.00078809354
15361,0.12737098
58184,0.94215804
3859,0.4282187
96116,0.5894858
110464,0.028117934
65363,0.9613385
16906,0.8386563
19069,0.18527259
39255,0.9796051
32015,0.5578551
68110,0.24348815
119818,0.1019877
114605,0.38465694
18601,0.52690756
6654,0.16870777
55389,0.74403197
2156,0.3175532
42336,0.07344547
4349,0.9271914
35390,0.64053416
12620,0.5535819
69643,0.90026385
56604,0.8511816
13792,0.61103576
93252,0.63229907
3681,0.09937753
116954,0.820884
53095,0.77316296
116672,0.61213315
26172,0.50087166
123312,0.5922524
72410,0.59749246
117535,0.78721493
69892,0.22515266
30780,0.9695867
30958,0.968435
70947,0.97812724
82639,0.0006118527
12789,0.28972352
60596,0.4128325
10937,0.21501629
58629,0.98810136
46149,0.9307167
117813,0.78094876
6071,0.42538416
76733,0.000309773
98376,0.03911242
10573,0.047731765
111558,0.07528602
86948,0.0008937862
35448,0.97175014
121998,0.89794534
99115,0.55576676
75863,0.00047224926
124834,0.914189
122086,0.12658738
43603,0.9232624
12729,0.1342277
6235,0.18036063
1740,0.46446466
70631,0.16036148
23598,0.9436833
45238,0.25184837
75785,0.00050012534
61238,0.70070326
42681,0.98891956
66576,0.5710045
80628,0.00064823887
100193,0.69482386
40932,0.7997833
31662,0.92790097
113891,0.539155
72837,0.4035624
52606,0.18621771
101828,0.35684827
6966,0.7813087
19865,0.057894703
36069,0.91101444
121387,0.5639632
62605,0.8989116
68678,0.7130056
7789,0.18548071
89274,0.0006830381
90502,0.00069592183
10270,0.14616522
83387,0.0006564047
97414,0.86036044
54695,0.5886758
104360,0.19419579
71938,0.13188381
104618,0.24559142
9033,0.58474165
8200,0.5486992
13201,0.68851763
60652,0.9215756
51152,0.2389044
61275,0.9626852
65079,0.52280736
91960,0.10052687
16671,0.723098
122692,0.8036631
111903,0.23488866
14927,0.5432342
102131,0.66134953
109531,0.17190167
69432,0.16157983
95775,0.4133598
81575,0.0005777527
7401,0.13832162
56540,0.89164597
38463,0.82854974
104767,0.3757877
30704,0.99410146
119887,0.3502268
101676,0.10652721
78016,0.00050012534
9424,0.41529292
36435,0.93101376
15584,0.99401677
18011,0.5447863
66439,0.28868154
39041,0.98102623
49092,0.49944034
78973,0.00070399354
41780,0.08169734
58943,0.93889487
97709,0.10064548
75062,0.00034602065
2255,0.31684646
124079,0.10149616
25045,0.94194096
23675,0.98498917
108000,0.36932686
115351,0.41234475
47179,0.65223604
99747,0.53735524
22264,0.8782628
2018,0.13402052
124875,0.9782787
84861,0.0006041103
96053,0.16338564
70680,0.5537566
78379,0.0005845967
82846,0.0006118527
22746,0.7905472
118100,0.15289924
26457,0.89081115
94950,0.31952068
12334,0.7212833
45457,0.9620545
64557,0.6402595
20262,0.65945095
70110,0.3637639
64080,0.12465504
86951,0.0008526532
51259,0.21858011
57946,0.8511816
25304,0.89926344
108059,0.653573
122654,0.22704686
25580,0.9388017
55959,0.9339038
96942,0.95475954
85720,0.00059430744
73141,0.32272223
81743,0.0006092332
99510,0.19902787
45436,0.48278958
95246,0.16347513
124603,0.6107549
33879,0.101338476
67271,0.477328
78566,0.0006219447
55445,0.8661583
115868,0.8446221
112980,0.8574955
31957,0.7873433
93992,0.16893758
8924,0.4787853
54424,0.48360738
16210,0.12738174
113610,0.06777327
124586,0.8997819
39781,0.9686424
50536,0.9239021
124121,0.27277493
123607,0.8834867
45389,0.4416843
31126,0.54239726
74640,0.36898732
35882,0.954627
85590,0.0009148948
83443,0.00085987133
62022,0.8789668
94683,0.1271964
81606,0.00087101496
84337,0.00070799043
37373,0.5572711
12845,0.4661009
88060,0.0007676822
98119,0.08976842
11962,0.09828939
47725,0.5696034
122112,0.2174826
8085,0.1931135
66650,0.0932711
122512,0.26998937
20784,0.46135563
24381,0.51757884
112229,0.7639259
52479,0.54089105
28843,0.4349539
59234,0.9493606
51533,0.7385944
107745,0.1927062
94905,0.39620543
44500,0.52106225
104803,0.34447715
36158,0.6483616
71690,0.2291086
41178,0.9877983
8383,0.102565475
56423,0.8278665
100265,0.18022396
107512,0.20577583
95464,0.6510433
68740,0.050682258
79645,0.0006798144
5316,0.9715658
11885,0.33406028
108495,0.7368202
20058,0.05493431
90761,0.0006943035
32347,0.9635952
92927,0.31874004
50739,0.12153824
76962,0.0004906013
82397,0.0006092332
47,0.57730895
80253,0.0006981096
93223,0.7846243
66197,0.15643682
15007,0.08489932
114921,0.80916137
113905,0.06779882
100566,0.46645266
33161,0.78145635
41571,0.9712423
67456,0.47090396
27425,0.5949774
69055,0.5957944
114100,0.088293955
43958,0.9096666
95824,0.14981568
7549,0.36914405
62221,0.9387851
108839,0.05094421
38870,0.9707944
92976,0.96592474
18177,0.99413836
44426,0.9953028
117076,0.2291916
68748,0.056670766
14937,0.32283676
103381,0.25188982
13482,0.6039747
98261,0.5096267
43386,0.85332966
12104,0.6224444
2362,0.8066477
60272,0.8826209
20961,0.8312487
92540,0.6646827
36244,0.11062293
87702,0.00085987133
88010,0.0007564102
48943,0.10757494
111258,0.06411989
67985,0.48925313
109272,0.02388683
5160,0.9197206
103086,0.13346589
121149,0.45794505
19068,0.79244524
616,0.8738511
28877,0.8792501
16844,0.18940313
25667,0.73911196
71904,0.36486772
55919,0.9378161
56501,0.9101068
32793,0.9006451
82324,0.0006036378
108401,0.33258295
48997,0.9858118
24418,0.033893857
108527,0.46752602
76606,0.00034602065
81393,0.00065058365
84808,0.00079148135
66298,0.34456378
68553,0.42830217
63419,0.92966837
85825,0.0006319685
113399,0.76967263
41865,0.11438973
43847,0.8486026
54150,0.19271837
58974,0.8385471
60110,0.91394234
7341,0.77646065
72868,0.18453072
94988,0.39620543
80906,0.0006564047
108585,0.86851835
72213,0.11769679
30399,0.81852174
102072,0.60026443
12746,0.179475
115547,0.6284574
122843,0.56308377
123694,0.20429556
121357,0.41846228
73855,0.5006469
28013,0.34475172
37252,0.9875973
55840,0.54796904
102079,0.2934098
81621,0.0006787071
52948,0.48321435
118218,0.8304342
17212,0.1770738
125016,0.71367544
60026,0.25016916
41479,0.97081035
53925,0.6438238
10066,0.7488526
67591,0.55911744
121650,0.4204554
52026,0.7079844
53127,0.8216553
26607,0.37158436
22417,0.949744
71174,0.20434768
118818,0.64294773
93488,0.09344325
68418,0.14315012
27742,0.3500844
122553,0.1587035
6056,0.17671238
25353,0.52033585
30089,0.049623236
12611,0.65806806
55690,0.4771683
39775,0.96414465
20392,0.94130576
69895,0.19379088
69936,0.53972316
36068,0.8901407
81825,0.00063481845
51049,0.13087939
104449,0.17885484
117118,0.60625714
73056,0.9659719
23719,0.99492633
122118,0.74603486
120134,0.6222163
9297,0.4821259
72398,0.22101437
61925,0.8675748
16126,0.47185892
80988,0.0006855158
56473,0.91983134
42687,0.9172917
37654,0.98748267
124426,0.76522464
107872,0.6102204
80816,0.0006727964
118456,0.8158352
9757,0.12160038
25235,0.6392378
51562,0.35948706
10396,0.78103477
11640,0.6998638
101214,0.07767939
21685,0.89229774
15600,0.7993321
12203,0.15833896
52601,0.20383976
75245,0.00045737808
75642,0.0004858331
63689,0.9342507
73125,0.25351122
109990,0.0799381
21837,0.85739267
23666,0.9760107
80280,0.0007413211
63402,0.9287592
26346,0.11147448
101671,0.7993321
123910,0.8698112
23536,0.9538036
49687,0.3107657
112025,0.72993547
52480,0.76764333
98604,0.094344676
5039,0.9928556
85898,0.0006913916
39283,0.990288
121500,0.62782204
57346,0.29966238
79226,0.0006500445
50925,0.5309424
89435,0.0008526532
36023,0.5275878
32597,0.95086724
39548,0.85443014
42713,0.9818677
66441,0.64140594
59707,0.85441166
70304,0.22714989
31196,0.97179127
124969,0.59318244
9967,0.08881651
23012,0.47161317
18139,0.98803735
45936,0.9787541
58853,0.7446297
31117,0.05599724
73384,0.41143295
54589,0.8243904
234,0.80340093
104385,0.508849
104975,0.3739813
93268,0.65622514
20015,0.97953266
93711,0.16844498
17619,0.9409254
103454,0.22451678
97861,0.08453251
84538,0.000765036
44303,0.8462352
104990,0.5236886
95797,0.0773832
95424,0.7249456
20986,0.78577965
101789,0.3332651
15372,0.062210403
108664,0.2311738
14483,0.9659485
44548,0.9792245
124571,0.8052343
81338,0.0006649132
117104,0.1250718
32839,0.8817892
69971,0.55751723
48514,0.91074586
6342,0.5020174
108938,0.1939493
27316,0.3924335
10590,0.095919475
99315,0.31307957
58973,0.85439444
31847,0.83989733
29404,0.32403407
38461,0.49148205
13905,0.3551949
63542,0.9261825
75575,0.0006573898
29452,0.1841998
54719,0.17810175
74549,0.9687035
8613,0.6301155
10052,0.67320305
112039,0.309999
52791,0.678293
47067,0.1552482
117315,0.09348335
102688,0.070793726
79522,0.0005453946
44219,0.94384104
30051,0.10125058
76882,0.0004653896
93245,0.85158026
25071,0.9770222
68415,0.42872176
80757,0.00061072415
58061,0.67156595
59868,0.8729549
117704,0.16274579
48815,0.95352817
53362,0.78731394
70258,0.28601897
116173,0.7989326
75362,0.00049127254
114621,0.821698
67893,0.50016654
35195,0.61096835
85485,0.00072842033
45285,0.9080858
84148,0.00068678247
99638,0.51380706
13026,0.075834
80779,0.0006219447
52418,0.26938128
118658,0.64577246
22644,0.40562332
40418,0.8798717
92187,0.5303869
41051,0.92439276
56402,0.9561387
43160,0.8408626
9552,0.45282704
8134,0.66315097
105660,0.42685077
123019,0.7463744
5799,0.30799764
38808,0.8892445
55806,0.9177193
108899,0.03786228
92955,0.8876443
79462,0.0006564047
58592,0.965987
105683,0.21749727
58591,0.9525033
25152,0.9900802
121867,0.879699
57699,0.21631245
109888,0.06291453
96937,0.9030037
87360,0.000793193
21882,0.7614258
42026,0.9609011
99492,0.10131101
123726,0.79712236
17048,0.22812954
72565,0.37117544
116396,0.48763254
61182,0.8870011
47530,0.9420768
67108,0.17829506
116477,0.71162885
109394,0.053475477
37462,0.9765721
11008,0.067062594
38982,0.8004265
13446,0.13352454
61117,0.9359439
100076,0.11498742
111261,0.07646245
5215,0.39260358
106142,0.2913829
13414,0.4016821
72948,0.71035284
65471,0.14084662
26972,0.6926223
102409,0.39518005
125069,0.7600536
1875,0.79816973
79168,0.0008742585
65512,0.23397128
28547,0.77689344
98857,0.39799193
68840,0.0565844
118843,0.6244138
46547,0.34231654
97795,0.29116443
86190,0.00069521856
109100,0.12459897
115731,0.3783511
76753,0.0003264607
39285,0.99097157
115956,0.64244455
33054,0.85244614
67349,0.3513768
60182,0.7915383
124471,0.78898317
32971,0.047348358
46353,0.3905075
9677,0.44082895
39904,0.9793189
7077,0.55956507
123229,0.90234804
73966,0.26671627
63200,0.9042652
2676,0.16124628
100379,0.29067427
23851,0.87087196
41738,0.15824607
89029,0.0006759675
49868,0.85241956
89232,0.0008608199
43268,0.8271869
99036,0.18336868
60482,0.8987158
65824,0.17705469
113220,0.41992962
61744,0.5628201
7749,0.15314013
21996,0.4875113
22947,0.98675543
14758,0.9948543
74164,0.09831224
65865,0.91456294
33325,0.063106164
9295,0.13922898
109948,0.22982821
97967,0.06969085
35438,0.9384111
110787,0.14237942
110770,0.047856666
117544,0.88756055
110269,0.23170498
72202,0.16698435
119361,0.9105956
54772,0.51553065
20941,0.88778496
19989,0.13179578
88732,0.00068177836
91714,0.0006888017
38456,0.4489464
36539,0.93556637
19501,0.8927319
107664,0.5204726
1065,0.7201991
28099,0.31643584
11448,0.50848854
28956,0.7029311
2466,0.76149476
52159,0.77114546
43475,0.9507005
63976,0.25543827
28556,0.29602635
52866,0.18040004
9233,0.4946154
10290,0.6233627
12091,0.6896419
12021,0.061737407
74809,0.18379298
114965,0.7476431
10388,0.27735987
117928,0.6871113
51542,0.09801662
1001,0.9785367
89416,0.0010313311
33399,0.7981776
102888,0.31422
41204,0.99092454
27435,0.6107592
2334,0.45320252
23466,0.1258663
75989,0.00041177447
33404,0.5913312
31347,0.86550313
30961,0.87113494
43359,0.91840905
42434,0.7680354
114779,0.8641893
28683,0.8620703
27494,0.16299453
71918,0.32572323
78417,0.00069650303
93562,0.3890309
9522,0.42316836
24788,0.21289587
15216,0.45894116
50644,0.81580895
109303,0.034496848
69955,0.67657316
109429,0.01576125
113587,0.6728536
86474,0.0006219447
35839,0.12557618
27426,0.57240975
31379,0.9365138
1314,0.9078863
7944,0.75259876
16837,0.8723455
2780,0.1649213
101466,0.14400414
85411,0.0006081095
29224,0.83709204
45237,0.08057248
120671,0.35846612
87878,0.0006365439
64313,0.85404235
79365,0.0007413211
80632,0.00064823887
8699,0.4661126
9389,0.15132436
50186,0.2031042
100244,0.38564092
69992,0.1832148
32885,0.87540746
3773,0.4070585
119434,0.70869696
107299,0.86455905
87388,0.0007964923
109403,0.23125759
55723,0.40916336
113362,0.102516465
54818,0.42163724
113613,0.0720351
112331,0.33223274
55944,0.8623296
87759,0.0007564102
88166,0.0007732796
26378,0.79222685
27565,0.36932147
110689,0.08622337
60925,0.26247236
104178,0.709162
107335,0.89682895
13481,0.09329493
2888,0.3486297
37329,0.9678304
38861,0.95685726
74180,0.5262111
52734,0.7154223
75494,0.0004858331
27170,0.19757283
27926,0.45711118
15929,0.9195221
52683,0.2712221
8514,0.32926762
70462,0.3906192
51300,0.58238053
119602,0.48600253
59022,0.8147933
66586,0.056595907
88894,0.00076582195
46828,0.45452967
41025,0.5725943
89190,0.0006801141
109026,0.053106993
77700,0.0005029102
3348,0.38733983
93949,0.31262952
10571,0.0781195
44103,0.9756058
1109,0.89915603
25997,0.09108237
59890,0.87745255
104373,0.70901084
6544,0.14080049
46481,0.3141138
90136,0.00079148135
47786,0.96704423
79596,0.0005794405
54523,0.1964957
95340,0.29380247
18865,0.9408101
104444,0.6905034
95186,0.10264751
27415,0.87644947
63846,0.23613104
96886,0.7380937
57638,0.22422925
33463,0.19304232
64192,0.16061524
77342,0.00048375293
15167,0.55131346
32395,0.9826402
7346,0.8316174
36499,0.6514869
10638,0.38261056
58808,0.8976224
41367,0.41902077
100791,0.57145864
89791,0.0006943035
59586,0.97106373
117061,0.84985745
75729,0.00050012534
70657,0.45803207
99086,0.6591375
111711,0.5446004
23854,0.88429105
96271,0.2052766
80524,0.00073023327
101355,0.16449194
11771,0.63436866
7607,0.39466777
14614,0.8366115
78667,0.0007598979
44616,0.98998874
117275,0.1422062
109645,0.010554518
61850,0.90117896
44465,0.9951833
8141,0.12993954
21510,0.9391422
605,0.91089946
74231,0.3222994
118824,0.73559433
49794,0.9112534
113846,0.81972176
93647,0.6540849
98078,0.35395345
2371,0.75706965
46872,0.95261794
124943,0.8421293
30589,0.9651769
120617,0.6852354
121604,0.6718993
60221,0.5613074
118799,0.621494
24290,0.94377947
38508,0.10968221
60897,0.6332012
115761,0.5038741
55057,0.16577101
39276,0.9883257
39866,0.9489966
28927,0.69072604
96366,0.42137176
42409,0.3800002
50044,0.29168615
46272,0.98490834
123521,0.74816203
30099,0.041626483
34450,0.9784354
111321,0.4196064
45556,0.50851303
102218,0.3333625
48562,0.98858273
47939,0.8844929
53636,0.07169215
54225,0.5721167
61351,0.9420338
63309,0.8725583
45125,0.58170384
49761,0.9055642
29565,0.9300495
36493,0.928215
103243,0.74412304
100618,0.3671273
25657,0.76682204
38206,0.09760602
104690,0.4898046
88426,0.0007057381
111447,0.24349429
27721,0.18309186
9337,0.46921957
83799,0.0007963132
92564,0.52966386
11308,0.13732608
75756,0.00046739087
25386,0.96336526
38053,0.9897209
114270,0.15585022
106624,0.16636829
7268,0.14638071
103183,0.20841707
24661,0.9051887
50381,0.80594605
26845,0.9338503
19758,0.1316947
115142,0.25789934
73112,0.1133445
47619,0.95570797
85945,0.00071180094
54512,0.0907431
41160,0.98712265
42858,0.9198497
53260,0.19215712
90036,0.0007546685
49586,0.7344001
33581,0.30187327
94590,0.87238234
63144,0.8872562
86477,0.00080775796
28561,0.8260849
98365,0.20071064
40289,0.9586755
63768,0.8578088
21405,0.5780384
10228,0.13118277
15551,0.9911266
71216,0.15486771
18390,0.037972298
55194,0.5571137
3949,0.13493584
123052,0.7222528
7736,0.39195248
59768,0.8389403
7080,0.20239556
15082,0.6077699
74349,0.574608
11026,0.0602458
75332,0.00046504816
90219,0.00079148135
41135,0.9749501
115846,0.8196087
102977,0.054841142
3823,0.112944946
109633,0.020771595
103571,0.32407176
22781,0.5718857
30873,0.8465592
95596,0.23430368
1380,0.18481337
8756,0.1465045
106636,0.16473433
64599,0.57263595
22779,0.18862063
44098,0.9620545
79768,0.0006944696
38470,0.59455216
75881,0.000309773
14408,0.9852213
83928,0.00065761764
74938,0.9226361
30151,0.045736026
5363,0.47439525
45501,0.1793815
83513,0.0008397583
69173,0.42506608
94189,0.97277796
50349,0.67297363
13529,0.39995134
104048,0.19912106
20009,0.76575935
21775,0.78179926
63802,0.5771911
79940,0.0005556835
84125,0.0005802454
110894,0.08959413
52421,0.44892448
95102,0.15754226
41379,0.06663681
82779,0.0006564047
47977,0.9412932
105222,0.2529376
11373,0.16952583
115679,0.8492581
14162,0.7913971
99468,0.10302639
9583,0.45181614
123183,0.771991
86503,0.00080775796
100012,0.16364007
1238,0.9056608
25099,0.52084106
102645,0.06503631
45224,0.41099563
52750,0.5058947
11657,0.4264557
51099,0.6343276
51160,0.124393
19849,0.75009304
44528,0.9422212
111368,0.0770437
48409,0.9652907
26162,0.84793574
79248,0.00061072415
111131,0.10952755
95765,0.31705996
92216,0.13340358
46124,0.94243276
87660,0.0007087539
57416,0.72306883
50099,0.73338044
17121,0.5202684
108898,0.064771526
75999,0.00046062344
8035,0.523106
76611,0.00053656707
6524,0.17543001
88349,0.0006884683
99743,0.14818566
98889,0.1383286
72502,0.123262025
19341,0.8991148
116795,0.46709928
52518,0.33209106
82112,0.0006118527
82496,0.0008000424
69772,0.9845866
18357,0.04297608
32072,0.9509539
55465,0.9009192
22885,0.91881233
54936,0.88066465
44195,0.904943
82070,0.0006118527
63226,0.97307116
63563,0.9358723
102580,0.094245024
2749,0.050016157
17683,0.6920617
84272,0.0006167173
70150,0.631132
59238,0.94110185
44796,0.8247164
57036,0.97544515
118925,0.5627185
71675,0.29154155
64507,0.989916
27919,0.27506256
50976,0.51773417
83649,0.0006321884
108891,0.043680303
122466,0.6280105
33972,0.9719828
44584,0.98639256
38901,0.08677637
4771,0.41039
59633,0.9889164
57642,0.9160329
124837,0.95110595
82178,0.00061072415
56628,0.23280667
95094,0.51938057
94801,0.13330235
39525,0.8729445
23364,0.6879754
60899,0.21156496
45396,0.86962277
124222,0.8969749
42013,0.93289626
101862,0.21297474
123357,0.3503198
71947,0.10064026
123748,0.51984715
72337,0.40291724
56353,0.9055697
67602,0.46440083
104441,0.3303316
16789,0.13721177
20507,0.105605595
107196,0.9940791
67778,0.06675289
56176,0.93885005
19122,0.6604006
61074,0.90929735
85891,0.00087216054
119589,0.11289804
58898,0.8358373
83677,0.0008526532
7255,0.5229857
19644,0.91190344
509,0.83691406
87427,0.00072770426
66212,0.18114257
82023,0.00071265746
76472,0.00046739087
48243,0.9839342
26946,0.69465244
79670,0.0005948183
23556,0.9642095
39476,0.9159311
121816,0.7908729
65646,0.7270191
30580,0.9412572
53927,0.6500351
113511,0.37919137
25538,0.87641174
116245,0.91034085
41908,0.9216795
82179,0.0005973758
12368,0.3024624
105119,0.35427368
120129,0.17546086
78328,0.00067568896
26127,0.8488577
69920,0.2719929
90786,0.0006815568
46069,0.08725162
9503,0.18547422
37109,0.950739
18421,0.15844183
8070,0.12925151
43762,0.2839194
87372,0.0007829089
29570,0.6175752
82155,0.0006564047
21081,0.29833272
80649,0.0006312236
61465,0.97021323
11942,0.08751052
108122,0.13135457
9214,0.525697
104150,0.18520595
74832,0.39664415
18081,0.9083334
37934,0.941715
11547,0.64204764
78526,0.0007010995
45563,0.2026857
42587,0.94728655
117692,0.3769494
103756,0.38464156
70305,0.48657826
83627,0.0006564047
66156,0.19023369
113607,0.07082711
30937,0.35699296
53246,0.9391316
71141,0.3478483
1289,0.6351624
62717,0.76359564
114890,0.5005292
103245,0.23522218
103729,0.23292568
69163,0.47235408
75920,0.00030435057
117565,0.66857433
18859,0.51609963
6320,0.7993025
117809,0.2543743
28854,0.1952505
123201,0.92890567
48724,0.98153746
102142,0.39949238
39455,0.6881098
30340,0.97335577
31615,0.5391073
8664,0.12562956
39236,0.93791157
70577,0.5166239
69685,0.97577333
124465,0.70863014
39956,0.36952254
25575,0.88714254
76282,0.00044058863
96551,0.100386515
20398,0.938831
53538,0.7450384
47137,0.90298873
45192,0.5001641
31855,0.8472719
19762,0.38520667
90139,0.0006943035
54997,0.55958194
12951,0.40058267
48001,0.13828167
114038,0.6619777
85508,0.0006041103
1993,0.62646526
88311,0.000725928
110500,0.07899089
38930,0.3841121
60710,0.22329262
74642,0.57340413
69899,0.22621909
102123,0.38384688
73119,0.22228083
43545,0.8177717
9095,0.6758883
8542,0.73003614
65765,0.19420461
121509,0.9075536
109961,0.045509536
74660,0.15929307
79028,0.00073023327
19431,0.92853767
95931,0.17340931
90090,0.00068177836
23269,0.91622263
20160,0.78416276
17334,0.49969822
78563,0.00063481845
109318,0.024658049
99669,0.41352966
17036,0.1379255
94856,0.1938921
101397,0.2079037
59353,0.8868388
75474,0.00046739087
11974,0.33990744
72233,0.118696325
114538,0.19569328
20338,0.9008888
76860,0.00050012534
15723,0.055996116
6876,0.8117584
115905,0.17976144
48790,0.92982596
24375,0.5608318
40760,0.6362056
33999,0.92196435
30619,0.9875311
35648,0.98732007
75803,0.0004858331
57380,0.65064746
939,0.5350767
99739,0.60747427
28492,0.41621885
57616,0.91708606
91854,0.0057092356
6570,0.041733377
123491,0.5462396
66761,0.2607197
61399,0.9431325
24694,0.9238613
38077,0.99149054
55680,0.46352944
22266,0.8828387
28016,0.30677
29049,0.87647885
35541,0.9644118
51030,0.8104334
79465,0.00075354706
92219,0.12332985
67149,0.14591114
110850,0.18331975
85351,0.00061072415
1468,0.10420235
113035,0.57483745
49600,0.73998713
79481,0.00066846405
78833,0.00070399354
3633,0.44608507
30068,0.05047374
22132,0.9472412
9426,0.107508026
36569,0.9543406
26212,0.7688585
11806,0.086677074
94843,0.71187824
90248,0.00079148135
88120,0.000702563
42644,0.9015091
59916,0.86722386
106344,0.9895
42813,0.15934679
106013,0.5548505
36134,0.9419891
6611,0.07113169
8131,0.6795387
97240,0.70833874
96362,0.19541834
32878,0.6861131
74357,0.32080126
107377,0.40849724
10020,0.6868256
56318,0.93079627
124227,0.9195494
13964,0.054437485
14025,0.9359835
15996,0.11885803
43118,0.14565675
20709,0.3976785
40750,0.8396327
105558,0.19212668
83535,0.0006167173
95106,0.13937534
74011,0.1976783
47232,0.09109193
60937,0.8886308
108931,0.27028143
89701,0.00083159946
84761,0.000743648
123230,0.9100236
89882,0.00071180094
121045,0.8549021
81141,0.0007413211
52848,0.18846294
105892,0.8072585
2120,0.15685175
55692,0.6698001
44057,0.4136468
7261,0.7072164
7997,0.61798733
84989,0.0007590389
99349,0.09691835
9819,0.89518386
35002,0.9261369
43027,0.93279815
112185,0.1767094
15592,0.9933194
33641,0.27230424
33042,0.40151387
27159,0.8576467
16773,0.59298486
79982,0.00061072415
47084,0.9151504
2929,0.12898444
45521,0.12600337
162,0.969521
46861,0.16057102
37124,0.9422583
58502,0.8534099
42040,0.9760324
116793,0.692575
86295,0.00079148135
26068,0.19592594
3547,0.13188851
10027,0.52279556
113782,0.5832366
71892,0.56555736
5230,0.7860926
39407,0.9447084
59892,0.845812
108651,0.07991583
104954,0.22484136
97601,0.28886577
57056,0.52006614
118970,0.80828875
27605,0.1364506
44226,0.9388564
43336,0.9232578
2876,0.051761184
109473,0.03312021
44073,0.935444
76120,0.00033288373
96102,0.64911896
7537,0.38285905
53027,0.8322597
17761,0.0855513
93450,0.1499194
38553,0.5370036
49797,0.8955722
52744,0.6422348
18174,0.99379694
82056,0.00078357285
114722,0.7459995
20839,0.26296863
24230,0.89542323
76542,0.00033163224
121917,0.56911826
118953,0.9031214
20432,0.9800844
13921,0.37184662
30714,0.9944047
107154,0.98514163
24795,0.25682005
72601,0.16460006
83124,0.00073995395
98333,0.7905784
26274,0.65743524
36852,0.9002181
35318,0.906643
113656,0.72152084
79775,0.00051172276
98946,0.1576908
83579,0.00082120276
19202,0.921584
101499,0.45099407
118163,0.7350194
96124,0.7130558
80501,0.0006321884
84059,0.00077549857
55932,0.5635908
5641,0.9739318
2388,0.2035975
6026,0.06835824
124727,0.43866536
3435,0.5662617
34906,0.34875426
45341,0.53378844
73935,0.1324383
57989,0.87084675
89481,0.00072447944
49561,0.49519867
7119,0.07903157
76958,0.00031846922
49499,0.58783925
53222,0.8974427
115524,0.8463814
39258,0.97835976
34628,0.9228422
4816,0.74037296
95393,0.1712254
62631,0.53696537
108397,0.3342639
65446,0.9080865
92867,0.12614924
116373,0.797056
78478,0.0005543911
67999,0.12643175
2130,0.74079704
29304,0.34489924
29502,0.4692558
91135,0.00071180094
101947,0.15476707
568,0.19926567
6168,0.051275447
42420,0.9318027
95862,0.6954073
97020,0.747509
114963,0.19225784
82020,0.0006571289
98235,0.08701396
16086,0.7081765
116277,0.4561752
20548,0.4947737
96312,0.18935338
49228,0.88051444
68382,0.60435766
92176,0.1639128
107393,0.36483636
3929,0.11227093
40958,0.9505748
56083,0.9221442
60196,0.60913193
97750,0.40878507
53754,0.4360464
65543,0.8035814
24316,0.95428914
833,0.936799
93653,0.580825
62877,0.74306947
86921,0.0008127534
43384,0.80002946
51176,0.34833688
3551,0.12935793
45548,0.15360866
40173,0.9434037
19377,0.093363084
91344,0.0006788597
65567,0.79518735
43944,0.4169848
3112,0.14263503
94969,0.769035
120057,0.3401399
70118,0.20328017
114556,0.40799707
84614,0.00078809354
115226,0.79859376
79491,0.0005443886
108373,0.4241662
37168,0.97964454
114286,0.61753166
3766,0.18122505
100328,0.5176605
109659,0.017637083
64552,0.8119816
59686,0.80876875
63943,0.8644654
72443,0.23381342
98263,0.48371026
121853,0.88568157
109666,0.00834882
19741,0.80641097
13867,0.37989372
122328,0.85339135
68214,0.16912943
115058,0.45241216
53647,0.114124075
96758,0.62360203
81612,0.00080492656
124650,0.9518603
2930,0.1516589
47502,0.9228715
38700,0.94775605
69985,0.22924873
107616,0.8327538
5853,0.2862302
37369,0.9679778
75779,0.00065292325
43673,0.59885144
85588,0.00082280027
123768,0.85812116
91022,0.00071675575
114440,0.5049936
43519,0.9610286
33522,0.35639998
66935,0.19291262
61512,0.2639574
44573,0.9816275
85526,0.0007610281
60555,0.9024353
104656,0.18988983
2896,0.22547276
19797,0.8072555
86595,0.0008456361
58814,0.8883484
13454,0.113589056
112454,0.45254928
17419,0.11395574
60381,0.92215663
11803,0.094932556
47125,0.2998863
120168,0.74134135
18893,0.051632904
124360,0.6624818
48645,0.9445985
103265,0.16982363
104989,0.36709523
41293,0.3899646
19412,0.93234074
36323,0.95040876
5623,0.9826978
67727,0.08563484
117371,0.8353044
97635,0.32551888
11023,0.102822304
56116,0.9779952
68985,0.12703297
85856,0.00073158246
77617,0.00031846922
34402,0.9295167
11560,0.7444639
95488,0.11942305
15713,0.08350536
65123,0.3817682
52088,0.98111695
14508,0.986935
52603,0.6397716
24528,0.0418
109275,0.023541734
89924,0.0006801141
98011,0.97021323
51575,0.5893863
61129,0.9356769
60353,0.92430145
104283,0.442688
57241,0.8825818
98816,0.35450584
116987,0.80134475
116568,0.37582332
57971,0.86410886
80262,0.0006092332
51549,0.78506505
102350,0.31420034
108142,0.38175195
80673,0.00071265746
109763,0.038286176
102325,0.11283466
72325,0.50001144
9543,0.7687522
83274,0.00061072415
21143,0.7812098
111068,0.15190813
3272,0.76757973
21487,0.9113727
84139,0.00083159946
22392,0.9355622
55808,0.66482764
4593,0.77096
76091,0.00043047336
50285,0.4279854
89317,0.00068177836
62165,0.89894474
25439,0.91998506
108411,0.20817599
116399,0.5856
116799,0.83749133
8445,0.17205395
65695,0.75908595
98911,0.1041544
49175,0.17455553
31334,0.8986723
74650,0.56481504
100406,0.5707383
102535,0.6642714
42127,0.96792185
88141,0.0007732796
114449,0.4093994
79022,0.0006118527
95907,0.23201206
12264,0.4338729
103065,0.084365144
78476,0.00062496384
2463,0.6314984
90322,0.00073276967
18255,0.99604577
77807,0.00030435057
68563,0.5588259
50198,0.13855104
47271,0.19905703
10292,0.4610561
28368,0.21173011
57276,0.8825818
31638,0.9483522
22619,0.7964611
100196,0.36278212
3730,0.17571141
100407,0.13180277
604,0.92478967
71666,0.6604357
113637,0.1908603
101375,0.73758805
295,0.06318202
55174,0.15431403
50683,0.18779379
32473,0.9755622
65560,0.87282467
32741,0.5281743
18745,0.44749248
30810,0.98787373
104746,0.38537624
123311,0.891851
114943,0.85668707
47968,0.9456446
50412,0.20822425
14733,0.98264486
33767,0.13564302
56115,0.9721915
25622,0.046098765
49545,0.74958783
111917,0.08714269
120382,0.56687176
25055,0.936799
13881,0.7689973
122762,0.24938066
61014,0.26807824
56048,0.70987695
73655,0.22102661
115918,0.31610736
69954,0.48002216
101140,0.5161387
30844,0.9267244
71454,0.1531828
54970,0.82700795
22633,0.16220148
39280,0.99023694
55599,0.7486657
102593,0.083696365
22782,0.585365
95541,0.25414488
125084,0.33586332
120739,0.81661683
48742,0.6750973
40921,0.9881688
112508,0.61908436
53885,0.4383895
124258,0.90601224
107849,0.7537499
34011,0.100944445
7072,0.15835589
22361,0.9526592
79597,0.00063654146
98665,0.4511912
89115,0.00071180094
66672,0.42108062
105872,0.10406308
117148,0.20158824
61523,0.09134646
47581,0.3859645
14858,0.08227538
98481,0.048330072
25665,0.78630614
98864,0.3746176
67659,0.11420109
94499,0.22898357
40584,0.94240373
93103,0.441019
43769,0.13420714
115256,0.29634467
68301,0.54805624
32785,0.31103852
83430,0.00073995395
72448,0.19716474
119175,0.19514428
120420,0.4639629
21220,0.037972298
63885,0.7799695
97625,0.7480078
106777,0.9778496
9074,0.19378556
17190,0.40059298
104436,0.32459906
48970,0.9493822
24287,0.6079528
39504,0.36219612
43196,0.92417336
101495,0.13321806
78975,0.00070399354
27416,0.8092411
48231,0.98655057
98764,0.052339274
86294,0.0006219447
23799,0.7869217
61778,0.9202341
113936,0.12424911
116192,0.87218297
49395,0.10608846
67807,0.65975356
42221,0.9728942
102725,0.8203937
114737,0.64395577
20774,0.5332156
69491,0.18471453
42951,0.97916025
78898,0.0006081095
39634,0.5200165
31783,0.9823751
52529,0.5669419
8935,0.7716196
25007,0.6259065
35115,0.95799625
73062,0.90823376
103954,0.25963548
27046,0.11305944
77835,0.0004401705
97040,0.838034
30840,0.60755634
7177,0.102947116
25751,0.80766964
85312,0.0006081095
6252,0.40368834
114867,0.7361691
78145,0.00034777125
61543,0.8144491
22796,0.5649466
19859,0.07750923
124736,0.13456927
68539,0.74980956
79075,0.0008120877
62828,0.82382417
116384,0.5951478
30318,0.7856872
15817,0.067439325
36824,0.9067063
46123,0.9360003
99784,0.29830372
37490,0.8773638
122130,0.6258097
16167,0.05942089
109313,0.0380376
103560,0.54265434
19760,0.11203288
91231,0.0007335781
76694,0.00042078932
64870,0.7079796
111514,0.48400533
43578,0.7749068
56774,0.94293743
54587,0.81312287
74113,0.3910708
54292,0.7678147
56784,0.80728793
52366,0.92133915
93095,0.130982
88751,0.0006943035
58523,0.92106616
45106,0.9830693
74148,0.09831224
114367,0.7223374
117469,0.39441162
59390,0.91015804
91259,0.00072029757
56088,0.9547052
23377,0.8617083
109880,0.080208465
39690,0.97553885
110405,0.032417048
112656,0.48687652
12641,0.33443683
76498,0.00050012534
76986,0.00044042614
101112,0.09639353
14029,0.9359835
110726,0.023816207
86934,0.0008142549
84199,0.0005845967
5154,0.8497548
