ID,TARGET
32933,0.117192484
32713,0.6309329
90799,0.0016607605
30990,0.9846778
110120,0.048434377
64879,0.7547515
86700,0.0016607605
32599,0.39666086
42504,0.97363573
30559,0.14985515
97930,0.56539965
41814,0.14652276
83325,0.0016607605
104376,0.74567443
57754,0.84274405
90016,0.0016607605
19652,0.9598872
62811,0.37483406
47551,0.9779699
11370,0.122260585
70550,0.26122633
49494,0.13608958
124132,0.6812671
30807,0.99255776
112804,0.6931657
70340,0.32585743
27515,0.37994695
74851,0.5759612
23773,0.10792987
1905,0.9773187
36533,0.82124525
85121,0.001663111
49630,0.7351384
120981,0.55228406
52205,0.6545791
89516,0.001663111
46859,0.12995362
95029,0.25261885
33309,0.6110768
36372,0.9933137
46642,0.9905255
77876,0.001663111
27967,0.6098182
63091,0.88169503
112046,0.68890786
100185,0.5822088
75328,0.0016607605
119761,0.19072196
18970,0.03196903
93993,0.076301016
16516,0.74343556
111056,0.5507027
104819,0.20418322
1834,0.656945
81597,0.0016607605
21208,0.025129529
104115,0.13631164
60668,0.8867513
77085,0.0016607605
31114,0.6928222
44601,0.9874577
39482,0.7535935
35622,0.9937576
105276,0.24721406
111644,0.3734981
19609,0.8174156
46831,0.38476753
67796,0.1945322
97497,0.8515979
43621,0.9925897
21305,0.032624114
31350,0.96594065
25638,0.9137678
39958,0.21329254
116905,0.14175087
63544,0.88140607
71318,0.1604328
119726,0.44681245
98813,0.36747804
66351,0.6815485
94473,0.47895458
113650,0.7340485
12016,0.05195952
114787,0.7511417
59160,0.86098254
76200,0.0016607605
77519,0.0016607605
53197,0.15521842
12077,0.67488134
112146,0.5396536
87227,0.001663111
71274,0.16307445
91319,0.0016607605
27975,0.662539
34909,0.9654363
70008,0.31432563
8719,0.20230241
12879,0.424888
78498,0.0016607605
117980,0.2507103
86705,0.0016607605
45665,0.8242877
101761,0.9281065
106773,0.96997726
49470,0.7007902
76997,0.0016799633
122677,0.9094318
51579,0.17738271
75429,0.0016607605
7196,0.12580308
57834,0.772516
18762,0.9804986
60024,0.7110271
91935,0.062376868
37195,0.9746687
45366,0.87007123
78321,0.0016607605
31308,0.08001948
219,0.12584715
37532,0.9837839
93392,0.804944
21536,0.9819136
54080,0.3367637
22147,0.98573303
89698,0.0016607605
92849,0.5532863
4855,0.78809416
12988,0.119782455
75952,0.001663111
92039,0.023168078
36456,0.97348964
98659,0.17779559
108163,0.19959615
56935,0.9861541
60366,0.88082784
33317,0.7760837
63699,0.9610768
92138,0.43233472
58368,0.8868775
52166,0.6085165
61821,0.871924
54413,0.43877447
107351,0.95595473
109938,0.043977693
62470,0.90122086
24453,0.028708342
116107,0.83430547
27751,0.8322612
53375,0.86226714
57102,0.7253504
44187,0.134489
54241,0.6077887
51642,0.5951411
70917,0.892004
84722,0.0016607605
25283,0.8876154
89106,0.001663111
116544,0.8382043
64814,0.86520845
70345,0.5855662
65943,0.59227353
88437,0.0016607605
34393,0.38940683
71405,0.15364337
22288,0.81991935
71863,0.1566454
102765,0.37105143
45463,0.81846595
28616,0.7808851
16888,0.35143337
3345,0.051652916
10439,0.076273665
7506,0.44815633
117131,0.24993958
50448,0.8125487
47119,0.42416337
40832,0.99151963
58634,0.9904546
4825,0.6503946
107712,0.23118676
106090,0.26140913
95974,0.07051333
18969,0.025792614
24427,0.058680978
83219,0.0016607605
31307,0.058476172
27371,0.2072224
20212,0.68487006
22287,0.7781295
55792,0.93317086
124159,0.8779977
49055,0.98416406
34595,0.8856319
38653,0.9933084
11365,0.062245484
62740,0.868276
51615,0.6949349
96456,0.070105046
17369,0.31660038
28545,0.7204016
123930,0.94362944
12249,0.80758226
46122,0.9399349
82569,0.0016607605
25517,0.9816483
49118,0.6686389
12387,0.6239294
1451,0.42862263
46907,0.62728435
62122,0.9938805
62793,0.8508268
80038,0.0016607605
112769,0.077796444
13833,0.13741311
117387,0.18240316
98295,0.9556913
117040,0.18290797
69156,0.50107586
108383,0.19410495
80162,0.001663111
90487,0.001663111
57007,0.76638883
122164,0.89172286
98934,0.5668108
22013,0.7833842
121276,0.81161904
121619,0.45555386
66475,0.41936946
7160,0.36791474
101439,0.44094726
114406,0.23636346
25628,0.029028157
81898,0.0016607605
93667,0.73288995
87454,0.0016607605
85894,0.0016607605
35880,0.91068655
33368,0.7196956
56837,0.51205856
9759,0.48254535
8980,0.3588021
86473,0.0016799633
118492,0.67448395
29785,0.21747352
4954,0.99154764
94226,0.97008026
25787,0.08963041
100373,0.37548178
116172,0.4220188
89868,0.001663111
89622,0.0016607605
91351,0.0016607605
77755,0.001663111
46760,0.67930466
7767,0.42376235
120572,0.90846604
29163,0.45977542
62600,0.80610406
93316,0.13202201
121961,0.50498694
96668,0.9616754
81910,0.0016607605
68634,0.6143253
31080,0.44059193
109041,0.019170305
99814,0.15121189
112044,0.77729774
81866,0.0016607605
55253,0.17836057
5213,0.99222857
95650,0.21815349
3744,0.14833604
19020,0.8207603
64387,0.92540646
3803,0.08462545
72598,0.43302497
106969,0.18458785
7535,0.50801593
59700,0.89259243
9414,0.7824824
107049,0.90694016
117550,0.53013176
30168,0.048872083
119586,0.6315032
87756,0.0016607605
99601,0.54920775
86645,0.001663111
115488,0.85496604
101469,0.13292125
361,0.28728843
49542,0.8717475
79688,0.0016607605
95116,0.1440265
86092,0.0016799633
70365,0.91696733
85203,0.0016607605
27182,0.59109765
52390,0.72788614
40108,0.91539264
78524,0.0016799633
101801,0.21842928
120810,0.707816
29048,0.75543004
107985,0.28811494
18056,0.8655225
6486,0.46972594
92567,0.4965074
71959,0.0763659
56836,0.4720429
115995,0.81479096
27472,0.13564958
97544,0.62717545
63071,0.21458368
118130,0.18507792
28409,0.18795708
100355,0.53689015
23544,0.835796
41256,0.97215027
119245,0.10753899
5537,0.18713166
73118,0.18581834
56043,0.8186584
118876,0.8739987
87033,0.0016607605
8049,0.71003246
100268,0.16046162
110317,0.3657851
109547,0.05345087
14730,0.65534014
94952,0.37615517
107556,0.8018443
40891,0.81662
112923,0.6727136
68243,0.5747486
64292,0.6795357
90716,0.001663111
55756,0.8273238
69880,0.19006978
122207,0.84813184
13677,0.57179314
11216,0.9162395
125008,0.5734647
46094,0.4129869
82982,0.0016607605
96309,0.36630923
50725,0.74578714
70310,0.18522483
111706,0.12550378
50762,0.88223296
45479,0.20524138
41741,0.13945968
112337,0.6456844
51054,0.19424607
54007,0.43624485
53753,0.7166383
35644,0.991981
21693,0.90329015
1142,0.92712873
53739,0.3569089
61790,0.43227065
121504,0.90412164
53204,0.477739
79840,0.0016607605
60801,0.90051347
56861,0.5070438
35442,0.9794366
36072,0.9757631
103482,0.7245982
7974,0.42504525
53790,0.43251002
77715,0.0016607605
115484,0.6860287
17041,0.22816712
63378,0.8303271
97278,0.16022904
28267,0.36738932
40230,0.98479915
109173,0.040408794
30535,0.9943626
20064,0.085223
60385,0.8996197
62868,0.40101832
90501,0.001663111
5504,0.39118558
112133,0.71270734
29687,0.8193782
42269,0.081977405
29780,0.576721
43616,0.5721421
124180,0.87598145
120552,0.64265823
70654,0.21516581
49378,0.7695848
120663,0.73249364
58320,0.9827236
48923,0.9799936
50730,0.59241307
20011,0.8890217
103250,0.1778678
106599,0.27082947
85603,0.0020682202
13879,0.09972154
49518,0.7577357
89656,0.001663111
83574,0.0016799633
105497,0.5925235
6987,0.13991296
84233,0.0016799633
37940,0.98235184
116121,0.20796321
17611,0.42806882
63593,0.90104264
89672,0.001663111
52326,0.79372907
65186,0.8227922
33111,0.22167742
98338,0.24837326
55349,0.83669376
35493,0.97676873
19361,0.12606703
47730,0.10369563
68589,0.6307679
46582,0.98649466
14105,0.9309064
2674,0.11082503
25523,0.98239374
69380,0.21947402
73812,0.66769814
1257,0.96375155
94076,0.97103554
111332,0.07572274
33737,0.15287243
69521,0.18772608
18350,0.06815957
90474,0.001663111
75125,0.0016799633
90553,0.0016607605
69738,0.7297683
78157,0.0016799633
87841,0.001663111
84421,0.0016607605
118956,0.87805736
66108,0.4257989
119135,0.534082
123338,0.831466
23169,0.5759998
62890,0.3249767
106330,0.9937184
79920,0.0016607605
48441,0.98740745
118596,0.7637858
47171,0.17960247
30142,0.023592198
108793,0.018075991
29796,0.12806989
56601,0.8234509
37741,0.9547199
28003,0.1735208
30370,0.992822
75940,0.0016607605
38785,0.5995582
39206,0.45383224
62448,0.91548556
55860,0.82910293
17220,0.12168201
86088,0.0016607605
17776,0.48271212
95778,0.52834916
89588,0.0016607605
91781,0.16999081
17760,0.89860696
17920,0.882806
67039,0.224012
121532,0.7624891
84684,0.001663111
21718,0.85513633
41684,0.8882759
12458,0.08800762
99714,0.6895941
80551,0.001663111
118910,0.19959688
115054,0.54469585
90147,0.0016607605
102832,0.11408182
49861,0.78624517
43627,0.9886685
113624,0.63928896
6118,0.0508985
61625,0.11929092
121100,0.78176194
66348,0.5851081
83750,0.0016607605
30688,0.99255776
99555,0.562689
8992,0.15283065
70278,0.26562163
20202,0.17762402
57207,0.97262424
99445,0.10632329
48072,0.12794213
99147,0.6710113
48526,0.9491832
80771,0.001663111
39126,0.9938783
103101,0.10581385
64584,0.58884525
71277,0.3420547
116747,0.7763563
117253,0.17245549
67175,0.9186544
125077,0.4396755
108462,0.53616154
63786,0.62049526
19351,0.52471274
51654,0.25787118
13345,0.9304918
75155,0.0016607605
81559,0.0016799633
24801,0.72986823
40662,0.982748
121463,0.8011381
119125,0.23583145
67044,0.1895317
45915,0.9612223
57103,0.68403095
122494,0.7688753
73528,0.40296137
29546,0.5986271
7158,0.47259727
23549,0.92502075
57075,0.99332905
110550,0.05786737
14148,0.9737388
17092,0.68263614
53106,0.80082643
58354,0.8310315
83571,0.0016607605
51975,0.5024307
94593,0.35998136
85879,0.0016607605
103485,0.24050361
108903,0.033222888
94779,0.1628793
98859,0.74821246
119143,0.28750753
68547,0.46563613
112899,0.26468033
113971,0.3723969
13130,0.53399366
101883,0.56895566
21136,0.6090105
49106,0.23668043
93419,0.38421628
5714,0.11322405
94810,0.52861404
124653,0.9855208
117031,0.13721594
14996,0.9261108
86877,0.001663111
60824,0.48466024
101195,0.5936534
84374,0.0016607605
114510,0.29761383
6711,0.69190603
53930,0.44427797
22124,0.97035855
123509,0.6818525
98259,0.59830993
19570,0.96192056
121090,0.7882052
99486,0.73076445
59319,0.7676605
71306,0.2053149
81240,0.0016607605
51787,0.7028425
65834,0.5716547
93986,0.0883272
82169,0.001663111
60575,0.9199873
86347,0.0016607605
68719,0.17435968
26267,0.40156293
90004,0.0016607605
4080,0.9354401
13606,0.49843606
84653,0.0016607605
32832,0.7234889
39723,0.1412248
14591,0.45961425
67656,0.39038184
70134,0.18674496
48068,0.14688936
35474,0.8421512
21292,0.019997241
12825,0.4822152
28645,0.6784154
24485,0.023673424
110810,0.042484496
12364,0.17157574
91271,0.0016607605
67338,0.16641758
92167,0.34183106
99563,0.45327407
39023,0.98463446
48901,0.972694
72970,0.92267054
101352,0.103681184
4644,0.31314576
66872,0.22059119
33268,0.25167286
52733,0.75836796
51720,0.6866496
87972,0.0016799633
81181,0.0016799633
37712,0.8501546
29181,0.57558316
45861,0.9771618
20002,0.9652816
39060,0.99122757
59055,0.86752737
177,0.9758999
46584,0.6807879
104156,0.18613082
22539,0.08760658
22687,0.5545367
8126,0.58908683
38153,0.4958349
65721,0.53703815
121815,0.79372096
79315,0.0016799633
109390,0.042505056
88471,0.0016607605
18722,0.68951607
35229,0.9789042
12202,0.4051116
12587,0.117628664
8440,0.14933906
84249,0.0016607605
18127,0.9892754
82809,0.001663111
88603,0.0016607605
80781,0.0016607605
107589,0.2734982
26223,0.58044297
51885,0.21213226
2637,0.18792748
121546,0.87953174
122798,0.8182705
110865,0.019475602
88722,0.001663111
25620,0.05502693
57295,0.93970495
86591,0.007555604
3036,0.5717253
84328,0.0016607605
116020,0.59910136
63628,0.903024
4532,0.89704657
115456,0.23912889
42405,0.56826955
81165,0.001663111
111767,0.21275735
13838,0.7936117
50232,0.8708427
13987,0.23964724
40085,0.99030226
49290,0.91052514
14209,0.94406515
27900,0.5771538
12134,0.5526623
124788,0.9114247
102547,0.1256335
59420,0.87550896
2394,0.11428051
117203,0.120493054
46086,0.13973434
96986,0.400168
104254,0.21381907
34989,0.98401505
35956,0.9924177
90615,0.001663111
72038,0.14631689
32481,0.52835333
98428,0.751162
30325,0.6472802
39585,0.9784767
17495,0.990256
94574,0.7541167
101756,0.48703364
115162,0.13621798
53985,0.3854006
76336,0.0016607605
31204,0.9904924
55914,0.76682013
52903,0.10603913
96674,0.93754596
112289,0.59615505
74018,0.18700095
59607,0.97408354
41344,0.9870588
71599,0.6652915
101668,0.290064
9558,0.09412912
79623,0.0016799633
36045,0.4909518
98802,0.110503905
49827,0.27791512
104537,0.4488815
55036,0.6419873
115232,0.752632
70369,0.1391667
54527,0.16113602
14004,0.9417683
24677,0.9537295
82793,0.001663111
79107,0.0020682202
88565,0.0016607605
76189,0.0016607605
101501,0.11421064
60039,0.2788337
52913,0.10338674
63202,0.9655138
25490,0.9648246
87408,0.001663111
67711,0.12457371
80974,0.001663111
119056,0.100226626
67444,0.5139029
38846,0.99328905
3629,0.66682863
117302,0.111351706
104691,0.24406342
81048,0.0016607605
111854,0.3903831
7460,0.509534
116026,0.8693878
101819,0.42670912
8133,0.6558611
9767,0.6892637
33845,0.6549987
45956,0.98190296
34594,0.88159865
106212,0.6070894
21796,0.20254451
14788,0.9618062
79157,0.0016799633
117092,0.7228262
44108,0.9224149
91317,0.001663111
77674,0.0016799633
104568,0.7399696
21313,0.04364136
19713,0.19090062
105226,0.5072587
53005,0.7878962
78294,0.0016607605
106894,0.9793848
41324,0.9541165
40761,0.8085541
121332,0.45556223
50098,0.3251778
116619,0.6900913
112927,0.19440544
62843,0.90929645
54799,0.7934948
114413,0.22826084
35200,0.98377395
82709,0.0016799633
96027,0.56428117
117811,0.63211864
69424,0.19611868
59214,0.99223787
92887,0.96127826
16641,0.924077
87929,0.0016799633
50977,0.56570035
102296,0.18506575
2050,0.92927074
124551,0.67929226
59301,0.7881029
121585,0.90321875
36990,0.9885507
13703,0.17029183
11090,0.65368974
50545,0.7061474
105281,0.35657233
83120,0.0016607605
102282,0.5117743
76762,0.0016799633
118477,0.17828962
83000,0.0016607605
72656,0.14189757
68436,0.40186986
71208,0.49383494
48758,0.17740338
99542,0.5593625
55031,0.6786263
5901,0.08324262
67276,0.5179069
49673,0.4904905
116866,0.64326525
45997,0.92821413
112998,0.6103714
28244,0.35287398
85893,0.003950509
93027,0.78527105
103109,0.105310775
532,0.7455111
26788,0.94217795
114342,0.09808247
114322,0.8941079
12763,0.16828544
73177,0.23774791
31869,0.9794366
42666,0.9801427
105358,0.37756371
109623,0.055325057
46498,0.95165503
101165,0.7065591
13656,0.7974516
8955,0.22544107
124072,0.8695558
19490,0.7881824
123258,0.9742512
69099,0.29003215
64594,0.6748183
122459,0.39957654
13469,0.6654134
24132,0.037654396
93293,0.060294766
58122,0.7578198
24444,0.03289221
81916,0.001663111
105241,0.3731485
60431,0.77435213
247,0.043359518
92184,0.6842772
9958,0.04298382
77618,0.0016607605
54361,0.3260767
98299,0.5023892
7190,0.22019242
5052,0.9857648
67495,0.21548848
10741,0.18039306
27965,0.11157785
106444,0.3300107
94641,0.35471883
52759,0.7075888
67035,0.55674034
42885,0.94853044
80693,0.0016607605
93718,0.30357727
88791,0.001663111
475,0.04589273
43664,0.80926555
26496,0.83524346
118765,0.75380534
86573,0.0016799633
91235,0.001663111
31862,0.9598491
106251,0.9780451
101449,0.1653187
116854,0.20366511
81355,0.0016607605
27281,0.23548168
123344,0.831466
82335,0.0016607605
2105,0.1317204
26887,0.98758763
59904,0.8743617
110609,0.07560943
64041,0.23203625
100968,0.34736404
20972,0.7670533
29952,0.016310234
28285,0.114522345
16599,0.6527764
25460,0.9284021
65189,0.72465134
71927,0.08269556
49839,0.5956474
24701,0.9792132
48829,0.98238796
105214,0.75813407
105820,0.14102904
68285,0.18257895
98190,0.9906873
71225,0.43479285
122674,0.56797415
51483,0.29161626
109979,0.19490628
46791,0.06754994
38973,0.5106833
120089,0.38483024
75454,0.001663111
42516,0.9830376
110803,0.46358052
111495,0.47483328
102537,0.3686256
45514,0.15094738
87311,0.001663111
25438,0.97437525
5950,0.09102543
77385,0.001663111
92518,0.36739287
38399,0.92514104
115009,0.8665377
85021,0.0016607605
24196,0.9508025
59318,0.7624461
121410,0.37554228
46307,0.9652816
103174,0.43868223
59406,0.93682414
55666,0.47556916
111847,0.11730253
59738,0.6726492
29882,0.030551368
75032,0.0016607605
66437,0.4272426
118024,0.15537588
106742,0.26396537
5198,0.99222857
20091,0.09071855
36893,0.967699
85647,0.001663111
51442,0.17305717
111343,0.22396182
52225,0.6739773
114283,0.31371427
30338,0.9712909
33181,0.24154526
117427,0.12076499
47325,0.40882698
109514,0.015470233
107855,0.43531862
45687,0.9650533
69272,0.47033525
84657,0.0016607605
27345,0.61370426
115417,0.12517224
89251,0.0020445883
91137,0.001663111
27641,0.12684923
79533,0.001663111
51385,0.7469382
123054,0.7987789
50797,0.15087159
64563,0.1705879
51216,0.4431045
124175,0.8094601
23573,0.98144126
79092,0.0016799633
92054,0.040380567
77453,0.0016607605
85259,0.001663111
1214,0.8360287
69223,0.12944888
50835,0.11016153
56492,0.8743617
51344,0.18290797
84408,0.0020682202
99683,0.5816549
25501,0.9796673
14200,0.8228391
93315,0.40079793
71687,0.1652202
53351,0.7919822
61346,0.87662107
122027,0.968932
17185,0.77235514
22274,0.6969049
69352,0.30660683
121892,0.5156687
110264,0.039178185
34291,0.56105965
66901,0.1790075
84927,0.0016607605
116115,0.7773618
22301,0.7588093
55555,0.9348338
11652,0.1491943
48175,0.5758165
12569,0.6751567
18219,0.8503805
41347,0.9892663
36773,0.9751629
77183,0.0016607605
8545,0.74602354
26273,0.6317265
88776,0.0016607605
18910,0.07751365
28936,0.6276679
35394,0.56544155
73200,0.23003745
26429,0.7933233
112393,0.10687359
106635,0.3692905
100468,0.50646615
31086,0.8439776
91237,0.0016607605
53499,0.8196519
43307,0.45455667
115974,0.5130465
97212,0.31018838
89468,0.001663111
85990,0.001663111
25873,0.6439515
33028,0.025415756
52142,0.19616918
10523,0.06361913
66842,0.18989648
96734,0.95215786
33390,0.81429857
124728,0.7538472
9802,0.5878276
6534,0.02984387
24044,0.23716745
46633,0.9884998
54605,0.4029266
9916,0.44393054
5325,0.45874673
15833,0.065609224
88847,0.0016607605
24380,0.85787576
32663,0.9935874
50332,0.14387503
30029,0.82068896
51776,0.6115599
84310,0.0016607605
55694,0.18692099
42278,0.05575889
16290,0.6280552
49111,0.2891664
109129,0.06352599
121653,0.83838725
2461,0.3000691
6589,0.35827556
102824,0.6609488
15111,0.052704077
6858,0.30525476
12839,0.8554988
119439,0.17510612
87160,0.0016607605
120804,0.85390437
72188,0.2724134
9493,0.10761126
47864,0.51205915
10898,0.11845947
76280,0.0016607605
29060,0.5679625
48722,0.98626363
6545,0.03919982
97182,0.078437515
9282,0.06714004
91033,0.001663111
2844,0.18824232
19772,0.42359596
59571,0.9056691
121036,0.09060964
52673,0.1122508
124296,0.9356077
46754,0.25756449
93080,0.9813967
48137,0.6485064
11658,0.55071974
122349,0.58694685
70881,0.20980217
28684,0.7508155
13293,0.09366363
41140,0.9936008
64325,0.6292424
111962,0.44381416
15636,0.9632306
46210,0.990724
109141,0.02810919
108409,0.8072003
2918,0.14473966
86007,0.001663111
564,0.24323554
23336,0.72946626
4860,0.32284334
88049,0.0016607605
23290,0.6872347
62834,0.7809111
9994,0.7124906
19489,0.82783747
4696,0.719152
63397,0.8792038
71646,0.3604428
46636,0.98388827
103405,0.15108927
99096,0.4048874
91332,0.0016607605
62463,0.76936126
49852,0.7479545
53766,0.5445354
63118,0.84334624
49178,0.8254233
38028,0.9866348
88777,0.001663111
115408,0.5513463
93295,0.50417185
61706,0.55157566
65032,0.46425825
125042,0.38735995
65509,0.6713696
63714,0.91050905
98496,0.24868138
54236,0.17034365
87222,0.0016607605
79679,0.001663111
70392,0.15863138
38940,0.965461
39837,0.77305764
25030,0.23585811
72046,0.14631689
37412,0.9911185
28951,0.62721395
115863,0.28261808
24149,0.92619723
45877,0.9909704
39396,0.9107608
120203,0.82394135
89538,0.0020445883
59640,0.9372922
26310,0.17201225
56840,0.14215179
12455,0.13579883
36807,0.50597566
70832,0.5208264
27430,0.74733746
45129,0.99318945
34977,0.8840662
82795,0.001663111
38132,0.3090917
77579,0.0016607605
93065,0.9659353
118840,0.65261984
20736,0.50844675
44868,0.9437731
91588,0.0016799633
27193,0.75777626
98480,0.18139194
95310,0.18957178
17340,0.79891694
52656,0.6620308
84094,0.001663111
108289,0.668601
4534,0.9671674
34193,0.98908126
72959,0.82187134
447,0.053618304
98924,0.12105592
382,0.06490588
93421,0.40354836
50912,0.6936209
42385,0.11554409
61458,0.99161434
17113,0.7995015
47246,0.48211145
116446,0.6872382
96264,0.09866033
35495,0.9789042
87699,0.001663111
89405,0.0016607605
37636,0.9880933
27758,0.33758706
18073,0.9187687
123349,0.09496802
3871,0.23527499
13075,0.9392179
32141,0.9916415
14753,0.9297696
112441,0.531376
110518,0.062351625
55394,0.59866464
23565,0.96866614
7559,0.4564448
46847,0.13883027
91212,0.0016799633
119806,0.17264847
118417,0.80673295
38952,0.9713202
52267,0.88650006
53002,0.8311701
10770,0.10390538
118755,0.1752257
120312,0.20682776
563,0.6368957
60764,0.86338836
35246,0.92389613
59116,0.73382926
81409,0.0016607605
109851,0.058924746
90897,0.0016607605
12041,0.49561858
45365,0.82594687
66688,0.22467355
1394,0.7590521
83298,0.0016607605
123203,0.95761055
75301,0.0016799633
69306,0.14657494
80075,0.0016607605
37506,0.72627383
6861,0.97548693
69298,0.4059552
12069,0.4754334
96922,0.8341321
19529,0.64108396
84303,0.003950509
78990,0.001663111
122415,0.2302557
1887,0.88082606
116600,0.7550304
113421,0.25056756
118514,0.1824048
119860,0.1899379
3923,0.11040353
100437,0.34533408
60874,0.98964185
96870,0.60649174
58382,0.8779639
94392,0.6527392
72716,0.79175544
73587,0.40672216
36654,0.9905714
113658,0.79181737
108846,0.039707165
100411,0.115220435
64312,0.68476623
112279,0.5860903
61994,0.8515278
76418,0.0016607605
6595,0.9363194
3521,0.14800976
115888,0.6427302
68233,0.22724645
32815,0.72855717
83560,0.0016607605
64251,0.85449857
35217,0.92389613
8788,0.16347994
76586,0.001663111
62750,0.75483876
26012,0.07837862
20127,0.025129529
85805,0.0016799633
92992,0.9854693
105995,0.65131664
38734,0.6368784
66630,0.07406833
88977,0.0016607605
42696,0.9812991
32619,0.9615484
79086,0.0016799633
12616,0.54799163
35105,0.96663105
90513,0.001663111
18427,0.51961976
92702,0.53996813
4395,0.90220296
13236,0.32130787
18366,0.023899341
22787,0.7832613
49402,0.97003514
85697,0.0016607605
103926,0.30968618
36190,0.87342966
34140,0.5940668
22758,0.15749492
81776,0.0016607605
9205,0.86245847
37469,0.98043746
92341,0.6350356
85149,0.001663111
122202,0.57979214
30615,0.9934662
94500,0.3447931
60831,0.9567997
96381,0.3620505
120970,0.93420637
41652,0.9770379
77064,0.0016607605
33064,0.952826
58700,0.82363284
49754,0.8373671
119664,0.13282089
111780,0.25085905
1131,0.63780683
91376,0.006104221
120466,0.11855628
114300,0.3017435
82164,0.0016607605
22219,0.96688855
85451,0.001663111
98250,0.09561594
62109,0.9899254
123355,0.5805416
88284,0.0016607605
55173,0.09226387
25522,0.979958
107909,0.5608501
100486,0.56378645
73562,0.20428307
122332,0.93059266
18795,0.7766699
4402,0.87467927
92091,0.31735486
60720,0.22752099
62316,0.9851525
95133,0.7353911
4646,0.8616059
28611,0.7774303
5313,0.977023
53322,0.61535376
45762,0.34526277
19907,0.024841769
95431,0.1699805
33198,0.8898097
59824,0.76815385
53207,0.75079185
80765,0.001663111
99296,0.10862572
49539,0.30757365
69054,0.33401588
119732,0.64778435
64564,0.7033651
99948,0.48535758
48706,0.9831565
80192,0.0016607605
100404,0.55935496
95618,0.40426248
109143,0.04367206
8591,0.6774344
56795,0.76065606
102754,0.114424616
118162,0.72886926
71607,0.73548084
16675,0.70814335
48556,0.9772453
99986,0.11550806
106628,0.403746
98835,0.45351216
28921,0.96484625
23052,0.56593406
103508,0.382083
61915,0.47137153
80194,0.0016607605
2265,0.47542328
44825,0.87950927
118733,0.66101414
28118,0.65487367
43961,0.9916612
15683,0.08520504
101304,0.08963819
62867,0.1917427
114455,0.8055889
79908,0.001663111
89087,0.0016607605
66027,0.24980807
114824,0.62918454
24690,0.97280926
51802,0.80887187
10708,0.23224871
91942,0.036208317
67229,0.68229824
82955,0.0016607605
77727,0.001663111
91534,0.0016607605
55714,0.80833656
59925,0.37841335
99475,0.08147041
12303,0.48329842
16982,0.68263614
12331,0.5386936
91067,0.0016607605
103040,0.08749323
8416,0.080199495
71564,0.26612392
104644,0.45140836
88863,0.001663111
117760,0.17951964
38603,0.4912525
124525,0.86417997
49867,0.2650489
50294,0.5582046
66318,0.83865005
86636,0.001663111
6768,0.7095932
99970,0.47713697
62522,0.98886335
97067,0.38068005
23444,0.4450716
52755,0.7796035
56791,0.95815396
47571,0.16764814
83797,0.0016799633
104785,0.16105208
8599,0.74602354
57506,0.34061393
19194,0.56776655
113307,0.38558248
95265,0.07546442
98787,0.26143593
83703,0.0016607605
22912,0.9199477
67894,0.53191286
58134,0.68097544
124013,0.5158788
95034,0.35231283
50812,0.7525893
18854,0.4944659
117108,0.7151327
87762,0.0016607605
5139,0.986728
86845,0.0016607605
63508,0.9552481
100051,0.38428217
101637,0.48460367
82115,0.0016607605
82303,0.001663111
113468,0.7677034
105377,0.98600185
65004,0.84615517
11898,0.08791577
110130,0.05413848
22082,0.7743742
11736,0.21851575
97482,0.69451046
91169,0.001663111
111848,0.10311579
8692,0.43122646
97990,0.10682039
99961,0.53099513
1089,0.47549874
61005,0.26204202
43923,0.9898432
105028,0.17932625
112798,0.74238867
101534,0.672412
58854,0.6485561
9002,0.58015376
50428,0.14600427
71517,0.21121478
44810,0.83821094
115786,0.30977106
40800,0.9214489
83337,0.0016607605
81641,0.0016607605
65652,0.72742325
124067,0.8190602
80246,0.0016607605
90468,0.0016607605
49108,0.85654545
109502,0.013563196
62227,0.90051347
14857,0.07506484
107840,0.45978737
106758,0.57389885
66134,0.5522826
44272,0.6468713
38699,0.9950322
33145,0.37318635
113500,0.18868847
76996,0.0016607605
24456,0.038537383
38781,0.8408869
22875,0.8214953
58212,0.83827364
32812,0.72534645
51644,0.54002476
3458,0.73288995
125028,0.25818285
60756,0.85552996
10235,0.29517862
48249,0.9876556
30004,0.050537504
100552,0.3865605
28410,0.11017922
70763,0.40563712
105373,0.97973675
118023,0.11800733
60851,0.9722126
104683,0.5974529
125132,0.8814891
117965,0.131237
106470,0.757679
47227,0.23456113
90875,0.0016607605
113864,0.6745104
43995,0.9934762
92605,0.054898784
106705,0.5668108
1581,0.41862872
77191,0.0016607605
121658,0.9548183
91812,0.011569322
104701,0.6968009
23857,0.5262692
35777,0.9920438
34267,0.7319854
120753,0.7235245
40243,0.8629568
4049,0.18642016
97143,0.12187187
2080,0.39973512
107274,0.57700413
25500,0.98335266
87442,0.0016607605
1128,0.50937635
118392,0.52946436
39796,0.99053544
22707,0.61704844
13494,0.2714755
47116,0.06844734
30948,0.9714443
64628,0.917435
2440,0.45252383
41882,0.061974745
94433,0.38398963
79764,0.001663111
82002,0.0016607605
34608,0.8675199
49482,0.12283001
3609,0.04633478
78070,0.0016607605
122229,0.49319524
63691,0.90983593
116236,0.52125704
11822,0.17433774
86187,0.0016607605
115219,0.185786
38173,0.7541807
123649,0.43664527
68514,0.66878885
95225,0.29909047
61990,0.30934134
36280,0.39650884
50527,0.9722725
72780,0.15394334
36142,0.98632413
70566,0.53764296
95805,0.13644236
10683,0.20586471
70913,0.86446565
94252,0.98346794
89296,0.001663111
103207,0.1520759
98450,0.1639526
54835,0.14987041
115336,0.6994383
54017,0.47872314
54227,0.18597375
107977,0.2169157
64889,0.4783146
74491,0.19512482
15866,0.51439387
82114,0.001663111
50419,0.15746471
107207,0.98706996
48761,0.40891135
27948,0.68844885
92107,0.35241693
105955,0.94223344
70529,0.39913875
23942,0.13400048
46756,0.6872586
86664,0.0016607605
52416,0.68681604
64925,0.7829789
88152,0.0016799633
80049,0.0016607605
83210,0.0016607605
29139,0.7990799
35945,0.9925103
101160,0.52259165
36920,0.49740618
93782,0.82451403
79466,0.0016607605
86033,0.0016607605
14198,0.71953094
98876,0.24999282
96669,0.5844501
38420,0.23816702
67833,0.1721801
79910,0.001663111
73301,0.20831735
43085,0.14834368
26485,0.20627628
58802,0.86153203
87782,0.001663111
78180,0.0016607605
87977,0.0016799633
2922,0.30120888
45725,0.13985482
14734,0.9503348
34534,0.87893623
115528,0.7732915
81088,0.001663111
121985,0.8887125
16435,0.16267554
48775,0.4686743
58324,0.9874922
23789,0.3196618
30800,0.9883813
3285,0.79446286
108528,0.51837367
3720,0.30902395
55116,0.75315964
38860,0.9937245
92507,0.45625818
32343,0.9789042
59344,0.95707715
79195,0.001663111
113114,0.093192786
116749,0.8381777
98535,0.16260166
53469,0.8839236
56860,0.6083208
42067,0.99072015
99395,0.07764694
109073,0.011201604
63078,0.8995628
68054,0.3160091
7343,0.93208
67527,0.785146
21611,0.5577084
23139,0.1626597
81250,0.001663111
2214,0.5162794
39517,0.5736946
100354,0.44713664
41927,0.94235927
69785,0.9664875
103658,0.15728399
56020,0.8640044
15997,0.71935993
21333,0.65664536
54617,0.72924227
28263,0.26076132
10829,0.23432368
29248,0.62023926
121832,0.71030957
49912,0.13005352
63130,0.85256404
90596,0.0016607605
15231,0.9411068
56740,0.66651964
3029,0.36975884
111669,0.19950335
106666,0.15633136
122628,0.76320297
108171,0.92479295
35791,0.5714695
45190,0.16439608
104451,0.20116587
92193,0.7386536
95121,0.7353911
88924,0.0016607605
1504,0.98362535
32281,0.13113795
9289,0.044324894
108399,0.60424554
22800,0.45238554
67972,0.13821824
53194,0.1692341
117334,0.37688032
7061,0.5540638
41859,0.10842315
24751,0.7993167
84796,0.0016607605
3953,0.07629411
49210,0.46866608
24291,0.9410864
42238,0.99194056
99682,0.39270648
19104,0.71371233
32929,0.7238622
31351,0.9616033
83565,0.0016607605
65495,0.6630472
36855,0.962353
63640,0.9072612
40531,0.99420846
65422,0.07110571
85493,0.001663111
76467,0.0016607605
26801,0.97464335
85039,0.001663111
111752,0.48043773
95639,0.47895458
17746,0.79690444
50626,0.7433873
11350,0.14538677
87124,0.0016607605
77224,0.0016799633
22673,0.5741055
31157,0.14948387
80739,0.001663111
27173,0.65968
87961,0.001663111
65317,0.96700436
84431,0.0016607605
124151,0.50314623
7149,0.69963014
5991,0.031768322
73055,0.9859358
26682,0.8249733
120923,0.5912362
6448,0.15790418
40925,0.9827251
72376,0.7185083
122535,0.8007698
59295,0.8032683
6283,0.7186071
21747,0.831547
20658,0.9412727
46499,0.95617574
96595,0.67346644
69611,0.9716238
109620,0.04694568
30831,0.36713785
26051,0.37652674
89773,0.0016607605
11883,0.114879906
20336,0.8678652
78922,0.0016607605
97840,0.06754818
14732,0.8154907
16144,0.7013985
33934,0.9285232
5074,0.99074906
4832,0.7069732
1096,0.22050923
29029,0.45258525
36315,0.8269645
97558,0.16746633
34000,0.9933343
64773,0.30227873
91424,0.0016607605
33048,0.96479255
110625,0.06219933
20047,0.9746128
15609,0.8144841
17878,0.9770338
6331,0.33468086
502,0.49992323
84471,0.0016607605
938,0.79801565
113312,0.37263986
87331,0.0016607605
4574,0.45413548
80172,0.0016607605
92735,0.109507665
85673,0.0016607605
105853,0.16801764
97021,0.82485104
122178,0.8540139
112246,0.6235288
102203,0.37359846
68091,0.28644365
37477,0.69004774
63900,0.7802957
107170,0.9897126
18297,0.99108094
65572,0.8118587
5057,0.9889259
4182,0.42962554
72485,0.29833117
44582,0.96403563
606,0.9696651
102237,0.34129494
89137,0.0016799633
98770,0.16913413
4857,0.84236866
45462,0.83227974
55590,0.56898737
18750,0.95354867
103407,0.15219526
24685,0.41273582
82000,0.001663111
117613,0.743206
9814,0.40704942
49431,0.6910703
25195,0.9878346
99919,0.15713124
53379,0.9204586
65840,0.87046087
13932,0.50340706
27854,0.12175028
114646,0.9539574
98143,0.42593113
89688,0.001663111
69478,0.1815186
23447,0.4289829
16548,0.79558057
2070,0.55613935
101026,0.047315218
53119,0.77530336
3192,0.21226099
85487,0.001663111
117739,0.73709357
98045,0.11961472
87173,0.0016607605
100535,0.42219442
9359,0.56387424
56520,0.7484163
22768,0.39534885
15767,0.19250047
42359,0.7989817
16637,0.80973315
13849,0.54145056
21781,0.8068129
73652,0.64887357
64666,0.723349
69196,0.5398434
103604,0.30839357
11903,0.10666758
63680,0.8660131
45383,0.6304173
33470,0.70104164
117745,0.8512378
60560,0.85985184
51461,0.9001089
68597,0.6264317
88680,0.0016607605
77124,0.0016607605
88589,0.0016607605
69756,0.91892046
45046,0.9590615
49596,0.8182705
34238,0.96666694
33453,0.45832956
72431,0.47105998
16076,0.5155784
116491,0.8583617
25582,0.22477557
39751,0.9571573
98544,0.35719672
88505,0.0020474808
60845,0.97156477
5540,0.6834342
47338,0.5548776
122792,0.81606704
30198,0.43859068
123467,0.8739202
22483,0.7718546
90389,0.001663111
46505,0.9728371
114798,0.8866429
71206,0.19874887
100852,0.59654945
85707,0.001663111
25829,0.04803192
69328,0.24272294
65882,0.7021676
23959,0.5082222
63029,0.89066535
32124,0.96594065
43031,0.9915605
45296,0.97051424
50104,0.20973903
85218,0.0016607605
19862,0.11599569
23079,0.12961446
21793,0.7279648
73311,0.19929568
22443,0.9752337
114183,0.52355593
5100,0.89642894
11932,0.13042201
78822,0.001663111
20664,0.97455376
87026,0.001663111
1498,0.9636582
98282,0.13809703
109456,0.018874507
21615,0.9747932
98316,0.58978564
46762,0.67930466
4913,0.9921951
123565,0.7455286
48907,0.9607367
73498,0.30536953
17127,0.8392618
54537,0.1261907
103516,0.7458691
83220,0.0016607605
84598,0.0016607605
35203,0.9873533
97166,0.1405144
97833,0.1138175
25894,0.16382456
28441,0.22418773
653,0.9862272
65818,0.41300708
91788,0.0688216
110350,0.15525839
68144,0.2071473
62101,0.9905377
69701,0.52287316
32235,0.9681893
107238,0.9915862
17946,0.982092
39383,0.9882159
101870,0.08793149
111795,0.15078871
7936,0.3639535
396,0.9613644
15150,0.33703342
63746,0.91050905
96535,0.07767129
37799,0.9921421
43004,0.99148643
6370,0.6660463
107185,0.7073988
124135,0.7412575
123826,0.16765967
120535,0.76641786
26727,0.17584768
35052,0.97044957
114488,0.2898908
91437,0.0016607605
74304,0.16997401
94748,0.4468629
18951,0.037654396
69301,0.2446555
38083,0.9133655
65430,0.12347417
72814,0.26682562
47976,0.95841044
32338,0.96745443
100303,0.1049852
83787,0.0016799633
114260,0.7935835
36049,0.9434837
37234,0.8548943
56175,0.9777338
42949,0.9924198
36447,0.90831935
9596,0.5208827
82816,0.001663111
123942,0.9756409
62829,0.7396176
108434,0.24685338
37719,0.8361464
87234,0.001663111
30025,0.031670786
104671,0.5009594
62014,0.4153198
63204,0.9796246
44929,0.9773573
10278,0.08921874
60081,0.76224816
34317,0.108942136
12459,0.06944878
89914,0.0016607605
90349,0.0016607605
13183,0.44969264
65065,0.7826545
76598,0.0016607605
120202,0.8220919
120879,0.6379668
55684,0.6085613
109548,0.031472676
24180,0.9676732
56974,0.93673617
80862,0.001663111
97513,0.6900046
90493,0.001663111
81280,0.0016607605
33084,0.5189859
59719,0.87845457
106485,0.17388335
121895,0.5951509
95188,0.31987125
90767,0.0016607605
55524,0.76014096
16043,0.12565039
81293,0.0016607605
11228,0.12919532
10467,0.021799538
85516,0.001663111
8671,0.33919445
26941,0.49519843
73059,0.9900845
25676,0.57230395
43106,0.37596175
2366,0.6286046
117024,0.14991808
113534,0.6457333
34018,0.5959104
109742,0.015984386
106243,0.9580383
82734,0.0016607605
75738,0.0016607605
71707,0.12421072
91596,0.001663111
44813,0.63093084
8357,0.13623618
94786,0.19848867
60944,0.4494286
77315,0.0016799633
47431,0.1957634
69788,0.97391504
61412,0.83330715
86875,0.0016607605
78996,0.0016607605
116784,0.6871242
121144,0.6169013
52481,0.6509369
103246,0.6809706
48063,0.08463594
38563,0.9654524
18909,0.063729405
78636,0.0016799633
7687,0.5561927
41060,0.9834932
88531,0.0016607605
118864,0.5999119
80415,0.0016607605
97549,0.6305555
101127,0.4068767
114163,0.30533057
3064,0.8656984
63860,0.8271297
28993,0.8007315
124982,0.7236306
64935,0.12985797
72909,0.17614321
81574,0.001663111
77612,0.0016607605
11906,0.061509028
102543,0.7505095
92667,0.3443133
56444,0.8247755
26109,0.78241825
121782,0.80660623
69158,0.5040085
44535,0.98494405
83954,0.0016607605
75282,0.0016607605
61510,0.979005
77706,0.0020445883
111750,0.5239601
121106,0.28121012
31935,0.9519563
46818,0.4740205
92034,0.03376561
54906,0.7881243
1908,0.9718764
12930,0.12419996
6652,0.10004429
116890,0.14554815
54164,0.3563288
43130,0.77087677
9428,0.6662624
14313,0.07268026
68521,0.13846318
25913,0.13213743
53416,0.8839236
120029,0.7542242
2469,0.29376605
62484,0.5773463
75907,0.0016607605
12856,0.4169837
23403,0.5888144
81207,0.0016607605
83732,0.001663111
2403,0.06850712
83208,0.0016607605
45026,0.6732887
63121,0.8392759
112715,0.6407001
23580,0.9760736
90605,0.0016607605
9442,0.16997059
123532,0.44472247
22410,0.94259083
25106,0.9825525
102101,0.32863954
97765,0.12248157
81118,0.001663111
32566,0.70938826
35851,0.4519454
72819,0.16626176
34997,0.70833373
10843,0.118859515
86754,0.0016607605
1549,0.5935538
110551,0.13141271
33759,0.09253575
97127,0.6329414
91915,0.014823152
29894,0.023788765
26675,0.97153014
38931,0.86054736
100179,0.47634056
96865,0.68907005
51250,0.15581876
99856,0.48772576
43348,0.9808086
29625,0.693655
106411,0.67435807
45177,0.10285731
4219,0.781234
4864,0.44658852
37468,0.98050827
107475,0.18714
113741,0.22541
34353,0.119170554
86532,0.0016607605
99226,0.10997897
16236,0.58908683
120399,0.12773992
37738,0.9266084
66891,0.18270811
10453,0.037442908
5471,0.5803557
15792,0.12188405
60701,0.9818549
82350,0.001663111
52064,0.9191207
103169,0.12964818
109993,0.039178185
39178,0.9623664
74158,0.15844466
103597,0.52519244
5709,0.39453274
79748,0.0016607605
91931,0.0130956955
122752,0.82880664
37257,0.98437804
101029,0.076444805
97028,0.9131762
31301,0.10369694
43556,0.8017289
28211,0.12360683
15824,0.098830186
97711,0.1662946
30205,0.25318938
72347,0.121500015
91411,0.0016607605
123847,0.5365447
2526,0.12391217
72746,0.22719795
25072,0.9807118
46835,0.88242245
22517,0.21965921
24994,0.6794225
112865,0.21415709
23513,0.9426145
122190,0.885688
14225,0.18307684
77984,0.0016607605
30970,0.97959113
113105,0.68860406
77940,0.0016799633
63831,0.24680395
104431,0.2683444
122971,0.18724717
97834,0.095161125
82497,0.0016607605
85793,0.0016607605
117617,0.8149548
16651,0.6148047
80239,0.0016607605
24253,0.54285896
3908,0.8774998
10154,0.06706216
104320,0.81234056
98108,0.09197209
52663,0.22592907
83164,0.001663111
52714,0.20747349
8853,0.7036155
20042,0.46071306
14639,0.9722421
12084,0.6548235
45866,0.9829207
20654,0.8836979
66990,0.39326182
118239,0.75581735
551,0.90589064
38290,0.47099417
70447,0.20499419
119606,0.53999406
85448,0.0016607605
5817,0.42922017
55900,0.42120028
124786,0.84811586
13549,0.18481858
36601,0.97669524
100034,0.10285006
54304,0.8038221
20484,0.2250907
22258,0.6969049
83302,0.001663111
111099,0.16083433
60880,0.68496096
105309,0.6697697
75160,0.0016607605
115311,0.3434939
17873,0.97572917
113524,0.19351228
27120,0.72646254
49658,0.8177175
91764,0.022295523
123884,0.7176403
70247,0.31833908
36057,0.4142141
32388,0.9943205
6338,0.6618721
82334,0.0016607605
31411,0.7173348
49791,0.8222495
76141,0.0016607605
117900,0.7489735
36761,0.94851124
95757,0.30623585
15620,0.946089
56015,0.43538445
19554,0.9203504
16594,0.23091108
63817,0.3422212
2925,0.13406639
55493,0.72055304
107279,0.5292502
108203,0.9329017
9614,0.5208827
93476,0.09717753
40026,0.2121451
15320,0.13696606
47678,0.92344314
110738,0.16407779
122825,0.873132
89376,0.0016799633
56952,0.98359066
37029,0.97676873
10104,0.85292137
25041,0.7922904
107234,0.99464935
51824,0.93230665
93471,0.29013565
19672,0.98712975
108711,0.019387897
111274,0.6252104
20223,0.74424136
17351,0.6395785
88200,0.0016607605
95166,0.1018044
58498,0.8685869
49616,0.83505976
47281,0.22266324
35120,0.9833293
51687,0.7921208
36677,0.9355177
31606,0.7260696
101106,0.8957665
19304,0.2112823
5064,0.9921056
43134,0.7902273
47737,0.5369335
48513,0.9689057
12121,0.12354983
93678,0.3025322
54025,0.49445143
83069,0.0016607605
17479,0.9845131
49669,0.2698746
88304,0.001663111
69276,0.597983
66075,0.2919046
36032,0.96049017
103668,0.5526603
99286,0.10979615
95475,0.7499549
91422,0.0016607605
39309,0.38916034
10561,0.10297263
27963,0.82201606
110233,0.047761295
23373,0.69655305
90288,0.001663111
26240,0.59399235
53287,0.48494652
76699,0.0016607605
120596,0.27685177
91409,0.0016607605
42921,0.989189
89168,0.001663111
120354,0.73147166
20353,0.9573359
99268,0.1665554
123315,0.8370321
61669,0.16348356
59570,0.90342516
88663,0.001663111
59595,0.9674078
92850,0.32320094
65871,0.87391156
119685,0.88203484
52022,0.12362714
73366,0.13088155
116483,0.76536334
100892,0.9702242
34567,0.864974
31333,0.25557938
66167,0.5965036
75479,0.0016607605
61813,0.89289516
119253,0.43061167
54626,0.53010464
29522,0.25945947
124896,0.5743014
76059,0.0016607605
40987,0.99077797
97755,0.1885556
937,0.9896638
62493,0.9719794
49744,0.1330168
82792,0.001663111
34472,0.6473727
53543,0.40188968
47494,0.9757606
70689,0.56965923
55107,0.81208026
6958,0.7956112
48338,0.63542366
76078,0.0016607605
10505,0.751202
24550,0.015532692
57169,0.6500348
30530,0.991211
98942,0.13795705
33066,0.96720403
93206,0.29523757
105371,0.97902316
25182,0.9790248
56484,0.28520635
72587,0.25219554
97144,0.7343028
107410,0.20550402
61073,0.94157207
76246,0.0016607605
3847,0.3004442
21656,0.7188194
120772,0.09030287
18322,0.1447339
47705,0.5202072
8267,0.31138822
19736,0.68326664
22496,0.84143543
60224,0.19867887
96306,0.20756303
14707,0.9774114
77780,0.001663111
44104,0.8481036
106536,0.6305507
40381,0.99298906
60213,0.2206848
20350,0.6751815
24136,0.027375411
39794,0.9923953
78037,0.0016607605
104304,0.20189992
87205,0.0016607605
46080,0.65844804
104167,0.16612759
77377,0.0020445883
34121,0.9587089
112689,0.6591285
121128,0.6717056
71293,0.36711112
69064,0.6161634
108391,0.18613024
29799,0.4296406
14451,0.9774049
39058,0.9934534
31396,0.96256626
68353,0.39875314
70343,0.18144976
45980,0.7315836
77217,0.0016607605
93968,0.3655829
74520,0.15116076
11459,0.08849282
33976,0.97404057
98311,0.38109568
76012,0.001663111
107500,0.41174617
66716,0.34371024
99849,0.0848513
120380,0.26483408
53712,0.085485436
81041,0.001663111
103561,0.19829899
13965,0.07146431
29326,0.86100525
2849,0.67244875
107889,0.18040867
100790,0.1091883
12014,0.06967931
62198,0.99340546
114759,0.37577024
20755,0.81290287
106845,0.99301046
112726,0.4505933
98184,0.9866306
111885,0.06903324
72862,0.20225857
20246,0.5211776
77356,0.001663111
72512,0.8105868
55199,0.4757629
107252,0.9934482
29750,0.4712376
9259,0.14931445
49279,0.70435894
79310,0.0016799633
24709,0.9824452
2600,0.4953516
19581,0.7612289
103203,0.7073112
18883,0.3845692
71598,0.6313636
24691,0.9759645
35315,0.585418
56370,0.9783709
54128,0.4001574
64103,0.13331847
102414,0.11076452
59834,0.7978869
104393,0.7269477
56124,0.9922925
13514,0.8958355
68451,0.2658381
97615,0.20756303
111863,0.45645145
73624,0.4154666
17107,0.81189656
68863,0.027552206
25993,0.10436706
102962,0.1350822
30769,0.9929055
74828,0.570914
52633,0.2910846
21070,0.24197027
9839,0.11177656
11361,0.1035385
48271,0.095755
70583,0.19901845
100783,0.53894097
27647,0.5487233
96213,0.6489292
17571,0.62645674
98185,0.9887783
83336,0.0016607605
81009,0.0016607605
111219,0.5394008
719,0.98412204
32519,0.11543288
110736,0.07153994
39608,0.9916612
65257,0.09638288
64403,0.98529434
119904,0.39337155
108478,0.1270827
99554,0.56157047
112310,0.14591351
48081,0.16053313
51404,0.25579435
56729,0.8766238
12066,0.49031487
4840,0.7591153
81783,0.001663111
124820,0.8089721
111221,0.5394008
118794,0.6409858
67344,0.20429134
91297,0.0016607605
123889,0.8746271
110910,0.41247168
114114,0.6220071
53086,0.9671641
51220,0.19207007
71741,0.86717635
53656,0.80315346
21787,0.69859755
89766,0.0016607605
111032,0.060095295
52928,0.17242467
57815,0.8960202
114044,0.25587532
7455,0.5761614
13874,0.12809435
70454,0.47876525
107549,0.97229815
38159,0.8448641
26318,0.30446377
116157,0.41843393
66884,0.15711625
94409,0.32208416
66892,0.3036109
28930,0.643051
1964,0.19370416
13150,0.4488819
85736,0.0016607605
55214,0.81633
93429,0.47427386
77588,0.0016607605
89783,0.0016607605
71842,0.13372892
58555,0.94179505
32357,0.9898571
17153,0.19498977
35185,0.42492235
56070,0.9877122
90134,0.0016607605
87924,0.0016799633
93222,0.7759756
23530,0.96770376
50056,0.72530645
116685,0.8104403
1281,0.8776541
123057,0.8638693
113119,0.2865086
25946,0.0815593
15466,0.96655107
71925,0.12740171
99880,0.17831609
24111,0.027375411
58792,0.7780412
67005,0.2046031
7180,0.50661135
64319,0.7822106
105996,0.25771204
78003,0.0016607605
123151,0.59422356
25918,0.78150535
98212,0.55031246
7073,0.325859
119430,0.24165305
91018,0.0016607605
72850,0.173798
4882,0.9173212
12593,0.34660712
94146,0.4633989
76572,0.0016607605
31361,0.47633526
46501,0.9763039
98101,0.10441876
53206,0.45987296
63562,0.9102098
17835,0.7754439
14949,0.94419605
65790,0.80773526
23626,0.97889185
56463,0.77100277
69084,0.37528035
65556,0.55845463
52161,0.24118447
94568,0.21394368
31912,0.22582136
72129,0.20219857
26087,0.35487962
20884,0.49678177
61964,0.87160516
19996,0.4948728
90869,0.0016607605
113908,0.10813006
40276,0.40659997
57553,0.8723868
61411,0.87550896
19205,0.8022346
108836,0.05380747
24118,0.024841769
65219,0.20210685
81692,0.001663111
32467,0.9776543
42991,0.99021554
88786,0.0016607605
106906,0.9895397
24958,0.3083492
112462,0.1395975
77264,0.0020445883
32922,0.63616234
103379,0.134329
108897,0.023358779
25496,0.9726016
16847,0.8149435
31098,0.21176355
83922,0.001663111
90120,0.001663111
110287,0.16600476
35197,0.98015743
2205,0.8127024
95735,0.4908581
2373,0.8992157
95577,0.5483617
114280,0.69834566
29487,0.6786572
108935,0.038395744
70710,0.21436964
56845,0.5293816
53879,0.34585378
87280,0.001663111
6531,0.02984387
109230,0.15808861
26477,0.64370245
100964,0.71994317
51690,0.23279051
101351,0.13229793
29253,0.7671163
91219,0.0016607605
105867,0.12570962
97086,0.093020305
96939,0.8241269
91037,0.001663111
87220,0.001663111
18478,0.138735
101573,0.55019903
29991,0.016310234
105657,0.5721219
54733,0.42945087
64567,0.15668881
80700,0.0016607605
100320,0.48575106
7772,0.21322012
24985,0.6578543
121931,0.16219375
29019,0.10848173
69316,0.51409316
24901,0.063729405
30186,0.4340393
80329,0.0016607605
111408,0.03545731
69544,0.1693419
73857,0.64754987
112957,0.11532802
10526,0.09394793
71605,0.25872257
53537,0.40188968
9728,0.06631485
86073,0.0016607605
1564,0.63275605
101684,0.13711649
87864,0.0016607605
62438,0.8787126
70289,0.2580414
86844,0.0016607605
76194,0.0016607605
92911,0.9904495
2158,0.1915765
57967,0.82260656
108734,0.023203121
12130,0.64872426
83970,0.0016607605
58655,0.96750176
102696,0.09634121
77981,0.0016799633
61955,0.79806954
5190,0.98834103
91562,0.0016607605
49891,0.69578046
78254,0.0016799633
34829,0.68171877
89290,0.0016799633
44889,0.99422556
122131,0.78099066
19227,0.805041
47521,0.9292138
73145,0.7460465
20647,0.8546678
58250,0.98595154
88431,0.0016607605
111369,0.08263956
42574,0.93267184
30313,0.8475447
18539,0.14453258
110372,0.03856698
84011,0.0016607605
1227,0.95683324
101216,0.10410145
66236,0.18844013
121723,0.8206569
116556,0.7764343
31190,0.96975064
95563,0.14833604
84247,0.0016607605
22682,0.5811812
10482,0.2924047
31193,0.9796657
81212,0.0016607605
60343,0.3377382
24596,0.015532692
24950,0.55963594
65452,0.4314445
110645,0.07882384
38716,0.6880477
2392,0.1455772
43002,0.81843466
99109,0.49166054
52010,0.74578714
84420,0.001663111
54686,0.98007005
103996,0.17714126
47223,0.6577963
87814,0.001663111
81601,0.0016607605
102528,0.5797658
38770,0.90048754
78956,0.0016607605
36306,0.9829732
119622,0.72824794
21800,0.16466418
67995,0.6422322
103971,0.48992807
72254,0.19273812
86814,0.0016607605
29185,0.14214602
105406,0.8292847
104696,0.6211858
102273,0.21522841
67457,0.6313999
38638,0.9922965
122215,0.22408156
41519,0.87461454
67773,0.5075341
104083,0.17071053
114487,0.43764082
30301,0.5902132
113836,0.26105383
39176,0.96970415
59618,0.9896769
109581,0.01903349
33841,0.57143676
41317,0.9293003
26715,0.7464039
54401,0.991702
49856,0.5177233
43522,0.9856177
122117,0.647216
9880,0.17988844
114166,0.18603614
87028,0.0016607605
38640,0.9937164
49705,0.8507049
68106,0.6354877
45482,0.60332733
32273,0.8053762
91028,0.0016607605
109427,0.048513345
13885,0.11616035
35739,0.9845397
51978,0.2387246
120900,0.5870735
117735,0.35908383
23114,0.819111
18149,0.9912349
7753,0.17271437
43274,0.980452
100153,0.62438893
106193,0.9388333
14661,0.98021257
39318,0.5134235
89404,0.001663111
40981,0.994695
24010,0.14136253
98702,0.49525154
106008,0.23893978
79984,0.0016607605
67806,0.37231293
69219,0.12944888
61789,0.18572259
91826,0.014830617
88018,0.001663111
19615,0.8288166
107158,0.9899184
38654,0.99178433
15859,0.53341866
35861,0.9746687
19282,0.9114561
7155,0.46843842
98040,0.18997486
112937,0.14546925
103350,0.24137017
25908,0.38108867
21236,0.033356067
68115,0.735185
18647,0.68337536
49405,0.9666999
41830,0.207696
100728,0.075488426
30156,0.016310234
64389,0.93749356
80476,0.0016607605
82443,0.0016607605
3070,0.8461801
17312,0.16109528
53626,0.2435907
105716,0.32014522
83019,0.0016607605
51770,0.72228783
70175,0.48049688
40547,0.99072975
56148,0.7846572
46046,0.18053131
9283,0.245513
85970,0.0016607605
60811,0.8588326
11595,0.38451272
98987,0.15071718
78590,0.0016607605
109808,0.046278156
95770,0.63161546
80294,0.001663111
99140,0.69096136
9057,0.24627167
85344,0.0016607605
3934,0.119768314
72812,0.3427307
71812,0.19042712
93466,0.28219083
100521,0.38423938
103890,0.5518121
102173,0.97608614
13229,0.15905347
112312,0.29252565
80388,0.001663111
95726,0.5666642
356,0.82358503
7826,0.06933417
104580,0.564811
123829,0.12054133
116646,0.748652
112947,0.27299404
39423,0.98736143
34007,0.4423132
7880,0.11453583
60054,0.7444946
91064,0.0016607605
115607,0.5755833
75013,0.0016607605
1719,0.44348598
65850,0.85775924
56152,0.88293797
48020,0.6538219
35816,0.99222225
10348,0.52297056
45836,0.8386422
119341,0.7862411
37418,0.9935773
104820,0.63599026
51207,0.75621784
69585,0.5450013
29453,0.5417233
87391,0.001663111
30054,0.120334394
105568,0.3421508
50329,0.13360268
75110,0.0016607605
108281,0.24508384
53940,0.49445143
23434,0.69761056
82557,0.0016607605
6021,0.034345847
66383,0.45440465
6767,0.4708752
27744,0.16481413
49837,0.6808479
61583,0.78288835
46772,0.13428181
38276,0.9692179
4674,0.6803756
67837,0.5805037
120511,0.81469536
69823,0.54892457
68422,0.21671532
11317,0.6289377
22992,0.52616304
15046,0.60137844
21039,0.8214953
26403,0.58245903
9421,0.60635865
39428,0.56784797
39217,0.89504063
45145,0.095830485
79983,0.0016607605
64703,0.8916657
27983,0.6819056
62616,0.798746
119549,0.8316236
86659,0.001663111
101138,0.52768254
41665,0.18113814
15211,0.15660287
83761,0.001663111
58391,0.56895983
43512,0.95572996
6033,0.033510715
72364,0.13226058
111728,0.52607876
46863,0.79928076
32770,0.8809423
24741,0.98572254
110333,0.1392688
58081,0.8603182
79453,0.0016607605
81524,0.0016607605
111516,0.43526706
98848,0.17254739
49342,0.9124689
7721,0.13595061
36846,0.49150854
101036,0.2848374
60806,0.84100807
54216,0.5499804
110942,0.0876402
22536,0.1170373
4967,0.901136
103403,0.1389063
82870,0.0016607605
114330,0.47744823
74758,0.38874677
14965,0.20082505
37407,0.990759
36721,0.99139714
101502,0.70344585
47779,0.9693583
16128,0.47999853
6068,0.36069605
67649,0.14250201
101579,0.40911552
98977,0.67601645
32127,0.98542154
73182,0.670792
119320,0.9068629
77910,0.0016607605
77507,0.0016799633
68381,0.49598324
76207,0.0016607605
109044,0.010184356
114295,0.41764826
65192,0.8232723
80508,0.001663111
113884,0.18075587
24479,0.023673424
124938,0.8005239
65126,0.8039488
115000,0.860788
17141,0.15622792
99167,0.5695926
43316,0.86849713
110343,0.14445613
1469,0.32945058
924,0.9773955
63349,0.87048346
2117,0.28209206
7356,0.697897
92290,0.7637769
103247,0.22684042
63934,0.7444946
98241,0.056908876
66915,0.19164228
86568,0.001663111
72694,0.31139728
106805,0.9914513
36578,0.98538613
22940,0.9583468
121349,0.7916521
17958,0.9836721
84323,0.0016607605
104846,0.30390695
82867,0.0016607605
114792,0.8094795
121095,0.57476217
73297,0.5813413
77913,0.0016607605
108433,0.20167294
36124,0.6535238
77732,0.0016607605
60001,0.40330026
12959,0.68983144
31952,0.98232657
68557,0.5955493
68938,0.13618189
109956,0.13073362
87750,0.0016607605
9141,0.8189779
81622,0.0016607605
93454,0.15976389
10007,0.14347613
16864,0.6713696
106665,0.15672971
84833,0.0016607605
90427,0.001663111
107023,0.964581
56289,0.85290956
91281,0.0016607605
43617,0.98537964
94002,0.584159
25485,0.9634372
114820,0.34407812
23414,0.18266223
74130,0.13050698
6735,0.1672662
6049,0.5131967
51489,0.8253664
123272,0.9743319
16472,0.7849038
77976,0.0016607605
2546,0.100566894
109556,0.09033161
122976,0.48508635
38102,0.97846895
93922,0.08704105
95760,0.25558522
84926,0.001663111
71677,0.2623858
35876,0.7438379
77667,0.0016607605
63312,0.90326214
110995,0.0890421
80696,0.0016607605
39241,0.8429302
117901,0.7489735
2948,0.46189266
81156,0.001663111
114258,0.70695007
104860,0.30768195
84352,0.001663111
61221,0.44605944
44599,0.9646885
113369,0.35263065
47413,0.26382735
10873,0.13474296
108910,0.024802981
26455,0.84052116
120266,0.8231324
4555,0.16837734
23036,0.5291856
65215,0.9462443
18220,0.8353899
68594,0.18162653
103934,0.2763748
23787,0.1876631
245,0.095755
4428,0.4125563
22430,0.9750835
116597,0.7884736
125160,0.7611827
86829,0.001663111
54750,0.1736161
119502,0.31302723
30175,0.39135548
44626,0.9912916
94739,0.33773696
86450,0.001663111
47904,0.868871
84234,0.0016607605
12108,0.18347871
102143,0.41103372
70451,0.23829582
31284,0.16712208
122993,0.15397893
53059,0.80082643
105572,0.17953412
88955,0.0016607605
67988,0.16497287
64744,0.81573963
120710,0.26769465
39827,0.093122356
115540,0.10952613
23508,0.464264
78572,0.0016607605
59387,0.76785666
120111,0.12924182
16757,0.8757697
71027,0.46615914
82606,0.0016799633
9024,0.0769458
5256,0.91922575
74990,0.0016607605
86661,0.001663111
116849,0.72067595
105113,0.36198586
55265,0.8317472
46615,0.9788366
13125,0.92931515
78225,0.0016799633
99093,0.8046103
5644,0.22167742
112436,0.43486995
93389,0.78977233
12704,0.6584425
100001,0.41282266
59037,0.86752737
103547,0.3323055
28090,0.3438724
33631,0.11128565
16854,0.19409922
40143,0.48063764
104149,0.18362904
92331,0.7395335
67848,0.44092113
24189,0.6891262
53563,0.454283
118474,0.16071372
117036,0.65346587
85812,0.0016607605
94844,0.12441747
74923,0.453549
113973,0.5535862
11650,0.16518138
31207,0.9912117
18021,0.36101204
113670,0.63213944
43628,0.9904974
1052,0.9838255
116802,0.7960759
283,0.801611
117391,0.2548867
23072,0.3253955
25651,0.10848712
41370,0.09413424
50102,0.8014458
18453,0.12803306
62486,0.9532657
33439,0.15554234
1734,0.09414909
77214,0.0016607605
7176,0.11589597
36741,0.99230087
19808,0.15523563
69513,0.3418793
44663,0.99004364
39920,0.58754593
54075,0.22677341
10755,0.1432193
96414,0.21971978
27354,0.27158436
28115,0.83732754
87940,0.001663111
12830,0.32465562
75953,0.001663111
47761,0.57550436
85501,0.001663111
79631,0.001663111
80381,0.0016607605
113996,0.057352744
64189,0.08105299
8359,0.42398125
28068,0.76041895
75381,0.0016607605
85144,0.0016607605
60872,0.52490497
119915,0.59406954
60326,0.6798797
89704,0.0016607605
68604,0.14623152
98286,0.41168642
6085,0.8581869
37867,0.99355763
85033,0.001663111
106837,0.98911124
66599,0.069020525
16283,0.709689
17431,0.65903586
37615,0.66753405
96824,0.14396803
41492,0.90015197
17067,0.15218215
103338,0.15827288
122877,0.78502965
119647,0.12778871
74962,0.0016607605
88118,0.0016799633
33884,0.11518218
113951,0.35828823
18278,0.98741454
103674,0.2884639
31983,0.11981528
84013,0.0016607605
44128,0.94129145
55225,0.46858728
35100,0.9413787
83366,0.0016607605
117395,0.15640755
20468,0.49177715
52862,0.75305915
28842,0.7521011
65706,0.14062575
8469,0.3704352
85156,0.0016799633
58461,0.9548668
33676,0.4796872
55381,0.8934373
9157,0.66320384
29031,0.58537877
90469,0.0016607605
118384,0.8363888
3210,0.6816392
36231,0.6907811
104694,0.1885543
9536,0.697947
100484,0.50723326
110731,0.46943125
94352,0.2368797
73238,0.18069492
119786,0.17765266
57957,0.7481279
69179,0.16955887
95254,0.091343924
117308,0.8492329
82126,0.001663111
47214,0.19581509
75982,0.0016607605
102552,0.7931657
103662,0.4305558
75855,0.0016607605
1426,0.21918976
87211,0.0016607605
120279,0.8144444
38237,0.9665735
120822,0.39412794
92539,0.8065771
10977,0.21366438
22326,0.7935029
40719,0.99247897
91666,0.001663111
8683,0.13158728
27631,0.11829141
62719,0.9021112
16666,0.15755323
90104,0.0016607605
41149,0.7987759
7458,0.5761614
89934,0.0016607605
61442,0.46713158
45884,0.9921262
45141,0.37919724
7104,0.4216916
99271,0.5254408
93887,0.24296932
1516,0.97892135
86427,0.001663111
49870,0.79634535
102164,0.97257996
25950,0.099958524
113257,0.36321574
74933,0.9685097
62959,0.88042414
68901,0.32596734
112531,0.7106335
45655,0.5386898
29908,0.023592198
70708,0.2939586
21369,0.88112223
31488,0.98466474
52340,0.83103675
81592,0.001663111
124387,0.5086531
49530,0.25742364
70461,0.22036263
20989,0.74572814
14898,0.10540768
78394,0.001663111
43576,0.57479256
83323,0.0016607605
86996,0.0016799633
82527,0.0016607605
115139,0.74409044
26623,0.611189
2788,0.06200511
29471,0.6688612
72723,0.8419814
73714,0.17026412
18462,0.79276973
87040,0.0016607605
58653,0.94988817
110230,0.1029561
117763,0.7428783
114437,0.939119
59186,0.82540697
10102,0.6917035
69770,0.96076494
6046,0.45149136
38209,0.5075591
25870,0.34096426
23168,0.5759998
58367,0.7925789
66810,0.47876525
86819,0.0016607605
118374,0.74807954
104875,0.20728168
61654,0.7242727
44694,0.24557132
78161,0.0016607605
33655,0.14159772
58715,0.83280516
88135,0.0016607605
6388,0.61346096
102731,0.14798379
97487,0.69451046
81292,0.0016607605
48438,0.98811007
15270,0.06631485
92289,0.17484553
93499,0.47429258
80973,0.001663111
52377,0.9547902
41426,0.47744948
1505,0.9341221
18228,0.96427643
66206,0.17976172
36283,0.43480754
112932,0.30417666
16040,0.79661655
89537,0.0016607605
54943,0.91809225
108780,0.025241459
80731,0.001663111
27887,0.15282787
48543,0.9799936
84061,0.0016607605
14571,0.9866731
119538,0.8126736
36690,0.9839976
85595,0.001663111
42875,0.8403643
111386,0.05144397
51447,0.80941886
109144,0.012107022
9151,0.4785127
44410,0.975041
38476,0.6196408
74603,0.98685765
116453,0.4150653
25448,0.9816483
70268,0.20204464
101128,0.8510624
82434,0.001663111
17997,0.40401968
36376,0.9880414
107088,0.9532841
31905,0.8317769
118412,0.8522351
5656,0.4848893
52201,0.7441843
55351,0.8544054
66291,0.40759304
30515,0.9950924
44022,0.92518294
122546,0.6389294
59484,0.94157207
122432,0.78657997
41197,0.9857858
69683,0.96947956
111294,0.13492516
40759,0.75951934
76609,0.0016607605
114379,0.14723758
67239,0.5711156
1382,0.8118819
38853,0.987472
1744,0.7582607
7894,0.59427315
54368,0.32574388
35127,0.9904411
34031,0.11724868
107892,0.555752
3329,0.17776126
97548,0.25031516
120891,0.89637125
76541,0.001663111
50027,0.35783038
12543,0.29999354
102251,0.19496597
91356,0.003950509
87512,0.0016607605
21588,0.97837
18103,0.9835111
87525,0.0016607605
112478,0.59089386
15987,0.35495526
81303,0.0016607605
6188,0.28916252
2391,0.16509382
57077,0.99305457
70963,0.16883811
100680,0.63209754
106535,0.4215128
101385,0.19629256
93517,0.2742528
38633,0.9933609
89547,0.0016799633
118152,0.391032
23999,0.13379684
76384,0.001663111
10537,0.06735519
42745,0.4918401
48366,0.8777283
99245,0.10411124
70890,0.6701594
18975,0.027375411
30380,0.9924636
38344,0.59697556
108220,0.95749706
74984,0.0016607605
15233,0.9381158
61024,0.19719736
39350,0.96849614
55170,0.15794832
44812,0.8243369
11252,0.44393054
506,0.6831658
65748,0.4372114
5807,0.59714353
49288,0.8486456
7127,0.11387156
28579,0.75087583
111549,0.108338386
70280,0.19462603
100850,0.43608528
31785,0.99158406
66568,0.13719353
32184,0.99281424
107447,0.12639484
18138,0.9900714
23943,0.69923973
91415,0.0016607605
78224,0.0016607605
37002,0.6243834
116740,0.15958853
18763,0.97202015
123788,0.14298634
83172,0.0016799633
42285,0.07409607
45662,0.8055177
47544,0.9753586
37357,0.20927572
62715,0.849797
31827,0.7438379
75228,0.0016799633
74396,0.22021191
18393,0.025129529
32375,0.993475
6080,0.3085844
82360,0.001663111
100380,0.40536943
25789,0.06978867
120853,0.1639377
6875,0.81828904
8363,0.727258
96209,0.076666884
53008,0.7924045
78497,0.0016607605
88726,0.001663111
120867,0.66729146
3870,0.74574554
95842,0.52177715
46585,0.8280963
11041,0.028580992
97426,0.8975906
53018,0.844761
47680,0.6003094
2854,0.17744164
32931,0.19224314
9954,0.045702223
81433,0.0016607605
74749,0.33424973
41689,0.96219045
71634,0.17219841
78346,0.0016607605
53292,0.7701534
72026,0.51854277
40746,0.59302896
50107,0.15102112
80430,0.001663111
104063,0.36254087
64582,0.11374211
53475,0.64288384
18579,0.26316282
40033,0.5130648
79898,0.0016607605
32530,0.43219292
120968,0.9142142
69603,0.8875981
53508,0.90126026
64492,0.9943546
48475,0.8110894
78781,0.0016607605
61358,0.8926621
62703,0.36811614
124886,0.98127395
100629,0.14250834
122796,0.24234894
5726,0.5185702
11467,0.095755
32358,0.99158406
114825,0.62333196
14995,0.38586372
33025,0.035784908
4567,0.8795179
42196,0.9868197
5234,0.7327261
62833,0.7396176
77892,0.0016607605
5923,0.21007584
113302,0.29118916
117899,0.7450388
33326,0.7527724
73487,0.17696308
62131,0.9903868
21771,0.71320784
5465,0.6382521
77338,0.0016607605
58673,0.76330703
9804,0.68799347
111502,0.1703959
77697,0.0016607605
66276,0.51858526
42860,0.81982183
14157,0.9764653
83973,0.0016799633
116748,0.6738644
75485,0.0016607605
52648,0.92904097
37623,0.9205735
70287,0.42986658
91896,0.0931318
74497,0.18265925
6989,0.78627
95388,0.1470323
108775,0.04636548
88553,0.0016607605
65511,0.1973527
38956,0.97440696
99800,0.17502122
76239,0.0016607605
87847,0.0016607605
3292,0.35614774
106172,0.3814881
115022,0.24747087
106966,0.20340686
33415,0.8356054
19892,0.058680978
31309,0.081372954
118664,0.59718573
97081,0.13791005
64843,0.18396913
81752,0.0016607605
59242,0.76406616
25944,0.45890722
96097,0.17305776
67537,0.94161683
53380,0.92474276
119571,0.074052714
124279,0.8636168
119086,0.18789
30348,0.9879313
12372,0.50445807
53954,0.23507449
115335,0.14262341
8751,0.17829324
72905,0.2210737
37297,0.8445994
19725,0.20941652
4922,0.9908992
99375,0.11883434
15542,0.966304
61297,0.9738989
89514,0.0016607605
54215,0.6945543
62628,0.7739153
14362,0.068808354
44927,0.9926594
32275,0.26719093
36974,0.977853
56310,0.97729605
11169,0.085201025
110692,0.059130296
17644,0.34307718
92753,0.13987888
34674,0.9543441
81334,0.001663111
6454,0.096255355
116062,0.9141491
114502,0.09907707
39930,0.84888726
57262,0.8890269
33015,0.025415756
63655,0.89589626
5144,0.9909853
62908,0.8504197
13356,0.13308759
44638,0.6423141
41290,0.21646474
106685,0.4039203
69609,0.9605712
48131,0.4419411
64196,0.14411367
79204,0.001663111
87490,0.001663111
35803,0.5732779
101394,0.4625193
64024,0.8642957
18546,0.74916357
64748,0.8750676
38391,0.9925377
124624,0.97666913
11049,0.02396537
10910,0.55516034
21675,0.7961408
72462,0.15361696
85532,0.001663111
76794,0.0016607605
121148,0.13810073
37240,0.9581604
70495,0.69163543
32115,0.9387484
115705,0.7488611
89200,0.001663111
104932,0.19767725
81411,0.0016799633
99640,0.72876906
41858,0.1240571
119705,0.8739987
2644,0.33342534
109505,0.041244987
5802,0.1748674
50876,0.7917616
79829,0.001663111
3752,0.11752261
7333,0.31307375
53681,0.19952917
23936,0.4498772
68310,0.622952
124595,0.9263808
23689,0.97929746
51977,0.5886268
30843,0.99536246
72912,0.15166992
20951,0.7929432
17150,0.34713006
103781,0.15988931
85225,0.001663111
48565,0.98221403
88290,0.0016607605
110516,0.060992926
124293,0.8693084
76145,0.0016607605
117398,0.3572522
77625,0.0016607605
45649,0.8508522
86168,0.0016607605
89452,0.001663111
50823,0.7358927
115989,0.9183961
79800,0.0016607605
80763,0.001663111
33930,0.8699289
20444,0.9748926
114257,0.21773295
84838,0.0016607605
34001,0.99184024
120745,0.48139587
123672,0.5388512
118061,0.6246413
104772,0.47004262
82270,0.001663111
22098,0.9338707
44821,0.85324496
120621,0.53259534
100830,0.16897045
9540,0.17737527
80990,0.0016607605
118098,0.6092913
121796,0.5659998
48218,0.98421544
83644,0.001663111
29559,0.13833682
70648,0.29196545
1204,0.9686855
84822,0.0016607605
86292,0.0016799633
67789,0.05020154
84667,0.0016607605
111473,0.53550535
50271,0.95738614
13100,0.9621376
31798,0.9922633
51441,0.13072948
7052,0.9258081
98846,0.42313188
19124,0.69790334
74826,0.09706296
19643,0.5901755
16025,0.58701986
113382,0.71958303
13612,0.5944498
19874,0.06437479
26149,0.5069157
25125,0.89090306
108659,0.53411245
17565,0.18404558
28865,0.21201818
121806,0.13750286
37335,0.9836442
86233,0.001663111
55997,0.4350724
34190,0.98482275
104479,0.1695673
66012,0.67543703
23408,0.5604071
28021,0.6560307
88872,0.0016607605
106949,0.9683446
69458,0.19647904
5,0.45195332
73184,0.33525854
94498,0.63203675
65125,0.66211134
6386,0.42871174
1763,0.8276654
62613,0.66062367
99311,0.4698316
51374,0.38581336
39542,0.8293526
37129,0.9879842
80609,0.0016607605
32158,0.99167514
63198,0.94719636
107366,0.23405698
75028,0.0016799633
105654,0.28068942
20721,0.11389813
12002,0.17934473
58690,0.77422065
63849,0.88486356
18447,0.5234933
37793,0.9897904
106222,0.6013269
81299,0.0016799633
75910,0.0016607605
54154,0.4324863
31286,0.07868536
60031,0.067637265
13064,0.5906598
23441,0.4289829
67570,0.09472414
14373,0.6184303
25563,0.6562141
46170,0.9858117
104896,0.58551
95017,0.89652145
70702,0.23003119
87584,0.0016799633
4572,0.6020372
58395,0.73993987
98936,0.1991769
73194,0.24493434
94907,0.3681625
6366,0.38510725
2232,0.9159683
94659,0.0816514
103844,0.14479746
39568,0.70308864
55852,0.60119045
58106,0.8078533
69014,0.7186872
86883,0.0016607605
86231,0.0016607605
11987,0.16788425
47593,0.95617574
44886,0.9932673
121778,0.80660623
86193,0.001663111
122773,0.48080784
122173,0.806575
111727,0.5668329
83864,0.001663111
4015,0.70173925
68790,0.032492924
26510,0.7603418
108051,0.21138787
82576,0.0016607605
97006,0.555752
37910,0.58356875
98809,0.0746277
72226,0.65087706
116856,0.1188517
46624,0.44336173
73933,0.21404123
88556,0.001663111
49359,0.17545886
118574,0.18529195
25069,0.97482216
44363,0.919245
42324,0.44731146
27047,0.20795672
83595,0.0016799633
89748,0.0016607605
117728,0.16529849
90319,0.0016607605
115207,0.55706924
70452,0.42281982
33924,0.98119766
32256,0.6143594
104143,0.37831274
57864,0.8457426
97039,0.9672899
100300,0.56208986
85255,0.001663111
47361,0.9717523
7134,0.4793963
101854,0.1927669
89327,0.001663111
16867,0.6491629
104672,0.18778089
35766,0.98777187
86461,0.001663111
117238,0.7701954
3842,0.6470827
91564,0.0016607605
71335,0.20476338
46424,0.98069066
102553,0.9135047
91731,0.052691344
14325,0.33859247
46071,0.11476166
55274,0.83669376
7100,0.37146762
16168,0.1200201
97422,0.63609606
52345,0.7996988
29158,0.9482072
19063,0.08367691
93455,0.10576401
68493,0.26130158
43108,0.22173426
61883,0.7658168
73796,0.14181568
679,0.9826202
62067,0.86481273
85289,0.0016607605
38623,0.99255776
20768,0.84918255
84923,0.0016799633
52978,0.84468985
58412,0.30327016
52269,0.8672965
82150,0.0020474808
2869,0.45076564
68230,0.56025046
58318,0.9610692
110820,0.045379728
34486,0.7405418
59649,0.87242854
2206,0.30241793
11551,0.16480991
64018,0.2039463
53192,0.49016345
9637,0.5208827
87459,0.001663111
116659,0.6151242
5978,0.027635973
123419,0.91938233
55340,0.7599013
17151,0.8902012
16632,0.81573963
64641,0.16503133
59486,0.93200016
120666,0.77040905
12435,0.31597993
12698,0.088823654
74442,0.1467916
121817,0.92088777
86036,0.006104221
124441,0.89434534
94727,0.36644787
30654,0.9691242
2038,0.39563298
34935,0.9836061
94388,0.5782393
28294,0.23247151
72732,0.82664514
61202,0.73993987
12970,0.13197348
35160,0.40900534
97782,0.14975561
117177,0.7433321
95079,0.7108214
12042,0.8116336
3505,0.11655957
95235,0.33131433
87853,0.0016607605
76729,0.0016607605
13544,0.5534608
99985,0.18203136
121613,0.2192336
80088,0.0016799633
124361,0.7361291
64550,0.7072988
59193,0.92740035
10022,0.62071556
64027,0.8267217
89952,0.0016607605
110351,0.058617443
121041,0.071779594
512,0.6207761
117936,0.17318238
67115,0.2037128
70988,0.21618323
107194,0.97330195
117902,0.8094504
81984,0.001663111
80235,0.0016607605
6479,0.4606164
92177,0.69880605
32559,0.9799803
105151,0.14561525
61827,0.6694119
104633,0.22279316
64998,0.8118789
47458,0.77460086
32667,0.6742282
96048,0.47306916
68460,0.120057285
71637,0.5965933
23069,0.5126608
86346,0.0016607605
80066,0.0016607605
95191,0.45193288
59642,0.87550896
92873,0.60524493
111932,0.17858353
121240,0.5364566
35173,0.4158494
40604,0.50060374
12001,0.3113357
88925,0.0016607605
16103,0.700315
1081,0.26190838
105839,0.115122646
35523,0.56065404
119892,0.18115388
69593,0.34097812
65973,0.6587329
66964,0.1745018
92759,0.2614802
3610,0.5771357
57091,0.7398707
120571,0.93468875
62016,0.7202074
111553,0.062145587
22846,0.6678108
21444,0.97800833
29926,0.023592198
20201,0.702878
73839,0.28894264
70767,0.7232891
92365,0.69992965
38911,0.9272645
50414,0.16826993
29645,0.46877375
30330,0.85428196
84929,0.0016607605
46033,0.49516603
33098,0.1419491
107022,0.97485864
52183,0.6147901
110399,0.07231449
71917,0.12740171
91225,0.0016607605
53625,0.36714834
116497,0.8722805
21531,0.98012996
18270,0.989717
50802,0.70691127
120391,0.061347842
11954,0.14986078
107057,0.7835283
99546,0.1240089
3134,0.12758313
2226,0.79327327
9098,0.2376345
91062,0.0016607605
107072,0.5432682
34985,0.9672976
49565,0.94061923
77614,0.0016607605
68222,0.70488495
69740,0.7563002
5269,0.73784244
8860,0.16780756
19440,0.82561374
31486,0.9838266
50506,0.63380957
19073,0.5811574
113668,0.22365592
13779,0.41102126
15089,0.14408965
72750,0.53714514
25579,0.9601539
3330,0.15560469
100698,0.5751087
76873,0.0016799633
9150,0.16487351
105012,0.14757757
26069,0.32947692
7082,0.46757084
47508,0.9718492
17925,0.94706184
50450,0.2963303
88699,0.0016607605
91488,0.0016607605
108262,0.9866251
42806,0.62465066
112459,0.1697087
65793,0.7497341
57281,0.9671602
14131,0.50503194
106217,0.82591635
54179,0.16523077
28290,0.21960177
87978,0.0016607605
25396,0.93270946
122834,0.62631935
62892,0.20275792
14262,0.039949376
3831,0.5931117
1556,0.16132998
74768,0.14580226
103541,0.19734673
31199,0.9882208
19473,0.72729427
38668,0.99096525
70395,0.17073962
83209,0.0016607605
73052,0.9900845
63427,0.918043
97410,0.77279866
97214,0.29044813
49473,0.7293495
62993,0.17891905
99616,0.6390207
117377,0.498706
62054,0.7955394
19201,0.95031005
643,0.98149145
4078,0.8873399
47167,0.8092717
76775,0.0016607605
84242,0.001663111
8119,0.61504877
27676,0.23328885
4536,0.97411454
88277,0.0016607605
82718,0.001663111
48792,0.96403176
89145,0.0016607605
6086,0.8346681
75426,0.001663111
89720,0.0016607605
88561,0.0016607605
114985,0.81913096
93602,0.7269818
31473,0.827996
86468,0.0016607605
34675,0.8136328
10105,0.90176874
105439,0.38237655
72234,0.12109504
72748,0.17937382
45054,0.96930546
8857,0.47627538
111638,0.67460907
95591,0.5293272
5060,0.98738027
49918,0.25303698
18046,0.7979518
57051,0.97951025
107290,0.5890686
49182,0.76636416
48880,0.46411154
100540,0.41580665
30316,0.96572345
112699,0.3012312
90214,0.0016799633
114731,0.63289803
49979,0.25912133
47387,0.9866636
86585,0.001663111
70977,0.06106317
108851,0.02381529
86838,0.0016607605
44583,0.98006207
44576,0.939339
113672,0.828352
33063,0.9033439
279,0.15800627
51640,0.85619247
116044,0.8077783
61251,0.29316017
30588,0.9832011
15033,0.5037154
38201,0.1418783
84175,0.001663111
106850,0.990721
51859,0.96914524
114901,0.20457736
24748,0.5029279
22503,0.78131354
90600,0.001663111
66854,0.5482988
107112,0.97545797
66179,0.73474944
12917,0.7639073
5622,0.97242457
79133,0.0016607605
52020,0.16393337
42206,0.99156207
60496,0.85015064
33758,0.120933115
75520,0.001663111
77319,0.0016799633
83982,0.0016607605
62680,0.6232987
6089,0.1614902
94161,0.9766442
78934,0.0016607605
121124,0.24259457
75112,0.0016607605
120118,0.14257286
11029,0.0533081
32039,0.90518665
52274,0.8762028
15835,0.48647583
31235,0.78491294
76705,0.0016607605
10091,0.32766056
117674,0.6170514
65940,0.22093916
76010,0.0020474808
83898,0.001663111
53074,0.9489635
9126,0.9166986
46259,0.7876616
29387,0.45258525
111453,0.11105998
8477,0.34463185
106242,0.95702726
113381,0.23039487
11270,0.6442879
84426,0.0016607605
23740,0.9870161
5733,0.15942019
24435,0.041344594
40771,0.16704032
85743,0.0016607605
10276,0.11754137
42908,0.97840935
68085,0.34472346
22937,0.89599526
116599,0.7608837
53434,0.8980737
43425,0.5510048
84388,0.0016607605
3376,0.38040715
50235,0.8896381
114119,0.10607566
81813,0.001663111
48161,0.8310692
61908,0.418429
7059,0.6598015
100344,0.78709793
23091,0.6420853
60067,0.75815874
15559,0.96337026
103050,0.08688161
2365,0.72166944
69870,0.83220005
73690,0.7787471
64847,0.13091792
26324,0.18660584
66451,0.57379293
75231,0.0016799633
110836,0.023490883
41164,0.94750667
92975,0.95866114
1375,0.5875201
93564,0.34644073
36804,0.8279381
48389,0.9583729
11948,0.1200201
29624,0.39911494
92472,0.113647215
62626,0.7739153
109994,0.072172485
25434,0.55561924
82172,0.001663111
43365,0.9887354
109182,0.028854808
105493,0.23135494
107721,0.21579044
90871,0.0016607605
79039,0.0016799633
67473,0.19902557
95560,0.13238162
94540,0.23202683
79939,0.0016607605
124787,0.8541392
116940,0.8212845
21118,0.4387175
53209,0.5611646
34226,0.8467107
84818,0.0016799633
42901,0.96818024
90450,0.0016607605
100025,0.15428664
79258,0.0016607605
116753,0.15850724
43835,0.3914482
2712,0.13669701
63643,0.9124532
22785,0.6341045
89131,0.0016607605
16052,0.15981571
64190,0.07177025
72341,0.13784693
58337,0.853465
36209,0.9349847
117758,0.26295272
10345,0.53084
71759,0.06199374
68304,0.6453683
117016,0.16528296
71821,0.62242985
88608,0.0016607605
41487,0.7567207
84860,0.0016607605
98952,0.19634916
68690,0.42554227
99002,0.60724497
81050,0.001663111
22297,0.93031853
64161,0.16906813
42330,0.08713319
118584,0.15714183
27816,0.10802394
39989,0.9805838
40948,0.9735023
124715,0.14600427
24644,0.6997674
2619,0.47229084
3415,0.08951157
45437,0.9709637
52713,0.52118844
54423,0.50140804
67325,0.13358909
40088,0.99077797
55365,0.6075008
104599,0.17074257
105754,0.15852362
86757,0.0016607605
49552,0.47637042
86447,0.0016607605
19454,0.8799875
47879,0.25051942
111,0.98078716
4099,0.9844035
105386,0.9895397
113487,0.38625753
101193,0.38146973
30930,0.11936373
36639,0.9874451
59334,0.27372065
1979,0.56857574
83715,0.0016607605
57582,0.89575654
71922,0.10343384
20964,0.7035257
66002,0.21610989
115355,0.2991114
31412,0.20366465
52429,0.5024307
15659,0.16936152
38435,0.92900604
52266,0.90413666
110586,0.026405806
9992,0.81385505
21286,0.018832779
67375,0.5924788
37663,0.9844844
8835,0.25057003
86556,0.003950509
75964,0.0020445883
10814,0.16034956
72660,0.58235973
99871,0.15234707
40495,0.9942935
60250,0.85303104
48624,0.9689057
122818,0.87655145
115211,0.8297923
100498,0.53078806
61724,0.8824604
56455,0.8247755
87705,0.0016607605
25365,0.76532954
124378,0.7011468
84971,0.0016799633
1190,0.95984143
74217,0.22323659
36575,0.9796203
12736,0.37357017
24611,0.81963927
87213,0.001663111
80571,0.0016799633
108789,0.018737907
54432,0.7360286
121954,0.23288146
11472,0.51684237
64001,0.14087252
2342,0.20179658
95600,0.79369944
39596,0.98280174
73370,0.14798848
26146,0.7630078
32079,0.9883287
110616,0.026860654
98921,0.33132195
118203,0.15172932
70824,0.23219955
21712,0.7573651
68656,0.24272294
106045,0.35919973
29596,0.72816026
18942,0.027375411
95035,0.36707172
3566,0.30487016
66344,0.4797068
50033,0.19585364
3076,0.69657356
72486,0.48431426
81746,0.0016607605
67354,0.28656742
49083,0.25196782
27574,0.14491247
14258,0.29492334
97191,0.32552356
11262,0.31435487
88807,0.001663111
103835,0.9669384
107054,0.1838371
27598,0.13661961
119626,0.8610612
67217,0.14509502
47973,0.8533167
114266,0.7367472
119065,0.093641795
40626,0.1488315
116114,0.81576407
33113,0.93420905
117655,0.6688922
25287,0.92845255
71013,0.1910046
114408,0.75377953
124131,0.7081325
9273,0.061695073
76582,0.0016799633
83645,0.0016607605
98452,0.7349485
103684,0.10415932
22918,0.9037026
31312,0.08392094
63331,0.9704883
119429,0.83061177
59085,0.773176
64447,0.9930441
86349,0.0016607605
60718,0.75596255
467,0.039183706
57743,0.73697674
94184,0.99178106
7436,0.78028816
18965,0.027375411
71085,0.3996826
88265,0.001663111
118140,0.113652706
50292,0.6488783
46549,0.9905255
105751,0.14440806
54384,0.9786522
102279,0.09525088
118390,0.46368742
96711,0.81091225
82239,0.001663111
75206,0.001663111
95057,0.41611877
42647,0.16314365
66657,0.032738846
100668,0.6721088
23808,0.81598896
74813,0.12391741
5521,0.21842167
95933,0.31415978
31060,0.17586532
49919,0.0915263
19464,0.7954112
16761,0.92416584
114709,0.8212796
34847,0.9677972
7113,0.38851565
104521,0.13543247
118659,0.73564
39971,0.9172404
6504,0.123312615
50028,0.81204206
37509,0.751274
12332,0.61031586
89362,0.0016799633
95468,0.36738926
69494,0.33511463
80901,0.0016607605
15974,0.3980038
68462,0.19310021
92171,0.8508649
110519,0.06950718
7953,0.40450504
124748,0.713174
75766,0.0016799633
47368,0.9772453
75564,0.0016607605
94937,0.8456078
106653,0.21936683
83814,0.0016607605
78069,0.0016607605
86822,0.0016607605
42678,0.9917759
66350,0.70743793
57339,0.629499
82326,0.001663111
24843,0.8885528
42402,0.6361691
60097,0.8354139
97334,0.5866679
97579,0.38198346
71407,0.25802097
125012,0.23852116
24638,0.92759943
117444,0.18132956
18514,0.12706418
3508,0.61294687
105426,0.8104226
3324,0.82383263
11391,0.44497687
107342,0.8095572
103496,0.15949048
102067,0.3287124
54747,0.37343463
21044,0.819111
113413,0.629809
55069,0.1912326
82525,0.0016607605
14289,0.9062779
106046,0.4279923
18884,0.73732316
7256,0.7145821
57830,0.77398837
88900,0.0016607605
114541,0.42728737
64852,0.07994236
8572,0.74602354
48608,0.9456482
94484,0.22508964
34320,0.60824364
13598,0.5277681
103481,0.32980385
149,0.96865135
14159,0.9730452
66021,0.30154157
24276,0.2739789
18163,0.9900714
15039,0.35422143
109263,0.016613295
3851,0.6405317
9923,0.6154873
61185,0.31198564
16197,0.041012958
77237,0.001663111
98746,0.07140494
98853,0.10470734
69165,0.37567848
67008,0.16112615
118064,0.85891193
28641,0.6789175
61741,0.16862221
11318,0.13579883
24431,0.025129529
52240,0.09369405
31143,0.73023653
2044,0.88103276
103062,0.37102824
56998,0.7522217
120785,0.9053445
80289,0.001663111
92208,0.41649628
22276,0.7169584
7817,0.07943399
67442,0.48494923
63611,0.9072612
34614,0.8370856
24601,0.016496535
93079,0.9866475
51948,0.87628114
39905,0.99283606
103367,0.12234084
69146,0.16441248
115214,0.67934823
3850,0.1437286
45829,0.9422134
17255,0.52021486
17880,0.97844875
60023,0.7604155
9321,0.39871415
79903,0.001663111
38369,0.5274023
36783,0.9842951
79024,0.001663111
5545,0.3073406
57061,0.97833246
20475,0.82124126
45151,0.64143807
85081,0.0016607605
113517,0.6931657
98589,0.789087
58105,0.8093163
11303,0.15321991
17961,0.9898399
73816,0.8035494
39822,0.745685
40407,0.9489571
5953,0.06721571
114239,0.70888335
65415,0.14067408
80159,0.001663111
123989,0.9047087
74829,0.25829974
123143,0.77003396
114694,0.10520201
24315,0.9536325
101736,0.9003305
71919,0.49990323
48505,0.9605819
70335,0.17687243
111265,0.6534408
17780,0.25152624
98177,0.98453486
33228,0.43478626
104917,0.09939402
8710,0.14914848
108883,0.018761812
96451,0.14914182
51590,0.7433873
41977,0.9836039
56400,0.98488945
84589,0.0016607605
29853,0.3363955
3013,0.69309974
105600,0.1641156
15755,0.034444246
49737,0.13487896
99390,0.18249732
49324,0.9596049
83487,0.0016607605
93194,0.17371538
61295,0.95162493
65739,0.9416133
56168,0.94458836
72251,0.66894484
27445,0.6749063
21283,0.025129529
26854,0.9894623
119272,0.17510612
74496,0.12317202
23087,0.68337536
28689,0.7937506
103287,0.37811708
83258,0.0016799633
47373,0.97508246
103862,0.1321161
96442,0.43198612
73706,0.20972231
23129,0.47085407
60829,0.921208
98572,0.071281664
39861,0.54559004
52138,0.58585376
122991,0.21932632
103730,0.591144
118775,0.34803608
105752,0.37720805
49391,0.8935537
22184,0.8202346
67189,0.2021084
76673,0.0016799633
12795,0.62722296
12854,0.47093222
78555,0.0016607605
12124,0.10238272
25947,0.12827706
91840,0.037986614
3957,0.24954702
119654,0.26431185
98499,0.14283988
106782,0.9841945
32429,0.9936753
68097,0.72590816
94933,0.6723517
109533,0.025858024
102773,0.4183015
122192,0.8434055
46768,0.64936554
53396,0.8377696
112593,0.18553437
100194,0.5977115
77523,0.0016607605
93017,0.93884015
89413,0.0016607605
123742,0.57160306
80478,0.0016607605
43405,0.4825517
13679,0.5454292
77295,0.0016799633
78279,0.0016799633
9012,0.13092548
90003,0.0016607605
77351,0.001663111
32302,0.5256738
117385,0.5708208
30355,0.992822
24158,0.95406395
62736,0.82198167
117585,0.38242733
10483,0.9096241
76422,0.0016607605
47683,0.9183202
84120,0.0016607605
26850,0.969041
22973,0.13151298
75188,0.001663111
13552,0.10209057
108253,0.41617495
92816,0.43390563
92256,0.82660854
106482,0.26530233
39491,0.6411716
78223,0.0016607605
65608,0.78862196
104621,0.78394705
44830,0.6844736
56261,0.5624828
52682,0.50265473
6914,0.12899345
50568,0.78453726
29398,0.11950464
38272,0.9426891
19395,0.6114875
110515,0.025718546
90103,0.0016799633
62121,0.991825
74186,0.6233172
46224,0.990724
83882,0.001663111
527,0.18085214
22805,0.6812066
38226,0.23868187
26898,0.7242741
68088,0.18171965
57182,0.6500348
94219,0.9468883
50301,0.15844719
53172,0.75289524
21362,0.85455054
86583,0.0016607605
75382,0.0016607605
63995,0.7731917
83260,0.001663111
40280,0.9286783
113235,0.69825506
72620,0.23294255
83327,0.0016607605
25716,0.8435944
39187,0.97634023
25085,0.9830602
96854,0.18677369
27029,0.6445685
11186,0.0954227
44005,0.6800017
51495,0.7128377
5831,0.12317835
109748,0.012229841
12659,0.4062412
51067,0.46118316
38111,0.2559578
45475,0.838191
41513,0.97414327
123513,0.76342386
109347,0.035728335
39472,0.6322951
36557,0.9684485
74719,0.35724145
22968,0.59343356
62571,0.1618517
8535,0.6774344
99223,0.11389053
4120,0.6285622
102113,0.6346249
25035,0.80363023
69923,0.8135571
18786,0.18365471
88883,0.0016799633
55786,0.9562517
122064,0.5539978
124721,0.6749537
23013,0.89599526
79067,0.001663111
62761,0.7120587
48964,0.94766676
121670,0.8814891
67085,0.37061945
109047,0.011289681
58866,0.7674166
122065,0.5373213
85748,0.0016607605
11513,0.10319533
55494,0.75136495
67564,0.21975142
48926,0.976258
60071,0.6659692
35607,0.98878175
86760,0.001663111
30144,0.022533804
61673,0.18182276
21567,0.97448087
63613,0.9072612
83355,0.0016607605
28480,0.11224498
3223,0.3870674
3268,0.5004489
23239,0.9546307
119541,0.8300787
124340,0.2345975
84655,0.0016607605
80082,0.0016799633
90598,0.001663111
52401,0.23032725
88790,0.0016607605
78841,0.0016607605
23071,0.71498215
73107,0.33437076
107462,0.12993519
92529,0.35804865
44193,0.43626037
111404,0.03545731
29374,0.7154457
73168,0.34010798
54786,0.72817653
42089,0.7149775
51778,0.7258157
93797,0.40838847
115640,0.8104317
60536,0.84835476
54402,0.98991233
19478,0.7466154
95961,0.09305429
5372,0.7992735
52507,0.7465256
39952,0.6898632
26402,0.5812679
38625,0.39904472
59562,0.9876632
84359,0.0016607605
92945,0.5376791
63108,0.90817255
53125,0.74730706
15637,0.966304
626,0.9703315
107550,0.5231654
79664,0.0016607605
20656,0.9053363
27084,0.59475684
75770,0.0016607605
75273,0.0016607605
74232,0.7716009
114822,0.9025579
10661,0.54754996
27776,0.541047
101966,0.7527347
45325,0.13903347
70367,0.4415241
42304,0.2333661
98096,0.13939753
61575,0.7654643
80971,0.0016607605
91768,0.0931318
48773,0.943648
7412,0.7053587
11713,0.17925338
105891,0.9200323
22178,0.9792778
114640,0.5245611
103365,0.08576458
114332,0.176739
65000,0.84376925
36652,0.9884914
106739,0.5731516
12151,0.70569503
5359,0.70835954
20696,0.9631847
17698,0.6235538
39583,0.50634736
49710,0.20697182
124429,0.839038
21530,0.98600686
43393,0.9924022
84472,0.0016607605
7971,0.20175508
2550,0.80063075
35513,0.6609381
19710,0.2102637
82274,0.001663111
52341,0.83103675
64025,0.163118
1733,0.17043562
30346,0.9816125
88604,0.0016607605
30959,0.98157805
93125,0.94754905
91546,0.0016607605
60291,0.8065959
86853,0.0020474808
37512,0.93167686
39874,0.9906729
46799,0.48306015
65269,0.081144825
64686,0.690886
81707,0.0016799633
32028,0.9674213
124157,0.79490274
372,0.07506484
51366,0.18616854
15164,0.08869206
53394,0.9810573
91795,0.02629697
16784,0.73027605
17050,0.7542754
74312,0.39641753
47052,0.07943968
94858,0.16615339
100788,0.20167787
94595,0.580774
93978,0.309938
39271,0.9854388
40581,0.9684067
5517,0.7129313
906,0.97589386
87755,0.0016607605
113888,0.16209662
24190,0.8511692
91686,0.001663111
11233,0.8307665
113761,0.7689228
54700,0.4286031
48557,0.97381604
42423,0.98266727
17618,0.96125126
2131,0.8788834
116242,0.4290191
56872,0.61236167
41975,0.964476
120862,0.73564
78125,0.001663111
9026,0.057077073
43586,0.85513115
88946,0.0016799633
95953,0.13435817
46456,0.6829758
94139,0.94066113
87078,0.0016607605
116386,0.43540958
96763,0.32916957
107853,0.41471887
94390,0.5692794
36509,0.97427285
8016,0.30753124
9634,0.5208827
84556,0.0016607605
55124,0.70411265
87416,0.0016799633
46031,0.5823036
33467,0.25313082
47783,0.9730122
44023,0.9610614
43883,0.9703917
2812,0.137308
125172,0.7657837
400,0.5509073
48528,0.9712983
59342,0.7115039
51610,0.60321414
43376,0.9866063
101071,0.41560286
26415,0.13269317
21188,0.055391233
57645,0.7278016
105075,0.17131212
85332,0.0016799633
114376,0.2859108
122416,0.68558425
15275,0.418308
122640,0.20762663
18964,0.03098041
59900,0.6049335
86368,0.0016607605
61136,0.89347374
96769,0.12556326
58852,0.7896437
93117,0.91236037
59071,0.8942381
107278,0.3410597
119846,0.27371827
3155,0.11962906
48187,0.9793553
389,0.24297993
97662,0.1478611
90067,0.0016607605
113539,0.24218264
51078,0.5427866
118830,0.7618653
9400,0.38521114
121956,0.23993047
52879,0.8016945
81437,0.0016799633
27230,0.61283886
15162,0.23738563
45,0.72762954
57272,0.94191515
98460,0.5799011
68092,0.49573374
74094,0.20972231
73767,0.25445446
35011,0.9904411
113847,0.7325319
34194,0.99138683
30510,0.9944906
113289,0.30729657
97202,0.3256354
11709,0.3434053
76968,0.0016607605
47528,0.954499
8774,0.7342877
118727,0.14650673
50322,0.19593172
70506,0.31144467
49047,0.9835217
32215,0.23685911
98600,0.17703068
22771,0.8260945
1684,0.84389746
10893,0.19021785
9609,0.5208827
110698,0.090843596
31063,0.64632523
71061,0.605555
69247,0.5688909
86878,0.001663111
24015,0.4606819
107866,0.43531862
48897,0.48128507
42959,0.99185973
103989,0.15878989
18245,0.9865106
121561,0.9608137
76833,0.0016607605
17989,0.65055424
119801,0.41396344
8900,0.63994324
114927,0.9134696
121755,0.7348177
107705,0.3165735
116461,0.25184795
33460,0.23649862
34467,0.99333465
9403,0.1693996
50660,0.59025145
112634,0.556025
61315,0.12991114
4362,0.48721445
6041,0.7270619
123253,0.959622
102956,0.3616317
103574,0.39651048
103004,0.40261695
57575,0.89472044
73858,0.41762817
44086,0.9580794
121378,0.7795469
45162,0.12695806
35174,0.31235632
14794,0.9742828
75443,0.0016607605
9947,0.098870285
1470,0.46886876
395,0.9562368
83650,0.0016607605
17444,0.8822848
9822,0.122222364
4853,0.60120547
68403,0.42455503
86917,0.0016607605
32822,0.647453
44545,0.94681066
8097,0.13735338
47042,0.07369826
119228,0.75649786
122540,0.261079
68739,0.05287826
86194,0.001663111
34187,0.98174345
109374,0.0640138
76380,0.0016607605
98478,0.3311637
110742,0.069809355
75711,0.0016607605
17806,0.4501609
98561,0.14355102
50411,0.14600427
80166,0.0016607605
94980,0.46316963
76703,0.0016607605
15392,0.08119796
123122,0.74689573
53587,0.66525483
121511,0.56195766
50083,0.29128447
29425,0.1395849
98109,0.07720302
38677,0.98962396
1552,0.05056912
88364,0.001663111
44994,0.9346089
119047,0.7487038
91123,0.0016607605
73220,0.59040457
35660,0.99536246
99677,0.5905569
41542,0.55658627
123924,0.9343512
26560,0.64851624
48450,0.9830692
110848,0.036796607
87926,0.0016607605
114795,0.49304345
8541,0.6774344
58925,0.89362746
40900,0.8278249
73711,0.6788879
27807,0.49798813
2350,0.4651908
3101,0.81028616
35983,0.99489826
106208,0.976586
101438,0.70337456
48517,0.8944782
34860,0.98514926
64888,0.46939537
51188,0.6269331
4446,0.8503755
40652,0.97773516
110797,0.071105145
40156,0.9774375
124415,0.55893147
112400,0.6277987
65684,0.817973
81730,0.0016607605
106394,0.24777795
34780,0.393728
116615,0.770478
97872,0.027516795
85672,0.0016799633
77971,0.0016799633
57984,0.8277631
8361,0.13579883
49046,0.9835322
8318,0.15713124
46678,0.9902683
96399,0.608829
107398,0.25240174
20315,0.8243759
64919,0.711679
70674,0.4894914
60077,0.8093448
40271,0.15827712
69804,0.14050408
121936,0.82115704
120000,0.103193246
86674,0.0016607605
4974,0.96452045
93409,0.11022451
35481,0.93159056
20199,0.6812066
78880,0.0016607605
77080,0.0016799633
49721,0.1387274
72726,0.69558734
19333,0.66532016
99791,0.35728848
57792,0.91016245
98368,0.34948763
29945,0.016310234
62449,0.87057513
30307,0.5902132
108783,0.038351886
52006,0.5024307
73673,0.5888874
65393,0.69929904
112616,0.26204345
35008,0.98929226
5284,0.9113338
119927,0.69612026
1889,0.93893987
125006,0.18713331
48715,0.98724294
110166,0.047813773
97318,0.6900046
29009,0.21039648
73635,0.20831735
111784,0.68962586
61107,0.96759576
50141,0.5137757
5274,0.724987
49675,0.20906426
42000,0.7732495
4658,0.6989793
41335,0.9886596
36905,0.24154231
20446,0.98931175
27459,0.7455408
114269,0.26202554
13882,0.49655333
82973,0.0016607605
33998,0.990399
96558,0.059758086
77801,0.0016799633
111192,0.40887505
86456,0.0016799633
51936,0.9511835
9525,0.49644065
3126,0.15597
122964,0.6008187
85901,0.0016607605
53032,0.8416187
43077,0.07113483
89703,0.0016607605
33204,0.102861196
91771,0.07048099
32732,0.52410984
82946,0.0016607605
73977,0.12625213
50757,0.7328437
22314,0.7237558
2494,0.6810397
16943,0.7602029
11084,0.09007705
121467,0.7369463
56087,0.99223787
26209,0.34444654
123127,0.7635935
22292,0.8974074
7145,0.7462738
18286,0.9853408
97754,0.6521072
41518,0.7749662
109112,0.031837728
71379,0.4144384
16471,0.17487316
52218,0.656058
91052,0.0016607605
61977,0.9639235
49789,0.2236527
68423,0.61096245
106979,0.15144408
16042,0.18962526
113291,0.30729657
83870,0.0016607605
55796,0.969686
22636,0.44616136
96170,0.50053024
19221,0.73451537
9361,0.36240357
118293,0.17441265
3205,0.5789348
92693,0.49623844
118241,0.15982771
102937,0.5744828
124228,0.953353
123200,0.9423546
49752,0.41518098
85349,0.0016607605
10577,0.050829116
62403,0.8763186
6382,0.39096853
29919,0.023592198
102183,0.9762564
22257,0.6975432
102563,0.38103715
25456,0.87275773
93074,0.9796397
44657,0.7199374
96578,0.48416466
18332,0.055391233
66064,0.53826
2624,0.47229084
89364,0.001663111
63327,0.9216049
85094,0.0016607605
87337,0.0016607605
49038,0.98809576
25264,0.26109046
65636,0.6866895
66844,0.18029666
19218,0.9652816
55998,0.7639487
67009,0.12299683
75854,0.001663111
19394,0.5140925
57832,0.75560576
36116,0.44275784
33180,0.41417658
81459,0.0016607605
92428,0.49498373
120143,0.33987558
43406,0.5362884
11530,0.063652895
99352,0.35149497
72040,0.22843842
116346,0.21847172
77687,0.0016607605
52628,0.6157477
68948,0.054914374
35573,0.9789042
18299,0.8836979
20185,0.19917408
71555,0.26777685
37289,0.9762156
118382,0.785784
123070,0.93205297
74204,0.4039061
21813,0.6658041
105744,0.19452913
106640,0.6771234
34563,0.9263898
42549,0.6229615
65235,0.24366426
52508,0.82522655
67860,0.13178228
50531,0.9726575
32332,0.7091948
12323,0.45041943
112309,0.21053697
16747,0.7277768
57945,0.69406897
74899,0.6225608
5876,0.46458218
16680,0.548956
48597,0.80896175
9722,0.08528368
94081,0.9725974
19650,0.9514274
82801,0.0016799633
14361,0.04692321
81135,0.001663111
39298,0.9565113
116547,0.77919364
13173,0.34760746
58777,0.9072612
96029,0.5238621
44336,0.98042107
121551,0.9280762
113215,0.1405352
38481,0.84321076
85276,0.001663111
38532,0.66346085
98237,0.06837222
34186,0.98092157
41707,0.5405995
39825,0.10892352
64219,0.7286112
109624,0.01861232
78298,0.0016607605
124053,0.88394153
60688,0.8747801
75470,0.0016607605
16232,0.61523813
100342,0.59918064
2379,0.64006776
31668,0.1427101
116244,0.82714844
97519,0.77326477
94529,0.5238621
60972,0.5867861
45147,0.08845907
117223,0.40628624
88843,0.0016607605
20116,0.058680978
32658,0.9908351
68348,0.54205114
91849,0.015635207
107546,0.97094405
30567,0.9595598
124996,0.14772277
8520,0.2025518
35539,0.91277486
92238,0.66264755
93698,0.73288995
10344,0.6013085
97732,0.56561995
23997,0.6954255
55303,0.8876755
122400,0.2698083
84747,0.0016607605
120261,0.8408842
56912,0.89765364
10744,0.12255551
7561,0.20871508
86579,0.001663111
106844,0.983125
90563,0.0016607605
84797,0.0016607605
117479,0.77726704
43013,0.98598623
26830,0.98772395
103216,0.16548762
84976,0.0016607605
1543,0.6793924
107607,0.058057755
97910,0.034762293
65558,0.57536006
89446,0.0020445883
9241,0.46610036
99327,0.14690241
60324,0.633428
89789,0.0016607605
10633,0.6599817
69206,0.14964463
81943,0.001663111
19536,0.8306077
10791,0.67548865
10622,0.52274793
14400,0.9697622
1454,0.15000296
86095,0.001663111
121289,0.63921
13347,0.2882744
27769,0.28503004
2231,0.9088407
35973,0.9927475
100255,0.15519127
61469,0.8271956
120115,0.18455602
103634,0.18208875
102482,0.22939655
64795,0.19907847
4682,0.6839992
120555,0.7005011
3385,0.14215808
104809,0.16479702
53136,0.8033417
106560,0.1472159
116922,0.32782272
12395,0.19092555
94312,0.56728095
6805,0.8676252
76964,0.0016607605
9208,0.8615726
9163,0.7589981
115981,0.8619342
86500,0.0016607605
58259,0.9875566
118536,0.5333376
111120,0.16673431
87715,0.0016607605
73948,0.5038238
53818,0.5612362
71420,0.15285029
51070,0.451406
58021,0.8057829
37946,0.8748366
23898,0.37618873
107190,0.94036746
47573,0.81867015
69802,0.17593312
65752,0.57848287
27815,0.4780446
55073,0.74281967
121098,0.6935624
71915,0.4723166
66037,0.6174812
121582,0.8854923
96043,0.58987737
96842,0.5864883
8298,0.07494784
15847,0.06660785
101932,0.36707327
94668,0.153189
61352,0.8792038
70677,0.39669603
76227,0.0016799633
50190,0.20416187
79166,0.0016799633
77115,0.0016607605
85199,0.0016607605
63532,0.86359584
112756,0.3729654
98231,0.11191677
1819,0.87102425
76019,0.001663111
106866,0.9211816
77737,0.0016607605
75109,0.0016607605
44648,0.4246165
25940,0.0770086
42449,0.9006489
24342,0.17026928
57719,0.9639399
118948,0.8746094
56267,0.90108544
45820,0.90316373
14256,0.05208045
46480,0.9469805
41772,0.49211407
63647,0.903024
67885,0.13611941
6957,0.7299291
109864,0.018953351
103402,0.1582148
25704,0.4921164
123599,0.74328786
63435,0.31813294
87749,0.001663111
59421,0.913696
16225,0.62272096
18088,0.9611139
2139,0.54116666
75451,0.0016607605
10426,0.10808233
105501,0.26396537
70088,0.5572024
37236,0.9236329
21129,0.7623277
97935,0.6127304
92322,0.07819482
45622,0.98563796
97779,0.35461062
50556,0.66515887
27376,0.15698807
48809,0.9752804
47919,0.15885384
116914,0.069797724
101529,0.16603625
124764,0.75038433
98632,0.67127466
1968,0.17277741
49206,0.15635327
122308,0.83081454
41930,0.9646338
97281,0.09756375
97758,0.14036494
34714,0.98338336
60513,0.5670067
88976,0.0016607605
73702,0.2933202
56933,0.97768956
20196,0.22159453
85123,0.001663111
94808,0.21818288
73778,0.18046825
19800,0.155741
91436,0.001663111
62787,0.638267
10026,0.2472695
41638,0.10228478
91383,0.0016607605
104532,0.2344123
108477,0.64388686
5864,0.2760492
94706,0.10104647
66312,0.24659124
10317,0.5088836
115801,0.4001173
98001,0.9635239
11128,0.08665282
22130,0.9827572
45568,0.7244902
102791,0.49082056
85397,0.0016607605
22444,0.9724753
40762,0.8242186
98901,0.046404794
58527,0.87662107
39779,0.99156207
71642,0.41838267
85481,0.001663111
1924,0.81730413
111297,0.101138644
111977,0.46376175
120769,0.136539
123642,0.69941777
68592,0.36435232
92805,0.67324334
61178,0.89881086
34807,0.68852067
111605,0.18836021
91222,0.0016607605
80314,0.001663111
65197,0.8391392
7581,0.3969474
117852,0.72215575
85684,0.0016607605
55471,0.87295264
107463,0.09990363
97801,0.055331074
31733,0.9042768
29142,0.5970334
40306,0.9892675
22209,0.90091926
14924,0.43965864
92574,0.12563966
112098,0.11326609
71002,0.7776949
95361,0.079208486
8480,0.2113244
51073,0.25952274
22,0.32074335
31517,0.95465523
61938,0.9431704
112635,0.18135045
97617,0.14914182
112138,0.665828
28811,0.8068878
89560,0.001663111
37361,0.94381267
25163,0.97797537
103621,0.138018
4414,0.63311255
100208,0.5949916
61122,0.9910199
41917,0.9646338
35046,0.95081973
103764,0.16684507
70435,0.44361007
55026,0.67329705
21449,0.9711411
17447,0.92647266
10536,0.07433897
64590,0.74050784
70646,0.23398243
25184,0.98435795
77175,0.001663111
45623,0.65383154
36625,0.8299789
57948,0.8091155
5446,0.49090993
46257,0.9644644
86232,0.0016607605
28957,0.42822403
64943,0.08843043
8714,0.4234599
93691,0.75908905
124049,0.7025068
28234,0.14054188
21018,0.7898737
108156,0.98035216
83229,0.0016607605
73375,0.12841405
38881,0.9935183
80489,0.0016607605
9299,0.06939082
119095,0.66720605
15331,0.45004934
105794,0.22094053
4455,0.19987366
67437,0.41482845
100107,0.923511
73348,0.48653033
84736,0.0016607605
23762,0.83498496
60430,0.77435213
30813,0.9921908
58776,0.87717587
91245,0.001663111
47480,0.5875158
80147,0.0016799633
30240,0.9897363
34437,0.9883862
111906,0.6671914
95828,0.061965603
59276,0.85576534
2462,0.18253347
98089,0.10130315
68333,0.7147369
42805,0.62465066
98565,0.5878677
115494,0.19453023
86169,0.001663111
113224,0.7358812
67524,0.56589377
15058,0.38843906
13819,0.49988273
63184,0.4167622
1637,0.17066598
67868,0.52466035
16521,0.21745314
36688,0.97696656
98129,0.3424855
90445,0.0016799633
62687,0.20217493
97719,0.15832347
14585,0.93897486
119673,0.8299802
34803,0.37374398
21994,0.68335074
37492,0.9570257
82564,0.0016607605
119909,0.6719812
37052,0.99069023
111247,0.12868464
55953,0.9552481
39448,0.90750366
124128,0.7635774
74542,0.9469562
8799,0.060600583
47778,0.94414026
91487,0.0016607605
106469,0.33565328
110618,0.11467119
65906,0.4081827
23002,0.569906
64062,0.8690786
103536,0.19734673
118315,0.21468723
112838,0.7926718
73461,0.24771328
67319,0.1334403
74888,0.4538871
80699,0.0016607605
78611,0.001663111
87453,0.0016607605
122204,0.86509067
94422,0.45915848
47296,0.2124711
121627,0.2451691
72854,0.16741161
63234,0.8688453
104338,0.29113027
65823,0.5394095
97137,0.12402171
120197,0.8423775
71755,0.06821523
12261,0.35250425
104284,0.8138001
34659,0.89320445
10146,0.109782085
52264,0.59494793
111380,0.05618336
81995,0.001663111
48404,0.9799296
18784,0.98701906
2777,0.1329022
111140,0.65220404
79080,0.001663111
114327,0.9165767
15195,0.077545024
81913,0.0016607605
51150,0.09496259
19075,0.6573256
46980,0.7915818
56118,0.9915741
326,0.19544682
33014,0.026883405
67857,0.14535645
62481,0.59558684
68035,0.5525748
27772,0.3821706
55564,0.5568647
53923,0.6945543
2769,0.45623764
95217,0.12165207
124521,0.9061517
57442,0.73993987
45252,0.64947987
6512,0.11883521
84493,0.001663111
118146,0.15601355
45576,0.13439712
111043,0.13343601
8776,0.5267988
30666,0.9843971
110943,0.4700019
77270,0.001663111
22541,0.07599994
21938,0.11599569
93306,0.5807026
73454,0.5803352
39212,0.793623
115968,0.7148948
68607,0.5610879
6789,0.525042
75364,0.001663111
116271,0.12487097
81309,0.0016607605
96281,0.48933595
103832,0.97306305
89480,0.001663111
114839,0.56269306
58188,0.9862905
59265,0.20776998
70965,0.08392363
66747,0.40979466
97822,0.51138544
33030,0.025415756
22058,0.6918944
18460,0.33456805
117267,0.32742432
124405,0.50238895
28372,0.71096116
70262,0.20192283
39693,0.9786226
94088,0.56465507
66815,0.4990357
117641,0.3588813
119305,0.86302125
43521,0.96612805
48213,0.98144126
91429,0.001663111
54712,0.46543652
43219,0.9809765
60630,0.44862312
76719,0.001663111
60659,0.36145136
30103,0.023592198
113034,0.09035796
36787,0.99081576
120632,0.5974667
115119,0.7028631
7633,0.14804119
63879,0.8770157
40866,0.99134
43227,0.5492194
70333,0.36630964
2786,0.09896912
50906,0.110288605
65981,0.518308
49337,0.53821397
79007,0.0016607605
57578,0.7796764
26471,0.12884179
103617,0.13517942
61079,0.8692851
65998,0.43063247
66853,0.29039976
120100,0.4221032
43081,0.74114203
48842,0.9280957
60273,0.8574945
73453,0.73291105
97475,0.65300536
8017,0.28351274
35970,0.9917127
52465,0.22933012
43634,0.99292254
29727,0.94528645
57879,0.82600015
122529,0.79781604
79242,0.001663111
17626,0.66286516
42179,0.96116734
95691,0.080888666
76112,0.0016607605
116495,0.3045182
23909,0.44525474
34069,0.11724868
32960,0.0593261
88903,0.0016799633
50990,0.80654323
10850,0.14547604
59462,0.8853686
59158,0.5158976
80420,0.0016799633
73031,0.9793184
98852,0.12137479
32353,0.98359895
22366,0.97695315
118645,0.73564
6931,0.19295354
89346,0.001663111
37773,0.541687
68098,0.49573374
120400,0.5603611
92544,0.24577865
119885,0.12906422
96764,0.4653771
59532,0.9740219
4736,0.69532025
5870,0.18833587
70811,0.31463146
111509,0.48333508
59740,0.80292755
22254,0.72194624
115600,0.31851223
92658,0.5398434
67679,0.1794662
83769,0.001663111
118238,0.69643533
43640,0.9868793
50182,0.18662822
103676,0.74649495
33816,0.8516208
115178,0.83656025
28534,0.17198555
73907,0.155114
35145,0.99355185
2736,0.048671607
39330,0.27312905
80321,0.0016607605
12329,0.55117106
88032,0.001663111
32721,0.47667247
65564,0.6735747
103263,0.1301726
21257,0.02935766
73695,0.19493267
101511,0.5197596
116457,0.82921815
50514,0.9700332
7057,0.56994075
106114,0.8066315
4116,0.64152646
31577,0.98895186
52651,0.95482135
38296,0.98314244
117938,0.15233243
112424,0.7377545
30471,0.990759
36700,0.4306362
84150,0.0016799633
19386,0.84213823
108431,0.20723686
97117,0.25954905
123210,0.9674782
25642,0.18817498
50860,0.6483358
43012,0.9915605
123450,0.854678
121277,0.21143411
87884,0.0016607605
56285,0.9022016
115483,0.19380352
17030,0.41726622
90792,0.0016607605
3305,0.39470738
90053,0.0016799633
86278,0.001663111
82985,0.0016799633
693,0.972725
57592,0.9477112
42357,0.122479185
76659,0.0016607605
22277,0.6979708
96631,0.35203034
89788,0.0016607605
40042,0.8055364
98916,0.116787724
46206,0.98886234
35519,0.58456856
33114,0.8077147
67397,0.22014004
13456,0.10054438
72548,0.8271247
99028,0.63636106
91609,0.001663111
101520,0.16867766
20560,0.8546678
67786,0.100022465
27321,0.73529637
9705,0.151852
22913,0.7388221
50226,0.8735288
50309,0.16479892
11770,0.20651838
99490,0.22722512
74470,0.44537693
23812,0.27941978
41946,0.7737774
32963,0.038399626
34330,0.1354923
88704,0.0016799633
44466,0.99161243
22126,0.9776195
89034,0.0016607605
75152,0.0016607605
104056,0.32548156
15743,0.022121498
271,0.09393046
9836,0.13441706
100884,0.94739985
93549,0.09957303
77773,0.0016607605
18948,0.027375411
31038,0.989446
11056,0.11449989
117134,0.76784474
87621,0.0016799633
26431,0.93185335
32671,0.6988304
118194,0.53574246
62891,0.22572711
77804,0.0016607605
118517,0.14004688
30964,0.89065367
72547,0.51240706
28176,0.11487462
122458,0.40701917
32672,0.7471342
40144,0.21769117
108494,0.1413521
71421,0.15285029
5702,0.17185794
96046,0.5303905
70009,0.84078854
50638,0.76236826
67975,0.1656355
1992,0.55144566
51856,0.9623848
118166,0.19611576
111160,0.15353602
60098,0.8142739
49463,0.7836557
8269,0.34557158
92559,0.38229674
62340,0.90265155
102943,0.5513904
72103,0.17528789
81340,0.0016607605
200,0.9393258
43978,0.7500289
80171,0.0016607605
45123,0.99249107
82294,0.0016607605
6740,0.54125845
12651,0.7401597
40803,0.9772086
56816,0.58763415
22621,0.7783929
53935,0.29723382
55501,0.87925756
19118,0.82193166
80,0.7530554
62422,0.8848689
96255,0.169501
101384,0.4149533
45052,0.9754853
8186,0.45307076
47346,0.96482474
76578,0.0016607605
15879,0.9320369
114543,0.8336861
43778,0.093631916
25941,0.059080016
61329,0.10725985
57507,0.8737413
95327,0.10313292
74690,0.26396537
13632,0.7149031
69152,0.78630674
107071,0.79017025
90429,0.001663111
88930,0.001663111
49273,0.89297366
86752,0.0016607605
109784,0.021232735
109351,0.04789804
26622,0.51224405
111413,0.032296743
62083,0.9586252
55948,0.8907997
111345,0.059701487
1812,0.20754322
20887,0.6794575
105094,0.19571102
91921,0.0920895
7853,0.6524625
64332,0.7866592
112662,0.1543122
45194,0.17362837
122351,0.6781849
100906,0.98202777
14388,0.9327966
46838,0.20206693
56433,0.8374591
36630,0.9388056
117640,0.5766831
7675,0.82808185
74924,0.85151845
8209,0.5905747
9775,0.7064072
61599,0.5903109
73664,0.224307
81147,0.004626261
19291,0.8912378
120847,0.933316
8940,0.48887056
12044,0.9115668
68447,0.51889217
47063,0.026819147
69271,0.20857999
80198,0.0016607605
82924,0.001663111
106493,0.13439317
33887,0.10926463
6430,0.10946232
2910,0.20702697
113791,0.786555
3105,0.28686324
39412,0.9797452
33858,0.12729108
22423,0.9839244
100702,0.17182326
86225,0.001663111
18000,0.8043142
78035,0.001663111
47729,0.16204622
41243,0.9343766
70082,0.12530766
75511,0.0016607605
28157,0.8748234
31456,0.7111345
11425,0.48599017
30751,0.9950322
45559,0.17110714
26777,0.92703855
9996,0.2806374
102831,0.15275803
117273,0.37926716
90648,0.0016607605
72604,0.6239663
120947,0.48452452
118681,0.7378509
66370,0.5399599
82981,0.0016799633
13101,0.9606355
20174,0.17325635
118756,0.48876756
7930,0.18300486
78188,0.0016607605
13249,0.48780268
96594,0.5894352
105044,0.13977152
70240,0.44375566
52674,0.1334595
44751,0.45029458
1097,0.79123735
53900,0.44242758
38678,0.48660365
70961,0.7589908
5347,0.68266886
19155,0.90988505
73596,0.5803352
49951,0.14430548
8496,0.3907976
37638,0.98869437
63916,0.9209461
121088,0.3277358
79353,0.001663111
62982,0.81196874
111152,0.18740132
123499,0.5515854
26776,0.9372223
36248,0.5237823
51910,0.8075222
57673,0.9131591
36927,0.8552597
93484,0.15203445
32849,0.774058
473,0.03499755
56853,0.1352023
118411,0.6381603
99220,0.09178086
83384,0.0016607605
59625,0.9096443
67543,0.70857966
22926,0.9567179
97050,0.975706
58159,0.7685595
1436,0.3114665
113862,0.48271158
5399,0.4125563
34342,0.17777716
26288,0.89573437
124486,0.58243537
25418,0.9741754
63053,0.9011858
38763,0.848144
48097,0.12999284
91974,0.040380567
89973,0.0016799633
86196,0.0016607605
68718,0.31577286
118476,0.4303665
22618,0.65780485
20497,0.74646074
68407,0.62858063
13966,0.0479076
74720,0.10597552
106889,0.98008007
23939,0.8330112
48099,0.12858965
94556,0.3281215
123102,0.8139646
114431,0.83580303
34041,0.09987441
28920,0.9499933
60320,0.60807383
97670,0.31009024
62578,0.77050364
43396,0.9924022
50798,0.5805416
81462,0.0016607605
31240,0.5156253
63988,0.16346261
95470,0.6808563
73101,0.122715965
42899,0.95131856
109882,0.021388112
98023,0.98908967
103399,0.18829337
43289,0.7185762
5278,0.8040274
11129,0.337345
64059,0.5339567
37030,0.973079
75748,0.001663111
124733,0.7011468
113156,0.75551045
32708,0.8711792
86375,0.0016607605
43129,0.7784764
44062,0.79337305
23782,0.5088447
31601,0.99322295
19258,0.8320361
108555,0.4070118
72154,0.12934753
23485,0.6689358
44828,0.8603309
78333,0.0016799633
62046,0.95429045
11777,0.23644286
53922,0.46460804
12315,0.13858487
1424,0.12133128
90458,0.0016799633
36366,0.98599327
112603,0.46096408
97988,0.09166072
76410,0.0016799633
115503,0.16711497
20607,0.85947216
86699,0.0016607605
114430,0.8451894
77686,0.0016607605
59667,0.8733481
55484,0.7685814
72160,0.18068907
12542,0.46755394
97279,0.1326243
78207,0.0016799633
73871,0.23409641
33978,0.9782591
61918,0.9178668
90113,0.001663111
14966,0.05360033
63175,0.9716642
88910,0.0016607605
57340,0.7444946
96020,0.5204702
116046,0.86714965
71648,0.43088037
20347,0.8633022
15599,0.35882002
6274,0.25324264
91069,0.0016607605
66044,0.6806639
53918,0.52200156
109086,0.017819613
108962,0.024820898
45939,0.85099435
17927,0.95270115
85907,0.0016607605
14334,0.9302651
90027,0.0016799633
103515,0.6290648
31409,0.4077368
6398,0.5399599
77290,0.001663111
24464,0.025129529
29639,0.65006745
1452,0.73655677
3484,0.6254108
28412,0.23853765
82213,0.0016799633
68692,0.6998834
580,0.25602522
81130,0.001663111
14124,0.9648384
101317,0.114458814
14140,0.9755284
10778,0.17597185
105590,0.15292034
107156,0.9841127
67160,0.2979573
51004,0.17716672
45059,0.7582062
34474,0.7995241
22371,0.78332245
42459,0.9611841
124977,0.7578254
109862,0.022479082
109178,0.06486712
7016,0.5355318
6344,0.38630778
25089,0.9782225
62875,0.20806643
100336,0.3992426
72790,0.3530624
67023,0.13270418
100448,0.22465816
51041,0.32831222
31686,0.7510893
118872,0.85931295
14727,0.9774049
102305,0.11543398
92192,0.65117323
18926,0.0790987
51071,0.6184723
119636,0.6706703
37370,0.986725
112694,0.6432288
109578,0.0137769
13034,0.28204238
96082,0.19168341
107675,0.38046527
67490,0.4090663
58564,0.918043
104709,0.5569391
38387,0.9910828
14275,0.031259835
528,0.1486698
50658,0.18066761
120682,0.12979656
21594,0.98269236
62568,0.54495907
92825,0.14341766
25754,0.68002516
98019,0.9796438
93750,0.5955205
10168,0.50308204
70494,0.33360794
124502,0.8897107
92856,0.24323751
105636,0.18972148
4002,0.7033187
46755,0.18338089
1646,0.85696644
97417,0.77279866
21788,0.70185596
16440,0.49073303
78289,0.0016799633
17522,0.17487316
62057,0.77881175
104744,0.54934996
61579,0.7654643
118810,0.46642753
106518,0.17295554
33748,0.6364381
1803,0.24586257
4225,0.93946606
85464,0.001663111
70225,0.16931115
36907,0.86897755
17313,0.13573636
69863,0.7408734
39726,0.7889876
59437,0.9699468
18523,0.51512533
8215,0.57265306
30494,0.99015045
92546,0.69752175
62049,0.97119564
92399,0.07580053
22604,0.038537383
72722,0.24556372
121213,0.7515736
23871,0.26050845
114194,0.14024492
73924,0.36311886
117653,0.7353466
69818,0.4847075
117697,0.3768245
48086,0.12999284
73760,0.38879424
26341,0.98081595
7435,0.2977298
31178,0.74714774
16816,0.47588676
12246,0.939515
30923,0.6603137
121401,0.37847754
83162,0.001663111
67676,0.2812687
90946,0.0016607605
10347,0.49898973
43633,0.98687965
21999,0.292422
91145,0.0016799633
54369,0.96459365
100002,0.50038177
22133,0.97652835
71576,0.41539407
47353,0.96985686
113611,0.06331005
97446,0.9522251
12531,0.55976516
65188,0.5864392
44664,0.7464521
79454,0.0016607605
96033,0.56725377
124269,0.21285081
7441,0.6101453
11179,0.18105097
67106,0.2333067
17482,0.98797065
36678,0.96699375
40936,0.8592145
102095,0.32141444
21933,0.5735234
74361,0.40097475
4215,0.51979774
94773,0.23090753
63324,0.9478126
117827,0.72387195
36169,0.43467155
110541,0.06296237
26,0.66860324
20889,0.6623412
8772,0.36122856
23784,0.7933908
110710,0.087002374
78002,0.0016607605
106419,0.2155213
8251,0.28586084
9621,0.5208827
73250,0.37740722
116381,0.83079755
79381,0.0016607605
120974,0.92773277
79946,0.001663111
4298,0.96640444
124308,0.9685462
62081,0.952499
96336,0.17417549
16640,0.87570786
23656,0.9772453
16214,0.46760827
28511,0.5037531
81125,0.0016607605
91996,0.04689085
110087,0.1237393
2816,0.10338486
102652,0.18800676
121044,0.75625014
106862,0.7611957
1285,0.94127893
51453,0.73894435
122037,0.85494035
53267,0.85854745
94337,0.46359515
60571,0.8816295
535,0.49224252
26363,0.083380006
55110,0.8159378
44531,0.98402804
64135,0.7378589
39977,0.9638514
16179,0.05974579
95022,0.9533929
83473,0.0016799633
69147,0.26997498
83044,0.001663111
97931,0.5859023
78102,0.0016607605
120728,0.113505945
119697,0.8665483
105610,0.15439786
118594,0.6844893
45033,0.5009066
31987,0.7468406
18054,0.8456086
32261,0.619301
81222,0.001663111
30053,0.13605393
50340,0.56195766
44704,0.116307184
110845,0.02197165
105811,0.16874337
27194,0.7727081
94430,0.14473966
71501,0.27915198
16678,0.72465134
23407,0.4334765
73033,0.98438346
384,0.047148358
81386,0.001663111
49015,0.9817438
6535,0.028219286
77362,0.0016607605
90644,0.0016607605
25910,0.18120414
93503,0.20325321
79159,0.0016607605
10610,0.13690686
29710,0.13469371
94431,0.54200554
96756,0.64938486
66869,0.20028168
64646,0.47537738
105273,0.12361394
79238,0.0016799633
63594,0.9651321
122471,0.776994
62824,0.9578391
25740,0.6446261
71787,0.11753054
68242,0.48478147
74489,0.21404123
13719,0.08403201
118809,0.24313103
70525,0.4144384
56391,0.7001836
89916,0.0016607605
4396,0.8024629
37498,0.96563315
45610,0.9573414
95897,0.35650185
40920,0.9722015
49646,0.7943604
57922,0.9603523
61169,0.86752737
59664,0.85588044
68677,0.27816463
74731,0.5260563
82386,0.001663111
51123,0.63600326
96458,0.60303444
84085,0.001663111
72926,0.6012051
87912,0.001663111
53941,0.16439626
16304,0.4452578
13670,0.21912056
68040,0.46644747
102527,0.097652294
75003,0.0016607605
75061,0.0016799633
18281,0.99108094
102760,0.49006385
91536,0.0016607605
97890,0.027432907
10895,0.115602784
15189,0.17448501
120680,0.29024863
103595,0.46179354
11792,0.2792994
101441,0.4250202
23435,0.21052358
37106,0.9611685
63210,0.9908568
30421,0.84928226
2277,0.57205516
16743,0.75597453
1720,0.9024921
2906,0.07670541
34290,0.439818
29712,0.14092886
82887,0.0016607605
56565,0.57437545
46358,0.9456482
121445,0.16273955
24832,0.8183223
112551,0.07828814
14975,0.23910253
614,0.5084828
97322,0.65123856
123570,0.69869196
65485,0.11823063
27531,0.36028722
7694,0.18190055
77611,0.0016607605
12921,0.14359567
8818,0.32047194
123476,0.87903905
64986,0.7236445
116357,0.6626535
104802,0.26752436
104973,0.53491944
99004,0.51116323
29103,0.8288435
41618,0.08772872
122783,0.24856885
8791,0.41662624
88818,0.0016607605
20949,0.67571944
116995,0.82301736
29729,0.46018422
48108,0.96818024
1341,0.8079882
22811,0.1539269
107833,0.20196651
6387,0.23238523
67516,0.30279887
103488,0.568303
76184,0.0016607605
117508,0.74716437
4074,0.36257297
12086,0.14967085
103400,0.2167572
93033,0.950798
44723,0.07921609
103017,0.17660676
122658,0.5556289
48947,0.10109622
56328,0.9847869
72204,0.70206237
77888,0.0016607605
7990,0.15293887
107052,0.49817124
19589,0.79724693
59323,0.86062896
94086,0.81161755
17407,0.15925191
63894,0.7609583
14330,0.29660127
124619,0.9721397
97111,0.16260166
113303,0.35633367
57529,0.5339953
118275,0.609744
36975,0.97241366
82054,0.0057282583
35743,0.9877632
64141,0.47380298
79745,0.001663111
17361,0.16220659
116627,0.41718155
76392,0.0016799633
93052,0.426995
98858,0.7656776
67713,0.10790448
87780,0.001663111
87727,0.0016607605
54469,0.14814475
95134,0.57977986
115191,0.32390335
81518,0.0016607605
57688,0.8093448
61607,0.8596991
67504,0.20257786
108377,0.58358526
104192,0.27437413
105893,0.94407845
49474,0.7516773
86663,0.0016607605
110325,0.053468194
82925,0.001663111
52976,0.8112854
93202,0.15589476
24933,0.5634395
64334,0.7962575
112150,0.14378907
110273,0.29909113
28394,0.12583783
53407,0.8421296
106679,0.38401306
35216,0.6797969
48357,0.187714
45225,0.51745886
71070,0.56350815
21342,0.84521157
30093,0.023592198
78510,0.0016607605
53811,0.8852769
116231,0.93707967
96637,0.5134502
42844,0.081589654
27538,0.6502681
100181,0.6012669
100574,0.5572323
83407,0.0016607605
29737,0.6945649
34110,0.079601265
43566,0.35942608
58837,0.47615394
90043,0.0016799633
112591,0.7070522
35271,0.9746687
9937,0.16926278
114622,0.8646145
52221,0.7877607
94503,0.21016444
113618,0.04151443
68608,0.44138873
107555,0.9254802
84546,0.001663111
91669,0.001663111
52549,0.21141581
98159,0.7510483
107043,0.82149065
64126,0.20829976
51993,0.13696861
83517,0.0016607605
38350,0.9621543
74350,0.61241454
14957,0.9441261
102614,0.739243
35435,0.9155821
23669,0.97913617
63353,0.32324106
9862,0.23047805
101334,0.06805162
105153,0.51564014
89353,0.001663111
15068,0.43427527
121483,0.7400699
9417,0.47967684
36536,0.48787105
3261,0.94727767
79538,0.0016607605
13397,0.18610796
8082,0.123671494
22084,0.88725543
83626,0.0016607605
18588,0.18102427
26095,0.3793704
75558,0.001663111
120775,0.40278548
13145,0.47122824
35406,0.9682897
72426,0.38261613
40455,0.9798926
110952,0.14230813
47949,0.9657073
49941,0.6280951
94258,0.9893042
118210,0.14370014
24899,0.060174733
13012,0.31829852
124171,0.823664
67330,0.13270418
8795,0.4416555
42756,0.87834036
12904,0.4599015
65570,0.7007913
102298,0.107188135
59716,0.87717587
20867,0.07533854
103765,0.62108916
64230,0.44439942
18633,0.22351035
39650,0.8438727
4949,0.9946467
37128,0.99069023
28136,0.81834304
7110,0.49766037
61668,0.1676609
18433,0.4965948
36151,0.5535415
52875,0.7091377
101944,0.47880575
122712,0.0998833
62455,0.8763186
50863,0.7938878
95228,0.74956906
7939,0.72440374
85641,0.001663111
21339,0.5669057
44242,0.45436063
83512,0.0016607605
37722,0.8389763
85336,0.0016607605
15631,0.960667
64821,0.6945078
118028,0.19974422
38315,0.7161148
50836,0.06620432
73687,0.36437032
30288,0.5902132
110694,0.059130296
21455,0.9827572
81219,0.0016799633
80219,0.0016607605
90762,0.0016607605
85009,0.0016607605
35099,0.8871626
70215,0.12332895
31765,0.9809089
69945,0.2842336
105933,0.93754596
119746,0.75748974
43478,0.3538736
35733,0.97665316
68661,0.73370737
61279,0.98557633
84847,0.001663111
95712,0.44186077
82227,0.001663111
67525,0.7427481
109985,0.04199782
103068,0.6062349
105778,0.6704422
34490,0.53608
118437,0.767109
34858,0.9799172
53906,0.47510096
404,0.5866401
26375,0.527649
43474,0.94360244
21089,0.15219155
69033,0.29872623
84515,0.0016607605
53724,0.610321
105224,0.17295554
118579,0.09769721
121824,0.85471046
80594,0.0016607605
116760,0.8353076
41984,0.7594582
61092,0.9518843
65405,0.59269506
54807,0.892082
96464,0.20189211
103838,0.9722171
19841,0.7929641
70076,0.12473177
73103,0.32657218
113343,0.39741623
9772,0.4647275
123853,0.9554022
21090,0.41470805
124904,0.5900223
36512,0.9797452
117242,0.725304
89782,0.0016607605
86032,0.001663111
25540,0.8439833
113880,0.21244021
72250,0.09117072
27915,0.70238036
19964,0.72492045
80711,0.001663111
72715,0.6793825
29372,0.46340263
37275,0.91714567
40843,0.99217105
110427,0.07591635
6554,0.19570073
91290,0.0016607605
48423,0.98880786
33572,0.07618475
115899,0.1384585
26514,0.88112926
37344,0.99163425
65678,0.98653245
57800,0.78801006
72791,0.6735213
118345,0.70952576
6624,0.8774717
108098,0.19867817
105302,0.56336457
68633,0.7450411
64929,0.6474324
56677,0.98549217
90077,0.0016799633
99973,0.2571337
57194,0.49097073
55137,0.8836387
120559,0.4565496
85178,0.0016799633
91026,0.001663111
62329,0.9892139
14743,0.6108398
49176,0.77065104
117163,0.5496713
72419,0.5073978
117725,0.20510064
84935,0.001663111
25902,0.69936043
62271,0.90051347
39149,0.9919552
92228,0.32436496
49945,0.20625052
65402,0.81616026
22285,0.7188194
108201,0.9477278
107875,0.6320589
116739,0.3712673
20661,0.9565949
5373,0.8517834
64340,0.88842785
37111,0.98377395
7551,0.2371841
88005,0.001663111
10282,0.06531987
709,0.48647898
102806,0.2827703
112567,0.13484412
53224,0.9452071
60135,0.92706233
83334,0.0016607605
107012,0.9211861
18469,0.69148254
47546,0.98335266
30566,0.9568706
15573,0.9783523
30028,0.51557744
4587,0.5545451
69760,0.96907455
11022,0.0639219
21539,0.9863463
66770,0.16016588
88745,0.001663111
78080,0.0016607605
56688,0.9821752
121267,0.64750695
32907,0.948519
66436,0.15954438
62975,0.8273977
29314,0.7219938
11565,0.11647941
72617,0.6119304
82140,0.001663111
28880,0.74986476
96293,0.1411353
79261,0.0016799633
37625,0.9655326
78782,0.0016607605
75840,0.0016799633
60980,0.95942533
33287,0.5702357
111454,0.058071267
60050,0.7690185
991,0.98233205
93012,0.46926284
124285,0.86826557
14462,0.9664501
50477,0.89224386
765,0.44538474
124193,0.74370337
20612,0.8713283
55032,0.4332354
31166,0.65987426
122232,0.34210736
103882,0.6939382
95089,0.461126
34332,0.8278744
27322,0.6302188
4909,0.9883138
65437,0.09142834
27411,0.54438895
65353,0.95991635
85434,0.0016607605
34247,0.97641045
111642,0.4119962
95971,0.067638196
15209,0.21672441
100503,0.3511
35764,0.99282336
15988,0.7102781
115906,0.5932557
71254,0.22151065
63887,0.75708264
27229,0.6325044
122805,0.5187791
52966,0.187069
116230,0.3649858
61111,0.97353405
45526,0.092899345
21320,0.029368138
45850,0.9655756
46996,0.7989876
120673,0.31483537
42062,0.9916612
15661,0.06017422
77992,0.0016799633
23004,0.95369685
96554,0.08270926
45633,0.98742527
8230,0.082933456
103283,0.14184625
2213,0.35915625
99355,0.21501063
35776,0.99282336
11211,0.7940309
54069,0.35679296
53212,0.8316187
115891,0.15583171
37306,0.912469
647,0.98316723
91275,0.0016607605
48304,0.7797704
26353,0.09847089
54270,0.5799952
4830,0.6270795
99881,0.6215343
58718,0.8201051
5288,0.9244514
114861,0.6557878
4233,0.96676475
47526,0.95129544
54043,0.51180786
2578,0.25872257
65214,0.94129145
56879,0.55068976
10429,0.30533975
38080,0.8516705
54593,0.4462019
112886,0.7386036
43266,0.46238485
116912,0.10335145
20742,0.54062706
57415,0.7444946
12024,0.025561117
10774,0.53827506
15062,0.17622545
5959,0.05346711
22764,0.19451146
103099,0.07490575
121003,0.41449273
4591,0.9197443
102571,0.47322565
107717,0.39205655
109600,0.020537503
70397,0.7037725
17501,0.6490957
51930,0.9104346
114316,0.4587288
39657,0.21066277
57248,0.7468974
81661,0.0016607605
9851,0.31452358
25570,0.18984261
33865,0.041063927
29786,0.7862794
47099,0.4923894
59994,0.23219566
124783,0.46084133
50059,0.13796236
43534,0.44698545
3769,0.15251993
14990,0.37673634
43817,0.62934303
77503,0.001663111
115881,0.63933897
29121,0.83223486
65497,0.8322398
81689,0.0016799633
32615,0.9177642
37272,0.9189585
72822,0.36012545
122333,0.93776083
1108,0.54588187
70270,0.65001744
49311,0.47047743
61602,0.91337174
104654,0.14303893
98557,0.15414093
54938,0.9065244
114845,0.14499736
85842,0.0016607605
21415,0.5895817
81057,0.0016799633
10313,0.5398434
3542,0.26452258
107801,0.26191747
91220,0.0016607605
44263,0.9889088
96204,0.1350555
125121,0.8954854
21906,0.74290156
121759,0.57580996
58976,0.89659816
8365,0.11650861
64145,0.15575768
36362,0.9793442
28971,0.1916822
77071,0.001663111
4136,0.38768855
4059,0.29220974
49034,0.98023546
85477,0.0020474808
88641,0.0016607605
28053,0.2779767
115820,0.835041
48319,0.1931441
1132,0.8343848
124735,0.25157756
76416,0.0016799633
78053,0.0016799633
91782,0.083627224
33977,0.9785001
39214,0.28214556
32774,0.93708795
73893,0.15207857
101173,0.14982192
36916,0.7937081
66937,0.1402502
70360,0.40674114
8377,0.11494892
27157,0.510557
41714,0.70345926
62213,0.8740894
27003,0.87399614
99316,0.19028762
76653,0.001663111
92929,0.98868227
54632,0.70919526
34546,0.87634873
114429,0.82760227
38234,0.9799042
57947,0.80074525
50362,0.66557395
10072,0.19656608
36752,0.9916468
14234,0.07122613
45265,0.55912995
26761,0.7873704
107575,0.8428774
84104,0.001663111
45637,0.9784067
93137,0.97367936
71574,0.15834844
2464,0.45107085
367,0.80103904
76867,0.0016799633
30218,0.5779407
47352,0.95031005
32583,0.81829995
115369,0.21380381
75253,0.0016799633
58525,0.8910352
45210,0.1161277
26178,0.20627522
103810,0.9114021
26428,0.41903424
100626,0.62577164
112302,0.23761754
72933,0.56041753
74185,0.19469988
118711,0.35795885
14419,0.25186574
56812,0.16469987
104468,0.1806688
107223,0.9934534
101530,0.54866654
101733,0.28207737
109596,0.02759945
99902,0.5211661
14394,0.96620166
2428,0.20402761
4660,0.7004011
44331,0.96672285
29545,0.67740566
40798,0.45055646
54952,0.9637153
82001,0.0016607605
7623,0.1638521
10397,0.9044763
87399,0.001663111
2668,0.15652749
6008,0.038882043
73563,0.1846007
71709,0.59890944
14379,0.91609913
23279,0.74008805
4378,0.90220296
17035,0.1774672
71896,0.48480073
28462,0.37858427
108334,0.65467507
45707,0.498947
70299,0.40913364
34387,0.5897054
86189,0.0016607605
107117,0.95859015
22316,0.75972104
13122,0.8055992
63901,0.7802957
29165,0.6448081
105375,0.9847556
121831,0.4565485
95634,0.35951552
20461,0.27987134
102331,0.04987716
45803,0.6945415
28007,0.24252287
69234,0.1438449
39261,0.98494846
66125,0.14384031
30898,0.67841446
16706,0.15379408
93292,0.09995946
49385,0.41876438
47317,0.4715064
102752,0.41717035
60519,0.4817181
109598,0.017046962
26582,0.7180349
15960,0.65368974
75033,0.0016607605
10881,0.822744
26664,0.92967343
43256,0.9190537
55570,0.16687967
38007,0.975367
14872,0.17939012
122126,0.19219708
100111,0.6182465
106580,0.16598858
109072,0.036603596
110505,0.07571158
76884,0.0016799633
103512,0.14604232
87800,0.0016607605
24585,0.016496535
110126,0.107086785
97843,0.07524713
87722,0.0016607605
28980,0.625588
73850,0.1320364
65404,0.14021255
18589,0.17000088
34024,0.46588525
76289,0.0016799633
71589,0.1623396
64451,0.9958389
53525,0.7418088
96969,0.5133691
2307,0.93969065
30934,0.112839505
107797,0.18519711
84358,0.001663111
27277,0.32218215
54848,0.4394475
76927,0.0016607605
68668,0.27723494
40016,0.95360786
78133,0.001663111
97151,0.4571904
118795,0.6739615
47432,0.09646677
40940,0.94411266
91885,0.05614591
93948,0.87752765
17759,0.8156492
118455,0.6250418
1554,0.19312942
18946,0.038537383
56855,0.19196863
27449,0.16576289
17929,0.9544098
67811,0.21795835
109500,0.07198845
22797,0.6812066
26105,0.89017147
98364,0.1699018
34266,0.18231376
53916,0.73892593
47825,0.98721594
96190,0.6413459
78184,0.0016607605
97205,0.62931395
125139,0.5122894
120484,0.76834285
66828,0.17653678
54967,0.3619563
42123,0.98115325
77225,0.0016607605
83436,0.0016607605
45694,0.54753387
105672,0.16739148
65763,0.42906603
72990,0.9683648
108310,0.3946745
24605,0.016496535
117612,0.7286222
75537,0.0016607605
103500,0.38376164
13521,0.9334075
31655,0.85491055
103205,0.10796829
52160,0.61990565
34948,0.6674883
106305,0.9866306
76816,0.001663111
119959,0.17090806
64448,0.99497825
111838,0.13266793
72918,0.48653033
33524,0.15649326
51689,0.2749063
47841,0.54547805
117657,0.66532457
98406,0.13085061
73967,0.5905796
19740,0.14754939
112999,0.7902628
107609,0.55718935
43649,0.9862243
27477,0.43297705
88414,0.0016607605
17742,0.5394803
62921,0.19567657
4,0.8278533
83423,0.0016607605
24274,0.74030554
51946,0.8220371
42583,0.9404812
94429,0.38536653
76925,0.0016607605
42701,0.9869981
74560,0.9516721
55585,0.16763854
53418,0.8704044
38896,0.313821
26999,0.43205237
42072,0.98623997
121568,0.78355503
18153,0.9885604
2819,0.083039306
50007,0.7653299
123015,0.18970315
64918,0.7007913
100585,0.50251603
81890,0.001663111
91333,0.0016607605
11525,0.09357138
87788,0.0016607605
6754,0.5044118
97745,0.25821537
49006,0.9761998
78988,0.001663111
48267,0.07571545
118988,0.5423639
47435,0.32471853
100367,0.35379618
51251,0.1766603
82554,0.0016607605
118566,0.17403153
11243,0.13215293
27681,0.25207502
77905,0.0016607605
74561,0.97544223
79254,0.001663111
74545,0.583348
23759,0.8064494
57454,0.8271297
96717,0.91827404
8370,0.45469528
121813,0.7828916
53821,0.1700596
18599,0.5828509
116371,0.83079755
121726,0.8236121
10989,0.082836114
8222,0.504739
35732,0.9719107
27834,0.37979546
42945,0.9915605
96397,0.108329654
54503,0.767412
817,0.97171766
59259,0.7609583
68736,0.053108048
72030,0.25872257
30967,0.9732762
119824,0.66720605
34506,0.7995241
112901,0.9202482
105561,0.7944335
65433,0.06483695
28356,0.1166314
52324,0.22552367
107508,0.13606809
88373,0.0016607605
98312,0.60649174
3119,0.1677695
1741,0.79588354
45925,0.9811663
25254,0.3117718
88700,0.0016607605
74260,0.3631046
9334,0.771447
81876,0.0016607605
71316,0.19797978
109415,0.06250768
110575,0.059215542
67682,0.13213862
73020,0.98154116
100862,0.21360555
10095,0.74094343
124831,0.8765838
52239,0.13789922
18099,0.9844603
95425,0.4304575
50425,0.38360757
43317,0.9096574
83878,0.001663111
55725,0.5468911
41730,0.45313427
56909,0.7522217
50954,0.83598626
40070,0.9701607
84824,0.0016799633
78919,0.0016607605
122357,0.76936257
63821,0.6916807
97623,0.5961437
34544,0.87066513
87522,0.0016607605
16572,0.8254915
31884,0.98878175
95108,0.57140267
58869,0.55267936
110038,0.03544062
6528,0.023319509
92902,0.9845924
13355,0.24954881
31262,0.7074639
51068,0.7004673
34177,0.9695119
45300,0.9770141
34503,0.6473727
7063,0.18888026
15398,0.07443877
17499,0.7960121
61322,0.1179569
60864,0.98014873
77055,0.0016607605
111979,0.47847977
55140,0.22752099
112314,0.7385994
82316,0.001663111
90945,0.0016607605
55668,0.19271503
31453,0.71605927
44990,0.8592145
105673,0.6663333
62193,0.9927469
50256,0.94651145
48451,0.9825525
78078,0.0016607605
72061,0.47649053
71193,0.20179045
93305,0.476204
76803,0.0016799633
60087,0.80508345
38751,0.5995582
42109,0.9677672
61931,0.9695724
104185,0.14064464
11345,0.16424681
12256,0.24147034
27271,0.18941347
123990,0.9186041
347,0.75887686
27147,0.8818785
88163,0.001663111
55259,0.8122575
14387,0.94931525
33400,0.63479
565,0.56811655
122946,0.7644942
35196,0.97388524
69654,0.9712251
76668,0.0016607605
86392,0.0016607605
102968,0.084875934
24095,0.027375411
57384,0.95297605
88823,0.001663111
123750,0.7348833
96513,0.12736808
49695,0.77278686
27673,0.16088057
118663,0.6489767
108622,0.5098329
53685,0.25411585
87272,0.0016607605
21628,0.9862846
28576,0.7211452
64129,0.64244443
111376,0.06852588
26931,0.7382764
39864,0.9779168
18495,0.41037646
107229,0.99464935
110646,0.10303903
107703,0.23737912
30581,0.9832114
77712,0.0016607605
108063,0.41956994
115896,0.19429038
87493,0.0016607605
69284,0.22099088
15539,0.96223885
115177,0.26251453
93060,0.9517649
35856,0.97003347
119839,0.3479429
33120,0.5667161
122120,0.17226055
31834,0.9542992
27713,0.69840485
109082,0.039178077
100743,0.06756802
119166,0.6609463
13680,0.43336973
68317,0.17733133
82661,0.001663111
40980,0.993504
5861,0.48258838
24341,0.14887501
61808,0.6242099
95993,0.45789456
81440,0.0016607605
42326,0.17067824
58336,0.9355269
26186,0.6148083
6809,0.46879363
40155,0.5522311
92879,0.74970406
6294,0.6809135
83112,0.0016607605
52510,0.19244488
101332,0.07381949
123576,0.7011468
115134,0.1480748
10192,0.44700783
71797,0.38428
112426,0.53638357
92701,0.19629532
29207,0.20615424
119100,0.2402017
77837,0.001663111
62974,0.7155885
82732,0.0016607605
88891,0.0016607605
64040,0.72400445
63748,0.7602331
98075,0.06326861
119905,0.41464147
8793,0.29793197
116649,0.82366794
72281,0.23520075
19091,0.2760733
6757,0.49203557
9178,0.80419284
2177,0.1915765
86519,0.0016799633
30104,0.030895036
30610,0.9910479
37007,0.842528
8297,0.11369056
51845,0.9552973
100258,0.59666896
7095,0.6023277
115880,0.7632298
33367,0.8255444
99596,0.41216424
48211,0.6228526
124291,0.8586031
114734,0.81828177
56417,0.7185987
60693,0.9193386
31182,0.8019694
40812,0.98563266
110185,0.046322312
45865,0.9823751
17301,0.6805455
66703,0.20319799
72320,0.16570738
86293,0.0016607605
84128,0.0016607605
31586,0.41156545
69150,0.48811615
29575,0.6814135
21508,0.9663155
119714,0.8665483
59980,0.17882957
57730,0.7826333
94166,0.9883624
55627,0.17836057
75895,0.0016607605
58781,0.36645943
54539,0.1021305
6578,0.08613321
124104,0.65318847
92981,0.9914016
3881,0.101037614
105019,0.5250543
31287,0.40319
123177,0.8094601
117798,0.5904514
60484,0.8177156
15757,0.020241091
122513,0.7257752
103286,0.6544038
11832,0.065321535
72327,0.7597766
104243,0.13737817
1481,0.87096393
69037,0.27552477
49859,0.2939505
19671,0.9867628
45794,0.9303738
91431,0.001663111
82835,0.001663111
43373,0.98896027
77460,0.0016799633
102208,0.3575694
60201,0.2084316
83997,0.0016799633
61618,0.15618975
34051,0.0728275
630,0.9673465
111344,0.74287206
87511,0.0016607605
70803,0.24526952
64445,0.9949033
75411,0.0016607605
39863,0.97459114
121537,0.8704391
123460,0.89224386
124640,0.9791358
120093,0.6238939
113420,0.85675097
12181,0.53342843
4221,0.86783755
40754,0.7258062
124909,0.2020307
941,0.92600673
41280,0.97678465
981,0.98057485
4998,0.8828848
20180,0.53879267
109460,0.020358104
4210,0.6599827
102176,0.97608614
103608,0.16382456
21271,0.023673424
28868,0.80938643
96638,0.5134502
1466,0.20567028
33802,0.37449038
20637,0.8321152
90718,0.0016799633
21668,0.7136408
38819,0.9878714
118657,0.63390946
87103,0.0020682202
9122,0.5269203
72807,0.52799
97825,0.7348405
29870,0.08939663
26469,0.5476788
18563,0.1802504
101162,0.49117565
86748,0.0016799633
36228,0.39966634
72148,0.45197797
123836,0.8424239
35226,0.9762156
119380,0.75399435
6824,0.1927331
22353,0.9530227
44839,0.4557758
48274,0.052249745
83949,0.001663111
65725,0.8799739
80828,0.001663111
54909,0.85197526
46649,0.98648703
94614,0.11735259
8976,0.51252717
2574,0.40245053
46550,0.985796
103799,0.22444527
63577,0.96886975
100172,0.5949916
80547,0.001663111
23713,0.98233205
26705,0.5903223
3407,0.15903102
28065,0.5275229
58224,0.9355269
39774,0.9849112
116286,0.66402763
51900,0.78905
102724,0.29491654
5003,0.8622385
113254,0.35245672
110804,0.062000718
50663,0.79444325
58972,0.86752737
34967,0.7785848
47150,0.12628108
113452,0.1314418
10187,0.12424899
110529,0.022725757
99345,0.20560841
22596,0.025129529
41408,0.30936763
61330,0.09266954
123063,0.85402554
16425,0.28929934
74739,0.24741192
51982,0.40556002
123654,0.7588205
46433,0.98487675
25650,0.12159121
58120,0.7578198
68267,0.19826683
109122,0.086811684
14738,0.94654894
88926,0.0016607605
33336,0.9309846
118155,0.1767611
13910,0.26853782
59056,0.8887535
119074,0.47136027
44881,0.98690134
10237,0.7727482
89158,0.001663111
29873,0.07972875
103592,0.30046386
95026,0.38982671
64753,0.67579806
41396,0.9561368
53333,0.86607844
60603,0.36848694
47220,0.13059528
110732,0.17678204
103097,0.14609903
31064,0.67865837
24849,0.11941151
12457,0.16164584
87029,0.0016799633
33139,0.6850469
99380,0.35668054
52699,0.19046667
46898,0.43013144
115300,0.2469288
114015,0.06388531
25521,0.9770437
3306,0.8421071
28251,0.2910946
93515,0.11589597
89045,0.001663111
107472,0.21138787
124440,0.9031249
13461,0.06642581
15895,0.5074547
97989,0.37194103
42016,0.9629237
40236,0.9885179
13784,0.49899352
57817,0.8204592
124283,0.83796996
19810,0.6541015
71126,0.23241404
93533,0.16128138
102714,0.7651879
19428,0.8171754
53552,0.55425835
100250,0.5914183
46102,0.964253
101991,0.49097186
66545,0.17774445
29817,0.67505646
48721,0.9863371
109168,0.021232735
3856,0.7413899
8783,0.87249523
42838,0.076443635
15527,0.9314767
107198,0.97586614
62984,0.24586883
76086,0.0016799633
92303,0.48103943
119588,0.2663249
100161,0.42894402
31395,0.9486549
97753,0.74025345
12848,0.59944016
31845,0.98601574
98567,0.17519343
51179,0.8655359
78336,0.0016607605
69159,0.38317615
116794,0.7473973
6243,0.34952986
38425,0.13046318
45727,0.10401216
77760,0.001663111
78242,0.0016607605
81035,0.001663111
50354,0.78200924
543,0.67084646
26405,0.45235917
96316,0.17095463
28667,0.6654011
52419,0.50338376
40128,0.21012339
107928,0.33775502
96307,0.16653548
69448,0.53891236
26649,0.86298186
109376,0.05786923
14267,0.025723016
48731,0.981858
44507,0.9414952
119742,0.85607535
115462,0.4142395
46389,0.79036546
50742,0.26746807
21749,0.9102308
43641,0.99292254
56622,0.5353522
67013,0.12105032
101832,0.17087127
14080,0.09746896
112447,0.14608309
1163,0.92082167
66989,0.27128816
67081,0.23928133
59040,0.8543656
84759,0.0016607605
6456,0.08430605
111526,0.70747954
110966,0.085197955
67978,0.14466886
111417,0.032296743
82442,0.0048923306
12666,0.50307065
46391,0.6403966
92491,0.3883338
123043,0.8094601
65844,0.89302814
115340,0.8058034
81001,0.0016607605
45906,0.86469066
76322,0.001663111
111460,0.7389044
115366,0.45395982
69225,0.5319712
19295,0.6410865
435,0.12558405
73505,0.22687699
3243,0.8100375
14820,0.98021257
16088,0.18617035
3947,0.09865308
19158,0.8434047
99371,0.113630004
17096,0.76745754
35092,0.9323851
5243,0.8054681
58534,0.8774753
54357,0.9489635
79734,0.001663111
77677,0.0016607605
62440,0.88291323
90095,0.0016607605
47900,0.93009835
1866,0.80111825
8726,0.35737503
55354,0.8465838
9893,0.131404
40282,0.96859175
57819,0.8204592
40302,0.98833513
18298,0.83242655
35688,0.8408869
87428,0.0016607605
70661,0.52136475
108429,0.23490247
71341,0.74825424
81912,0.0016799633
90376,0.001663111
89508,0.0016799633
44205,0.4595139
95647,0.47895458
15131,0.06585715
76073,0.0016607605
56888,0.986902
30482,0.99203
90299,0.001663111
42920,0.9898241
6217,0.15647113
13368,0.09957786
54995,0.3799847
8455,0.7106748
76090,0.0016607605
93944,0.8098259
101314,0.12901437
99467,0.08057998
49420,0.97616005
109091,0.024290016
15686,0.10094581
5887,0.0935138
103377,0.14033623
22662,0.503393
59211,0.5573674
103113,0.13161184
123333,0.8665997
102356,0.28227597
62594,0.70482624
111459,0.30160043
92260,0.19498737
45781,0.23715423
31168,0.41131595
93023,0.96525216
99538,0.484628
56277,0.89060473
123297,0.46226752
75339,0.0016607605
69077,0.542138
56493,0.9386966
119442,0.080021076
95024,0.9581739
93686,0.73288995
46510,0.96357805
30734,0.99267477
64593,0.16952118
48425,0.98631334
19283,0.64181656
90232,0.0016607605
4881,0.9501013
19647,0.9273737
108932,0.030908346
47410,0.7446351
3952,0.09024715
68842,0.030308504
93873,0.07865542
62573,0.71285146
39219,0.28214556
91555,0.0016607605
97218,0.5312074
105787,0.31020257
16428,0.082365654
120690,0.325058
85399,0.0016607605
65008,0.886296
103997,0.35157394
47280,0.5151487
108102,0.16330798
66182,0.6195895
106125,0.91227037
113751,0.18842945
94707,0.11324685
33092,0.84403217
121854,0.855432
73877,0.18905681
53325,0.77838165
75769,0.0016607605
12330,0.5073341
62100,0.98656625
116442,0.290946
53381,0.94304717
68395,0.24499033
110451,0.04590318
65309,0.9562722
36923,0.24876094
48632,0.97099787
10929,0.58192134
14668,0.9774049
29649,0.9321156
117152,0.15655774
90643,0.0016799633
16697,0.6820923
46686,0.9904426
91636,0.0016607605
40585,0.7072516
41776,0.19875315
105502,0.6694909
114197,0.09810873
83067,0.0016607605
87600,0.001663111
37658,0.9465583
119964,0.71762025
50902,0.1484317
88051,0.0016607605
112463,0.12315082
51228,0.5024307
9409,0.5386155
26590,0.6445685
45444,0.55359524
122236,0.16072075
37108,0.9809089
81072,0.0016607605
31534,0.47701466
111517,0.16690953
7170,0.17943436
48672,0.9764084
41145,0.99253285
32362,0.5510266
67631,0.5226301
19028,0.082270436
75467,0.001663111
71934,0.13352975
27179,0.5584491
123684,0.19726741
89587,0.001663111
62404,0.7855899
45589,0.35778096
102370,0.26503527
22829,0.8346593
7603,0.16649762
31490,0.9856867
7728,0.07136421
115225,0.76035637
117309,0.8940212
78164,0.0016607605
93844,0.14812848
41757,0.84226865
42692,0.9809124
109434,0.02656202
88985,0.0016607605
95479,0.5945598
47654,0.96333486
6278,0.13291572
59060,0.9034219
124250,0.78027225
8075,0.6046866
19839,0.7980445
119366,0.85464835
9924,0.45921695
107667,0.2924971
99117,0.662721
8761,0.849999
31579,0.99230206
23884,0.123493716
84330,0.0016607605
85912,0.0016607605
56551,0.8553428
61205,0.76094395
118156,0.676068
92704,0.21100174
56985,0.5186177
63553,0.9013636
85102,0.0016607605
117620,0.64480263
57300,0.1708915
122026,0.9796779
167,0.9755868
62326,0.98628056
65565,0.7716459
34607,0.84190506
95481,0.5945598
90259,0.0016607605
12579,0.3165198
119867,0.13019006
77647,0.0016607605
101580,0.51890063
46537,0.98388827
53010,0.8116287
49736,0.105984494
116243,0.17612405
89546,0.0016607605
84698,0.0016799633
66925,0.19251421
87485,0.0016607605
72894,0.22280265
114993,0.24361399
50929,0.7377143
38244,0.9842667
39994,0.18730453
113997,0.08186974
76634,0.0016607605
56655,0.9638534
74631,0.9882208
59015,0.87528163
43490,0.86226755
114656,0.23443279
75198,0.001663111
67928,0.18626632
39152,0.9931645
95058,0.64238834
60931,0.17165871
46106,0.42436785
68960,0.032623805
3035,0.35502696
32201,0.99354666
7996,0.37246045
97752,0.5218331
6799,0.3095519
5226,0.84984094
78243,0.0016607605
33401,0.79219687
31656,0.9324285
40330,0.99209785
65660,0.9749853
73911,0.13132136
53003,0.85564303
97646,0.13326249
61145,0.89659816
122657,0.5556289
62759,0.30228043
31813,0.9943205
48992,0.9732625
97091,0.25954905
54328,0.77536565
32111,0.843048
87571,0.0016607605
55451,0.87669265
8034,0.068521045
67936,0.50403965
107471,0.7159958
35116,0.9758084
92587,0.578126
86443,0.001663111
101494,0.25204346
66754,0.31587914
115819,0.7544872
78072,0.0016607605
101891,0.38397315
111617,0.4537541
21924,0.7918627
116312,0.30631676
59724,0.8802412
78122,0.0016799633
87956,0.0016607605
111141,0.65717196
806,0.9619263
112767,0.7127479
75327,0.001663111
110949,0.42309874
1381,0.5251045
80452,0.0016607605
76401,0.0016607605
39026,0.98447454
107594,0.09318479
102689,0.29566333
25948,0.16173455
56426,0.8645789
77087,0.0016607605
95733,0.12005555
20477,0.6433693
104114,0.1538742
110070,0.035734456
53098,0.80082643
48365,0.21250202
78040,0.001663111
120782,0.90819365
90787,0.0016607605
95489,0.7095613
54576,0.85615355
37046,0.9857459
103256,0.2396663
88262,0.0016607605
72369,0.50714207
87112,0.0016607605
32146,0.9923161
120336,0.17599598
63847,0.32479945
101345,0.107074045
14168,0.5146132
6634,0.13192627
113766,0.76725435
56250,0.81874216
106840,0.9914328
26442,0.7043456
89959,0.0016799633
34097,0.16488554
71194,0.43439558
76682,0.0016607605
25188,0.9834541
93345,0.4751323
40219,0.9704469
37963,0.9786633
37705,0.21894658
115169,0.12416009
14067,0.09525088
23340,0.7908301
107289,0.61649066
76553,0.0016607605
64391,0.96751595
40902,0.94746673
76035,0.0016607605
4148,0.69697255
20329,0.7273173
2527,0.8302511
71932,0.1222448
51191,0.9568805
83344,0.0016607605
82761,0.001663111
94056,0.9019072
23697,0.9866636
77371,0.001663111
90018,0.0016607605
87598,0.0016607605
20773,0.7743742
96895,0.60649174
33403,0.6843421
12998,0.10135537
48527,0.95859313
49270,0.36366704
36275,0.21434271
124514,0.8772614
104389,0.20883945
31693,0.81347114
111631,0.37527317
13633,0.63441986
10592,0.0205775
29744,0.9476169
74635,0.4971406
25966,0.19762987
21878,0.98498213
113518,0.6931657
6801,0.123563044
18439,0.1353366
105595,0.3009821
24406,0.12019818
26796,0.97417927
116505,0.77498555
15586,0.96847636
51277,0.5820006
119696,0.8739987
29353,0.11627665
94541,0.38317373
46159,0.9845748
58321,0.980512
90592,0.0016799633
7666,0.6259886
43892,0.9826901
109209,0.023689955
25637,0.33216465
121207,0.1832914
26842,0.98802733
65053,0.5047064
11854,0.076862
40753,0.40337425
17911,0.80662996
64784,0.23956051
24852,0.15988947
52659,0.2910846
55502,0.93682414
9021,0.12519275
81232,0.001663111
14952,0.93306845
42917,0.98662484
86983,0.001663111
55444,0.73857987
83533,0.0016607605
111552,0.050742935
30030,0.7901866
122531,0.42719153
108787,0.015375871
51010,0.19782539
123760,0.7719839
29539,0.8410924
112797,0.6370688
44,0.7297316
112392,0.15633008
24236,0.9636862
8447,0.58779794
104851,0.4663457
61087,0.929409
1569,0.7344268
76680,0.0016607605
92302,0.0743561
46516,0.95508987
108710,0.029447494
115516,0.38683462
60421,0.62672955
43914,0.9717937
51390,0.8221171
70112,0.1742665
117083,0.6887026
118913,0.13821137
26002,0.07917282
25296,0.966887
114034,0.5726071
34331,0.7241291
19750,0.48077333
121851,0.24011199
76837,0.001663111
61276,0.9838734
82705,0.001663111
21847,0.52735513
107543,0.92073786
95014,0.9164565
10945,0.45572072
6262,0.6961461
112561,0.20562673
76177,0.0016607605
44872,0.9768083
108603,0.58947045
22560,0.058680978
123123,0.7927114
98128,0.6030444
61535,0.20290595
81676,0.0016607605
44067,0.7890151
72893,0.3246261
1472,0.5872131
66676,0.6092613
24770,0.5138011
39062,0.99279433
87169,0.0016799633
108774,0.049322326
59537,0.97545856
123372,0.7988613
49096,0.7966689
6700,0.69602513
114215,0.057498462
44806,0.84842795
65661,0.9592965
122962,0.70175874
72459,0.15421295
49927,0.3938216
39354,0.95883316
73654,0.2518341
79175,0.0016799633
101850,0.24127604
76266,0.0016799633
61905,0.19795555
111114,0.67743456
10372,0.877875
108408,0.784488
50068,0.15136886
70136,0.33392423
50904,0.13960014
23311,0.7414297
10029,0.5691799
69304,0.47806382
29771,0.64609766
88951,0.0016607605
72845,0.19603087
109101,0.017819613
28988,0.53624594
101596,0.4052736
39234,0.94029063
41907,0.49773046
86915,0.0016607605
83174,0.0016607605
63826,0.26413906
43656,0.7855576
47062,0.03708668
74519,0.14676243
30785,0.97201747
46178,0.98815817
98062,0.10207354
109651,0.011210576
103517,0.7841814
117977,0.20101507
78686,0.0016799633
121251,0.14311159
56260,0.6491979
39072,0.9942517
97543,0.62717545
33550,0.064709164
22603,0.027663518
56596,0.2569702
56295,0.95477843
110817,0.017091237
72661,0.16800597
49702,0.85908276
115928,0.23349285
56537,0.8236277
98701,0.44142255
36273,0.7640509
42132,0.97245544
64122,0.8365147
78587,0.0016799633
45658,0.19652992
114671,0.1758032
22413,0.9444495
83253,0.0016799633
7165,0.70945746
48090,0.12171693
12836,0.58221483
93358,0.14372188
59520,0.94332606
13288,0.8359624
23341,0.72157687
6253,0.5360506
110281,0.054164216
1208,0.97792757
86830,0.0016607605
19510,0.83456457
107760,0.28959045
68103,0.35883373
95798,0.2984876
50602,0.16791604
39768,0.96970236
95641,0.42671475
100998,0.6390809
69461,0.79986584
94974,0.60939676
69555,0.14462794
8340,0.5215259
95031,0.32198924
21258,0.038537383
116402,0.4385117
60049,0.14466904
100729,0.11567446
12338,0.1781703
76169,0.0016607605
30622,0.9921863
35450,0.8399927
92450,0.34795022
63449,0.8414946
124581,0.8635611
70993,0.7104345
110408,0.043147806
65932,0.25262946
12011,0.09173821
10097,0.6917035
48262,0.4246527
33235,0.17779718
44384,0.9847456
70974,0.07036604
82260,0.0016607605
97335,0.6279475
25897,0.11770127
31004,0.9721052
32372,0.9922633
9176,0.46000552
43264,0.9502098
67605,0.5152434
62567,0.4169426
8655,0.35713416
74448,0.4343883
124874,0.97545606
115135,0.11462171
2993,0.60414666
122366,0.2326679
104482,0.18419744
35042,0.7968394
90393,0.001663111
51592,0.4418304
122223,0.12170664
99557,0.46478638
80995,0.0016607605
23153,0.19094187
69646,0.96947956
98976,0.42143178
92523,0.774232
93642,0.38971865
8633,0.5260356
14751,0.9539972
121138,0.46145704
100231,0.6217353
44778,0.12671335
95723,0.14912921
90243,0.0016607605
91677,0.001663111
87171,0.001663111
95474,0.36738926
36290,0.45276168
45299,0.96303535
22601,0.023673424
51999,0.33890104
33715,0.76516193
38459,0.9791151
105604,0.14825346
97717,0.30876315
105854,0.1378199
26595,0.89219856
42541,0.9436209
89787,0.0016607605
24060,0.29824775
43604,0.9037862
11061,0.1437949
69551,0.16100584
48854,0.9456482
58110,0.852847
77689,0.0020474808
40897,0.77010447
66400,0.15666194
82787,0.001663111
101795,0.32110035
23651,0.97750866
62104,0.9871831
44517,0.96567464
35458,0.5616879
56904,0.990175
16015,0.10608828
116150,0.48940292
114058,0.21448702
74645,0.35033426
6473,0.17742033
48361,0.9217014
76607,0.0016607605
828,0.97484946
54466,0.40314144
58364,0.806485
122115,0.21234727
51851,0.9624348
103376,0.09831472
43685,0.95991635
78213,0.0016607605
29428,0.10191044
97712,0.12792806
32148,0.9943638
121878,0.6982998
34259,0.2572576
95979,0.04364712
62865,0.25133294
7431,0.15995654
64221,0.7286112
496,0.48513484
111647,0.37527317
7036,0.88797414
50036,0.20624821
65563,0.6928145
37175,0.63838553
36612,0.98301077
112879,0.21283422
43657,0.99091774
32222,0.15211928
809,0.9652712
66185,0.55056876
30596,0.98848176
990,0.9843635
41964,0.9646338
37742,0.9794366
39422,0.9868853
123330,0.7676357
42049,0.9871709
62253,0.8723868
50409,0.290281
122662,0.8291743
12284,0.35763073
40463,0.9871656
104166,0.18228504
99150,0.37566337
11532,0.060750276
6420,0.19802304
93491,0.08673783
2856,0.15055369
84105,0.001663111
47029,0.20539735
124124,0.80240315
73647,0.16654734
111989,0.43495917
124810,0.59170645
118699,0.15653405
15984,0.65395623
12798,0.38199615
60364,0.8910352
93815,0.6108049
109593,0.038772743
96398,0.16391358
84660,0.0016607605
83771,0.0016607605
67432,0.23554851
5019,0.8054681
99110,0.662721
21437,0.9693187
82611,0.006104221
125147,0.5735649
27132,0.6808216
45674,0.90466857
80125,0.0016607605
116019,0.56243366
10386,0.45338875
70580,0.49800363
78326,0.0016607605
12610,0.62785393
85851,0.0016607605
9755,0.13039021
1545,0.15614253
18897,0.16845155
39028,0.98831767
97514,0.7394137
55730,0.34150904
61971,0.8968442
73573,0.50069
78791,0.001663111
40352,0.99467224
90758,0.0016607605
84000,0.0016607605
42841,0.08895821
99711,0.44043213
90054,0.0016607605
28803,0.7468299
91969,0.04009705
14866,0.44100624
62423,0.90051347
4680,0.72399306
122128,0.23054978
65799,0.35092935
237,0.048780393
67097,0.17456448
37938,0.6180421
10569,0.0908327
50552,0.531321
50143,0.2309651
49471,0.5157311
78762,0.001663111
8278,0.4560056
99485,0.36652586
45951,0.97242785
107510,0.18189643
28158,0.7014313
80310,0.0016799633
124409,0.85290253
68402,0.19826747
94845,0.22629957
69169,0.23024924
72989,0.97368616
18230,0.96617913
42517,0.98734725
30369,0.98860836
88329,0.001663111
73060,0.988218
76835,0.001663111
112112,0.13586187
54420,0.5762965
97354,0.65966624
111230,0.08889379
39603,0.9916385
123744,0.68220866
72870,0.13738608
112892,0.30417666
88454,0.0016607605
33456,0.93502283
99075,0.6159487
17476,0.96750075
43996,0.991622
20733,0.11543647
48655,0.9789292
33892,0.048543137
57778,0.3596277
107262,0.9934482
23582,0.9864204
41454,0.9875
90784,0.0016607605
90217,0.0016607605
76991,0.0016607605
49488,0.115700945
40509,0.993494
18922,0.068752244
57045,0.9668532
21490,0.92845565
61709,0.7819572
23461,0.45161608
57318,0.86752737
54082,0.4846289
69135,0.2174572
100667,0.3076616
110970,0.3188002
23347,0.39087874
14900,0.064168714
53126,0.70255405
40868,0.99210244
108078,0.6469073
109738,0.032366794
55155,0.6665531
50342,0.15436049
58001,0.7949264
41812,0.27453277
76954,0.001663111
43018,0.98674834
67768,0.53647983
89142,0.001663111
85819,0.001663111
120835,0.7436413
39760,0.5477314
116216,0.5335102
108514,0.30142584
115960,0.83931446
46717,0.99139047
29885,0.029138174
81857,0.0016607605
60948,0.51882386
2889,0.8141934
54474,0.11154302
52030,0.49730557
117361,0.17685497
53290,0.74603975
90777,0.0016607605
45786,0.6040035
116673,0.6446798
122735,0.8005795
14405,0.9615729
32189,0.99354666
24736,0.44458878
123434,0.9373645
30824,0.9950322
85340,0.0016799633
58645,0.9359546
122952,0.8700279
60724,0.81196874
65255,0.0906748
101673,0.52409816
68572,0.73384166
13650,0.33030406
73617,0.1495086
78267,0.0016799633
89355,0.001663111
105577,0.13953766
4808,0.6356851
63313,0.927781
33919,0.9615925
12784,0.62722296
96583,0.643226
1188,0.9220565
80371,0.001663111
16987,0.8565701
42379,0.5661324
106450,0.16648708
81577,0.001663111
117711,0.87304723
59337,0.5659882
78302,0.001663111
43429,0.7248375
31479,0.95283115
85758,0.0016799633
17354,0.5400233
34655,0.9673021
88240,0.001663111
1500,0.623224
104405,0.22314398
39110,0.9899278
47674,0.83931863
18581,0.7136625
83233,0.0016607605
123106,0.67726314
27410,0.77610797
111350,0.050724324
50169,0.89359635
74532,0.2179198
25399,0.9668692
115297,0.23060557
1028,0.98468393
96026,0.14465278
99084,0.67601645
123938,0.96096253
34045,0.0728275
75918,0.0016799633
124134,0.7693864
14044,0.8542388
2266,0.98539937
91362,0.0016607605
7851,0.6514051
51499,0.110779375
109525,0.06509975
121549,0.93642044
409,0.36599877
118649,0.68706745
20414,0.9336752
99727,0.54785
113109,0.13140592
22883,0.8214953
13250,0.6619333
116655,0.59030175
14722,0.9727854
110947,0.14400746
43765,0.1601681
22726,0.38197657
101024,0.076444805
106922,0.5702922
29922,0.030895036
8643,0.46586245
81356,0.001663111
78318,0.0016607605
2479,0.17751376
110159,0.056957126
35030,0.8985477
109831,0.040872533
77069,0.0016607605
95257,0.09646183
75402,0.0016607605
60220,0.8902592
93974,0.13431443
105688,0.40178773
118077,0.5278635
88897,0.0016799633
90275,0.0016607605
114042,0.1620565
77333,0.001663111
22620,0.16441736
54729,0.2831512
49423,0.82786524
111952,0.65705496
122003,0.9176016
67595,0.30474746
85983,0.001663111
62566,0.4577799
118545,0.08860301
115230,0.7893137
3886,0.09528127
104619,0.6363717
39147,0.9938783
16885,0.7742228
85210,0.0016607605
69862,0.65086406
66629,0.06867369
86526,0.0016607605
22453,0.9859196
65992,0.5668108
117698,0.50238895
76941,0.0016799633
78699,0.0016607605
94884,0.37647983
64479,0.9934558
15194,0.13603733
110489,0.031424224
68767,0.07236621
82410,0.001663111
84058,0.001663111
54020,0.5277514
68873,0.02300547
117485,0.48444316
85564,0.0016799633
46089,0.739294
57581,0.89671767
83550,0.0016607605
26952,0.7345566
77744,0.0016607605
23145,0.410233
92503,0.10328196
56602,0.8173588
25883,0.3913731
80641,0.0016607605
29684,0.43302318
25224,0.87476885
60558,0.8645991
32918,0.72174805
43620,0.9899582
114434,0.93536586
32386,0.9903105
86576,0.0016607605
70946,0.97129613
107090,0.9389162
14203,0.91928715
96339,0.562537
52380,0.74344057
31697,0.49521744
107214,0.9892664
92643,0.4230868
92592,0.11647941
8430,0.5213997
46054,0.60852075
98233,0.09182406
112029,0.54971635
31138,0.68654305
103905,0.21804246
88363,0.001663111
18282,0.9900714
75980,0.0016799633
99393,0.08322809
38836,0.30556387
96163,0.6704422
123985,0.8433307
2548,0.06158081
17178,0.6812066
2887,0.14821652
119596,0.6004595
35526,0.9691242
2810,0.097220995
88078,0.0016799633
51039,0.8131579
80939,0.001663111
94341,0.2087092
95294,0.074799426
65031,0.37474698
121223,0.18116382
123544,0.76834893
104155,0.09341017
30995,0.7099132
53215,0.92329645
76739,0.0016607605
93890,0.12567866
96130,0.400168
66866,0.24186593
31011,0.98263264
59459,0.68552685
28620,0.55860865
107735,0.19676901
16101,0.6409369
119677,0.8612761
2437,0.31112343
72318,0.22703119
117442,0.48202652
2722,0.04859366
85961,0.0016607605
4937,0.99270105
40597,0.6966244
17552,0.4085861
3788,0.10739207
35890,0.97983974
43915,0.9804417
46765,0.6956319
123701,0.16458982
4927,0.99270105
7178,0.119197436
13042,0.46723458
75768,0.0016607605
63731,0.666789
1588,0.859628
60407,0.4674424
78082,0.0016607605
59461,0.99119884
114212,0.19741273
93272,0.243696
10360,0.11546104
980,0.4453228
120476,0.17720278
45471,0.95380455
100643,0.12702402
112073,0.66124904
49950,0.23279051
75068,0.0016799633
27213,0.13059811
24894,0.099177845
52552,0.6339484
95915,0.5748317
77994,0.0016607605
100365,0.37742117
33854,0.103027925
35455,0.9241124
76005,0.0020445883
86380,0.0016607605
39662,0.9528493
44458,0.9912429
93057,0.91651684
123881,0.18093401
38582,0.4876517
122623,0.81822276
58404,0.8823856
101680,0.08781414
88832,0.0016607605
120528,0.7582499
25040,0.7922904
55256,0.8122575
114748,0.68543404
117805,0.2617075
74529,0.61594975
11935,0.07273954
81162,0.001663111
33279,0.1213515
53347,0.7919822
23685,0.98516697
46703,0.99139047
53729,0.5438182
30280,0.6224731
36547,0.1919006
71739,0.32918003
98079,0.13369064
108786,0.015375871
59565,0.8885631
9476,0.16170682
63547,0.88390195
30224,0.97845685
2040,0.87452847
54404,0.9906989
17543,0.6617036
30808,0.9930112
56559,0.93090755
80447,0.0016607605
69209,0.16706322
19436,0.85842985
77749,0.0016799633
6400,0.5399599
41477,0.994695
95873,0.14699478
50760,0.7655341
105697,0.24225672
57088,0.667952
69394,0.14359035
26133,0.78738683
113155,0.75551045
86727,0.0016799633
82852,0.0016799633
122983,0.7856284
53777,0.5438182
26360,0.2097064
83930,0.001663111
10215,0.099504024
65576,0.7267145
55697,0.616635
10923,0.63011676
56204,0.1619963
66654,0.07589937
30095,0.03247698
7411,0.27310124
66164,0.7353206
17383,0.080358595
29232,0.80608094
107945,0.17307599
84211,0.0016607605
80896,0.0016607605
72718,0.5386432
26272,0.40170163
122263,0.61746794
44151,0.9058252
120973,0.9256126
7258,0.48642215
106626,0.15886031
78493,0.0016607605
80365,0.0016607605
10513,0.09902679
21619,0.97763544
86552,0.001663111
52177,0.2494157
52423,0.69787604
115151,0.5506576
115545,0.70560974
66519,0.3811621
41629,0.08372032
47948,0.95841044
109989,0.06307396
115916,0.64377505
43440,0.70206094
26871,0.99022186
86459,0.001663111
57083,0.99374515
84892,0.0016607605
82649,0.001663111
116554,0.8093792
4757,0.76046175
58285,0.75093275
52123,0.53935206
43024,0.9911624
25178,0.98206675
64386,0.83604044
115637,0.82812965
67092,0.7661186
57565,0.8647595
43492,0.9174064
81675,0.0016607605
45894,0.7269829
121008,0.80129224
95463,0.2849367
29375,0.46340263
6692,0.8642048
97340,0.66437644
26059,0.7016545
19109,0.8243759
60682,0.94157207
89831,0.0016607605
123944,0.9741052
111477,0.509636
6409,0.882628
52701,0.59908915
28102,0.62671316
886,0.9674397
59708,0.8877251
23568,0.9710415
50388,0.23043686
47966,0.1851323
64249,0.8875416
19112,0.8461911
86046,0.001663111
30416,0.9694251
1644,0.4570234
122950,0.7462807
27264,0.21725333
112158,0.67881066
32378,0.9929282
27505,0.6180814
123138,0.8206183
78187,0.0016607605
35456,0.8650728
79520,0.001663111
28737,0.7607917
106713,0.5668108
70567,0.16827843
55760,0.8671036
117074,0.14685363
88412,0.0016607605
88282,0.001663111
5724,0.11394347
4063,0.6626551
81768,0.0016607605
39070,0.9899278
60825,0.93069446
110671,0.073136255
54836,0.2279634
59668,0.9003342
116374,0.82540965
45057,0.85565305
88392,0.0016607605
12974,0.2833956
37642,0.98888665
57214,0.89043516
67246,0.39225104
25551,0.46325067
14101,0.49116334
66590,0.048860114
25841,0.5956237
9946,0.08263531
35015,0.9921062
24907,0.063729405
64510,0.9952146
2745,0.05650235
1526,0.9829047
119482,0.22165118
29118,0.80102164
82352,0.0016607605
40239,0.9880988
64493,0.9944694
123445,0.8081045
41085,0.06501531
72624,0.20707507
115157,0.84934753
56258,0.55951434
94586,0.34110072
11220,0.92978954
26576,0.2074336
80035,0.0016607605
59108,0.81874216
59013,0.87251884
108502,0.26344395
46693,0.99139047
67028,0.5187266
12595,0.26126444
89894,0.0016607605
61624,0.15618975
44880,0.9866648
25998,0.066303805
102703,0.21437126
92053,0.04262085
28429,0.08418334
58089,0.8004142
10612,0.4372758
111581,0.5666674
69794,0.40463766
4125,0.7499023
70086,0.14929119
44489,0.1909695
10581,0.057077073
106276,0.8553313
15924,0.73454666
83926,0.001663111
16077,0.21100174
78875,0.0016607605
119294,0.3045394
107439,0.0695579
102584,0.16211271
4246,0.97473055
63600,0.87506723
16686,0.27424076
48903,0.97090137
63968,0.26057777
107499,0.15500472
32365,0.99091107
119286,0.1523379
99497,0.11745662
16347,0.29468566
40422,0.9476931
51810,0.88783485
67585,0.19044256
94413,0.47691292
30219,0.9567267
118763,0.8609215
97613,0.21309991
105243,0.7435948
87099,0.0016607605
28243,0.26520243
16152,0.94561285
8489,0.18123052
115885,0.88620526
99751,0.34747863
69860,0.22053008
63477,0.40839976
36339,0.86971337
12827,0.23752022
75002,0.0016607605
22231,0.7580567
13546,0.5306322
6224,0.24186273
83365,0.0016607605
57516,0.44141266
109819,0.046295878
116789,0.6807357
83082,0.0016799633
15453,0.9753117
55490,0.78801405
69224,0.5325777
19279,0.8688385
105261,0.6734945
26098,0.9016374
25541,0.8283426
35240,0.9829184
62380,0.92151934
80689,0.0016799633
108995,0.040019166
74717,0.330681
37833,0.5517321
30786,0.98263264
59501,0.87731934
73811,0.6152984
101159,0.3847513
37312,0.94646454
112875,0.14656326
44449,0.98742527
59615,0.9823949
111849,0.101762846
79249,0.0016607605
109788,0.059443988
15405,0.9415608
90029,0.0016607605
92392,0.07778743
30563,0.91930443
125152,0.93263346
6537,0.03795557
35158,0.60242826
3758,0.42180628
117113,0.35368216
106499,0.39315167
54606,0.5351871
55154,0.4667026
88709,0.001663111
79332,0.001663111
842,0.971619
99116,0.58172846
9786,0.71275055
3964,0.43993917
89966,0.0016607605
124460,0.9512425
14895,0.14526628
90893,0.0016799633
24371,0.6812066
121034,0.19797939
110592,0.06330403
53841,0.2299988
56818,0.16146606
124612,0.92055774
50879,0.5427866
93313,0.43446916
101871,0.4406137
94084,0.51501685
14469,0.9775342
92366,0.16780905
77989,0.0016607605
112202,0.55920887
36417,0.9921908
83297,0.0016799633
110839,0.044010162
64184,0.08632816
34249,0.98134893
91655,0.001663111
18473,0.1315817
93353,0.7729111
29106,0.83223486
123079,0.9349551
14573,0.61821455
67945,0.42949203
120102,0.15783106
56535,0.8114115
13700,0.52287316
32240,0.20766439
40837,0.99134
5843,0.09179448
86590,0.007555604
54618,0.8693646
68653,0.532456
96589,0.5999571
12813,0.58221483
37254,0.9847543
65483,0.15458305
4858,0.8770661
60376,0.59689224
25113,0.9851264
21936,0.24217556
98832,0.12147986
3173,0.17977656
61168,0.90108544
37961,0.9827875
14448,0.9815989
61503,0.972113
18352,0.028476907
60131,0.9038895
71432,0.12973289
67801,0.13624293
39427,0.46379247
124305,0.95688784
93973,0.1915765
39411,0.97394097
111423,0.04784971
93325,0.08979123
25328,0.7887866
29401,0.11406735
37341,0.9861077
35577,0.9847543
39094,0.9938783
35400,0.7199201
23538,0.9843635
45755,0.39282128
38025,0.9845397
32937,0.08613321
76601,0.0016607605
106945,0.95420456
41962,0.92658466
12266,0.49821433
23352,0.86850244
72885,0.8953877
32038,0.8020047
78130,0.0016607605
40815,0.9876107
20816,0.2090345
29488,0.62877476
96101,0.13534908
62916,0.3410134
80726,0.0016607605
3854,0.24623986
52362,0.9162328
39002,0.79657954
61177,0.9045267
50297,0.3960414
107737,0.18164998
24930,0.814513
74085,0.2874683
39556,0.96731794
87052,0.001663111
76989,0.001663111
109693,0.024784343
43295,0.9096574
27511,0.31441638
36691,0.98916376
15961,0.31089273
4248,0.9828112
106431,0.13985412
118005,0.121834904
31195,0.9835365
95579,0.3414982
77900,0.001663111
63045,0.50390667
104026,0.14536679
89545,0.0016799633
8309,0.30366838
47770,0.9362919
85910,0.0016607605
11114,0.050521225
9064,0.28018507
49832,0.5259137
105663,0.17189562
82722,0.0016607605
39800,0.99364156
89531,0.001663111
55416,0.73308325
13248,0.1888391
62289,0.9543721
74044,0.1473578
14219,0.92851067
114914,0.48039767
113910,0.06901743
60535,0.83898777
71912,0.47878635
55783,0.88812566
53598,0.25385946
88056,0.001663111
6126,0.58528036
97649,0.120497584
30641,0.61459166
42759,0.90844506
15876,0.81218296
74678,0.2839559
116359,0.57996476
30439,0.9861377
27347,0.45165733
39995,0.8089234
107560,0.95793885
69867,0.7740635
77645,0.0016607605
40667,0.9851752
113723,0.1817578
9881,0.68212074
71383,0.30604336
52528,0.26010576
100955,0.6242739
106084,0.61494315
80669,0.001663111
63229,0.99469805
108706,0.026366213
102848,0.09750082
67423,0.52157795
20927,0.82166916
47984,0.9657073
3969,0.733056
54456,0.19753145
98595,0.16648129
47370,0.98889554
53276,0.20004804
54308,0.716839
48971,0.9474799
27390,0.09111795
27145,0.45775783
13060,0.9680493
92578,0.08119936
111807,0.10139355
44802,0.5931951
106177,0.37992752
20672,0.8673998
108681,0.025466366
81065,0.0016607605
28703,0.687904
95861,0.71244305
52042,0.8635832
24968,0.22454688
38157,0.71148276
86057,0.0016607605
51291,0.16436
70078,0.12473177
51963,0.60628974
103711,0.20673312
96483,0.6566384
38883,0.7011899
13396,0.60579365
187,0.97856754
107285,0.15883546
18362,0.025129529
122830,0.85944414
20242,0.40078756
7573,0.58178073
61029,0.20031686
15695,0.0811125
80134,0.0016607605
13880,0.77279115
12931,0.55566216
4391,0.9881048
100719,0.20790204
100721,0.3934141
76741,0.0016607605
53144,0.80082643
75822,0.0016799633
50469,0.8888329
47459,0.16583426
109874,0.058206763
27086,0.68606997
59049,0.8823651
89532,0.0016607605
111563,0.5743522
9790,0.14956895
36001,0.848144
104269,0.74446595
20955,0.79642797
68049,0.22810939
108038,0.23091154
79129,0.0016607605
93221,0.6249211
15306,0.11098209
10560,0.10272983
85993,0.001663111
21054,0.8116951
15497,0.9761486
76551,0.0016607605
83641,0.0016799633
40693,0.99262893
21096,0.6235538
123034,0.72278386
75385,0.0016607605
1709,0.2409162
93798,0.17103544
59311,0.83357877
55821,0.24798833
109310,0.016620168
27088,0.21697491
52349,0.7204512
116645,0.6662598
34383,0.45013404
8244,0.16283797
12201,0.6300254
9198,0.75599676
22235,0.31803843
84648,0.0016799633
58058,0.7209406
114242,0.36211237
68130,0.16301799
10530,0.082094066
91180,0.001663111
102134,0.6996666
38349,0.9474764
31843,0.50444204
34479,0.9071445
23418,0.45826796
30158,0.016310234
14807,0.97894627
90456,0.001663111
50768,0.9206036
117454,0.16732775
76423,0.0016607605
3099,0.26853755
104126,0.16106963
34133,0.18797946
27258,0.61283886
81243,0.0016607605
95572,0.1692614
25610,0.084219396
1896,0.93141234
5920,0.93022436
94774,0.192308
113541,0.26165944
114065,0.781138
14023,0.51441985
3103,0.12168355
63863,0.83432174
107164,0.99130577
63027,0.8354139
74151,0.10154883
106320,0.9831488
23492,0.85455054
42165,0.9690833
49677,0.8844906
70087,0.15606955
5601,0.98123723
89933,0.0016607605
45904,0.7269829
16542,0.17208041
19711,0.8202346
91509,0.001663111
80599,0.0016607605
15223,0.91511405
91031,0.0016607605
29875,0.05552083
3233,0.6534903
29739,0.67064166
17653,0.81806153
18820,0.6015289
109878,0.019119669
15088,0.15320109
1421,0.1181648
90272,0.0016607605
99048,0.38417554
102819,0.58778155
47785,0.97457945
93512,0.35053465
36294,0.9423003
94526,0.51351184
52256,0.5785077
80245,0.0016607605
97775,0.15462358
7254,0.7145821
56782,0.853465
57913,0.91860247
99890,0.14340997
101346,0.10080263
115588,0.24617788
61448,0.9901181
13351,0.45629194
101959,0.11201723
88890,0.0016607605
88204,0.0016607605
11834,0.050419796
101061,0.49340957
16231,0.6558611
9576,0.6170127
11260,0.119782455
66597,0.07560445
73405,0.16239677
101211,0.49828732
17673,0.4570008
72219,0.37630734
65811,0.684456
101187,0.5296043
27550,0.20254378
13615,0.49843606
116620,0.5466736
37181,0.9189585
48669,0.9800756
101846,0.62064314
85420,0.001663111
27187,0.5154082
121540,0.44486663
93775,0.68868256
39877,0.99222744
54793,0.6701607
106332,0.9923098
29852,0.10740558
3074,0.20608804
56127,0.9884227
50422,0.117906764
71888,0.528174
110721,0.087002374
64518,0.5440731
61701,0.8626901
102138,0.8448711
7340,0.13858892
82873,0.0016799633
66572,0.4746637
89243,0.0016607605
28962,0.3046
54103,0.52189827
50973,0.26700202
71098,0.35374814
13725,0.07507782
48360,0.6119941
70312,0.12732834
55405,0.6484144
82504,0.0016607605
9162,0.40866804
121928,0.17702183
11037,0.028580992
103102,0.09613749
112090,0.63517463
53374,0.825294
124628,0.9790156
59917,0.7669478
42550,0.7246196
95608,0.6217174
4727,0.68030125
52360,0.8966004
120487,0.8015313
18225,0.9423811
49999,0.8143193
111789,0.59392345
954,0.9593375
108981,0.022300476
4325,0.9891076
22806,0.19442143
47535,0.975045
25619,0.064520106
29324,0.44340298
69871,0.88462424
75654,0.0016607605
103615,0.11347508
100659,0.120203145
70632,0.40387228
98574,0.11557888
10956,0.59524477
33875,0.13372968
53436,0.8488117
73381,0.33366448
59821,0.70637244
102970,0.08546643
84193,0.001663111
122108,0.5518058
105297,0.67368203
119621,0.0896766
98244,0.30681917
82580,0.0016607605
82445,0.0016607605
50363,0.7695481
60051,0.7797885
105109,0.1826524
52945,0.7083512
20189,0.14644031
9665,0.7869128
62235,0.76936126
33112,0.90476006
22282,0.7335749
56405,0.994304
23679,0.97929746
45847,0.8837501
65615,0.8218226
56511,0.82710093
75667,0.0016607605
70402,0.19542272
45848,0.9685136
91420,0.0016607605
110568,0.023011634
53828,0.1522115
51947,0.8040061
41607,0.07494551
99272,0.17461917
95288,0.16426012
34241,0.9692179
53688,0.36328107
20908,0.72943527
79141,0.0016607605
44306,0.88494474
37363,0.827996
82309,0.001663111
121147,0.43094844
46012,0.13388559
16911,0.17632009
42718,0.8850995
72225,0.3179342
68204,0.4899778
41213,0.99208754
7702,0.123797946
71548,0.124999955
8479,0.5098052
6818,0.8145019
5606,0.6002123
54556,0.102680415
98972,0.15071718
104023,0.3775635
105117,0.17399018
38787,0.85542053
11091,0.16156426
112852,0.64815915
28045,0.24978995
61377,0.82653564
98169,0.97606397
106643,0.26851374
4777,0.20520838
17706,0.69833136
21993,0.08087187
53919,0.47529787
100214,0.52130574
74249,0.375824
28587,0.7913404
114335,0.13427486
41229,0.9905786
47466,0.92455584
99686,0.5696432
94261,0.9869573
30344,0.98253816
80722,0.0016607605
4226,0.9290181
46246,0.6680543
86047,0.0016607605
77875,0.0016799633
113412,0.47983533
22607,0.025129529
17813,0.7287884
62282,0.88030005
79200,0.0016799633
46171,0.98987246
95277,0.45148945
42615,0.7871065
31689,0.8852795
13055,0.9195898
32074,0.991598
5600,0.97470576
111084,0.6052216
12941,0.1588999
104681,0.20440792
15811,0.15346779
4433,0.6273262
105761,0.19978802
107975,0.25103337
102613,0.24791756
12871,0.40449268
84206,0.001663111
105560,0.7590003
33712,0.51467806
105412,0.75971437
72713,0.69328535
64725,0.89502764
13766,0.15427427
87432,0.0016799633
17722,0.12009334
83282,0.0016799633
50513,0.944032
28315,0.20749013
122104,0.73001117
118235,0.1531992
47138,0.9549528
39306,0.7030226
124451,0.9222498
83563,0.0016799633
85541,0.001663111
43779,0.07987075
95512,0.12385942
115796,0.7635624
95772,0.20093295
71911,0.56533706
125159,0.70499045
113225,0.7855213
21740,0.73035
103432,0.12596765
67732,0.53144455
45982,0.74057925
57684,0.87838984
106178,0.22926046
60258,0.778868
15155,0.8939926
51097,0.6480244
95604,0.7160628
97584,0.21102563
17700,0.70709026
17088,0.64820826
109597,0.022409981
5875,0.10085652
66019,0.20684296
29287,0.45270973
16278,0.52311385
79889,0.0016799633
7364,0.22231728
72403,0.29079938
124703,0.26172552
77296,0.0016607605
7896,0.18711604
62813,0.8646509
72996,0.9769121
14638,0.9713997
52386,0.7789181
79687,0.001663111
91000,0.001663111
89753,0.0016607605
8120,0.5443168
56280,0.76165056
78366,0.0016607605
60230,0.78138584
23255,0.94764453
99893,0.7368852
89138,0.0016607605
83461,0.0016607605
104091,0.16350406
121761,0.4868079
108943,0.063427515
16363,0.0888268
97405,0.79042053
24056,0.09489266
99967,0.2770629
88357,0.0016607605
60492,0.85371226
96754,0.81091225
119523,0.8366991
54763,0.13816616
56925,0.9672519
7712,0.18526636
109124,0.046007127
62835,0.92816144
50496,0.6606281
36544,0.9630692
39578,0.9543182
70740,0.48216686
109615,0.02582231
116403,0.7238977
117462,0.462019
76331,0.0020445883
61801,0.104064785
72640,0.6506765
94218,0.7959025
81323,0.0016607605
85768,0.0016607605
59818,0.75506556
110830,0.021687087
64732,0.2308047
60927,0.16432403
117675,0.16257416
124165,0.8636168
23940,0.675141
86953,0.001663111
75649,0.0016607605
84725,0.0016799633
32766,0.5949815
60978,0.58894056
27557,0.2804901
11311,0.50473773
79620,0.0016607605
61787,0.28466117
49973,0.40078914
56205,0.13652831
51693,0.26299685
80831,0.001663111
55248,0.5630427
35912,0.54632586
97451,0.97646505
47591,0.9559787
47878,0.83186376
106549,0.17622359
21866,0.970768
90881,0.0016607605
54765,0.7984261
87258,0.0016799633
58497,0.826475
86363,0.0016607605
72028,0.2952988
16449,0.35810125
84987,0.0016607605
72896,0.60589784
52084,0.96287596
44035,0.6798313
114995,0.85746366
26573,0.8714644
16523,0.55411327
95738,0.6291806
80725,0.0016607605
97902,0.037830893
120793,0.92579776
55528,0.8473312
96331,0.5202004
88024,0.0016607605
79411,0.0016607605
56675,0.9778421
47188,0.802588
23330,0.72946626
96664,0.46304476
63671,0.63959944
18554,0.1920183
67001,0.26676965
64136,0.40034568
43612,0.97795606
112638,0.70870024
61497,0.94222856
41313,0.8752343
35617,0.994325
78215,0.0016607605
10288,0.09807169
90242,0.0016607605
18422,0.72250664
116464,0.89060956
13830,0.36233112
57668,0.7428118
45284,0.44433197
103078,0.32558897
44975,0.98229355
5971,0.080264434
70711,0.37766054
41942,0.97719735
79357,0.001663111
81625,0.0016607605
95377,0.14768322
33656,0.3894114
22171,0.9837018
50936,0.88296974
19219,0.9651266
50421,0.10129571
89677,0.001663111
119799,0.47456637
54637,0.45244026
37419,0.9610114
48325,0.6515505
119740,0.52436864
58771,0.8279362
92933,0.98897076
45453,0.8382317
68991,0.030736623
50950,0.69121087
42169,0.9604808
35339,0.08258965
84813,0.0016607605
77003,0.0016607605
97998,0.3879451
67572,0.28747523
6707,0.968826
38730,0.8970625
36795,0.99212027
41277,0.96718574
11593,0.37846708
47760,0.5888431
95692,0.2848018
95232,0.17354597
116126,0.19033292
4197,0.06324147
43261,0.92652476
8436,0.17182674
27217,0.26413262
109163,0.036210567
102894,0.34294418
123412,0.8796926
37345,0.9937576
46692,0.9884721
111953,0.50106966
13378,0.5044612
9135,0.35442653
12145,0.24115285
37488,0.9218596
95645,0.29896688
91982,0.022003708
116711,0.0875828
91260,0.0016607605
47671,0.97644955
59368,0.8524138
38804,0.40397808
36046,0.7640746
32128,0.98611057
39951,0.40089235
119852,0.5372929
111186,0.11482399
9125,0.8649685
17745,0.5937075
102448,0.21304189
57859,0.49442458
72297,0.69579357
55157,0.18214408
124924,0.87209976
3479,0.16494572
8450,0.5991461
17631,0.6460434
20381,0.9748926
56063,0.9656922
104227,0.21557517
24924,0.7307747
49334,0.28532195
9866,0.9043157
111211,0.12779261
59688,0.87550896
107455,0.1422506
20690,0.9469089
47091,0.94481075
90182,0.0016607605
42159,0.4568857
73234,0.25867128
122425,0.3385414
69556,0.19151613
59147,0.8519385
52090,0.97243565
107392,0.66167635
54594,0.5248396
41343,0.99316907
8025,0.4719801
32122,0.9621962
123103,0.7343696
103691,0.33096755
7611,0.1916524
18933,0.025792614
43662,0.17476918
1072,0.681141
70736,0.39951962
121283,0.19266021
64154,0.17435324
5912,0.72858393
115709,0.8861977
73532,0.17696308
39550,0.9668692
4889,0.9678716
37863,0.531278
69528,0.15717621
72752,0.4531889
118330,0.09198709
33202,0.13016202
112554,0.30122754
68781,0.021302477
67964,0.31351122
253,0.05731079
82304,0.0016607605
31229,0.9922633
51849,0.9607908
18888,0.2371094
63919,0.8863326
47935,0.68579185
24233,0.9618976
102346,0.33487362
71029,0.38123736
92519,0.920747
71417,0.15285029
42282,0.07956817
29823,0.97985953
57175,0.85588044
1009,0.9780658
92165,0.29792297
48036,0.14304169
105148,0.14095537
31189,0.9543305
70672,0.4050029
80659,0.0016607605
59780,0.23205751
9184,0.8953554
53199,0.49311557
119131,0.07359598
11415,0.769098
3626,0.67888
4732,0.69494987
39918,0.99004364
62881,0.8102593
39974,0.9565148
60197,0.8723868
48225,0.98721594
83458,0.0016607605
119184,0.755588
11266,0.13579883
72115,0.19313174
834,0.9583146
69357,0.5912491
19438,0.7408829
111692,0.10365985
101758,0.94677573
436,0.06607612
40076,0.9771766
72594,0.14213789
117841,0.8146259
52057,0.86571276
29282,0.7194811
87675,0.0016799633
4911,0.9932161
101121,0.39672384
39809,0.99297947
100071,0.1369994
40553,0.57425344
14119,0.95512265
104103,0.16314451
21172,0.09071855
36945,0.7392376
69547,0.20067841
110811,0.2530808
68187,0.33286184
28395,0.20418718
6348,0.60227674
97112,0.6114658
89398,0.0016607605
99213,0.10426914
60365,0.87662107
39142,0.9931645
95901,0.27432296
28432,0.20715952
109840,0.03554512
13205,0.29307717
8303,0.2150585
121174,0.17437255
74050,0.13853638
78944,0.0016799633
93437,0.20667168
88571,0.0016607605
94003,0.7988566
86396,0.0016607605
114425,0.37780106
56896,0.983739
47176,0.7599862
62415,0.8974939
104551,0.58424145
72521,0.50873137
13675,0.75040656
59906,0.91052
88376,0.0016607605
75894,0.0016799633
35952,0.7041516
99937,0.082836896
31246,0.72974294
78384,0.0016799633
57059,0.98424375
59938,0.77533835
82529,0.0016607605
64351,0.55852354
84489,0.0016607605
116733,0.4150781
66758,0.19164228
29124,0.8288435
40044,0.8055364
116295,0.3700151
95362,0.33064273
98978,0.58172846
83548,0.0016607605
109212,0.065188386
35157,0.70404583
35449,0.98390955
33952,0.9851636
115064,0.77679574
3791,0.0549213
36538,0.56446624
4021,0.11627665
124349,0.5659704
48240,0.98233205
48729,0.9876556
61262,0.92859995
104878,0.13397032
70926,0.95977753
35759,0.9923578
78773,0.0016799633
27192,0.7683153
3549,0.11085459
97255,0.24117227
92663,0.30584234
92158,0.08962557
110924,0.1467623
113575,0.6169273
51391,0.84269625
31484,0.97932935
113545,0.681448
78245,0.0016607605
65282,0.5575716
59659,0.9336147
63023,0.4430064
114851,0.15651813
19290,0.8083917
97175,0.10613988
55719,0.23220392
10014,0.14208482
67666,0.69724506
67783,0.19429566
106529,0.22385137
104883,0.8079911
53205,0.8085425
58156,0.44259876
42620,0.8774513
53188,0.56474644
32508,0.7050158
12213,0.8929671
110347,0.046572167
25402,0.9694187
121810,0.9007548
90252,0.0016607605
28124,0.32755738
82089,0.0016607605
31125,0.16561075
20351,0.9180319
15783,0.6126766
51197,0.5393091
47356,0.96765536
47712,0.20670822
106661,0.15836869
54607,0.4029266
97170,0.116787724
7406,0.7068392
48708,0.98207515
123334,0.8690088
68727,0.10806383
46027,0.42266864
30774,0.8734967
29617,0.9621962
99058,0.5715438
110121,0.15278122
45397,0.80425537
74149,0.33338225
95977,0.061442047
113555,0.5960431
120180,0.79392594
18692,0.6678108
35096,0.7884328
39697,0.9802202
73810,0.49667275
106646,0.20301722
34882,0.2827908
60476,0.82928956
111826,0.09294068
45401,0.9652816
124760,0.8250355
63396,0.86702424
106168,0.24812068
34888,0.72712636
87516,0.001663111
105928,0.60429865
72263,0.412509
115584,0.15163013
61181,0.7444946
28733,0.7578355
114862,0.61633223
65547,0.18400279
84982,0.0016607605
72212,0.18609622
91746,0.022809898
83391,0.0016607605
68466,0.41237512
104988,0.24240239
86377,0.0016607605
81737,0.0016799633
106491,0.16502272
117125,0.7228262
74117,0.13028388
62269,0.87220275
45169,0.8171171
19606,0.79353505
65359,0.9830087
17425,0.046862863
52819,0.628983
26148,0.64716315
109698,0.028623074
19162,0.9172782
59100,0.18858276
86492,0.0016607605
2193,0.2766491
119785,0.13163613
92934,0.9921346
121024,0.3894647
425,0.2049496
92899,0.9802356
81483,0.0016607605
57266,0.94191515
80958,0.0016607605
103416,0.14226092
14253,0.07422782
47309,0.10460733
19353,0.95200974
81204,0.0016799633
50628,0.6192916
91922,0.015635207
109945,0.04260653
118902,0.8665483
13807,0.18760541
49905,0.18400009
8871,0.14440896
23342,0.5037566
113322,0.40316704
17068,0.14770553
64123,0.6827073
82344,0.001663111
1326,0.5165193
4564,0.51937234
41119,0.9825885
30023,0.037666574
84417,0.0016607605
93589,0.3543275
66543,0.17774445
28093,0.808329
24174,0.4462705
8527,0.5998071
33381,0.8811961
40973,0.98683304
96083,0.17956036
28190,0.07478702
43751,0.58113706
34810,0.9355025
28849,0.6865069
64957,0.22822458
23814,0.7641112
11497,0.10583492
81456,0.0016607605
71146,0.13078687
64162,0.12909813
2215,0.44390455
30653,0.98190236
71467,0.21972568
68392,0.37940088
110365,0.055797186
848,0.9436841
86401,0.0016607605
53842,0.26566482
75138,0.001663111
97837,0.080283426
121715,0.88073206
57433,0.73993987
61493,0.6538503
41395,0.6612534
123692,0.78216326
9263,0.13574089
97303,0.6279475
91112,0.001663111
54074,0.31342018
30131,0.023592198
8839,0.5290757
53554,0.57002443
20204,0.10622247
92293,0.16490188
100458,0.50455743
116437,0.81911296
45207,0.10876814
59250,0.6715525
25989,0.17864387
82877,0.0016607605
73523,0.3551451
90699,0.0016607605
17467,0.9778711
50481,0.90387666
74868,0.33973864
121230,0.51943153
45730,0.09413217
89224,0.001663111
35375,0.11677154
106711,0.39781475
16668,0.689668
92494,0.2862537
1058,0.79236335
50055,0.10209666
84609,0.0016607605
65387,0.21732326
70857,0.26528966
93388,0.23017201
89458,0.0016607605
77560,0.001663111
24848,0.22295
82318,0.001663111
123398,0.9264947
54827,0.14868873
77734,0.0016607605
94821,0.07000656
37025,0.9236329
41111,0.9683765
42674,0.9892966
69063,0.18210244
29584,0.70407903
93733,0.26820755
4323,0.92739904
57651,0.8764714
60526,0.7639962
24273,0.7768348
75322,0.0016607605
60614,0.5076051
55213,0.7559571
39435,0.6857816
104496,0.19485015
93741,0.830171
97577,0.50036865
21618,0.9817245
34824,0.8346333
93834,0.120019026
87305,0.0016799633
113176,0.66792256
123865,0.40176493
48320,0.6515505
59751,0.6408054
108547,0.42563057
64739,0.90223795
2341,0.43764794
58540,0.8792038
20819,0.13729267
44509,0.9708934
19121,0.69790334
62343,0.8865066
109454,0.023199864
2840,0.7171407
57887,0.8960202
63772,0.76502454
60621,0.9573075
4118,0.6387717
55592,0.61096364
16024,0.599716
7691,0.5473699
10011,0.07459861
56421,0.7987448
31593,0.9920438
56907,0.99111253
56543,0.82710093
59014,0.9053645
124970,0.66515887
94207,0.5937799
72088,0.15278618
96340,0.53946805
77508,0.0016607605
19215,0.45471293
89141,0.0016799633
96862,0.24764225
121828,0.21527971
47104,0.8064494
122152,0.40346816
102433,0.38684148
53457,0.83799666
69799,0.4029343
72093,0.17026028
56038,0.75407237
43003,0.989664
69883,0.21285619
13735,0.59972507
74229,0.15970597
122495,0.77920586
25279,0.62498766
99928,0.12794213
50060,0.10958076
97594,0.23518081
37428,0.8703545
96815,0.23550862
2369,0.72429323
2618,0.70309836
51394,0.79257137
19092,0.82373977
10968,0.5101323
42636,0.70582455
22925,0.9752783
60892,0.7542303
62714,0.73783624
9037,0.3395972
40573,0.92217577
86089,0.0016607605
44369,0.96069133
74816,0.122103274
26108,0.74796087
16868,0.6416909
115780,0.19720352
118668,0.531038
73074,0.23141958
123,0.8509666
38017,0.97669524
4280,0.4819602
104513,0.13125944
69873,0.52723885
17937,0.9624203
78734,0.0016799633
104029,0.17713517
86062,0.0016607605
81599,0.0016607605
116197,0.7458743
105339,0.1957083
25467,0.95559037
82613,0.001663111
13431,0.21943939
95207,0.11029832
11919,0.0598592
101186,0.5163853
42084,0.088071235
78835,0.0016607605
37524,0.98052454
28975,0.625588
118885,0.8665483
44253,0.9793829
78211,0.0016607605
10786,0.54212683
50819,0.5604201
86950,0.0016607605
50129,0.7997266
123818,0.18446644
1400,0.19187663
63030,0.849471
102028,0.3141415
95443,0.28705865
92195,0.38331366
19583,0.7674658
8068,0.5388689
40080,0.9829207
53317,0.9285053
15923,0.59794956
30285,0.6224731
67612,0.18386722
75193,0.001663111
110510,0.05164682
106093,0.8580873
101274,0.093415566
42093,0.8584342
40247,0.93274647
12504,0.44104862
35149,0.21456689
4531,0.9668803
75459,0.0016799633
6756,0.18704529
55545,0.8313619
101339,0.10060691
32850,0.7087378
96849,0.16153301
63066,0.8590432
4920,0.99026966
4759,0.84988225
81014,0.001663111
102129,0.30304712
99809,0.2479902
16876,0.6163491
70211,0.3217995
30487,0.9915576
98638,0.19362654
26082,0.109390505
109894,0.041705888
120825,0.6944419
97082,0.12178334
12686,0.19165269
7962,0.7621174
109179,0.05855498
55935,0.6920229
97216,0.7824885
106328,0.9887693
54352,0.9005729
49937,0.3697389
16477,0.22199853
44916,0.9898335
47839,0.34955758
13684,0.47617114
2285,0.29767212
35044,0.9008275
21088,0.6669767
15815,0.35185334
56639,0.8582667
70212,0.24403292
50583,0.50948256
107913,0.26191747
106108,0.27690735
22882,0.8186712
10496,0.124361604
19520,0.92144555
35542,0.80639035
36516,0.9879851
67359,0.3785889
116208,0.8449065
99543,0.48196188
118589,0.2067181
124981,0.60148174
33675,0.96092695
22970,0.59343356
51586,0.5430886
61746,0.72169024
10875,0.46793553
78324,0.0016607605
34964,0.9942028
54958,0.9646002
123232,0.90116596
48018,0.37851852
53102,0.79300386
21533,0.9827572
36645,0.97194165
101237,0.11018882
69117,0.19889565
2075,0.9747185
53419,0.8488117
36830,0.97757906
61419,0.9105963
2110,0.3210853
55645,0.6877489
67047,0.19352616
53453,0.8918128
44021,0.8861431
965,0.9684504
61749,0.7822932
5406,0.9186481
30608,0.9909486
77418,0.001663111
90179,0.0016607605
62407,0.8740894
81448,0.0016607605
34108,0.06793755
112748,0.1734109
115028,0.10420687
42916,0.9830478
124306,0.9724416
20876,0.07533854
7829,0.12805457
50384,0.20268676
11327,0.3601039
57536,0.87057513
95569,0.6728704
44703,0.11681745
8098,0.53005433
86078,0.0016607605
39593,0.9790516
3462,0.5842854
8543,0.74602354
2336,0.44340405
84570,0.0016607605
9532,0.22575624
101393,0.20980911
60440,0.2999618
44577,0.96773136
73691,0.7424243
121381,0.7235356
83963,0.0016607605
25818,0.065079235
3226,0.9568859
79808,0.001663111
44793,0.5503925
105670,0.5256597
67368,0.31762266
89064,0.0016607605
120633,0.55583537
90888,0.0016607605
91952,0.049904957
57576,0.5985762
44200,0.7472646
119775,0.15601355
106299,0.97902316
60416,0.2916634
93312,0.41201997
35140,0.9901765
70842,0.15744905
36924,0.20283468
102751,0.42867154
2942,0.64509106
94483,0.17388143
117191,0.4285914
77521,0.0016607605
122604,0.82770884
47035,0.12014954
67526,0.7018243
75722,0.0016607605
68133,0.17153901
59987,0.8234509
116300,0.84770167
34657,0.8812421
86897,0.0016607605
9009,0.18889423
92617,0.06838838
46267,0.89472616
11727,0.30584234
63077,0.8723868
91408,0.0016607605
54850,0.92589265
66674,0.20454413
19587,0.7115903
95537,0.41082487
75775,0.0016607605
121232,0.9089448
31558,0.987613
93917,0.10205385
29950,0.021074923
99332,0.5578675
107320,0.9701331
24871,0.697474
82708,0.001663111
86024,0.0016607605
6615,0.15350986
23748,0.9838255
112002,0.458106
38566,0.97085416
867,0.9730122
116188,0.85829604
33861,0.081669815
97179,0.078437515
117626,0.84253126
2891,0.1845223
17575,0.56353635
58012,0.79689646
90504,0.0016607605
97508,0.7304574
95016,0.941326
54489,0.14543717
94104,0.32077226
93458,0.2392043
27108,0.49907428
120198,0.58386445
57869,0.8061287
118334,0.16387399
109599,0.034706905
87329,0.0016607605
107020,0.9433749
82162,0.0016607605
66847,0.19755493
54322,0.8655699
19745,0.3433354
40728,0.9932453
64437,0.99385035
109222,0.055688996
42151,0.65501
37158,0.9923578
118462,0.3273613
78821,0.0016607605
61726,0.9594733
84809,0.0016607605
58621,0.9930737
24623,0.43706018
93827,0.2164584
37026,0.9611685
32932,0.117192484
89297,0.001663111
33371,0.8354391
109090,0.06441134
115715,0.62726134
87242,0.0016799633
88566,0.006104221
73258,0.1820409
79490,0.001663111
33408,0.6029112
37995,0.92389613
101410,0.6426179
117421,0.15726754
47401,0.9823282
62673,0.32302096
18677,0.74646074
119718,0.7267844
118689,0.15653405
104356,0.51263434
71285,0.15233903
43197,0.93595237
46667,0.99139047
74666,0.333863
7204,0.8577119
65492,0.76888686
55962,0.97920346
11559,0.82171214
74415,0.53088754
88572,0.0016607605
3394,0.13357021
31372,0.9853276
15763,0.82128674
84752,0.0016607605
56987,0.98588526
63152,0.94976944
80428,0.0016607605
89752,0.0016607605
41297,0.46031517
90017,0.0016607605
64954,0.82324094
114111,0.15011251
65831,0.8976609
30304,0.5902132
118933,0.09921003
98891,0.10544269
105597,0.44085395
121293,0.20023936
57932,0.9746391
46140,0.49170384
32952,0.0593261
99139,0.58172846
28922,0.96718353
23671,0.98990786
99396,0.8490975
25594,0.13524789
113646,0.046714008
93778,0.28705108
29765,0.7257744
60577,0.885951
51890,0.20505641
14825,0.97214204
14255,0.047735654
34380,0.17258039
118388,0.25807777
110713,0.046555553
116758,0.83079755
47550,0.98335266
37670,0.98518556
112623,0.26204345
110954,0.40424198
93439,0.43862498
71903,0.17602234
79467,0.0016607605
32051,0.97418505
104854,0.32585916
21592,0.973217
48577,0.9789475
32707,0.29917985
84468,0.0016799633
30708,0.993399
98458,0.17937756
105031,0.15783288
70272,0.7172443
25298,0.18154581
74310,0.6500126
79476,0.0016607605
71329,0.20263626
97869,0.031677272
54148,0.25925043
83522,0.0016607605
98733,0.09333946
60813,0.86584395
2504,0.7962672
110085,0.039178185
108503,0.58297586
21843,0.96427643
23797,0.19333836
103579,0.12475215
25916,0.45840454
109471,0.028757274
22932,0.8459072
124243,0.81655115
58547,0.92268276
14879,0.55631536
123501,0.98346406
24555,0.017282074
58622,0.9934907
50668,0.63349444
79987,0.0016607605
92455,0.6774344
73387,0.568226
3625,0.7333818
54769,0.5428529
53643,0.13282602
123733,0.95304316
22218,0.97214276
47064,0.03708668
3900,0.47302347
64309,0.74273396
45412,0.8735568
31719,0.98803526
112290,0.609685
37596,0.90238976
82503,0.0016607605
93130,0.97125745
36599,0.96745443
92352,0.628533
22439,0.9787225
70898,0.23003119
100007,0.21111247
97167,0.5336246
47503,0.98335266
69295,0.4063893
66032,0.23965031
43689,0.9701914
47365,0.97381604
11989,0.09551168
64049,0.8550833
37530,0.9823805
33874,0.21297695
3123,0.62792933
8855,0.15949005
44615,0.9936008
93542,0.13287759
74082,0.5056276
81390,0.0016799633
89524,0.0016607605
41139,0.991503
45233,0.7410576
75026,0.0016607605
20447,0.98865813
110779,0.04442749
10979,0.35030285
106689,0.2860968
9390,0.21983007
14186,0.9129707
85869,0.0016607605
18688,0.6794205
27409,0.23002017
3077,0.68877447
78903,0.0016607605
25747,0.35315812
5127,0.97955257
70920,0.8942906
100553,0.50723326
116084,0.24278937
116182,0.7197886
109692,0.027903743
24861,0.08241318
88039,0.0016607605
35432,0.8130315
56256,0.6491979
82589,0.001663111
50298,0.6589118
48532,0.97457945
83413,0.0016607605
83194,0.0016607605
48751,0.7344268
1800,0.8052063
12996,0.13286704
52017,0.20706843
107373,0.40823394
70858,0.64819825
118750,0.18336669
116587,0.49876162
77184,0.0016607605
82942,0.001663111
53967,0.47083864
38992,0.7126916
24522,0.023382556
31709,0.5676732
80229,0.0016607605
10721,0.08233847
5014,0.7659248
117288,0.12137864
29080,0.5487509
14301,0.52878076
65350,0.90919936
124469,0.8332791
7069,0.38390294
28327,0.20143451
121099,0.766176
16891,0.19748369
20871,0.07533854
16455,0.20297827
106662,0.6800633
25527,0.74030554
46473,0.8290466
12426,0.12772746
98576,0.33167225
95554,0.12972088
72269,0.14243792
67460,0.15368085
84132,0.0016607605
121158,0.21768396
97523,0.8806179
53265,0.81882316
23733,0.9812614
61350,0.8792038
91011,0.0016607605
14566,0.97129613
70686,0.18140036
83566,0.0016607605
113121,0.47277236
85689,0.001663111
40181,0.79672986
47964,0.599213
5053,0.98897845
19908,0.6829701
52842,0.14468661
33829,0.12124967
93334,0.61007404
114349,0.04308585
80230,0.0016607605
110326,0.054700933
76748,0.0016799633
27166,0.9386145
76831,0.0016607605
65283,0.72547513
108438,0.1690927
76379,0.0016799633
43419,0.87996733
73777,0.13879061
61582,0.7654643
101463,0.4163446
119234,0.20497976
24324,0.7211928
21975,0.073223025
15099,0.108656794
116629,0.87906325
33261,0.39853603
53183,0.5912058
67638,0.50646615
75103,0.0016607605
47989,0.9681388
119521,0.48451844
31939,0.4913005
38072,0.9923578
97682,0.11152901
8024,0.15392761
84021,0.001663111
909,0.9811522
119682,0.1935154
2230,0.84685904
104069,0.1982945
33023,0.025415756
109823,0.060828835
22989,0.11910983
125115,0.8177175
21478,0.8214953
91800,0.011847844
101873,0.3441719
121426,0.5652333
54822,0.16337857
48876,0.78651834
110023,0.07231449
49899,0.14900872
15419,0.9490913
52288,0.87140137
86804,0.0016799633
43812,0.7185178
57781,0.8572421
69052,0.17806207
98086,0.14629246
9530,0.20320933
85282,0.0016607605
37510,0.84693503
84820,0.0016607605
39672,0.9792606
37659,0.9684437
122153,0.6568367
55118,0.8159378
44717,0.07109891
87627,0.003950509
62913,0.59185934
64384,0.6118292
21484,0.5104075
123222,0.5151208
14406,0.9734481
10005,0.86661476
18798,0.8648023
44933,0.9519789
80844,0.001663111
100762,0.09824148
33812,0.60666233
42266,0.17058495
90440,0.0016799633
58446,0.8835292
114610,0.8391051
48584,0.98516905
31112,0.25450245
25945,0.101841405
95124,0.7353911
7613,0.08721572
3331,0.1289782
108049,0.7830279
75648,0.0016607605
45058,0.93488455
60307,0.28005618
82022,0.0016607605
56868,0.5769257
96918,0.72663385
118220,0.19209267
53474,0.44843587
106693,0.5551275
64613,0.36713606
62445,0.852349
122228,0.097120084
122714,0.75541615
40975,0.98906505
18005,0.65664536
84469,0.0016607605
27597,0.16316013
103712,0.4468629
41604,0.09434221
91278,0.0016607605
40106,0.4176122
22438,0.9787225
92897,0.98375744
75966,0.0020445883
117877,0.48936015
82519,0.0016607605
46147,0.9785888
116354,0.7458873
86302,0.0016607605
48737,0.83780974
7252,0.70922554
92575,0.11594303
48675,0.98421544
101974,0.42485565
70379,0.15661415
39012,0.6973188
106253,0.98138785
21098,0.30872574
61502,0.9715417
39518,0.6614417
44851,0.94825315
39303,0.632017
122434,0.7783981
102146,0.37298098
14391,0.9668609
38849,0.99292105
89823,0.0016607605
68972,0.022712259
9118,0.33501163
78,0.80524874
26555,0.21291333
43969,0.9934762
75430,0.0016799633
86209,0.001663111
15548,0.9615276
109364,0.036208317
64216,0.7323471
64481,0.9949033
31211,0.99355185
67935,0.15808438
92741,0.23085597
113844,0.7067024
29675,0.91382277
22495,0.50870854
106761,0.3921424
103499,0.18430832
119084,0.6844893
8094,0.2974817
52835,0.15677354
67128,0.17774445
27548,0.1827639
63125,0.47830355
96151,0.21669675
78490,0.0016607605
32,0.7212241
104342,0.7092139
110416,0.039477468
3236,0.73239976
90727,0.0016607605
70639,0.3980306
122269,0.41615415
78094,0.0016799633
124634,0.9790699
85396,0.006104221
66971,0.5595387
46814,0.4740205
64324,0.77382964
93592,0.24939485
97496,0.7351755
26670,0.96463525
6655,0.05748943
105424,0.40860078
28624,0.83347446
59272,0.518605
74449,0.4343883
23894,0.6341045
90262,0.0016607605
73360,0.11884418
120352,0.47584686
18455,0.4667586
55448,0.758426
84772,0.0016607605
88750,0.0016607605
48633,0.9786211
59444,0.98601574
121009,0.8644006
115368,0.17605564
113820,0.72289747
95329,0.44514185
55657,0.20356806
30292,0.5902132
105294,0.85286736
67317,0.113523185
12979,0.14995793
84571,0.0016607605
64522,0.984672
13962,0.0479076
48938,0.5227436
77610,0.0016799633
64183,0.07396488
31667,0.25313082
52081,0.9697243
114011,0.38504547
37242,0.97676873
42651,0.5679297
13021,0.6138489
81507,0.0016607605
50591,0.15262197
66566,0.23895821
51200,0.8125146
15097,0.09550991
103051,0.09310459
37858,0.9939313
33846,0.28687564
55814,0.89005554
123116,0.6604125
28474,0.623537
75886,0.001663111
31386,0.8196383
123356,0.67996264
69106,0.27422237
60673,0.8765413
15205,0.551369
81613,0.0016607605
65117,0.15190935
25168,0.9756276
42201,0.9893055
83588,0.0016607605
27663,0.16088057
61400,0.89736056
68784,0.02300547
24737,0.98856795
43017,0.64845484
63190,0.7741821
34075,0.49606305
10678,0.69948834
97135,0.1405144
40345,0.991622
56304,0.9567997
34060,0.0728275
88027,0.001663111
55447,0.62526387
69205,0.18792689
49833,0.06403627
61837,0.90572095
13153,0.4414069
58393,0.9099115
84864,0.0016799633
44376,0.9793553
1686,0.45826498
76178,0.0016607605
45642,0.9898399
37971,0.9857459
8412,0.09588188
118904,0.7632597
7638,0.5393857
63788,0.33205298
62311,0.9829553
98951,0.29197183
119625,0.7067527
3276,0.15910658
88182,0.0016607605
77576,0.0016799633
102477,0.6792451
47005,0.76942664
50619,0.46466333
35855,0.5783595
15707,0.06745936
91837,0.037986614
49679,0.90307474
4754,0.5979809
78058,0.0016607605
95126,0.7353911
89063,0.0016799633
16607,0.14432077
49515,0.24869671
25064,0.9802122
40082,0.9818326
46064,0.41490674
66885,0.6072063
70901,0.68371314
73829,0.5731516
6733,0.53216976
61992,0.81405514
67887,0.34007338
80639,0.0016799633
100075,0.11241022
90855,0.0016607605
21106,0.1642769
102495,0.62141085
78840,0.0016799633
11616,0.28945377
25171,0.97902346
92692,0.9093114
37743,0.97846895
12293,0.09106347
17140,0.16241218
42426,0.9898185
308,0.13225058
14565,0.97659564
124504,0.89373314
64514,0.477682
102971,0.094155215
43112,0.7161513
48831,0.98238796
40801,0.96673524
49181,0.67611206
118583,0.19720098
41727,0.95306516
11000,0.116551735
100529,0.44116473
52616,0.6044731
55671,0.8261498
15328,0.18980256
24094,0.027375411
120543,0.55768836
61171,0.8692851
54534,0.89905035
82374,0.0016799633
60694,0.9677844
84478,0.001663111
95312,0.11741194
92036,0.020816816
41999,0.77956885
63498,0.93090755
58708,0.79732543
112546,0.68110955
110509,0.028225297
112032,0.6255218
40434,0.27947575
123982,0.8538493
26679,0.7656562
77253,0.001663111
44064,0.7775668
92282,0.1469078
37546,0.71620166
3748,0.13846858
119954,0.22140943
65693,0.76321447
93344,0.4445772
6551,0.45379975
47594,0.9615598
54499,0.26181057
22711,0.43492296
54139,0.16415918
21525,0.97670925
75024,0.001663111
29859,0.055652298
85663,0.001663111
43172,0.7394426
2405,0.50430536
29659,0.27842882
27523,0.34313232
106593,0.12090161
114836,0.45843136
38478,0.8273165
67982,0.3088466
19844,0.6696703
22346,0.9073677
92186,0.6990297
40283,0.96508205
39460,0.7107752
56057,0.9577183
92206,0.11535053
123699,0.5667934
12080,0.4766985
36982,0.98325646
93951,0.14526874
54041,0.26571456
13188,0.59350985
120150,0.6065045
114898,0.79741395
12859,0.41470337
65914,0.3036931
77266,0.0016607605
40401,0.92605287
74601,0.9835312
72980,0.88961285
115887,0.28756183
82462,0.003950509
34006,0.22019725
62331,0.9879446
47471,0.96262157
101860,0.19865976
15430,0.95183796
99188,0.44561642
122744,0.74367815
75185,0.0016799633
67725,0.10117248
7277,0.20457377
35012,0.9921062
33954,0.75024956
101342,0.12657824
74916,0.45104733
109861,0.055743407
74421,0.65964794
82161,0.0016799633
59296,0.7975507
48038,0.07941102
22942,0.96646136
1345,0.807398
12992,0.35506606
68520,0.10681885
56780,0.8310315
41272,0.8486519
1206,0.9644622
72478,0.23777986
80835,0.001663111
42161,0.5285417
52250,0.42352974
58403,0.88741225
42514,0.97981375
11620,0.62858063
32041,0.9424805
34706,0.9573916
32290,0.11224851
102662,0.34257573
56956,0.98709536
22598,0.025129529
92776,0.5733306
71883,0.45512465
19513,0.87494385
83146,0.0016607605
59229,0.9878179
7245,0.6755156
82864,0.0016607605
101055,0.18694022
4767,0.81069547
79749,0.001663111
82137,0.0016607605
106931,0.92171353
61733,0.5732679
8849,0.1542778
6835,0.9485502
87789,0.0016607605
50486,0.8920206
29847,0.15684278
115047,0.18251409
76021,0.001663111
21769,0.65803695
62734,0.26883218
30968,0.9533708
97326,0.6198186
98091,0.10640092
14111,0.9312311
119201,0.5412962
43703,0.9453444
45940,0.93421316
92486,0.112976596
56579,0.8761869
23524,0.96985686
68306,0.5527214
94909,0.27097943
119192,0.7143012
107960,0.5473457
61302,0.33109084
112598,0.31026265
28875,0.6945767
52556,0.65135616
44220,0.7955294
123798,0.3443004
61203,0.73993987
17331,0.6732711
28306,0.2094077
41143,0.9936008
57180,0.8597688
73771,0.19944704
4722,0.72384053
49486,0.31287515
8374,0.13836057
56141,0.7369983
102008,0.21698767
69639,0.9737423
81074,0.0016607605
103352,0.11639221
50978,0.45708826
10762,0.080199495
25723,0.16057381
79659,0.0016607605
93043,0.9777699
63024,0.94024783
102198,0.19507137
121608,0.58369154
37522,0.97402805
81169,0.001663111
102941,0.61849344
124984,0.37530026
69322,0.4073981
106271,0.98835784
28129,0.7174779
48346,0.67331606
113661,0.722944
49717,0.19377652
24558,0.016496535
87061,0.0016799633
81626,0.0016607605
107378,0.26832643
111411,0.032296743
47906,0.77759
86441,0.0016607605
84071,0.0016607605
48299,0.6268187
9978,0.036597405
50731,0.59241307
109474,0.06795726
77963,0.001663111
62556,0.62020385
59863,0.7501843
40550,0.994562
99685,0.49689576
45731,0.18888703
74472,0.18393236
17633,0.6916767
112809,0.07631716
40049,0.8869213
113038,0.58721596
92128,0.25383592
35940,0.9893356
30648,0.9702579
15605,0.97421896
21686,0.8192356
41855,0.25719213
110243,0.10560102
115331,0.249949
79842,0.0016607605
1895,0.9370471
86083,0.0016607605
37442,0.72705066
4723,0.70452553
63620,0.9000722
27972,0.46409345
32406,0.99232894
115476,0.76834464
105732,0.44576433
676,0.4195033
90369,0.001663111
71874,0.119280875
12361,0.17484553
98030,0.98878807
99104,0.827158
113295,0.32674298
37976,0.8522036
69798,0.15185449
23043,0.9686044
121246,0.8207875
33600,0.1629874
96840,0.60303444
72048,0.4192901
110328,0.10801922
97860,0.07334584
39195,0.50989777
124808,0.9646967
111555,0.42185065
87009,0.0016799633
99842,0.06485828
79871,0.0016799633
2530,0.6252884
20691,0.9551438
100754,0.10990282
5586,0.9789505
124582,0.8577636
49926,0.15746471
41669,0.117896825
51098,0.40228242
85832,0.0016607605
20248,0.9178925
35447,0.98377395
98524,0.3569885
6446,0.7150407
112406,0.15286928
17357,0.14534825
9891,0.120097905
82501,0.0016607605
63059,0.2372449
95370,0.49390367
115650,0.9088019
109284,0.050958067
74543,0.95418006
5353,0.6557926
120560,0.4565496
68953,0.05840205
77851,0.0016607605
28722,0.81363815
69012,0.49969763
27093,0.7310613
120967,0.33320653
98772,0.5018938
11808,0.63607746
43036,0.9924198
100164,0.63837916
87623,0.001663111
76849,0.0016607605
76851,0.0016607605
109817,0.040138934
13197,0.7107689
108991,0.027096203
55946,0.76656246
52782,0.77584624
58870,0.517497
57696,0.27612093
17816,0.8785637
13466,0.5639963
65466,0.17911139
63197,0.89112216
45345,0.64084744
12442,0.2558628
16102,0.7402261
81107,0.0016607605
123305,0.88275045
124140,0.4530123
51532,0.087898895
77815,0.0016607605
112191,0.16367172
81856,0.0016607605
58203,0.9882713
27715,0.6715879
121536,0.8094601
85752,0.0016607605
108228,0.98069215
58232,0.976847
6713,0.6395623
61076,0.98054045
10629,0.48374954
63927,0.83706087
70785,0.5680229
40353,0.9934762
10090,0.2813707
57071,0.9891472
87105,0.0016607605
4665,0.689898
115436,0.42870173
36342,0.9503459
42302,0.5882545
14835,0.97659564
109436,0.021611925
5191,0.99134785
22480,0.6909744
111193,0.6271712
78917,0.0016607605
81221,0.001663111
16723,0.5534668
47633,0.957927
37260,0.8429983
75168,0.0016799633
21431,0.9624387
75384,0.0016607605
96890,0.5903936
35508,0.15879914
107346,0.94044083
60648,0.6183182
65657,0.93948144
109184,0.036748715
10995,0.18962526
5096,0.857513
99250,0.1348326
103206,0.15860519
21290,0.022676872
40231,0.98487675
115959,0.8485174
43619,0.98867923
116514,0.8612131
66426,0.24366075
64422,0.98980767
101809,0.6962105
79698,0.0016607605
83009,0.001663111
77302,0.0016607605
22016,0.76066196
74468,0.185687
10667,0.21118467
23516,0.96043587
105125,0.6996268
18110,0.9913242
88624,0.0016607605
120622,0.6033334
46362,0.96403176
99457,0.46720713
87457,0.0016607605
8637,0.6786737
113643,0.18084179
84716,0.0016799633
5380,0.41251323
86444,0.001663111
102992,0.3951727
30154,0.016310234
95984,0.29738873
58183,0.9557628
603,0.9150498
47358,0.971833
12688,0.057452295
79706,0.001663111
97146,0.79516685
60055,0.79806954
403,0.19065084
273,0.17968157
39272,0.986942
98807,0.13595374
49595,0.7315282
92376,0.13520195
103822,0.9518999
18562,0.22145769
18908,0.08087187
95065,0.5885795
8207,0.598374
78803,0.0016799633
42492,0.96395874
62695,0.5629007
91524,0.0016799633
9213,0.4260428
65457,0.9338038
113126,0.6543186
11619,0.42282936
5909,0.029839577
61463,0.63926345
58457,0.7609583
43231,0.6122393
50555,0.8588648
110349,0.14713962
86386,0.0016607605
10711,0.20190744
112093,0.18114968
71695,0.14595951
103063,0.4518814
27601,0.2403711
10435,0.10184962
91645,0.0016607605
108128,0.19213328
76614,0.0016607605
8933,0.57603323
23149,0.76834184
114274,0.7583511
16625,0.829574
43790,0.75178844
104033,0.16459866
30020,0.036224343
1922,0.7966689
48237,0.96363896
57049,0.9715145
50561,0.21458218
33497,0.72183055
114210,0.22200117
21420,0.9469089
107542,0.9466972
23154,0.79795355
79649,0.0016607605
67574,0.22612588
28092,0.71359324
45114,0.98949057
29215,0.8367665
22693,0.6703263
6521,0.07420605
5038,0.93089503
81785,0.0016607605
29462,0.17803736
82194,0.0016607605
64948,0.08707211
105871,0.5864883
8226,0.12204068
64326,0.5931775
98753,0.063490994
56174,0.9697888
41331,0.5032152
118580,0.27156338
78669,0.0016607605
75597,0.001663111
16613,0.689583
44972,0.9741755
14086,0.08501356
30434,0.97034174
17894,0.7440415
29959,0.02298207
60886,0.99223787
114016,0.057542525
36004,0.9020643
100469,0.3920644
62070,0.90919334
67362,0.536568
68652,0.40321913
15971,0.11376025
50393,0.7932507
34580,0.8856319
5004,0.7728832
26522,0.5476268
69951,0.6481677
85186,0.0016607605
123341,0.86202186
61972,0.8976126
92785,0.5545194
90732,0.0016607605
35230,0.985322
112687,0.71140033
89359,0.0016799633
79318,0.001663111
77481,0.0016607605
123638,0.86099225
106821,0.981834
60123,0.8410875
3244,0.9007284
7917,0.8554782
111836,0.6303725
89576,0.001663111
81188,0.001663111
25228,0.6152088
87770,0.0016607605
37183,0.95751935
89644,0.001663111
6397,0.54659873
25137,0.8827345
76777,0.0016607605
112702,0.7968362
29069,0.21556623
45112,0.98956573
111999,0.44543782
113267,0.3819152
92765,0.1445253
69602,0.9118989
14349,0.056769915
59791,0.430736
12557,0.43285465
14769,0.9572947
87486,0.0016607605
56883,0.9654089
77203,0.0016607605
72184,0.4410022
123850,0.9465016
97562,0.10598345
66751,0.6559542
99689,0.6160259
58180,0.6294824
84578,0.0016607605
74985,0.0016607605
3419,0.19605884
92434,0.8208518
73551,0.3323934
80273,0.0016799633
88981,0.0016607605
104364,0.7440866
94123,0.9340626
7866,0.53887486
78343,0.0016607605
63219,0.9913079
75352,0.0016799633
5711,0.20921114
84178,0.001663111
18568,0.8051659
63404,0.88316125
43041,0.99277955
37873,0.99167013
60777,0.8662058
40874,0.639516
107775,0.5403942
80928,0.001663111
67263,0.5989364
122790,0.18629709
46986,0.9428591
33389,0.50711894
70504,0.84726065
101328,0.07648825
84081,0.001663111
76726,0.0016607605
100704,0.40556166
109181,0.029259412
28095,0.8654734
100144,0.61605173
59109,0.80362576
119810,0.46416715
108566,0.96597755
65191,0.81996185
74983,0.0016607605
101250,0.1205781
24628,0.6239332
39346,0.8753536
35405,0.95397216
33465,0.70157045
21139,0.17891423
21349,0.85576427
70618,0.14683056
8446,0.15495126
53118,0.7283716
68060,0.80685025
19992,0.2128469
7393,0.120516114
55903,0.12528741
118422,0.683411
89636,0.0016607605
24688,0.9717153
108890,0.06737384
51656,0.20805003
1654,0.7784366
51419,0.13135393
71971,0.0765459
67181,0.2865858
102524,0.2129579
83455,0.0016607605
26958,0.76506853
27898,0.5002337
27113,0.71346563
19347,0.92957115
90634,0.001663111
34745,0.20007817
4992,0.93828493
29342,0.10062263
47952,0.9752755
7795,0.56925875
86510,0.0016799633
107798,0.35966787
18194,0.9900714
122395,0.7348702
3911,0.96589667
55601,0.8049754
52472,0.47555077
43250,0.8412562
88057,0.0016607605
97900,0.031768322
35396,0.44867504
66669,0.11984101
47923,0.33235076
93364,0.2884639
94913,0.32603437
63255,0.81375927
85667,0.001663111
122278,0.6046318
83675,0.0016607605
27520,0.6625866
79657,0.0016607605
89311,0.001663111
51724,0.74367815
76887,0.0016799633
52669,0.1809663
107203,0.9870482
48872,0.19772546
28953,0.15313646
112451,0.105817415
51698,0.14566502
74336,0.27543837
1801,0.7440699
41115,0.97918177
70370,0.65608084
108319,0.8186765
83701,0.0016607605
74112,0.50359786
67290,0.19329683
103519,0.16287567
114740,0.25029027
115150,0.11255385
36103,0.25557938
113784,0.14123763
10354,0.22002603
3143,0.5293194
56237,0.86957693
67665,0.35918024
83177,0.0016607605
99699,0.59182143
124290,0.8669751
4229,0.9603363
19309,0.72492045
51950,0.9120515
68197,0.30799547
115972,0.7125032
996,0.98468393
100947,0.29377556
101915,0.23973873
65021,0.6662186
28232,0.3606923
108060,0.51019967
69440,0.4211413
3962,0.12688926
10018,0.041540354
56591,0.46592298
14324,0.092141636
11969,0.049648598
21540,0.9848514
81858,0.0016607605
106230,0.92495763
69129,0.6464918
24554,0.016496535
64424,0.99208415
48446,0.98412204
16609,0.49356645
15312,0.23469624
87609,0.0016607605
112657,0.7731766
13616,0.7443738
98249,0.15245001
90082,0.0020445883
84035,0.001663111
95395,0.64757603
89989,0.0016607605
118965,0.42283323
122334,0.48718825
103135,0.19019754
52015,0.5682197
78334,0.0016607605
22616,0.49202412
58682,0.7749274
1838,0.75296295
96673,0.8390323
576,0.65084064
80414,0.0016607605
45276,0.1548841
119460,0.07855729
63499,0.9461991
12185,0.82348394
97770,0.4561533
3422,0.14079939
72549,0.9035795
19701,0.75218225
18187,0.9900714
105287,0.7286535
7878,0.1427092
14616,0.9676705
33942,0.96617836
5793,0.36451975
5694,0.30048293
50653,0.35198796
111536,0.1517033
77367,0.0016799633
110544,0.031424224
117176,0.22589824
110648,0.018810077
96858,0.57640517
77083,0.0016799633
124682,0.25171188
90159,0.0016607605
114922,0.7345055
34874,0.45301503
89455,0.0016607605
120928,0.6289179
4109,0.63694185
57352,0.66028976
33778,0.4193642
3051,0.74124825
27311,0.55393106
24219,0.86113423
100432,0.73359245
103344,0.31914613
47670,0.6363488
54051,0.36707494
95859,0.436313
54660,0.92803866
10254,0.14380018
122420,0.18348902
40040,0.25945765
90270,0.0016607605
98309,0.71186674
74081,0.1431105
40749,0.9346049
74147,0.11884418
97997,0.9296542
112617,0.7383828
46812,0.13222677
17177,0.20594642
99381,0.75646895
15450,0.96655107
101774,0.9547214
65091,0.8211247
2335,0.23265575
107753,0.6564407
97762,0.10486883
18558,0.767776
46491,0.65642065
103725,0.6269894
65630,0.7594582
88136,0.001663111
70706,0.21073912
32254,0.9219801
24595,0.015190411
110051,0.07071452
34790,0.46600085
124215,0.88499093
104938,0.24066484
82841,0.001663111
116198,0.72952354
90173,0.0016607605
47290,0.583284
106807,0.9914513
45887,0.85099435
95658,0.703759
69888,0.20043539
14577,0.81791216
60249,0.38098323
31776,0.9866348
44967,0.94476455
55397,0.18803507
59798,0.93567157
23488,0.7267262
116751,0.23122399
62777,0.63688034
115582,0.36625257
17234,0.68930244
35343,0.41472423
98997,0.14502753
47100,0.96713114
9275,0.245513
114652,0.56241804
98596,0.662721
91662,0.0016607605
747,0.71463877
50721,0.74578714
71718,0.1832925
102161,0.9627928
14767,0.9641533
40732,0.9919058
108267,0.52285886
82556,0.0016607605
16381,0.08129689
110583,0.050545584
93009,0.9921346
43346,0.9633481
40757,0.7932642
88508,0.0020445883
58545,0.90118814
6594,0.39408427
41760,0.62965435
105485,0.20822076
30897,0.7219764
4224,0.91404843
65956,0.43811935
5996,0.024726668
12194,0.22536224
48993,0.97271425
98026,0.9899682
120765,0.785539
101283,0.08963819
50268,0.50289184
75757,0.001663111
68488,0.22441849
8644,0.69570166
9987,0.39574853
53530,0.87202686
76642,0.001663111
84204,0.0016607605
78201,0.001663111
65689,0.85661256
50372,0.7629893
103724,0.59501415
122396,0.8632678
2397,0.0616997
46914,0.99123913
75787,0.0016607605
7472,0.5560687
17159,0.6812066
106286,0.9730233
106924,0.60094476
20177,0.7656635
61392,0.87373525
74146,0.0953447
33196,0.65410197
22625,0.5981973
74280,0.49269676
121037,0.5377411
103067,0.1501798
83131,0.0016607605
94238,0.97904974
30126,0.023592198
27236,0.14691173
115990,0.92702585
41839,0.92584485
56548,0.7412253
123927,0.93403494
17624,0.3062079
87107,0.001663111
73277,0.39482847
100006,0.3024487
61569,0.7654643
13292,0.19081637
118638,0.20599654
109958,0.33353564
47450,0.18836059
12577,0.76328295
48491,0.75368565
52932,0.44843587
72700,0.16659035
30670,0.9900304
62599,0.6074337
96933,0.48940215
15197,0.35541984
89179,0.001663111
1063,0.5159168
73302,0.5888874
65165,0.20310727
42717,0.7435377
23158,0.73418844
63466,0.9036601
91141,0.001663111
71154,0.4972976
79083,0.0016607605
13344,0.531047
33844,0.8365356
114940,0.57726544
57208,0.84876335
97186,0.49562725
37627,0.98152196
123991,0.92721516
57992,0.83357877
11782,0.13381062
51377,0.18176652
49713,0.15728432
50719,0.47919354
36515,0.9806323
71665,0.567807
19879,0.073223025
32055,0.43532878
4185,0.74313766
73336,0.11749167
117311,0.91506225
49892,0.7011468
27638,0.13639475
114279,0.71159315
60356,0.3631517
25881,0.14333138
8188,0.60750043
107456,0.1270414
69400,0.5310879
55655,0.18206976
93497,0.3712508
106161,0.8965163
34499,0.7995241
77608,0.0020445883
7517,0.32931632
63097,0.9048489
13808,0.70015097
20698,0.9710541
115247,0.20919889
119899,0.78685266
20852,0.11437548
106799,0.9895397
25524,0.9848625
63770,0.79434943
46981,0.8932712
10476,0.02297006
17303,0.7264514
105348,0.9309962
19727,0.69956493
101104,0.76168567
72764,0.35685822
10417,0.2626744
64242,0.85510486
13484,0.5172715
65128,0.7266147
110674,0.09404696
104778,0.22721887
29981,0.017402813
53717,0.05421323
42453,0.9664256
86882,0.001663111
4258,0.78437746
48220,0.9851431
111803,0.3697829
68360,0.8098749
64961,0.14179935
35061,0.9841286
4420,0.8487153
90284,0.001663111
78140,0.001663111
68588,0.41054207
88539,0.0016607605
28084,0.7124399
41225,0.994559
123391,0.8730655
75797,0.0016799633
122436,0.72364336
19743,0.6450837
78556,0.0016607605
94849,0.3463779
64695,0.8157217
70642,0.23398243
67544,0.6827902
26565,0.6869979
53412,0.8081287
81080,0.001663111
86618,0.0016607605
35331,0.099350765
91087,0.0016607605
13547,0.49471295
34712,0.9781756
93483,0.08264625
55672,0.79106647
35327,0.25408182
6361,0.54581535
52021,0.19389553
1530,0.25602522
84557,0.0016799633
32805,0.6878995
8844,0.73863345
31548,0.98235184
20906,0.40339884
72860,0.39233258
116480,0.67892694
29924,0.023592198
52642,0.5852842
56698,0.25752872
54803,0.82329315
90729,0.0016607605
2363,0.5300809
101866,0.10873803
57320,0.8956144
80667,0.0016607605
39040,0.9907358
74614,0.9854761
57568,0.809693
97313,0.5927954
10699,0.17195226
28265,0.16348033
34214,0.6322619
1427,0.17827126
43532,0.9884084
87680,0.0016607605
90161,0.0016607605
28883,0.7481154
101647,0.8139459
20138,0.030161992
42751,0.8128512
88759,0.0016607605
104542,0.47624025
118260,0.22184418
115200,0.29581064
59145,0.6660634
121814,0.8759662
38406,0.78906614
116815,0.2572481
71051,0.41338685
93350,0.27535322
412,0.54907346
36623,0.7422862
16317,0.2025885
102889,0.1239472
95999,0.40639117
19217,0.94252753
37602,0.7227748
6814,0.4932273
40747,0.8806342
93672,0.15989515
81348,0.0016607605
75833,0.001663111
48868,0.19127275
71712,0.11722534
113031,0.15100141
79720,0.001663111
95093,0.09570362
36325,0.8899449
101821,0.19895913
27512,0.2576018
112624,0.7166258
83442,0.0016607605
9455,0.1066189
26606,0.8112139
104980,0.28232032
82355,0.0016799633
40628,0.8489328
71868,0.19058862
25827,0.04803192
10883,0.6470098
35241,0.8450143
25875,0.78077227
696,0.97980255
11707,0.24137168
56750,0.7496481
16039,0.5443383
96319,0.17132786
8590,0.74602354
43191,0.90242857
58441,0.7355964
25362,0.8825328
7820,0.10927428
50784,0.56138873
61214,0.8196883
65681,0.9905364
76675,0.0016607605
11827,0.07826065
17888,0.9798339
23113,0.7239044
29903,0.024957241
79150,0.0016799633
23130,0.38567367
17596,0.70709026
9921,0.13215293
49605,0.8263779
124675,0.88324773
7677,0.83237916
7265,0.07915826
516,0.61832297
106416,0.22911498
94152,0.9642304
61045,0.9065874
98739,0.08159728
100679,0.26141158
28610,0.6401703
100140,0.48284078
13398,0.6755091
6671,0.11846019
36582,0.8092839
14848,0.24000223
89350,0.001663111
17735,0.08278027
2490,0.17760816
109461,0.02434815
7811,0.13397968
94348,0.31750458
42679,0.99386346
11772,0.4068767
3556,0.12764975
77666,0.001663111
55804,0.7474551
86880,0.001663111
9209,0.9180982
72689,0.27936718
107364,0.96929395
81271,0.0016799633
65086,0.7826545
4443,0.8615487
103211,0.1670238
3779,0.1183485
51609,0.59241307
69373,0.53915876
67370,0.18990842
100727,0.18308936
123144,0.6625249
16981,0.9047474
92637,0.34928277
46395,0.8623709
95583,0.44960356
120430,0.7909279
46187,0.9858117
29096,0.79692924
92149,0.19142115
87315,0.001663111
2949,0.67830604
38200,0.37978813
26088,0.22181433
11378,0.14348541
41286,0.7195389
56403,0.99236506
71429,0.15571892
51539,0.07657388
104495,0.34819293
121941,0.9094318
32422,0.9936753
21881,0.97722363
105203,0.5224461
111918,0.69380826
73219,0.19554135
75815,0.001663111
47886,0.6176195
38045,0.99158406
47236,0.54804456
122441,0.78587615
34122,0.9677972
17358,0.82614005
77232,0.001663111
85461,0.001663111
65431,0.050637357
61252,0.09095664
60391,0.9059898
30649,0.92905
70962,0.9164332
104262,0.29240415
80153,0.0016607605
70490,0.16966
33546,0.09667985
124570,0.8624036
15768,0.58510065
95396,0.59123504
45470,0.93146646
77620,0.0016607605
35863,0.9756914
113628,0.17091617
49427,0.88280904
5822,0.17444463
24854,0.17202821
65868,0.8527589
1649,0.73187375
71977,0.09836442
88076,0.0016799633
87682,0.0016607605
67323,0.20708738
123179,0.797886
45490,0.1720305
68229,0.20718454
5564,0.9231146
43804,0.32123122
17822,0.52863735
119147,0.8121767
23991,0.68850964
104375,0.72817934
64747,0.7189601
67703,0.34343892
43179,0.8211595
63567,0.9445341
84699,0.0016607605
99993,0.07537888
79681,0.001663111
50815,0.661652
61751,0.55223376
30212,0.28358135
100995,0.40371194
41726,0.5189681
104814,0.5758305
39616,0.19547503
13716,0.083234
47460,0.6831658
105564,0.43116817
115583,0.84770167
103669,0.62219596
90321,0.0016607605
76852,0.0016607605
103301,0.114913054
86734,0.0016607605
6833,0.95632136
112067,0.33237073
38499,0.13597937
99936,0.16110803
111751,0.46334878
74508,0.06669589
64788,0.21703413
92043,0.06592875
46884,0.9607406
111232,0.10315171
94703,0.147075
36767,0.9608397
43537,0.54958814
25412,0.97756994
46496,0.92667216
117369,0.5653228
106051,0.79658157
54288,0.8931681
108508,0.4578905
65995,0.2563188
32285,0.12732929
48059,0.15350437
35999,0.99375266
97769,0.11495308
35013,0.98987246
28727,0.918204
43709,0.9703124
918,0.9838217
74524,0.13869789
36304,0.9777033
81891,0.0016607605
108569,0.9736709
54640,0.5799734
55800,0.9849145
84717,0.001663111
58522,0.8910352
13676,0.5608494
23014,0.95518124
13674,0.42219424
25578,0.9311594
77423,0.0016799633
54032,0.42834878
73195,0.47502849
35693,0.8431792
50886,0.19538087
32066,0.9837577
42317,0.14295892
63256,0.48587424
70761,0.1935492
13865,0.38692284
49104,0.8896421
67278,0.5239206
109536,0.018378127
81085,0.0016607605
66520,0.17578252
43298,0.88898534
25111,0.98032665
8183,0.24386741
36759,0.9026315
15946,0.4924618
35834,0.8408869
99523,0.3291501
45785,0.17085114
6888,0.19124189
12863,0.15384525
26821,0.98370564
3283,0.5447654
54231,0.44082713
46290,0.80103904
47995,0.7594274
50352,0.73089117
73971,0.72558105
66882,0.2670952
99253,0.498561
43834,0.16451164
87640,0.001663111
53470,0.874121
53805,0.7305803
96999,0.20972803
116840,0.16277808
34845,0.96982276
112443,0.65306526
96291,0.30535892
46554,0.98648703
97960,0.19598638
92063,0.36706853
42993,0.9938083
74281,0.14580226
18330,0.055391233
390,0.9183595
31497,0.9875378
45818,0.8137384
109501,0.037411377
23449,0.15234101
123979,0.8312392
103995,0.17634858
42252,0.28198716
2138,0.9082316
40,0.49523634
62362,0.90123624
69969,0.25089872
10140,0.183375
37878,0.9949114
103023,0.1596911
97363,0.7860621
63910,0.8764714
110813,0.03185661
97084,0.0982839
90535,0.001663111
102826,0.67754066
103,0.96969324
26662,0.89420295
107464,0.10909922
68659,0.6022484
103166,0.14820698
95420,0.11348623
671,0.9830761
94059,0.94533557
9402,0.17353436
54126,0.39455044
24057,0.39798626
108849,0.02960092
25427,0.50735366
30235,0.9854242
65807,0.8564651
29209,0.78647584
53019,0.78574115
76187,0.001663111
69995,0.18140036
8030,0.6944273
15516,0.80373454
37033,0.9873533
123284,0.97269905
106092,0.6525921
52940,0.5680973
6131,0.20676406
77086,0.0016607605
26365,0.2860787
101455,0.14388318
122109,0.50325024
31713,0.98440313
104717,0.18799599
34634,0.914922
47734,0.48371065
122913,0.24551053
13755,0.51145107
24920,0.8278173
56363,0.6329285
26412,0.77461565
81127,0.0016607605
92400,0.6760963
93008,0.9925553
2292,0.84674495
2324,0.14953691
77959,0.0016799633
41932,0.97091496
71338,0.70419353
12618,0.7526764
70091,0.709689
97016,0.65879136
58147,0.7444946
104396,0.2767605
58953,0.90154874
85947,0.0016799633
73488,0.5621135
25770,0.31518996
79576,0.0016799633
124256,0.8262287
1311,0.5021407
1104,0.52132446
75938,0.0016607605
30309,0.5902132
42139,0.9936008
69810,0.16829951
26739,0.77409136
31724,0.9904411
5330,0.39936197
106246,0.46146202
34244,0.9691213
31640,0.78687066
112342,0.72207624
77865,0.001663111
18814,0.9546502
41107,0.94446397
30882,0.9836188
59350,0.5736675
119119,0.36867034
109926,0.0409643
67829,0.7109917
109196,0.06876953
86910,0.0016799633
15904,0.1653338
117736,0.86654437
72649,0.16239114
34038,0.11724868
52891,0.11848236
60429,0.7668334
7903,0.6791888
3648,0.12977386
92909,0.98735285
50306,0.8094601
18816,0.9565439
110999,0.46284983
51474,0.94652444
5891,0.08421719
41866,0.13273807
59263,0.32715955
75274,0.0016607605
77176,0.0016607605
7806,0.110035926
72124,0.41952756
54453,0.20726891
49009,0.97728056
87488,0.0016607605
123409,0.8092588
111118,0.21801572
20403,0.8883016
83444,0.0016607605
8561,0.652398
81419,0.001663111
34718,0.9845962
33626,0.15516247
39538,0.9668692
4327,0.9897844
31648,0.7912893
46274,0.9718792
18877,0.5331996
46570,0.99139047
96639,0.575381
121609,0.8937841
123186,0.80438316
36050,0.86994165
80150,0.0016799633
6726,0.3965897
73594,0.5457708
113519,0.6931657
120265,0.79900813
95887,0.79369944
40871,0.63321865
13488,0.53233576
50219,0.7547716
53337,0.8314481
35534,0.82348925
98844,0.12046312
25471,0.9667654
17081,0.81189656
105410,0.6203242
85115,0.0016607605
4744,0.217538
4606,0.9695333
94566,0.2544018
44287,0.40748537
13643,0.1833637
79621,0.0016607605
93280,0.23070289
32950,0.0593261
34256,0.18344836
107293,0.8459839
113790,0.7327205
115872,0.7560893
7166,0.4880204
59616,0.9876737
74973,0.0016607605
104499,0.22272801
16445,0.18073376
70694,0.73370737
13115,0.9755284
6523,0.09332769
25506,0.9848513
20172,0.5951591
38148,0.5058845
68215,0.53766865
14226,0.44079837
101540,0.52490485
118660,0.64716995
52676,0.17869692
24059,0.39798626
36666,0.23836832
105293,0.78930676
86454,0.0016607605
108974,0.046641834
74198,0.2353141
58671,0.83280516
70830,0.16821148
2689,0.12719874
54709,0.48865452
29582,0.7233643
820,0.9770468
32442,0.9305136
71711,0.16689904
6029,0.034849014
27062,0.17426123
37102,0.9143746
61084,0.90774554
12861,0.15882526
121558,0.9568864
39004,0.94743997
66613,0.5598706
115199,0.4420542
85517,0.001663111
23832,0.8036286
103494,0.20510045
120034,0.25499016
120074,0.2541353
16028,0.20844166
117746,0.8839954
12456,0.6632673
79374,0.001663111
5194,0.98834103
70981,0.7899728
117183,0.19463433
110032,0.036843076
89210,0.0016607605
34683,0.7995241
30870,0.9477625
35611,0.99158406
60204,0.88034797
34523,0.6473727
57612,0.9191215
91814,0.014830617
17743,0.6896217
117661,0.71915543
64392,0.97261775
38020,0.9819847
9060,0.76448834
6746,0.17327452
116406,0.43224812
4344,0.99164504
114958,0.41084635
97277,0.5755308
58084,0.70502084
117035,0.6370389
113129,0.08166261
82466,0.0016607605
8631,0.5882357
95322,0.09486519
69177,0.16518804
77663,0.0016607605
37096,0.8499608
104157,0.28305018
38121,0.7407673
50967,0.80000824
8724,0.1476048
90521,0.0016607605
38817,0.9813923
32629,0.9807103
25669,0.6429819
88355,0.0016607605
39804,0.9921606
69657,0.9630136
97618,0.56136435
118900,0.78206044
104065,0.1952508
43699,0.82891816
29965,0.023179438
53483,0.5602464
122626,0.8526088
85744,0.0016607605
33429,0.32130077
42689,0.95254254
25511,0.97513276
11830,0.08961958
6108,0.08768005
11422,0.4560546
101373,0.3720038
120764,0.5380913
69356,0.36325732
120577,0.3921264
121888,0.4724123
40774,0.91434103
58572,0.89204574
119114,0.19180892
20675,0.9492598
84881,0.0016607605
83166,0.0016607605
69026,0.5638137
67941,0.4851533
73252,0.2451146
2863,0.12201972
116848,0.585428
121304,0.6321137
5047,0.9814076
63479,0.9036601
10163,0.43110052
109174,0.0270347
115575,0.23982893
22290,0.89141566
3287,0.6456587
12325,0.85443264
89980,0.001663111
93958,0.12745245
106543,0.4221545
22476,0.77778566
118478,0.1708356
101064,0.5195155
87748,0.0016607605
21173,0.058680978
115152,0.7265148
3146,0.4458823
44175,0.10159315
63215,0.9888926
76242,0.001663111
92332,0.8329907
33090,0.98297864
36230,0.20700024
9357,0.4804526
96940,0.89067566
66086,0.3165735
95402,0.5178757
92456,0.58062536
31888,0.99239314
116324,0.22845703
43086,0.117976025
34427,0.98914576
121177,0.14014742
97411,0.74049234
92988,0.98845124
69243,0.20984375
62159,0.99236906
76119,0.0016607605
90482,0.0016799633
110135,0.06761643
115755,0.84243345
99013,0.63707525
84143,0.001663111
104743,0.4821987
109522,0.014917486
87175,0.0016607605
59840,0.76224816
80541,0.0016799633
23811,0.84213823
65568,0.63552517
96455,0.14156014
39867,0.97751653
73315,0.45794624
68866,0.032492924
82970,0.001663111
80138,0.0016799633
100550,0.3415359
77859,0.0016607605
23393,0.3739826
52441,0.21651651
8327,0.12226962
57522,0.8402129
105976,0.9797406
96889,0.47409743
121588,0.9294816
40668,0.9901433
52074,0.9637699
51469,0.60863864
103058,0.110935315
11066,0.42101634
66855,0.35911846
68635,0.5123245
81374,0.001663111
18466,0.6373159
104268,0.2326187
79926,0.0016799633
121548,0.89163744
3151,0.20172445
95690,0.6257228
77853,0.0016607605
83811,0.0016799633
72130,0.63996124
44476,0.993465
116932,0.76784474
77703,0.0016607605
81667,0.0016607605
114805,0.7130601
97571,0.10391333
73005,0.98091394
55164,0.17211588
16966,0.71024996
57068,0.9888769
16836,0.88908166
47658,0.97003615
99592,0.570509
10197,0.12985583
69568,0.1673411
94949,0.40649518
110195,0.11136684
118557,0.1172265
64272,0.8650356
44862,0.70773715
9823,0.4972861
682,0.9815051
88247,0.0016607605
32702,0.4785999
58067,0.72544533
24389,0.6931589
102930,0.15546975
74320,0.78458595
15725,0.02530105
8982,0.37733194
36359,0.97832674
34468,0.7609112
11402,0.39966363
80658,0.0016607605
68490,0.44868612
114891,0.16761103
30906,0.99195987
87843,0.001663111
63925,0.2575729
6011,0.033669807
98331,0.5834908
79730,0.001663111
54495,0.80635643
14500,0.9747338
37629,0.9757982
51718,0.550851
36733,0.9932104
68071,0.42070696
13802,0.18798462
89130,0.001663111
85727,0.0016607605
47657,0.9637636
87894,0.0016607605
19605,0.19202802
29236,0.8454781
87513,0.001663111
32104,0.5729528
116139,0.2778644
5780,0.81866
45108,0.9866887
75285,0.001663111
86862,0.001663111
40655,0.9766947
39291,0.817036
67206,0.1054727
10993,0.2296349
25294,0.95719314
15818,0.11823627
88522,0.0016607605
80133,0.0016607605
7108,0.49766037
100296,0.64056945
65883,0.78813857
35389,0.15317897
57145,0.3834231
121261,0.73564
22144,0.98011875
118839,0.65119004
51117,0.16655226
70703,0.6039839
117441,0.19986805
39107,0.9933577
105773,0.16480075
28042,0.85626453
73927,0.2304931
48183,0.9251757
260,0.90274763
79671,0.001663111
79546,0.0016607605
97243,0.5668108
96512,0.13470204
101386,0.49228862
59294,0.8031681
32596,0.9623124
57724,0.84713477
28718,0.7485133
30658,0.9864603
91276,0.0016607605
84398,0.0016607605
77616,0.0016607605
86358,0.0016607605
104501,0.21064569
65821,0.25330412
65923,0.56136435
120979,0.6375769
83132,0.0016607605
80005,0.0016607605
105215,0.6524741
32480,0.9884129
21154,0.10936261
3827,0.13807905
22714,0.746139
83765,0.001663111
59517,0.9451957
60792,0.8710007
95349,0.09952681
5046,0.97545457
122742,0.3924357
124219,0.9186165
52485,0.54557836
102179,0.9630541
17662,0.6778406
46998,0.89710355
109236,0.062098566
63225,0.99396133
36485,0.94253427
76577,0.001663111
91936,0.022014298
7991,0.14477727
119776,0.869792
74292,0.17132749
82083,0.0016607605
86849,0.0016607605
70984,0.8780416
11208,0.8470337
116635,0.12606385
5918,0.43560022
13829,0.18340741
28812,0.8839597
34748,0.06793755
12792,0.24361552
66821,0.54726255
91961,0.01971481
16032,0.08189195
59786,0.61531615
40326,0.99316907
73920,0.4865984
89756,0.0016607605
117324,0.30630034
12643,0.5641056
98838,0.7492551
9166,0.13782881
124846,0.9675282
114821,0.88252044
100880,0.9320999
26968,0.7345566
114123,0.14490262
117707,0.5912111
55705,0.5151191
115914,0.64377505
10688,0.5285803
56881,0.9608857
112832,0.65126413
86891,0.001663111
121519,0.85579014
98008,0.980276
62096,0.5106472
34373,0.57774544
41156,0.87732697
84870,0.0016607605
34981,0.95252407
113522,0.38999593
86256,0.0016607605
83598,0.0016607605
50391,0.77119195
56884,0.9753137
59054,0.8761869
102542,0.15909874
102394,0.12176968
84603,0.001663111
67099,0.33517995
51673,0.17344171
34673,0.94351363
34667,0.8988569
76993,0.001663111
14341,0.0839854
48611,0.59732723
97832,0.182705
9416,0.6271848
69676,0.96668774
86387,0.0016607605
102153,0.95283103
53306,0.85310465
67861,0.12698357
82745,0.0016799633
79102,0.0016799633
86342,0.0016607605
68729,0.13322444
115299,0.33985555
115498,0.54161793
118318,0.06614232
45167,0.13047789
81605,0.0016607605
10656,0.18742524
60454,0.22572711
65642,0.612295
106996,0.32421243
21680,0.7188194
90973,0.0016607605
24063,0.09721294
34182,0.9795648
64871,0.86099136
43225,0.98004466
63636,0.903024
95705,0.43592656
99009,0.57690173
38113,0.720891
29444,0.104250684
54839,0.75815284
3468,0.20936953
92111,0.44435102
56775,0.8817904
40447,0.9680007
77018,0.0016607605
13126,0.9134608
76919,0.001663111
29943,0.029708285
67637,0.21016264
72703,0.28619304
40435,0.9011076
81129,0.001663111
118914,0.42602286
41561,0.9834796
79519,0.001663111
56104,0.9915741
73412,0.30935076
21872,0.9709916
40814,0.9838955
114030,0.14184125
118319,0.07604916
99701,0.47358936
75693,0.0016607605
124541,0.7193375
29000,0.7507498
6911,0.41450712
13297,0.8799799
119042,0.46627563
54044,0.17488444
101799,0.45796016
56612,0.8281672
108291,0.5992592
33199,0.9352249
105078,0.6915499
111561,0.47730193
58624,0.9934907
71484,0.1560472
29878,0.041379735
37233,0.8548943
28985,0.17220232
14749,0.94694424
33690,0.5579918
116536,0.8813202
28770,0.7843544
79435,0.001663111
107224,0.9897126
68791,0.023268119
115985,0.8911696
114267,0.83183724
102702,0.4937743
94922,0.15261921
76574,0.0016607605
81806,0.0016799633
4084,0.94480723
95829,0.057077836
105033,0.12020107
75278,0.0016799633
17117,0.16319878
37056,0.9910828
68221,0.36003944
113384,0.09096422
73762,0.63522536
53158,0.78836346
97008,0.67546916
111426,0.049356055
89098,0.001663111
75178,0.001663111
109962,0.13073362
13182,0.81071776
376,0.0996346
108559,0.22752576
37761,0.41925582
74551,0.9458958
118586,0.12663372
31774,0.98609865
69093,0.25023225
117120,0.14769521
45938,0.6921699
42721,0.9338747
31457,0.804284
109264,0.016613295
6909,0.48919258
78426,0.0016607605
12955,0.51193583
22983,0.11681071
108318,0.26123762
47601,0.9674475
80113,0.001663111
72760,0.2751922
74722,0.21404123
889,0.9755947
43857,0.6800017
54601,0.19086626
33099,0.114104606
10068,0.6810921
57430,0.87633514
94622,0.21994215
78893,0.0016607605
50218,0.7943604
43470,0.9247637
71197,0.32729134
68251,0.33770597
103370,0.12581126
63777,0.87802035
100617,0.50455743
77705,0.0016607605
96653,0.34948575
74398,0.60168797
91561,0.0016799633
53784,0.39128473
105612,0.13198623
52855,0.08226125
109273,0.038716394
100954,0.30587313
65746,0.19058697
29674,0.24854958
2293,0.877838
10832,0.83035845
88234,0.001663111
15342,0.19023383
5134,0.84186155
81868,0.0016799633
58842,0.8827353
45710,0.4183726
120795,0.28361425
94799,0.23160145
87920,0.001663111
84180,0.001663111
46618,0.98130816
102798,0.26996756
96365,0.11111347
30008,0.031670786
81620,0.0016607605
91100,0.0016607605
36597,0.94811994
89564,0.001663111
26752,0.74796087
70874,0.2397061
85620,0.007555604
56617,0.873231
119929,0.691914
95898,0.6290648
109087,0.12692365
122255,0.11990007
10611,0.73390365
15518,0.9282056
78661,0.0016607605
26260,0.26783517
104627,0.41965643
103826,0.97168726
29082,0.5854325
44863,0.8937404
95146,0.7763389
61453,0.99150276
57799,0.3003393
39818,0.9923953
100926,0.07066418
92884,0.9720624
29628,0.43975863
6912,0.857144
35997,0.78728616
61980,0.7647104
95171,0.21933286
80624,0.0016799633
20298,0.8678652
70030,0.5999922
109114,0.017819613
100789,0.13172597
74441,0.500176
104276,0.28334093
119281,0.30996272
46941,0.9336963
14050,0.704508
63516,0.97896487
72034,0.14631689
122900,0.865741
103757,0.69604856
101669,0.9594086
24245,0.13928469
85308,0.001663111
120084,0.15653405
85868,0.0016607605
21689,0.8968598
108237,0.9821898
96574,0.23717166
107962,0.41148964
31441,0.71415675
96197,0.115916
122373,0.39346707
77860,0.0016607605
60382,0.8816569
109816,0.04794073
81084,0.001663111
98398,0.6319088
48767,0.6729811
24119,0.027375411
37951,0.9547248
103843,0.19382522
90372,0.001663111
54037,0.5748905
123011,0.22988635
13078,0.9244888
67882,0.14496556
81143,0.001663111
65851,0.8474692
67976,0.59616876
19256,0.5074169
58385,0.6309837
74267,0.1990503
122061,0.13865268
86462,0.001663111
115097,0.67365825
94557,0.29884467
41384,0.6646423
10816,0.68060315
84859,0.0016799633
29114,0.6716276
33615,0.2538629
54704,0.46447238
94382,0.13498756
78836,0.0016607605
10835,0.15252805
34955,0.9832696
76411,0.0016607605
81937,0.001663111
96105,0.2298516
71296,0.89435935
49481,0.13339853
16831,0.49257794
88973,0.0016607605
106606,0.16740933
96592,0.22977854
122391,0.2190136
94989,0.6387154
28945,0.71986014
62795,0.8796948
76998,0.0016607605
37645,0.98825663
18200,0.87013096
101940,0.8144224
16012,0.124319874
89565,0.0016607605
31882,0.9864948
75559,0.0016607605
113407,0.73141974
76995,0.0020445883
109,0.97715056
9123,0.6584437
125018,0.68094516
94358,0.41947815
32434,0.9936753
122281,0.4965927
78629,0.0016607605
96075,0.557043
3277,0.59923965
67202,0.21357636
99709,0.5897679
54447,0.43665487
80980,0.0071457317
14103,0.90743464
93546,0.092520975
125101,0.22598353
14579,0.93163216
58273,0.8605789
26286,0.42887464
89282,0.001663111
115849,0.8796175
110565,0.03656735
52598,0.29601026
102327,0.06660785
100945,0.65989137
72695,0.21492031
112421,0.53638357
67581,0.52770686
6522,0.08880109
411,0.5903961
3678,0.09045458
58077,0.80680764
94838,0.53400505
26224,0.611831
1329,0.9683311
96195,0.1603341
31152,0.12337692
22499,0.9294424
38258,0.9849467
88264,0.0016607605
3776,0.18519014
111621,0.45400822
30043,0.21829711
52703,0.63729596
75056,0.0016607605
19666,0.9851173
89811,0.0016607605
51676,0.17647626
99281,0.13201888
119544,0.7618653
59585,0.9656407
34216,0.99139106
93631,0.3810407
72218,0.095219016
70683,0.6105254
77313,0.0016799633
99006,0.57690173
123713,0.61319125
62854,0.8515595
116263,0.8193581
52780,0.8027851
61337,0.27809066
121069,0.12628755
40450,0.9732319
116724,0.73898715
88252,0.0016607605
20476,0.8543775
33836,0.055331074
14780,0.9694028
32064,0.46451092
3862,0.65369606
66270,0.51140267
36137,0.98799545
46446,0.9896187
29889,0.031596128
109157,0.011764053
124230,0.95817584
117478,0.73456264
11258,0.13579883
75531,0.0016607605
92594,0.11076612
27678,0.23328885
48088,0.10606282
116434,0.2656871
51470,0.95940965
64537,0.99298906
44605,0.99142444
78618,0.0016607605
48354,0.819225
61697,0.90051347
11506,0.11845332
3578,0.118871115
96069,0.49018285
19458,0.946445
88692,0.0016799633
82033,0.0016799633
112578,0.18049252
15333,0.5974426
20950,0.52265
120530,0.23402113
102100,0.15640393
88580,0.0016799633
2720,0.07207972
32634,0.9887961
98486,0.6469073
95701,0.63441765
1984,0.1826305
59223,0.99223787
5674,0.52181447
89430,0.001663111
14031,0.95545375
87218,0.0016799633
79619,0.0016799633
103059,0.094887376
49147,0.09728168
94210,0.6398806
46712,0.99139047
120809,0.7534663
13022,0.28204238
54840,0.5088441
90446,0.0016607605
47630,0.95971
61514,0.25837743
108612,0.39758757
88517,0.0020445883
59901,0.84815764
43734,0.9296873
90505,0.0016607605
80675,0.0016607605
72995,0.9825461
77738,0.0016607605
56195,0.703561
302,0.36858532
52378,0.59577227
29147,0.90416765
340,0.5175285
86201,0.001663111
121107,0.78909236
11333,0.41803408
52704,0.63729596
30763,0.9933084
21226,0.023673424
74840,0.25283867
98200,0.99143815
107312,0.97465396
17263,0.6248416
98325,0.47805178
112028,0.48513258
117630,0.80673295
57184,0.781414
118151,0.1545209
59139,0.84998775
69565,0.14319627
79711,0.0016607605
117415,0.16559123
88013,0.0016607605
103201,0.26093724
36618,0.9875378
46909,0.98523176
80128,0.0016607605
30920,0.3978921
24840,0.5118951
112906,0.26092675
469,0.04799729
21256,0.038537383
41919,0.71508026
16871,0.8639289
34809,0.4340393
70924,0.9169173
84136,0.0016607605
59305,0.7975507
92254,0.31597993
5758,0.17243738
11444,0.19331224
48863,0.40891135
114789,0.41348997
113349,0.45518884
91402,0.0016607605
67693,0.53370494
86836,0.001663111
19239,0.5497228
35721,0.97135675
95118,0.68947524
118204,0.13208242
74308,0.5845389
34223,0.9920438
45004,0.16395798
100526,0.50723326
124872,0.9783608
64942,0.13377613
1357,0.95986754
10370,0.60313284
103421,0.59239596
66445,0.29120475
123543,0.8376406
64446,0.9937564
96902,0.3802309
106570,0.27031016
79033,0.001663111
79290,0.001663111
21013,0.84686714
121074,0.107138745
40241,0.77333623
59961,0.6180749
36549,0.9070303
66633,0.060523167
51457,0.8556233
37486,0.47536126
17510,0.14924176
92250,0.17361535
22074,0.84918255
73097,0.34176487
96047,0.7016782
41043,0.25875303
35473,0.839532
48172,0.3712315
83688,0.0016799633
104957,0.51968575
119979,0.8204185
119645,0.25680083
113331,0.40316704
109566,0.08625847
11259,0.6696954
3316,0.20062982
114384,0.17247531
46226,0.6743059
37729,0.8408869
72210,0.23973314
17674,0.8769835
31154,0.49683183
55355,0.8261498
40084,0.9896651
46245,0.9021417
114291,0.63711435
22466,0.98227763
74190,0.32934391
55746,0.84247893
74024,0.17401044
24698,0.98027074
66472,0.32040122
98047,0.14488852
95883,0.33795086
46203,0.9880876
21629,0.7431874
76276,0.0016607605
67828,0.40580493
77252,0.001663111
78676,0.0016607605
70195,0.36138466
86903,0.001663111
5660,0.35202274
49142,0.08195329
15883,0.9572047
115753,0.6825912
96176,0.6533074
40600,0.8700024
31013,0.9793442
117532,0.8710968
105133,0.603917
41713,0.20203173
10444,0.04442759
99580,0.50236654
16505,0.542583
124400,0.40990287
93413,0.4054565
115130,0.55983275
105807,0.13557626
104500,0.5662544
78918,0.0016607605
30385,0.99166346
42886,0.93106407
58667,0.57552207
24266,0.9607524
17990,0.70135206
59418,0.85588044
3878,0.119408466
4140,0.40920317
93774,0.41608012
55377,0.83622384
70960,0.71080583
78010,0.001663111
7051,0.94575846
108499,0.81640357
115457,0.6369139
113912,0.37320873
13470,0.7677299
89302,0.001663111
15816,0.21487871
39376,0.9837712
63623,0.9072612
58210,0.9868094
54278,0.40188968
94751,0.265043
55748,0.84247893
48946,0.11999027
12447,0.5198699
81096,0.001663111
121837,0.46873537
52008,0.74578714
104292,0.9110983
20648,0.85947216
86218,0.001663111
13654,0.18459833
113602,0.066299655
4042,0.2876761
8210,0.516574
55049,0.4332354
112201,0.55920887
85597,0.0016607605
51192,0.953353
16338,0.11688755
120090,0.7960892
86992,0.0016607605
113742,0.25659552
5499,0.76713014
96580,0.35671225
42537,0.8923269
83875,0.001663111
38143,0.24428254
47269,0.43084374
22212,0.94849026
12165,0.5279299
28203,0.2266181
120758,0.7674078
22519,0.13067695
66956,0.3495114
34590,0.88159865
71310,0.37879962
63146,0.93044806
97464,0.9945128
59256,0.83277315
23858,0.65957284
51818,0.9366806
96425,0.5222842
62358,0.88077223
26527,0.22231808
21976,0.058680978
53112,0.8147967
32587,0.8978008
67533,0.8468165
34578,0.89554924
52095,0.9726795
27481,0.17995933
100917,0.32592556
124643,0.9799849
84208,0.001663111
77882,0.001663111
11274,0.796282
109843,0.03554512
41677,0.26555967
34836,0.9364716
33770,0.065451734
47398,0.98233205
62543,0.7420958
50533,0.9738998
98612,0.1405144
85902,0.0016607605
54870,0.69418865
41207,0.9939002
71530,0.3152195
119550,0.22530346
9889,0.17361535
3030,0.6223086
7574,0.3823977
11195,0.119888335
90548,0.0016607605
54667,0.96610785
68799,0.022392223
58286,0.90051347
61684,0.16344357
91043,0.0016607605
100422,0.47805518
70199,0.3356459
30851,0.21894658
11083,0.15424837
33432,0.82231647
30811,0.9921908
1674,0.19332246
77762,0.0016607605
41266,0.7142753
61845,0.95051914
3246,0.88124204
16413,0.055497076
64142,0.86762005
1566,0.3623692
118336,0.8078492
56499,0.9367003
79098,0.0016607605
100624,0.47861683
66250,0.13372168
61939,0.96900684
17592,0.42606652
23634,0.9800756
50452,0.80618256
18314,0.10936261
45075,0.9568374
115010,0.87504834
83629,0.001663111
63010,0.86338836
63303,0.7832623
12628,0.68732333
77485,0.001663111
87210,0.0016799633
48498,0.9443236
60632,0.40931612
67336,0.55674034
57387,0.9646286
47393,0.9866636
77017,0.0016607605
24357,0.5961317
49412,0.9767845
23951,0.80129606
110211,0.07882724
24467,0.037654396
105322,0.5256597
107702,0.43175867
46107,0.6421119
16340,0.1194831
22081,0.7743742
30960,0.78423214
77127,0.0016607605
67812,0.113308035
95605,0.34405312
33756,0.16936083
11024,0.07381949
116516,0.20919889
101227,0.15849699
94404,0.47691292
27876,0.17510222
84004,0.001663111
51867,0.96272016
13324,0.53486097
98676,0.38941878
44112,0.9582303
84949,0.001663111
87558,0.0016607605
21716,0.8053591
21161,0.15869868
30334,0.91937065
15955,0.19876914
40327,0.9898981
74042,0.17393135
86016,0.0016607605
73941,0.5259404
65287,0.5575716
77814,0.0016799633
53490,0.5163065
49320,0.49688938
13257,0.38462844
52443,0.59415776
82575,0.0020445883
16431,0.21216412
83148,0.0016607605
28501,0.15715216
109724,0.029696494
64651,0.8916657
16473,0.8576767
94599,0.49305847
38383,0.99163425
55082,0.8775307
123609,0.8288141
32145,0.9935196
57842,0.8141995
101521,0.38312173
112876,0.62609226
99621,0.6537616
72052,0.52574164
49869,0.82945734
92866,0.06351266
9832,0.42204782
984,0.9853307
74880,0.59414387
91194,0.001663111
120848,0.5237869
77448,0.0016607605
102068,0.39165607
80762,0.001663111
48301,0.5155485
6318,0.12537289
18244,0.97052985
35179,0.6227529
117967,0.09970791
51109,0.14331795
113188,0.24905604
57840,0.772516
95597,0.4148131
15643,0.94409174
64353,0.14488979
98199,0.99143815
110046,0.037318885
66824,0.4997412
54533,0.32191798
10707,0.6022789
114782,0.63370526
110374,0.084862284
18175,0.9885604
50765,0.88316345
50849,0.77336854
108744,0.019942438
104387,0.21601865
68290,0.39860412
103030,0.14674996
94368,0.41076878
101048,0.30351663
88583,0.0016607605
94976,0.6723517
80644,0.0016607605
41129,0.9854418
61263,0.92984253
32287,0.81425333
55236,0.6381765
111363,0.76834285
74681,0.18122354
102366,0.16669558
70381,0.13941893
60289,0.8065959
6620,0.67252684
8007,0.6458026
116588,0.8130026
61061,0.8942381
5216,0.74767125
116582,0.27660823
27136,0.081669904
48877,0.8303049
30138,0.023592198
114696,0.074175894
10944,0.21152344
86884,0.0016607605
9706,0.47871462
120889,0.91179186
30795,0.9846778
34022,0.7236347
96413,0.32685262
854,0.96598434
2836,0.5810499
111582,0.4119962
100087,0.34880248
41065,0.7178416
76737,0.0016607605
52681,0.52630204
44707,0.09949988
98582,0.12402171
91060,0.001663111
94456,0.22984931
54657,0.7740249
104086,0.44156995
16627,0.79371643
63232,0.79455
22718,0.75218225
97705,0.26934147
113282,0.33908147
62199,0.99236906
95319,0.1829153
53844,0.3587065
95766,0.48457837
76445,0.0016607605
100872,0.49899352
46025,0.124754675
93619,0.5286906
63760,0.6571666
53452,0.8819586
28260,0.06511614
60755,0.7685953
54260,0.42552847
11682,0.24366151
35804,0.99127495
17283,0.28035814
87420,0.0016799633
21857,0.95292497
59254,0.75708264
89286,0.0016799633
113542,0.6161472
97946,0.7064068
122241,0.79122835
21038,0.5668151
20859,0.097178966
68298,0.4219592
99574,0.49073884
3771,0.115970396
42138,0.44460642
50427,0.26725867
75233,0.0016607605
50152,0.149194
11452,0.1691046
14363,0.028764032
23706,0.97913617
85994,0.001663111
665,0.976343
80018,0.0016607605
66962,0.21417217
98943,0.13764444
26630,0.48072848
2716,0.06212291
48104,0.9445935
119797,0.7062336
26142,0.50278544
54147,0.19180304
72323,0.57532334
28525,0.9014973
73166,0.16393377
81595,0.0016607605
83544,0.0016607605
55598,0.6480358
106293,0.46048158
73822,0.22574835
61294,0.9283858
83623,0.0016607605
97264,0.35524887
695,0.9871
94190,0.9904113
43167,0.567456
93185,0.12201643
41494,0.9350746
1797,0.51330125
52105,0.5958159
48591,0.98165715
23546,0.91126883
12047,0.89843214
22359,0.9419983
113217,0.30246997
17752,0.19378726
40372,0.99467224
110717,0.3482852
45231,0.7548912
36553,0.9489848
76316,0.0016607605
88366,0.001663111
114783,0.5601098
51287,0.19049725
94051,0.4985622
14778,0.96926737
2699,0.13847435
86520,0.0016607605
89125,0.0016799633
95043,0.35820374
45912,0.94433
28539,0.579826
90885,0.0016607605
60743,0.7376312
87916,0.001663111
82972,0.001663111
80849,0.001663111
53905,0.45981663
60622,0.9625313
39604,0.9875765
49227,0.9328585
3496,0.16576289
19806,0.37058055
12110,0.552637
83855,0.001663111
104363,0.29708335
7227,0.066754505
43827,0.7529147
3427,0.61101294
15619,0.93080056
41653,0.9727262
69598,0.78899556
124711,0.23507315
72057,0.5322197
47396,0.95685315
93999,0.56465507
78396,0.0016607605
121413,0.80730176
70914,0.9088292
64335,0.9021682
52372,0.94584876
78538,0.0016607605
120859,0.691914
84262,0.0016799633
122875,0.87063396
44625,0.99415684
107092,0.981292
38987,0.6926443
97724,0.3964967
53657,0.7393827
7802,0.12680201
55980,0.86760527
84567,0.0016607605
98522,0.08907598
87944,0.0016607605
101907,0.32514757
6389,0.73266
105260,0.35671237
7954,0.6151874
80505,0.0016607605
56422,0.79484326
21613,0.98269236
32529,0.76635337
61256,0.5038534
2286,0.7662367
120994,0.17142592
87075,0.001663111
9408,0.5121875
77515,0.0016607605
44099,0.8642056
24785,0.16410248
100369,0.3447215
105332,0.5300305
43953,0.9898981
1862,0.75296295
45647,0.20266841
36583,0.9118124
79966,0.001663111
69459,0.40476534
82622,0.001663111
124242,0.5767737
15260,0.12977847
31378,0.9883862
25070,0.97308505
74900,0.5686945
117283,0.48444316
90425,0.0016607605
36891,0.5339336
2077,0.6334465
80782,0.0016799633
28059,0.067080036
113729,0.13855828
59188,0.8937535
84246,0.0016799633
31942,0.52385783
108362,0.26140913
102690,0.91246396
61851,0.7680112
77911,0.0016607605
101249,0.07731209
94971,0.41615283
31591,0.9942028
120037,0.26514548
1152,0.35089505
52154,0.49640653
118249,0.7487419
63569,0.9629513
7504,0.6677586
118518,0.70287794
74469,0.13433869
71897,0.5433038
50120,0.54498196
70753,0.51301485
96070,0.16743752
39431,0.67907786
104087,0.1341838
80435,0.0016607605
115921,0.64377505
57931,0.65520644
101002,0.62007457
4128,0.1651221
77091,0.0016799633
123729,0.8990129
124928,0.21948609
30124,0.023592198
96971,0.5133691
448,0.045202583
49101,0.59211886
55111,0.8159378
60151,0.94700134
26097,0.835118
75524,0.001663111
21765,0.94769347
102639,0.785247
35966,0.99375266
68573,0.46563613
4710,0.84496397
103343,0.0936454
70640,0.2673347
85299,0.0016607605
70634,0.2634967
48087,0.10606282
93053,0.8922136
36664,0.7662235
63781,0.8836387
8306,0.43291768
56192,0.703561
38886,0.89856726
26482,0.45182955
84301,0.0016607605
24935,0.84078395
12037,0.48462743
13698,0.09550991
47842,0.3239955
103242,0.1755587
636,0.9726787
75857,0.001663111
114678,0.32273483
114932,0.9283793
69865,0.6625228
49254,0.5771787
37193,0.96993333
119946,0.71688414
23187,0.7430629
124684,0.7967101
86872,0.0016607605
51525,0.2565315
8703,0.14483903
6064,0.1469721
83446,0.0016607605
110011,0.11795502
82956,0.0016607605
87499,0.0016607605
82715,0.001663111
35153,0.1754257
33409,0.18631035
27142,0.48984504
124239,0.68650377
56428,0.83735424
68117,0.2422291
41523,0.93276143
57974,0.7975507
93187,0.4729803
91215,0.0016607605
88129,0.001663111
115367,0.23405732
113059,0.73141974
19588,0.7738055
65877,0.8586017
73157,0.25067985
51806,0.9062773
84966,0.0016799633
50092,0.17219228
95524,0.15754274
124427,0.8656207
24614,0.6606832
5883,0.085912004
109286,0.037490413
116428,0.40488523
2904,0.113607794
82833,0.001663111
5349,0.6700777
1361,0.9387231
81033,0.0016607605
55642,0.42385092
32083,0.99314547
41223,0.9840215
19487,0.82783747
108402,0.61390275
6256,0.46879363
45063,0.93847245
74570,0.9764572
61685,0.8468658
45481,0.60332733
73341,0.27403983
54072,0.43483058
11430,0.5138647
76032,0.0016607605
21327,0.046089623
19868,0.08760658
106012,0.24288374
54206,0.63065875
96010,0.27800688
106707,0.52814054
100306,0.64609855
71386,0.33462724
15409,0.9543494
66193,0.32729316
23015,0.9652816
45611,0.9700788
36753,0.99354666
24160,0.96586466
95445,0.114042066
47487,0.96049213
70835,0.1857726
16319,0.13774693
67867,0.12345552
5753,0.62546164
39486,0.8888905
8493,0.66934
109011,0.043929767
60011,0.13109338
121402,0.65485215
35977,0.9941338
6153,0.16452439
1731,0.10238858
27342,0.24562567
101980,0.27614158
122522,0.5902169
82231,0.0020682202
33159,0.13911015
10864,0.15791245
8956,0.8285917
11316,0.46452633
13870,0.18605922
19244,0.8138131
86703,0.0016607605
50229,0.8708427
104057,0.52559733
75861,0.0016799633
85658,0.0048923306
62298,0.9704184
116529,0.13484702
3399,0.15426381
45711,0.5646313
49393,0.91109663
102621,0.5019253
92300,0.11306323
106369,0.48075646
19599,0.687713
46556,0.9895477
108804,0.018075991
28701,0.74489325
39806,0.9934164
84584,0.0016607605
69127,0.39671618
84083,0.001663111
18973,0.035806373
66169,0.7054014
11888,0.19770443
14158,0.97918963
54444,0.44427797
10044,0.14964144
101246,0.07829877
66518,0.25586095
106623,0.2784434
122788,0.36997467
54768,0.7984261
54403,0.9831267
52647,0.8819166
122667,0.5765749
104525,0.32738298
109495,0.01620922
53233,0.978634
63870,0.12207649
69105,0.673291
78690,0.0016799633
42475,0.95991635
120302,0.19958289
95354,0.09630653
30966,0.93015516
125118,0.54804707
120268,0.7166612
30773,0.68591934
78971,0.0016799633
77428,0.0016799633
86722,0.001663111
69401,0.62722296
46926,0.98728454
125068,0.15123299
83844,0.0016799633
115756,0.89179575
76985,0.0016799633
17974,0.990413
123364,0.60362196
95384,0.58955705
91365,0.0016607605
94791,0.16902775
120937,0.7556805
40141,0.25428057
106800,0.3850547
16498,0.12758699
73082,0.35286745
120996,0.06360686
112287,0.16234608
106283,0.9449788
98962,0.61027807
55823,0.62918484
16920,0.11938921
102525,0.5109941
90602,0.001663111
80342,0.0016607605
108351,0.58358526
41649,0.5087697
38707,0.80639035
47060,0.07337573
2831,0.09308512
66501,0.22607854
99872,0.5973288
100401,0.10756293
102150,0.37555963
27622,0.085028715
44354,0.98715925
123730,0.9231417
120640,0.7238118
44268,0.6899709
46381,0.7643938
41181,0.9841548
112848,0.17605564
18145,0.9900714
75317,0.0016607605
53920,0.68297017
91294,0.0016607605
58980,0.8924408
33239,0.39853603
19338,0.8523894
113263,0.40316704
54547,0.5124321
21433,0.96377313
11326,0.15445973
63926,0.58972365
8581,0.74602354
36694,0.56774706
111745,0.5394008
84757,0.0016607605
117056,0.7151327
93403,0.23671678
125080,0.68599546
49581,0.8401635
32565,0.9745112
1258,0.9762818
99903,0.47458184
60537,0.82710093
75303,0.0016607605
30883,0.98199344
74201,0.8172166
85668,0.0016607605
39944,0.96380246
124055,0.5707368
111951,0.4599622
16074,0.5414601
41773,0.68365306
39079,0.9938783
120109,0.6703646
24833,0.8301845
84771,0.0016607605
63509,0.9648032
113565,0.6412299
111913,0.68011117
26043,0.09921376
7408,0.41510722
99891,0.5462292
115289,0.31190398
117301,0.5493243
11685,0.72629845
85369,0.0016799633
96899,0.58162975
56898,0.9882522
57847,0.8204592
53465,0.8822879
53539,0.5021079
101330,0.068743
116507,0.7055536
61428,0.31207156
27395,0.0778831
61776,0.8608014
57466,0.51620054
41990,0.8208984
138,0.9553195
123841,0.83103395
105218,0.21999691
119583,0.13962536
118927,0.53279215
113323,0.40316704
19689,0.24196771
20216,0.76549673
87903,0.001663111
115603,0.83085585
123182,0.7322824
25190,0.98602617
85943,0.001663111
69107,0.5781569
111525,0.71475893
68412,0.42426875
38659,0.9914791
22007,0.9193497
121059,0.5873951
90707,0.001663111
7945,0.54669
86561,0.003950509
13850,0.70366246
70314,0.15089816
77068,0.001663111
88763,0.0016607605
23514,0.9646345
55198,0.4757629
73485,0.61102617
91572,0.0016607605
100376,0.44968888
76026,0.0016799633
113448,0.6824449
40163,0.96598923
22006,0.55329967
97591,0.42742723
32493,0.36713555
111522,0.5143928
70465,0.2609589
35960,0.9941338
92807,0.6980395
117633,0.4003323
103336,0.11159561
63546,0.8448263
32941,0.0593261
4846,0.80238056
123926,0.9344388
112497,0.67650783
62956,0.8776826
85506,0.0016799633
107187,0.84089637
111870,0.12614202
108912,0.03519363
22356,0.947411
59838,0.7127062
97602,0.7609506
79187,0.001663111
108450,0.14100401
56962,0.99184823
23527,0.96892494
30836,0.99274135
52811,0.6366516
72360,0.15155923
33116,0.6958494
104928,0.2760571
100650,0.20181353
39221,0.8832131
119393,0.098390065
97532,0.93213964
84387,0.0016607605
105352,0.95675635
14062,0.27126193
120114,0.19760235
40884,0.92793864
17983,0.79970485
10767,0.12229288
46155,0.98996234
39003,0.90337425
116342,0.19507296
23202,0.44338104
93868,0.06882796
30405,0.9330574
5980,0.027387027
63888,0.42352906
61293,0.32577598
100041,0.112758525
113488,0.79308367
38384,0.98936635
116734,0.84679914
13841,0.848976
99464,0.15351559
99624,0.28894272
37447,0.92590433
78530,0.0016799633
23085,0.6823648
14337,0.42258552
67285,0.64972013
28995,0.6965891
42034,0.98387396
32868,0.7151402
79393,0.001663111
20917,0.7839555
1681,0.43566537
59857,0.74250597
110868,0.08934601
32621,0.9623124
69313,0.21775457
22546,0.058680978
116059,0.8991363
67671,0.8438481
53840,0.36717442
125111,0.10129936
20546,0.8546678
5023,0.92690164
21497,0.9325356
78344,0.0016607605
111799,0.3759123
6721,0.20145693
75349,0.001663111
18730,0.9591283
106350,0.9907189
59467,0.99341077
35747,0.9903526
83745,0.0016607605
106700,0.27540776
112510,0.58715224
79767,0.0016607605
79421,0.001663111
60180,0.7848627
93237,0.86412764
9460,0.10691392
47877,0.49193954
57936,0.8423564
87593,0.0016607605
54674,0.9646761
124018,0.5364507
3576,0.118871115
44614,0.99289435
70958,0.97396505
52939,0.44843587
60676,0.90475774
53806,0.5737643
107443,0.11533459
113933,0.76765007
65711,0.13482392
4114,0.65935826
35371,0.14440131
4058,0.15546799
52428,0.5024307
11927,0.24831861
107987,0.42467502
49898,0.20161949
84390,0.0016607605
80889,0.0016799633
81796,0.0016607605
125180,0.94779944
5221,0.81591433
98560,0.12178334
64831,0.20580924
92783,0.19528168
45663,0.8055177
80276,0.0016799633
54790,0.6718493
33895,0.08276455
10715,0.10445283
54429,0.37647623
26859,0.99083006
24200,0.39264175
40348,0.99162674
94445,0.17639679
109131,0.059540443
24492,0.025129529
58356,0.8860158
30562,0.77245975
106403,0.115639016
3782,0.13794294
86254,0.0016607605
73312,0.13080236
109700,0.011387029
89100,0.0016607605
29638,0.6454256
56086,0.9910781
73326,0.13097245
65344,0.22037727
6152,0.15964496
22032,0.8237603
80902,0.0016607605
78168,0.0016607605
7469,0.61326605
265,0.1161795
45142,0.17610744
115811,0.5850177
21624,0.98092055
44970,0.9736343
106264,0.99277824
100475,0.2830988
53084,0.9552627
50402,0.5805416
7620,0.40979922
31684,0.9364716
114568,0.32757694
100425,0.3738229
55689,0.69504476
56266,0.8823651
18202,0.90313655
73022,0.98091394
71923,0.60397196
22646,0.90730715
34631,0.86063236
19300,0.8512227
52576,0.8535119
117272,0.5831106
14931,0.38644075
24936,0.8324069
51396,0.19900261
25645,0.11028883
70502,0.8254731
38525,0.39948386
72799,0.2721844
33997,0.9890569
117664,0.50747484
92497,0.2281758
10423,0.15479787
74124,0.7216809
79899,0.004626261
73724,0.27057698
94434,0.6246268
93077,0.9834448
26818,0.98718226
60692,0.6939154
57679,0.7195452
75376,0.001663111
91940,0.026529754
55966,0.7097406
21746,0.81953895
36189,0.75143296
72880,0.21991171
76751,0.0020682202
89262,0.001663111
43846,0.4634865
14010,0.9662773
86593,0.007555604
48284,0.8050996
76623,0.0016607605
109117,0.027969992
62155,0.57138187
41189,0.98820376
99783,0.15404172
109920,0.067710824
29691,0.6803768
124106,0.65318847
78804,0.0016607605
100295,0.14158185
113804,0.28240082
69833,0.3454402
111355,0.042288683
104655,0.18761523
92200,0.10904649
82600,0.0016607605
28794,0.79278344
19793,0.4454206
13405,0.6661064
90111,0.0016799633
33873,0.4385762
3199,0.14115067
70055,0.82863265
111683,0.50812835
73090,0.6775464
36115,0.6178366
124918,0.3733041
86221,0.0016607605
59215,0.986074
122051,0.6830694
43015,0.9902739
32265,0.8492532
113108,0.1907456
29321,0.74512655
102339,0.06410071
53608,0.22406016
33498,0.72183055
86900,0.0016607605
98352,0.3838035
65064,0.9492454
22684,0.5483435
69506,0.34777498
70139,0.7211688
86075,0.0016607605
83633,0.0016607605
104577,0.3200817
71753,0.12785985
17659,0.8206293
45692,0.9831377
112434,0.66666657
61637,0.089619204
82039,0.0016799633
12874,0.424888
12436,0.37554845
39879,0.99222744
57933,0.98852354
34821,0.46539015
80054,0.0016607605
41110,0.9674375
7745,0.40560618
3181,0.7155702
93115,0.76937217
12190,0.3281432
49075,0.9820087
87466,0.001663111
91973,0.040380567
121722,0.85796785
48960,0.5528091
120626,0.5926475
89842,0.0016607605
53336,0.7314979
21564,0.98715395
74393,0.31538853
95339,0.41282848
111607,0.7416415
61606,0.30401638
94555,0.3281215
100267,0.13172597
90556,0.001663111
124779,0.7868777
3096,0.23062982
52832,0.3063224
91261,0.0016607605
91873,0.015635207
94836,0.61960673
110649,0.018810077
48635,0.976258
32558,0.9725257
29229,0.73249894
81726,0.001663111
114700,0.5052424
53634,0.42712122
95811,0.11436462
5739,0.13538925
121333,0.74442995
20286,0.60514766
51446,0.8408911
58927,0.94157207
23920,0.6528929
25331,0.5110385
69128,0.68245286
31995,0.43792146
4470,0.42093027
111770,0.12688488
77202,0.0016799633
65918,0.50837094
39573,0.44202513
75439,0.001663111
123848,0.9238781
353,0.6622647
93745,0.35775453
3762,0.22236188
24457,0.13326046
40101,0.63730854
106050,0.6580416
10845,0.12876225
5430,0.39291698
2011,0.5717253
55549,0.8836387
66117,0.1787115
45261,0.66192526
82389,0.001663111
118195,0.7634043
92161,0.13538651
10109,0.603352
73480,0.589379
84588,0.0016607605
49983,0.19885005
48162,0.90819633
110606,0.12282187
33867,0.850285
66101,0.651635
29688,0.74784726
50711,0.35742024
2039,0.85457426
55061,0.16999938
66859,0.5555816
72573,0.35860154
98420,0.12585244
8078,0.18024325
68258,0.21750641
9180,0.86698705
93291,0.09324733
93110,0.6160029
70140,0.81285775
69074,0.53229207
104624,0.23342107
32556,0.9625511
124370,0.4250745
100973,0.6305441
19979,0.6201524
123190,0.90495825
110928,0.39594015
108989,0.03387334
121987,0.86404085
78679,0.0016607605
98769,0.42967093
75375,0.001663111
83581,0.0016607605
17226,0.12579092
5620,0.959895
60808,0.86492115
3668,0.0941192
99513,0.5646695
46651,0.9885766
122617,0.8260646
122508,0.44017163
108676,0.6731487
73314,0.15226772
38631,0.988955
51674,0.54261965
117971,0.111925445
116511,0.22867563
89143,0.0016607605
49487,0.13178062
81016,0.001663111
67043,0.15760647
111657,0.21197934
117006,0.45824054
99165,0.6622734
27675,0.3331219
27514,0.45874995
88486,0.0020474808
56852,0.16473114
58445,0.57137954
79737,0.001663111
16153,0.50340706
53186,0.56474644
23820,0.8357395
119003,0.39098996
48372,0.9442571
8336,0.19613282
59866,0.76224816
55235,0.72771364
103685,0.12568946
39050,0.9906432
4039,0.3878706
55020,0.2653034
46449,0.6439323
9591,0.5208827
113397,0.76495737
61165,0.8804197
41138,0.9945661
112675,0.14493336
85776,0.0016607605
90165,0.0016607605
13038,0.44095847
41320,0.9543182
78044,0.0016799633
4685,0.70864516
78317,0.001663111
36811,0.94929546
2800,0.06886122
107558,0.9437185
83894,0.001663111
34354,0.10946232
70267,0.2439107
95501,0.11655957
97955,0.78268164
104194,0.16461027
40130,0.105035864
85633,0.001663111
23732,0.97907686
124610,0.9263808
92265,0.27623403
22342,0.85281193
99046,0.58358526
49532,0.60749006
122015,0.93263346
91688,0.001663111
32450,0.9602771
118065,0.18559217
59115,0.7857937
52970,0.7924045
25016,0.6668457
44252,0.9671459
11219,0.911008
101244,0.06155382
26490,0.15464361
13816,0.49988273
39960,0.4068156
7861,0.39922184
33284,0.47177082
115228,0.7852785
38586,0.9751794
105158,0.9692768
26135,0.8949485
102137,0.36199516
25191,0.9851264
106420,0.56570405
30453,0.9853233
31367,0.9820582
103980,0.51386666
104088,0.29127407
14185,0.790502
42996,0.6394267
44544,0.88440126
110862,0.02126726
42421,0.9572141
89497,0.0016607605
125088,0.4005379
21832,0.5639147
51981,0.22644123
97176,0.078437515
35029,0.80071247
31469,0.16561075
75941,0.0016607605
28097,0.41422924
80048,0.0016607605
99050,0.42550716
101201,0.50552523
21574,0.9817245
120438,0.516833
46552,0.9885766
102546,0.15510069
106891,0.9834246
58956,0.86473346
68176,0.21099904
15511,0.6308058
113262,0.40316704
96453,0.15514454
99619,0.66364443
111024,0.071200676
69383,0.5216901
111532,0.4358852
69670,0.9815633
41345,0.9892737
16942,0.16319878
2448,0.2849787
50295,0.6388944
79218,0.0016607605
48523,0.964465
60725,0.8409904
61551,0.4876938
78268,0.0016607605
84872,0.0016607605
102092,0.15095274
1202,0.96458966
26190,0.7311081
54259,0.5963981
115422,0.13009861
93443,0.1498316
11861,0.51805806
41567,0.98134685
102007,0.4075331
26234,0.74137646
43983,0.99162674
41327,0.97709185
10138,0.31585565
51675,0.32950556
27495,0.35753328
86149,0.001663111
25835,0.04803192
61884,0.70567673
77490,0.0016607605
18182,0.9900714
94634,0.37664098
119172,0.36571845
117800,0.6281831
40674,0.9909298
55207,0.7292669
64705,0.56978786
50344,0.15191521
62288,0.93929523
33814,0.6567619
77904,0.0016799633
85452,0.0016607605
108975,0.06935567
83992,0.0016607605
30436,0.967872
11039,0.029570607
120144,0.79392594
114690,0.123811774
25857,0.33465827
28702,0.73494107
24006,0.1263533
68498,0.2129199
44878,0.9762407
78623,0.001663111
75506,0.0016799633
52646,0.7664615
28096,0.65986764
45909,0.92649764
124547,0.5762592
18147,0.9885604
40751,0.16180362
112895,0.80573726
77340,0.0016799633
59514,0.916459
77979,0.0016607605
85853,0.001663111
89981,0.001663111
10223,0.31597993
22748,0.8883538
35091,0.86041874
30779,0.9375461
24872,0.7877623
40505,0.9942935
66,0.4091746
99144,0.62375706
111942,0.6491713
48599,0.89599526
43447,0.8529543
52009,0.7715938
86542,0.0016607605
58817,0.8646683
92652,0.20469102
65639,0.758718
106040,0.3731485
36278,0.58573127
6677,0.09937735
91248,0.0016607605
35128,0.98848224
81122,0.0016607605
38278,0.9675533
41525,0.96871895
38155,0.96345854
43136,0.80582803
61666,0.52231646
9769,0.6812835
106649,0.72102404
69854,0.16496736
123424,0.9495279
120712,0.15653405
22966,0.59343356
74534,0.80379355
9691,0.66881925
93339,0.29889703
117072,0.16601615
22036,0.8047892
92686,0.6763964
35986,0.8767969
103448,0.5420056
68513,0.24617933
89109,0.001663111
108079,0.68050444
68388,0.21313348
71156,0.26510835
89847,0.0016607605
6780,0.74089783
99861,0.18075985
2515,0.48474157
116283,0.47135592
4762,0.18379843
79388,0.0016607605
13688,0.3977553
1931,0.83189887
4083,0.95028913
59478,0.92046803
22108,0.95258754
67971,0.22726385
39131,0.99279433
99643,0.622153
121042,0.47411352
87706,0.0016607605
46254,0.9449477
106338,0.9914513
73571,0.64500266
125040,0.1785249
49368,0.11954476
29491,0.48286673
111144,0.5298737
45022,0.8946753
8351,0.45838958
22485,0.8072901
52680,0.5540865
20640,0.856816
89941,0.0016607605
67777,0.17467722
1855,0.78870416
24037,0.5119384
49232,0.92916596
114375,0.23618118
76819,0.0016799633
48641,0.8250743
26547,0.7404294
104158,0.17095715
454,0.32927245
58308,0.64439243
1501,0.9746242
88695,0.001663111
94916,0.2702531
82196,0.0016607605
58327,0.9812356
101161,0.36623085
79495,0.0016799633
6054,0.20007138
2233,0.9503857
40444,0.94721127
119133,0.5322822
98927,0.07592361
92837,0.22202612
66639,0.054834023
65337,0.50707746
118800,0.568306
95346,0.14319369
119381,0.6142973
110805,0.031118022
44393,0.8522758
37276,0.857858
40496,0.99222046
77795,0.0016607605
60378,0.9122544
86011,0.0016607605
70551,0.5427297
15739,0.021531293
37362,0.88754034
75240,0.001663111
43438,0.54804456
83154,0.0016607605
74364,0.14797412
95442,0.09352311
113984,0.09614137
4297,0.96668386
37915,0.80825055
116212,0.84315807
103291,0.61088884
33119,0.8165094
6403,0.6311437
115698,0.12444724
37081,0.86707693
33975,0.96829593
44752,0.66921157
80158,0.0016799633
66537,0.19684172
4863,0.6894441
1899,0.9661388
41593,0.11086814
85456,0.001663111
99953,0.5766121
69797,0.27961883
97493,0.6900046
36657,0.9898432
8588,0.7718135
113929,0.43975583
109730,0.031082518
9143,0.3900229
62473,0.8797531
110322,0.09743238
4893,0.9718678
124596,0.94761264
3180,0.13659132
8823,0.57996273
28215,0.1272103
6482,0.22197933
121179,0.30911905
53871,0.25514808
47604,0.65317106
85958,0.0016607605
37071,0.9881562
29941,0.019772207
100927,0.6622878
88838,0.0016607605
38636,0.9933609
25207,0.724236
5021,0.8867449
102646,0.7399115
108145,0.92495763
99821,0.17907257
69049,0.7049973
30324,0.9281905
48066,0.4582211
2986,0.6334465
122580,0.9022217
19926,0.6829701
95201,0.17244327
74274,0.47523293
102739,0.6088118
9434,0.36099517
72844,0.6812236
2779,0.106640816
79336,0.001663111
32288,0.8139184
5447,0.16573113
59527,0.9705796
115601,0.8200446
12936,0.4341313
123827,0.20542723
27274,0.13612801
103671,0.6861597
29640,0.16477086
28999,0.61745167
52145,0.5024307
82111,0.001663111
95854,0.43039584
72831,0.6229953
110207,0.13197747
71380,0.31341136
113609,0.06305915
59445,0.9803239
41885,0.048196528
81412,0.001663111
111805,0.59799105
83592,0.0016799633
51236,0.18608353
14712,0.97894627
93113,0.57234836
57602,0.89644754
47907,0.7805722
34119,0.9324448
29020,0.11569077
43605,0.9537024
118941,0.81414586
55560,0.9545629
34540,0.87634873
33237,0.5934929
121768,0.6865268
33024,0.021633612
88223,0.0016607605
116956,0.8060459
38359,0.47099417
38122,0.7041882
17028,0.2092845
109676,0.016607618
61299,0.56807977
63,0.33218575
67038,0.30465728
34258,0.12685996
101968,0.23093562
4256,0.68266886
92328,0.10196787
54,0.24543893
38850,0.99184024
59306,0.8277631
36725,0.99354666
103999,0.14186095
106342,0.9929998
79958,0.0016799633
23758,0.98468393
120719,0.43713096
61425,0.94332606
61788,0.59327495
87765,0.0016607605
43401,0.9881384
45791,0.8907129
60494,0.8335667
68364,0.19665167
102551,0.12259718
27041,0.14724888
6440,0.50624484
75933,0.0020682202
14649,0.9652012
98818,0.14834872
77199,0.0016607605
81884,0.0016607605
25157,0.97312886
1093,0.84594816
75137,0.001663111
116917,0.1128604
106766,0.9577187
67431,0.23961772
8785,0.5132773
99684,0.4471057
30716,0.9935992
53875,0.4470854
53422,0.8587058
65097,0.78870255
116909,0.11508907
80943,0.001663111
16974,0.8295987
71807,0.30875844
78141,0.001663111
88048,0.001663111
36184,0.5823477
13041,0.7831806
122793,0.49041548
61590,0.60998607
90124,0.001663111
39237,0.7226902
4195,0.1084722
105770,0.14029527
112845,0.2634443
84084,0.001663111
437,0.49395323
75100,0.0016799633
123866,0.35742024
31930,0.45208925
66510,0.35733926
122997,0.7904479
54949,0.93214494
14399,0.9540124
61719,0.6756744
43809,0.38981608
69022,0.7894684
72712,0.18887314
73693,0.644576
39900,0.99415684
40529,0.991462
91446,0.0016607605
39786,0.7868838
11144,0.34568107
65980,0.2158225
88963,0.001663111
93796,0.32557678
79472,0.0016607605
94148,0.9697122
90645,0.0016607605
35491,0.9643583
7114,0.48804358
55784,0.9247143
83994,0.001663111
41468,0.9908007
10511,0.29077303
7928,0.5727593
112625,0.7860233
105100,0.12748303
18216,0.8353899
63157,0.796942
118175,0.18710385
54696,0.5152389
64330,0.20320687
35578,0.9873533
28282,0.42877772
122571,0.17920808
115222,0.7539305
123078,0.95532507
27465,0.21359435
99832,0.26891717
88686,0.0016799633
22917,0.9373827
57788,0.5625044
36206,0.8571118
70163,0.634869
13626,0.67021686
51487,0.23866275
35694,0.9584917
51925,0.8567864
31705,0.6618193
76028,0.0016607605
46281,0.978458
51237,0.37075138
64912,0.5889762
116581,0.74096495
113532,0.7179907
42878,0.87981004
84427,0.0016607605
84798,0.0016607605
70326,0.14166845
1975,0.7999903
86338,0.0016607605
59548,0.9927527
27128,0.7101475
84854,0.001663111
107557,0.95595473
20007,0.9587501
117248,0.1722565
54181,0.15122202
72526,0.15694419
18102,0.9878149
113817,0.2931541
69381,0.45175278
7230,0.06528358
14339,0.16926973
5678,0.22722512
93911,0.15765393
21724,0.91510624
79296,0.0016607605
80311,0.0016607605
49141,0.118213385
19452,0.56838053
40165,0.96116734
123732,0.3471479
91217,0.001663111
32418,0.9936753
5113,0.92196286
88999,0.0016799633
6471,0.60196
122845,0.89846516
51663,0.4705772
6665,0.34353858
17864,0.52863735
95885,0.6877472
80161,0.001663111
82683,0.001663111
9800,0.50630283
93424,0.39461565
78812,0.001663111
10685,0.11659252
63347,0.9849688
25750,0.6689661
38068,0.9910828
70362,0.8464553
66756,0.26680672
14994,0.19061732
81794,0.0016607605
2592,0.11326136
97747,0.7110194
7616,0.4046625
78348,0.0016607605
58951,0.8535437
48949,0.42180818
97687,0.37890542
121727,0.6361383
39575,0.9246393
31131,0.45227835
47367,0.98207515
22681,0.7979518
41330,0.40017837
41934,0.98356426
41275,0.9398941
56989,0.97675323
110533,0.07577649
27935,0.18242402
123799,0.174223
82571,0.0016607605
1515,0.98028517
43826,0.6239986
101546,0.3472149
105275,0.38651067
68309,0.54038996
51558,0.16301732
44058,0.9653738
113351,0.39845228
76220,0.0016799633
87826,0.0016799633
85430,0.0016607605
95968,0.07697215
69120,0.17736906
7128,0.46346587
112379,0.12683348
111215,0.12187316
95906,0.53156364
37381,0.9854242
96957,0.6135833
1699,0.8903774
76774,0.0016607605
23691,0.98407954
59117,0.7766244
74901,0.42203486
3003,0.67000693
45957,0.97177345
73451,0.25028637
79428,0.001663111
12846,0.5179998
24358,0.6002835
328,0.8337277
36717,0.9908998
26975,0.7345566
107428,0.4610938
9475,0.31894577
103783,0.382083
20471,0.79379374
19359,0.22340858
3470,0.16405997
121457,0.5808412
101654,0.9049232
20674,0.9091495
121793,0.44825757
111528,0.5124996
107324,0.97864556
103952,0.15963
47788,0.97381544
45137,0.18640661
85101,0.0016799633
8729,0.5212576
92599,0.10989284
104429,0.3146471
25115,0.9851264
44113,0.96729606
96250,0.102971874
95080,0.78864634
35741,0.98481816
29078,0.44086602
74844,0.81762695
25223,0.78174394
15906,0.112556
118946,0.7733467
68734,0.0960127
47418,0.14179331
22391,0.8820886
115752,0.39554507
82882,0.0016607605
35678,0.9943205
21204,0.058680978
75195,0.001663111
116291,0.20901875
42044,0.9830976
5611,0.9230799
57242,0.62910867
75919,0.0016799633
61983,0.7444946
49248,0.5574758
122914,0.46759522
87038,0.0016607605
43166,0.5066713
65154,0.19224496
40464,0.99100846
27119,0.4039273
57738,0.8006542
38718,0.7963833
81732,0.001663111
22120,0.9628888
111013,0.30779853
123869,0.35742024
9853,0.7999853
51997,0.40335062
100224,0.6157452
64131,0.67885625
19399,0.3025858
103457,0.15575482
52742,0.7942529
119638,0.6616286
34687,0.9067198
52483,0.54557836
106272,0.70259947
76439,0.001663111
83699,0.001663111
52302,0.5427866
92570,0.6563779
90722,0.0016607605
59181,0.7915561
46318,0.9623123
32264,0.810369
92487,0.7905569
57813,0.80908656
60464,0.28551492
1750,0.28877392
9887,0.31126165
120874,0.55816174
92558,0.52132183
36615,0.9866348
31443,0.6014445
65835,0.25330412
8324,0.30544987
71337,0.6032506
42831,0.103915654
24408,0.36881045
69039,0.5976653
78657,0.0016799633
99219,0.13551739
50803,0.5910667
97188,0.186388
69435,0.21194571
7210,0.11873464
47796,0.5107919
7916,0.38709077
99256,0.50731975
110716,0.25670528
99528,0.8046088
11184,0.08353146
7586,0.56292516
22372,0.8245127
75666,0.0016799633
92465,0.38093314
67405,0.43666223
62823,0.6568782
65488,0.14408873
49798,0.943294
21621,0.980041
58124,0.77645916
113805,0.9268363
22886,0.6827538
84905,0.0016799633
102407,0.44785443
28162,0.10054531
53299,0.7919822
12769,0.11101658
70956,0.9766184
7674,0.67791235
25363,0.9378878
104538,0.7358575
86418,0.001663111
106404,0.1569454
43524,0.98537874
50737,0.14025892
28552,0.13217962
8147,0.3076616
54591,0.79835284
88677,0.0016607605
33542,0.113568485
87449,0.0016607605
122316,0.7641533
73637,0.1363404
61897,0.6408054
104318,0.26070565
43455,0.9172497
82772,0.001663111
21101,0.13517807
1302,0.2239369
42207,0.9918646
111580,0.22237256
57488,0.8563166
829,0.83780974
45885,0.74315685
9155,0.10481158
21824,0.19965495
93940,0.68965435
55136,0.5513428
36181,0.7038466
15301,0.09034696
104565,0.2825841
38352,0.96907985
112183,0.6127966
83123,0.0016607605
27590,0.1648355
17269,0.22584836
27705,0.47298616
69269,0.25016958
40342,0.99467224
63511,0.9772085
110557,0.022902353
36750,0.47283065
8916,0.43568322
47340,0.94911706
37174,0.6156451
61645,0.7110271
24752,0.98213917
19809,0.69833136
10643,0.15157595
32988,0.025415756
26440,0.4989068
58936,0.9614275
125078,0.68599546
116278,0.7375407
92230,0.13204563
83998,0.0016607605
37939,0.9790284
85675,0.001663111
26507,0.45417133
68522,0.1945163
20898,0.16477758
59023,0.8868035
84742,0.0020445883
105914,0.45006853
119811,0.5712115
111633,0.40135258
102996,0.22934617
82932,0.001663111
77978,0.0016607605
54306,0.7895267
12668,0.49912813
90422,0.001663111
558,0.18801446
121434,0.9136174
113344,0.45518884
50894,0.14939132
124015,0.2488759
7890,0.080558784
106325,0.99158186
52203,0.6639319
72943,0.7096407
60556,0.8532335
37446,0.97056466
48637,0.97939974
2566,0.23211798
48244,0.9876556
80268,0.001663111
39597,0.9815216
39436,0.8467279
31578,0.9908675
29992,0.016310234
41262,0.98282987
105479,0.5256597
86672,0.001663111
80471,0.0016607605
86012,0.0016607605
48697,0.5848591
92114,0.4977938
1959,0.16514733
69741,0.87284184
69647,0.9683985
68265,0.22464935
98215,0.38364634
86580,0.0016607605
7774,0.46004462
124838,0.9541375
71543,0.11722534
79275,0.001663111
117761,0.10795948
94890,0.21977745
94811,0.22091557
68421,0.14623152
77141,0.0016799633
4592,0.9215792
76904,0.001663111
6246,0.91292924
8627,0.6774344
20615,0.85947216
91283,0.0020445883
119231,0.51630384
121774,0.5361358
65303,0.9132628
4681,0.70864516
101508,0.5148721
124832,0.9199725
49097,0.8158225
118816,0.6175593
7834,0.5898776
70491,0.499327
66380,0.22385979
15262,0.08293059
87214,0.0016607605
6435,0.37235636
89551,0.0016607605
39725,0.8062467
44621,0.99223995
26254,0.5853791
110025,0.043147806
43730,0.32093886
13944,0.4052914
52777,0.77584624
37714,0.8669343
29914,0.030895036
112095,0.20640953
92869,0.27983624
4187,0.1257273
45668,0.924553
65524,0.5380041
51494,0.8097609
118213,0.09018658
38263,0.20207089
99409,0.364712
102951,0.34065136
4144,0.13756903
12997,0.119782455
69950,0.16424344
100740,0.085548736
22760,0.79030806
98553,0.16260166
106021,0.21891882
68453,0.48614427
7773,0.71930534
14374,0.82758754
80023,0.0016799633
103446,0.14803101
119178,0.42437154
23532,0.9728081
66775,0.16011456
61232,0.7932137
106484,0.22732566
75811,0.0016607605
48185,0.9727022
67616,0.33021834
47053,0.5488959
26024,0.47738048
83435,0.0016607605
12083,0.122508585
22090,0.89733934
44887,0.9886956
28359,0.13656946
52890,0.17475723
1790,0.7748606
89744,0.0016607605
106706,0.21138787
5957,0.0790579
50656,0.18757467
38000,0.9627405
90751,0.0016799633
116699,0.19381246
73969,0.647484
58352,0.9809671
119232,0.44733766
115686,0.7897797
17541,0.10557191
50203,0.1271546
45212,0.07444426
43671,0.6583281
68999,0.024546573
6084,0.88134146
24179,0.961643
76977,0.0020682202
63473,0.58270484
65248,0.107104294
77953,0.001663111
112213,0.44627625
59102,0.7914788
53742,0.5250556
64566,0.35143337
39275,0.9912348
88789,0.001663111
65472,0.2811852
254,0.06518854
121562,0.9728425
8088,0.6321923
78615,0.001663111
10880,0.70094305
10433,0.17502914
116414,0.6070587
99032,0.22206889
4975,0.9567404
11754,0.41627517
89112,0.001663111
79154,0.0016607605
82240,0.007555604
3354,0.16615967
46895,0.97521883
11702,0.8068059
39839,0.8553851
115549,0.4188636
46802,0.48108223
79814,0.001663111
40530,0.99420846
104969,0.299388
16134,0.24197826
58757,0.73776317
6687,0.71825564
53020,0.80152273
68601,0.20362483
76679,0.0016607605
47518,0.8436635
32032,0.9765543
97415,0.41690868
41161,0.9704015
50004,0.6421551
39553,0.96192586
15015,0.11482514
68975,0.020832397
43074,0.09540502
31137,0.6397566
17319,0.84144074
9201,0.85797334
109071,0.037010435
57373,0.88441813
96393,0.19340171
118716,0.7140337
55954,0.9556162
51887,0.22918507
84157,0.001663111
94361,0.51468736
94344,0.4058229
72,0.7537241
98434,0.64191866
11403,0.8480453
45832,0.9687155
115039,0.844161
7634,0.57583195
12969,0.15474875
108882,0.04495121
100600,0.55914646
110737,0.056848332
39791,0.8337989
87563,0.0016607605
28864,0.7521011
10599,0.71023786
25437,0.97963136
58103,0.73783624
99792,0.20481113
105308,0.25558347
87319,0.001663111
122919,0.55586696
97731,0.73570675
18115,0.97161824
83404,0.0016607605
92375,0.5291225
110071,0.035734456
95644,0.516553
59550,0.9927527
57418,0.21939619
91806,0.011590848
111785,0.71669555
57413,0.5478469
32633,0.9844491
37055,0.9922633
24051,0.13533668
49998,0.17647626
24869,0.121183515
99864,0.5897679
112750,0.08828528
41591,0.16514042
18096,0.9805397
22348,0.91708153
54913,0.82184315
22205,0.88804084
33869,0.6880477
27630,0.1584534
92018,0.021410905
115717,0.7225442
57307,0.16342112
72913,0.170467
119164,0.9154369
67601,0.19689976
31551,0.986078
113292,0.34195447
30171,0.05139482
51511,0.6218137
123082,0.9744762
64176,0.101688676
33823,0.420396
32614,0.8852795
17677,0.16546984
26114,0.14522195
64484,0.9949033
30669,0.9879885
45400,0.94339746
58478,0.8859368
96434,0.38482225
56194,0.703561
80561,0.0016607605
52998,0.8601098
26508,0.17737819
33224,0.43972388
115045,0.20254636
67554,0.35428426
1594,0.7904472
90569,0.0016607605
123099,0.7400699
8698,0.678447
117365,0.7468592
6467,0.19551836
58230,0.97314656
40300,0.986766
83422,0.0016607605
77566,0.0016607605
68674,0.444455
14518,0.97129613
43237,0.80540013
63390,0.8764714
22040,0.8102865
88567,0.0016799633
83338,0.0016607605
71185,0.2551699
109778,0.03581647
10904,0.57021445
63293,0.79800993
16073,0.55439
77,0.79544187
18212,0.94492334
2128,0.22261047
63661,0.96759576
51835,0.9329885
54516,0.14478286
5390,0.52952135
115081,0.75918454
97744,0.40064403
96247,0.25596967
14496,0.9774049
66435,0.30246443
79081,0.0020445883
78185,0.0020445883
20523,0.11389813
30075,0.05520733
20399,0.7937909
37953,0.9752892
62800,0.24046274
43008,0.98628646
5608,0.7677335
46417,0.9834109
111675,0.6935099
70023,0.4745537
88524,0.0020445883
28711,0.59426755
64237,0.6283086
88758,0.0016607605
55553,0.93682414
45171,0.15375932
26745,0.74986476
77228,0.0016607605
25063,0.965684
76199,0.0016607605
30032,0.7927254
29072,0.4976304
20412,0.92457646
98362,0.23765792
108625,0.20340686
83107,0.0016607605
59231,0.98529285
91737,0.03467754
21967,0.123849265
86750,0.0016607605
75657,0.0016607605
92766,0.58987737
64092,0.14505209
125175,0.8657643
4940,0.9929924
16218,0.5398434
100467,0.15367933
34058,0.0728275
117354,0.52210337
78595,0.0016799633
29535,0.45274794
44215,0.51238334
47184,0.6633101
35020,0.991319
62160,0.9919242
7096,0.62079376
49399,0.12657899
79505,0.0016607605
106871,0.9314631
37593,0.7452707
63088,0.8723868
77935,0.001663111
32632,0.9887961
82398,0.001663111
40116,0.3436202
77710,0.0016607605
72375,0.7526372
42988,0.9938083
102032,0.4166822
18637,0.7303877
112283,0.23508859
44319,0.93737227
67624,0.3448033
44123,0.7960121
40255,0.9705394
40830,0.63785535
107102,0.82499695
74708,0.19512482
107422,0.17167273
82351,0.0016607605
8114,0.5480836
119910,0.16754122
19566,0.9534933
73913,0.304448
36439,0.8323235
40431,0.7858817
71730,0.2623858
107795,0.24214241
79831,0.0016607605
60564,0.73886645
57753,0.8387848
61246,0.7195106
125166,0.5972009
87569,0.0020445883
50124,0.8353665
102463,0.9097979
113169,0.85345453
124881,0.9796783
91929,0.040612206
22845,0.43413737
41053,0.9670925
26399,0.104121774
26540,0.14018682
31192,0.97314996
76075,0.0016607605
104924,0.55357033
11205,0.46000552
101210,0.40667063
89608,0.0016607605
5357,0.68266886
38794,0.50546664
80216,0.0016799633
84785,0.0016607605
99808,0.5168769
193,0.6909525
95624,0.67707115
82075,0.001663111
4413,0.7484014
116174,0.92946404
115702,0.41376215
84900,0.0016607605
27299,0.16443513
56665,0.9645734
109306,0.02253992
81886,0.0016799633
40873,0.804325
120390,0.12075055
34918,0.49672556
76529,0.0016799633
105629,0.72331256
29676,0.79874516
95074,0.5885795
85992,0.001663111
103229,0.34652987
89288,0.001663111
115724,0.204022
56920,0.9742633
108352,0.66404796
91230,0.0016607605
78705,0.0016607605
65152,0.56464595
23725,0.98233205
61321,0.09667985
86794,0.001663111
74506,0.06982933
18279,0.98779154
9449,0.42819238
103130,0.65161645
87974,0.0016607605
58506,0.78911114
30264,0.5329311
123165,0.84896433
45669,0.942565
14617,0.9736834
55669,0.85776913
70975,0.04042599
120902,0.5427866
82944,0.001663111
47132,0.92695755
81935,0.001663111
25783,0.08824288
116133,0.1162413
121882,0.4698618
54910,0.5793753
31249,0.97846895
47679,0.47702712
30846,0.79969525
41557,0.5670778
116438,0.8598467
39374,0.9806974
105072,0.62739503
59212,0.98131335
15931,0.9390594
61287,0.9879881
90837,0.0016607605
37803,0.9898127
87121,0.0016607605
109642,0.030161958
75380,0.001663111
106406,0.15963738
58243,0.9841815
65143,0.4818321
72891,0.56997865
12627,0.8197774
29184,0.15546799
29807,0.44179076
73525,0.1390825
49386,0.81310636
94547,0.36421517
17372,0.115353525
64691,0.3574522
79794,0.001663111
38713,0.73812
94917,0.42142722
4812,0.59732103
61128,0.9910199
24074,0.025792614
22827,0.4845229
80800,0.0016799633
104492,0.24951719
83683,0.0016799633
81956,0.0016607605
101176,0.3970308
63918,0.91612214
102840,0.11781335
30699,0.9950322
14985,0.30944625
78068,0.0016799633
78578,0.0016607605
119729,0.20368114
78695,0.001663111
3297,0.6887249
42190,0.9827513
50283,0.19712621
110232,0.047761295
117589,0.18939464
9720,0.09226708
79834,0.001663111
24820,0.79534113
40526,0.9898616
29494,0.7520469
119572,0.6668282
81481,0.0016607605
107013,0.9404811
28010,0.42638418
2549,0.3585875
96934,0.9497415
104905,0.17488435
97783,0.6739152
32416,0.9936753
70650,0.16050333
12613,0.40768778
54774,0.5675352
38139,0.8741077
5314,0.98232335
4854,0.60120547
1358,0.96552604
85097,0.0016607605
108117,0.10104937
13946,0.07555647
32535,0.42530358
93174,0.38398963
97441,0.9434633
110723,0.08473048
36130,0.7209814
55917,0.6075008
55905,0.79113996
69781,0.96618485
47243,0.83475006
91778,0.084625654
85435,0.001663111
26495,0.4606135
55571,0.5174127
91852,0.05614591
107886,0.22657754
105461,0.24144086
24313,0.9589987
100104,0.3402945
65631,0.76742995
74193,0.1822829
100710,0.47249562
116876,0.70578414
79142,0.0016607605
96186,0.17269298
14292,0.16089302
18955,0.038537383
11692,0.52867246
39055,0.9938526
29247,0.64729375
16577,0.7286445
48296,0.8025539
4988,0.8238996
113988,0.10152182
2795,0.05814832
42965,0.990162
15753,0.03680722
64436,0.99161243
94991,0.73985946
34027,0.19314988
17576,0.30277696
51737,0.5024307
4397,0.7664592
27789,0.13026877
16075,0.5101323
78108,0.0016607605
39454,0.80962694
19401,0.24793842
16756,0.5203359
7422,0.59869725
15734,0.023603449
114027,0.26397818
79644,0.0016607605
117912,0.19147371
75676,0.0016607605
89066,0.0016799633
53360,0.8377696
2588,0.15806873
119612,0.42831108
4733,0.6637944
55855,0.971179
102109,0.15938269
49838,0.7252989
39937,0.9353615
18360,0.025129529
74053,0.30944395
124181,0.84235275
70034,0.49724296
113676,0.81360614
85766,0.001663111
107213,0.9934534
58444,0.7119561
45028,0.8002575
44009,0.76896554
6037,0.6375111
63656,0.9381774
51546,0.0790637
72758,0.3152054
8771,0.6891312
115038,0.3838421
30314,0.9382186
86040,0.0016607605
7882,0.074039
30323,0.84695905
51342,0.21471481
32627,0.9824781
74652,0.27200022
22393,0.9350196
84503,0.001663111
16235,0.6612793
49346,0.2930106
102609,0.34369534
88770,0.0016607605
76444,0.0016607605
57915,0.90993124
118789,0.72693616
103417,0.65150625
112284,0.6395628
24629,0.6468681
12488,0.13443452
66814,0.23785375
77181,0.0016799633
83520,0.0016607605
17286,0.6723051
11606,0.7885367
94880,0.08874092
20326,0.858016
21713,0.7510524
28255,0.27133203
49612,0.78891635
92555,0.67413485
68609,0.80708784
24510,0.019997241
86118,0.0016607605
108002,0.14334437
24150,0.44249108
73554,0.1840443
125036,0.19474165
102735,0.113013335
42323,0.71805364
74857,0.4833964
39083,0.9931645
50519,0.72018385
22113,0.95285904
66131,0.5467007
108388,0.20258956
31478,0.5398353
3379,0.20011932
2093,0.1915765
50681,0.23852116
107068,0.95420456
7481,0.5073289
115233,0.75517446
952,0.5354987
34939,0.9883758
118534,0.49705592
10874,0.08661145
25618,0.08641158
91006,0.001663111
89304,0.0016607605
112226,0.36112404
94787,0.17629778
120722,0.39128992
5934,0.11105866
95497,0.17490783
43503,0.9282026
45019,0.31439555
64726,0.84623975
20937,0.7088389
101096,0.15303533
17122,0.36961892
16081,0.15251957
307,0.16803181
32244,0.50352573
73436,0.7344777
7534,0.14457826
102983,0.070840396
91346,0.003950509
106339,0.9919653
3229,0.60414666
81852,0.0016607605
80997,0.0016607605
78828,0.0016799633
25694,0.7287923
117423,0.73642457
55270,0.5757493
98366,0.14354591
112936,0.17287861
15228,0.56248957
90162,0.0016607605
122760,0.46227568
14958,0.2931717
96505,0.19046353
117706,0.38681358
33917,0.9608145
4912,0.98787653
9110,0.5652881
7528,0.1849968
31853,0.9125973
75211,0.0016607605
111551,0.074501194
108628,0.36494613
67488,0.50533265
98724,0.11247106
45849,0.92649764
99571,0.6390207
122090,0.18335609
57636,0.6106614
23596,0.91739994
80963,0.0016607605
83071,0.0016607605
55665,0.46609676
102633,0.91978115
60165,0.8572421
23504,0.84389687
42077,0.21356258
93147,0.981149
38130,0.52985096
65941,0.17295554
107605,0.48196524
117435,0.2529678
50243,0.8954921
54055,0.5406425
9892,0.1021895
33418,0.5992732
78951,0.0016607605
44362,0.79883546
8794,0.32245958
31962,0.22929166
8313,0.40602797
33355,0.57561266
62361,0.8816058
3247,0.9358918
54343,0.6156342
16716,0.7908301
77120,0.0016607605
104245,0.6498355
106956,0.97485864
33762,0.07891948
38059,0.99246114
120131,0.14730377
47893,0.9136256
37617,0.8490202
2640,0.11346711
83902,0.001663111
23100,0.65055424
1425,0.7647512
24360,0.7671983
3008,0.6327282
43825,0.14300351
6499,0.16000478
62791,0.4805152
109438,0.017616756
97458,0.97731394
73607,0.1618347
115878,0.73555595
98287,0.9407938
99267,0.21747352
4316,0.52170974
88109,0.0016607605
75899,0.0016607605
124798,0.5462194
34825,0.91912115
122597,0.83890486
12669,0.5549044
20314,0.82561374
123475,0.93735904
90950,0.001663111
43416,0.74547005
12127,0.522303
118499,0.17950322
40288,0.98399055
25422,0.9795033
108771,0.03816499
48827,0.9799167
15076,0.6256743
97695,0.13872181
62541,0.97715604
62390,0.64674574
1211,0.69250214
22059,0.81968445
65939,0.36984643
30143,0.019772207
33868,0.49665758
30393,0.66394746
28558,0.5772395
66479,0.90716577
67164,0.8920995
83596,0.0016607605
82618,0.001663111
104930,0.1851623
30766,0.9950322
85047,0.001663111
14115,0.95936334
46465,0.6560266
2493,0.46015802
4796,0.21341687
39174,0.8902581
11419,0.6243226
124922,0.20642869
93037,0.94905734
120472,0.21230331
63081,0.8910447
97557,0.2066117
97703,0.12568873
54104,0.9003565
111637,0.57152
667,0.9848625
79110,0.0016607605
86361,0.0016607605
102071,0.66745716
61283,0.9875328
14143,0.9676989
58994,0.8758272
35289,0.97846895
91423,0.0016607605
65259,0.08133941
31836,0.97427285
40632,0.925304
55884,0.6628922
80552,0.001663111
116132,0.19514927
30788,0.9827549
34136,0.16659231
124718,0.7045397
91928,0.03373559
70182,0.37830222
87952,0.001663111
73180,0.15270293
96987,0.72229147
35953,0.9883586
21557,0.98269236
33929,0.72182757
11853,0.05736256
58911,0.5752432
94713,0.10903069
68356,0.7511128
53071,0.91103816
12287,0.16739528
34025,0.41639307
33749,0.77624685
74898,0.23881614
79742,0.001663111
28411,0.22624534
112766,0.12895326
43360,0.9866063
4425,0.7519717
60141,0.9368703
45055,0.7714977
117206,0.13360268
40152,0.47660118
38969,0.98690885
54642,0.5152389
32967,0.035784908
11814,0.530924
85581,0.0016799633
8994,0.088998295
70422,0.636112
27785,0.11968107
4335,0.9882626
54021,0.50203174
7943,0.87041813
80227,0.0016799633
95027,0.35241205
29174,0.37656564
76437,0.0016799633
31220,0.993475
14495,0.9761486
38975,0.99314547
62225,0.852349
66571,0.14412656
91273,0.0016607605
58620,0.98808426
23095,0.4958577
117276,0.16559242
25603,0.1376884
17640,0.69430405
105025,0.5303905
13441,0.1781703
26017,0.7793579
1785,0.8171762
16986,0.8253215
84111,0.001663111
113999,0.04976806
104703,0.40898284
85557,0.0016799633
73246,0.18677662
119817,0.19078013
31380,0.6473597
101965,0.3996754
7869,0.10623341
25844,0.745895
122421,0.79355747
20087,0.06954236
92278,0.52212423
21556,0.980041
88249,0.001663111
17374,0.059061255
85473,0.0016607605
38232,0.9609273
99741,0.7266196
91147,0.001663111
48651,0.91126597
49915,0.09735915
32380,0.9936753
31045,0.8960107
94437,0.21338192
60251,0.9311749
52988,0.80047697
94734,0.1039913
10702,0.7277982
70500,0.73370737
112162,0.18150234
48417,0.97976893
31319,0.44374758
5759,0.6765123
62492,0.97409827
105278,0.14701499
6892,0.62106717
82674,0.0016607605
103312,0.15521564
108045,0.70857567
21426,0.48068362
84116,0.0016607605
96901,0.21540068
2339,0.7403469
98258,0.58285975
39492,0.2939718
97665,0.38109568
1185,0.3733593
49968,0.23529549
38679,0.9917875
97944,0.6065105
96561,0.5319167
55591,0.61096364
4079,0.87938607
66578,0.2608291
24502,0.019682163
86495,0.0016607605
15706,0.05892953
70934,0.96699053
40701,0.9944834
85443,0.0016799633
23050,0.4445364
49991,0.17351474
123695,0.74726343
103751,0.312529
38245,0.98325723
119069,0.71092206
6221,0.09725302
48045,0.39389956
80873,0.0016607605
62033,0.86481273
72025,0.6844902
21835,0.87908673
38557,0.3585094
88889,0.0016799633
107298,0.9170289
13088,0.9617183
121508,0.94839114
28873,0.52300924
56771,0.9864423
121389,0.6235069
113712,0.66763645
85637,0.0016607605
198,0.8509666
37474,0.9867937
29423,0.19406645
52075,0.9673817
6664,0.11453848
124821,0.8162481
995,0.97929746
87127,0.0016607605
73508,0.30944395
21128,0.8488706
74935,0.9685097
64905,0.20649524
119800,0.51184326
106478,0.528538
30165,0.058890328
84292,0.001663111
103459,0.16442406
53335,0.7919822
30946,0.9770569
45380,0.77332497
19594,0.532593
105824,0.12377772
27364,0.37952808
39644,0.75150406
49318,0.60918486
101101,0.505655
45317,0.20269948
112386,0.6344956
96974,0.41715366
30915,0.17393576
33160,0.44215196
115538,0.4613385
29557,0.22614305
69024,0.19607599
120006,0.51630384
15311,0.54640967
20701,0.9870417
71127,0.22278488
21892,0.88587284
42670,0.9869981
121025,0.45521107
116030,0.8989971
21627,0.98492557
69455,0.25513494
113167,0.423853
41208,0.98960435
38395,0.75746936
78186,0.0016607605
45749,0.11250222
46121,0.5002751
120743,0.19265884
103683,0.1764982
11092,0.107727684
3697,0.109620206
57408,0.9694113
21149,0.19648731
41151,0.7987759
118715,0.16980909
67680,0.55160564
30690,0.9934662
68785,0.030308504
108672,0.6564123
22850,0.70709026
86435,0.001663111
67388,0.1683268
25899,0.13294263
54071,0.31342018
20962,0.40964672
106455,0.45687646
55019,0.39530823
48128,0.97442776
33221,0.09554143
90960,0.006104221
41078,0.6197309
17247,0.3923142
25175,0.98459816
104771,0.17856584
45187,0.18630314
108784,0.052253995
49729,0.08190077
80387,0.0016607605
10436,0.09673846
53218,0.9314703
47665,0.9779699
30973,0.98350483
68905,0.38826463
8315,0.19872372
23542,0.98207515
119409,0.69024545
46487,0.9544098
65018,0.85576427
36143,0.9878163
97797,0.163039
76579,0.0016607605
98954,0.124087065
77750,0.0016607605
57429,0.4630967
61304,0.19592853
74608,0.354301
76454,0.0020445883
61826,0.4520678
116463,0.85402215
76778,0.0016607605
36488,0.8522036
104228,0.30109495
109125,0.024319744
105247,0.8144743
12034,0.24775325
34645,0.9543441
11538,0.046913043
33107,0.81373286
89963,0.0016607605
112076,0.6453628
17636,0.78527784
60396,0.6231363
76645,0.0016607605
95143,0.7353911
51679,0.15049581
56336,0.89060473
47931,0.08985466
36264,0.19092712
72877,0.3193774
98842,0.12688926
111888,0.060947534
85915,0.001663111
89723,0.0016607605
20305,0.8678652
12216,0.8455313
29129,0.798431
56965,0.7319396
37366,0.96852756
57434,0.87638706
97947,0.7064068
3125,0.28443378
9676,0.5006859
107461,0.11836611
24712,0.9866171
44897,0.99161243
111646,0.145925
50252,0.9290284
106409,0.15963738
65599,0.70318204
12239,0.3851337
122243,0.78934723
29090,0.86091936
64159,0.1829498
75321,0.0016607605
90839,0.0016607605
453,0.022208849
72772,0.21086246
16154,0.50340706
117337,0.87123185
74862,0.21803103
60105,0.84998775
124185,0.70807195
8379,0.79662126
81023,0.0016799633
117194,0.18492411
47475,0.96488243
74182,0.18393236
110665,0.1815084
15447,0.9600419
17014,0.7384629
1420,0.15274191
123723,0.84566444
58701,0.83280516
21337,0.73837334
104108,0.16804357
42522,0.99054843
72511,0.61892986
119944,0.4156831
74205,0.54940164
14739,0.95623827
33490,0.604405
45804,0.9589102
109681,0.017365703
65987,0.36062604
7501,0.61326605
93087,0.9882031
94944,0.51468736
55396,0.18803507
10765,0.6747114
85514,0.001663111
59012,0.8351795
112240,0.35053992
84373,0.0016607605
64194,0.83004975
45395,0.8079882
12161,0.6974839
22717,0.7600153
19612,0.7882599
42102,0.9347941
15679,0.103524216
57714,0.45388243
62604,0.778868
75462,0.0016607605
92852,0.16786858
85600,0.0016607605
53129,0.81316966
94693,0.12775297
58585,0.9641427
64283,0.7550744
3217,0.7023278
1497,0.9624322
50045,0.14561197
63602,0.91050905
16130,0.5855235
45094,0.9718017
106630,0.19726177
29489,0.6688612
12785,0.36897877
56751,0.976847
110705,0.030781783
99003,0.4698316
23103,0.2046833
35570,0.56941485
19225,0.84225273
75236,0.0016607605
115455,0.46009225
113019,0.72290856
119264,0.3444992
121788,0.87283885
37149,0.9930515
114178,0.07836277
102469,0.27596
111663,0.32289475
80096,0.001663111
34530,0.8287307
33888,0.07568496
88830,0.001663111
97450,0.96978194
20803,0.8636563
3042,0.7501004
15983,0.34359485
102862,0.6606212
98180,0.98531806
54085,0.41019383
50084,0.112308286
87362,0.001663111
122528,0.7975717
112374,0.5338943
35362,0.4273322
81740,0.001663111
30929,0.19882049
76936,0.0016799633
58717,0.7551618
6137,0.536508
108950,0.042257644
37624,0.9618507
67917,0.37906554
72504,0.09040441
73982,0.1393553
28389,0.11577673
235,0.11024992
47682,0.8543586
118464,0.84591377
28076,0.79115695
61541,0.7647104
25986,0.45820534
63171,0.9354329
35279,0.8696896
93494,0.27981865
104687,0.26441944
11438,0.80246025
56385,0.9803094
119620,0.08976019
38502,0.09667935
13093,0.9464525
52614,0.78176695
95187,0.41225615
108956,0.057175897
91888,0.3096796
101724,0.18459375
76182,0.001663111
61799,0.072007515
115383,0.39900738
119004,0.64827776
49239,0.57684624
87549,0.0016607605
81175,0.001663111
22731,0.18581828
31598,0.9920438
18381,0.023673424
52354,0.82575107
31800,0.994325
47824,0.9861367
8249,0.6016015
14897,0.11022156
2503,0.15442398
114689,0.06850262
124318,0.66847235
109265,0.022510817
112684,0.12152215
74307,0.40974107
120035,0.8394894
61387,0.88548577
69979,0.3987945
123996,0.27387676
115685,0.84674555
57717,0.9450745
33416,0.9212228
18504,0.59690875
13445,0.10390538
60456,0.20617726
18364,0.1412062
107073,0.57389885
99189,0.16507332
78231,0.0016607605
82363,0.001663111
115758,0.89925265
5860,0.50461173
35261,0.9804466
115430,0.6903018
85402,0.001663111
45937,0.9862862
101020,0.044894762
64431,0.9946631
24083,0.025662862
36451,0.9556678
19457,0.9161714
120735,0.14042684
47075,0.6029354
55374,0.40485454
29615,0.45354393
75675,0.0016799633
101364,0.119436935
13059,0.9723174
3071,0.44387645
50446,0.16161025
90675,0.0016607605
99163,0.7136016
85426,0.0016799633
88954,0.0016607605
124116,0.7135188
18530,0.52290785
107365,0.97585857
91637,0.0016607605
96938,0.6840401
81254,0.0016607605
117498,0.14259432
47858,0.9037862
13572,0.493321
4885,0.94850796
74968,0.0016607605
16605,0.18762028
32453,0.96554214
33826,0.12748341
117526,0.624151
114644,0.5146483
56757,0.97895205
91378,0.0016607605
85829,0.001663111
74902,0.6134216
52574,0.44753745
94163,0.986418
66141,0.6415123
123324,0.25437322
4724,0.6670753
51322,0.5024307
113601,0.052111804
22865,0.7004249
10736,0.5433568
71282,0.16939399
20122,0.043895002
51696,0.1876798
114663,0.28044614
13269,0.14513187
28333,0.07116277
117373,0.8714731
15789,0.16375875
15247,0.14655821
39869,0.9864666
84174,0.001663111
96841,0.5725146
80795,0.001663111
108933,0.022351295
37814,0.9898127
26669,0.9527187
7801,0.17711595
629,0.9798244
39402,0.9503396
24594,0.02324277
65545,0.64994633
65683,0.8728757
108814,0.04238335
17368,0.09580839
89816,0.0016607605
75973,0.001663111
96360,0.119109936
34754,0.1359469
41864,0.48848966
36960,0.50688064
40612,0.21870275
106223,0.6310916
99112,0.52380943
3417,0.6619955
70159,0.2937944
102372,0.4670354
104997,0.49436775
109202,0.032366794
107936,0.41657948
72505,0.39662495
95517,0.13442688
74459,0.065945916
75810,0.0016799633
119703,0.8766286
14084,0.09254392
101075,0.17061679
111908,0.23698501
13780,0.518481
5670,0.68464655
29994,0.016561601
9229,0.32470417
12915,0.30713874
51733,0.19707276
67536,0.89999455
85742,0.0016607605
78008,0.0016799633
77543,0.0016799633
82542,0.0016607605
19757,0.16466697
53387,0.9479438
75985,0.0016607605
26362,0.29721513
123691,0.772181
7707,0.74944276
105122,0.21203391
39749,0.45903373
7041,0.91211057
100741,0.08482509
56257,0.6491979
16072,0.3839151
36758,0.84711474
108331,0.2654815
117256,0.69424796
82598,0.0016607605
95675,0.31710836
78158,0.0016607605
51500,0.6899457
28308,0.12515704
113111,0.123802096
33173,0.22270663
100417,0.113613375
85705,0.0016607605
84361,0.0016607605
82095,0.001663111
84828,0.0016607605
63159,0.90392584
20519,0.13228688
44572,0.79652584
98219,0.20372435
88650,0.001663111
7491,0.11990446
43719,0.85355526
97901,0.024061177
8084,0.16826792
107401,0.16567725
92010,0.018702881
31051,0.52504456
5669,0.6596567
90451,0.0016607605
70111,0.2492222
2159,0.65247166
90295,0.001663111
71597,0.15683423
89583,0.001663111
47536,0.9693238
99190,0.427085
37516,0.9645933
47456,0.1542628
31710,0.97568786
71641,0.13366202
121433,0.86893183
18742,0.60169417
71955,0.11956885
107786,0.7603451
76058,0.0016799633
35922,0.98530996
34175,0.6273204
91441,0.001663111
85066,0.006104221
6414,0.6554623
31587,0.9889964
4186,0.75177234
123184,0.896271
110517,0.07395496
44330,0.9660801
55062,0.37317872
77279,0.001663111
41211,0.9894271
783,0.75887686
12205,0.4489901
41599,0.11338023
21585,0.98003656
98076,0.06347397
102867,0.17813095
105329,0.38378978
78569,0.0016607605
103961,0.15791526
72434,0.6581136
69096,0.5257721
23597,0.9486715
24827,0.87654763
62379,0.8723868
14742,0.96587145
92354,0.511009
22818,0.14994033
49138,0.13630001
17794,0.162719
110676,0.32325912
75199,0.001663111
56790,0.61467826
32820,0.72855717
34581,0.8740831
5792,0.15979272
96926,0.875862
31575,0.6454745
111709,0.47613066
40238,0.991239
69349,0.33854306
108808,0.0733509
57332,0.6272773
28286,0.26018953
45518,0.68719697
76273,0.0016607605
13407,0.15808141
95383,0.50898826
26361,0.31361625
93289,0.11907651
18009,0.18905039
39618,0.8291125
41403,0.9788175
91389,0.0016607605
57789,0.8787126
105614,0.11823454
78112,0.0016607605
1848,0.76563346
36973,0.9608055
89747,0.0016607605
110998,0.107587114
113393,0.77005273
119183,0.17612457
12636,0.19264963
76106,0.0016607605
77047,0.001663111
92022,0.040244866
52589,0.65513915
103630,0.69983166
109097,0.014668947
24421,0.073223025
107530,0.3330023
114010,0.043153524
101171,0.38146973
71221,0.16831085
102235,0.1967629
744,0.8227067
111723,0.6127358
1695,0.8255199
106546,0.28883567
11334,0.16302867
88523,0.0020445883
62893,0.6050758
60539,0.81592387
53256,0.98896384
62523,0.7758046
71363,0.20261413
105166,0.18442747
64635,0.94297326
13483,0.50082314
122544,0.82770884
80516,0.001663111
35844,0.80639035
10212,0.34512165
80583,0.001663111
32250,0.8515417
44989,0.77110165
121454,0.11027437
106218,0.9029795
121060,0.75740355
9236,0.8617064
87567,0.0016607605
32744,0.984003
75879,0.0016799633
110972,0.12187286
49770,0.35126793
69674,0.97368
21243,0.025129529
83693,0.0016607605
89970,0.0016607605
23730,0.24403195
114389,0.32241392
25954,0.42548773
99001,0.40693945
104301,0.16779399
100494,0.41062608
28754,0.7607917
84068,0.001663111
69826,0.42846623
95407,0.1598892
35060,0.98159
115449,0.23885147
105477,0.5256597
51563,0.8530875
48806,0.73933506
92418,0.19805788
33850,0.1134561
93732,0.75236905
93648,0.7255256
104679,0.18417455
92801,0.62460864
2008,0.3364171
89299,0.001663111
45023,0.95545703
22110,0.95437837
9139,0.32051328
122996,0.18846014
11642,0.5386155
55350,0.8502418
42783,0.54066664
9454,0.11363529
75264,0.0016799633
44102,0.9190884
102015,0.48127505
84043,0.001663111
73604,0.15273704
58060,0.7487262
78117,0.0016799633
5299,0.9774965
52942,0.4979847
97470,0.6900046
55654,0.17836057
20168,0.6249841
50031,0.12698534
57677,0.7159897
7905,0.8128639
18436,0.5312797
27072,0.128265
74009,0.32496503
41718,0.476846
93128,0.9484452
110615,0.025074566
23768,0.19981505
106183,0.75509644
114710,0.8914542
40906,0.9704532
73024,0.98438346
7035,0.42846105
101491,0.14435345
9190,0.6946752
78522,0.0016607605
18276,0.989717
38373,0.9856867
67847,0.34221098
79262,0.0016607605
66710,0.14595963
34758,0.25564176
51146,0.83827126
119779,0.7507648
125063,0.1516749
21501,0.96642596
66238,0.57453144
23232,0.43130907
63208,0.97878677
89510,0.0016607605
117937,0.17516775
90433,0.0016799633
119394,0.09397735
51238,0.09267152
108646,0.18728705
64244,0.80450815
83654,0.001663111
86419,0.0016607605
106817,0.9914445
67765,0.7227476
3245,0.92148787
100372,0.5022183
48184,0.9443753
46472,0.18526384
44543,0.7875031
119778,0.8306768
37286,0.95283115
113633,0.08011477
29284,0.6901538
116884,0.21270047
93560,0.37636822
32354,0.9866348
20375,0.97260225
84456,0.001663111
41373,0.27859932
91171,0.001663111
42528,0.99151796
19139,0.8491153
62661,0.8416903
69905,0.48457927
54137,0.32226446
9472,0.17476769
36482,0.51750815
42264,0.1209223
94714,0.13609286
70344,0.5807245
26587,0.7735546
103036,0.110581145
68093,0.23024227
45061,0.8708938
16291,0.43699333
17144,0.3908777
89996,0.0016607605
57230,0.7468974
40047,0.445065
815,0.9765645
36463,0.6079769
55857,0.97223127
51139,0.84944016
86203,0.0016607605
15745,0.028580992
42837,0.058358263
101571,0.40729284
77190,0.0016607605
98007,0.9699518
1398,0.22485833
16251,0.48970756
104895,0.41285855
118485,0.3536295
100357,0.54275894
112018,0.54374933
104721,0.59654015
79299,0.0016607605
99983,0.18203136
12019,0.043932997
12728,0.58192134
46398,0.93620044
84464,0.001663111
14887,0.17745543
37865,0.9945351
73281,0.6788879
103578,0.13297185
71885,0.39226723
44680,0.9646338
97312,0.5927954
65443,0.06649896
11867,0.38269636
38797,0.93981117
74934,0.9685097
10555,0.29703882
76531,0.0016607605
47740,0.1970307
66242,0.18657112
23944,0.7537933
2406,0.13491997
119546,0.80768025
120913,0.8585943
52668,0.26462722
85228,0.0016799633
101,0.94168764
53648,0.1009842
71937,0.08879563
91855,0.083627224
111094,0.5742207
59409,0.59062207
2333,0.12201643
51998,0.3951819
65856,0.81936353
28048,0.2266181
30582,0.9698159
4471,0.85247093
17366,0.12013723
81735,0.0016607605
82706,0.001663111
67474,0.55425763
119208,0.19298442
6418,0.27119774
62079,0.9287449
20194,0.7396276
14311,0.08845972
46902,0.98149246
16229,0.5398434
40021,0.9743026
62530,0.89657027
63923,0.91612214
41763,0.25823495
25930,0.577129
60586,0.3183885
24100,0.025792614
86678,0.001663111
72303,0.44526878
105451,0.27152663
86859,0.0016607605
5008,0.9138165
124020,0.32832915
87981,0.0016607605
46991,0.9641218
5304,0.97626173
80074,0.0016607605
6650,0.10887882
64756,0.76888686
76036,0.0016607605
20858,0.11437548
104323,0.19119403
104309,0.28510487
70508,0.2633662
81712,0.0016607605
30885,0.9859125
59902,0.84968674
14288,0.30463356
42815,0.17087433
4032,0.15452242
36796,0.9924739
44158,0.22286679
15435,0.96268034
60173,0.90682304
16288,0.6422322
18584,0.49681282
83514,0.0016607605
64304,0.6536175
44877,0.9669338
64987,0.8118789
19632,0.8138131
81051,0.001663111
85315,0.001663111
26287,0.8576047
88670,0.001663111
98303,0.20697309
66228,0.2192913
72992,0.9856053
18899,0.123849265
18575,0.5161619
53141,0.81316966
46728,0.9894511
114435,0.93626976
5153,0.99169016
13943,0.17690171
56761,0.63501704
117969,0.116483
46360,0.9674181
8663,0.14712514
19618,0.828422
31718,0.98541784
19722,0.19229802
76922,0.0016607605
17124,0.77405083
95305,0.4839718
45672,0.84199834
8013,0.14387038
14021,0.78391093
89949,0.0016799633
109393,0.059699155
18855,0.94957715
83315,0.0016607605
8941,0.640846
87429,0.0016607605
98262,0.5496637
17488,0.99156207
28066,0.24432689
3701,0.73684335
33995,0.29180858
82348,0.001663111
117482,0.17109485
75427,0.0016607605
42534,0.8474599
106712,0.2804736
112884,0.7190687
76293,0.0016799633
110863,0.040794842
11478,0.69364667
106519,0.60435545
515,0.38134128
81220,0.001663111
118413,0.7560134
78202,0.001663111
99916,0.4151718
36925,0.71692663
97238,0.18490843
78296,0.0016607605
42656,0.9809124
78509,0.0016799633
47050,0.06734554
75461,0.0016607605
22736,0.16610026
109365,0.017498396
84719,0.0016607605
78128,0.001663111
6825,0.9443651
103326,0.07872806
81818,0.0016607605
84526,0.0016799633
52760,0.5302795
18369,0.025129529
104037,0.12673159
62706,0.7556164
124885,0.9759681
22474,0.8032374
85374,0.001663111
52323,0.2963303
32962,0.025415756
79995,0.0016607605
41735,0.8051502
10030,0.15876603
67087,0.21767937
61577,0.8161417
71967,0.0895182
16174,0.05208045
12448,0.47271556
92817,0.31807205
24062,0.08087187
76780,0.0016607605
56044,0.85106075
9553,0.06609639
103741,0.12782757
34708,0.9681798
101414,0.12570845
53037,0.8122769
15170,0.22226109
76069,0.001663111
61413,0.88842684
57871,0.75560576
95621,0.21664046
100501,0.44897395
94573,0.5627665
97217,0.784866
4431,0.83802605
56976,0.9677798
32758,0.18001662
28373,0.8556936
51114,0.48491114
60043,0.1753952
45705,0.498947
75536,0.001663111
82139,0.001663111
108967,0.05889684
44786,0.43481913
29281,0.7758177
56416,0.23641475
19985,0.6991031
88562,0.0016607605
69595,0.74258786
100905,0.48479307
114104,0.58721596
64071,0.82274616
51504,0.12023388
19422,0.52441686
110429,0.041089546
13503,0.28900155
91836,0.037986614
28937,0.66727716
117418,0.09109795
11173,0.24474153
78627,0.0016607605
11556,0.37941334
49634,0.27045992
82653,0.001663111
40929,0.9893996
15483,0.9775342
35978,0.9920438
63695,0.95491517
120548,0.84882617
30876,0.9718507
109883,0.013487137
109080,0.030965334
76077,0.0016607605
63462,0.8514144
21309,0.029368138
41257,0.9743677
28146,0.46314436
103128,0.5181504
20533,0.6169319
15871,0.91697586
65655,0.48140085
9004,0.8982574
47652,0.45382762
102112,0.10283908
19670,0.98552006
121175,0.16003218
84731,0.0016607605
55178,0.79429454
20842,0.15048002
9950,0.06949673
12942,0.11990446
87575,0.0016607605
19406,0.5442416
111677,0.6990349
21537,0.9792778
52363,0.9454745
27455,0.7488932
78707,0.001663111
119252,0.30630034
108077,0.22132948
3358,0.12926263
48826,0.9799167
65270,0.7371172
4764,0.76691264
44047,0.8759355
36950,0.5471394
109650,0.017970989
99138,0.70079714
74005,0.1262049
113740,0.12621874
52089,0.9642887
95825,0.2315223
34865,0.41784972
69131,0.6689225
3491,0.61727506
107427,0.17987907
30992,0.9867959
53043,0.80082643
80457,0.0016607605
10550,0.42513606
10692,0.5775553
98608,0.46913728
97399,0.8092405
13035,0.13689263
13180,0.16594367
97412,0.8092405
69841,0.15924047
92743,0.8196497
111891,0.7067567
14836,0.9775342
11474,0.3588956
59873,0.8093448
72367,0.583966
124681,0.5177233
56134,0.95404905
11864,0.1725681
89715,0.001663111
107784,0.39781475
3343,0.14227444
62378,0.8824604
112643,0.7180163
56945,0.9812222
94859,0.16752169
52080,0.96482444
107644,0.751162
119491,0.57783955
116893,0.1255172
52277,0.48805776
43101,0.87359273
24154,0.9668692
73864,0.56064767
23882,0.62231463
118962,0.9256126
118758,0.1478683
69681,0.9846651
9692,0.83820707
63869,0.2206848
56867,0.5579908
26543,0.17605507
113445,0.6824449
31352,0.96104234
99722,0.46998522
104144,0.8141379
61859,0.8915401
100878,0.5590944
31250,0.9789042
51163,0.11755413
38639,0.9937164
105717,0.23135494
3946,0.07292087
32199,0.99281424
32247,0.96489865
121518,0.84794575
103042,0.08532833
49738,0.37133607
73779,0.11342645
79529,0.0016799633
95502,0.70129406
79762,0.001663111
37551,0.49940664
97452,0.9876561
6254,0.52133197
44763,0.8537596
84939,0.0016607605
123905,0.8457194
11433,0.3376393
37928,0.500369
64976,0.3266387
65101,0.78021204
13951,0.063817345
80327,0.0016799633
87158,0.001663111
47334,0.5794725
100758,0.062012997
68581,0.59337795
122465,0.49352857
63612,0.89159214
91766,0.0920895
7823,0.08070352
38918,0.49205616
8137,0.5460042
5862,0.35928217
40227,0.5943227
31777,0.9898571
51686,0.09992305
121291,0.17154768
111535,0.29241338
65647,0.8357741
76029,0.0016607605
7514,0.2884998
102061,0.13906884
74658,0.3984481
119268,0.6142842
103000,0.341813
70928,0.9552602
119324,0.91748357
82336,0.0016607605
47765,0.8302963
9174,0.58235884
49760,0.9441319
110213,0.028587818
978,0.43522948
86824,0.0016607605
24194,0.47406843
57335,0.7882089
32905,0.67932445
100477,0.5137265
41848,0.95777386
23636,0.9679933
43597,0.83644223
88122,0.001663111
10492,0.17568186
124003,0.20637657
8253,0.12122468
45105,0.9827351
78619,0.0016607605
32531,0.7238633
52358,0.8621983
50537,0.9748845
15222,0.897329
37355,0.8461613
26408,0.78682786
76338,0.001663111
14645,0.9775342
70912,0.8262627
120500,0.77276695
101611,0.19025946
107216,0.9924739
80446,0.0016607605
84664,0.0016607605
106763,0.9578493
28777,0.7485797
91029,0.0016607605
46853,0.6507295
52025,0.53675705
113892,0.26027128
85693,0.001663111
14298,0.08824778
115586,0.421067
71286,0.18494914
100405,0.19849668
62482,0.62290686
59766,0.5925769
34067,0.19314988
64679,0.6585641
62978,0.7886684
26332,0.95899385
47967,0.8771565
92681,0.5558306
2195,0.1497048
108591,0.98097813
71371,0.17987804
7799,0.2824305
4423,0.7177855
41433,0.5489948
70718,0.585811
7129,0.5037191
35159,0.44584435
110881,0.19196902
2298,0.22457987
23695,0.9841823
72379,0.8078518
120308,0.7191291
123192,0.9015527
7652,0.15462142
91205,0.0016607605
85937,0.0016799633
62223,0.8723868
18843,0.21897388
74793,0.09859047
34822,0.6234457
107581,0.93925273
116915,0.25930405
40474,0.99222046
97211,0.5670666
71535,0.19729263
29464,0.15519363
109678,0.010588188
43123,0.10437012
87044,0.0016799633
42148,0.84675527
44949,0.77110165
67058,0.11594312
100528,0.16214383
10719,0.07304149
14824,0.97894627
102815,0.36012626
79787,0.004626261
39141,0.9944174
52146,0.4537589
24947,0.85696757
8904,0.5265801
103347,0.122632034
1006,0.9730165
90674,0.0016799633
116064,0.9210902
30085,0.023592198
91384,0.0016607605
67249,0.17446202
56598,0.7814736
71899,0.68332916
54971,0.7916809
33566,0.057692625
53835,0.17592476
24671,0.95743924
68263,0.47022256
23221,0.90244395
79766,0.001663111
4934,0.99270105
92150,0.42844003
116644,0.16885695
57779,0.5340548
17843,0.46256644
103880,0.3223655
115526,0.5353108
17678,0.48501965
18649,0.15383194
104836,0.29287893
1169,0.7218964
97585,0.5971655
63258,0.90295684
15456,0.9753117
65445,0.22355261
63978,0.16432403
91653,0.0016607605
115245,0.43805593
54789,0.50974786
58198,0.98426616
122584,0.7663959
111963,0.50593764
65965,0.25421366
67771,0.20692958
53807,0.7299264
77794,0.0016607605
66980,0.19552702
89612,0.0016799633
39115,0.9942517
40297,0.62082654
16879,0.15574424
67310,0.1415327
33627,0.12048552
21799,0.16026333
104104,0.60647124
113937,0.7260324
84993,0.001663111
42773,0.9352867
76945,0.0016607605
115487,0.837632
65028,0.12097788
8043,0.15392761
13383,0.6687092
95192,0.23736717
105023,0.19295038
9446,0.62722296
113226,0.6928792
91741,0.025035
28041,0.7153967
52091,0.9674704
1217,0.9149422
49689,0.58871084
102887,0.27623403
68332,0.6876482
71026,0.19661576
80608,0.001663111
14053,0.091634184
109248,0.020537503
25896,0.11687778
54963,0.9724141
83287,0.0016607605
96776,0.24998495
64853,0.6147438
61963,0.73826444
22908,0.79458547
52164,0.21022525
38439,0.96092695
43052,0.99277955
83088,0.0016607605
9083,0.31319842
76877,0.001663111
28206,0.4335374
74279,0.5692402
35828,0.99380165
46648,0.9864846
109512,0.0319094
76547,0.0016799633
100146,0.51426667
4338,0.92225474
80285,0.001663111
62295,0.9691655
87790,0.0016607605
26498,0.4573469
115374,0.39179367
17321,0.806215
20987,0.14256006
3580,0.08731405
58697,0.83280516
59202,0.4887193
76951,0.0016799633
71035,0.2611555
18838,0.45758414
96690,0.80193317
64827,0.6536175
102555,0.15909874
40979,0.98996395
13196,0.3970156
25145,0.9676912
89152,0.001663111
89541,0.0016607605
69339,0.36089697
63433,0.78144014
17316,0.86695945
57623,0.9048489
79648,0.0016607605
41750,0.104729466
102470,0.9391255
49763,0.20166595
7720,0.12795268
119163,0.45450014
20558,0.8546678
87146,0.0016799633
52602,0.2107204
108039,0.3476442
12758,0.117221124
6325,0.5747886
112533,0.68766916
106077,0.3180297
46798,0.123648904
17729,0.0731434
101995,0.25345743
20362,0.94569063
40688,0.60519004
65741,0.5813852
112900,0.867872
82998,0.0016607605
33146,0.82329106
36825,0.39573783
39203,0.23685911
11082,0.15483439
108740,0.020156763
91865,0.051939636
60687,0.79932904
14020,0.59705395
100343,0.8944615
107891,0.58654124
33529,0.10142777
65890,0.6914043
72663,0.3300089
118267,0.14096479
8531,0.66392237
76237,0.001663111
41057,0.9826766
86676,0.0016607605
69583,0.28334847
97911,0.043219205
81256,0.0016607605
92881,0.9299077
63899,0.7802957
112642,0.7505808
16620,0.28760573
58279,0.9373406
12295,0.10743626
61364,0.88316125
88474,0.0016607605
86987,0.001663111
83980,0.001663111
32779,0.43819693
99733,0.10377503
68858,0.033077545
71460,0.10639495
96489,0.5894693
114755,0.2106794
30728,0.9929055
70453,0.16931115
42183,0.44470134
85824,0.001663111
66011,0.11558861
28560,0.5762579
62851,0.25476873
108917,0.023426801
107470,0.3287716
31750,0.65481764
110239,0.035734456
53780,0.5084158
10996,0.10160246
63663,0.88170105
98336,0.4026685
19261,0.25881213
52077,0.9547127
122479,0.40701917
65875,0.87391156
118270,0.11770884
19786,0.16466697
116721,0.39265913
41639,0.657065
107034,0.44842803
80506,0.0016607605
86313,0.0016607605
54638,0.5811906
116822,0.11096983
73716,0.3722086
92281,0.20655791
110662,0.07798806
13592,0.21738856
32071,0.9850463
59542,0.98233217
119819,0.15817
98389,0.100990996
100157,0.5820417
70099,0.21050447
21017,0.6714319
8240,0.11937691
64858,0.47501323
122817,0.8836971
73700,0.12896128
27339,0.4380597
40877,0.8278249
16362,0.13582745
110556,0.022902353
3937,0.107470356
30221,0.97492766
94278,0.9923556
74406,0.5982281
85171,0.001663111
95284,0.14439464
65667,0.9789635
18861,0.97140896
101686,0.25652325
119051,0.2454576
30086,0.024251148
38810,0.9748404
24946,0.7838887
42688,0.93625593
123616,0.3152958
54140,0.4462019
58543,0.9050859
64241,0.8848519
20513,0.44951943
53847,0.44581357
26125,0.8816983
67482,0.36172754
106487,0.16271783
42358,0.4837153
100456,0.3868015
58617,0.98991007
118341,0.49285796
18751,0.96386284
98136,0.6850264
122071,0.21097897
106228,0.8821734
78349,0.0016607605
1854,0.76563346
79376,0.0016607605
50209,0.7943604
28858,0.15875764
79284,0.0016607605
29182,0.64240223
85878,0.0016799633
83697,0.001663111
63220,0.99213684
109416,0.035142194
79014,0.001663111
79797,0.004626261
107134,0.9837752
11046,0.034230538
71716,0.5993045
15785,0.87868047
12298,0.08091341
93832,0.14003462
22230,0.73029065
94866,0.2048113
50227,0.87390965
68982,0.028341841
19293,0.1972752
67199,0.16687027
93400,0.1395329
50747,0.5651462
121858,0.93597305
53308,0.86226714
40380,0.598113
53937,0.30439687
110097,0.045474663
63588,0.87717587
14125,0.9628881
28407,0.2161961
59424,0.903024
101757,0.93990237
21316,0.03116333
41450,0.9847221
40727,0.9932453
24401,0.17874092
64548,0.68535584
55794,0.9438829
39617,0.8049653
118787,0.48460978
85852,0.0016607605
76158,0.0016607605
63194,0.8840181
100565,0.56865805
82293,0.0016607605
54914,0.5351871
87364,0.001663111
85137,0.0016799633
118300,0.1888905
55620,0.45602763
68922,0.20044856
47802,0.5969385
16662,0.6440564
100010,0.41979194
70698,0.2516491
109278,0.060384918
48817,0.9853307
28833,0.59475684
71364,0.6132706
84319,0.0016607605
90534,0.0016799633
16608,0.16741277
48285,0.77110165
49953,0.8697983
4773,0.67089605
74623,0.98943245
50986,0.6677759
12719,0.2358577
121530,0.74578714
28291,0.36822167
71798,0.38504997
58637,0.91425186
94009,0.91779745
78191,0.001663111
100436,0.20232609
40457,0.9763856
33837,0.1090083
108306,0.6857875
81512,0.0016607605
120250,0.8153615
110548,0.06411737
33104,0.69600385
48974,0.7284397
81045,0.0016799633
123157,0.8236742
115144,0.7887761
84907,0.0016607605
9022,0.11211177
30819,0.6565127
94224,0.97045374
27392,0.11211016
124261,0.923742
82327,0.001663111
113703,0.33688468
12463,0.06531537
3777,0.0591582
23622,0.5519579
291,0.22400856
51716,0.8491494
47234,0.14132932
50417,0.11482659
97697,0.7290007
19653,0.97083056
118446,0.7395949
117123,0.7745824
74254,0.19888045
22880,0.73540473
108211,0.9654198
49730,0.31903997
42300,0.07534786
47464,0.42262226
29895,0.034142777
56166,0.69920623
7503,0.68349296
6937,0.0971058
11237,0.8751761
53264,0.17212579
26225,0.41354087
99477,0.25068563
112550,0.13741964
10617,0.15427427
80937,0.0016607605
67598,0.49569067
100886,0.956375
33613,0.101646066
118118,0.22461982
46611,0.40753245
89378,0.0016607605
9034,0.4369209
18463,0.9028559
31712,0.9833429
96564,0.19478264
50874,0.2963303
10528,0.06031218
116723,0.7581253
65376,0.6841093
51789,0.6500796
113719,0.21907882
66397,0.18390092
30826,0.9950322
52555,0.22923017
35437,0.9609273
69743,0.8940914
30065,0.05520733
101436,0.5065868
86640,0.001663111
104042,0.6339233
113528,0.6920639
18223,0.94623053
49810,0.87082595
19534,0.5795851
43479,0.72372943
21499,0.95676005
109088,0.14909984
87187,0.0016607605
96910,0.12668194
34114,0.42569658
106434,0.66712296
93790,0.8682895
8395,0.5363222
327,0.77873266
118301,0.14730377
9427,0.29022738
69710,0.7215402
98623,0.121094465
4740,0.42354104
9142,0.6537751
47928,0.12963988
90403,0.001663111
33225,0.14645132
95173,0.13147056
64993,0.8186737
51762,0.7776009
77208,0.0016607605
84882,0.0016607605
53133,0.8050392
92198,0.1326477
37472,0.9835634
10811,0.24243072
36326,0.79128224
91498,0.0016607605
118687,0.516732
106207,0.9702555
123941,0.9591784
51666,0.3235433
29438,0.087259956
38374,0.9726034
51773,0.7570659
20006,0.97314477
39660,0.88569635
73987,0.07159204
26561,0.22849947
34550,0.87016326
76728,0.0016607605
124800,0.95187974
25470,0.96479213
83206,0.0016607605
25900,0.25439745
91815,0.024726974
3006,0.51351184
103156,0.16683224
47568,0.6532757
6034,0.031820346
51213,0.174223
98280,0.6025354
79279,0.0016607605
109233,0.015984386
13056,0.9439825
101696,0.18935142
9956,0.061750885
46250,0.88863784
105631,0.17020573
110110,0.076460145
102715,0.36507472
11074,0.22679964
24186,0.9673465
111271,0.6392545
6445,0.20430502
92668,0.22855735
75345,0.001663111
104948,0.5636378
116533,0.081977345
27702,0.8748236
13311,0.56248957
27328,0.56689024
86025,0.0016799633
13379,0.5044612
88782,0.001663111
88063,0.001663111
117602,0.62488365
93261,0.243696
64830,0.6961859
64654,0.9271092
26432,0.92834604
68394,0.30557483
46626,0.9839765
43315,0.73258233
101069,0.19335592
17183,0.105704494
34519,0.89141667
6402,0.21665102
8841,0.1613393
119103,0.27024382
60627,0.7444946
32748,0.6709438
25679,0.6254275
32646,0.99286216
121718,0.88265115
15807,0.17502914
31876,0.9819847
74285,0.5725705
71527,0.23601212
40237,0.98645
67762,0.2615301
76485,0.0016799633
65223,0.6920257
92901,0.9786507
122709,0.21294883
67250,0.6847026
39190,0.9634405
12098,0.5536471
66093,0.71953857
19228,0.84762436
114520,0.26922515
74954,0.0016607605
41400,0.6693641
35981,0.99380165
15528,0.94392484
120568,0.8889258
45121,0.98765486
57109,0.52491516
21244,0.033356067
14628,0.9753117
59016,0.8543656
28467,0.7874945
15174,0.8237475
28891,0.8220818
109147,0.038875185
114462,0.21409217
49272,0.87816143
65942,0.20209317
67521,0.24274711
48375,0.97014856
97952,0.6065105
91374,0.001663111
85698,0.0016607605
33716,0.4290102
36723,0.9908915
66860,0.24999854
100774,0.50723326
74789,0.11578976
108725,0.025273325
115746,0.26190206
23753,0.31476116
33747,0.38662824
39495,0.15601094
58375,0.72925144
21826,0.73736435
76536,0.0016607605
85348,0.0016607605
65354,0.96395874
42080,0.11499933
99178,0.7907718
51923,0.5488715
56525,0.8560523
43727,0.9211005
35918,0.9796203
88461,0.0016607605
59303,0.8249547
95350,0.079566404
24881,0.18738891
21643,0.7188194
3843,0.16523682
67041,0.20463495
74577,0.9786648
17420,0.08041547
58496,0.8044556
20325,0.79344517
114742,0.2800049
16254,0.53356874
104096,0.12722777
30643,0.8627633
119246,0.4792425
44983,0.76153874
21103,0.1628804
52296,0.85644954
30411,0.95847297
25478,0.9733234
40872,0.5825672
102035,0.4272731
80822,0.0016799633
80232,0.0016607605
75224,0.0016799633
32703,0.81510967
81878,0.0016607605
87271,0.0016799633
76377,0.0016799633
98819,0.118434854
54405,0.9908433
47971,0.7845234
68944,0.3716198
14113,0.93281525
94132,0.8144853
35426,0.5302329
16206,0.07838282
36684,0.95965815
74747,0.48463604
109863,0.07019868
46617,0.97457135
121505,0.93790007
98130,0.6256849
9217,0.11369292
61289,0.99207723
124618,0.97377926
67681,0.6809028
121399,0.15232082
23331,0.75218225
48125,0.977224
60761,0.84998775
79489,0.0016799633
90366,0.0016607605
39453,0.7312206
71805,0.5126994
19324,0.2196139
14135,0.9654527
28313,0.22111486
1010,0.98233205
46794,0.7799935
62111,0.9917671
75371,0.001663111
93725,0.14720602
95159,0.1695571
106905,0.98855245
110675,0.3783418
1489,0.96632195
78420,0.001663111
93188,0.26604652
32049,0.9612583
86351,0.0016607605
74313,0.4751131
64650,0.8697157
115748,0.17573947
116797,0.656037
100753,0.06155382
80284,0.001663111
86119,0.0016607605
108354,0.37208363
30207,0.91876173
121799,0.656925
28491,0.44954255
67606,0.4766871
100851,0.53884155
111021,0.085197955
24927,0.84213823
9070,0.1785261
14509,0.97583425
119724,0.34447998
62860,0.83103603
90289,0.0016607605
8766,0.849999
48477,0.82539856
66822,0.54726255
54235,0.18717597
7313,0.6899537
24382,0.4376894
61865,0.9199873
56895,0.98676807
60350,0.82552785
97939,0.7353569
66498,0.27991238
74152,0.10129124
63224,0.99213684
7775,0.67309195
7270,0.15180229
23040,0.97182703
3093,0.46496788
43,0.5391205
32382,0.9945967
3683,0.6688908
75818,0.0016799633
108152,0.9600698
86249,0.0016799633
7709,0.8543138
97123,0.13134822
75144,0.0016607605
119428,0.27225155
63939,0.86752737
98260,0.45305786
101830,0.21100174
17970,0.990413
77497,0.001663111
7122,0.09634204
40783,0.18685773
13977,0.020578774
122405,0.205281
3506,0.13584466
50171,0.8471764
109839,0.06515267
313,0.4043118
35352,0.4313529
115261,0.9019449
49958,0.34515983
34877,0.96001214
111504,0.5356165
33411,0.82575834
44711,0.08680195
14196,0.41730374
6458,0.35576007
49647,0.84408504
103071,0.17225313
56381,0.4917295
102413,0.19056514
113192,0.6286475
102499,0.25283092
84704,0.0016799633
28661,0.83240944
52156,0.18765245
40429,0.77956885
19330,0.68503004
8760,0.54669
55460,0.5901422
82349,0.0016607605
22744,0.3855261
61191,0.7055781
46374,0.8583774
41101,0.4586479
36051,0.33132806
96480,0.5449942
69415,0.5744828
42427,0.9864364
48022,0.6538219
112759,0.76143837
121977,0.7052548
109447,0.0073896693
61490,0.18955193
5364,0.8378948
34431,0.9888581
35281,0.9292408
40640,0.95774996
68554,0.7199806
111817,0.09687598
11613,0.3936497
70593,0.34927148
104310,0.7777839
5680,0.53113556
62981,0.74740964
123804,0.2779024
110283,0.16185449
46864,0.7660632
115936,0.17182663
105882,0.77712196
79207,0.001663111
104956,0.37740996
183,0.98095554
81955,0.0016799633
22041,0.68624693
15936,0.9505478
114968,0.1916652
77570,0.0016607605
81341,0.0016607605
39728,0.83481795
13285,0.109782085
11539,0.06445274
32439,0.85401714
63754,0.8306801
107604,0.06308033
68632,0.44161043
38790,0.79060733
66938,0.2677843
59072,0.8796451
97114,0.17711842
54141,0.47455403
45483,0.14972483
88928,0.001663111
102909,0.25501454
94406,0.59479517
52069,0.93232435
79176,0.0016607605
99691,0.59182143
85440,0.001663111
5181,0.99222857
33037,0.927081
30496,0.9943626
88665,0.0020445883
121973,0.66314715
117658,0.67547596
50672,0.28012994
60083,0.79052573
51768,0.13787691
11928,0.10021485
24101,0.027375411
93262,0.14170967
99909,0.1469231
36635,0.9718685
70955,0.97391385
95132,0.7353911
108375,0.7830279
26512,0.83524346
112422,0.15028316
10328,0.39671326
122417,0.34454516
108021,0.10980995
64180,0.14874431
90594,0.001663111
38732,0.9488448
84107,0.0016607605
120583,0.77910334
12135,0.663583
66877,0.17666115
63625,0.9051139
114181,0.72923803
115648,0.8814548
33272,0.15880573
58225,0.9627511
98205,0.52236605
82681,0.0016799633
65927,0.40345418
25213,0.7681543
118926,0.7127018
101040,0.2848374
41804,0.6701171
91284,0.0016607605
37641,0.9923234
27833,0.7847844
73212,0.7037565
53072,0.87682146
98693,0.23237656
30188,0.6307121
93849,0.100614846
121061,0.5873951
25727,0.8003841
75498,0.0016607605
3644,0.11852875
83632,0.0016607605
63275,0.7520645
7377,0.35358268
83711,0.001663111
62934,0.8808079
116569,0.63559103
124494,0.9264947
14302,0.60187674
3914,0.6674141
108131,0.4519485
39274,0.98943686
12548,0.15714665
105114,0.7907148
441,0.09108074
13836,0.46503294
15795,0.31029883
55112,0.86361325
114107,0.14340481
96449,0.21736753
112012,0.7380185
25303,0.24721767
89318,0.001663111
96928,0.9421349
44827,0.86271524
121716,0.8862372
77607,0.0016607605
55443,0.52510715
56970,0.76634264
87557,0.0016799633
90475,0.0016607605
18131,0.9892754
122770,0.046412602
46372,0.8583774
82419,0.001663111
12565,0.4312827
35370,0.22124237
30721,0.61392665
69856,0.51582366
61423,0.94547224
58762,0.8361336
42053,0.9930033
70692,0.6701594
85980,0.001663111
29088,0.4234725
66718,0.8348093
16105,0.6033731
68973,0.03727426
77512,0.0016799633
99906,0.3098051
24450,0.025129529
33195,0.09263993
58164,0.8453432
60044,0.19775589
6790,0.5776407
55727,0.1456686
76560,0.0016607605
47611,0.81867015
10460,0.067935035
19978,0.77430415
43326,0.93260735
67088,0.7843056
28089,0.8267538
62938,0.37277097
33971,0.9328336
59731,0.88548577
76360,0.0016607605
32834,0.75611776
109428,0.009404137
75730,0.0016607605
30689,0.99255776
97771,0.56088173
17982,0.6457118
12278,0.6035933
88245,0.0016799633
90726,0.0016607605
66320,0.8005168
102478,0.50253725
36373,0.98949987
64555,0.19058697
123264,0.9770985
78174,0.0016607605
120608,0.5821343
42451,0.9404812
121765,0.4199011
20434,0.9680324
28427,0.19851273
78723,0.0016607605
18113,0.9907817
13993,0.89843214
31081,0.6647262
72467,0.6254835
46292,0.90430176
101400,0.12824422
47602,0.9704569
78482,0.0016607605
9170,0.53184885
106607,0.1341561
3387,0.66767496
47411,0.81328344
50627,0.73905784
115107,0.22349718
42147,0.7661773
96566,0.7364096
74841,0.6795413
30283,0.6224731
27906,0.6689398
113334,0.32924446
61533,0.979486
79216,0.0016607605
78113,0.0016607605
78046,0.0016799633
77163,0.0016607605
118371,0.19840007
117916,0.12949027
53874,0.24218868
38432,0.41527346
9727,0.06631485
81882,0.0016607605
498,0.9373928
20760,0.59351224
107129,0.97468185
119947,0.7612177
7967,0.58664876
4389,0.72128105
92771,0.27304405
118737,0.5692168
16117,0.19520192
107848,0.27558482
115114,0.7380904
39563,0.9839813
75522,0.001663111
114409,0.7389762
117642,0.39084002
41279,0.97087204
30449,0.98518455
69831,0.5743455
101608,0.1498443
56024,0.6323781
100069,0.10640183
23683,0.9866636
63773,0.82264024
77733,0.0016799633
67491,0.47554433
106126,0.9317336
37952,0.97846895
20215,0.20594642
74960,0.0016607605
98630,0.12580226
72382,0.24556372
35598,0.98907137
10782,0.3176918
71568,0.2885223
64252,0.71523494
32790,0.17559291
89767,0.0016607605
115158,0.862665
60279,0.8330319
18605,0.65315807
56061,0.969186
32768,0.6407138
90273,0.0016607605
5751,0.08169265
10075,0.5850704
21637,0.82369006
28254,0.290412
430,0.11127221
31001,0.94079065
101710,0.51960105
77458,0.0016607605
85120,0.0016799633
114288,0.6847082
21006,0.8202346
27506,0.5159692
91649,0.0016607605
41641,0.8102223
53653,0.089083195
57804,0.77087665
91473,0.0016607605
86892,0.001663111
82829,0.0016607605
1915,0.76563346
101574,0.5250918
9172,0.58235884
125177,0.9317897
8858,0.7158962
37170,0.9936753
38270,0.54629123
99534,0.17108755
68021,0.14211151
8095,0.19097635
56585,0.8496563
15138,0.70134515
67223,0.17609428
113711,0.19356309
83760,0.001663111
112639,0.23443279
961,0.62447715
81352,0.0016607605
32142,0.9899261
59092,0.28486246
119529,0.20481636
112326,0.17469999
110062,0.04246582
122633,0.41278848
48310,0.18618841
105346,0.3393175
36797,0.9916095
33062,0.20703599
58598,0.96322906
440,0.07058768
30609,0.99149936
87451,0.0016607605
124350,0.7021635
2827,0.11693218
67832,0.52710366
50006,0.78197616
100838,0.43337044
11711,0.19274497
115495,0.8138238
117810,0.7140441
116844,0.79136395
21074,0.7518349
106683,0.26609093
64198,0.6536175
95221,0.09825177
123484,0.9631459
64318,0.6536175
116176,0.7165146
369,0.09642982
90659,0.0016607605
99447,0.57073164
106774,0.9835813
119480,0.32662445
21010,0.5670911
109022,0.049755543
66048,0.54931283
21355,0.6918944
27134,0.2161475
119630,0.7734534
28510,0.81765956
59453,0.9855848
105957,0.9761062
15016,0.5433016
90373,0.001663111
53497,0.7306155
84141,0.0016607605
49753,0.89163744
42880,0.9185979
44127,0.8855726
87398,0.001663111
76603,0.0016607605
6644,0.11329026
28361,0.16348033
105183,0.21585484
63238,0.29131874
58603,0.9882486
22076,0.8047892
225,0.09625954
105880,0.36713094
31617,0.9913025
39664,0.9570459
18667,0.82168406
12536,0.45734584
88643,0.0016607605
93566,0.5518315
95259,0.09849502
10676,0.6824099
31880,0.9845397
51799,0.8041973
57334,0.65270185
66203,0.20016752
20300,0.8706041
28170,0.26907006
5469,0.63236606
102885,0.10280726
14828,0.97659564
2895,0.7163426
103240,0.17343278
77162,0.001663111
5847,0.076479696
20063,0.11599569
58139,0.7214227
39532,0.9352133
33093,0.76114196
34285,0.40647405
3686,0.16576289
94370,0.20842865
107571,0.5635204
16287,0.709689
69155,0.5358177
107095,0.59021467
22005,0.8810287
31481,0.9721219
79850,0.0016607605
61363,0.9126099
65242,0.08482407
48714,0.9819041
63319,0.93983495
117018,0.17630541
41012,0.5711796
51005,0.72594
16198,0.18571405
98395,0.55037695
36281,0.53621
61237,0.8575903
1273,0.7801342
75620,0.0016799633
120373,0.32783484
79837,0.0016607605
110563,0.059575662
2347,0.40247166
89944,0.0016607605
44390,0.9892966
1503,0.9760725
36696,0.9889887
17060,0.14218822
55217,0.78151786
47482,0.9613314
24047,0.11961175
36670,0.4508761
124136,0.21170442
20766,0.29223743
48519,0.94854367
76710,0.001663111
39211,0.6207318
112661,0.39560077
102534,0.19871515
24640,0.9631993
16356,0.3289098
37321,0.9842843
62591,0.6597753
95606,0.81995845
26356,0.7180243
43706,0.9570152
51547,0.44877824
33147,0.83771086
93926,0.33564582
17865,0.9682672
95689,0.20240897
10684,0.17936914
84209,0.001663111
6353,0.62717545
94932,0.76195955
76725,0.0016607605
74684,0.6688592
76893,0.0016607605
23866,0.7240383
120383,0.18732561
31,0.33429444
6572,0.114104606
65212,0.40196225
32167,0.9947299
86097,0.0016607605
88092,0.0016799633
114729,0.6998544
31565,0.9937576
62906,0.18319339
22703,0.5693487
122720,0.22484915
91077,0.001663111
108999,0.018126588
1953,0.2545315
8822,0.18801594
27174,0.6760177
7966,0.61208487
112103,0.1621351
116163,0.45837614
60607,0.6818322
34302,0.12630934
7984,0.15155092
80063,0.001663111
70120,0.56896
75569,0.001663111
52987,0.8416187
62879,0.27737263
31048,0.67673844
23670,0.98468393
70479,0.22229666
87024,0.0016607605
59330,0.9127807
28483,0.83844143
97147,0.85252935
10663,0.6517403
66381,0.5644061
26943,0.5097136
9119,0.80777377
5581,0.9555166
109466,0.028161155
121596,0.8633433
31915,0.14539109
73227,0.3524361
59204,0.96335894
62625,0.39781803
112345,0.7346775
61969,0.9469763
113870,0.7515569
1414,0.17312953
50150,0.45305297
3231,0.6223086
53873,0.21581358
81069,0.0016607605
116080,0.8191405
112885,0.6432763
48499,0.49975252
91629,0.001663111
43391,0.9868302
71113,0.5017609
101568,0.5893277
119458,0.10290193
16169,0.08435701
66176,0.7353206
92257,0.56561637
75684,0.0016607605
74066,0.17740962
21099,0.7173513
102472,0.50253725
46268,0.9449477
120515,0.7317665
58656,0.97859883
63717,0.9072612
43055,0.9938083
60215,0.8470154
74104,0.104714885
52462,0.24076834
5580,0.96177775
93881,0.45628256
76974,0.0016607605
106818,0.9867475
58636,0.9948678
69124,0.62722296
115249,0.11788805
75710,0.0016607605
56713,0.60893774
9207,0.92089593
88445,0.0016607605
48659,0.9793553
40196,0.7828323
15749,0.03094383
19755,0.35350367
72597,0.27174655
104556,0.44849983
13967,0.023798278
24181,0.97776914
30187,0.9324285
21899,0.92948
112968,0.31257728
87925,0.0016607605
32509,0.18089415
62283,0.46615922
89631,0.001663111
123374,0.7803911
81539,0.0016607605
83246,0.001663111
117351,0.5357155
59065,0.6040004
90902,0.001663111
60698,0.97542065
61571,0.76976275
57725,0.80619615
58657,0.9709781
45744,0.13584928
82081,0.0016607605
25366,0.9620102
111400,0.08071979
112000,0.49631423
111567,0.56274545
34958,0.6782844
12172,0.4833865
36469,0.14462376
9744,0.19656608
32233,0.54566354
81357,0.0016607605
60574,0.9178668
106188,0.41629556
73280,0.12736161
33586,0.36969241
8438,0.13379113
61135,0.86752737
84221,0.0016799633
26967,0.7345566
13468,0.10859903
36628,0.8612463
57451,0.7440055
59008,0.8543656
63591,0.7882144
95619,0.5692794
76272,0.001663111
20402,0.86120147
39017,0.9773841
49703,0.8523878
98566,0.7078528
58377,0.45134237
49954,0.8918933
27268,0.14695472
96832,0.39203382
92754,0.124680966
119008,0.6142124
18701,0.52741516
72335,0.30114973
44853,0.9671205
84666,0.0016607605
117054,0.16114892
57277,0.95158726
99552,0.5518617
29100,0.7903842
96321,0.19240154
59011,0.8656574
22251,0.6960592
26033,0.4545916
123709,0.5364566
106439,0.7577358
51678,0.2798493
16663,0.6895304
77707,0.0016607605
47163,0.6267748
40647,0.3993543
90000,0.001663111
6313,0.2150964
121592,0.895566
87250,0.003950509
18135,0.98625165
25290,0.9573407
86968,0.001663111
75484,0.0016607605
122733,0.40987635
111437,0.13917212
123415,0.933813
67841,0.6086969
7681,0.88212276
101803,0.40565526
43155,0.37245423
100648,0.31959307
5524,0.49617234
55014,0.52606976
63056,0.57019615
42870,0.85788393
58507,0.88551044
87476,0.0016799633
44935,0.9476588
2835,0.36388558
22149,0.980612
113861,0.17419954
53909,0.32659227
103041,0.1145231
124396,0.8318602
79045,0.001663111
76304,0.0016799633
53503,0.8208629
81646,0.001663111
16705,0.15361412
34456,0.9932586
123719,0.371403
123217,0.8311677
71202,0.55668366
77602,0.0016607605
15846,0.062079366
88781,0.001663111
43071,0.13985482
26166,0.6603466
17478,0.9796317
103739,0.1402385
56171,0.6090358
94490,0.18631585
61449,0.99171025
78984,0.001663111
84034,0.001663111
124578,0.845128
30678,0.9888638
105821,0.40518373
2331,0.26602417
106030,0.11945446
96689,0.5603511
115952,0.7611674
4620,0.9807428
105077,0.14056729
80391,0.001663111
115451,0.73140854
31642,0.50619435
88988,0.0020445883
96492,0.6034199
69413,0.56600654
65702,0.47246763
6636,0.4122858
53231,0.97345996
112439,0.39865276
101644,0.50385565
10846,0.7084472
4923,0.9884886
77555,0.0016607605
59626,0.80198175
117117,0.17510612
93093,0.9935243
7870,0.11593264
12388,0.49899352
97154,0.67127466
37941,0.9871537
34625,0.82670605
35380,0.4273322
10764,0.5084146
62518,0.9873204
75017,0.0016799633
119505,0.895566
5981,0.031768322
2220,0.1673692
10867,0.12620348
76342,0.0016799633
108498,0.432285
122306,0.36776593
16905,0.35478875
92159,0.10911853
49120,0.6812153
45409,0.43634504
101016,0.5090601
17298,0.21155214
60966,0.5421108
83159,0.001663111
79515,0.001663111
85513,0.0016607605
61031,0.14485072
94839,0.38932878
109096,0.06768641
1038,0.97929746
116508,0.84476054
34065,0.5046477
91313,0.0048923306
114074,0.20919889
7211,0.082835265
59793,0.94144106
8657,0.49041757
66691,0.24075037
64913,0.7533204
106186,0.28009227
119483,0.7889971
86603,0.006104221
107181,0.9839244
88645,0.0016607605
81093,0.0016607605
107407,0.24815495
19852,0.8224981
105015,0.14190799
115867,0.8148854
6908,0.38321182
69216,0.16278926
114581,0.117002584
72122,0.1363983
108753,0.030061716
56000,0.60363513
59951,0.12660934
112491,0.67270863
74458,0.15352014
38652,0.9933609
9491,0.41744876
93475,0.13167278
53174,0.8303321
10913,0.22993898
6134,0.53565025
26077,0.13791458
124509,0.8424794
1442,0.17150933
2456,0.45107085
60296,0.8296533
121209,0.09470802
122853,0.22804947
87403,0.001663111
100767,0.46998522
85494,0.0016607605
123447,0.97970015
122017,0.5740805
109668,0.033025783
122311,0.7011468
89817,0.0016607605
32643,0.9912702
58328,0.99106675
25685,0.55778664
67337,0.21662824
48799,0.96134514
32893,0.797319
48401,0.58208656
115504,0.091247484
24414,0.055391233
112157,0.13868491
12444,0.2975729
36302,0.5375071
65458,0.97215027
101681,0.25652325
101787,0.26864934
71406,0.08299071
108727,0.02181797
14560,0.9815989
58055,0.7578198
29026,0.12085673
29299,0.46340263
57851,0.80246943
53513,0.507378
42990,0.9915605
32472,0.9832419
99564,0.159046
36859,0.81478494
104110,0.13401945
46514,0.9841743
77553,0.001663111
123772,0.4898849
28949,0.18621877
54269,0.6306895
118813,0.6725755
38741,0.7220342
106201,0.9457929
5498,0.1557356
25980,0.118036866
96150,0.4053354
38313,0.9637616
76265,0.0016799633
88470,0.0016607605
96519,0.12274135
121821,0.7839578
101978,0.33064997
78005,0.0016607605
36203,0.20299274
67489,0.50260204
20390,0.98692805
74763,0.69473875
83628,0.0016607605
114951,0.8437148
80784,0.0016607605
109973,0.12113049
10918,0.5774923
53164,0.80012125
106565,0.15690757
92467,0.1937127
90830,0.0016607605
20157,0.6373159
86782,0.001663111
63009,0.5225862
24368,0.17210662
69282,0.22232635
39787,0.9898582
5487,0.23445803
117994,0.120702036
67856,0.15454297
98682,0.29478604
50521,0.96839136
116563,0.22830871
70883,0.43666223
80893,0.001663111
14416,0.96847636
57221,0.17383072
51332,0.80596733
32085,0.99140984
42463,0.6876597
30636,0.99274135
62516,0.9855892
89471,0.0016607605
41640,0.7522271
74391,0.14408468
120482,0.7745232
113972,0.73444283
106157,0.29512978
108902,0.033110693
69434,0.26085714
13617,0.4336973
75731,0.001663111
70513,0.22530505
79035,0.0016607605
108167,0.7643583
95161,0.110918075
33457,0.45458072
86970,0.0016607605
108227,0.9862591
46851,0.2841698
11683,0.6681557
102077,0.31736955
52005,0.5330283
21085,0.67809826
47938,0.17237407
114674,0.10295513
28809,0.8284578
29386,0.35500076
16798,0.14827132
78628,0.0016607605
84322,0.0016607605
17554,0.6520316
31732,0.74807155
106395,0.119550034
109902,0.0635927
11455,0.114198364
92522,0.22040007
46229,0.79334784
87744,0.0016799633
81563,0.0071457317
98684,0.8252948
56917,0.93673617
63189,0.9722988
54428,0.57537466
51125,0.6029102
80369,0.001663111
112167,0.22890565
29077,0.26496655
118842,0.6878865
34982,0.95849013
58376,0.53643733
36358,0.9583269
27863,0.130702
82342,0.0016607605
62207,0.7631437
41918,0.7421889
96481,0.64801127
5830,0.16108051
73235,0.32583898
30454,0.9852444
10450,0.051138204
46458,0.847286
2174,0.3226697
78596,0.001663111
61979,0.5849227
53850,0.42228106
46673,0.9885766
17544,0.71639746
80820,0.0016607605
52078,0.94820774
103443,0.150938
59723,0.87750727
16367,0.116072655
44451,0.9886956
20487,0.85546225
47409,0.6360319
110494,0.043872934
116874,0.6686036
14005,0.95838106
24348,0.7903782
6284,0.21176355
29450,0.06850797
29838,0.21829711
28193,0.3858949
34885,0.463346
116193,0.8980501
43331,0.9586226
40092,0.9936008
54675,0.9765622
74811,0.12942225
7299,0.123003855
124091,0.1820305
108870,0.034367707
7319,0.18404621
31092,0.40631473
31794,0.99268943
115964,0.6056408
27009,0.49344724
20831,0.36575338
93803,0.33462772
62768,0.21141331
95369,0.17608397
89448,0.0016607605
64101,0.11756048
84802,0.0016607605
103687,0.5649393
46792,0.30251995
20576,0.85556597
105160,0.19690587
55410,0.6792115
31647,0.6858337
20131,0.032587774
21207,0.033356067
71518,0.6593574
27011,0.9385285
122904,0.9135456
29285,0.74022436
106262,0.9868494
48934,0.80441076
51574,0.74296916
109465,0.033739623
58264,0.9912243
124403,0.25171188
104177,0.23592782
15473,0.97129613
17917,0.20943342
18397,0.024841769
122252,0.15251571
79632,0.0016607605
35544,0.91277486
106632,0.15501444
48661,0.9739551
96877,0.6066116
115223,0.19554968
98902,0.36304304
40961,0.9848214
60164,0.84998775
59370,0.84089476
14467,0.9659732
22998,0.62923163
116052,0.88575107
69580,0.37534347
95233,0.094518036
8422,0.080199495
16375,0.0852059
7351,0.14991799
118686,0.5024307
7191,0.21199273
108595,0.9846139
111880,0.096623786
89047,0.001663111
106179,0.2381046
87994,0.001663111
27208,0.14967613
71571,0.375569
99243,0.22035925
15720,0.021129813
57004,0.9525695
4528,0.9007248
118006,0.13160887
78668,0.0020445883
19917,0.17098084
9598,0.5208827
40682,0.9888959
69953,0.54330945
103816,0.9537753
98908,0.40064403
22014,0.76066196
12604,0.61793196
57104,0.8214659
55109,0.80774313
108630,0.69969416
33741,0.7746265
4750,0.6142257
10342,0.38656545
92737,0.67031294
110201,0.10627778
116319,0.25756818
11877,0.15617175
109594,0.038156245
73808,0.33496886
12945,0.15982758
65704,0.66206974
13697,0.16111977
51348,0.14019175
78000,0.0016799633
97029,0.95200604
105723,0.3192892
106928,0.3921424
35401,0.8751726
106762,0.91184944
91391,0.0016607605
124657,0.98004454
13359,0.13358958
26037,0.13143554
26352,0.09016456
72555,0.19798636
24536,0.016496535
111336,0.11779484
58154,0.52073574
48627,0.55393577
53100,0.815565
101841,0.17273839
81772,0.0016799633
86331,0.0016799633
96262,0.16585268
111700,0.5315883
53269,0.9020746
46788,0.087014705
110355,0.3019787
7151,0.27996638
16658,0.69008464
24802,0.1390632
43089,0.123121
120984,0.42175668
123500,0.98034394
26633,0.8261141
8048,0.8216076
16547,0.75491947
35811,0.99489826
123068,0.9104866
88767,0.0016607605
72500,0.1914845
94804,0.3112218
5125,0.96015847
120286,0.7252407
64939,0.1385799
118452,0.44188756
7111,0.5602775
22216,0.9475352
7886,0.07708656
83416,0.0016799633
67334,0.16832508
12362,0.73992175
112645,0.77086055
99793,0.43980995
27223,0.22010039
105106,0.6288723
73053,0.99189734
53270,0.6456338
86235,0.001663111
81255,0.0016799633
83349,0.0016607605
68331,0.17366779
10934,0.47407985
1691,0.22675034
124245,0.7310647
9231,0.13579883
121011,0.16960427
28729,0.91857976
110450,0.10320032
107643,0.79256606
99465,0.38403484
94824,0.1464811
116811,0.7165343
74319,0.34004566
36468,0.20816934
29616,0.93696475
121783,0.6414058
16878,0.19409922
76014,0.0016799633
56025,0.6002989
35118,0.9827
49820,0.8662537
82478,0.0016799633
31076,0.92491424
87731,0.0016607605
60006,0.2293766
36364,0.9842062
15402,0.7999055
95567,0.31347415
50928,0.46908522
1356,0.9501096
25934,0.7611889
5535,0.35815796
49284,0.8095191
3127,0.15250723
36632,0.9744912
80026,0.0016799633
75399,0.0016607605
59864,0.81056416
123233,0.9436069
117133,0.49653634
79153,0.0016607605
69612,0.882035
42739,0.20268914
3974,0.5170366
115426,0.52697325
60695,0.9784782
109562,0.06842399
798,0.9456482
104922,0.12818052
106249,0.97541684
107880,0.23624012
68417,0.16230266
56571,0.8107986
84277,0.0016799633
120452,0.2715464
57273,0.9500504
123132,0.7760904
81439,0.0016607605
44373,0.9752905
259,0.35830814
70578,0.5923358
29791,0.17473349
111443,0.43347037
30875,0.98020387
7432,0.5154393
23172,0.5759998
120830,0.7125635
120469,0.43123952
10799,0.79544854
55889,0.5757493
93018,0.950798
4772,0.7401386
45998,0.9655475
36054,0.9696879
26994,0.75687337
70295,0.39225525
98098,0.11711552
81987,0.001663111
92712,0.124352045
29747,0.57633907
56578,0.6310862
30481,0.9937295
93141,0.97947717
101329,0.3158874
18520,0.79064786
123209,0.97269905
123563,0.8081938
111226,0.119078614
97181,0.1083019
87875,0.0016607605
37032,0.986725
42676,0.9904587
16238,0.53079987
66385,0.7101621
21237,0.025129529
57,0.6823223
93571,0.16862042
2074,0.96617824
6513,0.12792417
19074,0.8072065
5796,0.2975924
48146,0.49994564
121162,0.6777387
1243,0.9686487
87908,0.001663111
112194,0.37541953
74804,0.15478949
78423,0.0016799633
68509,0.39144957
1482,0.92146415
82514,0.0016607605
23205,0.82546335
38976,0.99314547
88708,0.0016607605
120054,0.3990699
123396,0.8397399
92451,0.3881913
25144,0.9473239
77044,0.0016607605
109115,0.029428666
14011,0.10786446
27527,0.2317165
89259,0.001663111
2143,0.15848061
57284,0.62910867
116953,0.81382006
44228,0.94055766
57702,0.44304216
29958,0.016310234
3602,0.10075372
43030,0.9911624
19019,0.762139
67538,0.48346972
77301,0.0016799633
49521,0.5783638
10277,0.086052455
106814,0.99192315
119996,0.13495986
109281,0.022428859
108358,0.6191806
21249,0.023554074
44010,0.3994346
87338,0.0016607605
48410,0.9747891
13334,0.110798314
13335,0.14753878
43919,0.9821807
58873,0.43821126
103149,0.2438545
112668,0.12460689
8653,0.44598848
52301,0.17778084
76297,0.0016799633
23649,0.9754773
10250,0.5018518
118929,0.6207705
24137,0.03004294
15173,0.37776148
20536,0.45161608
106,0.9676779
24923,0.82211715
61609,0.84545195
91981,0.034900855
78609,0.0016607605
90968,0.0016607605
61559,0.7654643
97346,0.7041774
56615,0.8149527
7199,0.2792994
95391,0.5922538
96725,0.9633011
86103,0.0016607605
37444,0.8545157
125019,0.7896531
48807,0.9730532
20818,0.100537375
103959,0.15430707
20268,0.7384036
41481,0.9920415
45531,0.08734223
73369,0.12841405
123030,0.7690918
58680,0.82363284
100895,0.9716109
17530,0.099121496
106858,0.4866272
121748,0.78177094
109617,0.015609754
94760,0.08633704
55975,0.41757736
117744,0.74697304
42079,0.11916305
99527,0.76946074
70,0.6801037
33029,0.034962695
106940,0.956138
66886,0.21249563
34915,0.46694493
90640,0.001663111
31564,0.6794774
1601,0.15859613
13922,0.22159532
7266,0.43353918
113981,0.13992687
78329,0.0016607605
23807,0.60317653
50649,0.21458218
233,0.29011124
98032,0.9909881
56714,0.9342947
2269,0.97583663
52737,0.7061055
75518,0.001663111
86759,0.001663111
102693,0.19876914
6112,0.055559784
51648,0.7164639
74718,0.34647885
69667,0.9779507
83305,0.0016799633
119809,0.19294035
99567,0.13917358
90895,0.0016799633
26139,0.5102705
59505,0.8891542
70122,0.6878335
45044,0.47586596
107081,0.8152588
49780,0.7943604
86901,0.0016607605
52711,0.6658961
6913,0.189096
31832,0.90831935
44842,0.9485206
75889,0.001663111
121924,0.24174596
96907,0.14314678
60903,0.7250059
88880,0.0016607605
105136,0.2366336
76772,0.0016607605
103498,0.17809229
110874,0.06651752
60712,0.2059586
5080,0.9898337
8796,0.29155242
6411,0.46380842
16916,0.16419585
84069,0.0016607605
47126,0.86569893
61525,0.93136233
88817,0.0020445883
32516,0.16606112
114897,0.8947592
70221,0.36886096
85761,0.001663111
51272,0.69910425
43815,0.8275033
105708,0.57809204
89904,0.0016607605
87463,0.0016607605
69780,0.87039125
6439,0.5069427
113886,0.7667058
67194,0.1224273
898,0.978515
22848,0.6658782
124300,0.61553913
31033,0.57017976
71014,0.11150331
73710,0.11792445
78502,0.001663111
48835,0.80896175
117634,0.1349818
67385,0.4163432
29032,0.4948896
72830,0.6189773
76094,0.0016607605
107815,0.2506361
27489,0.12637177
82890,0.0016607605
58760,0.83280516
11604,0.40790656
60310,0.50031686
19483,0.8157811
111147,0.6821796
110492,0.02069703
27158,0.6119164
45183,0.5024205
122600,0.81030846
21903,0.8174367
120506,0.6543873
94040,0.92315906
101835,0.18941352
33647,0.17439356
19752,0.362083
46390,0.7314422
947,0.93580025
5747,0.0802695
4708,0.3636405
95302,0.10313292
81106,0.0016607605
22547,0.055391233
104128,0.31075284
15269,0.06631485
39292,0.8880644
116774,0.17197448
41682,0.827032
80175,0.001663111
7457,0.56439954
84041,0.001663111
31835,0.97846895
89394,0.0016799633
97178,0.09816823
107597,0.08600272
99594,0.50236654
65540,0.16460964
83290,0.0016607605
20124,0.02935766
25194,0.9851264
20953,0.7274261
27407,0.63215935
48109,0.9692636
124032,0.15263681
94901,0.5575972
99756,0.31116807
18371,0.033356067
116343,0.93736154
20031,0.9624916
87072,0.001663111
120502,0.7489735
80631,0.0016607605
90694,0.0016607605
93376,0.1395329
75018,0.001663111
39888,0.9936008
100520,0.25535664
86439,0.001663111
8331,0.32674298
98093,0.31555974
118717,0.7054179
92439,0.70701844
93785,0.60219693
105310,0.646611
119820,0.17521422
120249,0.6187099
105895,0.9657192
117858,0.7065479
41045,0.4746248
52435,0.6115599
10466,0.051138204
123163,0.80384254
5727,0.15093356
63251,0.7647527
41437,0.9857394
15940,0.7138021
63818,0.85124946
62533,0.9442578
1506,0.98362535
13804,0.11091381
23712,0.9866636
107757,0.3173133
107733,0.24090007
38035,0.98691666
5819,0.76946074
11639,0.10382656
105888,0.8829191
109917,0.11711907
89254,0.0016607605
6897,0.63507223
102375,0.43239623
85217,0.0016607605
37456,0.96710914
3645,0.12263794
118,0.77084804
15207,0.9226981
57229,0.62910867
77646,0.0016607605
37411,0.9898127
34770,0.098228216
95615,0.7269477
51907,0.786345
19336,0.13493028
78487,0.0016607605
122481,0.25441727
78915,0.0016799633
38780,0.6019555
54027,0.7641741
65535,0.19764467
6074,0.7429085
89641,0.0016607605
112263,0.5338943
27441,0.24735206
100837,0.43337044
23133,0.52705145
74599,0.9802551
65276,0.22561322
121675,0.7833689
25504,0.9673045
107064,0.94444025
74037,0.13380748
92552,0.17237778
56500,0.95937556
34063,0.03145794
47041,0.13130343
79306,0.001663111
99996,0.50243586
26331,0.9596205
15003,0.35162136
123877,0.18542066
28979,0.72789115
4016,0.7833001
60314,0.84791344
89613,0.0016607605
67135,0.21992232
121318,0.76134187
81376,0.0016799633
78474,0.0016607605
101550,0.22183406
73613,0.13235028
100370,0.4222243
64301,0.8307621
18485,0.6926191
70923,0.9099174
58712,0.8057529
102062,0.13188443
26556,0.44780484
33086,0.98609865
96946,0.93899715
96920,0.7127488
110073,0.05813264
103723,0.5097409
13164,0.19487365
13428,0.49729046
103914,0.34946907
105140,0.117454566
12939,0.41653377
60313,0.8753439
55017,0.5508004
66890,0.36159322
55406,0.64555544
47848,0.5911172
31508,0.80256534
106516,0.26396537
74263,0.2564447
113839,0.717075
9115,0.86623484
42133,0.99011093
119935,0.65119004
60217,0.90265155
60065,0.7726106
27123,0.66931015
95209,0.14185892
96748,0.97952056
30493,0.9925127
16952,0.19422315
24338,0.15129337
106967,0.58118844
120906,0.73456264
10512,0.08353582
2616,0.5842485
89162,0.001663111
107590,0.10643151
11843,0.04204435
16897,0.1406322
112416,0.15050887
91753,0.04119679
62192,0.5612556
42557,0.55131966
23703,0.97947824
57474,0.6304484
86851,0.0016799633
6872,0.24516019
115912,0.20230126
106399,0.1738847
78100,0.0016799633
87683,0.0016607605
39393,0.22821972
12039,0.79675776
4990,0.9066355
77714,0.0016799633
42519,0.9896604
5512,0.6018088
106041,0.34206173
9679,0.5006859
39885,0.9926432
34399,0.47245252
115976,0.8930151
6323,0.605529
20066,0.058680978
41767,0.78108186
122187,0.8671076
70938,0.96699053
111441,0.20622131
10607,0.16014145
45758,0.8827471
34863,0.6609722
3083,0.1067162
118559,0.55519736
117500,0.12323914
91767,0.1873047
8338,0.11240706
119578,0.12496208
115377,0.42669255
1830,0.7734617
29328,0.74512655
24093,0.033356067
105331,0.19093584
84568,0.0016607605
115324,0.36191696
83087,0.0016607605
797,0.5284585
105167,0.35781464
37313,0.9759188
72002,0.090314835
123946,0.97810674
48212,0.9843386
14921,0.07661641
68568,0.672641
78465,0.0016607605
9016,0.11724214
38591,0.9842749
88033,0.0016607605
69584,0.6908632
80236,0.0016607605
120723,0.16164294
33945,0.97938603
62330,0.9892139
102320,0.107821904
107567,0.6279351
105818,0.15548511
9471,0.7167297
86066,0.0016607605
57278,0.9669899
28463,0.28586638
86701,0.0016607605
8625,0.5882357
67244,0.6390207
106619,0.3728822
120407,0.07546974
53934,0.46023557
112362,0.7152382
22855,0.6541015
111106,0.12737021
54313,0.7895267
46018,0.1945959
122973,0.27373764
79295,0.0016607605
17421,0.26953858
95345,0.15312833
39371,0.44916207
38230,0.5443272
99632,0.5816549
56636,0.30146673
20360,0.9454258
6598,0.2150964
25173,0.9818063
81788,0.0016607605
80203,0.001663111
1912,0.9671271
107950,0.14783081
114116,0.2561701
64627,0.38397723
85952,0.0016607605
66314,0.806246
39845,0.9353615
113606,0.07682527
63128,0.72946006
19038,0.7044785
5834,0.09959148
47427,0.2841698
94715,0.13946594
27388,0.17031753
37653,0.75574946
99175,0.42304307
16655,0.17471693
18197,0.8174156
63361,0.73773116
15875,0.59705395
122718,0.75541615
83098,0.003950509
110543,0.10947201
52261,0.25406128
87435,0.001663111
50679,0.6282382
91413,0.0016607605
50281,0.36712044
108333,0.8297313
111319,0.5668329
93626,0.73288995
82953,0.0016799633
2883,0.093290396
116801,0.7692189
8460,0.19205199
105984,0.98793215
101019,0.08658591
91256,0.0016607605
48509,0.5585941
21758,0.91708153
117284,0.49566963
10408,0.5786236
22419,0.9728776
58011,0.8330207
70516,0.2202934
84279,0.0016799633
122412,0.40372133
59395,0.5837744
76745,0.0016607605
98998,0.0727019
70854,0.6220941
77580,0.0016607605
110438,0.03384136
114811,0.81888694
74821,0.123252116
63924,0.40160823
46087,0.0633603
17465,0.9683146
96705,0.627682
84622,0.0016607605
13728,0.05657948
76506,0.0016607605
113673,0.8547017
21962,0.11293532
84690,0.0016607605
98965,0.2784459
29486,0.45905623
2098,0.15926923
50827,0.19370887
117671,0.6540099
21910,0.805041
43888,0.96921104
90862,0.0016607605
40137,0.7922207
9391,0.39169508
67091,0.27313682
18224,0.88422716
30837,0.9950322
55286,0.85678446
116601,0.8131321
97672,0.84256566
22169,0.9843203
121167,0.17912154
45985,0.8724237
113512,0.1925903
76687,0.0016607605
93275,0.6438339
112545,0.58292997
115271,0.8348654
19651,0.96205986
96838,0.8143104
41127,0.9872916
104880,0.3246261
113737,0.07108431
112357,0.73917925
33338,0.91125906
46331,0.15149802
101014,0.38830072
108230,0.98560876
79694,0.0020445883
124037,0.8804351
124393,0.36717
5370,0.24183004
117982,0.1410245
621,0.977976
101603,0.21992324
106432,0.14615488
51707,0.1561216
69859,0.48200962
68660,0.6965381
114048,0.27984482
25107,0.5932478
2972,0.6035041
71817,0.32079238
14449,0.9788835
80665,0.0016799633
32635,0.9912702
69894,0.1885541
90687,0.003950509
112993,0.37720713
122810,0.59001255
57748,0.76741004
61166,0.877931
90935,0.0016607605
88197,0.0016607605
89298,0.001663111
42395,0.11060467
5815,0.18746898
26158,0.43579438
72413,0.21916892
59950,0.29320306
106096,0.9021621
114935,0.34046063
67284,0.6604536
507,0.78953046
82404,0.001663111
89907,0.0016607605
61530,0.63959575
71072,0.75476295
46493,0.849125
4440,0.37006304
121312,0.1894188
23046,0.97738284
82141,0.0016607605
80045,0.0016799633
82463,0.0016607605
60686,0.7717631
33944,0.97500753
56576,0.83128786
44859,0.97456884
39802,0.99479467
61958,0.7396176
55080,0.5781084
58256,0.98941165
94720,0.36150244
94887,0.14515275
80572,0.0016607605
63941,0.86752737
113559,0.5791304
89693,0.001663111
117150,0.14140967
105699,0.4946625
124772,0.814247
27513,0.23104607
32598,0.9777075
1005,0.9838255
29331,0.12723869
119417,0.68447983
29230,0.25167716
5301,0.91836536
14343,0.09525088
49501,0.31289193
99262,0.50005734
59297,0.7505626
39925,0.7645793
16467,0.48677883
82406,0.001663111
36686,0.98500025
63738,0.93394613
74867,0.40823147
85683,0.001663111
116096,0.8520151
8921,0.6756725
70329,0.17644061
101327,0.11016386
83406,0.0016607605
3218,0.7023278
46273,0.9758518
102096,0.7072796
76053,0.0016607605
91717,0.0016607605
3905,0.3318558
71834,0.20358758
52448,0.18099885
67540,0.31137422
35917,0.44164523
124070,0.8511409
5401,0.84039646
111370,0.08263956
59672,0.87550896
6136,0.19699204
12987,0.11026599
89460,0.001663111
86446,0.0016799633
114090,0.2504539
122956,0.91775745
8868,0.7687703
55027,0.6995002
3916,0.5149405
36299,0.94357306
104022,0.17860225
29754,0.39866278
45416,0.88445294
37631,0.9824691
38960,0.9812634
26593,0.5784828
38685,0.9914119
23241,0.9518556
84103,0.001663111
99694,0.5646948
65813,0.43974227
32869,0.4561931
129,0.92217773
23165,0.47085407
64214,0.7286112
113197,0.201828
62174,0.99318886
92004,0.022193586
94889,0.16353472
42765,0.9325134
60530,0.82710093
68961,0.2914752
48290,0.7352982
4491,0.73179144
48102,0.76465136
95737,0.24503647
120195,0.87505764
102516,0.54867387
34636,0.94863033
122509,0.868705
87423,0.001663111
100263,0.3590658
79019,0.0016607605
80197,0.0016607605
103458,0.16557632
78691,0.0016607605
106062,0.28751057
110792,0.028520674
27905,0.8518452
105034,0.5388924
89270,0.0016607605
55774,0.84032035
18363,0.17303297
111322,0.12379391
109731,0.025654212
67643,0.16297892
50635,0.75327075
40011,0.48132217
55321,0.668852
46219,0.98819655
113422,0.7632744
57000,0.84205717
86162,0.001663111
23800,0.86458087
46010,0.1926985
4711,0.86985993
31450,0.38049683
75356,0.0016607605
90462,0.001663111
112988,0.22309162
115845,0.20919889
121875,0.463399
41954,0.84389114
105990,0.985933
34413,0.98023456
105969,0.9757175
44043,0.28650403
6250,0.7280425
26772,0.8552239
100493,0.50236654
28893,0.903351
100052,0.15607588
86870,0.001663111
24500,0.025129529
51596,0.4418304
108675,0.6731487
20465,0.19194447
36353,0.9591374
33512,0.13483952
109530,0.08448084
114264,0.24295738
33605,0.14449969
71252,0.24597928
5326,0.62468123
81262,0.0016607605
84102,0.001663111
22447,0.98227763
17695,0.40338683
26268,0.6255501
76166,0.0016799633
17231,0.5554774
59103,0.8639161
107226,0.9927563
49242,0.57684624
3866,0.23185766
64865,0.9108114
102380,0.14384703
71926,0.07737823
121743,0.8000637
66615,0.12310303
5094,0.7473211
113125,0.6857945
71995,0.42936394
78107,0.0016607605
109139,0.071933754
44667,0.8650019
89617,0.0016799633
52983,0.844761
109699,0.028403651
44282,0.6129278
93543,0.122888744
2867,0.080794394
41996,0.78963095
88996,0.001663111
9602,0.5208827
53449,0.8822879
10961,0.19871515
21641,0.72194624
38445,0.9608055
31805,0.9936753
89073,0.0016799633
114613,0.84556365
7464,0.56274396
76196,0.001663111
45215,0.07169584
4092,0.49385476
63518,0.98674715
51108,0.2005729
44146,0.7960121
35568,0.5576125
82331,0.001663111
99726,0.4094288
33142,0.8656273
116807,0.65026456
105428,0.83776283
8909,0.35230702
53463,0.8931681
22383,0.8923202
30147,0.019772207
2789,0.3424156
41083,0.18077475
119982,0.34772468
25021,0.42899
104169,0.55877435
47943,0.93951064
115656,0.76580906
52453,0.50338376
69533,0.18083872
18413,0.6623412
14850,0.07469836
117496,0.38488668
22143,0.97754806
103096,0.5559408
75622,0.001663111
41418,0.45915502
49795,0.86955124
109036,0.05326249
91628,0.0016607605
58816,0.9115838
97385,0.80386794
120566,0.2559586
23552,0.9701549
98330,0.18536949
71656,0.12223034
119972,0.43401074
30100,0.024957241
42564,0.9436209
39773,0.9591576
81067,0.0016607605
74957,0.0016607605
38643,0.9929597
86298,0.0016607605
54383,0.95463294
104950,0.26062992
18576,0.9650533
63485,0.88168997
102456,0.7518028
64454,0.9934558
123292,0.82389396
121975,0.6857523
33213,0.084493235
2988,0.6334465
63102,0.90817255
54983,0.5142236
32105,0.77783036
72997,0.9856053
65271,0.7371172
112193,0.13188188
50622,0.31435317
70183,0.62274766
92774,0.71242607
108996,0.009549851
14720,0.97808117
118982,0.19959688
40462,0.616741
106600,0.15572536
50709,0.8474069
116546,0.7442645
92882,0.9469368
111732,0.16988096
12894,0.1432099
100874,0.54565907
88957,0.0016607605
48263,0.35030803
38842,0.9897355
25856,0.08129479
49570,0.5767737
6053,0.6813434
109015,0.07220024
47059,0.09254392
60109,0.5561777
46929,0.7920447
4873,0.8609485
119681,0.32530585
14261,0.07146431
91658,0.0016607605
74207,0.23767382
64355,0.74680305
20974,0.84123087
99494,0.13692342
42473,0.9360021
31727,0.98987246
7375,0.16849746
61116,0.9755558
75047,0.008842548
18325,0.08087187
98991,0.07938622
119956,0.15776141
91627,0.0016607605
91757,0.013870729
45771,0.37421295
123114,0.7400699
14154,0.9744607
41676,0.13206501
65020,0.8118789
123207,0.96992916
55798,0.98014873
105931,0.8169103
60487,0.91052
89740,0.0016607605
44386,0.9848721
93092,0.98735285
73904,0.1262636
38771,0.951699
35496,0.98377395
16869,0.47169378
111796,0.110927336
34923,0.98636013
30058,0.098776855
117048,0.369125
76311,0.001663111
3225,0.93031853
52553,0.5682197
59551,0.99119884
114136,0.06452724
111797,0.098972015
86611,0.0016607605
113055,0.5771707
99186,0.17117222
53382,0.94063795
63172,0.964461
4379,0.9897764
48991,0.94766676
76690,0.0016607605
73305,0.40165162
90244,0.0016607605
66944,0.17421609
102250,0.4288145
32623,0.97755027
73622,0.10441285
40207,0.9238321
78899,0.0016607605
42570,0.8238865
71048,0.22229666
66723,0.92377675
44425,0.9757765
23270,0.71474296
97714,0.6992466
51082,0.1668224
92189,0.16814983
31854,0.9547248
25043,0.49922436
10101,0.2737845
118365,0.7312185
16418,0.06449662
116039,0.48940292
121021,0.7957152
58787,0.77435213
102953,0.19805788
74187,0.24275368
26524,0.5476268
67351,0.38912195
17039,0.14343332
76790,0.0016799633
58345,0.96622443
88101,0.0016607605
17583,0.6541015
11166,0.12752698
13669,0.4563198
52328,0.23743336
103772,0.30779728
36370,0.98867
16972,0.40761924
125142,0.8839011
113756,0.66623014
40356,0.99467224
19060,0.41890937
47756,0.14451686
33008,0.033263836
93218,0.610891
109004,0.0270796
84487,0.001663111
116931,0.75733316
30230,0.96448994
4036,0.14148158
54189,0.16015442
57594,0.9449484
51185,0.8006053
104370,0.23359826
116013,0.6446798
13805,0.7406958
62050,0.7483197
26340,0.61248636
95685,0.27316326
29939,0.019772207
58931,0.9511578
5561,0.7570335
24641,0.55095536
54984,0.6940341
76588,0.0016607605
121156,0.4720387
1388,0.84842604
99399,0.928468
114457,0.7994199
75699,0.0016607605
46,0.8269896
88031,0.001663111
67122,0.20845869
118290,0.18980268
44966,0.44243208
58460,0.8393079
50043,0.14163607
34440,0.9918783
6520,0.08343625
70808,0.39076367
103388,0.12102975
5970,0.05065336
12126,0.07474598
86539,0.001663111
51231,0.16576251
31549,0.46057352
11592,0.7502516
88388,0.0016607605
16463,0.7248721
93998,0.5923956
37319,0.9681051
102065,0.11400093
12421,0.13711649
49298,0.26191363
97429,0.9294767
64793,0.7831926
65461,0.4564633
116961,0.84962255
2225,0.33410445
71909,0.47878635
22929,0.8241952
11967,0.07192507
29367,0.14539035
110549,0.042129233
98422,0.06734263
87118,0.0016799633
31682,0.4704164
8128,0.5818439
5413,0.92165184
87797,0.0016607605
5640,0.99000365
21175,0.058680978
114486,0.19905782
72287,0.6818349
31088,0.92491424
37138,0.9937576
30635,0.9945351
11223,0.96700054
38899,0.60324806
22954,0.97906506
46211,0.99242085
28940,0.62721395
106357,0.99486613
52608,0.80209154
63410,0.9233612
120211,0.75399435
36332,0.80639035
18315,0.13970935
49496,0.08702099
113662,0.71809167
2991,0.58664954
23442,0.46201202
68010,0.18337461
75549,0.0016799633
238,0.08849282
71871,0.09247745
47869,0.9088678
58166,0.7796764
32485,0.17807339
60386,0.9178391
107307,0.94812787
94800,0.14077465
29848,0.122614466
49430,0.7390754
14747,0.81349653
17006,0.8031465
98803,0.13814823
116196,0.5759427
26894,0.14369069
77931,0.001663111
44610,0.99216604
60046,0.121039465
95343,0.1744632
32647,0.99286216
73113,0.20319614
71006,0.7314825
36857,0.5922476
96599,0.77560335
116023,0.8221749
44671,0.9353615
104402,0.34437314
120857,0.48362437
15338,0.1903121
49410,0.9765203
29760,0.88745904
40048,0.8201087
75071,0.0016607605
15434,0.9775554
40134,0.87661964
44291,0.94447607
102074,0.697947
87141,0.001663111
42031,0.9799903
72368,0.7584504
82450,0.0016607605
19940,0.5274996
68831,0.030308504
60380,0.86702424
46654,0.99010545
31556,0.46038717
66584,0.13542782
94126,0.6603435
109702,0.015333062
6005,0.026191946
98322,0.56961733
51398,0.82110095
114444,0.95172316
4878,0.93094534
52743,0.82743776
86081,0.0016607605
36926,0.83560276
119532,0.42048424
94875,0.17090918
8620,0.707458
93812,0.830171
79016,0.0016607605
42494,0.96615046
65054,0.8718175
108768,0.011728164
14504,0.98021257
46013,0.8664948
91324,0.0016607605
70468,0.10081033
44299,0.49040517
90737,0.0016607605
108937,0.022007655
11109,0.07985649
21889,0.84309316
31306,0.08001948
57370,0.81622154
107091,0.98372966
29778,0.4140365
4510,0.75813407
115074,0.7469608
24580,0.014228978
29043,0.74471366
40552,0.7679995
3677,0.047935184
9922,0.4945779
14293,0.08824778
97730,0.1299474
111897,0.72581196
2496,0.49507692
3078,0.26783517
84098,0.0016607605
62064,0.8435222
24745,0.97784823
35287,0.9607324
30685,0.99044514
104776,0.19892879
67792,0.13599683
109213,0.06889736
77977,0.0016607605
120513,0.7391268
124351,0.8302177
83103,0.0016607605
53026,0.82285964
2700,0.31076694
41232,0.72884136
89886,0.001663111
101659,0.91168284
75255,0.0016607605
111729,0.5668329
26934,0.7668347
39175,0.9424741
15760,0.028245902
38094,0.944456
15512,0.6244245
55949,0.9451158
96759,0.5375218
20910,0.6116351
58533,0.89781183
91164,0.001663111
106453,0.34364408
17896,0.9023454
62799,0.6500672
52186,0.4117375
92330,0.30364457
109354,0.020141024
87773,0.0016607605
74942,0.9685097
94670,0.20421089
63162,0.8222271
94461,0.10997959
105124,0.56283605
13487,0.2972071
111360,0.29580432
76312,0.0016607605
92209,0.35525534
121231,0.9077636
13991,0.907943
7188,0.30759296
104719,0.41637918
73319,0.14986621
103752,0.115461566
66742,0.35695493
67532,0.84781903
75360,0.001663111
28804,0.7308758
2237,0.96311706
23083,0.62016654
82784,0.003950509
4516,0.73940915
23443,0.66831714
67499,0.3618003
55498,0.8473312
82555,0.0016607605
35931,0.986796
71804,0.51418036
2119,0.1677362
105884,0.7889692
41309,0.7411449
56430,0.8491911
92511,0.5197275
108512,0.29448545
58806,0.8660131
105927,0.51973563
91776,0.010371367
33152,0.24880861
97776,0.29533243
70749,0.17842135
105229,0.17727898
119013,0.75448155
10959,0.34991473
19717,0.7131251
122897,0.11596197
60570,0.5813516
76743,0.0016799633
325,0.68297297
12335,0.58908683
22729,0.6462217
74992,0.001663111
104335,0.3587859
48796,0.9627671
11930,0.10021485
84550,0.0016607605
108042,0.2729088
54488,0.20470378
113704,0.71479666
39145,0.9938783
117458,0.2863224
112713,0.58095264
112094,0.6247043
33916,0.92877454
38621,0.6484288
62084,0.95989555
62286,0.9297134
39467,0.56784797
71650,0.21972568
79843,0.0016607605
84676,0.0016607605
60302,0.8686996
94518,0.7002612
117850,0.5305549
110975,0.09585815
74728,0.3405569
36991,0.9878841
15669,0.09017396
102013,0.4737102
46072,0.39396432
31026,0.9865579
25775,0.18844442
83511,0.0016607605
17165,0.6504434
19831,0.7547671
111618,0.1453801
23293,0.7430629
74309,0.6570525
31589,0.99333465
75383,0.0016607605
20805,0.8202346
56338,0.8657005
25446,0.45185438
46938,0.7793725
27387,0.14915848
60332,0.71080923
90866,0.0016607605
73932,0.18657754
90969,0.0016607605
65735,0.9479642
31402,0.6926059
99197,0.15303297
62696,0.868276
78182,0.0016607605
80549,0.001663111
23286,0.70494753
16519,0.8052297
16063,0.07435722
43989,0.9934762
55187,0.52038276
40103,0.19368364
51614,0.6949349
89619,0.001663111
93024,0.6133403
94517,0.25656918
76071,0.001663111
124608,0.9060922
16699,0.32526627
98597,0.6960047
63111,0.84285206
27363,0.57465273
108987,0.026464012
69028,0.67245024
119259,0.74922717
20542,0.52994144
6900,0.19887242
93263,0.21715857
114144,0.06535569
79784,0.004626261
36224,0.294229
37143,0.9930515
73925,0.57857364
69956,0.45041257
84893,0.0016607605
2582,0.14459606
46697,0.99139047
30944,0.95437175
10589,0.07545516
19895,0.06815957
118581,0.138184
88615,0.0016607605
12103,0.4982635
95568,0.5908106
45235,0.55256975
23848,0.18171574
21299,0.036368795
52259,0.76336354
92294,0.092103414
124448,0.9373477
64344,0.36881036
14867,0.91667736
113356,0.42728043
99612,0.7076745
117085,0.2162468
103943,0.39566517
31761,0.9737447
73985,0.16226602
124768,0.2430487
63012,0.84545857
81874,0.0016799633
4973,0.9321177
54519,0.656373
90916,0.001663111
75318,0.0016607605
50200,0.13469888
28520,0.72299534
65464,0.51837337
20164,0.7162484
18089,0.9684383
63833,0.15948191
80061,0.0016607605
36543,0.9803109
53243,0.98732126
103213,0.15054145
67374,0.53764296
108466,0.19037597
91712,0.001663111
1479,0.58519226
96995,0.29945245
35497,0.982038
12406,0.48076066
74941,0.9685097
68192,0.7933
114708,0.7440356
123387,0.7741786
20780,0.8131249
122815,0.16479892
123893,0.8264869
71124,0.38831496
73479,0.40178773
38934,0.9295092
110794,0.057374626
119965,0.7886363
82825,0.0016607605
2227,0.8842242
20485,0.6828758
18408,0.027666735
14431,0.97391385
121319,0.56652784
112961,0.5459936
37749,0.986725
102892,0.4336192
46974,0.4508703
13854,0.569283
53181,0.5127843
116458,0.725355
42410,0.9716026
99577,0.5582739
45575,0.6208873
101488,0.5475647
48430,0.98138386
122167,0.8307817
94675,0.21017799
54876,0.9600249
122880,0.22274025
28332,0.21168458
64203,0.55018955
103440,0.31825033
66619,0.10108418
65808,0.5716547
119217,0.47579056
85117,0.0016607605
1868,0.81730413
94241,0.98638874
7206,0.14963299
81099,0.001663111
41920,0.8193287
101602,0.4557426
76468,0.0016607605
71301,0.94290257
25129,0.9414691
86827,0.0016607605
119000,0.36732486
65802,0.5716547
7490,0.13623618
48945,0.097652294
118930,0.21353029
2422,0.60118824
112537,0.62452275
103714,0.2877532
109509,0.03512442
51022,0.8475437
30365,0.98980683
27806,0.4988029
12485,0.5007589
27460,0.22677699
20000,0.9514079
26700,0.61010206
105029,0.07390099
118055,0.77238923
24134,0.027375411
80466,0.0016607605
59434,0.9578345
72464,0.16204204
20130,0.033356067
90984,0.0016607605
36434,0.43412897
117846,0.5305549
33433,0.25634477
102513,0.08741509
106848,0.9690138
54386,0.97605896
96,0.54263955
5717,0.1423526
95752,0.5507021
75105,0.0016607605
7131,0.1013866
58826,0.47147956
25131,0.7965341
67207,0.1506901
117913,0.1617758
96424,0.5222842
18666,0.72564757
43881,0.94743377
50069,0.15422209
63426,0.9209461
86134,0.0016799633
119101,0.19552866
1069,0.17955042
76277,0.0016607605
9578,0.9100189
56490,0.86486876
58850,0.73442286
14757,0.96373844
103387,0.12867789
46936,0.6932337
80630,0.0016607605
60287,0.80900365
122254,0.16155791
93979,0.13286148
31110,0.45755607
49604,0.79059535
33442,0.12058416
78359,0.0016607605
66493,0.25372592
57837,0.775346
102869,0.116446
24530,0.016496535
72665,0.16800597
41466,0.9889148
33036,0.4225952
102415,0.09451714
103696,0.22325984
59122,0.29816526
85688,0.001663111
91833,0.014830617
20622,0.8796059
79152,0.001663111
58066,0.79035455
79257,0.0016607605
124262,0.9124044
61611,0.14549282
20718,0.13228688
22177,0.98736155
110507,0.022902353
39980,0.45105675
115694,0.20398362
88046,0.0016799633
48003,0.62589496
32593,0.9556598
70106,0.17390229
20589,0.13592859
71463,0.62814605
124381,0.25777262
82791,0.001663111
36848,0.9858165
73981,0.16840172
55353,0.84320456
92949,0.98982924
66059,0.24270555
18441,0.07363043
108032,0.15702644
55925,0.49020657
9545,0.49197796
103883,0.5694664
50401,0.14182737
102421,0.10246472
111679,0.08882975
28807,0.7468299
64400,0.4098861
56690,0.98998916
18302,0.66286516
94318,0.59515595
80553,0.001663111
121775,0.22611947
95728,0.5818323
7249,0.70922554
122870,0.2875495
77039,0.0016607605
3089,0.15670478
44357,0.9898089
35676,0.9936753
68603,0.14623152
38997,0.9661332
122053,0.7620515
68112,0.607265
8393,0.097321525
53131,0.79300386
36737,0.46020997
5755,0.6570864
98123,0.54656583
13358,0.1800673
103155,0.21318352
43280,0.5701856
64999,0.8282544
118779,0.30996272
102374,0.1508102
19259,0.90791893
33956,0.8850017
12299,0.42916906
109160,0.017843615
11528,0.038602535
82885,0.0016607605
4600,0.95986307
88199,0.0016799633
58508,0.91198504
35057,0.71342194
72058,0.55522877
114082,0.11618084
28908,0.9385285
80059,0.0016607605
49609,0.82392746
35972,0.99489826
104094,0.341694
13644,0.4438996
70486,0.19172242
12268,0.19245057
52915,0.079871066
124830,0.8424743
110418,0.036208447
21441,0.9759596
40965,0.98661184
82770,0.0016799633
76792,0.001663111
14578,0.9199726
66580,0.13137953
27707,0.61451787
28450,0.22514796
121922,0.8803106
39770,0.9737496
33503,0.4526464
48620,0.97386813
22793,0.654686
92387,0.14793444
36967,0.9580016
360,0.44133908
67943,0.17876706
560,0.84893423
71638,0.7083403
106752,0.36752942
19078,0.73035
63642,0.88932717
38501,0.13597937
8063,0.13472013
109745,0.022405995
110388,0.02002428
4791,0.33491838
57775,0.5766625
118654,0.6453803
73350,0.14580226
11545,0.02630778
59363,0.9461991
101933,0.65655905
74996,0.001663111
11105,0.08361098
95363,0.27676737
93051,0.7196962
85191,0.001663111
104411,0.21355739
105394,0.6070894
57290,0.88823646
7335,0.6915799
69211,0.59616876
102381,0.07170737
119938,0.7564515
73174,0.34390837
53914,0.47109997
70989,0.15039586
13511,0.19600098
10271,0.1227791
891,0.97484946
91676,0.001663111
89013,0.0016799633
8798,0.24940495
108286,0.52576125
16940,0.65809363
46817,0.13222677
61762,0.80813974
79501,0.0016799633
121161,0.21208669
18213,0.8435793
65917,0.45737097
46868,0.9315752
55215,0.815478
86846,0.0016607605
121418,0.4898849
26858,0.9894623
71764,0.06699392
56050,0.92803824
60458,0.4332197
87942,0.0016607605
39540,0.65425134
98820,0.12604588
123383,0.81295073
50855,0.70012254
117507,0.6663661
62342,0.89762133
115012,0.5242083
38297,0.9844184
12637,0.55171967
83586,0.0016607605
106203,0.94346124
41052,0.9657849
99692,0.5107747
7835,0.6092128
53578,0.73956406
67185,0.20093806
34165,0.509651
68406,0.5619224
99065,0.6533157
13230,0.38462844
95528,0.09565027
27202,0.24069332
113115,0.08010935
46212,0.99079657
81834,0.0016607605
82700,0.0016607605
79379,0.0016799633
49757,0.9182603
48156,0.9488049
94175,0.98987484
86947,0.001663111
41392,0.6414297
84384,0.0016607605
69332,0.44186285
71243,0.25345048
42130,0.9793474
59599,0.9679005
9632,0.5208827
20880,0.07533854
28149,0.8421616
3393,0.1243972
51620,0.79908025
105979,0.9827439
9741,0.28835818
113776,0.17933185
122227,0.10970385
89204,0.0016607605
100586,0.6339074
94806,0.14757185
800,0.9652816
41691,0.9512781
30349,0.99096817
67282,0.614998
3157,0.6180176
51764,0.24818411
101079,0.33284107
57205,0.35676444
15606,0.66996914
11700,0.3996754
40374,0.99387395
16485,0.6000807
115966,0.26908138
89201,0.0016607605
24529,0.015532692
72846,0.6678292
79793,0.0016799633
102861,0.10070435
91465,0.001663111
11591,0.34133884
93014,0.83130276
36457,0.96276873
33085,0.98067814
113789,0.22529733
106641,0.6778493
72985,0.9300101
13072,0.7945652
106868,0.9449576
57561,0.84100807
81815,0.001663111
118890,0.8665483
37401,0.71045357
123584,0.7662954
84534,0.0016607605
55307,0.90381336
108280,0.23353274
119009,0.8199719
41867,0.13670908
45732,0.8173775
31512,0.9143746
66908,0.18215084
26676,0.9763197
51509,0.7847699
76222,0.0016607605
56432,0.8664617
106903,0.9885234
62885,0.76526386
185,0.5003889
40567,0.83428514
97903,0.038882043
101880,0.35348538
66738,0.29748225
56958,0.99374515
11939,0.4447747
79146,0.0016799633
121244,0.81812555
75396,0.001663111
83041,0.001663111
30731,0.9921863
16029,0.093574844
98581,0.12735224
43610,0.9656226
27750,0.36898798
89574,0.001663111
116589,0.8546084
117616,0.8044254
31010,0.97201747
68943,0.06995304
124213,0.58436656
122157,0.21553884
17899,0.754759
79739,0.001663111
120595,0.37370917
105110,0.117822535
84732,0.0016607605
124604,0.81725657
7639,0.6846815
19057,0.2073981
45690,0.97673494
114530,0.28823337
58681,0.8279177
26050,0.5110112
11329,0.66990894
88966,0.0016607605
49224,0.56765753
56825,0.39797124
75401,0.0016607605
62534,0.973492
76125,0.0016607605
3899,0.06218197
42930,0.9902874
119535,0.27342132
45143,0.11390191
8442,0.38248336
60936,0.79564047
27971,0.7521492
102402,0.5118335
119975,0.8385027
116806,0.8724144
4329,0.9875049
59074,0.95068645
12691,0.08263531
64833,0.15218215
107322,0.986407
61713,0.86789554
44260,0.98388183
104959,0.11772604
117146,0.6887026
40711,0.9932453
66668,0.13195872
54019,0.49445143
69972,0.28316507
66729,0.94398314
105833,0.1522665
82934,0.001663111
18764,0.9719634
114365,0.31007493
81027,0.001663111
122443,0.67252886
5121,0.97514266
19286,0.4682141
70725,0.46780124
3631,0.1861425
7391,0.19959933
111066,0.15577233
45419,0.9580794
56741,0.9670021
94656,0.23335998
64970,0.13022639
58979,0.80355203
74154,0.10227384
112223,0.7525246
70068,0.15808782
84369,0.0016607605
86497,0.0016607605
77442,0.0016799633
42673,0.9790156
20134,0.025129529
108922,0.022271276
117438,0.13319488
84316,0.0016607605
6260,0.5685963
62241,0.8753957
28542,0.3182516
73316,0.6044076
57460,0.80433714
48140,0.8408445
84834,0.0016607605
114450,0.8269059
10180,0.22914302
55440,0.36761525
23480,0.12232964
96346,0.1909526
62928,0.20588736
62807,0.5849227
52284,0.2217286
93287,0.1138145
34358,0.12366639
71167,0.41564462
51984,0.13707453
9658,0.41705078
74302,0.22618163
88671,0.001663111
97305,0.7041774
109978,0.115083605
87721,0.0016799633
52163,0.2224856
26723,0.7860146
107725,0.1804521
5933,0.11105866
77327,0.0016799633
11890,0.12006467
61830,0.20892729
116782,0.7101573
10641,0.4846127
93808,0.7065157
25710,0.696733
18771,0.9863767
8666,0.1261998
28052,0.1462574
70900,0.1724765
78621,0.0016799633
10353,0.5151152
32137,0.5720985
5483,0.58036053
105476,0.21559732
105155,0.93299943
19829,0.24321777
4427,0.8615487
54118,0.84228754
61120,0.9881671
62876,0.15298423
102052,0.19876969
93870,0.06882796
106770,0.98008007
17939,0.98176104
8032,0.089299425
12771,0.55976516
84344,0.0016607605
32501,0.75585747
31629,0.99489826
113869,0.37453583
33905,0.4705613
77223,0.0016799633
92828,0.5201343
89687,0.001663111
122638,0.2603799
9413,0.6771796
41032,0.8029799
105395,0.52981216
14403,0.9792285
123247,0.95335317
74030,0.16472225
89812,0.0016799633
102635,0.5314606
14048,0.52761567
2981,0.34903845
37426,0.4850234
4726,0.66715366
23681,0.98100704
30798,0.9879885
8360,0.5288478
93814,0.3988556
45467,0.871097
20027,0.971619
59195,0.91771543
50992,0.20103051
47428,0.64061856
89571,0.001663111
86223,0.0016607605
111113,0.61286616
45688,0.9789292
42652,0.9367563
114340,0.09541561
19018,0.6175682
103357,0.11153417
30066,0.08552073
86740,0.0016799633
46306,0.9456482
11477,0.22855735
99994,0.66790694
13963,0.0479076
123895,0.77784
53240,0.9828461
62664,0.7422427
27949,0.61366844
92139,0.59166396
37903,0.9945351
45882,0.98710144
41693,0.9799462
76183,0.0016607605
26637,0.80400044
58710,0.82363284
82297,0.0016607605
69251,0.9174986
95469,0.74883884
92143,0.6935713
78295,0.0016607605
39821,0.8400207
113581,0.64692956
40680,0.9888959
102986,0.024903476
46867,0.8745363
20062,0.11599569
30701,0.9929055
110977,0.71234405
28044,0.12636474
77104,0.0016799633
123045,0.4222013
79126,0.0016799633
50843,0.7386085
55200,0.42344585
62037,0.91387165
24631,0.7746332
99960,0.6140589
61488,0.41033757
96739,0.97501004
61173,0.9078724
6412,0.8520118
61370,0.7169578
55540,0.7413352
48228,0.9866536
53668,0.34542957
95558,0.73400766
28009,0.42529613
122329,0.8950094
36785,0.98806584
69409,0.6689225
74316,0.24533057
5634,0.98342335
120589,0.63693583
16158,0.28097767
59534,0.9820926
13089,0.9634331
45214,0.099684216
82079,0.0016799633
43251,0.8891165
17271,0.16662332
85745,0.0016607605
30604,0.9926046
105592,0.13217218
122786,0.15801978
58480,0.8395231
67551,0.22837245
89396,0.0016607605
120091,0.13244666
26357,0.82640165
50046,0.33679253
109470,0.04773815
123735,0.9690006
75718,0.0016607605
784,0.7476134
105170,0.22335239
99671,0.69394094
116593,0.8183526
87801,0.0016607605
63032,0.28340802
70908,0.32659343
68188,0.72735673
111935,0.17017077
94689,0.13182537
25604,0.07377735
47148,0.17641315
21839,0.93661124
99452,0.22671011
23953,0.48332578
80543,0.001663111
99382,0.260679
71520,0.24629249
36501,0.9815647
19164,0.9590682
25536,0.82561374
15245,0.21672441
67492,0.5790068
48965,0.7012767
90181,0.0016607605
91160,0.001663111
4020,0.1405144
6100,0.114444375
47718,0.4053651
2054,0.9363655
18444,0.54672545
41832,0.7077003
87895,0.0016607605
113721,0.1817578
22564,0.092725985
7723,0.10445564
4899,0.9858505
81662,0.0016607605
18313,0.18171574
105981,0.98356366
28786,0.77143735
124297,0.9574995
33291,0.737894
61558,0.7654643
1351,0.8919235
74199,0.6974158
110610,0.14091225
33449,0.3343854
80379,0.0016799633
94204,0.9937065
92052,0.049481206
51971,0.18086973
38299,0.9879842
124905,0.9771343
98402,0.13942976
60485,0.8743617
63991,0.7444946
29825,0.7901866
30932,0.47634777
3976,0.5530587
5882,0.06181773
56099,0.9878109
36473,0.14462376
111055,0.101933315
37662,0.9583075
77529,0.0016607605
17276,0.185401
50958,0.76320297
79849,0.0016607605
22367,0.72234726
75080,0.001663111
93573,0.18061873
50732,0.6427223
106297,0.96851337
61532,0.97185135
68158,0.4788298
92957,0.98982924
12920,0.30931926
9618,0.5208827
123678,0.8121124
73919,0.14348969
9206,0.15923707
18800,0.9351523
30945,0.8962212
54467,0.48446375
88037,0.0016607605
75835,0.0016607605
53062,0.81316966
28347,0.17368864
117151,0.109315544
23267,0.9773792
77623,0.0016607605
88210,0.0016607605
76033,0.0016799633
118565,0.14947517
63795,0.20226127
59940,0.8980001
119592,0.6207209
33732,0.14288102
101890,0.33980745
12503,0.12542744
109551,0.060286283
41228,0.99295205
71235,0.21557894
123414,0.85506845
66486,0.4285956
120357,0.19378205
23577,0.9741165
69887,0.24159084
95978,0.0676516
86490,0.0016607605
59446,0.9749418
29590,0.7096305
6548,0.032987315
45200,0.114467636
10158,0.07204436
104340,0.5655722
107611,0.5487437
110342,0.14445613
1781,0.44328746
26621,0.611831
17777,0.94084406
26892,0.24570571
37813,0.62438655
9444,0.8373223
72051,0.25872257
46413,0.96883136
92595,0.119624406
6107,0.12237659
59643,0.87957585
55644,0.24747317
27280,0.33170712
43681,0.8928367
22307,0.69177455
42501,0.97635454
11236,0.8397658
113288,0.34195447
111702,0.1387091
49067,0.4170202
83983,0.0016607605
102710,0.13264745
52692,0.20173247
100796,0.19975938
19105,0.69835085
86617,0.0016799633
101152,0.45688722
24813,0.48763663
81082,0.001663111
20921,0.40339884
70886,0.5606108
86159,0.001663111
114088,0.35546798
88873,0.001663111
34832,0.8662336
95827,0.05405334
50454,0.5392362
100597,0.50664926
68128,0.26041865
118112,0.7420242
42726,0.96780336
69065,0.41360506
100151,0.57890654
94798,0.5247394
114872,0.6882678
3121,0.13772118
122354,0.79002506
54226,0.5275983
100464,0.16972207
38866,0.9930975
34445,0.9918783
65281,0.5394887
62381,0.88868314
81060,0.0016607605
43691,0.81438154
97607,0.38123596
124113,0.47153196
48727,0.9866636
5120,0.9502875
88993,0.0016607605
41226,0.9934956
27658,0.59054285
109749,0.052090585
42078,0.1238804
84607,0.0016607605
75806,0.0016607605
11221,0.95025676
51646,0.15035318
2121,0.14350794
118564,0.29252458
117694,0.5187723
102934,0.5744828
47107,0.19970122
34553,0.86566734
79197,0.001663111
6730,0.44273445
27778,0.17532034
120226,0.6453803
95582,0.72374636
32436,0.69303375
45078,0.9549582
6355,0.7193223
5161,0.9880746
66217,0.11664803
31239,0.82440764
25421,0.97178495
97940,0.6581266
18747,0.8898887
115674,0.43794724
112505,0.13003188
64577,0.08829554
31041,0.86731046
22066,0.8078382
66005,0.18574981
16097,0.7074963
26328,0.44691315
110809,0.07402334
21918,0.8500774
105944,0.38417652
99833,0.41860232
5555,0.1124167
74344,0.47338375
35634,0.99246114
110940,0.15413043
113778,0.78303653
59348,0.93244135
80486,0.0016607605
22445,0.98321664
29660,0.8904526
68988,0.03146269
67228,0.5711156
120501,0.81845653
95923,0.18369314
81186,0.001663111
38617,0.9897041
12254,0.86275035
11994,0.088590786
48080,0.13779406
40587,0.6966244
14039,0.2454005
17468,0.97510636
71080,0.3058354
28691,0.8962456
109771,0.10048956
31857,0.92389613
5848,0.08363184
18657,0.8495934
122583,0.8201072
79212,0.001663111
2805,0.082748435
82485,0.0016607605
3573,0.18539348
93610,0.45943174
16110,0.41358903
7665,0.40772042
39014,0.9727604
84318,0.0016607605
72436,0.7641254
81694,0.001663111
116204,0.24630296
87194,0.0016607605
124489,0.5360883
64974,0.11423312
14717,0.9774049
101310,0.38146973
68463,0.19527291
118349,0.18722497
43630,0.98945004
102050,0.27618185
113459,0.13005266
113848,0.7285276
70573,0.28618133
246,0.05316786
27847,0.36241868
17784,0.18833245
62158,0.98921484
52119,0.23590319
59431,0.63425225
114468,0.66494507
8153,0.30390593
35347,0.5727197
42830,0.12998064
107442,0.17681947
114707,0.8132709
15851,0.06585715
41077,0.78055453
43871,0.5989417
62836,0.56624055
98221,0.10960052
97790,0.21372245
108649,0.5193874
118532,0.20497511
97823,0.49771488
39554,0.9762757
66546,0.5598706
48012,0.125046
91953,0.045644548
46931,0.85804284
56630,0.85619795
29686,0.5978949
83824,0.0016799633
70168,0.24004498
105538,0.35232395
29384,0.519993
48157,0.64485896
68169,0.3137722
30430,0.93208224
122691,0.8453411
57609,0.92199296
107679,0.30323276
40516,0.99355066
89878,0.0016799633
98986,0.19537754
34890,0.68852067
25121,0.8120068
117555,0.6219598
98562,0.06824771
60268,0.8022538
8060,0.68349296
105626,0.14818552
87162,0.0016607605
28365,0.7261757
70125,0.51396644
103021,0.15340629
11920,0.8256976
58983,0.89881086
51388,0.2499615
9094,0.11942992
41510,0.9736125
17056,0.20533718
25319,0.15195376
101172,0.3193039
87545,0.0016799633
52551,0.6789922
15369,0.071744606
69601,0.8696093
18731,0.82935023
56331,0.9717453
119795,0.45655617
108111,0.14218187
25187,0.98152196
14636,0.59703934
43214,0.95562726
49676,0.9035071
55334,0.8463211
60100,0.8354139
91204,0.0016607605
14493,0.96774375
13399,0.5448917
83868,0.0016607605
67886,0.3746146
123251,0.96545756
9869,0.25050673
31771,0.9705706
92084,0.6421823
30179,0.24154526
77965,0.0016607605
94494,0.41109866
54552,0.14814475
29157,0.9237007
121666,0.8813296
2355,0.8460031
25259,0.5550818
8283,0.7223481
21298,0.026934927
20165,0.7162484
105365,0.42835808
47514,0.6191888
28186,0.4677364
104581,0.21807736
13818,0.42755356
62426,0.8797531
89052,0.001663111
1145,0.96271616
10710,0.14755213
32631,0.9836767
10015,0.10482041
18045,0.8174367
40206,0.3519305
84018,0.0016607605
111058,0.59615505
63824,0.8929303
60580,0.87813014
118202,0.15862963
35354,0.5440529
104285,0.8073421
70875,0.24112368
113593,0.16591243
27928,0.5362214
24931,0.8232723
66353,0.23585957
47537,0.97731245
112373,0.6344742
124127,0.8264381
121140,0.7669792
48103,0.9030852
1694,0.7796817
113120,0.76377
104053,0.3689761
98751,0.063490994
49153,0.123336315
19317,0.57027483
13296,0.42407477
61118,0.988749
2495,0.18871875
114775,0.69178426
85547,0.0016607605
11231,0.45908114
81058,0.0016607605
74638,0.5965528
37259,0.9879133
58526,0.87295955
7370,0.35576603
30902,0.9891583
80485,0.0016607605
106020,0.30992162
60547,0.8015697
6462,0.8105163
30347,0.9884129
56645,0.9220471
119608,0.47094446
92695,0.1825383
17504,0.19409922
72914,0.44397828
55105,0.85740167
16538,0.66881806
86360,0.0016607605
100396,0.081379004
62655,0.19308263
28695,0.6515629
15772,0.5387182
63785,0.9445341
54571,0.4469096
117547,0.939156
59814,0.6865084
45085,0.9609758
117001,0.17789876
112524,0.2077077
89222,0.001663111
18847,0.80501115
53219,0.93573457
100764,0.65608567
109750,0.0264804
24213,0.75864565
24634,0.41193435
103420,0.7081052
81817,0.0016607605
110553,0.11955948
72150,0.1372871
76136,0.0016607605
112669,0.08438329
41238,0.4153283
37222,0.98377395
104206,0.1894447
1929,0.76563346
80438,0.001663111
15356,0.32568914
100352,0.5112716
38879,0.9477354
57733,0.7150439
103069,0.19791278
110905,0.1263413
1020,0.9846544
26246,0.73130524
70376,0.39916763
93082,0.9709203
11140,0.4869979
122986,0.7529301
43726,0.8469684
25260,0.8047379
84425,0.0016607605
13304,0.4783506
10757,0.080970235
8434,0.16524895
34222,0.99489826
2539,0.13748197
998,0.97929746
74627,0.9882208
30420,0.643972
121016,0.7481949
94955,0.48243874
18468,0.6235538
81447,0.0016607605
109464,0.034597833
71409,0.16231854
99639,0.58871806
26680,0.81723416
26872,0.9351766
109136,0.07366627
17406,0.73717296
72552,0.61788315
67843,0.1682989
45517,0.11645699
40069,0.97684413
108143,0.9488335
91557,0.0016607605
25212,0.75312245
37049,0.98878175
49304,0.17019778
64033,0.7466788
111112,0.68335575
23826,0.5975735
93689,0.74224585
57347,0.8570489
60635,0.8645991
22269,0.72194624
49194,0.52257127
2542,0.08739499
73415,0.33140597
77619,0.0016607605
113619,0.048601717
27056,0.62126505
118120,0.38860822
77242,0.001663111
49352,0.17545886
52179,0.18081787
2944,0.60453236
81087,0.001663111
59433,0.9261522
37901,0.45626926
116765,0.82029504
122823,0.88324773
70045,0.52921927
111855,0.07582122
84891,0.0016607605
57952,0.8268336
14429,0.9775342
80970,0.0016607605
90603,0.0016607605
87917,0.001663111
12781,0.3995168
109074,0.036734853
110775,0.0861514
10648,0.6810921
57726,0.7826333
45522,0.1690076
56457,0.28090498
102875,0.12366179
70204,0.45658252
111431,0.05436467
93594,0.39972523
102231,0.25599208
55924,0.3800433
85496,0.0016799633
106851,0.9919653
71115,0.20715804
82875,0.001663111
79943,0.0016607605
48224,0.98724294
111874,0.06005851
25082,0.9866171
25410,0.5292196
75550,0.0016607605
75713,0.0016607605
11679,0.34551477
111865,0.60884094
107857,0.48197505
99137,0.18477438
23592,0.7976472
58575,0.92953056
34892,0.81394124
39793,0.9930441
34217,0.9923578
46110,0.55324924
46820,0.6499276
6377,0.5969855
46258,0.96403176
78430,0.001663111
57024,0.8870954
53572,0.1904395
10862,0.35494444
5613,0.95275885
65870,0.8940012
55263,0.74749666
68354,0.72362584
49485,0.13427849
17265,0.6676791
62421,0.8563166
119783,0.44420853
7185,0.1751154
56231,0.8483966
110595,0.054048564
24995,0.8623574
90314,0.001663111
36449,0.9618837
31894,0.9904889
36782,0.98672557
82538,0.0016799633
22477,0.86126727
88104,0.0016607605
36267,0.1464053
38651,0.9924258
26625,0.6411247
12591,0.1251414
87597,0.0016607605
69143,0.2285067
55737,0.8335973
49042,0.9822948
21344,0.85000056
102632,0.28434405
24884,0.11961175
39921,0.99328184
62505,0.57972735
77868,0.001663111
121216,0.6970299
82737,0.0016607605
46580,0.99139047
117997,0.16699702
37427,0.7384859
114473,0.66494507
30017,0.031670786
21012,0.8413457
108661,0.20577349
97321,0.65123856
25211,0.7333235
117991,0.102928564
55348,0.8457562
82120,0.001663111
531,0.48103368
26112,0.7486212
40268,0.23464207
45170,0.63105285
28599,0.8407391
98435,0.611698
38892,0.93661284
4965,0.7025872
66765,0.15926786
8003,0.32357112
111684,0.6407047
77154,0.0016607605
24263,0.5659141
97787,0.31503683
77257,0.001663111
107859,0.43531862
75389,0.001663111
34092,0.19155717
125050,0.15298463
27865,0.17918302
121655,0.91961074
109688,0.021398634
4290,0.90166456
11580,0.37690896
89526,0.0016607605
57704,0.8511663
112209,0.55920887
1983,0.232883
21030,0.7393747
14796,0.98534113
79356,0.0016607605
69331,0.19939014
88416,0.0016607605
107058,0.94170445
73896,0.16919082
66763,0.12222982
31867,0.97846895
122550,0.17882752
72156,0.44656247
33285,0.57365936
60917,0.64299846
1290,0.77998155
109897,0.01044485
116185,0.794301
74237,0.3720235
90241,0.0016607605
88784,0.0016607605
85549,0.0016607605
109634,0.02220945
63228,0.99538934
36766,0.9621962
67449,0.45613003
4520,0.8472442
102701,0.26609924
69151,0.7695315
97736,0.12527347
82036,0.0016607605
7235,0.47755668
19243,0.8736981
3993,0.40879786
73356,0.10031559
121990,0.89395946
12257,0.3938732
56212,0.6939474
44785,0.109398216
58786,0.29134718
66895,0.5632191
70528,0.49768382
15322,0.46712822
76681,0.0016607605
103159,0.17836851
21164,0.08057263
10362,0.117986396
14669,0.9823446
32500,0.6087631
105507,0.2073409
93550,0.06232103
90096,0.001663111
14485,0.96953773
81703,0.0016799633
32540,0.9431007
116804,0.8285704
3813,0.44115117
124651,0.98322475
75069,0.0016607605
45745,0.09953588
2641,0.13061458
67869,0.19587602
11047,0.025509171
8805,0.052157816
87859,0.001663111
9546,0.8649963
46694,0.99139047
76829,0.0016799633
41827,0.44742575
98021,0.98811555
101041,0.40202665
65009,0.9282579
96875,0.6852833
26579,0.4583764
64634,0.9039805
86569,0.0016607605
86357,0.0016607605
93634,0.73288995
12222,0.9250846
47087,0.91010857
98139,0.34740737
77023,0.0016607605
50704,0.43761206
49756,0.8987865
48733,0.85355526
13116,0.53399366
19878,0.092725985
107391,0.21429326
92814,0.30637679
117343,0.65802145
100252,0.115314454
87069,0.001663111
60699,0.9758103
940,0.8881613
71715,0.33946425
53000,0.8519015
82426,0.001663111
84308,0.0016607605
62189,0.58950514
60008,0.074711874
63790,0.75917196
111773,0.13400306
37948,0.92389613
122857,0.7754286
26983,0.7392285
114721,0.109140515
20668,0.16752976
21900,0.9336419
61896,0.82270616
38663,0.9935992
102039,0.19805788
108554,0.8186626
57637,0.88551044
32863,0.7796952
81895,0.0016799633
64992,0.83171314
32946,0.08645117
18039,0.8137198
76015,0.0016607605
67095,0.7940007
40386,0.22682743
47777,0.41168585
46589,0.93657166
108008,0.16999137
104462,0.17842194
26011,0.7240069
9666,0.8555905
118832,0.8300787
7308,0.73704857
19264,0.53634447
120246,0.6187099
89110,0.0016607605
15274,0.09234701
2909,0.12412092
38487,0.24101494
66841,0.19141635
10696,0.20574486
78536,0.0016799633
97857,0.08629689
81392,0.0016607605
112652,0.6923085
54915,0.51642734
116409,0.35319015
84362,0.0016607605
11734,0.3217151
55904,0.38801128
84972,0.0016607605
50850,0.7354622
110202,0.10627778
57771,0.29139042
50806,0.179696
20539,0.2429279
67989,0.58919936
28870,0.86642456
64743,0.8529454
38908,0.41335908
122024,0.96254647
58769,0.82363284
92398,0.138819
10980,0.51417
1724,0.19406477
28438,0.22257231
73663,0.6990213
67992,0.18801633
1513,0.98194844
43290,0.85978574
100114,0.64179057
64813,0.51420534
113423,0.8638861
84767,0.0016607605
1603,0.8229252
48989,0.9190568
113733,0.07215984
123487,0.95786643
19284,0.7575103
27857,0.13032202
71785,0.13443226
103189,0.4429484
61816,0.9059898
51058,0.16758783
87265,0.0016607605
69427,0.50436467
100849,0.17112853
98396,0.6903059
68499,0.6182074
100692,0.14695962
75865,0.0016607605
90738,0.0016607605
119269,0.3911591
118305,0.09213402
471,0.03499755
5975,0.03262978
56900,0.9888769
57405,0.61661303
67484,0.25127292
84134,0.001663111
3068,0.67443836
34061,0.0728275
111539,0.10127672
20499,0.23047331
101238,0.3889905
80987,0.0016799633
49165,0.433741
97516,0.7860621
78118,0.0016799633
8205,0.598374
90803,0.0016607605
17829,0.9534933
65685,0.8728757
68924,0.22112694
4211,0.41001713
10293,0.44340158
74557,0.9474771
90696,0.0016607605
88622,0.0016607605
107841,0.25320804
80910,0.0016607605
120480,0.18915157
105829,0.119581476
46969,0.5278839
78582,0.0016799633
97293,0.34453455
46470,0.5946311
111928,0.26970154
14826,0.97995526
122519,0.53846973
114498,0.15903707
16401,0.055497076
116576,0.40172926
8752,0.6831673
119790,0.1344023
9798,0.1359752
29117,0.81971264
98585,0.11471966
96191,0.15462358
7420,0.22481658
4283,0.9029801
82174,0.001663111
98887,0.16534774
107348,0.9574859
4051,0.48974472
66951,0.17248277
67231,0.13774441
29397,0.15020923
72636,0.6506765
43188,0.8709584
99049,0.466156
59903,0.84158
113096,0.12657991
115645,0.49135748
121566,0.97754866
98823,0.10126546
124884,0.97851163
27754,0.13736099
97244,0.47590253
103567,0.17009465
65295,0.85305107
71037,0.12808983
53877,0.70676357
113358,0.360444
32021,0.9652474
22229,0.6216322
2194,0.16645974
99641,0.545684
65260,0.39358464
105899,0.97219265
67764,0.34870175
123839,0.82595336
2001,0.49701375
86409,0.0016607605
37726,0.8748366
3298,0.17902732
103984,0.64794797
65410,0.22027113
57624,0.8886707
28902,0.93739855
2615,0.2265598
122353,0.6092356
8425,0.085386254
52422,0.5313153
26574,0.49804774
46405,0.96674836
44344,0.98685557
124847,0.97425747
110304,0.073787056
115587,0.44574466
68203,0.21948877
105198,0.26621026
47661,0.9744178
98306,0.4048329
13622,0.60137844
38863,0.98949265
68974,0.022881204
18080,0.87719834
5844,0.052721392
116524,0.13484702
69705,0.63452864
102926,0.5744828
29123,0.7079646
102825,0.6204008
56247,0.7917567
1487,0.6057741
118219,0.7167525
19925,0.443146
15142,0.21672441
44395,0.8691685
114399,0.5172558
44397,0.9280957
26805,0.9852577
49048,0.98963916
48286,0.8063798
122323,0.8288141
71816,0.5654568
100921,0.98049897
58185,0.9789717
19582,0.7767863
65677,0.9849053
12831,0.23165578
113727,0.13203959
3461,0.23947018
35206,0.9718161
77713,0.0016607605
52926,0.4957936
103074,0.17591657
19703,0.74154764
102510,0.14142032
68701,0.22671364
61064,0.9060058
47241,0.66853154
64915,0.7577709
37114,0.61627835
17238,0.17576492
122526,0.8205833
77601,0.0016799633
9470,0.40256116
48113,0.9757531
58470,0.9062907
39471,0.5403951
52120,0.7670115
107280,0.587802
34917,0.97866803
60035,0.8728122
89121,0.001663111
48264,0.099113554
87587,0.0016799633
107107,0.92972124
109696,0.021014929
118002,0.18814372
116116,0.81410617
88157,0.001663111
26880,0.9856967
96333,0.66077554
60016,0.37727362
100913,0.98119307
71334,0.4894914
19326,0.7161442
1906,0.96720684
110801,0.043539237
113863,0.5599485
71975,0.22691353
20265,0.26984435
67604,0.5216452
26448,0.8391789
78924,0.0016607605
21467,0.8237603
72000,0.1623369
74636,0.58057487
26817,0.9844169
35222,0.9598491
104558,0.8517149
71961,0.11686126
5162,0.99134785
11133,0.07949535
20717,0.37491187
45139,0.77089775
118119,0.83578485
35870,0.63420105
18619,0.46163863
7912,0.22337139
92851,0.21868801
49831,0.43944758
118822,0.75721174
62792,0.81713945
25555,0.377091
44472,0.99386346
52065,0.9388928
118091,0.78345084
76987,0.001663111
53271,0.5816307
96175,0.2681842
78114,0.0016607605
1048,0.9838255
29474,0.2244741
83110,0.0016607605
108702,0.017089048
115657,0.4129538
1657,0.25870273
73469,0.57000875
85472,0.001663111
93180,0.33564582
48861,0.966731
14069,0.088927366
36902,0.9687082
75108,0.0016607605
37070,0.993475
24488,0.037654396
26592,0.6286551
57186,0.8756835
101613,0.3114288
38855,0.99083763
43964,0.9713688
96785,0.62802786
5173,0.9923422
99099,0.55737656
105603,0.16705215
27635,0.14550331
23658,0.9831565
23291,0.74995905
83501,0.0016607605
54277,0.2930696
81235,0.001663111
44403,0.9330314
90754,0.0016799633
123574,0.7206525
66614,0.24258627
93683,0.2711754
59410,0.5620111
83984,0.0016607605
47891,0.88387364
8907,0.6654291
55417,0.6950895
16719,0.784126
38394,0.5969381
116557,0.78478974
109801,0.050193276
112088,0.18153143
31071,0.37594756
99436,0.14925618
61848,0.44845203
23864,0.7770504
62789,0.638267
71887,0.1466198
114982,0.11916603
100228,0.64399415
109371,0.06268367
43100,0.5505998
98862,0.557072
108560,0.9275178
93465,0.14568509
26603,0.90792966
100824,0.5243386
115544,0.40139762
120121,0.08518947
93067,0.97881293
101800,0.38205057
122725,0.7023338
51052,0.15352418
113355,0.42728043
117520,0.80818874
18379,0.023673424
46530,0.9883935
31892,0.9907198
112215,0.16936825
93567,0.15528713
85468,0.001663111
7868,0.6086055
36937,0.8388862
82832,0.001663111
111461,0.7672031
20794,0.1876631
116859,0.13678019
28354,0.10067456
75601,0.001663111
89203,0.0016607605
25821,0.04803192
53913,0.17025657
125054,0.16791604
73206,0.20537895
34853,0.97703165
124855,0.9763529
85865,0.0016607605
77592,0.001663111
41517,0.8041926
79563,0.0016799633
22153,0.9792778
43398,0.990774
93029,0.9065803
89269,0.001663111
107600,0.07397737
47301,0.6114024
45110,0.99213797
14056,0.6168937
73213,0.7306546
35080,0.801386
60042,0.18311577
76221,0.0016607605
96864,0.12037175
38398,0.9327853
28091,0.8910895
67131,0.16896331
22759,0.47865805
26377,0.68862647
97688,0.31880367
41421,0.94305784
124498,0.854678
68952,0.06713261
36603,0.9835699
91811,0.014786803
79660,0.0016607605
15115,0.04839233
6532,0.040117536
56305,0.9632803
10185,0.4621149
6269,0.4606164
75291,0.0016799633
37008,0.857858
113942,0.69162595
108100,0.5047771
34953,0.50600666
36416,0.5895906
23659,0.9864204
16494,0.1694864
25169,0.97409236
28506,0.44883892
30387,0.99410725
76098,0.0016607605
39242,0.9179483
56802,0.48601967
72471,0.33402663
4627,0.6081258
46325,0.14495473
41791,0.16938531
115413,0.21307626
20963,0.8912378
63605,0.8869331
36234,0.20010647
121932,0.42782646
99831,0.076611884
21127,0.7623277
11174,0.82106334
8705,0.1066189
14593,0.9713184
28222,0.25367224
24110,0.025792614
88983,0.0016607605
97677,0.4030148
22956,0.49117097
98537,0.12178334
108003,0.5454899
1159,0.867087
37942,0.98609865
49363,0.16533142
83001,0.0016607605
109380,0.029826736
48746,0.89913553
26121,0.5080151
81733,0.0016607605
36935,0.8395696
3048,0.69012976
30864,0.37385848
6813,0.35719493
32830,0.71325886
44857,0.97492117
12498,0.49425578
54673,0.9610583
64185,0.2867546
46227,0.9907114
45505,0.11653161
26132,0.71165043
84302,0.001663111
76076,0.0016607605
50081,0.11603648
50837,0.43269768
91009,0.0016607605
107545,0.9585887
7988,0.40727842
594,0.8323721
117531,0.44333142
17779,0.5510435
119609,0.67246485
46592,0.95707804
70572,0.46157882
79912,0.001663111
120776,0.84437823
112265,0.5353413
85959,0.0016607605
39413,0.984047
42015,0.92201555
51730,0.17131197
30997,0.9072432
104608,0.18643256
5779,0.6441279
66596,0.07890897
17133,0.341825
30802,0.99255776
99011,0.57690173
84267,0.001663111
25341,0.9703369
109092,0.01827493
50848,0.75518274
77936,0.0016607605
80184,0.0016799633
22303,0.6960592
71510,0.49078023
12562,0.43607658
21636,0.7764445
24361,0.48501965
102379,0.27945274
124435,0.88053143
16677,0.6610392
124335,0.8177175
45382,0.77332497
455,0.39513016
29701,0.22697815
65502,0.4876664
47333,0.43428117
108476,0.13764307
28070,0.39385474
75368,0.001663111
88052,0.001663111
16797,0.15997735
107230,0.9938478
82184,0.0071457317
35252,0.9574711
79823,0.0016607605
56040,0.80118245
118858,0.19840007
62973,0.35719642
26326,0.4057068
50832,0.68175274
26792,0.93998283
112807,0.19351228
44632,0.99284595
39986,0.9717937
120025,0.29487675
112322,0.824703
73038,0.988218
43235,0.62478286
12733,0.15792203
19391,0.44286495
90808,0.0016607605
104601,0.18442747
79246,0.0016799633
26144,0.58942956
73450,0.57244515
21665,0.56211865
79929,0.0016799633
109288,0.020058095
44243,0.9660801
505,0.95373386
44358,0.9917584
83058,0.0016607605
106918,0.98899674
72872,0.26818782
75410,0.0016607605
33342,0.947646
82133,0.0016607605
33504,0.899776
82127,0.001663111
9264,0.14972739
25450,0.75793535
12112,0.16509244
7935,0.15353578
95776,0.32089952
110196,0.08438443
7545,0.19814959
109008,0.049069677
97575,0.108109325
122144,0.28236967
107087,0.91543573
48295,0.7612511
108403,0.7101621
69980,0.6701594
82049,0.0016799633
64712,0.7667428
47336,0.5795851
4308,0.96676475
83999,0.0016607605
103053,0.0778502
15884,0.7204017
42115,0.97012067
106035,0.55499834
53522,0.18692458
16219,0.59735554
62270,0.88332623
44430,0.986317
34228,0.9033439
58358,0.8975871
90419,0.001663111
56796,0.72521544
57644,0.22980511
97829,0.49771488
101937,0.7988366
94052,0.70390606
108016,0.21107724
108320,0.73610586
10314,0.4479671
104209,0.23211654
51926,0.91786915
97024,0.860137
110891,0.33566692
9443,0.76174164
6514,0.07388532
11831,0.063769616
105073,0.6216463
47375,0.9838255
101207,0.12586315
56510,0.82710093
68457,0.20095253
26354,0.107433245
115519,0.11465028
40020,0.3567792
9096,0.75073206
102262,0.34129494
58071,0.9254494
104075,0.1556674
83128,0.0016607605
3322,0.3619495
97467,0.7041774
105305,0.4575843
78896,0.0016607605
40210,0.9543182
89434,0.0016607605
116086,0.8364992
124683,0.6232624
78342,0.0016607605
106270,0.9914513
29492,0.6527698
27152,0.89079845
55457,0.9019734
84336,0.0016607605
9480,0.37527746
63660,0.9594733
2914,0.25563103
34729,0.65483975
82657,0.001663111
56542,0.8265214
2690,0.41923973
79386,0.001663111
27633,0.08198462
77357,0.001663111
7326,0.8500157
30237,0.98921824
122637,0.5630572
122894,0.122853674
98947,0.10804807
67788,0.037712794
72577,0.79072404
29467,0.6688612
124249,0.78698695
49125,0.1998974
41807,0.5690143
26466,0.69846934
59670,0.86223406
100113,0.54273385
78354,0.0016607605
112978,0.31580985
16779,0.68489987
104966,0.12089854
94062,0.94700885
544,0.78001505
69843,0.16058204
120733,0.6603245
108472,0.13823704
16058,0.085904986
40060,0.5002943
110216,0.118766785
123674,0.23164421
1713,0.42925483
18823,0.970438
13388,0.6736311
75102,0.0016607605
74123,0.14817162
92769,0.14592202
13748,0.7377985
118050,0.77238923
103720,0.35332343
61298,0.9744241
85857,0.001663111
8925,0.47493738
122754,0.32077748
52527,0.23648326
67797,0.17421609
5886,0.06278381
5804,0.10921387
83431,0.0016607605
119406,0.047963995
34263,0.39871094
86407,0.0016607605
103618,0.16098052
60551,0.8097856
81505,0.0020445883
13272,0.09366363
75158,0.0016607605
20117,0.058680978
11036,0.027310291
90383,0.001663111
124967,0.66515887
60591,0.4901875
50618,0.18117072
20052,0.73051345
79820,0.0016607605
4801,0.60120547
18980,0.037654396
66845,0.5018877
87050,0.0016607605
28376,0.4286303
95717,0.61288387
40385,0.54947746
99305,0.32204437
24660,0.35996005
39158,0.68803984
63522,0.9870825
11540,0.018750334
29893,0.023512628
8166,0.5726821
17306,0.14208902
92059,0.010706468
22312,0.71553856
124670,0.29976574
62806,0.76384
1200,0.9646573
95781,0.56997865
95280,0.15056333
3624,0.22224101
10679,0.643658
25080,0.54188573
81445,0.0016607605
23282,0.746139
109133,0.06352599
40312,0.9892675
93892,0.14153898
32459,0.9741459
45446,0.9854661
13073,0.92312056
84894,0.0016607605
38162,0.9243623
113085,0.15565744
109705,0.028092047
99312,0.60162103
42340,0.43152434
94941,0.90579075
21008,0.819111
86943,0.001663111
78564,0.0020445883
8033,0.40795964
123823,0.15518771
114206,0.07734055
8536,0.74602354
52112,0.53628683
36107,0.8969094
69347,0.28788978
60814,0.90265155
56350,0.89060473
117853,0.7251626
100348,0.32154205
66443,0.41613692
79322,0.001663111
76114,0.0016607605
18329,0.10479598
78031,0.001663111
116362,0.50917363
107908,0.26191747
21563,0.98492557
107191,0.97338575
26673,0.96127385
5754,0.7435995
27899,0.40135068
41744,0.14652276
104791,0.13791521
27249,0.18701273
8628,0.58503526
91646,0.0016607605
2179,0.68449837
50831,0.21850191
90849,0.0016607605
69977,0.24125725
59277,0.93418825
64926,0.8516444
67825,0.19172853
88698,0.001663111
52175,0.6046564
83751,0.0016607605
121586,0.9286357
119753,0.39678898
95704,0.38778386
95642,0.7896055
106696,0.7558394
107854,0.43531862
81729,0.001663111
416,0.8508522
65479,0.15543647
68046,0.3429881
61291,0.9911136
35630,0.9930515
89195,0.0016607605
79377,0.0016607605
68942,0.09665325
38558,0.92905
55728,0.19358236
117307,0.7047389
51636,0.28301898
77108,0.0016799633
27099,0.17605467
113194,0.20485318
56524,0.85371226
112147,0.6127966
66078,0.19740473
21519,0.97481424
88267,0.001663111
109319,0.05836418
15432,0.96611875
7673,0.15026283
60122,0.8664876
34859,0.9819319
82814,0.0016607605
102342,0.46809217
104028,0.14590234
589,0.4933327
87552,0.0016607605
1974,0.80667216
2852,0.22707878
39348,0.94937176
80250,0.0016607605
48593,0.9780658
7635,0.20027775
27292,0.5986494
95773,0.26097602
45845,0.726915
64111,0.75098073
30223,0.96314615
9051,0.136291
64284,0.7869523
43693,0.23580727
71442,0.10639495
16768,0.5216525
7759,0.62793493
63837,0.12263881
39663,0.96311563
79464,0.0016607605
113853,0.20416549
14559,0.9761486
106446,0.63565564
97622,0.64583635
55562,0.60856754
41849,0.97890925
61384,0.86301506
45624,0.98685557
85987,0.001663111
36803,0.9911436
96152,0.48893043
103066,0.15664269
47004,0.7907596
72039,0.74226797
37508,0.6485159
27165,0.47256276
34180,0.43128246
90278,0.0016607605
36572,0.9819847
38970,0.9868133
39077,0.99122757
40400,0.4679835
26774,0.89675695
82361,0.0016607605
15361,0.15657993
58184,0.9688016
3859,0.65369606
96116,0.79526335
110464,0.04284854
65363,0.9746927
16906,0.845982
19069,0.1283621
39255,0.97244745
32015,0.5121081
68110,0.379051
119818,0.09065802
114605,0.3169874
18601,0.69887316
6654,0.11333124
55389,0.8030197
2156,0.29786333
42336,0.08713319
4349,0.9872843
35390,0.5739824
12620,0.60805696
69643,0.89059067
56604,0.8292708
13792,0.6855549
93252,0.6852379
3681,0.062002756
116954,0.81853193
53095,0.7660284
116672,0.56243366
26172,0.4695692
123312,0.6558442
72410,0.6624335
117535,0.81059873
69892,0.1885541
30780,0.96309596
30958,0.98345125
70947,0.96676964
82639,0.001663111
12789,0.40098065
60596,0.38746735
10937,0.3513747
58629,0.9934907
46149,0.98339623
117813,0.7734534
6071,0.41171992
76733,0.0016607605
98376,0.15519403
10573,0.054885548
111558,0.09655345
86948,0.0016607605
35448,0.9829184
121998,0.8905716
99115,0.58172846
75863,0.001663111
124834,0.91706157
122086,0.16048284
43603,0.9440504
12729,0.15228362
6235,0.21344468
1740,0.44062018
70631,0.24253389
23598,0.96115476
45238,0.55256975
75785,0.001663111
61238,0.7522217
42681,0.99386346
66576,0.54841673
80628,0.0016607605
100193,0.52545863
40932,0.6342221
31662,0.96849614
113891,0.4254153
72837,0.51386666
52606,0.15741359
101828,0.32204372
6966,0.6939917
19865,0.15158372
36069,0.9837689
121387,0.6235069
62605,0.778868
68678,0.63347244
7789,0.17711595
89274,0.001663111
90502,0.0016607605
10270,0.14316393
83387,0.0016607605
97414,0.80446
54695,0.5424927
104360,0.22194964
71938,0.11192044
104618,0.15789305
9033,0.62493485
8200,0.6099008
13201,0.66179013
60652,0.9232962
51152,0.23279051
61275,0.96840715
65079,0.43774852
91960,0.021677813
16671,0.689668
122692,0.86158395
111903,0.1976481
14927,0.65428
102131,0.6310049
109531,0.025257923
69432,0.19632545
95775,0.6564929
81575,0.001663111
7401,0.15283106
56540,0.8664617
38463,0.76194745
104767,0.39692265
30704,0.9921863
119887,0.45622385
101676,0.099504024
78016,0.001663111
9424,0.5602307
36435,0.9927087
15584,0.9753117
18011,0.7117955
66439,0.37078083
39041,0.9913988
49092,0.7621789
78973,0.0016607605
41780,0.10314392
58943,0.97865933
97709,0.11915599
75062,0.0016607605
2255,0.3727603
124079,0.2380258
25045,0.93444073
23675,0.9773955
108000,0.3762628
115351,0.38234478
47179,0.7092708
99747,0.5092087
22264,0.71553856
2018,0.13137782
124875,0.9795201
84861,0.0016607605
96053,0.14819103
70680,0.532377
78379,0.0016799633
82846,0.001663111
22746,0.8260945
118100,0.11865009
26457,0.9144164
94950,0.31872275
12334,0.6734058
45457,0.9251757
64557,0.74050784
20262,0.6834577
70110,0.27974877
64080,0.2121451
86951,0.0016607605
51259,0.1553306
57946,0.8391301
25304,0.8968232
108059,0.56379545
122654,0.18683255
25580,0.97012997
55959,0.9738826
96942,0.9510849
85720,0.001663111
73141,0.34010798
81743,0.001663111
99510,0.098981306
45436,0.52333945
95246,0.11869297
124603,0.8203006
33879,0.11266332
67271,0.4687362
78566,0.0016607605
55445,0.87295264
115868,0.69691694
112980,0.78221905
31957,0.8164432
93992,0.09788375
8924,0.56405497
54424,0.50140804
16210,0.09100687
113610,0.050656017
124586,0.91226614
39781,0.98583615
50536,0.9726255
124121,0.2345487
123607,0.8217107
45389,0.6803117
31126,0.44456735
74640,0.31845996
35882,0.951699
85590,0.0016607605
83443,0.0016607605
62022,0.82782465
94683,0.13747153
81606,0.0016607605
84337,0.0016607605
37373,0.5826728
12845,0.3068178
88060,0.001663111
98119,0.064046174
11962,0.12226795
47725,0.49491236
122112,0.15345393
8085,0.1053968
66650,0.11443213
122512,0.24610245
20784,0.47141826
24381,0.71361774
112229,0.75116134
52479,0.6352442
28843,0.6202723
59234,0.9927048
51533,0.6705491
107745,0.1834644
94905,0.39375454
44500,0.45824403
104803,0.48755568
36158,0.8718583
71690,0.14588119
41178,0.97804785
8383,0.13229416
56423,0.8265214
100265,0.19485287
107512,0.14895226
95464,0.53425115
68740,0.053108048
79645,0.0016607605
5316,0.9885505
11885,0.333874
108495,0.77679616
20058,0.2145565
90761,0.0016607605
32347,0.9838266
92927,0.54569834
50739,0.098655626
76962,0.0016607605
82397,0.001663111
47,0.48660716
80253,0.0016607605
93223,0.8450022
66197,0.20004658
15007,0.23119852
114921,0.7709795
113905,0.08434356
100566,0.52588004
33161,0.7924003
41571,0.9873143
67456,0.4155421
27425,0.52168816
69055,0.6310441
114100,0.11789545
43958,0.9907415
95824,0.10709528
7549,0.39459842
62221,0.8816125
108839,0.044387825
38870,0.99487525
92976,0.9911742
18177,0.9900714
44426,0.9842443
117076,0.16411634
68748,0.06454797
14937,0.35644662
103381,0.21409053
13482,0.66632205
98261,0.59830993
43386,0.990774
12104,0.5995082
2362,0.6940674
60272,0.7476566
20961,0.762139
92540,0.78407437
36244,0.14179784
87702,0.0016607605
88010,0.0016799633
48943,0.20105655
111258,0.049822386
67985,0.5642665
109272,0.04694568
5160,0.99074906
103086,0.20821688
121149,0.32235065
19068,0.62206936
616,0.9620317
28877,0.7528864
16844,0.27437997
25667,0.6018311
71904,0.5764314
55919,0.856437
56501,0.949032
32793,0.84914273
82324,0.0016607605
108401,0.37169454
48997,0.9792311
24418,0.058680978
108527,0.3119769
76606,0.0016607605
81393,0.0016607605
84808,0.0016607605
66298,0.3511751
68553,0.49701834
63419,0.92268276
85825,0.001663111
113399,0.7321462
41865,0.22378343
43847,0.8528514
54150,0.12679693
58974,0.8868035
60110,0.90002835
7341,0.81625557
72868,0.15471923
94988,0.39375454
80906,0.0016607605
108585,0.97952044
72213,0.15668437
30399,0.85725605
102072,0.5658752
12746,0.18188159
115547,0.53910065
122843,0.60994065
123694,0.27653134
121357,0.3417534
73855,0.62036073
28013,0.42474067
37252,0.9741459
55840,0.5454734
102079,0.41098204
81621,0.0016607605
52948,0.5876439
118218,0.7957981
17212,0.16957757
125016,0.73478067
60026,0.2660829
41479,0.993504
53925,0.65617794
10066,0.7997168
67591,0.51715744
121650,0.33308837
52026,0.6594226
53127,0.75289524
26607,0.3604274
22417,0.9741562
71174,0.23285621
118818,0.6244114
93488,0.06227185
68418,0.11264063
27742,0.42374453
122553,0.17013878
6056,0.22971794
25353,0.7712945
30089,0.023592198
12611,0.62140745
55690,0.42117444
39775,0.9864944
20392,0.9836806
69895,0.1755453
69936,0.45427358
36068,0.98293453
81825,0.0016607605
51049,0.15352418
104449,0.1915903
117118,0.60068107
73056,0.9857061
23719,0.9866636
122118,0.46547887
120134,0.62824816
9297,0.23778266
72398,0.15435691
61925,0.9385868
16126,0.48138162
80988,0.0016607605
56473,0.90439594
42687,0.78220856
37654,0.8769474
124426,0.8250555
107872,0.6622734
80816,0.0016607605
118456,0.7686527
9757,0.13785234
25235,0.6618488
51562,0.33456466
10396,0.8634258
11640,0.68671644
101214,0.096654825
21685,0.7789158
15600,0.9726653
12203,0.15006933
52601,0.23155221
75245,0.0016799633
75642,0.0016799633
63689,0.8855921
73125,0.40851957
109990,0.041952174
21837,0.90175164
23666,0.9811522
80280,0.001663111
63402,0.772917
26346,0.15895961
101671,0.9436364
123910,0.87010163
23536,0.97389233
49687,0.4212997
112025,0.6637279
52480,0.5682197
98604,0.12178334
5039,0.9672226
85898,0.001663111
39283,0.9927105
121500,0.42900616
57346,0.3974661
79226,0.0016799633
50925,0.5282749
89435,0.0016607605
36023,0.58672154
32597,0.9574455
39548,0.9069204
42713,0.963224
66441,0.61350113
59707,0.903024
70304,0.20212126
31196,0.9848299
124969,0.6273055
9967,0.060428366
23012,0.73595774
18139,0.99108094
45936,0.9760132
58853,0.8033945
31117,0.20745298
73384,0.49273577
54589,0.83651423
234,0.8975787
104385,0.68211466
104975,0.4948882
93268,0.5355483
20015,0.9423643
93711,0.14374349
17619,0.94450355
103454,0.21165349
97861,0.06594831
84538,0.001663111
44303,0.6420189
104990,0.63871944
95797,0.14778309
95424,0.6502543
20986,0.666762
101789,0.32998055
15372,0.086511254
108664,0.19168904
14483,0.9828703
44548,0.9708934
124571,0.8546833
81338,0.0016607605
117104,0.15533803
32839,0.72855717
69971,0.23317677
48514,0.8145649
6342,0.6560158
108938,0.035932805
27316,0.5700248
10590,0.028530944
99315,0.28981408
58973,0.8887535
31847,0.8553571
29404,0.42281172
38461,0.618594
13905,0.36387467
63542,0.8827854
75575,0.0016607605
29452,0.08982226
54719,0.22645253
74549,0.8401085
8613,0.556584
10052,0.62722296
112039,0.44158655
52791,0.7447167
47067,0.0284631
117315,0.12076499
102688,0.1828722
79522,0.001663111
44219,0.967457
30051,0.12956716
76882,0.0016799633
93245,0.91400826
25071,0.9695209
68415,0.3917373
80757,0.0016607605
58061,0.73706174
59868,0.76224816
117704,0.20840529
48815,0.97978973
53362,0.7811065
70258,0.38332632
116173,0.91847384
75362,0.001663111
114621,0.9196847
67893,0.54038274
35195,0.6969797
85485,0.001663111
45285,0.9315758
84148,0.001663111
99638,0.52974
13026,0.10716218
80779,0.0016607605
52418,0.27740395
118658,0.68706745
22644,0.44060248
40418,0.9391985
92187,0.5855067
41051,0.94725734
56402,0.9917597
43160,0.8288879
9552,0.3399407
8134,0.58908683
105660,0.33565328
123019,0.70821196
5799,0.22678633
38808,0.95694995
55806,0.8772598
108899,0.052436884
92955,0.9779798
79462,0.0016607605
58592,0.98259294
105683,0.20141403
58591,0.9642815
25152,0.96996695
121867,0.92751694
57699,0.15977491
109888,0.0463503
96937,0.72070223
87360,0.0016799633
21882,0.70263314
42026,0.96556073
99492,0.14859827
123726,0.88949364
17048,0.1144191
72565,0.29164836
116396,0.42344522
61182,0.79806954
47530,0.96676886
67108,0.141246
116477,0.68244267
109394,0.039263114
37462,0.98288375
11008,0.07236859
38982,0.6017637
13446,0.10576498
61117,0.974376
100076,0.094880864
111261,0.05160321
5215,0.48216975
106142,0.31102446
13414,0.33414447
72948,0.7616778
65471,0.088559225
26972,0.7279637
102409,0.3276015
125069,0.706722
1875,0.87112844
79168,0.0016607605
65512,0.17007236
28547,0.74073243
98857,0.31940573
68840,0.027874429
118843,0.65119004
46547,0.4452551
97795,0.2378403
86190,0.0016799633
109100,0.03463556
115731,0.39597264
76753,0.0016607605
39285,0.99402976
115956,0.6766724
33054,0.9797752
67349,0.2510838
60182,0.84998775
124471,0.8250555
32971,0.025415756
46353,0.32534906
9677,0.3840634
39904,0.98954225
7077,0.5230556
123229,0.8831403
73966,0.34696323
63200,0.9580532
2676,0.10300662
100379,0.28094807
23851,0.8206499
41738,0.25823495
89029,0.0016607605
49868,0.8660913
89232,0.0016607605
43268,0.9434751
99036,0.19146904
60482,0.8389963
65824,0.21567002
113220,0.28815287
61744,0.5284654
7749,0.1791846
21996,0.68037295
22947,0.97140896
14758,0.9713184
74164,0.10787915
65865,0.8251852
33325,0.16629784
9295,0.089454085
109948,0.047813773
97967,0.12736687
35438,0.968501
110787,0.051264416
110770,0.02463989
117544,0.9144555
110269,0.23920141
72202,0.17652535
119361,0.8279476
54772,0.52679354
20941,0.8151087
19989,0.17815222
88732,0.0016607605
91714,0.001663111
38456,0.40991232
36539,0.9692179
19501,0.71021056
107664,0.40131223
1065,0.6274337
28099,0.44359252
11448,0.37890464
28956,0.643051
2466,0.8633562
52159,0.74367815
43475,0.9267057
63976,0.2431921
28556,0.34850276
52866,0.20113
9233,0.49425578
10290,0.5198699
12091,0.60306895
12021,0.044035558
74809,0.16079842
114965,0.6359218
10388,0.2972019
117928,0.7088815
51542,0.072820425
1001,0.98233205
89416,0.0016607605
33399,0.6493165
102888,0.37101167
41204,0.9901445
27435,0.5176972
2334,0.42341885
23466,0.15643525
75989,0.0016799633
33404,0.7856927
31347,0.94364905
30961,0.7995219
43359,0.9829071
42434,0.61082727
114779,0.8326334
28683,0.8489978
27494,0.13328876
71918,0.5178757
78417,0.001663111
93562,0.37062404
9522,0.3983318
24788,0.15622792
15216,0.5890965
50644,0.8154293
109303,0.043274272
69955,0.5855216
109429,0.015412044
113587,0.7139203
86474,0.0016607605
35839,0.16346993
27426,0.58237165
31379,0.99212027
1314,0.9435203
7944,0.81855166
16837,0.902163
2780,0.11332693
101466,0.1588999
85411,0.0016607605
29224,0.6153786
45237,0.18496402
120671,0.3354475
87878,0.001663111
64313,0.75504017
79365,0.001663111
80632,0.0016607605
8699,0.44931436
9389,0.13815063
50186,0.21404175
100244,0.62438893
69992,0.18693097
32885,0.7388851
3773,0.5243621
119434,0.6013053
107299,0.9312657
87388,0.0016799633
109403,0.041175965
55723,0.39544126
113362,0.43079627
54818,0.32043973
113613,0.05976761
112331,0.30333185
55944,0.7755511
87759,0.0016799633
88166,0.001663111
26378,0.7624644
27565,0.26192188
110689,0.057803847
60925,0.285796
104178,0.62693477
107335,0.5559872
13481,0.08407634
2888,0.30405295
37329,0.9823936
38861,0.9930282
74180,0.46415272
52734,0.7877607
75494,0.0016799633
27170,0.2454494
27926,0.1998662
15929,0.8554811
52683,0.32722294
8514,0.34482342
70462,0.44874704
51300,0.6188005
119602,0.31941733
59022,0.8543656
66586,0.10530556
88894,0.0016607605
46828,0.399134
41025,0.73643994
89190,0.001663111
109026,0.0934518
77700,0.0016607605
3348,0.649284
93949,0.33024433
10571,0.0690019
44103,0.9619842
1109,0.96568274
25997,0.12773232
59890,0.7931917
104373,0.66395354
6544,0.02984387
46481,0.45991734
90136,0.0016607605
47786,0.97589546
79596,0.0016799633
54523,0.2385921
95340,0.3863074
18865,0.9757818
104444,0.54091614
95186,0.12596576
27415,0.85838336
63846,0.101212054
96886,0.69345075
57638,0.25705758
33463,0.1444638
64192,0.07954519
77342,0.0016607605
15167,0.5555491
32395,0.992568
7346,0.8580374
36499,0.5907354
10638,0.4996513
58808,0.9072612
41367,0.5328366
100791,0.53848165
89791,0.0016607605
59586,0.92439365
117061,0.8079169
75729,0.001663111
70657,0.41478726
99086,0.6159487
111711,0.61515546
23854,0.809816
96271,0.10801945
80524,0.0016799633
101355,0.11624934
11771,0.6314992
7607,0.36852986
14614,0.96810204
78667,0.0016607605
44616,0.9896856
117275,0.17180398
109645,0.038552687
61850,0.9556162
44465,0.993465
8141,0.19498737
21510,0.96839046
605,0.9676779
74231,0.34176388
118824,0.75649136
49794,0.89989847
113846,0.75388414
93647,0.6971329
98078,0.33639854
2371,0.85530627
46872,0.95530534
124943,0.8678891
30589,0.98905164
120617,0.5596605
121604,0.6703385
60221,0.47955117
118799,0.45602146
24290,0.87771165
38508,0.06423154
60897,0.8084833
115761,0.48297787
55057,0.21458049
39276,0.9934534
39866,0.9848781
28927,0.68921
96366,0.33938974
42409,0.47946948
50044,0.15404695
46272,0.96716744
123521,0.78200924
30099,0.028350292
34450,0.99309903
111321,0.3207943
45556,0.60686964
102218,0.34483624
48562,0.9831565
47939,0.833749
53636,0.092720464
54225,0.5275983
61351,0.86702424
63309,0.8155657
45125,0.5506801
49761,0.9519437
29565,0.77143306
36493,0.91068655
103243,0.61594445
100618,0.44202495
25657,0.5827002
38206,0.11034339
104690,0.4056818
88426,0.0016607605
111447,0.27173576
27721,0.17612804
9337,0.43392083
83799,0.0016607605
92564,0.43427527
11308,0.12742892
75756,0.0016799633
25386,0.8696794
38053,0.9924523
114270,0.18665656
106624,0.15146272
7268,0.1879975
103183,0.13437279
24661,0.9223859
50381,0.742644
26845,0.99083006
19758,0.1300151
115142,0.32278132
73112,0.2266467
47619,0.9262633
85945,0.001663111
54512,0.22912358
41160,0.9507776
42858,0.7882381
53260,0.28259647
90036,0.001663111
49586,0.8146596
33581,0.48410398
94590,0.82739234
63144,0.9162324
86477,0.0016607605
28561,0.8831342
98365,0.1665554
40289,0.9814279
63768,0.8261288
21405,0.5856671
10228,0.1716134
15551,0.969737
71216,0.18792644
18390,0.023673424
55194,0.4757629
3949,0.10252315
123052,0.5633344
7736,0.3890745
59768,0.84855574
7080,0.19734713
15082,0.6153189
74349,0.61928433
11026,0.04969972
75332,0.0016607605
90219,0.0016607605
41135,0.989589
115846,0.7170662
102977,0.03524662
3823,0.14841048
109633,0.034073643
103571,0.34033635
22781,0.6455969
30873,0.96829224
95596,0.49566278
1380,0.2345495
8756,0.21309534
106636,0.21138665
64599,0.76988375
22779,0.18976012
44098,0.97946095
79768,0.0016607605
38470,0.6676777
75881,0.0016607605
14408,0.97516996
83928,0.001663111
74938,0.9685097
30151,0.016310234
5363,0.46727768
45501,0.13959928
83513,0.0016607605
69173,0.49073884
94189,0.9904113
50349,0.6922365
13529,0.64475596
104048,0.22793803
20009,0.6927853
21775,0.6957051
63802,0.60990447
79940,0.0016607605
84125,0.001663111
110894,0.13707142
52421,0.5024307
95102,0.14871489
41379,0.1928254
82779,0.0016607605
47977,0.9315752
105222,0.27574885
11373,0.110506356
115679,0.8556312
14162,0.97096485
99468,0.08057998
9583,0.4805041
123183,0.79490274
86503,0.0016607605
100012,0.18613799
1238,0.9557047
25099,0.6470955
102645,0.20021768
45224,0.65228885
52750,0.59158474
11657,0.39627635
51099,0.63816583
51160,0.103640355
19849,0.8085284
44528,0.9793434
111368,0.17749625
48409,0.9847163
26162,0.8296063
79248,0.0016799633
111131,0.12130561
95765,0.3712508
92216,0.15030521
46124,0.9676292
87660,0.001663111
57416,0.7110271
50099,0.7688753
17121,0.47534376
108898,0.05827363
75999,0.001663111
8035,0.5399125
76611,0.0016607605
6524,0.02984387
88349,0.0016607605
99743,0.18380542
98889,0.15498139
72502,0.11428869
19341,0.8599228
116795,0.64347136
52518,0.3476866
82112,0.001663111
82496,0.0016607605
69772,0.9655678
18357,0.023673424
32072,0.9887638
55465,0.7014871
22885,0.8491645
54936,0.84074396
44195,0.93271714
82070,0.001663111
63226,0.99538934
63563,0.9386412
102580,0.22516648
2749,0.04375964
17683,0.6767564
84272,0.0016607605
70150,0.44430518
59238,0.9922925
44796,0.91148996
57036,0.94978225
118925,0.62247133
71675,0.43452975
64507,0.99427396
27919,0.5362214
50976,0.5527835
83649,0.0016607605
108891,0.066145524
122466,0.671291
33972,0.96617836
44584,0.9809996
38901,0.16555959
4771,0.54668456
59633,0.90983593
57642,0.8805061
124837,0.9522025
82178,0.0016607605
56628,0.20069996
95094,0.3607029
94801,0.39382738
39525,0.8519521
23364,0.7156906
60899,0.34363186
45396,0.7916451
124222,0.927812
42013,0.8848344
101862,0.18563743
123357,0.36493528
71947,0.08815679
123748,0.5868051
72337,0.38160864
56353,0.8403236
67602,0.48652396
104441,0.48306298
16789,0.16963892
20507,0.14523779
107196,0.9841381
67778,0.13438419
56176,0.98133653
19122,0.69790334
61074,0.9607899
85891,0.0016607605
119589,0.09771032
58898,0.9121019
83677,0.0016607605
7255,0.5316417
19644,0.8964583
509,0.66945267
87427,0.0016799633
66212,0.18797916
82023,0.0016607605
76472,0.0016607605
48243,0.98786783
26946,0.74838
79670,0.001663111
23556,0.97554374
39476,0.8820259
121816,0.6673896
65646,0.7887375
30580,0.9709852
53927,0.6877918
113511,0.3123283
25538,0.8307071
116245,0.8478288
41908,0.9390111
82179,0.001663111
12368,0.34417
105119,0.2986454
120129,0.15653405
78328,0.0016607605
26127,0.9161826
69920,0.4116008
90786,0.0016607605
46069,0.14503787
9503,0.1617953
37109,0.9737447
18421,0.18976806
8070,0.12773693
43762,0.65769255
87372,0.0016607605
29570,0.6448081
82155,0.0016607605
21081,0.21397647
80649,0.0016799633
61465,0.85937417
11942,0.24811366
108122,0.1280868
9214,0.62137645
104150,0.17334718
74832,0.46972898
18081,0.9486664
37934,0.9382816
11547,0.68146265
78526,0.0057282583
45563,0.13250647
42587,0.96395874
117692,0.50229925
103756,0.31192973
70305,0.5142197
83627,0.0016799633
66156,0.2323295
113607,0.060948383
30937,0.72975814
53246,0.98896384
71141,0.40957567
1289,0.710251
62717,0.8351997
114890,0.48478898
103245,0.17863892
103729,0.21466482
69163,0.4766871
75920,0.0016607605
117565,0.7761273
18859,0.584795
6320,0.75338167
117809,0.18829107
28854,0.20338242
123201,0.9510928
48724,0.98990786
102142,0.6343122
39455,0.8168715
30340,0.9778592
31615,0.78753465
8664,0.1055983
39236,0.95765513
70577,0.53764296
69685,0.9866471
124465,0.77831376
39956,0.4270716
25575,0.82606375
76282,0.0016607605
96551,0.055923756
20398,0.98655045
53538,0.735845
47137,0.9544098
45192,0.6721944
31855,0.84321076
19762,0.3837798
90139,0.0016607605
54997,0.5258622
12951,0.34868506
48001,0.1570135
114038,0.7533864
85508,0.0016607605
1993,0.77794474
88311,0.001663111
110500,0.052351505
38930,0.64813274
60710,0.2796699
74642,0.5284475
69899,0.17868544
102123,0.37392887
73119,0.18141125
43545,0.69680125
9095,0.67027414
8542,0.74602354
65765,0.2053699
121509,0.91647714
109961,0.07614264
74660,0.2416194
79028,0.0016799633
19431,0.82783747
95931,0.15751424
90090,0.0016607605
23269,0.9792565
20160,0.59972125
17334,0.75699705
78563,0.0016799633
109318,0.02865407
99669,0.30822232
17036,0.13430826
94856,0.4603342
101397,0.13142258
59353,0.9413202
75474,0.0016607605
11974,0.34980035
72233,0.13695298
114538,0.21926351
20338,0.85277665
76860,0.001663111
15723,0.015416249
6876,0.9236483
115905,0.1177909
48790,0.95775694
24375,0.5385867
40760,0.58955437
33999,0.9933343
30619,0.9921863
35648,0.9920438
75803,0.0016799633
57380,0.6003246
939,0.49120393
99739,0.5973288
28492,0.35536733
57616,0.9354596
91854,0.27475587
6570,0.12145912
123491,0.47556156
66761,0.23269613
61399,0.86910224
24694,0.9772524
38077,0.9927087
55680,0.3365308
22266,0.7170833
28016,0.37578577
29049,0.6831601
35541,0.95084214
51030,0.8250485
79465,0.0016607605
92219,0.11203681
67149,0.15145311
110850,0.22951959
85351,0.0016607605
1468,0.12449978
113035,0.31417856
49600,0.7942728
79481,0.0016607605
78833,0.0016607605
3633,0.4912898
30068,0.080610596
22132,0.97867936
9426,0.09106347
36569,0.97669524
26212,0.88804454
11806,0.16055435
94843,0.5521692
90248,0.0016607605
88120,0.0016607605
42644,0.885675
59916,0.80670166
106344,0.9929998
42813,0.1561619
106013,0.69422936
36134,0.98611057
6611,0.11257007
8131,0.58908683
97240,0.68465245
96362,0.13751315
32878,0.81521446
74357,0.45494163
107377,0.39881456
10020,0.66617316
56318,0.977992
124227,0.9629381
13964,0.05974579
14025,0.81218296
15996,0.12470252
43118,0.164057
20709,0.7346339
40750,0.6714905
105558,0.31488305
83535,0.0016607605
95106,0.11501877
74011,0.23488964
47232,0.15584156
60937,0.77773273
108931,0.07349949
89701,0.0016607605
84761,0.0016607605
123230,0.91119945
89882,0.001663111
121045,0.8765076
81141,0.001663111
52848,0.20099908
105892,0.88512
2120,0.17452586
55692,0.82280445
44057,0.40435696
7261,0.6062265
7997,0.5151727
84989,0.0016607605
99349,0.13143803
9819,0.8637862
35002,0.9848299
43027,0.9915605
112185,0.13120915
15592,0.96847636
33641,0.42684582
33042,0.4058105
27159,0.8484266
16773,0.68356955
79982,0.0016607605
47084,0.80896175
2929,0.13507333
45521,0.31738535
162,0.9723613
46861,0.14788085
37124,0.9879133
58502,0.8512041
42040,0.980684
116793,0.7085652
86295,0.0016607605
26068,0.19158533
3547,0.1816704
10027,0.53283346
113782,0.6851042
71892,0.7196004
5230,0.771023
39407,0.9697639
59892,0.6736572
108651,0.108056895
104954,0.22102922
97601,0.37130606
57056,0.42003676
118970,0.8139072
27605,0.09078837
44226,0.89095193
43336,0.9582761
2876,0.17112604
109473,0.036254194
44073,0.894744
76120,0.0016607605
96102,0.62559146
7537,0.43358517
53027,0.84808224
17761,0.17454709
93450,0.14025085
38553,0.7399255
49797,0.8824504
52744,0.74976045
18174,0.99108094
82056,0.001663111
114722,0.6719865
20839,0.48663488
24230,0.9317498
76542,0.0016607605
121917,0.51361966
118953,0.8972011
20432,0.9630837
13921,0.37894464
30714,0.9933609
107154,0.98171896
24795,0.31944254
72601,0.15392436
83124,0.0016607605
98333,0.76507425
26274,0.7190602
36852,0.9846895
35318,0.8408869
113656,0.6968371
79775,0.0016607605
98946,0.11114604
83579,0.0016607605
19202,0.9736419
101499,0.40183187
118163,0.7158629
96124,0.803015
80501,0.0016607605
84059,0.0016607605
55932,0.55303454
5641,0.98196155
2388,0.20225894
6026,0.03240476
124727,0.44187948
3435,0.5495036
34906,0.4593361
45341,0.7979519
73935,0.17689472
57989,0.84019655
89481,0.001663111
49561,0.499483
7119,0.1214808
76958,0.0016607605
49499,0.6544616
53222,0.93331945
115524,0.73524016
39258,0.97300094
34628,0.8655029
4816,0.5631221
95393,0.18404044
62631,0.60054487
108397,0.32834324
65446,0.84701073
92867,0.06272494
116373,0.8251571
78478,0.0016607605
67999,0.14404862
2130,0.8157569
29304,0.46340263
29502,0.53118783
91135,0.001663111
101947,0.23114426
568,0.2015607
6168,0.10719909
42420,0.98040235
95862,0.7177607
97020,0.7375272
114963,0.16723092
82020,0.0016607605
98235,0.096080095
16086,0.7178974
116277,0.3733135
20548,0.5894596
96312,0.22175583
49228,0.93418986
68382,0.58128786
92176,0.29040298
107393,0.3764816
3929,0.10440913
40958,0.97087204
56083,0.98605496
60196,0.55420434
97750,0.26969087
53754,0.51132315
65543,0.77686465
24316,0.97351414
833,0.9280957
93653,0.45962778
62877,0.7516659
86921,0.0016607605
43384,0.9491342
51176,0.39643532
3551,0.117783345
45548,0.093720786
40173,0.9773538
19377,0.10923949
91344,0.006104221
65567,0.7574439
43944,0.3665529
3112,0.13146222
94969,0.68201685
120057,0.5828975
70118,0.21174328
114556,0.3940681
84614,0.0016607605
115226,0.6166671
79491,0.0016799633
108373,0.3572337
37168,0.9927087
114286,0.65126413
3766,0.121452756
100328,0.5303249
109659,0.033025783
64552,0.56590784
59686,0.85588044
63943,0.88211215
72443,0.2932039
98263,0.5654267
121853,0.8698686
109666,0.010558437
19741,0.6866165
13867,0.50967574
122328,0.8930649
68214,0.20753546
115058,0.4369804
53647,0.1494051
96758,0.4833604
81612,0.0016607605
124650,0.98322475
2930,0.13844928
47502,0.9744178
38700,0.99329925
69985,0.22497223
107616,0.751162
5853,0.26616696
37369,0.97252005
75779,0.0016607605
43673,0.80926555
85588,0.001663111
123768,0.77626663
91022,0.001663111
114440,0.5665431
43519,0.95102996
33522,0.39922765
66935,0.1788516
61512,0.39756343
44573,0.8700557
85526,0.0016799633
60555,0.8521443
104656,0.17450498
2896,0.56229824
19797,0.8229405
86595,0.007555604
58814,0.8869331
13454,0.08373919
112454,0.45129076
17419,0.09816435
60381,0.89087576
11803,0.15167016
47125,0.39308998
120168,0.66204435
18893,0.15050638
124360,0.52425724
48645,0.9012832
103265,0.18043208
104989,0.50503355
41293,0.36885846
19412,0.8171754
36323,0.8861415
5623,0.97080606
67727,0.08915338
117371,0.7483539
97635,0.2583188
11023,0.06978577
56116,0.9913094
68985,0.03475679
85856,0.001663111
77617,0.0016607605
34402,0.9868152
11560,0.853962
95488,0.16576289
15713,0.026557816
65123,0.32660645
52088,0.9760543
14508,0.9775342
52603,0.48387182
24528,0.02555811
109275,0.021107519
89924,0.001663111
98011,0.9836256
51575,0.71795344
61129,0.87513405
60353,0.8454293
104283,0.5811898
57241,0.8890269
98816,0.40271237
116987,0.8218606
116568,0.38393635
57971,0.8207198
80262,0.001663111
51549,0.756519
102350,0.33080447
108142,0.32048318
80673,0.0016607605
109763,0.07524847
102325,0.05025274
72325,0.57532334
9543,0.6907141
83274,0.0016607605
21143,0.6773479
111068,0.14844711
3272,0.9808802
21487,0.8901445
84139,0.0016607605
22392,0.9238836
55808,0.7980779
4593,0.9494328
76091,0.0016607605
50285,0.49402046
89317,0.0016799633
62165,0.9940759
25439,0.97881556
108411,0.24746376
116399,0.4385117
116799,0.7516291
8445,0.20138536
65695,0.85661256
98911,0.16213113
49175,0.22514212
31334,0.8818052
74650,0.6348793
100406,0.5336053
102535,0.6249298
42127,0.9847221
88141,0.001663111
114449,0.5311745
79022,0.001663111
95907,0.24837156
12264,0.4967105
103065,0.09721759
78476,0.0016607605
2463,0.40898508
90322,0.0016607605
18255,0.98775136
77807,0.0016607605
68563,0.5417772
50198,0.15560345
47271,0.19121279
10292,0.62432146
28368,0.47687283
57276,0.9523305
31638,0.9915637
22619,0.7689394
100196,0.45909548
3730,0.19869916
100407,0.14075324
604,0.9685841
71666,0.59667367
113637,0.24222253
101375,0.63166404
295,0.12601167
55174,0.0916857
50683,0.17351474
32473,0.9744117
65560,0.7224179
32741,0.37338442
18745,0.34147018
30810,0.9933137
104746,0.53420216
123311,0.8553373
114943,0.9344088
47968,0.9405391
50412,0.2372791
14733,0.9257756
33767,0.082918495
56115,0.99222106
25622,0.056236066
49545,0.8662421
111917,0.14548196
120382,0.72427356
25055,0.9669572
13881,0.9018677
122762,0.22458665
61014,0.21663146
56048,0.61778617
73655,0.1920471
115918,0.27848276
69954,0.48478147
101140,0.42036933
30844,0.9943205
71454,0.10639495
54970,0.71207875
22633,0.14667746
39280,0.9927105
55599,0.6480358
102593,0.12838455
22782,0.74533033
95541,0.139878
125084,0.37698
120739,0.8430026
48742,0.5770907
40921,0.9818711
112508,0.6096677
53885,0.5384471
124258,0.8421143
107849,0.7246244
34011,0.26070103
7072,0.18468115
22361,0.97138256
79597,0.0016607605
98665,0.56484365
89115,0.001663111
66672,0.56620437
105872,0.1582013
117148,0.21463476
61523,0.092711285
47581,0.538242
14858,0.06681179
98481,0.114104606
25665,0.6196407
98864,0.46971384
67659,0.16344196
94499,0.21228325
40584,0.9702229
93103,0.6736957
43769,0.14265579
115256,0.3498873
68301,0.54317516
32785,0.36970776
83430,0.0016607605
72448,0.17164195
119175,0.22105171
120420,0.48190805
21220,0.023673424
63885,0.75708264
97625,0.64388686
106777,0.986212
9074,0.14977618
17190,0.65809363
104436,0.28063878
48970,0.9190568
24287,0.7712945
39504,0.40133294
43196,0.93384767
101495,0.14711304
78975,0.0016607605
27416,0.89607674
48231,0.98577535
98764,0.06278797
86294,0.0016607605
23799,0.86458087
61778,0.8401381
113936,0.17654932
116192,0.8915941
49395,0.1781703
67807,0.7164592
42221,0.9885666
102725,0.95526356
114737,0.68181723
20774,0.599814
69491,0.21833587
42951,0.9902739
78898,0.0016607605
39634,0.5323797
31783,0.9922633
52529,0.79173034
8935,0.8165003
25007,0.6921503
35115,0.97035676
73062,0.5516591
103954,0.24300747
27046,0.11737706
77835,0.001663111
97040,0.95754606
30840,0.7503855
7177,0.1515707
25751,0.6993055
85312,0.0016607605
6252,0.52463037
114867,0.6350668
78145,0.001663111
61543,0.74740964
22796,0.702878
19859,0.20670381
124736,0.18397902
68539,0.7242516
79075,0.0016607605
62828,0.76190877
116384,0.53522086
30318,0.6724213
15817,0.12086925
36824,0.9657227
46123,0.9644644
99784,0.478771
37490,0.9597963
122130,0.45435995
16167,0.08481732
109313,0.03964581
103560,0.49559736
19760,0.112689205
91231,0.0016607605
76694,0.0016607605
64870,0.8539472
111514,0.47483328
43578,0.53002626
56774,0.99036586
54587,0.8495615
74113,0.49672192
54292,0.80131143
56784,0.77502525
52366,0.96702194
93095,0.49956813
88751,0.0016607605
58523,0.8998172
45106,0.97925675
74148,0.12954827
114367,0.76688856
117469,0.23648022
59390,0.87976146
91259,0.0016607605
56088,0.9867842
23377,0.7017509
109880,0.020379102
39690,0.9806466
110405,0.048491713
112656,0.6698173
12641,0.36593834
76498,0.001663111
76986,0.001663111
101112,0.18292709
14029,0.9320369
110726,0.112301424
86934,0.001663111
84199,0.0016607605
5154,0.99074906
