ID,TARGET
32933,0.23323603
32713,0.89878726
90799,0.042299405
30990,0.944549
110120,0.3196521
64879,0.69681287
86700,0.042299405
32599,0.40543315
42504,0.92953664
30559,0.3014912
97930,0.5653206
41814,0.39059845
83325,0.042299405
104376,0.7092768
57754,0.72901887
90016,0.042299405
19652,0.9117612
62811,0.6338866
47551,0.94996256
11370,0.2105676
70550,0.38132983
49494,0.20041421
124132,0.35805303
30807,0.94996256
112804,0.738718
70340,0.56401885
27515,0.21807085
74851,0.5937946
23773,0.27617005
1905,0.9487389
36533,0.7891144
85121,0.042299405
49630,0.6804096
120981,0.9165107
52205,0.5227884
89516,0.042299405
46859,0.24351414
95029,0.21146478
33309,0.61881745
36372,0.94996256
46642,0.9445681
77876,0.042299405
27967,0.37431827
63091,0.8043568
112046,0.69532084
100185,0.5912313
75328,0.042299405
119761,0.3900109
18970,0.069831386
93993,0.19766068
16516,0.78409976
111056,0.65064245
104819,0.41360265
1834,0.66077226
81597,0.042299405
21208,0.09232185
104115,0.23269598
60668,0.8043568
77085,0.042299405
31114,0.65279776
44601,0.943447
39482,0.73806477
35622,0.9523117
105276,0.42182922
111644,0.5085645
19609,0.8207466
46831,0.70757115
67796,0.2131259
97497,0.6699523
43621,0.9487389
21305,0.07044076
31350,0.9250916
25638,0.82504195
39958,0.3812725
116905,0.25491762
63544,0.80176836
71318,0.27603346
119726,0.47318125
98813,0.60988903
66351,0.6835146
94473,0.33674085
113650,0.7033534
12016,0.14490858
114787,0.5113884
59160,0.70757115
76200,0.042299405
77519,0.042299405
53197,0.27920705
12077,0.6443537
112146,0.6327601
87227,0.042299405
71274,0.24724309
91319,0.042299405
27975,0.59443384
34909,0.9250457
70008,0.6337623
8719,0.3449537
12879,0.4481545
78498,0.042299405
117980,0.17537913
86705,0.042299405
45665,0.7566842
101761,0.8908866
106773,0.90840834
49470,0.6692836
76997,0.042299405
122677,0.8161812
51579,0.41177186
75429,0.042299405
7196,0.2912581
57834,0.68879247
18762,0.93913263
60024,0.68879247
91935,0.19916667
37195,0.9250916
45366,0.73583424
78321,0.042299405
31308,0.17794155
219,0.29312846
37532,0.93574846
93392,0.7439938
21536,0.9487389
54080,0.23478271
22147,0.9416098
89698,0.042299405
92849,0.38975224
4855,0.59975415
12988,0.29277852
75952,0.042299405
92039,0.1361184
36456,0.9250916
98659,0.31162477
108163,0.37561303
56935,0.92953664
60366,0.8207466
33317,0.7140731
63699,0.9022172
92138,0.29210848
58368,0.76889104
52166,0.55470836
61821,0.8043568
54413,0.5369713
107351,0.90277
109938,0.7414636
62470,0.8043568
24453,0.09232185
116107,0.78524405
27751,0.76735204
53375,0.8161812
57102,0.5900412
44187,0.27224886
54241,0.6303341
51642,0.80566764
70917,0.8651323
84722,0.042299405
25283,0.8385467
89106,0.042299405
116544,0.7589587
64814,0.7802271
70345,0.29921618
65943,0.5493985
88437,0.042299405
34393,0.90650797
71405,0.2957798
22288,0.7344672
71863,0.22508408
102765,0.7006616
45463,0.8207466
28616,0.66786206
16888,0.5905028
3345,0.16435069
10439,0.20278408
7506,0.44056034
117131,0.49350053
50448,0.7534511
47119,0.4399813
40832,0.95020086
58634,0.9487389
4825,0.5835271
107712,0.38651696
106090,0.42182922
95974,0.1461873
18969,0.071581215
24427,0.13681698
83219,0.042299405
31307,0.16846552
27371,0.39957526
20212,0.69516015
22287,0.6559696
55792,0.88749844
124159,0.7729014
49055,0.94996256
34595,0.8207466
38653,0.94996256
11365,0.21735708
62740,0.7271119
51615,0.5723481
96456,0.187716
17369,0.15936628
28545,0.66786206
123930,0.8766096
12249,0.7414636
46122,0.89878726
82569,0.042299405
25517,0.94996256
49118,0.69516015
12387,0.6359238
1451,0.7030056
46907,0.943447
62122,0.9462237
62793,0.76208985
80038,0.042299405
112769,0.195731
13833,0.2178324
117387,0.4627603
98295,0.90537584
117040,0.35805303
69156,0.54599565
108383,0.29008967
80162,0.042299405
90487,0.042299405
57007,0.73806477
122164,0.729457
98934,0.5767582
22013,0.7497565
121276,0.7534511
121619,0.74126625
66475,0.5956024
7160,0.614908
101439,0.712781
114406,0.525903
25628,0.09232185
81898,0.042299405
93667,0.61256564
87454,0.042299405
85894,0.042299405
35880,0.8231943
33368,0.7227505
56837,0.4399813
9759,0.5266537
8980,0.5998385
86473,0.042299405
118492,0.6327601
29785,0.42779115
4954,0.92601985
94226,0.90537584
25787,0.23323603
100373,0.264986
116172,0.8129815
89868,0.042299405
89622,0.042299405
91351,0.042299405
77755,0.042299405
46760,0.61580956
7767,0.61191213
120572,0.82236564
29163,0.9117612
62600,0.7140731
93316,0.32021287
121961,0.7192605
96668,0.90537584
81910,0.042299405
68634,0.57641
31080,0.9250457
109041,0.12878017
99814,0.32423192
112044,0.699742
81866,0.042299405
55253,0.3060268
5213,0.9480592
95650,0.26122773
3744,0.24846089
19020,0.7414636
64387,0.83342713
3803,0.19514997
72598,0.33674085
106969,0.35532045
7535,0.5266537
59700,0.8207466
9414,0.7271119
107049,0.8582086
117550,0.4958884
30168,0.07044076
119586,0.5482068
87756,0.042299405
99601,0.51043826
86645,0.042299405
115488,0.7657518
101469,0.24010973
361,0.37555605
49542,0.7344672
79688,0.042299405
95116,0.33674085
86092,0.042299405
70365,0.90368444
85203,0.042299405
27182,0.59944594
52390,0.65064245
40108,0.8676704
78524,0.042299405
101801,0.38132983
120810,0.67470163
29048,0.74712306
107985,0.30106464
18056,0.8385467
6486,0.64421976
92567,0.5863746
71959,0.17068616
56836,0.4399813
115995,0.78524405
27472,0.26992324
97544,0.5767582
63071,0.42209443
118130,0.3812725
28409,0.13459703
100355,0.34106764
23544,0.8207466
41256,0.929919
119245,0.3882269
5537,0.36874843
73118,0.2760042
56043,0.70662117
118876,0.78524405
87033,0.042299405
8049,0.6173614
100268,0.34106764
110317,0.38734996
109547,0.19302805
14730,0.61522657
94952,0.3014912
107556,0.60113144
40891,0.7296874
112923,0.7159984
68243,0.5444087
64292,0.4774773
90716,0.042299405
55756,0.82966644
69880,0.3519782
122207,0.78804094
13677,0.38300097
11216,0.8287778
125008,0.6868156
46094,0.8073304
82982,0.042299405
96309,0.58678144
50725,0.63060707
70310,0.40802762
111706,0.24704227
50762,0.7414636
45479,0.5063225
41741,0.30735463
112337,0.7589587
51054,0.22819354
54007,0.28880244
53753,0.6831149
35644,0.9523117
21693,0.8505217
1142,0.8406371
53739,0.28880244
61790,0.21173345
121504,0.8161812
53204,0.4874571
79840,0.042299405
60801,0.8043568
56861,0.4399813
35442,0.9299622
36072,0.893575
103482,0.6977044
7974,0.5998385
53790,0.5369713
77715,0.042299405
115484,0.37551606
17041,0.32039344
63378,0.71763635
97278,0.38651696
28267,0.6700527
40230,0.93913263
109173,0.254536
30535,0.94996256
20064,0.20886658
60385,0.8207466
62868,0.2178324
90501,0.042299405
5504,0.7543124
112133,0.7159984
29687,0.44501498
42269,0.22152019
29780,0.58720905
43616,0.940431
124180,0.77448213
120552,0.7665315
70654,0.28774977
49378,0.72814405
120663,0.6692836
58320,0.9352508
48923,0.943447
50730,0.54581475
20011,0.8231943
103250,0.33598998
106599,0.5444087
85603,0.042299405
13879,0.1786755
49518,0.64918625
89656,0.042299405
83574,0.042299405
105497,0.6497865
6987,0.24765624
84233,0.042299405
37940,0.92953664
116121,0.49265552
17611,0.73020875
63593,0.8385467
89672,0.042299405
52326,0.7665315
65186,0.7140731
33111,0.6060048
98338,0.49058908
55349,0.79820716
35493,0.929919
19361,0.27685833
47730,0.25438407
68589,0.39683107
46582,0.94996256
14105,0.90537584
2674,0.2814844
25523,0.94996256
69380,0.269074
73812,0.6550291
1257,0.9345576
94076,0.90840834
111332,0.33209783
33737,0.2100586
69521,0.3449537
18350,0.1337021
90474,0.042299405
75125,0.042299405
90553,0.042299405
69738,0.7092768
78157,0.042299405
87841,0.042299405
84421,0.042299405
118956,0.79248446
66108,0.72199076
119135,0.54979146
123338,0.7665315
23169,0.58607644
62890,0.5113884
106330,0.95167696
79920,0.042299405
48441,0.9523117
118596,0.67586255
47171,0.39508018
30142,0.071581215
108793,0.2905648
29796,0.21310697
56601,0.7133811
37741,0.89878726
28003,0.35814682
30370,0.94996256
75940,0.042299405
38785,0.8027489
39206,0.7112632
62448,0.8207466
55860,0.79820716
17220,0.24396019
86088,0.042299405
17776,0.7635397
95778,0.41360265
89588,0.042299405
91781,0.7280284
17760,0.8231943
17920,0.8207996
67039,0.41293272
121532,0.648536
84684,0.042299405
21718,0.7662721
41684,0.86173886
12458,0.2394489
99714,0.65249157
80551,0.042299405
118910,0.39508018
115054,0.49456495
90147,0.042299405
102832,0.27612573
49861,0.69701695
43627,0.9487389
113624,0.69532084
6118,0.12908918
61625,0.22541796
121100,0.5113884
66348,0.4003917
83750,0.042299405
30688,0.94996256
99555,0.59224993
8992,0.29008967
70278,0.46220925
20202,0.5668275
57207,0.912004
99445,0.29138115
48072,0.28456602
99147,0.6334622
48526,0.92953664
80771,0.042299405
39126,0.94996256
103101,0.2178324
64584,0.60990846
71277,0.5493985
116747,0.68687075
117253,0.28456602
67175,0.90537584
125077,0.6654727
108462,0.5653206
63786,0.85711795
19351,0.8090711
51654,0.3812725
13345,0.8779773
75155,0.042299405
81559,0.042299405
24801,0.37152475
40662,0.944549
121463,0.7033534
119125,0.5113884
67044,0.31395704
45915,0.9250916
57103,0.5900412
122494,0.7534511
73528,0.4784825
29546,0.58720905
7158,0.49035433
23549,0.89878726
57075,0.94996256
110550,0.19164279
14148,0.95167696
17092,0.66077226
53106,0.706142
58354,0.8043568
83571,0.042299405
51975,0.49456495
94593,0.46700957
85879,0.042299405
103485,0.38975224
108903,0.22780645
94779,0.17974249
98859,0.712781
119143,0.5113884
68547,0.46557054
112899,0.82391095
113971,0.7159574
13130,0.60976607
101883,0.5937946
21136,0.61580956
49106,0.40212277
93419,0.49422398
5714,0.24754325
94810,0.57510823
124653,0.92410934
117031,0.2533619
14996,0.8779773
86877,0.042299405
60824,0.79399997
101195,0.38300097
84374,0.042299405
114510,0.67236716
6711,0.9205646
53930,0.46213847
22124,0.94205046
123509,0.91210264
98259,0.5749036
19570,0.9250916
121090,0.6600755
99486,0.5808065
59319,0.6173066
71306,0.39683107
81240,0.042299405
51787,0.6804096
65834,0.67544264
93986,0.20836739
82169,0.042299405
60575,0.86236817
86347,0.042299405
68719,0.3948916
26267,0.6782537
90004,0.042299405
4080,0.8605365
13606,0.5863746
84653,0.042299405
32832,0.72901887
39723,0.37555605
14591,0.8908866
67656,0.60988903
70134,0.33666763
48068,0.2855446
35474,0.8043568
21292,0.071581215
12825,0.7283991
28645,0.6777493
24485,0.071581215
110810,0.18885988
12364,0.4546866
91271,0.042299405
67338,0.31162477
92167,0.73764867
99563,0.2957798
39023,0.92379194
48901,0.92953664
72970,0.8246817
101352,0.18783146
4644,0.49601302
66872,0.28045914
33268,0.45070684
52733,0.6187189
51720,0.4356394
87972,0.042299405
81181,0.042299405
37712,0.8043568
29181,0.58720905
45861,0.92953664
20002,0.9250457
39060,0.94996256
59055,0.8043568
177,0.944549
46584,0.71672434
104156,0.2532133
22539,0.20886658
22687,0.5472083
8126,0.6371487
38153,0.8515394
65721,0.7412351
121815,0.7033534
79315,0.042299405
109390,0.23149396
88471,0.042299405
18722,0.89878726
35229,0.9352508
12202,0.34977314
12587,0.34977314
8440,0.26558745
84249,0.042299405
18127,0.9487389
82809,0.042299405
88603,0.042299405
80781,0.042299405
107589,0.41843328
26223,0.63373584
51885,0.2690262
2637,0.38676816
121546,0.8048856
122798,0.7033534
110865,0.17898153
88722,0.042299405
25620,0.13529946
57295,0.8676704
86591,0.042299405
3036,0.37307182
84328,0.042299405
116020,0.63093436
63628,0.8207466
4532,0.8557216
115456,0.5113884
42405,0.85096294
81165,0.042299405
111767,0.6404976
13838,0.76547724
50232,0.7729014
13987,0.5907431
40085,0.95020086
49290,0.8319426
14209,0.90537584
27900,0.28330937
12134,0.5224978
124788,0.7797972
102547,0.27994487
59420,0.8043568
2394,0.25047824
117203,0.27617005
46086,0.30889368
96986,0.5675377
104254,0.42182922
34989,0.93913263
35956,0.9523117
90615,0.042299405
72038,0.301915
32481,0.94205046
98428,0.6485842
30325,0.65279776
39585,0.93913263
17495,0.9523117
94574,0.69553286
101756,0.90537584
115162,0.35864118
53985,0.26586974
76336,0.042299405
31204,0.95020086
55914,0.69928765
52903,0.19548701
96674,0.8582086
112289,0.65064245
74018,0.3623093
59607,0.93102473
41344,0.946063
71599,0.66470385
101668,0.8843069
9558,0.28774977
79623,0.042299405
36045,0.9352508
98802,0.24351414
49827,0.48292637
104537,0.464219
55036,0.580667
115232,0.65064245
70369,0.3249235
54527,0.25232324
14004,0.8843069
24677,0.9250916
82793,0.042299405
79107,0.042299405
88565,0.042299405
76189,0.042299405
101501,0.26333526
60039,0.37555605
52913,0.16135648
63202,0.9056515
25490,0.943447
87408,0.042299405
67711,0.37561303
80974,0.042299405
119056,0.27685833
67444,0.76026434
38846,0.94996256
3629,0.69588417
117302,0.2690262
104691,0.39375904
81048,0.042299405
111854,0.18329278
7460,0.5749036
116026,0.7662721
101819,0.7834762
8133,0.6549338
9767,0.61207324
33845,0.58607644
45956,0.93913263
34594,0.8207466
106212,0.60732734
21796,0.3882269
14788,0.94929814
79157,0.042299405
117092,0.65740234
44108,0.8383232
91317,0.042299405
77674,0.042299405
104568,0.5972017
21313,0.07044076
19713,0.39508018
105226,0.58388937
53005,0.79820716
78294,0.042299405
106894,0.9135301
41324,0.9250916
40761,0.5721444
121332,0.49510035
50098,0.6352164
116619,0.6936065
112927,0.49265552
62843,0.8505217
54799,0.7048122
114413,0.4774773
35200,0.93913263
82709,0.042299405
96027,0.61661226
117811,0.6692836
69424,0.41293272
59214,0.9269657
92887,0.90277
16641,0.8615049
87929,0.042299405
50977,0.8048856
102296,0.3449537
2050,0.8605365
124551,0.85576946
59301,0.72901887
121585,0.8161812
36990,0.943447
13703,0.38300097
11090,0.60976607
50545,0.9121796
105281,0.57938457
83120,0.042299405
102282,0.5653206
76762,0.042299405
118477,0.31780624
83000,0.042299405
72656,0.35039923
68436,0.6678326
71208,0.54599565
48758,0.41731146
99542,0.3654535
55031,0.5191073
5901,0.16896287
67276,0.5767582
49673,0.69099206
116866,0.65064245
45997,0.87456024
112998,0.6537946
28244,0.19855602
85893,0.042299405
93027,0.6365641
103109,0.20041421
532,0.6277503
26788,0.8913875
114342,0.23662554
114322,0.8407545
12763,0.34811965
73177,0.41360265
31869,0.9352508
42666,0.9352508
105358,0.90277
109623,0.25232324
46498,0.9250457
101165,0.689265
13656,0.63892925
8955,0.80074793
124072,0.80049443
19490,0.8043568
123258,0.9144649
69099,0.5751951
64594,0.68879247
122459,0.7528385
13469,0.40802762
24132,0.071581215
93293,0.19011764
58122,0.68879247
24444,0.09232185
81916,0.042299405
105241,0.58678144
60431,0.73305833
247,0.14223108
92184,0.60659665
9958,0.1533329
77618,0.042299405
54361,0.87992996
98299,0.5266537
7190,0.8220191
5052,0.9366573
67495,0.41293272
10741,0.43445393
27965,0.19855602
106444,0.59297925
94641,0.24804658
52759,0.65064245
67035,0.5576651
42885,0.90670323
80693,0.042299405
93718,0.58819026
88791,0.042299405
475,0.08472232
43664,0.76274276
26496,0.8214037
118765,0.6804096
86573,0.042299405
91235,0.042299405
31862,0.89878726
106251,0.9135301
101449,0.3654535
116854,0.41802168
81355,0.042299405
27281,0.18884328
123344,0.7665315
82335,0.042299405
2105,0.21126623
26887,0.9407879
59904,0.7893003
110609,0.20970765
64041,0.3812725
100968,0.28181505
20972,0.710074
29952,0.06470332
28285,0.2622166
16599,0.56589067
25460,0.8814742
65189,0.73305833
71927,0.23158263
49839,0.599273
24701,0.94996256
48829,0.9492104
105214,0.61859137
105820,0.24937305
68285,0.27612874
98190,0.9437412
71225,0.5846777
122674,0.7606064
51483,0.37555605
109979,0.2211553
46791,0.18947144
38973,0.946063
120089,0.7506572
75454,0.042299405
42516,0.943447
110803,0.23923512
111495,0.48193872
102537,0.5956024
45514,0.20443204
87311,0.042299405
25438,0.94996256
5950,0.16642499
77385,0.042299405
92518,0.5907431
38399,0.8383232
115009,0.7613734
85021,0.042299405
24196,0.9250457
59318,0.72901887
121410,0.63127166
46307,0.9250457
103174,0.6465708
59406,0.85711795
55666,0.28880244
111847,0.26469967
59738,0.8220709
29882,0.09232185
75032,0.042299405
66437,0.21350956
118024,0.14025633
106742,0.4003917
5198,0.9480592
20091,0.17794155
36893,0.9250457
85647,0.042299405
51442,0.2855339
111343,0.6568531
52225,0.542151
114283,0.6482253
30338,0.929919
33181,0.5113884
117427,0.2690262
47325,0.8140165
109514,0.20484419
107855,0.5412692
45687,0.89878726
69272,0.31591785
84657,0.042299405
27345,0.6329275
115417,0.27685833
89251,0.042299405
91137,0.042299405
27641,0.11883296
79533,0.042299405
51385,0.63060707
123054,0.7101543
50797,0.2855446
64563,0.36202234
51216,0.68926793
124175,0.7534511
23573,0.944549
79092,0.042299405
92054,0.21498081
77453,0.042299405
85259,0.042299405
1214,0.76273996
69223,0.25834355
50835,0.19367054
56492,0.7893003
51344,0.35805303
84408,0.042299405
99683,0.5968993
25501,0.94996256
14200,0.66723263
93315,0.48580244
71687,0.42182922
53351,0.79978114
61346,0.8043568
122027,0.8806455
17185,0.710074
22274,0.71672434
69352,0.5023317
121892,0.52798307
110264,0.31889555
34291,0.31139594
66901,0.3654535
84927,0.042299405
116115,0.7665315
22301,0.73806477
55555,0.87992996
11652,0.35637504
48175,0.5900412
12569,0.6390641
18219,0.8207466
41347,0.94996256
36773,0.92953664
77183,0.042299405
8545,0.69413877
26273,0.6642
88776,0.042299405
18910,0.16846552
28936,0.63373584
35394,0.5472083
73200,0.4048482
26429,0.76724297
112393,0.2503729
106635,0.5493985
100468,0.54599565
31086,0.7028948
91237,0.042299405
53499,0.71918243
43307,0.4592283
115974,0.77026075
97212,0.5493985
89468,0.042299405
85990,0.042299405
25873,0.63373584
33028,0.071581215
52142,0.4814351
10523,0.15932226
66842,0.27612874
96734,0.90277
33390,0.76274276
124728,0.6643121
9802,0.38300097
6534,0.10882427
24044,0.49265552
46633,0.94996256
54605,0.588143
9916,0.651287
5325,0.94551253
15833,0.14613277
88847,0.042299405
24380,0.8161812
32663,0.94996256
50332,0.25757322
30029,0.77588665
51776,0.55470836
84310,0.042299405
55694,0.28880244
42278,0.1497794
16290,0.6234635
49111,0.42494982
109129,0.3516933
121653,0.7661917
2461,0.46490556
6589,0.424223
102824,0.6798071
15111,0.14613277
6858,0.90840834
12839,0.760694
119439,0.3900109
87160,0.042299405
120804,0.7271119
72188,0.48132953
9493,0.269074
47864,0.85711795
10898,0.291994
76280,0.042299405
29060,0.54791254
48722,0.9523117
6545,0.08472232
97182,0.17698146
9282,0.17945053
91033,0.042299405
2844,0.40431976
19772,0.7414636
59571,0.8385467
121036,0.27920592
52673,0.22136773
124296,0.8533859
46754,0.561183
93080,0.9400215
48137,0.61580956
11658,0.38651696
122349,0.542151
70881,0.291994
28684,0.6777493
13293,0.24666837
41140,0.94996256
64325,0.68879247
111962,0.47513822
15636,0.8908866
46210,0.9523117
109141,0.19916667
108409,0.72421074
2918,0.2622166
86007,0.042299405
564,0.42209443
23336,0.73488027
4860,0.81053025
88049,0.042299405
23290,0.73488027
62834,0.6704657
9994,0.39683107
19489,0.8043568
4696,0.6383791
63397,0.8043568
71646,0.6454073
46636,0.94996256
103405,0.21142018
99096,0.6391833
91332,0.042299405
62463,0.73305833
49852,0.71047175
53766,0.580667
63118,0.7497565
49178,0.7414636
38028,0.944549
88777,0.042299405
115408,0.7915002
93295,0.60732734
61706,0.2690262
65032,0.40543315
125042,0.6865514
65509,0.71672434
63714,0.8207466
98496,0.39683107
54236,0.25232324
87222,0.042299405
79679,0.042299405
70392,0.27612874
38940,0.9250457
39837,0.72901887
25030,0.39508018
72046,0.36007258
37412,0.94996256
28951,0.6329275
115863,0.79991794
24149,0.8515394
45877,0.9477746
39396,0.8383232
120203,0.7729014
89538,0.042299405
59640,0.8671329
26310,0.4015931
56840,0.2690262
12455,0.4546866
36807,0.8044135
70832,0.29804483
27430,0.77588665
45129,0.94996256
34977,0.8044135
82795,0.042299405
38132,0.5113884
77579,0.042299405
93065,0.90840834
118840,0.3812725
20736,0.5278734
44868,0.89878726
91588,0.042299405
27193,0.6483895
98480,0.41293272
95310,0.42182922
17340,0.76274276
52656,0.5723481
84094,0.042299405
108289,0.73434424
4534,0.88595706
34193,0.946063
72959,0.7409207
447,0.14104633
98924,0.2705526
382,0.17083454
93421,0.5304661
50912,0.67118484
42385,0.2690262
61458,0.9523117
17113,0.7296874
47246,0.5532914
116446,0.6327601
96264,0.20996624
35495,0.9352508
87699,0.042299405
89405,0.042299405
37636,0.943447
27758,0.2497125
18073,0.8671329
123349,0.2690262
3871,0.42182922
13075,0.90537584
32141,0.95020086
14753,0.8843069
112441,0.6804096
110518,0.21322735
55394,0.54331803
23565,0.92953664
7559,0.5998385
46847,0.26469967
91212,0.042299405
119806,0.2855446
118417,0.7159984
38952,0.9352508
52267,0.837521
53002,0.79820716
10770,0.24351414
118755,0.2849689
120312,0.5113884
563,0.80566764
60764,0.80176836
35246,0.8383232
59116,0.61881745
81409,0.042299405
109851,0.17003913
90897,0.042299405
12041,0.5592871
45365,0.7380147
66688,0.31404623
1394,0.73488027
83298,0.042299405
123203,0.88426673
75301,0.042299405
69306,0.3249235
80075,0.042299405
37506,0.72901887
6861,0.9135301
69298,0.4481545
12069,0.8355149
96922,0.7439938
19529,0.9299622
84303,0.042299405
78990,0.042299405
122415,0.46299407
1887,0.87477696
116600,0.49265552
113421,0.6744589
118514,0.27281228
119860,0.2855446
3923,0.33674085
100437,0.4611272
60874,0.94647884
96870,0.54599565
58382,0.80176836
94392,0.6180691
72716,0.7121624
73587,0.6283957
36654,0.9477746
113658,0.7033534
108846,0.3516933
100411,0.264986
64312,0.3812725
112279,0.67470163
61994,0.7528385
76418,0.042299405
6595,0.8779773
3521,0.4320005
115888,0.35805303
68233,0.38651696
32815,0.72901887
83560,0.042299405
64251,0.7893003
35217,0.8383232
8788,0.26815534
76586,0.042299405
62750,0.68879247
26012,0.18823357
20127,0.09232185
85805,0.042299405
92992,0.94383633
105995,0.5704051
38734,0.5730584
66630,0.16530609
88977,0.042299405
42696,0.9352508
32619,0.9124725
79086,0.042299405
12616,0.4003917
35105,0.929919
90513,0.042299405
18427,0.5265537
92702,0.5592871
4395,0.88712454
13236,0.53144234
18366,0.08097476
22787,0.7249829
49402,0.8994428
85697,0.042299405
103926,0.67145896
36190,0.7688353
34140,0.60990846
22758,0.37058383
81776,0.042299405
9205,0.84372395
37469,0.93574846
92341,0.5966552
85149,0.042299405
122202,0.729457
30615,0.9448827
94500,0.21775706
60831,0.88749844
96381,0.6994447
120970,0.8360133
41652,0.929919
77064,0.042299405
33064,0.89878726
58700,0.73806477
49754,0.75829536
119664,0.36202234
111780,0.65208864
1131,0.6003068
91376,0.042299405
120466,0.24314992
114300,0.7271119
82164,0.042299405
22219,0.9117612
85451,0.042299405
98250,0.25045875
62109,0.9462237
123355,0.5214674
88284,0.042299405
55173,0.20355608
25522,0.94996256
107909,0.57096535
100486,0.54572153
73562,0.3173908
122332,0.85423577
18795,0.78409976
4402,0.8448657
92091,0.6167415
60720,0.41080713
62316,0.94205046
95133,0.6663477
4646,0.78249705
28611,0.66786206
5313,0.9073345
53322,0.86236817
45762,0.4592283
19907,0.09232185
95431,0.4320005
33198,0.77361304
59824,0.71672434
53207,0.7643699
80765,0.042299405
99296,0.25064898
49539,0.6294428
69054,0.53144234
119732,0.42592373
64564,0.72814405
99948,0.5653206
48706,0.9523117
80192,0.042299405
100404,0.5653206
95618,0.4912952
109143,0.20389405
8591,0.6390641
56795,0.7497565
102754,0.25045875
118162,0.65740234
71607,0.6544311
16675,0.73806477
48556,0.9523117
99986,0.2898368
106628,0.5550873
98835,0.49229297
28921,0.9117612
23052,0.5472083
103508,0.4784825
61915,0.7271119
80194,0.042299405
2265,0.92601985
44825,0.8207466
118733,0.6868156
28118,0.44501498
43961,0.94996256
15683,0.23198004
101304,0.20724829
62867,0.3082912
114455,0.7613734
79908,0.042299405
89087,0.042299405
66027,0.3620785
114824,0.43635744
24690,0.93574846
51802,0.6865804
10708,0.34977314
91942,0.20484419
67229,0.39005843
82955,0.042299405
77727,0.042299405
91534,0.042299405
55714,0.69928765
59925,0.6186457
99475,0.14613277
12303,0.6699113
16982,0.66077226
12331,0.5780501
91067,0.042299405
103040,0.17581518
8416,0.22915792
71564,0.65131557
104644,0.6552179
88863,0.042299405
117760,0.41731146
38603,0.9094326
124525,0.80564064
49867,0.39508018
50294,0.47513822
66318,0.8246817
86636,0.042299405
6768,0.47332275
99970,0.4481545
62522,0.943447
97067,0.9395671
23444,0.73583424
52755,0.6657524
56791,0.89878726
47571,0.3882269
83797,0.042299405
104785,0.23269598
8599,0.69413877
57506,0.66872925
19194,0.9250457
113307,0.48193872
95265,0.15688558
98787,0.39683107
83703,0.042299405
22912,0.8383232
67894,0.39793688
58134,0.5532914
124013,0.75512433
95034,0.2844175
50812,0.64510864
18854,0.8231943
117108,0.67470163
87762,0.042299405
5139,0.9395671
86845,0.042299405
63508,0.8913875
100051,0.61879116
101637,0.5653206
82115,0.042299405
82303,0.042299405
113468,0.69130135
105377,0.9437412
65004,0.80577356
11898,0.19821034
110130,0.2912829
22082,0.8043568
11736,0.38651696
97482,0.5968993
91169,0.042299405
111848,0.2178324
8692,0.2969629
97990,0.17503488
99961,0.5957432
1089,0.7420828
61005,0.42209443
43923,0.946063
105028,0.42810133
112798,0.738718
101534,0.6633963
58854,0.5731356
9002,0.70027554
50428,0.26469967
71517,0.40771678
44810,0.8207466
115786,0.6352164
40800,0.82626796
83337,0.042299405
81641,0.042299405
65652,0.8043568
124067,0.78524405
80246,0.042299405
90468,0.042299405
49108,0.8207466
109502,0.21322735
62227,0.8207466
14857,0.16285013
107840,0.59791553
106758,0.5708834
66134,0.57096535
44272,0.61580956
38699,0.94996256
33145,0.7813582
113500,0.5113884
76996,0.042299405
24456,0.08097476
38781,0.8207466
22875,0.8043568
58212,0.8043568
32812,0.72901887
51644,0.542151
3458,0.61256564
125028,0.36202234
60756,0.78409976
10235,0.56492794
48249,0.9523117
30004,0.06470332
100552,0.27281228
28410,0.13237584
70763,0.60343397
105373,0.9135301
118023,0.14822751
60851,0.9117612
104683,0.5735838
125132,0.78524405
117965,0.24094677
106470,0.6428973
47227,0.58797675
90875,0.042299405
113864,0.63127166
43995,0.94996256
92605,0.12908918
106705,0.5576651
1581,0.7729732
77191,0.042299405
121658,0.87992793
91812,0.048056435
104701,0.65939593
23857,0.30350205
35777,0.9523117
34267,0.2874603
120753,0.7665315
40243,0.8090711
4049,0.40431976
97143,0.2735732
2080,0.56633806
107274,0.5898256
25500,0.94996256
87442,0.042299405
1128,0.92953664
118392,0.78676254
39796,0.9523117
22707,0.57372385
13494,0.5863973
47116,0.2166175
30948,0.929919
64628,0.8478691
2440,0.78443795
41882,0.22152019
94433,0.4650849
79764,0.042299405
82002,0.042299405
34608,0.8207466
49482,0.24351414
3609,0.1764233
78070,0.042299405
122229,0.20041421
63691,0.8385467
116236,0.8866591
11822,0.3654535
86187,0.042299405
115219,0.42475376
38173,0.5113884
123649,0.712157
68514,0.36422232
95225,0.5921388
61990,0.46299407
36280,0.4592283
50527,0.91210264
72780,0.25152624
36142,0.943447
70566,0.5767582
95805,0.33674085
10683,0.36874843
70913,0.8572484
94252,0.9135301
89296,0.042299405
103207,0.22508408
98450,0.269074
54835,0.19548701
115336,0.6804096
54017,0.5191073
54227,0.3893264
107977,0.28311536
64889,0.30889368
74491,0.27612874
15866,0.8331868
82114,0.042299405
50419,0.20041421
107207,0.9410198
48761,0.67544264
27948,0.6128666
92107,0.86173886
105955,0.90277
70529,0.4481545
23942,0.48758996
46756,0.28311536
86664,0.042299405
52416,0.61755145
64925,0.68791306
88152,0.042299405
80049,0.042299405
83210,0.042299405
29139,0.77588665
35945,0.9445681
101160,0.56888294
36920,0.7621468
93782,0.76191956
79466,0.042299405
86033,0.042299405
14198,0.69413877
98876,0.5520651
96669,0.5835271
38420,0.4079794
67833,0.3654535
79910,0.042299405
73301,0.41893154
43085,0.31139594
26485,0.39375904
58802,0.7938892
87782,0.042299405
78180,0.042299405
87977,0.042299405
2922,0.6050565
45725,0.30889368
14734,0.90537584
34534,0.8207466
115528,0.67018574
81088,0.042299405
121985,0.78524405
16435,0.2510018
48775,0.8231943
58324,0.93913263
23789,0.7321874
30800,0.95020086
3285,0.6977914
108528,0.5666035
3720,0.7516356
55116,0.73094696
38860,0.94996256
92507,0.5266537
32343,0.9352508
59344,0.8913875
79195,0.042299405
113114,0.26189926
116749,0.7589587
98535,0.36890474
53469,0.82966644
56860,0.5532914
42067,0.94996256
99395,0.16285013
109073,0.10023951
63078,0.8207466
68054,0.70187336
7343,0.8355149
67527,0.70187336
21611,0.9462237
23139,0.4356394
81250,0.042299405
2214,0.38173825
39517,0.7473782
100354,0.38651696
41927,0.87456024
69785,0.94551253
103658,0.3183448
56020,0.7344672
15997,0.31101212
21333,0.68879247
54617,0.64448005
28263,0.16928233
10829,0.7271119
29248,0.6642
121832,0.36202234
49912,0.18067667
63130,0.7477593
90596,0.042299405
15231,0.88896793
56740,0.8231943
3029,0.6331713
111669,0.39508018
106666,0.2957798
122628,0.6936065
108171,0.8569112
35791,0.9523117
45190,0.34486023
104451,0.2870948
92193,0.4546866
95121,0.6663477
88924,0.042299405
1504,0.9269657
32281,0.32392246
9289,0.11318909
108399,0.37561303
22800,0.710074
67972,0.31599456
53194,0.3893264
117334,0.61081666
7061,0.31404623
41859,0.22962648
24751,0.9462237
84796,0.042299405
3953,0.18012947
49210,0.79399997
24291,0.89878726
42238,0.945651
99682,0.4971667
19104,0.72901887
32929,0.7063169
31351,0.9250457
83565,0.042299405
65495,0.7446525
36855,0.9094326
63640,0.8207466
40531,0.9523117
65422,0.21909112
85493,0.042299405
76467,0.042299405
26801,0.94205046
85039,0.042299405
111752,0.5227884
95639,0.33674085
17746,0.7296874
50626,0.65740234
11350,0.2796359
87124,0.042299405
77224,0.042299405
22673,0.7838426
31157,0.4015931
80739,0.042299405
27173,0.6642
87961,0.042299405
65317,0.9190161
84431,0.042299405
124151,0.8161812
7149,0.65380985
5991,0.0833434
73055,0.94551253
26682,0.8099974
120923,0.36202234
6448,0.21415012
40925,0.92379194
72376,0.61859137
122535,0.6936065
59295,0.72901887
6283,0.60976607
21747,0.7662721
20658,0.8830769
46499,0.9250916
96595,0.4523369
69611,0.9400095
109620,0.23806477
30831,0.9448827
26051,0.4542647
89773,0.042299405
11883,0.32798025
20336,0.8207466
78922,0.042299405
97840,0.1533329
14732,0.64421976
16144,0.71989304
33934,0.87456024
5074,0.9480592
4832,0.5835271
1096,0.49265552
29029,0.4650849
36315,0.78409976
97558,0.28045914
34000,0.94996256
64773,0.5566904
91424,0.042299405
33048,0.9250916
110625,0.19164279
20047,0.92953664
15609,0.64421976
17878,0.9341388
6331,0.40228277
502,0.929919
84471,0.042299405
938,0.8043568
113312,0.48193872
87331,0.042299405
4574,0.6521865
80172,0.042299405
92735,0.21755424
85673,0.042299405
105853,0.18306775
97021,0.7146805
122178,0.49265552
112246,0.71763843
102203,0.5625888
68091,0.55835336
37477,0.6821938
63900,0.73305833
107170,0.94929814
18297,0.9487389
65572,0.7360071
5057,0.9480592
4182,0.7336017
72485,0.58593714
44582,0.9250916
606,0.92953664
102237,0.5956024
89137,0.042299405
98770,0.29008967
4857,0.71857053
45462,0.8207466
55590,0.5317508
18750,0.9124725
103407,0.199118
24685,0.92953664
82000,0.042299405
117613,0.66470563
9814,0.4481545
49431,0.36202234
25195,0.94996256
99919,0.35168213
53379,0.8480095
65840,0.8207466
13932,0.5863746
27854,0.2784762
114646,0.88508767
98143,0.710885
89688,0.042299405
69478,0.29008967
23447,0.4592283
16548,0.7414636
2070,0.9073345
101026,0.13605064
53119,0.706142
3192,0.4626551
85487,0.042299405
117739,0.69266546
98045,0.27643728
87173,0.042299405
100535,0.36890474
9359,0.30765548
56520,0.7080981
22768,0.7260374
15767,0.3654535
42359,0.67768544
16637,0.80577356
13849,0.36874843
21781,0.7249829
73652,0.60732734
64666,0.68879247
69196,0.56650037
103604,0.59975415
11903,0.20578605
63680,0.5566904
45383,0.5670882
33470,0.73806477
117745,0.7432826
60560,0.80176836
51461,0.8036963
68597,0.58248377
88680,0.042299405
77124,0.042299405
88589,0.042299405
69756,0.8896322
45046,0.9250916
49596,0.7033534
34238,0.89878726
33453,0.72651535
72431,0.5713742
16076,0.5576651
116491,0.7729014
25582,0.4124326
39751,0.89878726
98544,0.51395583
88505,0.042299405
60845,0.9117612
5540,0.60976607
47338,0.8231943
122792,0.75478274
30198,0.6749833
123467,0.78524405
22483,0.76208985
90389,0.042299405
46505,0.92953664
114798,0.8129815
71206,0.3948916
100852,0.5757719
85707,0.042299405
25829,0.14104633
69328,0.42709547
65882,0.73305833
23959,0.74770004
63029,0.7722324
32124,0.9250916
43031,0.9487389
45296,0.929919
50104,0.37555605
85218,0.042299405
19862,0.3156893
23079,0.2855446
21793,0.77064055
73311,0.40771678
22443,0.9462237
114183,0.80049443
5100,0.80044043
11932,0.22996959
78822,0.042299405
20664,0.92357904
87026,0.042299405
1498,0.93102473
98282,0.28559422
109456,0.17898153
21615,0.9269657
98316,0.525058
46762,0.61580956
4913,0.9480592
123565,0.6368926
48907,0.9345576
73498,0.6550291
17127,0.7570681
54537,0.3060268
103516,0.6768635
83220,0.042299405
84598,0.042299405
35203,0.93913263
97166,0.44364214
97833,0.27998954
25894,0.37996855
28441,0.13459703
653,0.94996256
65818,0.7030056
91788,0.32213336
110350,0.2233974
68144,0.26205003
62101,0.9462237
69701,0.5400344
32235,0.89878726
107238,0.94929814
17946,0.93574846
39383,0.943447
101870,0.23198004
111795,0.2690262
7936,0.22418214
396,0.9250916
15150,0.5863973
63746,0.8207466
96535,0.20009859
37799,0.95020086
43004,0.9487389
6370,0.61522657
107185,0.6482785
124135,0.35805303
123826,0.27775463
120535,0.78524405
26727,0.4547795
35052,0.929919
114488,0.22418214
91437,0.042299405
74304,0.27612874
94748,0.4650849
18951,0.09232185
69301,0.31404623
38083,0.8383232
65430,0.2425282
72814,0.42182922
47976,0.9250457
32338,0.9250457
100303,0.2358583
83787,0.042299405
114260,0.7379564
36049,0.87456024
37234,0.8207466
56175,0.92357904
42949,0.9487389
36447,0.8383232
9596,0.5863746
82816,0.042299405
123942,0.92610925
62829,0.68879247
108434,0.2346927
37719,0.8207466
87234,0.042299405
30025,0.07044076
104671,0.5704051
62014,0.8350134
63204,0.9056515
44929,0.94079983
10278,0.22136773
60081,0.71672434
34317,0.28418812
12459,0.22915792
89914,0.042299405
90349,0.042299405
13183,0.60659665
65065,0.73488027
76598,0.042299405
120202,0.7729014
120879,0.5214674
55684,0.5182382
109548,0.18694404
24180,0.943447
56974,0.8676704
80862,0.042299405
97513,0.6371487
90493,0.042299405
81280,0.042299405
33084,0.9250916
59719,0.8207466
106485,0.3013561
121895,0.55470836
95188,0.30395988
90767,0.042299405
55524,0.6932462
16043,0.29958427
81293,0.042299405
11228,0.40072978
10467,0.0833434
85516,0.042299405
8671,0.5762655
26941,0.54791254
73059,0.94551253
25676,0.37307182
43106,0.8350134
2366,0.6501359
117024,0.27891126
113534,0.65064245
34018,0.5920494
109742,0.19164279
106243,0.90277
82734,0.042299405
75738,0.042299405
71707,0.21883895
91596,0.042299405
44813,0.73305833
8357,0.4546866
94786,0.19855602
60944,0.7154231
77315,0.042299405
47431,0.5113884
69788,0.94551253
61412,0.39508018
86875,0.042299405
78996,0.042299405
116784,0.5773529
121144,0.39508018
52481,0.55470836
103246,0.5972017
48063,0.22316563
38563,0.929919
18909,0.16846552
78636,0.042299405
7687,0.5592871
41060,0.92379194
88531,0.042299405
118864,0.78676254
80415,0.042299405
97549,0.31162477
101127,0.4481545
114163,0.73699266
3064,0.80799675
63860,0.78409976
28993,0.77588665
124982,0.6804096
64935,0.30889368
72909,0.37912843
81574,0.042299405
77612,0.042299405
11906,0.1894732
102543,0.64780295
92667,0.7414636
56444,0.78409976
26109,0.77588665
121782,0.66470563
69158,0.49451265
44535,0.93574846
83954,0.042299405
75282,0.042299405
61510,0.92379194
77706,0.042299405
111750,0.542151
121106,0.5113884
31935,0.89878726
46818,0.5265537
92034,0.28273612
54906,0.79820716
1908,0.9487389
12930,0.28418812
6652,0.21585728
116890,0.26469967
54164,0.73583424
43130,0.78409976
9428,0.5625888
14313,0.16285013
68521,0.24767299
25913,0.33598998
53416,0.82966644
120029,0.6740146
2469,0.45510513
62484,0.8383232
75907,0.042299405
12856,0.4481545
23403,0.5920494
81207,0.042299405
83732,0.042299405
2403,0.21807085
83208,0.042299405
45026,0.73806477
63121,0.7497565
112715,0.40212277
23580,0.946063
90605,0.042299405
9442,0.41885296
123532,0.42763534
22410,0.8913875
25106,0.94996256
102101,0.5507555
97765,0.25483057
81118,0.042299405
32566,0.7080981
35851,0.8044135
72819,0.2861182
34997,0.93913263
10843,0.32423192
86754,0.042299405
1549,0.5994545
110551,0.18694404
33759,0.20124894
97127,0.61773074
91915,0.21322735
29894,0.08097476
26675,0.93102473
38931,0.732411
100179,0.30507174
96865,0.62355137
51250,0.2358583
99856,0.54730767
43348,0.93925244
29625,0.4307047
106411,0.59502816
45177,0.2069135
4219,0.6521865
4864,0.4784825
37468,0.93913263
107475,0.31162477
113741,0.1672404
34353,0.33613372
86532,0.042299405
99226,0.21445607
16236,0.61773074
120399,0.23662554
37738,0.8383232
66891,0.3654535
10453,0.12908918
5471,0.5937946
15792,0.2912581
60701,0.93925244
82350,0.042299405
52064,0.8161812
103169,0.22169138
109993,0.31889555
39178,0.9250916
74158,0.21185777
103597,0.5835271
5709,0.61618555
79748,0.042299405
91931,0.20427777
122752,0.5209583
37257,0.93913263
101029,0.17398563
97028,0.79759884
31301,0.18257107
43556,0.7473724
28211,0.3014912
15824,0.18427353
97711,0.3199285
30205,0.44207984
72347,0.27920705
91411,0.042299405
123847,0.78676254
2526,0.33000723
72746,0.41360265
25072,0.9411508
46835,0.8382824
22517,0.537336
24994,0.8319426
112865,0.36202234
23513,0.89878726
122190,0.74626434
14225,0.36874843
77984,0.042299405
30970,0.92953664
113105,0.7033534
77940,0.042299405
63831,0.41177186
104431,0.62690306
122971,0.29157576
97834,0.21039005
82497,0.042299405
85793,0.042299405
117617,0.78524405
16651,0.88749844
80239,0.042299405
24253,0.8207996
3908,0.8220191
10154,0.14200081
104320,0.7689831
98108,0.20278408
52663,0.38217688
83164,0.042299405
52714,0.4356394
8853,0.5998385
20042,0.92953664
14639,0.94929814
12084,0.3342492
45866,0.93913263
20654,0.8220709
66990,0.6809051
118239,0.75478274
551,0.8814742
38290,0.93913263
70447,0.42709547
119606,0.54979146
85448,0.042299405
5817,0.4611272
55900,0.7225324
124786,0.7657518
13549,0.41293272
36601,0.9352508
100034,0.21039005
54304,0.706142
20484,0.6008151
22258,0.71672434
83302,0.042299405
111099,0.3812725
60880,0.9407879
105309,0.57938457
75160,0.042299405
115311,0.64918625
17873,0.9352508
113524,0.525903
27120,0.4786059
49658,0.7665315
91764,0.25156873
123884,0.6352164
70247,0.63841516
36057,0.92953664
32388,0.9523117
6338,0.5937946
82334,0.042299405
31411,0.6777493
49791,0.74126625
76141,0.042299405
117900,0.6936065
36761,0.89878726
95757,0.21768057
15620,0.90537584
56015,0.6911409
19554,0.8515394
16594,0.525903
63817,0.525903
2925,0.3061297
55493,0.6932462
107279,0.551814
108203,0.9227343
9614,0.5863746
93476,0.21768057
40026,0.42494982
15320,0.27617005
47678,0.82504195
110738,0.18947144
122825,0.78524405
89376,0.042299405
56952,0.943447
37029,0.929919
10104,0.69490385
25041,0.78409976
107234,0.94929814
51824,0.85423577
93471,0.61204034
19672,0.9487389
108711,0.13027306
111274,0.6368926
20223,0.71138984
17351,0.5900412
88200,0.042299405
95166,0.20142531
58498,0.7891144
49616,0.7020164
47281,0.525903
35120,0.93574846
51687,0.6657524
36677,0.87456024
31606,0.9523117
101106,0.82504195
19304,0.42209443
5064,0.9480592
43134,0.78409976
47737,0.8130722
48513,0.92953664
12121,0.25045875
93678,0.5921388
54025,0.5191073
83069,0.042299405
17479,0.943447
49669,0.5036799
88304,0.042299405
69276,0.5444087
66075,0.4955667
36032,0.9250457
103668,0.5704051
99286,0.26140323
95475,0.69547606
91422,0.042299405
39309,0.73086995
10561,0.22664715
27963,0.718602
110233,0.3516933
23373,0.7063169
90288,0.042299405
26240,0.7447524
53287,0.5317508
76699,0.042299405
120596,0.4605606
91409,0.042299405
42921,0.9487389
89168,0.042299405
120354,0.7296582
20353,0.8830769
99268,0.3324113
123315,0.73699266
61669,0.22316563
59570,0.8110535
88663,0.042299405
59595,0.9117612
92850,0.23106374
65871,0.8207466
119685,0.78524405
52022,0.25757322
73366,0.25064898
116483,0.67470163
100892,0.9106408
34567,0.8207466
31333,0.37307182
66167,0.5937946
75479,0.042299405
61813,0.8043568
119253,0.36202234
54626,0.61057794
29522,0.36740533
124896,0.9161851
76059,0.042299405
40987,0.9448827
97755,0.33666763
937,0.9523117
62493,0.9250916
49744,0.17039399
82792,0.042299405
34472,0.5900412
53543,0.4874571
47494,0.943447
70689,0.5804162
55107,0.7643699
6958,0.47332275
48338,0.8220709
76078,0.042299405
10505,0.68238604
24550,0.06470332
57169,0.5900412
30530,0.94996256
98942,0.32423192
33066,0.9250457
93206,0.591833
105371,0.90840834
25182,0.94996256
56484,0.42494982
72587,0.42182922
97144,0.651287
107410,0.27795243
61073,0.8671329
76246,0.042299405
3847,0.6144457
21656,0.71672434
120772,0.2069135
18322,0.23662554
47705,0.9250457
8267,0.57018095
19736,0.7063169
22496,0.78419435
60224,0.44442147
96306,0.31993508
14707,0.94929814
77780,0.042299405
44104,0.8207466
106536,0.59502816
40381,0.9523117
60213,0.40212277
20350,0.8110535
24136,0.071581215
39794,0.9523117
78037,0.042299405
104304,0.21775706
87205,0.042299405
46080,0.5900412
104167,0.25353387
77377,0.042299405
34121,0.9250457
112689,0.69991857
121128,0.6804096
71293,0.6653401
69064,0.6482785
108391,0.29921618
29799,0.7627666
14451,0.94929814
39058,0.94996256
31396,0.9250457
68353,0.5625888
70343,0.31404623
45980,0.7497565
77217,0.042299405
93968,0.6331713
74520,0.20266536
11459,0.20413667
33976,0.92953664
98311,0.42148593
76012,0.042299405
107500,0.23208158
66716,0.4481545
99849,0.21300839
120380,0.7159574
53712,0.17974249
81041,0.042299405
103561,0.46805072
13965,0.13556841
29326,0.7268915
2849,0.60641634
107889,0.2789775
100790,0.2374851
12014,0.16285013
62198,0.9487389
114759,0.7379564
20755,0.8043568
106845,0.95167696
112726,0.7613734
98184,0.92950916
111885,0.18726227
72862,0.33674085
20246,0.7414636
77356,0.042299405
72512,0.7237243
55199,0.4874571
107252,0.94929814
29750,0.20167485
9259,0.29813147
49279,0.86992866
79310,0.042299405
24709,0.9448827
2600,0.69468594
19581,0.7645801
103203,0.64533216
18883,0.93574846
71598,0.640107
24691,0.9477746
35315,0.5597396
56370,0.9250457
54128,0.6439729
64103,0.24116644
102414,0.29958427
59834,0.73806477
104393,0.61859137
56124,0.9462237
13514,0.8572484
68451,0.42709547
97615,0.3758474
111863,0.55470836
73624,0.666713
17107,0.8043568
68863,0.06447654
25993,0.23289205
102962,0.24765624
30769,0.94996256
74828,0.5266537
52633,0.55227727
21070,0.3812725
9839,0.24690391
11361,0.27465764
48271,0.19215736
70583,0.5082825
100783,0.5576651
27647,0.58720905
96213,0.5826809
17571,0.67187816
98185,0.9410198
83336,0.042299405
81009,0.042299405
111219,0.6187189
719,0.94996256
32519,0.17872374
110736,0.16796136
39608,0.94996256
65257,0.16068964
64403,0.93574846
119904,0.44527495
108478,0.37561303
99554,0.5937946
112310,0.38022593
48081,0.30106464
51404,0.525903
56729,0.8043568
12066,0.7950006
4840,0.58197093
81783,0.042299405
124820,0.78524405
111221,0.6187189
118794,0.38022593
67344,0.29556417
91297,0.042299405
123889,0.7617364
110910,0.47513822
114114,0.65064245
53086,0.9056515
51220,0.3882269
71741,0.798313
53656,0.7015009
21787,0.71672434
89766,0.042299405
111032,0.17000842
52928,0.3893264
57815,0.7414636
114044,0.66840124
7455,0.605124
13874,0.27998954
70454,0.5767582
107549,0.90840834
38159,0.72651535
26318,0.7036212
116157,0.68926793
66884,0.24724309
94409,0.4912952
66892,0.32070795
28930,0.63373584
1964,0.29423013
13150,0.4481545
85736,0.042299405
55214,0.69928765
93429,0.5304661
77588,0.042299405
89783,0.042299405
71842,0.26262966
58555,0.8220709
32357,0.9477746
17153,0.49265552
35185,0.643853
56070,0.93925244
90134,0.042299405
87924,0.042299405
93222,0.712781
23530,0.93574846
50056,0.5968097
116685,0.7534511
1281,0.76273996
123057,0.7590469
113119,0.6948359
25946,0.21146478
15466,0.94415486
71925,0.38692746
99880,0.47188228
24111,0.071581215
58792,0.7202399
67005,0.34977314
7180,0.54730767
64319,0.6654727
105996,0.40771678
78003,0.042299405
123151,0.52798307
25918,0.48448467
98212,0.95167696
7073,0.26235777
119430,0.3900109
91018,0.042299405
72850,0.31578872
4882,0.84005445
12593,0.25588787
94146,0.90537584
76572,0.042299405
31361,0.92953664
46501,0.92953664
98101,0.16996205
53206,0.5317508
63562,0.8319426
17835,0.7891144
14949,0.90537584
65790,0.739572
23626,0.93913263
56463,0.6945804
69084,0.5731755
65556,0.73698974
52161,0.4356394
94568,0.1826553
31912,0.42209443
72129,0.39565894
26087,0.6700527
20884,0.6945804
61964,0.73583424
19996,0.8231943
90869,0.042299405
113908,0.22962648
40276,0.7578045
57553,0.8043568
61411,0.8043568
19205,0.8043568
108836,0.21909681
24118,0.071581215
65219,0.40212277
81692,0.042299405
32467,0.92953664
42991,0.9487389
88786,0.042299405
106906,0.95167696
24958,0.6322653
112462,0.3082912
77264,0.042299405
32922,0.9190161
103379,0.20454895
108897,0.33365932
25496,0.946063
16847,0.7249829
31098,0.36740533
83922,0.042299405
90120,0.042299405
110287,0.3344337
35197,0.9250916
2205,0.7414636
95735,0.41893154
2373,0.8448657
95577,0.56955194
114280,0.67470163
29487,0.49161682
108935,0.21382372
70710,0.2641915
56845,0.4901465
53879,0.23071243
87280,0.042299405
6531,0.10882427
109230,0.2610873
26477,0.7039461
100964,0.68500704
51690,0.33621648
101351,0.22036074
29253,0.739528
91219,0.042299405
105867,0.15789369
97086,0.25064898
96939,0.76191956
91037,0.042299405
87220,0.042299405
18478,0.36693445
101573,0.5653206
29991,0.06470332
105657,0.59502816
54733,0.5191073
64567,0.3812725
80700,0.042299405
100320,0.7067418
7772,0.3951383
24985,0.79131
121931,0.25190273
29019,0.24846089
69316,0.5957432
24901,0.16846552
30186,0.6742192
80329,0.042299405
111408,0.13681698
69544,0.27465764
73857,0.38300097
112957,0.36202234
10526,0.1621237
71605,0.46095052
53537,0.4874571
9728,0.2159029
86073,0.042299405
1564,0.61580956
101684,0.33666763
87864,0.042299405
62438,0.8207466
70289,0.46220925
86844,0.042299405
76194,0.042299405
92911,0.95167696
2158,0.35399884
57967,0.72901887
108734,0.19199894
12130,0.6371487
83970,0.042299405
58655,0.86992866
102696,0.27643728
77981,0.042299405
61955,0.68879247
5190,0.9480592
91562,0.042299405
49891,0.65064245
78254,0.042299405
34829,0.68879247
89290,0.042299405
44889,0.9523117
122131,0.6461379
19227,0.8043568
47521,0.8515394
73145,0.6809051
20647,0.8207466
58250,0.92953664
88431,0.042299405
111369,0.30071926
42574,0.8383232
30313,0.69219744
18539,0.2855446
110372,0.2912829
84011,0.042299405
1227,0.9250457
101216,0.22316563
66236,0.23614721
121723,0.7665315
116556,0.6936065
31190,0.929919
95563,0.23776333
84247,0.042299405
22682,0.5900412
10482,0.5863973
31193,0.93913263
81212,0.042299405
60343,0.5113884
24596,0.06470332
24950,0.8385467
65452,0.7216694
110645,0.17898153
38716,0.7080981
2392,0.26122773
43002,0.9487389
99109,0.5266537
52010,0.63060707
84420,0.042299405
54686,0.93574846
103996,0.21398927
47223,0.77361304
87814,0.042299405
81601,0.042299405
102528,0.5957432
38770,0.8231943
78956,0.042299405
36306,0.92953664
119622,0.66786546
21800,0.23141901
67995,0.6427586
103971,0.4784825
72254,0.4224909
86814,0.042299405
29185,0.22970465
105406,0.6832224
104696,0.5972017
102273,0.47135416
67457,0.38300097
38638,0.94996256
122215,0.36202234
41519,0.8090711
67773,0.5957432
104083,0.23443055
114487,0.2503729
30301,0.62274843
113836,0.45070684
39176,0.929919
59618,0.9487389
109581,0.119727395
33841,0.5320414
41317,0.89878726
26715,0.77588665
54401,0.9462237
49856,0.74126625
43522,0.93925244
122117,0.5214674
9880,0.3654535
114166,0.4774773
87028,0.042299405
38640,0.94996256
49705,0.78676254
68106,0.6451193
45482,0.5900412
32273,0.80176836
91028,0.042299405
109427,0.254536
13885,0.27998954
35739,0.9341388
51978,0.4356394
120900,0.729457
117735,0.6648957
23114,0.8043568
18149,0.9487389
7753,0.3203681
43274,0.93925244
100153,0.3948916
106193,0.8569112
14661,0.94929814
39318,0.89878726
89404,0.042299405
40981,0.94996256
24010,0.28418812
98702,0.34977314
106008,0.4094354
79984,0.042299405
67806,0.5493985
69219,0.28157988
61789,0.27155393
91826,0.07983682
88018,0.042299405
19615,0.8207466
107158,0.9437412
38654,0.94996256
15859,0.6770098
35861,0.9250916
19282,0.86236817
7155,0.51578224
98040,0.39683107
112937,0.34101686
103350,0.6005577
25908,0.73297226
21236,0.09232185
68115,0.67355376
18647,0.71672434
49405,0.8994428
41830,0.41731146
100728,0.2503729
30156,0.06470332
64389,0.90650797
80476,0.042299405
82443,0.042299405
3070,0.80799675
17312,0.35805303
53626,0.194825
105716,0.46490556
83019,0.042299405
51770,0.7033534
70175,0.5412692
40547,0.9445681
56148,0.61580956
46046,0.561183
9283,0.17945053
85970,0.042299405
60811,0.8043568
11595,0.24765624
98987,0.34517947
78590,0.042299405
109808,0.7711793
95770,0.59502816
80294,0.042299405
99140,0.4679198
9057,0.5342341
85344,0.042299405
3934,0.22082499
72812,0.57938457
71812,0.41360265
93466,0.26437736
100521,0.24351414
103890,0.61661226
102173,0.94551253
13229,0.24765624
112312,0.68926793
80388,0.042299405
95726,0.33674085
356,0.8043568
7826,0.21300839
104580,0.56955194
123829,0.17581518
116646,0.7665315
112947,0.6806945
39423,0.9477746
34007,0.22956517
7880,0.2351086
60054,0.68879247
91064,0.042299405
115607,0.5723481
75013,0.042299405
1719,0.7570681
65850,0.8043568
56152,0.76274276
48020,0.58607644
35816,0.9523117
10348,0.2957798
45836,0.58797675
119341,0.67470163
37418,0.94996256
104820,0.60732734
51207,0.66470563
69585,0.5507555
29453,0.59877855
87391,0.042299405
30054,0.19985536
105568,0.46212828
50329,0.26577297
75110,0.042299405
108281,0.39095956
53940,0.5191073
23434,0.71247566
82557,0.042299405
6021,0.06447654
66383,0.54697603
6767,0.4538509
27744,0.35814682
49837,0.65064245
61583,0.72431296
46772,0.41731146
38276,0.9250457
4674,0.6383791
67837,0.570826
120511,0.69991857
69823,0.7400241
68422,0.31395704
11317,0.64154196
22992,0.53399503
15046,0.60976607
21039,0.8043568
26403,0.59877855
9421,0.3654535
39428,0.60990846
39217,0.7269722
45145,0.23581979
79983,0.042299405
64703,0.8480095
27983,0.5952728
62616,0.71672434
119549,0.78524405
86659,0.042299405
101138,0.86173886
41665,0.36202234
15211,0.37248686
83761,0.042299405
58391,0.7722324
43512,0.8913875
6033,0.06447654
72364,0.20032391
111728,0.6187189
46863,0.80176836
32770,0.7597005
24741,0.94996256
110333,0.2211553
58081,0.70757115
79453,0.042299405
81524,0.042299405
111516,0.50203353
98848,0.36890474
49342,0.8482609
7721,0.32729384
36846,0.92953664
101036,0.424223
60806,0.8043568
54216,0.5317508
110942,0.24314992
22536,0.23323603
4967,0.6465708
103403,0.21142018
82870,0.042299405
114330,0.83464724
74758,0.62690306
14965,0.4003917
37407,0.946063
36721,0.9448827
101502,0.28157988
47779,0.912004
16128,0.5863746
6068,0.570638
67649,0.2957798
101579,0.5757719
98977,0.3654535
32127,0.93913263
73182,0.591833
119320,0.82391095
77910,0.042299405
77507,0.042299405
68381,0.60127157
76207,0.042299405
109044,0.119727395
114295,0.68926793
65192,0.5566904
80508,0.042299405
113884,0.32082638
24479,0.071581215
124938,0.69224477
65126,0.7260374
115000,0.7729014
17141,0.39374745
99167,0.5749036
43316,0.7376788
110343,0.3516933
1469,0.21445607
924,0.9523117
63349,0.80176836
2117,0.7570681
7356,0.5444087
92290,0.65132916
103247,0.42182922
63934,0.68879247
98241,0.14563619
66915,0.291994
86568,0.042299405
72694,0.6809051
106805,0.95167696
36578,0.93574846
22940,0.89878726
121349,0.7729014
17958,0.943447
84323,0.042299405
104846,0.8515394
82867,0.042299405
114792,0.71717465
121095,0.6190503
73297,0.59351325
77913,0.042299405
108433,0.24586722
36124,0.9352508
77732,0.042299405
60001,0.7635397
12959,0.64154196
31952,0.92953664
68557,0.63599896
68938,0.25060335
109956,0.3053414
87750,0.042299405
9141,0.7516647
81622,0.042299405
93454,0.26048705
10007,0.31404623
16864,0.71672434
106665,0.3654535
84833,0.042299405
90427,0.042299405
107023,0.90840834
56289,0.8130722
91281,0.042299405
43617,0.9438819
94002,0.59502816
25485,0.93574846
114820,0.24351414
23414,0.30889368
74130,0.3654535
6735,0.36874843
6049,0.78249705
51489,0.7534511
123272,0.9150376
16472,0.7301615
77976,0.042299405
2546,0.19454661
109556,0.15941508
122976,0.7369475
38102,0.929919
93922,0.22956681
95760,0.61204034
84926,0.042299405
71677,0.596364
35876,0.73305833
77667,0.042299405
63312,0.7414636
110995,0.29157576
80696,0.042299405
39241,0.70508915
117901,0.6936065
2948,0.4912952
81156,0.042299405
114258,0.6629308
104860,0.6678326
84352,0.042299405
61221,0.68741894
44599,0.9345576
113369,0.4958884
47413,0.40212277
10873,0.34106764
108910,0.14319068
26455,0.7640816
120266,0.7729014
4555,0.41893154
23036,0.9250916
65215,0.9250457
18220,0.79399997
68594,0.37561303
103934,0.72421074
23787,0.525903
245,0.17370781
4428,0.6404606
22430,0.9407879
116597,0.78524405
125160,0.6516696
86829,0.042299405
54750,0.30442297
119502,0.8129815
30175,0.6742192
44626,0.9448827
94739,0.33674085
86450,0.042299405
47904,0.8207466
84234,0.042299405
12108,0.44364214
102143,0.8218345
70451,0.35399428
31284,0.3014912
122993,0.24351414
53059,0.706142
105572,0.34539837
88955,0.042299405
67988,0.3654535
64744,0.8043568
120710,0.6003067
39827,0.2174942
115540,0.2855446
23508,0.7566842
78572,0.042299405
59387,0.7080981
120111,0.36202234
16757,0.8385467
71027,0.28045914
82606,0.042299405
9024,0.2159029
5256,0.81915265
74990,0.042299405
86661,0.042299405
116849,0.7665315
105113,0.6577442
55265,0.79820716
46615,0.92953664
13125,0.8779773
78225,0.042299405
99093,0.7351707
5644,0.5082825
112436,0.55470836
93389,0.70453554
12704,0.57641
100001,0.5412692
59037,0.8043568
103547,0.6180691
28090,0.632249
33631,0.18637455
16854,0.3812725
40143,0.8044135
104149,0.36740533
92331,0.6284448
67848,0.5358924
24189,0.71138984
53563,0.5191073
118474,0.36202234
117036,0.4079794
85812,0.042299405
94844,0.146232
74923,0.9224429
113973,0.67683107
11650,0.3948916
31207,0.9523117
18021,0.6880735
113670,0.3639565
43628,0.9487389
1052,0.9523117
116802,0.72119814
283,0.7566842
117391,0.57065547
23072,0.47175193
25651,0.23662554
41370,0.36202234
50102,0.7534511
18453,0.31139594
62486,0.89878726
33439,0.27685833
1734,0.19367054
77214,0.042299405
7176,0.2724231
36741,0.94996256
19808,0.37058383
69513,0.72421074
44663,0.94996256
39920,0.94996256
54075,0.20222951
10755,0.29620704
96414,0.36740533
27354,0.21296714
28115,0.764464
87940,0.042299405
12830,0.6009657
75953,0.042299405
47761,0.5900412
85501,0.042299405
79631,0.042299405
80381,0.042299405
113996,0.20886658
64189,0.15835167
8359,0.4418656
28068,0.632249
75381,0.042299405
85144,0.042299405
60872,0.93925244
119915,0.65064245
60326,0.8671329
89704,0.042299405
68604,0.30547118
98286,0.5956024
6085,0.8825908
37867,0.9445681
85033,0.042299405
106837,0.95167696
66599,0.15457568
16283,0.64154196
17431,0.61580956
37615,0.61881745
96824,0.3383729
41492,0.7824239
17067,0.23141901
103338,0.22169138
122877,0.7729014
119647,0.36202234
74962,0.042299405
88118,0.042299405
33884,0.1960661
113951,0.6766472
18278,0.9487389
103674,0.5921388
31983,0.21303168
84013,0.042299405
44128,0.89878726
55225,0.5191073
35100,0.89878726
83366,0.042299405
117395,0.41731146
20468,0.59614986
52862,0.76812774
28842,0.77588665
65706,0.36202234
8469,0.5998385
85156,0.042299405
58461,0.86992866
33676,0.89878726
55381,0.824784
9157,0.58913183
29031,0.4984756
90469,0.042299405
118384,0.7020164
3210,0.59351325
36231,0.71672434
104694,0.26262966
9536,0.65380985
100484,0.56650037
110731,0.70644003
94352,0.59484464
73238,0.2760042
119786,0.22316563
57957,0.7133811
69179,0.31836212
95254,0.17974249
117308,0.727
82126,0.042299405
47214,0.55227727
75982,0.042299405
102552,0.6653401
103662,0.64073044
75855,0.042299405
1426,0.5679908
87211,0.042299405
120279,0.7589587
38237,0.9250916
120822,0.36202234
92539,0.7950006
10977,0.38132983
22326,0.7301615
40719,0.94996256
91666,0.042299405
8683,0.37561303
27631,0.13459703
62719,0.8382824
16666,0.44442147
90104,0.042299405
41149,0.7497565
7458,0.605124
89934,0.042299405
61442,0.92953664
45884,0.94996256
45141,0.7269722
7104,0.4611272
99271,0.5749036
93887,0.67035586
1516,0.9416098
86427,0.042299405
49870,0.7665315
102164,0.94551253
25950,0.19855602
113257,0.48193872
74933,0.9224429
62959,0.8043568
68901,0.59791553
112531,0.7159984
45655,0.8676704
29908,0.071581215
70708,0.3917465
21369,0.80577356
31488,0.92953664
52340,0.7159984
81592,0.042299405
124387,0.47318125
49530,0.46299407
70461,0.42709547
20989,0.7049876
14898,0.20278408
78394,0.042299405
43576,0.58607644
83323,0.042299405
86996,0.042299405
82527,0.042299405
115139,0.7665315
26623,0.6329275
2788,0.19514997
29471,0.5926731
72723,0.6465708
73714,0.4048482
18462,0.7015009
87040,0.042299405
58653,0.8319426
110230,0.29144427
117763,0.6404976
114437,0.8866591
59186,0.7154231
10102,0.6427586
69770,0.9275306
6046,0.6173614
38209,0.8207996
25870,0.632249
23168,0.58607644
58367,0.7497565
66810,0.5767582
86819,0.042299405
118374,0.67470163
104875,0.39375904
61654,0.3812725
44694,0.41080713
78161,0.042299405
33655,0.20658906
58715,0.73806477
88135,0.042299405
6388,0.34543738
102731,0.26333526
97487,0.5968993
81292,0.042299405
48438,0.9523117
15270,0.2159029
92289,0.34811965
93499,0.47761396
80973,0.042299405
52377,0.8984929
41426,0.929919
1505,0.88850784
18228,0.9117612
66206,0.2789775
36283,0.4592283
112932,0.706777
16040,0.64421976
89537,0.042299405
54943,0.8671329
108780,0.30460352
80731,0.042299405
27887,0.15620294
48543,0.943447
84061,0.042299405
14571,0.94929814
119538,0.78524405
36690,0.93574846
85595,0.042299405
42875,0.75276476
111386,0.17794155
51447,0.6936065
109144,0.21264395
9151,0.27263793
44410,0.929919
38476,0.5920494
74603,0.94415486
116453,0.68926793
25448,0.94996256
70268,0.2641915
101128,0.70027554
82434,0.042299405
17997,0.26469967
36376,0.94996256
107088,0.90537584
31905,0.8043568
118412,0.7159984
5656,0.4538509
52201,0.6187189
55351,0.79820716
66291,0.5731755
30515,0.94996256
44022,0.85096294
122546,0.542151
59484,0.8399524
122432,0.7033534
41197,0.943447
69683,0.9400095
111294,0.29312846
40759,0.739572
76609,0.042299405
114379,0.36202234
67239,0.5576651
1382,0.8207466
38853,0.9448827
1744,0.71138984
7894,0.5937946
54368,0.9056515
35127,0.95020086
34031,0.18885988
107892,0.5653206
3329,0.38676816
97548,0.38300097
120891,0.7640816
76541,0.042299405
50027,0.64918625
12543,0.42709547
102251,0.39683107
91356,0.042299405
87512,0.042299405
21588,0.9462237
18103,0.9487389
87525,0.042299405
112478,0.6038563
15987,0.63892925
81303,0.042299405
6188,0.5703522
2391,0.37267312
57077,0.94996256
70963,0.36874843
100680,0.67967427
106535,0.5972017
101385,0.38651696
93517,0.6050565
38633,0.94996256
89547,0.042299405
118152,0.6754296
23999,0.29157576
76384,0.042299405
10537,0.13147818
42745,0.7722324
48366,0.8090711
99245,0.23198004
70890,0.67145896
18975,0.071581215
30380,0.94996256
38344,0.8383232
108220,0.90840834
74984,0.042299405
15233,0.88896793
61024,0.29423013
39350,0.929919
55170,0.2533619
44812,0.8207466
11252,0.651287
506,0.6362247
65748,0.5043416
5807,0.69490385
49288,0.8220709
7127,0.17534536
28579,0.6670894
111549,0.22723664
70280,0.22316563
100850,0.44056034
31785,0.95020086
66568,0.2539608
32184,0.9448827
107447,0.17168571
18138,0.9487389
23943,0.67484075
91415,0.042299405
78224,0.042299405
37002,0.9523117
116740,0.36202234
18763,0.92953664
123788,0.2690262
83172,0.042299405
42285,0.16846552
45662,0.8207466
47544,0.946063
37357,0.4774773
62715,0.7249829
31827,0.73305833
75228,0.042299405
74396,0.38132983
18393,0.071581215
32375,0.9523117
6080,0.59692234
82360,0.042299405
100380,0.35532045
25789,0.23778223
120853,0.35864118
6875,0.63892925
8363,0.3572352
96209,0.187716
53008,0.79820716
78497,0.042299405
88726,0.042299405
120867,0.63127166
3870,0.6935082
95842,0.59502816
46585,0.6352898
11041,0.0833434
97426,0.7187474
53018,0.79820716
47680,0.3812725
2854,0.332994
32931,0.5679908
9954,0.1533329
81433,0.042299405
74749,0.5829166
41689,0.9250457
71634,0.42758256
78346,0.042299405
53292,0.7643699
72026,0.4784825
40746,0.58607644
50107,0.27617005
80430,0.042299405
104063,0.5481886
64582,0.2178324
53475,0.6932462
18579,0.537336
40033,0.8231943
79898,0.042299405
32530,0.4592283
120968,0.8129815
69603,0.79476154
53508,0.824784
64492,0.9523117
48475,0.7891144
78781,0.042299405
61358,0.8207466
62703,0.8478691
124886,0.9363362
100629,0.27155393
122796,0.46299407
5726,0.4611272
11467,0.17534536
32358,0.95020086
114825,0.4079794
14995,0.64421976
33025,0.071581215
4567,0.80044043
42196,0.943447
5234,0.6501359
62833,0.68879247
77892,0.042299405
5923,0.3951383
113302,0.4551359
117899,0.6936065
33326,0.3729133
73487,0.33674085
62131,0.9407879
21771,0.5113884
5465,0.5937946
77338,0.042299405
58673,0.71672434
9804,0.57416445
111502,0.35864118
77697,0.042299405
66276,0.5767582
42860,0.80176836
14157,0.95167696
83973,0.042299405
116748,0.4079794
75485,0.042299405
52648,0.780913
37623,0.87456024
70287,0.60659665
91896,0.42664498
74497,0.22385347
6989,0.66041535
95388,0.3150853
108775,0.23106374
88553,0.042299405
65511,0.43635744
38956,0.92953664
99800,0.34106764
76239,0.042299405
87847,0.042299405
3292,0.6820549
106172,0.58593714
115022,0.45070684
106966,0.3948916
33415,0.7432826
19892,0.14104633
31309,0.14925689
118664,0.6327601
97081,0.36890474
64843,0.3275936
81752,0.042299405
59242,0.68879247
25944,0.59877855
96097,0.30690706
67537,0.92408794
53380,0.86236817
119571,0.2503729
124279,0.7729014
119086,0.3812725
30348,0.93997115
12372,0.7414636
53954,0.2039279
115335,0.24351414
8751,0.24765624
72905,0.40771678
37297,0.8043568
19725,0.41935536
4922,0.9480592
99375,0.16285013
15542,0.8908866
61297,0.9124725
89514,0.042299405
54215,0.66408443
62628,0.58607644
14362,0.1621237
44927,0.9523117
32275,0.6029834
36974,0.92953664
56310,0.9117612
11169,0.22316563
110692,0.20587307
17644,0.7522791
92753,0.40238434
34674,0.88749844
81334,0.042299405
6454,0.1909382
116062,0.83655465
114502,0.20041421
39930,0.6608459
57262,0.84594697
33015,0.071581215
63655,0.8110535
5144,0.9480592
62908,0.79131
13356,0.27998954
44638,0.94996256
41290,0.3812725
106685,0.5433626
69609,0.92408794
48131,0.943447
64196,0.36202234
79204,0.042299405
87490,0.042299405
35803,0.9523117
101394,0.31395704
64024,0.7360071
18546,0.73806477
64748,0.8207466
38391,0.9523117
124624,0.90255684
11049,0.07301107
10910,0.5266537
21675,0.7154231
72462,0.26970667
85532,0.042299405
76794,0.042299405
121148,0.23989522
37240,0.89878726
70495,0.67145896
32115,0.89878726
115705,0.6648957
89200,0.042299405
104932,0.28741992
81411,0.042299405
99640,0.61295086
41858,0.24000998
119705,0.78524405
2644,0.6521865
109505,0.20484419
5802,0.3249235
50876,0.6368926
79829,0.042299405
3752,0.18209991
7333,0.27155393
53681,0.37166366
23936,0.7092052
68310,0.6234635
124595,0.8202925
23689,0.9523117
51977,0.5214674
30843,0.9523117
72912,0.25216073
20951,0.70757115
17150,0.6654727
103781,0.38692746
85225,0.042299405
48565,0.9523117
88290,0.042299405
110516,0.19916667
124293,0.78804094
76145,0.042299405
117398,0.6648957
77625,0.042299405
45649,0.7522791
86168,0.042299405
89452,0.042299405
50823,0.64510864
115989,0.83464724
79800,0.042299405
80763,0.042299405
33930,0.7635397
20444,0.940431
114257,0.49265552
84838,0.042299405
34001,0.94996256
120745,0.77448213
123672,0.69134563
118061,0.3812725
104772,0.2987697
82270,0.042299405
22098,0.8753827
44821,0.8207466
120621,0.51533055
100830,0.3758474
9540,0.41885296
80990,0.042299405
118098,0.40212277
121796,0.35864118
48218,0.9477746
83644,0.042299405
29559,0.27617005
70648,0.4481545
1204,0.92953664
84822,0.042299405
86292,0.042299405
67789,0.15351051
84667,0.042299405
111473,0.542151
50271,0.8806455
13100,0.9292508
31798,0.9523117
51441,0.2641915
7052,0.8248936
98846,0.4611272
19124,0.73305833
74826,0.14573035
19643,0.79399997
16025,0.61522657
113382,0.4540461
13612,0.60976607
19874,0.18255411
26149,0.7774526
25125,0.8207996
108659,0.54599565
17565,0.34101686
28865,0.39375904
121806,0.22316563
37335,0.93574846
86233,0.042299405
55997,0.5158202
34190,0.943447
104479,0.19829483
66012,0.5550873
23408,0.5278734
28021,0.6074282
88872,0.042299405
106949,0.90840834
69458,0.26517096
5,0.7412351
73184,0.6809051
94498,0.61204034
65125,0.5920494
6386,0.78249705
1763,0.8043568
62613,0.6701455
99311,0.4971667
51374,0.65978247
39542,0.72651535
37129,0.9477746
80609,0.042299405
32158,0.94996256
63198,0.85711795
107366,0.38132983
75028,0.042299405
105654,0.31993508
20721,0.20769228
12002,0.38300097
58690,0.7006684
63849,0.78409976
18447,0.5532914
37793,0.9477746
106222,0.60732734
81299,0.042299405
75910,0.042299405
54154,0.66265523
31286,0.20658906
60031,0.2069135
13064,0.60976607
23441,0.4592283
67570,0.25438407
14373,0.61522657
25563,0.67698854
46170,0.9523117
104896,0.38975224
95017,0.81871927
70702,0.41293272
87584,0.042299405
4572,0.6276867
58395,0.69176346
98936,0.38300097
73194,0.42182922
94907,0.4650849
6366,0.49451265
2232,0.8605365
94659,0.17974249
103844,0.24155533
39568,0.71138984
55852,0.8175024
58106,0.7030056
69014,0.664994
86883,0.042299405
86231,0.042299405
11987,0.3948916
47593,0.9250916
44886,0.95020086
121778,0.66470563
86193,0.042299405
122773,0.7506572
122173,0.6936065
111727,0.6187189
83864,0.042299405
4015,0.5926731
68790,0.08997259
26510,0.7269045
108051,0.38300097
82576,0.042299405
97006,0.5653206
37910,0.94996256
98809,0.23198004
72226,0.664994
116856,0.2441485
46624,0.943447
73933,0.34106764
88556,0.042299405
49359,0.31880718
118574,0.20440002
25069,0.92953664
44363,0.8383232
42324,0.7508864
27047,0.2510325
83595,0.042299405
89748,0.042299405
117728,0.2846838
90319,0.042299405
115207,0.8508884
70452,0.525206
33924,0.92953664
32256,0.89878726
104143,0.6094782
57864,0.7271119
97039,0.9073345
100300,0.4003917
85255,0.042299405
47361,0.943447
7134,0.4538509
101854,0.28039518
89327,0.042299405
16867,0.71672434
104672,0.39957526
35766,0.94079983
86461,0.042299405
117238,0.65740234
3842,0.6849198
91564,0.042299405
71335,0.42709547
46424,0.93913263
102553,0.87456024
91731,0.2286897
14325,0.13605064
46071,0.24378362
55274,0.79820716
7100,0.41090083
16168,0.16285013
97422,0.5712141
52345,0.67683107
29158,0.88749844
19063,0.2178324
93455,0.22590955
68493,0.39683107
43108,0.5063225
61883,0.73488027
73796,0.20609137
679,0.94996256
62067,0.7662721
85289,0.042299405
38623,0.94996256
20768,0.8207466
84923,0.042299405
52978,0.79820716
58412,0.525903
52269,0.78524405
82150,0.042299405
2869,0.46730408
68230,0.4896706
58318,0.89878726
110820,0.15269025
34486,0.73305833
59649,0.8385467
2206,0.58678144
11551,0.35532045
64018,0.2802034
53192,0.53088397
9637,0.5863746
87459,0.042299405
116659,0.65064245
5978,0.0833434
123419,0.82762915
55340,0.76812774
17151,0.8382824
16632,0.8043568
64641,0.36202234
59486,0.8319426
120666,0.69266546
12435,0.5625888
12698,0.264986
74442,0.36890474
121817,0.8533859
86036,0.042299405
124441,0.8184154
94727,0.2784762
30654,0.9352508
2038,0.6323624
34935,0.943447
94388,0.4912952
28294,0.19548701
72732,0.6465708
61202,0.69176346
12970,0.29192674
35160,0.2690262
97782,0.3654535
117177,0.4246451
95079,0.596364
12042,0.6036755
3505,0.333538
95235,0.27518013
87853,0.042299405
76729,0.042299405
13544,0.5749036
99985,0.3492356
121613,0.39508018
80088,0.042299405
124361,0.6516696
64550,0.71247566
59193,0.8480095
10022,0.60976607
64027,0.7528385
89952,0.042299405
110351,0.17898153
121041,0.16242786
512,0.5920494
117936,0.40212277
67115,0.39832968
70988,0.47332275
107194,0.9205646
117902,0.7159984
81984,0.042299405
80235,0.042299405
6479,0.64421976
92177,0.61191213
32559,0.92953664
105151,0.312278
61827,0.5900412
104633,0.41360265
64998,0.8043568
47458,0.7277527
32667,0.5545996
96048,0.35399884
68460,0.2724231
71637,0.6577442
23069,0.5265537
86346,0.042299405
80066,0.042299405
95191,0.5304661
59642,0.8043568
92873,0.60732734
111932,0.699742
121240,0.51533055
35173,0.5994545
40604,0.5265537
12001,0.5907431
88925,0.042299405
16103,0.69413877
1081,0.4079794
105839,0.16854744
35523,0.9250457
119892,0.4356394
69593,0.6670749
65973,0.5675377
66964,0.34543738
92759,0.58908564
3610,0.60425246
57091,0.61580956
120571,0.82391095
62016,0.6934943
111553,0.14430661
22846,0.69516015
21444,0.9269657
29926,0.071581215
20201,0.71138984
73839,0.4576826
70767,0.6809051
92365,0.621056
38911,0.82504195
50414,0.18067667
29645,0.6749833
30330,0.6929387
84929,0.042299405
46033,0.28311536
33098,0.34486023
107022,0.90840834
52183,0.5723481
110399,0.3331458
71917,0.38692746
91225,0.042299405
53625,0.23106374
116497,0.77448213
21531,0.9269657
18270,0.9487389
50802,0.4356394
120391,0.17872374
11954,0.21039005
107057,0.6036755
99546,0.2802034
3134,0.22757156
2226,0.7414636
9098,0.36874843
91062,0.042299405
107072,0.5898256
34985,0.9352508
49565,0.8418177
77614,0.042299405
68222,0.67145896
69740,0.68131745
5269,0.6501359
8860,0.3758474
19440,0.8043568
31486,0.93913263
50506,0.8620461
19073,0.3882269
113668,0.45070684
13779,0.47773433
15089,0.31529537
72750,0.57938457
25579,0.9250457
3330,0.33598998
100698,0.61773074
76873,0.042299405
9150,0.29813147
105012,0.37307182
26069,0.26262966
7082,0.23790373
47508,0.94996256
17925,0.89878726
50450,0.42209443
88699,0.042299405
91488,0.042299405
108262,0.95167696
42806,0.7080981
112459,0.5113884
65793,0.7891144
57281,0.95020086
14131,0.95167696
106217,0.6365641
54179,0.3060268
28290,0.40185896
87978,0.042299405
25396,0.89878726
122834,0.78676254
62892,0.29556417
14262,0.1096884
3831,0.590634
1556,0.3940198
74768,0.36890474
103541,0.2925903
31199,0.9477746
19473,0.73305833
38668,0.94996256
70395,0.264986
83209,0.042299405
73052,0.94551253
63427,0.8207466
97410,0.6427586
97214,0.53607
49473,0.6692836
62993,0.4377057
99616,0.5968993
117377,0.82895976
62054,0.6993243
19201,0.9250916
643,0.94996256
4078,0.81222713
47167,0.8207466
76775,0.042299405
84242,0.042299405
8119,0.56650037
27676,0.1761025
4536,0.9073345
88277,0.042299405
82718,0.042299405
48792,0.9250916
89145,0.042299405
6086,0.879441
75426,0.042299405
89720,0.042299405
88561,0.042299405
114985,0.7534511
93602,0.69553286
31473,0.8043568
86468,0.042299405
34675,0.8207466
10105,0.8444168
105439,0.8159069
72234,0.30645418
72748,0.24155533
45054,0.92953664
8857,0.4003917
111638,0.6804096
95591,0.5824233
5060,0.9480592
49918,0.17581518
18046,0.8043568
57051,0.92953664
107290,0.60127157
49182,0.7030056
48880,0.824784
100540,0.30841458
30316,0.9250457
112699,0.66786546
90214,0.042299405
114731,0.6629308
49979,0.3812725
47387,0.945651
86585,0.042299405
70977,0.16452989
108851,0.27035272
86838,0.042299405
44583,0.92953664
44576,0.87456024
113672,0.77448213
33063,0.8231943
279,0.19367054
51640,0.75512433
116044,0.6948359
61251,0.561183
30588,0.943447
15033,0.4538509
38201,0.36202234
84175,0.042299405
106850,0.95167696
51859,0.9332552
114901,0.32082638
24748,0.9448827
22503,0.78409976
90600,0.042299405
66854,0.57096535
107112,0.9227343
66179,0.6798071
12917,0.7376788
5622,0.90840834
79133,0.042299405
52020,0.3845099
42206,0.9523117
60496,0.75829536
33758,0.22376266
75520,0.042299405
77319,0.042299405
83982,0.042299405
62680,0.79399997
6089,0.46220925
94161,0.90840834
78934,0.042299405
121124,0.5113884
75112,0.042299405
120118,0.36202234
11029,0.1096884
32039,0.8090711
52274,0.77026075
15835,0.1621237
31235,0.77588665
76705,0.042299405
10091,0.591129
117674,0.52798307
65940,0.34977314
76010,0.042299405
83898,0.042299405
53074,0.85711795
9126,0.8355149
46259,0.8043568
29387,0.4650849
111453,0.37555605
8477,0.5017913
106242,0.90537584
113381,0.6003067
11270,0.56240064
84426,0.042299405
23740,0.945651
5733,0.27603346
24435,0.09232185
40771,0.4356394
85743,0.042299405
10276,0.21606532
42908,0.93925244
68085,0.4481545
22937,0.8231943
116599,0.6936065
53434,0.82966644
43425,0.5472083
84388,0.042299405
3376,0.6820549
50235,0.78524405
114119,0.24351414
81813,0.042299405
48161,0.73020875
61908,0.710074
7059,0.50951415
100344,0.7750072
23091,0.7006684
60067,0.739572
15559,0.9324763
103050,0.21066788
2365,0.6521865
69870,0.79476154
73690,0.71299225
64847,0.20988327
26324,0.49161682
66451,0.5653206
75231,0.042299405
110836,0.15441793
41164,0.9250916
92975,0.9400215
1375,0.9117612
93564,0.2622166
36804,0.80176836
48389,0.9250916
11948,0.2166175
29624,0.9250916
92472,0.2539608
62626,0.58607644
109994,0.3516933
25434,0.9448827
82172,0.042299405
43365,0.9407879
109182,0.20484419
105493,0.3515096
107721,0.38300097
90871,0.042299405
79039,0.042299405
67473,0.34106764
95560,0.33674085
94540,0.42182922
79939,0.042299405
124787,0.6948688
116940,0.7589587
21118,0.7368256
53209,0.76599205
34226,0.8043568
84818,0.042299405
42901,0.940431
90450,0.042299405
100025,0.28774977
79258,0.042299405
116753,0.37152475
43835,0.22316563
2712,0.18905415
63643,0.8207466
22785,0.67187816
89131,0.042299405
16052,0.25060335
64190,0.16437893
72341,0.3791242
58337,0.8043568
36209,0.8383232
117758,0.80744815
10345,0.5576651
71759,0.22244471
68304,0.5675377
117016,0.36202234
71821,0.596364
88608,0.042299405
41487,0.72901887
84860,0.042299405
98952,0.34977314
68690,0.6809051
99002,0.3654535
81050,0.042299405
22297,0.8913875
64161,0.29804483
42330,0.2874603
118584,0.13346072
27816,0.1732547
39989,0.93574846
40948,0.929919
124715,0.2178324
24644,0.71672434
2619,0.4784825
3415,0.1844603
45437,0.9299622
52713,0.52798307
54423,0.5317508
67325,0.21109003
40088,0.9448827
55365,0.6487721
104599,0.26262966
105754,0.264986
86757,0.042299405
49552,0.8134394
86447,0.042299405
19454,0.8214037
47879,0.37555605
111,0.93913263
4099,0.9395671
105386,0.95167696
113487,0.7476432
101193,0.44056034
30930,0.26469967
36639,0.93913263
59334,0.36202234
1979,0.80577356
83715,0.042299405
57582,0.82399744
71922,0.24907976
20964,0.5113884
66002,0.36874843
115355,0.7528385
31412,0.35399884
52429,0.49456495
15659,0.36874843
38435,0.8676704
52266,0.8482609
110586,0.21322735
9992,0.771901
21286,0.071581215
67375,0.5625888
37663,0.93913263
8835,0.42709547
86556,0.042299405
75964,0.042299405
10814,0.36890474
72660,0.5826809
99871,0.3654535
40495,0.9523117
60250,0.7271119
48624,0.92953664
122818,0.78524405
115211,0.78524405
100498,0.3654535
61724,0.8207466
56455,0.78409976
87705,0.042299405
25365,0.7891144
124378,0.65064245
84971,0.042299405
1190,0.9250457
74217,0.32623988
36575,0.92953664
12736,0.5444087
24611,0.7662721
87213,0.042299405
80571,0.042299405
108789,0.2912829
54432,0.7637424
121954,0.37555605
11472,0.5919433
64001,0.24351414
2342,0.416442
95600,0.76191956
39596,0.944549
73370,0.22042133
26146,0.77588665
32079,0.9448827
110616,0.19164279
98921,0.599233
118203,0.26140323
70824,0.34543738
21712,0.73806477
68656,0.39683107
106045,0.7395619
29596,0.6642
18942,0.09232185
95035,0.2622166
3566,0.5688362
66344,0.54697603
50033,0.26469967
3076,0.6501359
72486,0.56955194
81746,0.042299405
67354,0.460456
49083,0.42209443
27574,0.123340815
14258,0.1533329
97191,0.5444087
11262,0.5804162
88807,0.042299405
103835,0.9135301
107054,0.38300097
27598,0.123340815
119626,0.76505715
67217,0.22357213
47973,0.8044135
114266,0.65039104
119065,0.23154114
40626,0.33613372
116114,0.78524405
33113,0.85096294
117655,0.6692836
25287,0.8753827
71013,0.41885296
114408,0.7404567
124131,0.6804096
9273,0.19000173
76582,0.042299405
83645,0.042299405
98452,0.34830043
103684,0.21146478
22918,0.8231943
31312,0.13681698
63331,0.93102473
119429,0.74626434
59085,0.68879247
64447,0.9523117
86349,0.042299405
60718,0.72901887
467,0.09232185
57743,0.61881745
94184,0.95167696
7436,0.6654727
18965,0.071581215
71085,0.5653206
88265,0.042299405
118140,0.24351414
50292,0.4958884
46549,0.94996256
105751,0.26469967
54384,0.9438819
102279,0.27998954
118390,0.25438407
96711,0.62710184
82239,0.042299405
75206,0.042299405
95057,0.47761396
42647,0.31139594
66657,0.08997259
100668,0.42761415
23808,0.8043568
74813,0.20697543
5521,0.36874843
95933,0.19462542
31060,0.34110853
49919,0.18853994
19464,0.8043568
16761,0.8671329
114709,0.71841025
34847,0.9250916
7113,0.42148593
104521,0.25216073
118659,0.67470163
39971,0.8676704
6504,0.18885988
50028,0.70757115
37509,0.72901887
12332,0.43445393
89362,0.042299405
95468,0.6446102
69494,0.58890903
80901,0.042299405
15974,0.66723263
68462,0.38738546
92171,0.80074793
110519,0.20389405
7953,0.5998385
124748,0.37555605
75766,0.042299405
47368,0.9523117
75564,0.042299405
94937,0.77073544
106653,0.3654535
83814,0.042299405
78069,0.042299405
86822,0.042299405
42678,0.95020086
66350,0.55404574
57339,0.6399282
82326,0.042299405
24843,0.8385467
42402,0.8027489
60097,0.77064055
97334,0.5968993
97579,0.55404574
71407,0.27550897
125012,0.37555605
24638,0.87456024
117444,0.3845099
18514,0.2855446
3508,0.6482469
105426,0.7121624
3324,0.80799675
11391,0.55835336
107342,0.60113144
103496,0.24155533
102067,0.42985216
54747,0.55258834
21044,0.8043568
113413,0.67586255
55069,0.3893264
82525,0.042299405
14289,0.8515394
106046,0.5713742
18884,0.72814405
7256,0.4866142
57830,0.5905028
88900,0.042299405
114541,0.77448213
64852,0.20096341
8572,0.69413877
48608,0.89878726
94484,0.23593655
34320,0.5532914
13598,0.34977314
103481,0.5481886
149,0.9352508
14159,0.94383633
66021,0.5444087
24276,0.525903
18163,0.9487389
15039,0.50951415
109263,0.22722389
3851,0.63757515
9923,0.25834355
61185,0.4774773
16197,0.12908918
77237,0.042299405
98746,0.14613277
98853,0.26140323
69165,0.5433626
67008,0.24351414
118064,0.7414636
28641,0.40955377
61741,0.2855446
11318,0.4546866
24431,0.09232185
52240,0.2874603
31143,0.739528
2044,0.8248936
103062,0.5751951
56998,0.71672434
120785,0.83694464
80289,0.042299405
92208,0.4418656
22276,0.71672434
7817,0.21086246
67442,0.6809051
63611,0.8207466
34614,0.8207466
24601,0.06470332
93079,0.9437412
51948,0.8482609
39905,0.94996256
103367,0.1904591
69146,0.32202622
115214,0.6936065
3850,0.2784762
45829,0.82626796
17255,0.47228685
17880,0.92953664
60023,0.68879247
9321,0.5943037
79903,0.042299405
38369,0.92953664
36783,0.93913263
79024,0.042299405
5545,0.46739212
57061,0.9383121
20475,0.78562415
45151,0.57372385
85081,0.042299405
113517,0.738718
98589,0.6687395
58105,0.68879247
11303,0.4546866
17961,0.946063
73816,0.72421074
39822,0.39508018
40407,0.9250457
5953,0.1471712
114239,0.7159984
65415,0.388696
80159,0.042299405
123989,0.83230466
74829,0.38300097
123143,0.6804096
114694,0.33121276
24315,0.9250916
101736,0.8569112
71919,0.38975224
48505,0.9250457
70335,0.34157243
111265,0.6368926
17780,0.49265552
98177,0.92525655
33228,0.4592283
104917,0.18506894
8710,0.23027253
108883,0.2912829
96451,0.25438407
51590,0.67470163
41977,0.92953664
56400,0.93574846
84589,0.042299405
29853,0.16068964
3013,0.61743486
105600,0.33674085
15755,0.06447654
49737,0.18176456
99390,0.36874843
49324,0.8909555
83487,0.042299405
93194,0.31294367
61295,0.85096294
65739,0.87992996
56168,0.80036193
72251,0.63476163
27445,0.67698854
21283,0.071581215
26854,0.9462237
119272,0.4079794
74496,0.21720476
23087,0.71672434
28689,0.67634994
103287,0.64533216
83258,0.042299405
47373,0.9445681
103862,0.2137811
96442,0.5219026
73706,0.4048482
23129,0.4592283
60829,0.8671329
98572,0.22962523
39861,0.9250457
52138,0.80049443
122991,0.4079794
103730,0.5681279
118775,0.2178324
105752,0.3013561
49391,0.85711795
22184,0.8207466
67189,0.25438407
76673,0.042299405
12795,0.6234635
12854,0.47922328
78555,0.042299405
12124,0.154763
25947,0.23593655
91840,0.08766272
3957,0.5952728
119654,0.6568531
98499,0.34543738
106782,0.9437412
32429,0.9523117
68097,0.6043004
94933,0.6180691
109533,0.2912829
102773,0.7934054
122192,0.7159984
46768,0.72814405
53396,0.79978114
112593,0.3795657
100194,0.605124
77523,0.042299405
93017,0.8569112
89413,0.042299405
123742,0.54979146
80478,0.042299405
43405,0.4399813
13679,0.2875277
77295,0.042299405
78279,0.042299405
9012,0.34219965
90003,0.042299405
77351,0.042299405
32302,0.8383232
117385,0.48739704
30355,0.94996256
24158,0.9250916
62736,0.710074
117585,0.67236716
10483,0.84052616
76422,0.042299405
47683,0.8515394
84120,0.042299405
26850,0.92209953
22973,0.2690262
75188,0.042299405
13552,0.2875277
108253,0.95167696
92816,0.2723188
92256,0.7414636
106482,0.40238434
39491,0.6701455
78223,0.042299405
65608,0.80176836
104621,0.69766045
44830,0.73305833
56261,0.61580944
52682,0.22316563
6914,0.2688145
50568,0.7665315
29398,0.24429405
38272,0.8814742
19395,0.291994
110515,0.19164279
90103,0.042299405
62121,0.9462237
74186,0.54794073
46224,0.9523117
83882,0.042299405
527,0.25438407
22805,0.69516015
38226,0.42209443
26898,0.738857
68088,0.29008967
57182,0.5900412
94219,0.8569112
50301,0.22316563
53172,0.706142
21362,0.8207466
86583,0.042299405
75382,0.042299405
63995,0.3812725
83260,0.042299405
40280,0.8676704
113235,0.69991857
72620,0.38676816
83327,0.042299405
25716,0.8048856
39187,0.92953664
25085,0.94079983
96854,0.33011934
27029,0.6520083
11186,0.20769228
44005,0.7080981
51495,0.69266546
5831,0.2260261
109748,0.1911041
12659,0.53607
51067,0.67569333
38111,0.52643144
45475,0.8207466
41513,0.9352508
123513,0.67683107
109347,0.07250146
39472,0.4356394
36557,0.9250457
74719,0.49035433
22968,0.57372385
62571,0.26235777
8535,0.6390641
99223,0.21086246
4120,0.6383791
102113,0.5675377
25035,0.78562415
69923,0.7427171
18786,0.525903
88883,0.042299405
55786,0.8753827
122064,0.54302263
124721,0.64510864
23013,0.8231943
79067,0.042299405
62761,0.41177186
48964,0.83342713
121670,0.78524405
67085,0.5944672
109047,0.09688947
58866,0.3812725
122065,0.47513822
85748,0.042299405
11513,0.18480007
55494,0.6925055
67564,0.41293272
48926,0.946063
60071,0.5731356
35607,0.9477746
86760,0.042299405
30144,0.071581215
61673,0.24066462
21567,0.9462237
63613,0.8207466
83355,0.042299405
28480,0.123340815
3223,0.6657991
3268,0.9366573
23239,0.8913875
119541,0.7665315
124340,0.39508018
84655,0.042299405
80082,0.042299405
90598,0.042299405
52401,0.3812725
88790,0.042299405
78841,0.042299405
23071,0.71138984
73107,0.6329326
107462,0.17168571
92529,0.73764867
44193,0.7717939
111404,0.14104633
29374,0.61339146
73168,0.57938457
54786,0.7643699
42089,0.68356913
51778,0.6804096
93797,0.4784825
115640,0.78524405
60536,0.80176836
54402,0.9407879
19478,0.73305833
95961,0.19514997
5372,0.6521865
52507,0.39508018
39952,0.68879247
26402,0.59877855
38625,0.94996256
59562,0.9487389
84359,0.042299405
92945,0.95167696
63108,0.8207466
53125,0.7054191
15637,0.8908866
626,0.946063
107550,0.54697603
79664,0.042299405
20656,0.8482609
27084,0.63373584
75770,0.042299405
75273,0.042299405
74232,0.68320847
114822,0.80744815
10661,0.60976607
27776,0.54791254
101966,0.7067418
45325,0.3845099
70367,0.47922328
42304,0.4774773
98096,0.29008967
61575,0.739572
80971,0.042299405
91768,0.42664498
48773,0.89878726
7412,0.5998385
11713,0.26929048
105891,0.8246817
22178,0.9487389
114640,0.83655465
103365,0.2497125
114332,0.3900109
65000,0.8043568
36652,0.93997115
106739,0.5957432
12151,0.6443537
5359,0.6501359
20696,0.9117612
17698,0.68879247
39583,0.9352508
49710,0.37555605
124429,0.7729014
21530,0.9487389
43393,0.9462237
84472,0.042299405
7971,0.38300097
2550,0.6204969
35513,0.49284545
19710,0.525903
82274,0.042299405
52341,0.7159984
64025,0.28045914
1733,0.2178324
30346,0.93913263
88604,0.042299405
30959,0.93913263
93125,0.90537584
91546,0.042299405
60291,0.73806477
86853,0.042299405
37512,0.87456024
39874,0.946063
46799,0.53399503
65269,0.13785054
64686,0.68879247
81707,0.042299405
32028,0.9250916
124157,0.7296582
372,0.2166175
51366,0.30106464
15164,0.2166175
53394,0.93925244
91795,0.15471157
16784,0.6993243
17050,0.78409976
74312,0.65939593
47052,0.20367815
94858,0.19800542
100788,0.39793688
94595,0.6180691
93978,0.2723188
39271,0.92379194
40581,0.9124725
5517,0.6990014
906,0.945651
87755,0.042299405
113888,0.37555605
24190,0.732411
91686,0.042299405
11233,0.760694
113761,0.699742
54700,0.5182382
48557,0.946063
42423,0.93997115
17618,0.9250457
2131,0.81222713
116242,0.49510035
56872,0.58607644
41975,0.9250916
120862,0.67470163
78125,0.042299405
9026,0.14563619
43586,0.8207466
88946,0.042299405
95953,0.16779724
46456,0.71138984
94139,0.8569112
87078,0.042299405
116386,0.6243339
96763,0.60677075
107853,0.4481545
94390,0.4912952
36509,0.9299622
8016,0.21445607
9634,0.5863746
84556,0.042299405
55124,0.7302618
87416,0.042299405
46031,0.58607644
33467,0.5450688
47783,0.92953664
44023,0.9124725
43883,0.929919
2812,0.146232
125172,0.66817844
400,0.92953664
48528,0.92953664
59342,0.3812725
51610,0.2690262
43376,0.9407879
101071,0.4611272
26415,0.30395988
21188,0.14104633
57645,0.37152475
105075,0.36740533
85332,0.042299405
114376,0.42631826
122416,0.41177186
15275,0.16467807
122640,0.24351414
18964,0.08097476
59900,0.8031993
86368,0.042299405
61136,0.8207466
96769,0.33011934
58852,0.68992627
93117,0.8569112
59071,0.8220709
107278,0.60113144
119846,0.7271119
3155,0.23768196
48187,0.9352508
389,0.57806563
97662,0.31130385
90067,0.042299405
113539,0.5113884
51078,0.51533055
118830,0.7665315
9400,0.5943037
121956,0.42592373
52879,0.7411677
81437,0.042299405
27230,0.6329275
15162,0.42709547
45,0.6760014
57272,0.9307207
98460,0.5957432
68092,0.5957432
74094,0.38651696
73767,0.7092768
35011,0.95020086
113847,0.7159984
34194,0.9523117
30510,0.94996256
113289,0.4551359
97202,0.7007862
11709,0.57641
76968,0.042299405
47528,0.9250916
8774,0.5507555
118727,0.25438407
50322,0.33233824
70506,0.79476154
49047,0.9448827
32215,0.39508018
98600,0.43445393
22771,0.7244611
1684,0.7244611
10893,0.44036418
9609,0.5863746
110698,0.20484419
31063,0.6329275
71061,0.6538477
69247,0.68143755
86878,0.042299405
24015,0.7492087
107866,0.5412692
48897,0.9250916
42959,0.9487389
103989,0.28574884
18245,0.9438819
121561,0.91567284
76833,0.042299405
17989,0.41080713
119801,0.4605606
8900,0.4896706
114927,0.8132643
121755,0.6327601
107705,0.5031104
116461,0.525903
33460,0.41080713
34467,0.94996256
9403,0.27617005
50660,0.54581475
112634,0.65064245
61315,0.21909112
4362,0.9480592
6041,0.68238604
123253,0.9144649
102956,0.5433626
103574,0.4912952
103004,0.6994447
57575,0.8043568
73858,0.4427593
44086,0.89878726
121378,0.7729014
45162,0.48758996
35174,0.24704227
14794,0.94929814
75443,0.042299405
9947,0.18178366
1470,0.5381797
395,0.9250457
83650,0.042299405
17444,0.8231943
9822,0.29008967
4853,0.5835271
68403,0.30106464
86917,0.042299405
32822,0.61881745
44545,0.87456024
8097,0.35173833
47042,0.25163043
119228,0.67470163
122540,0.36202234
68739,0.16154468
86194,0.042299405
34187,0.93574846
109374,0.21960157
76380,0.042299405
98478,0.593065
110742,0.18498422
75711,0.042299405
17806,0.8207996
98561,0.22010066
50411,0.24351414
80166,0.042299405
94980,0.4912952
76703,0.042299405
15392,0.22996959
123122,0.6804096
53587,0.66408443
121511,0.52798307
50083,0.60369164
29425,0.27317134
98109,0.1621237
38677,0.9448827
1552,0.22316563
88364,0.042299405
44994,0.87456024
119047,0.7665315
91123,0.042299405
73220,0.5386324
35660,0.9523117
99677,0.56492794
41542,0.9250916
123924,0.84232384
26560,0.7039461
48450,0.9523117
110848,0.12948851
87926,0.042299405
114795,0.29423013
8541,0.6390641
58925,0.8385467
40900,0.70073885
73711,0.58593714
27807,0.54791254
2350,0.80799675
3101,0.7849204
35983,0.9523117
106208,0.90840834
101438,0.61295086
48517,0.8231943
34860,0.943447
64888,0.5265537
51188,0.8404911
4446,0.80271435
40652,0.92379194
110797,0.20760834
40156,0.929919
124415,0.7613734
112400,0.67470163
65684,0.8043568
81730,0.042299405
106394,0.44654006
34780,0.66942394
116615,0.69991857
97872,0.0833434
85672,0.042299405
77971,0.042299405
57984,0.72901887
8361,0.44364214
49046,0.9448827
8318,0.31404623
46678,0.94996256
96399,0.65570897
107398,0.3951383
20315,0.8043568
64919,0.73806477
70674,0.5957432
60077,0.73806477
40271,0.37551606
69804,0.2655566
121936,0.74126625
120000,0.22962523
86674,0.042299405
4974,0.85753596
93409,0.2844175
35481,0.8383232
20199,0.69516015
78880,0.042299405
77080,0.042299405
49721,0.21187976
72726,0.61859137
19333,0.3812725
99791,0.5757719
57792,0.8207466
98368,0.621056
29945,0.06470332
62449,0.8043568
30307,0.62274843
108783,0.20163925
52006,0.49456495
73673,0.60732734
65393,0.69176346
112616,0.56612575
35008,0.9477746
5284,0.81915265
119927,0.65064245
1889,0.90147877
125006,0.27617005
48715,0.9523117
110166,0.2912829
97318,0.6371487
29009,0.38676816
73635,0.41893154
111784,0.71763843
61107,0.9022172
50141,0.52798307
5274,0.6501359
49675,0.517476
42000,0.525903
4658,0.6383791
41335,0.9477746
36905,0.49265552
20446,0.9438819
27459,0.739528
114269,0.49265552
13882,0.37561303
82973,0.042299405
33998,0.94996256
96558,0.19234398
77801,0.042299405
111192,0.52798307
86456,0.042299405
51936,0.8806455
9525,0.48496756
3126,0.38173825
122964,0.5214674
85901,0.042299405
53032,0.79820716
43077,0.20124894
89703,0.042299405
33204,0.2162444
91771,0.32213336
32732,0.9190161
82946,0.042299405
73977,0.3620785
50757,0.5989355
22314,0.7227505
2494,0.45510513
16943,0.68741894
11084,0.201804
121467,0.6804096
56087,0.9462237
26209,0.6865804
123127,0.6804096
22292,0.86236817
7145,0.65380985
18286,0.9487389
97754,0.5625888
41518,0.525903
109112,0.24048157
71379,0.5493985
16471,0.31079078
52218,0.542151
91052,0.042299405
61977,0.8913875
49789,0.42209443
68423,0.5433626
106979,0.31079078
16042,0.39683107
113291,0.4551359
83870,0.042299405
55796,0.9117612
22636,0.7717939
96170,0.60732734
19221,0.39508018
9361,0.57641
118293,0.3082912
3205,0.5704051
92693,0.8632995
118241,0.45070684
102937,0.61773074
124228,0.8248301
123200,0.85423577
49752,0.74126625
85349,0.042299405
10577,0.1533329
62403,0.8043568
6382,0.6173614
29919,0.071581215
102183,0.94551253
22257,0.7006684
102563,0.5804162
25456,0.8044135
93074,0.9135301
44657,0.94996256
96578,0.6446102
18332,0.14104633
66064,0.5592871
2624,0.4784825
89364,0.042299405
63327,0.89927346
85094,0.042299405
87337,0.042299405
49038,0.94996256
25264,0.37152475
65636,0.7080981
66844,0.24100702
19218,0.9250457
55998,0.6932462
67009,0.24535422
75854,0.042299405
19394,0.20963226
57832,0.67187816
36116,0.9250457
33180,0.71079046
81459,0.042299405
92428,0.28871447
120143,0.6732954
43406,0.2855446
11530,0.18332686
99352,0.614908
72040,0.46095052
116346,0.5113884
77687,0.042299405
52628,0.55470836
68948,0.16154468
35573,0.9352508
18299,0.8220709
20185,0.5668275
71555,0.591833
37289,0.929919
118382,0.7033534
123070,0.8248301
74204,0.77994514
21813,0.68879247
105744,0.40771678
106640,0.5493985
34563,0.7838426
42549,0.9250457
65235,0.41080713
52508,0.7665315
67860,0.29556417
50531,0.91210264
32332,0.89878726
12323,0.653444
112309,0.43635744
16747,0.78409976
57945,0.6003068
74899,0.5625888
5876,0.16285013
16680,0.5381797
48597,0.8043568
9722,0.18175907
94081,0.90840834
19650,0.88749844
82801,0.042299405
14361,0.1533329
81135,0.042299405
39298,0.89878726
116547,0.7534511
13173,0.55835336
58777,0.8207466
96029,0.4849329
44336,0.92379194
121551,0.8766096
113215,0.3022461
38481,0.8207466
85276,0.042299405
38532,0.6362247
98237,0.14563619
34186,0.92953664
41707,0.93913263
39825,0.25779933
64219,0.69516015
109624,0.16965221
78298,0.042299405
124053,0.78524405
60688,0.80577356
75470,0.042299405
16232,0.6359238
100342,0.5757719
2379,0.6501359
31668,0.33209783
116244,0.7729014
97519,0.6699113
94529,0.4849329
60972,0.86236817
45147,0.23923512
117223,0.74126625
88843,0.042299405
20116,0.14104633
32658,0.94996256
68348,0.6303439
91849,0.2509139
107546,0.90840834
30567,0.9065641
124996,0.40212277
8520,0.34977314
35539,0.8207996
92238,0.5829166
93698,0.5926731
10344,0.6359238
97732,0.5581677
23997,0.7133811
55303,0.79965734
122400,0.5113884
84747,0.042299405
120261,0.7729014
56912,0.7522791
10744,0.3393765
7561,0.39683107
86579,0.042299405
106844,0.9400215
90563,0.042299405
84797,0.042299405
117479,0.69224477
43013,0.9269657
26830,0.9462237
103216,0.21128684
84976,0.042299405
1543,0.7227505
107607,0.13506892
97910,0.06447654
65558,0.87456024
89446,0.042299405
9241,0.47155252
99327,0.30841458
60324,0.8385467
89789,0.042299405
10633,0.5433626
69206,0.2957798
81943,0.042299405
19536,0.72651535
10791,0.5444087
10622,0.54599565
14400,0.9292508
1454,0.34101686
86095,0.042299405
121289,0.55470836
13347,0.47135416
27769,0.23928337
2231,0.8605365
35973,0.945651
100255,0.34517947
61469,0.76274276
120115,0.49350053
103634,0.433419
102482,0.5028615
64795,0.41731146
4682,0.6383791
120555,0.6936065
3385,0.26262966
104809,0.23768196
53136,0.706142
106560,0.3244312
116922,0.6657524
12395,0.3910968
94312,0.9400095
6805,0.66723263
76964,0.042299405
9208,0.760694
9163,0.6699113
115981,0.79377216
86500,0.042299405
58259,0.943447
118536,0.29556417
111120,0.3082912
87715,0.042299405
73948,0.5767582
53818,0.580667
71420,0.23614721
51070,0.6516696
58021,0.7277527
37946,0.8207466
23898,0.7049876
107190,0.8582086
47573,0.71079046
69802,0.3948916
65752,0.5731356
27815,0.54791254
55073,0.6560116
121098,0.6327601
71915,0.5897921
66037,0.5653206
121582,0.7606064
96043,0.5688362
96842,0.56955194
8298,0.25082734
15847,0.12181593
101932,0.5566686
94668,0.16779724
61352,0.8043568
70677,0.5576651
76227,0.042299405
50190,0.3275936
79166,0.042299405
77115,0.042299405
85199,0.042299405
63532,0.9487389
112756,0.699742
98231,0.19042134
1819,0.8207466
76019,0.042299405
106866,0.8569112
77737,0.042299405
75109,0.042299405
44648,0.94996256
25940,0.2622166
42449,0.8231943
24342,0.30106464
57719,0.8982084
118948,0.7528385
56267,0.8207466
45820,0.77361304
14256,0.13605064
46480,0.9250457
41772,0.7508864
63647,0.8207466
67885,0.29549584
6957,0.65380985
109864,0.21768057
103402,0.19752713
25704,0.7412633
123599,0.6804096
63435,0.3812725
87749,0.042299405
59421,0.8207466
16225,0.6359238
18088,0.9117612
2139,0.590634
75451,0.042299405
10426,0.22664715
105501,0.42182922
70088,0.57416445
37236,0.8383232
21129,0.8043568
97935,0.5653206
92322,0.23198004
45622,0.93913263
97779,0.69547606
50556,0.599273
27376,0.26335856
48809,0.946063
47919,0.3415919
116914,0.17581518
101529,0.3244312
124764,0.6868156
98632,0.6234635
1968,0.25714532
49206,0.39508018
122308,0.6740146
41930,0.9250457
97281,0.2374851
97758,0.2925437
34714,0.92357904
60513,0.8382824
88976,0.042299405
73702,0.5679822
56933,0.92953664
20196,0.5668275
85123,0.042299405
94808,0.2497125
73778,0.27674592
19800,0.49265552
91436,0.042299405
62787,0.5670882
10026,0.42709547
41638,0.14323126
91383,0.042299405
104532,0.65201336
108477,0.5653206
5864,0.56492794
94706,0.13415356
66312,0.6890052
10317,0.54599565
115801,0.6973591
98001,0.90537584
11128,0.22136773
22130,0.9487389
45568,0.7068884
102791,0.75767297
85397,0.042299405
22444,0.9462237
40762,0.7269722
98901,0.17188606
58527,0.8043568
39779,0.9523117
71642,0.56955194
85481,0.042299405
1924,0.7776681
111297,0.22962523
111977,0.49456495
120769,0.37058383
123642,0.65208864
68592,0.5550873
92805,0.65570897
61178,0.8207466
34807,0.68879247
111605,0.60369164
91222,0.042299405
80314,0.042299405
65197,0.8043568
7581,0.5566686
117852,0.648536
85684,0.042299405
55471,0.75263184
107463,0.15789369
97801,0.24351414
31733,0.8207996
29142,0.764464
40306,0.9448827
22209,0.8482609
14924,0.64421976
92574,0.3449537
112098,0.26469967
71002,0.5956024
95361,0.16821106
8480,0.39683107
51073,0.4356394
22,0.824784
31517,0.89878726
61938,0.8913875
112635,0.3812725
97617,0.2178324
112138,0.7159984
28811,0.79986477
89560,0.042299405
37361,0.89878726
25163,0.93913263
103621,0.19787759
4414,0.6903264
100208,0.5937946
61122,0.9487389
41917,0.9250457
35046,0.89878726
103764,0.27920705
70435,0.5767582
55026,0.580667
21449,0.92209953
17447,0.8814742
10536,0.12799755
64590,0.69516015
70646,0.34733343
25184,0.94996256
77175,0.042299405
45623,0.9352508
36625,0.525903
57948,0.72901887
5446,0.43464813
46257,0.9250457
86232,0.042299405
28957,0.59944594
64943,0.2533619
8714,0.4611272
93691,0.59351325
124049,0.6868156
28234,0.2679769
21018,0.525903
108156,0.90840834
83229,0.042299405
73375,0.22144884
38881,0.94996256
80489,0.042299405
9299,0.17805865
119095,0.65064245
15331,0.61191213
105794,0.37307182
4455,0.38676816
67437,0.5675377
100107,0.90537584
73348,0.56955194
84736,0.042299405
23762,0.8043568
60430,0.73305833
30813,0.94996256
58776,0.8207466
91245,0.042299405
47480,0.92953664
80147,0.042299405
30240,0.946063
34437,0.946063
111906,0.71763843
95828,0.15406601
59276,0.7640816
2462,0.36374614
98089,0.16996205
68333,0.65131557
42805,0.7080981
98565,0.54572153
115494,0.4774773
86169,0.042299405
113224,0.7159984
67524,0.5444087
15058,0.63892925
13819,0.5266537
63184,0.8913875
1637,0.40212277
67868,0.5653206
16521,0.525903
36688,0.92953664
98129,0.5433626
90445,0.042299405
62687,0.29157576
97719,0.29813147
14585,0.9051254
119673,0.7729014
34803,0.9250457
21994,0.5894827
37492,0.9250916
82564,0.042299405
119909,0.5723481
37052,0.95020086
111247,0.29804483
55953,0.88169616
39448,0.89878726
124128,0.4079794
74542,0.8569112
8799,0.16390501
47778,0.9065641
91487,0.042299405
106469,0.57938457
110618,0.18694404
65906,0.5625888
23002,0.89878726
64062,0.8161812
103536,0.3666759
118315,0.2831447
112838,0.68926793
73461,0.38676816
67319,0.2533619
74888,0.54599565
80699,0.042299405
78611,0.042299405
87453,0.042299405
122204,0.74626434
94422,0.4912952
47296,0.561183
121627,0.525903
72854,0.20032391
63234,0.6008151
104338,0.9073345
65823,0.6297367
97137,0.3275408
120197,0.79248446
71755,0.2516719
12261,0.4418656
104284,0.810305
34659,0.8220709
10146,0.21621013
52264,0.7741595
111380,0.16068964
81995,0.042299405
48404,0.93913263
18784,0.95020086
2777,0.33674085
111140,0.69266546
79080,0.042299405
114327,0.83464724
15195,0.1786755
81913,0.042299405
51150,0.27617005
19075,0.65741247
46980,0.80176836
56118,0.9462237
326,0.36202234
33014,0.09566267
67857,0.31162477
62481,0.50326604
68035,0.58248377
27772,0.27920705
55564,0.5317508
53923,0.66408443
2769,0.4784825
95217,0.19080013
124521,0.8319426
57442,0.69176346
45252,0.71672434
6512,0.154763
84493,0.042299405
118146,0.27775463
45576,0.4356394
111043,0.25491762
8776,0.29813147
30666,0.93574846
110943,0.49456495
77270,0.042299405
22541,0.16846552
21938,0.3156893
93306,0.6005577
73454,0.59502816
39212,0.78409976
115968,0.7665315
68607,0.62355137
6789,0.6723211
75364,0.042299405
116271,0.3882269
81309,0.042299405
96281,0.5704051
103832,0.90840834
89480,0.042299405
114839,0.5214674
58188,0.92953664
59265,0.32338005
70965,0.23619367
66747,0.8610147
97822,0.4538509
33030,0.071581215
22058,0.73305833
18460,0.6338866
117267,0.6483095
124405,0.52798307
28372,0.6990946
70262,0.31404623
39693,0.93574846
94088,0.59502816
66815,0.31162477
117641,0.37497485
119305,0.7414636
43521,0.93102473
48213,0.944549
91429,0.042299405
54712,0.4874571
43219,0.9337635
60630,0.7030056
76719,0.042299405
60659,0.37555605
30103,0.071581215
113034,0.22956517
36787,0.946063
120632,0.542151
115119,0.738718
7633,0.34517947
63879,0.7891144
40866,0.9448827
43227,0.5404904
70333,0.61207324
2786,0.27858928
50906,0.19977637
65981,0.54599565
49337,0.7202399
79007,0.042299405
57578,0.73305833
26471,0.2784762
103617,0.23166256
61079,0.8207466
65998,0.5731755
66853,0.5309395
120100,0.7506572
43081,0.73806477
48842,0.8383232
60273,0.73806477
73453,0.60641634
97475,0.5968993
8017,0.2178324
35970,0.9445681
52465,0.3845099
43634,0.9487389
29727,0.89878726
57879,0.7030056
122529,0.7665315
79242,0.042299405
17626,0.71247566
42179,0.92953664
95691,0.19457518
76112,0.042299405
116495,0.69701695
23909,0.7570681
34069,0.18885988
32960,0.13681698
88903,0.042299405
50990,0.66470563
10850,0.34977314
59462,0.8207466
59158,0.7249829
80420,0.042299405
73031,0.9400095
98852,0.2957798
32353,0.93913263
22366,0.94647884
118645,0.65064245
6931,0.29423013
89346,0.042299405
37773,0.944549
68098,0.5957432
120400,0.17099069
92544,0.5082825
119885,0.22669527
96764,0.35399884
59532,0.9117612
4736,0.6383791
5870,0.35532045
70811,0.460456
111509,0.48193872
59740,0.71247566
22254,0.71672434
115600,0.55547845
92658,0.54599565
67679,0.3654535
83769,0.042299405
118238,0.7665315
43640,0.9416098
50182,0.36202234
103676,0.7085454
33816,0.7508864
115178,0.7102034
28534,0.4124326
73907,0.22042133
35145,0.9523117
2736,0.13873824
39330,0.525903
80321,0.042299405
12329,0.5780501
88032,0.042299405
32721,0.929919
65564,0.61881745
103263,0.23381156
21257,0.069831386
73695,0.38975224
101511,0.5653206
116457,0.7729014
50514,0.8994428
7057,0.4851869
106114,0.6246146
4116,0.6383791
31577,0.9523117
52651,0.8562385
38296,0.92953664
117938,0.23141901
112424,0.699742
30471,0.946063
36700,0.94996256
84150,0.042299405
19386,0.8043568
108431,0.3020166
97117,0.525058
123210,0.9144649
25642,0.4124326
50860,0.6210768
43012,0.9487389
123450,0.7729014
121277,0.42209443
87884,0.042299405
56285,0.8220709
115483,0.4774773
17030,0.71456385
90792,0.042299405
3305,0.5654829
90053,0.042299405
86278,0.042299405
82985,0.042299405
693,0.9448827
57592,0.8753827
42357,0.2690262
76659,0.042299405
22277,0.65741247
96631,0.69547606
89788,0.042299405
40042,0.7497565
98916,0.31778494
46206,0.9445681
35519,0.89878726
33114,0.76274276
67397,0.33644903
13456,0.24617139
72548,0.7610021
99028,0.57096535
91609,0.042299405
101520,0.34157243
20560,0.8207466
67786,0.17906594
27321,0.632249
9705,0.29008967
22913,0.8043568
50226,0.7729014
50309,0.37555605
11770,0.45325187
99490,0.36874843
74470,0.49229297
23812,0.525903
41946,0.72901887
32963,0.09232185
34330,0.31139594
88704,0.042299405
44466,0.9523117
22126,0.9438819
89034,0.042299405
75152,0.042299405
104056,0.6977044
15743,0.07301107
271,0.25497606
9836,0.2545924
100884,0.90537584
93549,0.19855602
77773,0.042299405
18948,0.09232185
31038,0.946063
11056,0.19828634
117134,0.67470163
87621,0.042299405
26431,0.8752638
32671,0.71247566
118194,0.54979146
62891,0.38022593
77804,0.042299405
118517,0.25190273
30964,0.7621361
72547,0.68870723
28176,0.21636416
122458,0.71717465
32672,0.73806477
40144,0.37555605
108494,0.2969629
71421,0.2273927
5702,0.34977314
96046,0.5704051
70009,0.8220191
50638,0.67470163
67975,0.26140323
1992,0.80577356
51856,0.9041766
118166,0.49265552
111160,0.32082638
60098,0.77064055
49463,0.69266546
8269,0.41090083
92559,0.78726757
62340,0.8207466
102943,0.5937946
72103,0.33219993
81340,0.042299405
200,0.86173886
43978,0.94996256
80171,0.042299405
45123,0.94996256
82294,0.042299405
6740,0.54599565
12651,0.69413877
40803,0.9190161
56816,0.5597396
22621,0.78409976
53935,0.21146478
55501,0.7662721
19118,0.8043568
80,0.5063225
62422,0.8207466
96255,0.29556417
101384,0.5757719
45052,0.92953664
8186,0.6173614
47346,0.9250457
76578,0.042299405
15879,0.8515394
114543,0.8319426
43778,0.22082499
25941,0.21146478
61329,0.19263901
57507,0.7344672
95327,0.19462542
74690,0.39683107
13632,0.61618555
69152,0.8077288
107071,0.63315564
90429,0.042299405
88930,0.042299405
49273,0.8214037
86752,0.042299405
109784,0.3516933
109351,0.3331458
26622,0.58720905
111413,0.12948851
62083,0.89708596
55948,0.8382824
111345,0.33209783
1812,0.37152475
20887,0.71138984
105094,0.41360265
91921,0.274913
7853,0.61522657
64332,0.7030056
112662,0.525903
45194,0.37058383
122351,0.65064245
100906,0.9292508
14388,0.8843069
46838,0.3812725
56433,0.78409976
36630,0.8814742
117640,0.542151
7675,0.7770851
74924,0.9224429
8209,0.60976607
9775,0.6173614
61599,0.8020332
73664,0.4224909
81147,0.042299405
19291,0.824784
120847,0.8699959
8940,0.54599565
12044,0.8582086
68447,0.54599565
47063,0.10882427
69271,0.38300097
80198,0.042299405
82924,0.042299405
106493,0.22042133
33887,0.19088702
6430,0.18480007
2910,0.18986186
113791,0.79377216
3105,0.21775706
39412,0.92953664
33858,0.23362863
22423,0.9269657
100702,0.3620785
86225,0.042299405
18000,0.7344672
78035,0.042299405
47729,0.37555605
41243,0.87456024
70082,0.25064898
75511,0.042299405
28157,0.8385467
31456,0.71138984
11425,0.6687395
30751,0.94996256
45559,0.35864118
26777,0.88169616
9996,0.5863973
102831,0.33666763
117273,0.6404976
90648,0.042299405
72604,0.65317553
120947,0.68926793
118681,0.67470163
66370,0.54599565
82981,0.042299405
13101,0.9324763
20174,0.522464
118756,0.47513822
7930,0.35532045
78188,0.042299405
13249,0.30765548
96594,0.60732734
105044,0.21128684
70240,0.65132916
52674,0.25480855
44751,0.6352898
1097,0.73363143
53900,0.31230146
38678,0.9448827
70961,0.57758087
5347,0.6501359
19155,0.8383232
73596,0.59502816
49951,0.21275143
8496,0.4971667
37638,0.946063
63916,0.8207466
121088,0.6875027
79353,0.042299405
62982,0.71138984
111152,0.37555605
123499,0.8806455
26776,0.87992996
36248,0.7566842
51910,0.7665315
57673,0.80438447
36927,0.7570681
93484,0.25520292
32849,0.72901887
473,0.09566267
56853,0.18885988
118411,0.6868156
99220,0.25064898
83384,0.042299405
59625,0.8207466
67543,0.67145896
22926,0.9250916
97050,0.9366573
58159,0.7080981
1436,0.50274163
113862,0.25190273
5399,0.61191213
34342,0.41731146
26288,0.8480095
124486,0.77448213
25418,0.944549
63053,0.8161812
38763,0.8207466
48097,0.17968895
91974,0.19671
89973,0.042299405
86196,0.042299405
68718,0.64780295
118476,0.42763534
22618,0.43635744
20497,0.73488027
68407,0.39683107
13966,0.12410295
74720,0.26469967
106889,0.90840834
23939,0.7414636
48099,0.14669468
94556,0.20836739
123102,0.68687075
114431,0.80744815
34041,0.16242786
28920,0.9117612
60320,0.8220709
97670,0.6005038
62578,0.5900412
43396,0.9462237
50798,0.5214674
81462,0.042299405
31240,0.79677284
63988,0.20578605
95470,0.42810133
73101,0.35399884
42899,0.90670323
109882,0.21412139
98023,0.9437412
103399,0.2210606
43289,0.66942394
5278,0.6353164
11129,0.22136773
64059,0.8031993
37030,0.9250916
75748,0.042299405
124733,0.65064245
113156,0.7589587
32708,0.78622967
86375,0.042299405
43129,0.78409976
44062,0.8043568
23782,0.78562415
31601,0.9523117
19258,0.8130722
108555,0.65131557
72154,0.30645418
23485,0.68879247
44828,0.8207466
78333,0.042299405
62046,0.87992996
11777,0.4003917
53922,0.49834597
12315,0.3249235
1424,0.26990563
90458,0.042299405
36366,0.943447
112603,0.80049443
97988,0.154763
76410,0.042299405
115503,0.42209443
20607,0.8207466
86699,0.042299405
114430,0.82391095
77686,0.042299405
59667,0.79399997
55484,0.6932462
72160,0.27447656
12542,0.33399376
97279,0.31162477
78207,0.042299405
73871,0.34977314
33978,0.92953664
61918,0.8382824
90113,0.042299405
14966,0.2166175
63175,0.9056515
88910,0.042299405
57340,0.68879247
96020,0.4912952
116046,0.7662721
71648,0.7237243
20347,0.8207466
15599,0.94415486
6274,0.5051237
91069,0.042299405
66044,0.5675377
53918,0.63098127
109086,0.2905648
108962,0.2912829
45939,0.76889104
17927,0.9250457
85907,0.042299405
14334,0.8582086
90027,0.042299405
103515,0.6058881
31409,0.7036212
6398,0.54599565
77290,0.042299405
24464,0.071581215
29639,0.35399884
1452,0.52643144
3484,0.61743486
28412,0.13459703
82213,0.042299405
68692,0.6890052
580,0.4774773
81130,0.042299405
14124,0.9215238
101317,0.27263793
14140,0.9449327
10778,0.3948916
105590,0.2394489
107156,0.9410198
67160,0.5956024
51004,0.43546242
45059,0.78409976
34474,0.691416
22371,0.80176836
42459,0.9250916
124977,0.6790163
109862,0.20484419
109178,0.23133238
7016,0.49229297
6344,0.51791954
25089,0.94996256
62875,0.28045914
100336,0.35532045
72790,0.5972017
67023,0.24724309
100448,0.4003917
51041,0.53858894
31686,0.739572
118872,0.78524405
14727,0.94383633
102305,0.2137811
92192,0.66041535
18926,0.14482285
51071,0.5723481
119636,0.65064245
37370,0.93913263
112694,0.6692836
109578,0.119727395
13034,0.41090083
96082,0.33674085
107675,0.557709
67490,0.49127004
58564,0.8207466
104709,0.59502816
38387,0.9523117
14275,0.0833434
528,0.2374851
50658,0.24314992
120682,0.79248446
21594,0.9269657
62568,0.2690262
92825,0.38975224
25754,0.6642
98019,0.9135301
93750,0.6058881
10168,0.78249705
70494,0.57416445
124502,0.7606064
92856,0.5679822
105636,0.38465667
4002,0.59351325
46755,0.33233824
1646,0.7770851
97417,0.6427586
21788,0.71672434
16440,0.4481545
78289,0.042299405
17522,0.29666457
62057,0.73806477
104744,0.464219
61579,0.739572
118810,0.2358583
106518,0.27617005
33748,0.30889368
1803,0.39508018
4225,0.8557216
85464,0.042299405
70225,0.41293272
36907,0.7824239
17313,0.2178324
69863,0.67145896
39726,0.8043568
59437,0.8825034
18523,0.5597396
8215,0.60976607
30494,0.94996256
92546,0.6485842
62049,0.9056515
92399,0.23198004
22604,0.09232185
72722,0.4224909
121213,0.67586255
23871,0.39508018
114194,0.37555605
73924,0.599233
117653,0.69266546
69818,0.6699523
117697,0.65978247
48086,0.19088702
73760,0.5953584
26341,0.92379194
7435,0.5444087
31178,0.6253452
16816,0.79131
12246,0.8896322
30923,0.63373584
121401,0.64258295
83162,0.042299405
67676,0.70187336
90946,0.042299405
10347,0.35532045
43633,0.9487389
21999,0.525903
91145,0.042299405
54369,0.9056515
100002,0.34977314
22133,0.9487389
71576,0.48580244
47353,0.92953664
113611,0.14925689
97446,0.88507646
12531,0.54599565
65188,0.5472083
44664,0.72901887
79454,0.042299405
96033,0.38975224
124269,0.3812725
7441,0.56215394
11179,0.4546866
67106,0.5082825
17482,0.946063
36678,0.929919
40936,0.76889104
102095,0.5712141
21933,0.5381797
74361,0.48496756
4215,0.4912952
94773,0.21146478
63324,0.8913875
117827,0.67470163
36169,0.7635397
110541,0.2968449
26,0.71247566
20889,0.68879247
8772,0.42148593
23784,0.7755218
110710,0.21909681
78002,0.042299405
106419,0.3598544
8251,0.26333526
9621,0.5863746
73250,0.58678144
116381,0.78524405
79381,0.042299405
120974,0.86154234
79946,0.042299405
4298,0.88595706
124308,0.92610925
62081,0.8913875
96336,0.39957526
16640,0.8319426
23656,0.9523117
16214,0.5266537
28511,0.8385467
81125,0.042299405
91996,0.12213811
110087,0.3196521
2816,0.146232
102652,0.39683107
121044,0.67081755
106862,0.5719579
1285,0.86173886
51453,0.623388
122037,0.7665315
53267,0.7893003
94337,0.666713
60571,0.8048856
535,0.8480095
26363,0.1732547
55110,0.7643699
44531,0.93913263
64135,0.72814405
39977,0.9250916
16179,0.1533329
95022,0.86634123
83473,0.042299405
69147,0.34126806
83044,0.042299405
97931,0.5653206
78102,0.042299405
120728,0.27617005
119697,0.78524405
105610,0.30106464
118594,0.6692836
45033,0.8814742
31987,0.71138984
18054,0.80577356
32261,0.58607644
81222,0.042299405
30053,0.25373837
50340,0.52798307
44704,0.17872374
110845,0.14770144
105811,0.2760042
27194,0.70219076
94430,0.2622166
71501,0.596364
16678,0.73305833
23407,0.4592283
73033,0.94551253
384,0.16068964
81386,0.042299405
49015,0.9477746
6535,0.07301107
77362,0.042299405
90644,0.042299405
25910,0.44207984
93503,0.3876553
79159,0.042299405
10610,0.2069135
29710,0.27775645
94431,0.57510823
96756,0.5835271
66869,0.27612874
64646,0.7030056
105273,0.3052263
79238,0.042299405
63594,0.8753827
122471,0.7033534
62824,0.9022172
25740,0.4307047
71787,0.22169138
68242,0.5767582
74489,0.3758474
13719,0.1786755
118809,0.19367054
70525,0.5801078
56391,0.92953664
89916,0.042299405
4396,0.79244304
37498,0.92953664
45610,0.89878726
95897,0.2679769
40920,0.9190161
49646,0.7534511
57922,0.8913875
61169,0.8043568
59664,0.8043568
68677,0.39683107
74731,0.5576651
82386,0.042299405
51123,0.54302263
96458,0.5704051
84085,0.042299405
72926,0.56955194
87912,0.042299405
53941,0.3328685
16304,0.598826
13670,0.39683107
68040,0.60659665
102527,0.19308124
75003,0.042299405
75061,0.042299405
18281,0.9487389
102760,0.651287
91536,0.042299405
97890,0.0833434
10895,0.32423192
15189,0.34977314
120680,0.8129815
103595,0.4784825
11792,0.6337623
101441,0.7750072
23435,0.57072914
37106,0.89878726
63210,0.9438819
30421,0.6929387
2277,0.5704051
16743,0.78409976
1720,0.8480095
2906,0.21146478
34290,0.4901465
29712,0.23323603
82887,0.042299405
56565,0.87477696
46358,0.89878726
121445,0.2690262
24832,0.8207466
112551,0.2069135
14975,0.31206474
614,0.93913263
97322,0.54730767
123570,0.61746913
65485,0.2831447
27531,0.25269666
7694,0.38409278
77611,0.042299405
12921,0.29813147
8818,0.5444087
123476,0.8130722
64986,0.8043568
116357,0.6804096
104802,0.5679822
104973,0.590634
99004,0.47613773
29103,0.77588665
41618,0.17794155
122783,0.525903
8791,0.2539461
88818,0.042299405
20949,0.71138984
116995,0.78524405
29729,0.7627666
48108,0.9124725
1341,0.8043568
22811,0.40837783
107833,0.27612874
6387,0.36874843
67516,0.5550873
103488,0.60732734
76184,0.042299405
117508,0.5113884
4074,0.7697156
12086,0.34811965
103400,0.1908
93033,0.90537584
44723,0.16068964
103017,0.36890474
122658,0.52798307
48947,0.22152019
56328,0.93925244
72204,0.6454073
77888,0.042299405
7990,0.2749024
107052,0.5592871
19589,0.80176836
59323,0.74626434
94086,0.6237981
17407,0.37555605
63894,0.6778335
14330,0.5849228
124619,0.86726487
97111,0.36890474
113303,0.4551359
57529,0.7202399
118275,0.65064245
36975,0.92953664
82054,0.042299405
35743,0.943447
64141,0.7570681
79745,0.042299405
17361,0.37555605
116627,0.69224477
76392,0.042299405
93052,0.4912952
98858,0.76191956
67713,0.27998954
87780,0.042299405
87727,0.042299405
54469,0.33027643
95134,0.5432208
115191,0.79422456
81518,0.042299405
57688,0.73806477
61607,0.8207466
67504,0.38300097
108377,0.54599565
104192,0.57510823
105893,0.9073345
49474,0.69266546
86663,0.042299405
110325,0.2912829
82925,0.042299405
52976,0.76812774
93202,0.22510497
24933,0.8110535
64334,0.7271119
112150,0.5113884
110273,0.3182619
28394,0.23593655
53407,0.82966644
106679,0.5625888
35216,0.61580956
48357,0.41802168
45225,0.5532914
71070,0.6558881
21342,0.8207466
30093,0.09232185
78510,0.042299405
53811,0.80036193
116231,0.83655465
96637,0.4784825
42844,0.19645496
27538,0.6520083
100181,0.5937946
100574,0.3654535
83407,0.042299405
29737,0.36740533
34110,0.16635628
43566,0.8478691
58837,0.74626434
90043,0.042299405
112591,0.6936065
35271,0.9250916
9937,0.35532045
114622,0.80744815
52221,0.6368926
94503,0.18823357
113618,0.12948851
68608,0.472872
107555,0.8569112
84546,0.042299405
91669,0.042299405
52549,0.2855446
98159,0.9227343
107043,0.6036755
64126,0.49265552
51993,0.24721879
83517,0.042299405
38350,0.9250457
74350,0.60127157
14957,0.8908866
102614,0.5082825
35435,0.8383232
23669,0.9523117
63353,0.42209443
9862,0.80074793
101334,0.12181593
105153,0.68003595
89353,0.042299405
15068,0.63892925
121483,0.6804096
9417,0.5266537
36536,0.8044135
3261,0.9073345
79538,0.042299405
13397,0.3948916
8082,0.34543738
22084,0.8110535
83626,0.042299405
18588,0.4356394
26095,0.7412633
75558,0.042299405
120775,0.7101543
13145,0.472872
35406,0.9124725
72426,0.5972017
40455,0.93913263
110952,0.4356394
47949,0.9250916
49941,0.36202234
94258,0.9437412
118210,0.2586587
24899,0.16846552
13012,0.42148593
124171,0.7534511
67330,0.24724309
8795,0.24721879
42756,0.8382824
12904,0.4611272
65570,0.7227505
102298,0.2724231
59716,0.8207466
20867,0.17945053
103765,0.33219993
64230,0.7249829
18633,0.39508018
39650,0.80176836
4949,0.9480592
37128,0.95020086
28136,0.764464
7110,0.4611272
61668,0.2690262
18433,0.53399503
36151,0.91452444
52875,0.6560116
101944,0.84992343
122712,0.21303168
62455,0.8043568
50863,0.7534511
95228,0.689265
7939,0.5638913
85641,0.042299405
21339,0.78562415
44242,0.90650797
83512,0.042299405
37722,0.8207466
85336,0.042299405
15631,0.8843069
64821,0.69516015
118028,0.16134821
38315,0.73305833
50836,0.18853994
73687,0.6323624
30288,0.62274843
110694,0.20587307
21455,0.9487389
81219,0.042299405
80219,0.042299405
90762,0.042299405
85009,0.042299405
35099,0.8044135
70215,0.2539608
31765,0.9352508
69945,0.42709547
105933,0.8582086
119746,0.6936065
43478,0.49695382
35733,0.92953664
68661,0.7092768
61279,0.92379194
84847,0.042299405
95712,0.4650849
82227,0.042299405
67525,0.7092768
109985,0.29493412
103068,0.557709
105778,0.65570897
34490,0.4901465
118437,0.69266546
34858,0.92953664
53906,0.5317508
404,0.26099586
26375,0.464219
43474,0.88169616
21089,0.3882269
69033,0.6890052
84515,0.042299405
53724,0.580667
105224,0.25949326
118579,0.110838816
121824,0.6948359
80594,0.042299405
116760,0.78524405
41984,0.78409976
61092,0.8830769
65405,0.58607644
54807,0.824784
96464,0.40771678
103838,0.9410198
19841,0.80176836
70076,0.2957798
73103,0.5203055
113343,0.542151
9772,0.48496756
123853,0.86647916
21090,0.26469967
124904,0.9276138
36512,0.92953664
117242,0.67470163
89782,0.042299405
86032,0.042299405
25540,0.8207466
113880,0.525903
72250,0.30018383
27915,0.5952728
19964,0.73806477
80711,0.042299405
72715,0.62889886
29372,0.48580244
37275,0.8383232
40843,0.94996256
110427,0.23806477
6554,0.48954934
91290,0.042299405
48423,0.9523117
33572,0.1601529
115899,0.20963226
26514,0.8399524
37344,0.946063
65678,0.944549
57800,0.68879247
72791,0.6809051
118345,0.41802168
6624,0.7181736
108098,0.33666763
105302,0.59502816
68633,0.5082825
64929,0.58607644
56677,0.9341388
90077,0.042299405
99973,0.46220925
57194,0.8752638
55137,0.7414636
120559,0.42763534
85178,0.042299405
91026,0.042299405
62329,0.9487389
14743,0.61522657
49176,0.7030056
117163,0.52798307
72419,0.5704051
117725,0.41731146
84935,0.042299405
25902,0.7775863
62271,0.8207466
39149,0.9448827
92228,0.5389064
49945,0.2849689
65402,0.8043568
22285,0.71672434
108201,0.90277
107875,0.5937946
116739,0.8129815
20661,0.9022172
5373,0.80799675
64340,0.86236817
37111,0.93913263
7551,0.42709547
88005,0.042299405
10282,0.17581518
709,0.94996256
102806,0.5235711
112567,0.28035071
53224,0.93102473
60135,0.8615049
83334,0.042299405
107012,0.8582086
18469,0.71138984
47546,0.9445681
30566,0.90650797
15573,0.94929814
30028,0.79677284
4587,0.81915265
69760,0.92408794
11022,0.14613277
21539,0.9487389
66770,0.23614721
88745,0.042299405
78080,0.042299405
56688,0.93574846
121267,0.65064245
32907,0.85096294
66436,0.2631409
62975,0.7092052
29314,0.59351325
11565,0.2545924
72617,0.57938457
82140,0.042299405
28880,0.77588665
96293,0.33011934
79261,0.042299405
37625,0.9250457
78782,0.042299405
75840,0.042299405
60980,0.8913875
33287,0.5920494
111454,0.2166175
60050,0.71138984
991,0.9523117
93012,0.4912952
124285,0.7729014
14462,0.94415486
50477,0.78524405
765,0.7202399
124193,0.67118484
20612,0.8207466
55032,0.5369713
31166,0.5926731
122232,0.66786546
103882,0.67699337
95089,0.4650849
34332,0.73583424
27322,0.63373584
4909,0.9395671
65437,0.17180389
27411,0.3150853
65353,0.89878726
85434,0.042299405
34247,0.92953664
111642,0.52798307
95971,0.15659697
15209,0.5082825
100503,0.24351414
35764,0.945651
15988,0.47135416
115906,0.599273
71254,0.2533619
63887,0.69176346
27229,0.4307047
122805,0.7606064
52966,0.3893264
116230,0.83655465
61111,0.92357904
45526,0.17872374
21320,0.07044076
45850,0.9352508
46996,0.80176836
120673,0.7244611
42062,0.94996256
15661,0.23619367
77992,0.042299405
23004,0.9250457
96554,0.20733958
45633,0.944549
8230,0.22586559
103283,0.20730081
2213,0.81222713
99355,0.39683107
35776,0.9523117
11211,0.81222713
54069,0.27920705
53212,0.7755218
115891,0.2374851
37306,0.8383232
647,0.94996256
91275,0.042299405
48304,0.7296874
26353,0.195731
54270,0.5191073
4830,0.5835271
99881,0.61295086
58718,0.73806477
5288,0.83497643
114861,0.55470836
4233,0.9073345
47526,0.9250457
54043,0.5317508
2578,0.46490556
65214,0.89878726
56879,0.7522791
10429,0.6205806
38080,0.8207466
54593,0.5317508
112886,0.7159984
43266,0.90147877
116912,0.21445607
20742,0.5900412
57415,0.68879247
12024,0.13605064
10774,0.54599565
15062,0.34977314
5959,0.13605064
22764,0.3900109
103099,0.24351414
121003,0.7216393
4591,0.83497643
102571,0.54599565
107717,0.5757719
109600,0.2509139
70397,0.6458539
17501,0.69516015
51930,0.8580584
114316,0.818668
39657,0.525903
57248,0.65236735
81661,0.042299405
9851,0.57018095
25570,0.37307182
33865,0.1497794
29786,0.64918274
47099,0.9250457
59994,0.3900109
124783,0.7506572
50059,0.2855446
43534,0.88850784
3769,0.24737911
14990,0.8779773
43817,0.65741247
77503,0.042299405
115881,0.6327601
29121,0.77588665
65497,0.8043568
81689,0.042299405
32615,0.83342713
37272,0.8383232
72822,0.6094782
122333,0.85423577
1108,0.9250457
70270,0.60659665
49311,0.8220709
61602,0.86992866
104654,0.36740533
98557,0.24351414
54938,0.8482609
114845,0.2690262
85842,0.042299405
21415,0.8671329
81057,0.042299405
10313,0.54599565
3542,0.58908564
107801,0.39683107
91220,0.042299405
44263,0.9477746
96204,0.24094677
125121,0.80682105
21906,0.7202399
121759,0.52798307
58976,0.8207466
8365,0.24988288
64145,0.3812725
36362,0.92953664
28971,0.38173825
77071,0.042299405
4136,0.6339542
4059,0.22316563
49034,0.95020086
85477,0.042299405
88641,0.042299405
28053,0.27518013
115820,0.78524405
48319,0.26235777
1132,0.7492087
124735,0.3812725
76416,0.042299405
78053,0.042299405
91782,0.42664498
33977,0.93574846
39214,0.6060048
32774,0.8444168
73893,0.25949326
101173,0.24765624
36916,0.7497565
66937,0.24724309
70360,0.6337623
8377,0.3069188
27157,0.90147877
41714,0.37551606
62213,0.8207466
27003,0.8385467
99316,0.36890474
76653,0.042299405
92929,0.95167696
54632,0.64448005
34546,0.8207466
114429,0.8048856
38234,0.9250457
57947,0.7133811
50362,0.5227884
10072,0.38300097
36752,0.94996256
14234,0.16285013
45265,0.53399503
26761,0.67634994
107575,0.66942924
84104,0.042299405
45637,0.9383121
93137,0.90840834
71574,0.38975224
2464,0.6521865
367,0.8207466
76867,0.042299405
30218,0.79677284
47352,0.9250916
32583,0.7269722
115369,0.34106764
75253,0.042299405
58525,0.8207466
45210,0.18257107
26178,0.39375904
103810,0.8582086
26428,0.79986477
100626,0.5829166
112302,0.68926793
72933,0.5203055
74185,0.31778494
118711,0.75478274
14419,0.94415486
56812,0.2690262
104468,0.23667341
107223,0.94929814
101530,0.5592871
101733,0.62531036
109596,0.08200509
99902,0.54599565
14394,0.8908866
2428,0.416442
4660,0.6383791
44331,0.9124725
29545,0.6777493
40798,0.7167926
54952,0.9117612
82001,0.042299405
7623,0.36381382
10397,0.8825908
87399,0.042299405
2668,0.36740533
6008,0.06447654
73563,0.30159572
71709,0.6058881
14379,0.8779773
23279,0.72901887
4378,0.88712454
17035,0.36202234
71896,0.4650849
28462,0.2622166
108334,0.6809051
45707,0.5597396
70299,0.64841014
34387,0.8444168
86189,0.042299405
107117,0.90277
22316,0.7227505
13122,0.63892925
63901,0.73305833
29165,0.6520083
105375,0.9410198
121831,0.7020164
95634,0.27035272
20461,0.4079794
102331,0.13605064
45803,0.9124725
28007,0.27518013
69234,0.36890474
39261,0.92379194
66125,0.29104307
30898,0.9523117
16706,0.25190273
93292,0.20836739
49385,0.7412351
47317,0.8027489
102752,0.29813147
60519,0.87992996
109598,0.08200509
26582,0.67698854
15960,0.6390641
75033,0.042299405
10881,0.7884284
26664,0.8671329
43256,0.8615049
55570,0.28880244
38007,0.929919
14872,0.39683107
122126,0.29185337
100111,0.3654535
106580,0.35532045
109072,0.08200509
110505,0.26957917
76884,0.042299405
103512,0.2622166
87800,0.042299405
24585,0.06470332
110126,0.29277056
97843,0.1533329
87722,0.042299405
28980,0.6329275
73850,0.34517947
65404,0.48758996
18589,0.28695303
34024,0.4399813
76289,0.042299405
71589,0.38173825
64451,0.9523117
53525,0.6831149
96969,0.551814
2307,0.8605365
30934,0.197825
107797,0.27617005
84358,0.042299405
27277,0.20836739
54848,0.74254787
76927,0.042299405
68668,0.42709547
40016,0.9250457
78133,0.042299405
97151,0.78953385
118795,0.4079794
47432,0.26469967
40940,0.87456024
91885,0.27421966
93948,0.80704004
17759,0.8043568
118455,0.6327601
1554,0.45070684
18946,0.09232185
56855,0.24453007
27449,0.4307047
17929,0.9250916
67811,0.7092768
109500,0.18694404
22797,0.69516015
26105,0.8505217
98364,0.25438407
34266,0.4356394
53916,0.66408443
47825,0.9523117
96190,0.58908564
78184,0.042299405
97205,0.5957432
125139,0.75478274
120484,0.66470563
66828,0.38300097
54967,0.4874571
42123,0.93913263
77225,0.042299405
83436,0.042299405
45694,0.93913263
105672,0.35399884
65763,0.7249829
72990,0.9395671
108310,0.8246817
24605,0.06470332
117612,0.66470563
75537,0.042299405
103500,0.20766412
13521,0.88896793
31655,0.732411
103205,0.35399884
52160,0.50203353
34948,0.94996256
106305,0.92950916
76816,0.042299405
119959,0.25974354
64448,0.9523117
111838,0.41731146
72918,0.5897921
33524,0.44664463
51689,0.3812725
47841,0.8220709
117657,0.6518449
98406,0.32378137
73967,0.38300097
19740,0.36202234
112999,0.6003067
107609,0.5653206
43649,0.9487389
27477,0.7412633
88414,0.042299405
17742,0.77361304
62921,0.37152475
4,0.7570681
83423,0.042299405
24274,0.77064055
51946,0.7665315
42583,0.89878726
94429,0.30395988
76925,0.042299405
42701,0.93913263
74560,0.90277
55585,0.24180076
53418,0.82966644
38896,0.9250457
26999,0.79986477
42072,0.94996256
121568,0.7534511
18153,0.9487389
2819,0.13415356
50007,0.7534511
123015,0.25438407
64918,0.73806477
100585,0.3244312
81890,0.042299405
91333,0.042299405
11525,0.14774123
87788,0.042299405
6754,0.4538509
97745,0.5444087
49006,0.92379194
78988,0.042299405
48267,0.17000842
118988,0.51533055
47435,0.662916
100367,0.20294306
51251,0.21445607
82554,0.042299405
118566,0.13346072
11243,0.3249235
27681,0.19766068
77905,0.042299405
74561,0.90840834
79254,0.042299405
74545,0.58248377
23759,0.8043568
57454,0.7446525
96717,0.8582086
8370,0.6343977
121813,0.68687075
53821,0.33027643
18599,0.58607644
116371,0.78524405
121726,0.69991857
10989,0.22663553
8222,0.5592871
35732,0.9250916
27834,0.5284785
42945,0.9487389
96397,0.26152986
54503,0.79820716
817,0.93997115
59259,0.6778335
68736,0.16452989
72030,0.46095052
30967,0.9352508
119824,0.65064245
34506,0.691416
112901,0.83655465
105561,0.65131557
65433,0.16259006
28356,0.1556471
52324,0.37152475
107508,0.24937305
88373,0.042299405
98312,0.54599565
3119,0.35300332
1741,0.7414636
45925,0.92953664
25254,0.525903
88700,0.042299405
74260,0.5731755
9334,0.80428374
81876,0.042299405
71316,0.3249235
109415,0.26755178
110575,0.20091577
67682,0.33479097
73020,0.94551253
100862,0.28798637
10095,0.66041535
124831,0.80049443
52239,0.29157576
18099,0.94205046
95425,0.464219
50425,0.63127166
43317,0.8382824
83878,0.042299405
55725,0.580667
41730,0.9250916
56909,0.71672434
50954,0.7159984
40070,0.9352508
84824,0.042299405
78919,0.042299405
122357,0.67470163
63821,0.8385467
97623,0.5653206
34544,0.8207466
87522,0.042299405
16572,0.8207466
31884,0.9477746
95108,0.57510823
58869,0.2688145
110038,0.33237293
6528,0.0833434
92902,0.9437412
13355,0.42709547
31262,0.74354917
51068,0.4356394
34177,0.9250457
45300,0.92953664
34503,0.5900412
7063,0.31404623
15398,0.1621237
17499,0.8043568
61322,0.18255411
60864,0.93102473
77055,0.042299405
111979,0.49456495
55140,0.4047314
112314,0.70757115
82316,0.042299405
90945,0.042299405
55668,0.29689577
31453,0.71138984
44990,0.76889104
105673,0.36667266
62193,0.9487389
50256,0.84694284
48451,0.9523117
78078,0.042299405
72061,0.64323854
71193,0.27476555
93305,0.4912952
76803,0.042299405
60087,0.73806477
38751,0.8027489
42109,0.9250457
61931,0.9056515
104185,0.2784762
11345,0.33644903
12256,0.39683107
27271,0.19766068
123990,0.8533859
347,0.7497565
27147,0.8399524
88163,0.042299405
55259,0.79820716
14387,0.90537584
33400,0.61881745
565,0.27617005
122946,0.6936065
35196,0.9250457
69654,0.9400095
76668,0.042299405
86392,0.042299405
102968,0.18885988
24095,0.09232185
57384,0.8752638
88823,0.042299405
123750,0.69266546
96513,0.291994
49695,0.7665315
27673,0.28741992
118663,0.65064245
108622,0.54730767
53685,0.23593655
87272,0.042299405
21628,0.9462237
28576,0.455305
64129,0.68992627
111376,0.18726227
26931,0.738857
39864,0.92953664
18495,0.7414636
107229,0.94929814
110646,0.18694404
107703,0.41293272
30581,0.93574846
77712,0.042299405
108063,0.5820173
115896,0.28045914
87493,0.042299405
69284,0.3623093
15539,0.8908866
115177,0.60369164
93060,0.90277
35856,0.9250457
119839,0.6657524
33120,0.77361304
122120,0.41731146
31834,0.89878726
27713,0.739528
109082,0.17835319
100743,0.18853994
119166,0.6327601
13680,0.5266537
68317,0.34977314
82661,0.042299405
40980,0.94996256
5861,0.49127004
24341,0.2641915
61808,0.29157576
95993,0.4784825
81440,0.042299405
42326,0.4356394
58336,0.8383232
26186,0.6329275
6809,0.47773433
40155,0.89878726
92879,0.6137614
6294,0.60976607
83112,0.042299405
52510,0.3537963
101332,0.14613277
123576,0.65064245
115134,0.28039518
10192,0.47922328
71797,0.48580244
112426,0.648536
92701,0.3623093
29207,0.31993508
119100,0.46299407
77837,0.042299405
62974,0.41177186
82732,0.042299405
88891,0.042299405
64040,0.7063169
63748,0.73305833
98075,0.13605064
119905,0.54581475
8793,0.20443204
116649,0.78524405
72281,0.6058881
19091,0.566307
6757,0.4538509
9178,0.73583424
2177,0.35399884
86519,0.042299405
30104,0.071581215
30610,0.94079983
37007,0.8207466
8297,0.29813147
51845,0.9144649
100258,0.5592871
7095,0.48496756
115880,0.64918625
33367,0.7508416
99596,0.35532045
48211,0.93913263
124291,0.77448213
114734,0.7379564
56417,0.68879247
60693,0.8671329
31182,0.6506659
40812,0.92379194
110185,0.2912829
45865,0.93574846
17301,0.78409976
66703,0.30853316
72320,0.33598998
86293,0.042299405
84128,0.042299405
31586,0.9523117
69150,0.65132916
29575,0.6642
21508,0.93102473
119714,0.78524405
59980,0.40212277
57730,0.73488027
94166,0.9410198
55627,0.33027643
75895,0.042299405
58781,0.525903
54539,0.19464558
6578,0.1909382
124104,0.6692836
92981,0.95167696
3881,0.22082499
105019,0.5704051
31287,0.20685086
123177,0.7534511
117798,0.55470836
60484,0.7321874
15757,0.06447654
122513,0.6567863
103286,0.59975415
11832,0.14563619
72327,0.6577442
104243,0.22169138
1481,0.8482609
69037,0.68131745
49859,0.37555605
19671,0.9416098
45794,0.8406371
91431,0.042299405
82835,0.042299405
43373,0.9462237
77460,0.042299405
102208,0.7067418
60201,0.4356394
83997,0.042299405
61618,0.3729133
34051,0.15269025
630,0.9448827
111344,0.5209583
87511,0.042299405
70803,0.31404623
64445,0.9523117
75411,0.042299405
39863,0.9250916
121537,0.7729014
123460,0.78524405
124640,0.9121796
120093,0.27685833
113420,0.80744815
12181,0.54599565
4221,0.80799675
40754,0.5063225
124909,0.37555605
941,0.8753827
41280,0.92953664
981,0.9523117
4998,0.80271435
20180,0.7570681
109460,0.3516933
4210,0.6501359
102176,0.94551253
103608,0.35399884
21271,0.071581215
28868,0.764464
96638,0.4784825
1466,0.29666457
33802,0.83342713
20637,0.8207466
90718,0.042299405
21668,0.71672434
38819,0.93997115
118657,0.65064245
87103,0.042299405
9122,0.35532045
72807,0.59418905
97825,0.65380985
29870,0.16068964
26469,0.58720905
18563,0.3336114
101162,0.54599565
86748,0.042299405
36228,0.7522791
72148,0.63476163
123836,0.7729014
35226,0.929919
119380,0.7534511
6824,0.8073304
22353,0.9056515
44839,0.8231943
48274,0.1537669
83949,0.042299405
65725,0.7570681
80828,0.042299405
54909,0.79820716
46649,0.94996256
94614,0.2784762
8976,0.54599565
2574,0.6396587
46550,0.94996256
103799,0.62710184
63577,0.9145446
100172,0.5937946
80547,0.042299405
23713,0.9523117
26705,0.6642
3407,0.27447656
28065,0.37996855
58224,0.8231943
39774,0.93574846
116286,0.65064245
51900,0.7665315
102724,0.90537584
5003,0.6521865
113254,0.48193872
110804,0.21322735
50663,0.55227727
58972,0.8043568
34967,0.78409976
47150,0.27920592
113452,0.40429646
10187,0.3758474
110529,0.21264395
99345,0.38651696
22596,0.09232185
41408,0.58975315
61330,0.18255411
123063,0.747054
16425,0.20724829
74739,0.38300097
51982,0.28181505
123654,0.6936065
46433,0.944549
25650,0.21663868
58120,0.68879247
68267,0.3802987
109122,0.19178587
14738,0.8843069
88926,0.042299405
33336,0.88749844
118155,0.41802168
13910,0.42709547
59056,0.8043568
119074,0.70769304
44881,0.944549
10237,0.7570681
89158,0.042299405
29873,0.13433158
103592,0.6175419
95026,0.9366573
64753,0.7063169
41396,0.9190161
53333,0.79978114
60603,0.824784
47220,0.27235785
110732,0.24670176
103097,0.33666763
31064,0.5926731
24849,0.37152475
12457,0.33805898
87029,0.042299405
33139,0.69516015
99380,0.5731755
52699,0.33233824
46898,0.92953664
115300,0.41802168
114015,0.13027306
25521,0.94996256
3306,0.7770851
28251,0.17161302
93515,0.2784762
89045,0.042299405
107472,0.38651696
124440,0.8161812
13461,0.1621237
15895,0.6598131
97989,0.19317144
42016,0.929919
40236,0.9477746
13784,0.54599565
57817,0.71138984
124283,0.7534511
19810,0.69516015
71126,0.31404623
93533,0.33674085
102714,0.6369634
19428,0.8043568
53552,0.580667
100250,0.5749036
46102,0.90650797
101991,0.5957432
66545,0.23614721
29817,0.929919
48721,0.9523117
109168,0.3516933
3856,0.69588417
8783,0.81222713
42838,0.20071787
15527,0.90537584
107198,0.90840834
62984,0.5113884
76086,0.042299405
92303,0.24617139
119588,0.6654727
100161,0.36890474
31395,0.8676704
97753,0.67967427
12848,0.8637607
31845,0.93913263
98567,0.33666763
51179,0.7938892
78336,0.042299405
69159,0.4971667
116794,0.67470163
6243,0.59819555
38425,0.22956517
45727,0.33613372
77760,0.042299405
78242,0.042299405
81035,0.042299405
50354,0.6936065
543,0.69176346
26405,0.59877855
96316,0.3203681
28667,0.4124326
52419,0.44052735
40128,0.42209443
107928,0.4955667
96307,0.28045914
69448,0.5653206
26649,0.81138283
109376,0.30488965
14267,0.0833434
48731,0.9523117
44507,0.87456024
119742,0.8385467
115462,0.6732954
46389,0.7129909
50742,0.37822956
21749,0.85711795
43641,0.9487389
56622,0.8382824
67013,0.26205003
101832,0.25438407
14080,0.25163043
112447,0.41177186
1163,0.87456024
66989,0.5309395
67081,0.24007334
59040,0.8043568
84759,0.042299405
6456,0.15567371
111526,0.7369475
110966,0.276341
67978,0.33666763
111417,0.12948851
82442,0.042299405
12666,0.5251673
46391,0.5532914
92491,0.87456024
123043,0.7534511
65844,0.8220709
115340,0.68687075
81001,0.042299405
45906,0.7824239
76322,0.042299405
111460,0.7590469
115366,0.82391095
69225,0.549712
19295,0.71672434
435,0.32729384
73505,0.40771678
3243,0.74626434
14820,0.94929814
16088,0.23141901
3947,0.20355608
19158,0.8207466
99371,0.23619367
17096,0.78409976
35092,0.89878726
5243,0.6353164
58534,0.8043568
54357,0.85711795
79734,0.042299405
77677,0.042299405
62440,0.8207466
90095,0.042299405
47900,0.88749844
1866,0.79131
8726,0.2178324
55354,0.79820716
9893,0.26558745
40282,0.929919
57819,0.68879247
40302,0.95020086
18298,0.8207466
35688,0.8043568
87428,0.042299405
70661,0.60127157
108429,0.33644903
71341,0.72421074
81912,0.042299405
90376,0.042299405
89508,0.042299405
44205,0.8090711
95647,0.33674085
15131,0.14613277
76073,0.042299405
56888,0.92953664
30482,0.94996256
90299,0.042299405
42920,0.9487389
6217,0.24765624
13368,0.22731778
54995,0.7473724
8455,0.6443537
76090,0.042299405
93944,0.78108567
101314,0.3249235
99467,0.14613277
49420,0.92610925
109091,0.20091577
15686,0.23198004
5887,0.20367815
103377,0.2122276
22662,0.5597396
59211,0.93102473
103113,0.20041421
123333,0.7665315
102356,0.90537584
62594,0.61580956
111459,0.69388497
92260,0.3948916
45781,0.49265552
31168,0.4650849
93023,0.90277
99538,0.5251673
56277,0.8207466
123297,0.7216393
75339,0.042299405
69077,0.57096535
56493,0.8480095
119442,0.24351414
95024,0.9073345
93686,0.5926731
46510,0.9345576
30734,0.94996256
64593,0.37058383
48425,0.9523117
19283,0.68879247
90232,0.042299405
4881,0.85753596
19647,0.8671329
108932,0.3516933
47410,0.7840686
3952,0.19570026
68842,0.06447654
93873,0.15659356
62573,0.68879247
39219,0.6060048
91555,0.042299405
97218,0.5957432
105787,0.615922
16428,0.22775958
120690,0.86154234
85399,0.042299405
65008,0.8385467
103997,0.21128684
47280,0.80577356
108102,0.3249235
66182,0.5937946
106125,0.8445576
113751,0.42209443
94707,0.13415356
33092,0.8207466
121854,0.80682105
73877,0.24351414
53325,0.79978114
75769,0.042299405
12330,0.5780501
62100,0.94647884
116442,0.8129815
53381,0.8913875
68395,0.32423192
110451,0.22316563
65309,0.9124725
36923,0.3900109
48632,0.93574846
10929,0.5767582
14668,0.94929814
29649,0.8515394
117152,0.2940074
90643,0.042299405
16697,0.8110535
46686,0.94996256
91636,0.042299405
40585,0.57372385
41776,0.4356394
105502,0.38889477
114197,0.27685833
83067,0.042299405
87600,0.042299405
37658,0.87456024
119964,0.7534511
50902,0.2668981
88051,0.042299405
112463,0.23141901
51228,0.49456495
9409,0.54599565
26590,0.6329275
45444,0.93913263
122236,0.36202234
37108,0.9352508
81072,0.042299405
31534,0.9250457
111517,0.4221164
7170,0.34977314
48672,0.944549
41145,0.94996256
32362,0.9523117
67631,0.57096535
19028,0.1693368
75467,0.042299405
71934,0.22169138
27179,0.39957526
123684,0.3812725
89587,0.042299405
62404,0.73305833
45589,0.65579486
102370,0.56492794
22829,0.73583424
7603,0.33666763
31490,0.93997115
7728,0.14563619
115225,0.67470163
117309,0.8129815
78164,0.042299405
93844,0.1817711
41757,0.76274276
42692,0.929919
109434,0.21760383
88985,0.042299405
95479,0.81129676
47654,0.92953664
6278,0.24000998
59060,0.8043568
124250,0.7033534
8075,0.5898256
19839,0.80176836
119366,0.7414636
9924,0.4971667
107667,0.49058908
99117,0.57416445
8761,0.73583424
31579,0.9523117
23884,0.36202234
84330,0.042299405
85912,0.042299405
56551,0.7776681
61205,0.7080981
118156,0.34101686
92704,0.38300097
56985,0.9250916
63553,0.8031993
85102,0.042299405
117620,0.542151
57300,0.2690262
122026,0.88426673
167,0.93913263
62326,0.9487389
65565,0.72901887
34607,0.8043568
95481,0.8240125
90259,0.042299405
12579,0.4896706
119867,0.22316563
77647,0.042299405
101580,0.3620785
46537,0.94996256
53010,0.79820716
49736,0.1803488
116243,0.45070684
89546,0.042299405
84698,0.042299405
66925,0.2931451
87485,0.042299405
72894,0.39375904
114993,0.525903
50929,0.4814351
38244,0.92953664
39994,0.3882269
113997,0.16846552
76634,0.042299405
56655,0.9124725
74631,0.94415486
59015,0.8043568
43490,0.7770851
114656,0.4774773
75198,0.042299405
67928,0.29008967
39152,0.94996256
95058,0.60641634
60931,0.25190273
46106,0.9065641
68960,0.08997259
3035,0.5481886
32201,0.94996256
7996,0.35532045
97752,0.54599565
6799,0.5051237
5226,0.79244304
78243,0.042299405
33401,0.73488027
31656,0.8515394
40330,0.94996256
65660,0.929919
73911,0.22042133
53003,0.79820716
97646,0.2749024
61145,0.8207466
122657,0.52798307
62759,0.5113884
31813,0.9523117
48992,0.9190161
97091,0.525058
54328,0.706142
32111,0.6880735
87571,0.042299405
55451,0.76100886
8034,0.17581518
67936,0.5653206
107471,0.6550291
35116,0.92953664
92587,0.7181736
86443,0.042299405
101494,0.5272907
66754,0.5751951
115819,0.7665315
78072,0.042299405
101891,0.5412692
111617,0.55470836
21924,0.8043568
116312,0.82391095
59724,0.8043568
78122,0.042299405
87956,0.042299405
111141,0.6692836
806,0.9250916
112767,0.37551606
75327,0.042299405
110949,0.5214674
1381,0.80577356
80452,0.042299405
76401,0.042299405
39026,0.944549
107594,0.17957062
102689,0.5823416
25948,0.25520292
56426,0.78409976
77087,0.042299405
95733,0.21146478
20477,0.56589067
104114,0.23269598
110070,0.2905648
53098,0.706142
48365,0.39508018
78040,0.042299405
120782,0.8360133
90787,0.042299405
95489,0.6454073
54576,0.7860334
37046,0.93574846
103256,0.28741992
88262,0.042299405
72369,0.66370714
87112,0.042299405
32146,0.9448827
120336,0.35805303
63847,0.17581518
101345,0.20724829
14168,0.5863746
6634,0.31404623
113766,0.7657518
56250,0.7497565
106840,0.9449327
26442,0.67698854
89959,0.042299405
34097,0.22376266
71194,0.264986
76682,0.042299405
25188,0.94996256
93345,0.4650849
40219,0.9352508
37963,0.92953664
37705,0.525903
115169,0.24351414
14067,0.32798025
23340,0.7497565
107289,0.57096535
76553,0.042299405
64391,0.9065641
40902,0.82626796
76035,0.042299405
4148,0.6058881
20329,0.73305833
2527,0.64153135
71932,0.20032391
51191,0.87509984
83344,0.042299405
82761,0.042299405
94056,0.8569112
23697,0.9523117
77371,0.042299405
90018,0.042299405
87598,0.042299405
20773,0.8043568
96895,0.54599565
33403,0.5920494
12998,0.21382725
48527,0.9250916
49270,0.525903
36275,0.6060048
124514,0.7613734
104389,0.32495585
31693,0.80176836
111631,0.52798307
13633,0.60976607
10592,0.0833434
29744,0.89878726
74635,0.551814
25966,0.38676816
21878,0.9487389
113518,0.738718
6801,0.24754325
18439,0.41731146
105595,0.59297925
24406,0.19949561
26796,0.93925244
116505,0.7534511
15586,0.94415486
51277,0.54581475
119696,0.78524405
29353,0.24988288
94541,0.3150853
46159,0.946063
58321,0.929919
90592,0.042299405
7666,0.39683107
43892,0.93913263
109209,0.19164279
25637,0.69219744
121207,0.3812725
26842,0.9462237
65053,0.7477593
11854,0.159872
40753,0.7269722
17911,0.80176836
64784,0.36273086
24852,0.30118278
52659,0.55227727
55502,0.85711795
9021,0.26406753
81232,0.042299405
14952,0.8843069
42917,0.94647884
86983,0.042299405
55444,0.6555121
83533,0.042299405
111552,0.15518025
30030,0.77588665
122531,0.42763534
108787,0.2905648
51010,0.3812725
123760,0.67586255
29539,0.7640816
112797,0.6327601
44,0.54265183
112392,0.49265552
24236,0.9250916
8447,0.6371487
104851,0.59418905
61087,0.8482609
1569,0.7133811
76680,0.042299405
92302,0.19949561
46516,0.93716574
108710,0.13433158
115516,0.6760978
60421,0.8110535
43914,0.92953664
51390,0.65819216
70112,0.31162477
117083,0.68687075
118913,0.2969629
26002,0.16925651
25296,0.9117612
114034,0.6441218
34331,0.658494
19750,0.7271119
121851,0.42209443
76837,0.042299405
61276,0.92379194
82705,0.042299405
21847,0.9117612
107543,0.8569112
95014,0.83103895
10945,0.2551593
6262,0.61522657
112561,0.41080713
76177,0.042299405
44872,0.929919
108603,0.5957432
22560,0.14104633
123123,0.6804096
98128,0.38300097
61535,0.4774773
81676,0.042299405
44067,0.8207466
72893,0.5972017
1472,0.61580956
66676,0.5493985
24770,0.9523117
39062,0.94996256
87169,0.042299405
108774,0.2893209
59537,0.93925244
123372,0.68687075
49096,0.7729732
6700,0.87456024
114215,0.2166175
44806,0.8207466
65661,0.9250916
122962,0.65064245
72459,0.2497125
49927,0.4399984
39354,0.9250916
73654,0.42182922
79175,0.042299405
101850,0.34977314
76266,0.042299405
61905,0.41177186
111114,0.61746913
10372,0.82626796
108408,0.6809051
50068,0.22082499
70136,0.5444087
50904,0.2300471
23311,0.72901887
10029,0.60976607
69304,0.47922328
29771,0.6329275
88951,0.042299405
72845,0.4626551
109101,0.2905648
28988,0.4650849
101596,0.49229297
39234,0.83342713
41907,0.7635397
86915,0.042299405
83174,0.042299405
63826,0.3900109
43656,0.9487389
47062,0.10882427
74519,0.19292755
30785,0.9352508
46178,0.945651
98062,0.1909382
109651,0.09688947
103517,0.72421074
117977,0.1670722
78686,0.042299405
121251,0.2690262
56260,0.64649135
39072,0.94996256
97543,0.5767582
33550,0.14223108
22603,0.09011422
56596,0.3812725
56295,0.8753827
110817,0.1601529
72661,0.40771678
49702,0.7741595
115928,0.5113884
56537,0.78409976
98701,0.90277
36273,0.72431296
42132,0.9094326
64122,0.7269165
78587,0.042299405
45658,0.5113884
114671,0.53858894
22413,0.93102473
83253,0.042299405
7165,0.6990014
48090,0.16737632
12836,0.6687395
93358,0.3061297
59520,0.88749844
13288,0.70027554
23341,0.7133811
6253,0.5266537
110281,0.3196521
1208,0.943447
86830,0.042299405
19510,0.80577356
107760,0.3758474
68103,0.5493985
95798,0.5688362
50602,0.24351414
39768,0.9250916
95641,0.47761396
100998,0.557709
69461,0.6643373
94974,0.6005577
69555,0.24724309
8340,0.27674592
95031,0.4542647
21258,0.071581215
116402,0.51533055
60049,0.20041421
100729,0.26140323
12338,0.4679198
76169,0.042299405
30622,0.9448827
35450,0.8207466
92450,0.80271435
63449,0.78409976
124581,0.7665315
70993,0.6485842
110408,0.33237293
65932,0.4003917
12011,0.26841938
10097,0.6427586
48262,0.4901465
33235,0.30889368
44384,0.93913263
70974,0.17957062
82260,0.042299405
97335,0.5780501
25897,0.20518556
31004,0.929919
32372,0.9523117
9176,0.651287
43264,0.90147877
67605,0.34977314
62567,0.73583424
8655,0.42985216
74448,0.44056034
124874,0.9363362
115135,0.2551593
2993,0.61743486
122366,0.5113884
104482,0.2122276
35042,0.80176836
90393,0.042299405
51592,0.49456495
122223,0.2503729
99557,0.54730767
80995,0.042299405
23153,0.49044985
69646,0.9400095
98976,0.25064898
92523,0.57181257
93642,0.64153135
8633,0.39793688
14751,0.90537584
121138,0.25438407
100231,0.3654535
44778,0.3882269
95723,0.33674085
90243,0.042299405
91677,0.042299405
87171,0.042299405
95474,0.6446102
36290,0.7918845
45299,0.9250916
22601,0.09232185
51999,0.37497485
33715,0.77064055
38459,0.92953664
105604,0.2641915
97717,0.689265
105854,0.16854744
26595,0.8480095
42541,0.89878726
89787,0.042299405
24060,0.16068964
43604,0.8482609
11061,0.17951901
69551,0.25038418
48854,0.89878726
58110,0.7249829
77689,0.042299405
40897,0.7140731
66400,0.2957798
82787,0.042299405
101795,0.95167696
23651,0.946063
62104,0.9462237
44517,0.9250916
35458,0.8383232
56904,0.94996256
16015,0.23198004
116150,0.49510035
114058,0.7582124
74645,0.5751951
6473,0.35532045
48361,0.8515394
76607,0.042299405
828,0.946063
54466,0.5317508
58364,0.7497565
122115,0.3368564
51851,0.9226429
103376,0.18798275
43685,0.89878726
78213,0.042299405
29428,0.26140323
97712,0.26815534
32148,0.94996256
121878,0.5723481
34259,0.18958575
95979,0.15915
62865,0.43635744
7431,0.3620785
64221,0.69516015
496,0.76889104
111647,0.52798307
7036,0.7770851
50036,0.2178324
65563,0.7133811
37175,0.61580956
36612,0.92953664
112879,0.525903
43657,0.9487389
32222,0.34511802
809,0.92953664
66185,0.57096535
30596,0.94996256
990,0.9523117
41964,0.9250457
37742,0.9352508
39422,0.944549
123330,0.6868156
42049,0.946063
62253,0.8043568
50409,0.5113884
122662,0.7729014
12284,0.60988903
40463,0.9477746
104166,0.2987697
99150,0.689265
11532,0.14788002
6420,0.34543738
93491,0.16779724
2856,0.2497125
84105,0.042299405
47029,0.5721444
124124,0.7033534
73647,0.291994
111989,0.37028095
124810,0.92610925
118699,0.27155393
15984,0.27998954
12798,0.42148593
60364,0.8207466
93815,0.6050565
109593,0.104420274
96398,0.27478942
84660,0.042299405
83771,0.042299405
67432,0.33749962
5019,0.6353164
99110,0.57416445
21437,0.93925244
82611,0.042299405
125147,0.837521
27132,0.739528
45674,0.8383232
80125,0.042299405
116019,0.54979146
10386,0.4611272
70580,0.5576651
78326,0.042299405
12610,0.60976607
85851,0.042299405
9755,0.27617005
1545,0.3882269
18897,0.25765663
39028,0.9477746
97514,0.6549338
55730,0.29644305
61971,0.86236817
73573,0.5219026
78791,0.042299405
40352,0.94996256
90758,0.042299405
84000,0.042299405
42841,0.22113504
99711,0.5266537
90054,0.042299405
28803,0.8099974
91969,0.23133238
14866,0.66723263
62423,0.8207466
4680,0.6383791
122128,0.3275936
65799,0.4689718
237,0.18885988
67097,0.29813147
37938,0.9250457
10569,0.20278408
50552,0.54581475
50143,0.2690262
49471,0.49510035
78762,0.042299405
8278,0.472872
99485,0.424223
45951,0.929919
107510,0.23372518
28158,0.44501498
80310,0.042299405
124409,0.7589587
68402,0.2796359
94845,0.17627446
69169,0.41293272
72989,0.9366573
18230,0.9174212
42517,0.946063
30369,0.94996256
88329,0.042299405
73060,0.94551253
76835,0.042299405
112112,0.24116644
54420,0.5317508
97354,0.6371487
111230,0.36273086
39603,0.94996256
123744,0.69266546
72870,0.26768073
112892,0.6839789
88454,0.042299405
33456,0.8515394
99075,0.5937946
17476,0.92953664
43996,0.94996256
20733,0.18439001
48655,0.929919
33892,0.16721283
57778,0.6709738
107262,0.94929814
23582,0.9523117
41454,0.944549
90784,0.042299405
90217,0.042299405
76991,0.042299405
49488,0.20041421
40509,0.9523117
18922,0.13433158
57045,0.9250457
21490,0.8753827
61709,0.691416
23461,0.5404904
57318,0.8043568
54082,0.29342896
69135,0.47686285
100667,0.5433626
110970,0.47513822
23347,0.6529449
14900,0.1533329
53126,0.6451527
40868,0.94996256
108078,0.5653206
109738,0.19164279
55155,0.3893264
50342,0.2690262
58001,0.72901887
41812,0.561183
76954,0.042299405
43018,0.9487389
67768,0.5400344
89142,0.042299405
85819,0.042299405
120835,0.67470163
39760,0.9250457
116216,0.80744815
108514,0.72199076
115960,0.71717465
46717,0.9445681
29885,0.09232185
81857,0.042299405
60948,0.7893003
2889,0.7746857
54474,0.20658906
52030,0.49456495
117361,0.35864118
53290,0.7643699
90777,0.042299405
45786,0.23323603
116673,0.65064245
122735,0.689946
14405,0.9324763
32189,0.94996256
24736,0.94996256
123434,0.8766096
30824,0.94996256
85340,0.042299405
58645,0.8220709
122952,0.7770851
60724,0.71138984
65255,0.1643699
101673,0.3951383
68572,0.6647118
13650,0.63892925
73617,0.34126806
78267,0.042299405
89355,0.042299405
105577,0.27674592
4808,0.5835271
63313,0.8480095
33919,0.9250916
12784,0.6234635
96583,0.64153314
1188,0.86173886
80371,0.042299405
16987,0.7893003
42379,0.85096294
106450,0.35399884
81577,0.042299405
117711,0.727
59337,0.7420828
78302,0.042299405
43429,0.6529449
31479,0.89878726
85758,0.042299405
17354,0.50326604
34655,0.92357904
88240,0.042299405
1500,0.9117612
104405,0.72421074
39110,0.94996256
47674,0.72651535
18581,0.61580956
83233,0.042299405
123106,0.5354218
27410,0.697169
111350,0.2469052
50169,0.78524405
74532,0.39683107
25399,0.929919
115297,0.44442147
1028,0.9523117
96026,0.36247838
99084,0.3654535
123938,0.91567284
34045,0.15269025
75918,0.042299405
124134,0.66326237
14044,0.6723211
2266,0.94551253
91362,0.042299405
7851,0.61522657
51499,0.29312846
109525,0.20418386
121549,0.84090894
409,0.73020875
118649,0.65064245
20414,0.87992996
99727,0.525058
113109,0.3544049
22883,0.8043568
13250,0.5804162
116655,0.6327601
14722,0.94415486
110947,0.2855446
43765,0.4356394
22726,0.72687525
101024,0.20367815
106922,0.5957432
29922,0.071581215
8643,0.47922328
81356,0.042299405
78318,0.042299405
2479,0.36374614
110159,0.24841036
35030,0.8207996
109831,0.26755178
77069,0.042299405
95257,0.17974249
75402,0.042299405
60220,0.8110535
93974,0.2870948
105688,0.5972017
118077,0.25438407
88897,0.042299405
90275,0.042299405
114042,0.41802168
77333,0.042299405
22620,0.36202234
54729,0.6699618
49423,0.7665315
111952,0.41731146
122003,0.8482609
67595,0.5493985
85983,0.042299405
62566,0.6507865
118545,0.19367054
115230,0.67470163
3886,0.23025987
104619,0.5972017
39147,0.94996256
16885,0.78409976
85210,0.042299405
69862,0.5625888
66629,0.15216234
86526,0.042299405
22453,0.9269657
65992,0.5266537
117698,0.52798307
76941,0.042299405
78699,0.042299405
94884,0.3014912
64479,0.9523117
15194,0.29958427
110489,0.22661321
68767,0.14134568
82410,0.042299405
84058,0.042299405
54020,0.5191073
68873,0.06447654
117485,0.51533055
85564,0.042299405
46089,0.643853
57581,0.80577356
83550,0.042299405
26952,0.67054176
77744,0.042299405
23145,0.68700707
92503,0.23316538
56602,0.72901887
25883,0.6790129
80641,0.042299405
29684,0.6679467
25224,0.7570681
60558,0.80176836
32918,0.9124725
43620,0.9487389
114434,0.83655465
32386,0.9523117
86576,0.042299405
70946,0.94929814
107090,0.90277
14203,0.8779773
96339,0.5497732
52380,0.6868156
31697,0.8207996
107214,0.9437412
92643,0.4971667
92592,0.2545924
8430,0.60976607
46054,0.61580956
98233,0.23778223
112029,0.48193872
31138,0.4307047
103905,0.35399884
88363,0.042299405
18282,0.9487389
75980,0.042299405
99393,0.2166175
38836,0.943447
96163,0.60732734
123985,0.8048856
2548,0.18175907
17178,0.69516015
2887,0.23417515
119596,0.542151
35526,0.9352508
2810,0.146232
88078,0.042299405
51039,0.66470563
80939,0.042299405
94341,0.42182922
95294,0.2240796
65031,0.34070224
121223,0.7244611
123544,0.6936065
104155,0.21469904
30995,0.7039461
53215,0.8480095
76739,0.042299405
93890,0.32021287
96130,0.596364
66866,0.32423192
31011,0.93913263
59459,0.90147877
28620,0.35399884
107735,0.24586722
16101,0.9227343
119677,0.7729014
2437,0.6233502
72318,0.41360265
117442,0.29157576
2722,0.12908918
85961,0.042299405
4937,0.9480592
40597,0.57372385
17552,0.7249829
3788,0.20575556
35890,0.929919
43915,0.93574846
46765,0.61580956
123701,0.2855446
4927,0.9480592
7178,0.18245365
13042,0.8779773
75768,0.042299405
63731,0.8220709
1588,0.8048856
60407,0.70757115
78082,0.042299405
59461,0.9487389
114212,0.45070684
93272,0.42182922
10360,0.23300819
980,0.945651
120476,0.33233824
45471,0.9250457
100643,0.25064898
112073,0.67470163
49950,0.29423013
75068,0.042299405
27213,0.26122773
24894,0.20886658
52552,0.29157576
95915,0.33674085
77994,0.042299405
100365,0.20294306
33854,0.2069135
35455,0.8231943
76005,0.042299405
86380,0.042299405
39662,0.89878726
44458,0.95020086
93057,0.8825908
123881,0.22316563
38582,0.92953664
122623,0.70769304
58404,0.80176836
101680,0.22418214
88832,0.042299405
120528,0.6804096
25040,0.78409976
55256,0.79820716
114748,0.6692836
117805,0.525903
74529,0.5751951
11935,0.14613277
81162,0.042299405
33279,0.26041904
53347,0.79978114
23685,0.9523117
46703,0.94996256
53729,0.580667
30280,0.6486973
36547,0.42209443
71739,0.7204346
98079,0.24765624
108786,0.2905648
59565,0.8207466
9476,0.269074
63547,0.80176836
30224,0.92953664
2040,0.7849204
54404,0.9462237
17543,0.67187816
30808,0.94996256
56559,0.8615049
80447,0.042299405
69209,0.3244312
19436,0.8207466
77749,0.042299405
6400,0.54599565
41477,0.94996256
95873,0.33674085
50760,0.6657524
105697,0.40771678
57088,0.9523117
69394,0.4546866
26133,0.7774526
113155,0.7589587
86727,0.042299405
82852,0.042299405
122983,0.68687075
53777,0.580667
26360,0.3014912
83930,0.042299405
10215,0.24351414
65576,0.73806477
55697,0.5191073
10923,0.6284448
56204,0.29312846
66654,0.14075975
30095,0.09232185
7411,0.39683107
66164,0.6626437
17383,0.19263901
29232,0.7412633
107945,0.34157243
84211,0.042299405
80896,0.042299405
72718,0.60732734
26272,0.6782537
122263,0.54581475
44151,0.8383232
120973,0.83694464
7258,0.54599565
106626,0.27612874
78493,0.042299405
80365,0.042299405
10513,0.21039005
21619,0.9462237
86552,0.042299405
52177,0.37555605
52423,0.60369164
115151,0.28083923
115545,0.66470563
66519,0.24351414
41629,0.17794155
47948,0.9250457
109989,0.32791373
115916,0.65064245
43440,0.58728033
26871,0.9462237
86459,0.042299405
57083,0.94996256
84892,0.042299405
82649,0.042299405
116554,0.7159984
4757,0.6868648
58285,0.73305833
52123,0.7101543
43024,0.9487389
25178,0.94996256
64386,0.643853
115637,0.78524405
67092,0.75278634
57565,0.8043568
43492,0.8480095
81675,0.042299405
45894,0.72901887
121008,0.7657518
95463,0.58593714
29375,0.48580244
6692,0.7021656
97340,0.5968993
26059,0.739528
19109,0.8043568
60682,0.8671329
89831,0.042299405
123944,0.92661023
111477,0.51533055
6409,0.80074793
52701,0.50203353
28102,0.88749844
886,0.93574846
59708,0.8207466
23568,0.92953664
50388,0.39374745
47966,0.37555605
64249,0.8350134
19112,0.79399997
86046,0.042299405
30416,0.9299622
1644,0.7277527
122950,0.57579035
27264,0.4547795
112158,0.64918625
32378,0.9523117
27505,0.63373584
123138,0.7033534
78187,0.042299405
35456,0.8207466
79520,0.042299405
28737,0.8099974
106713,0.5266537
70567,0.5215835
55760,0.82966644
117074,0.2913534
88412,0.042299405
88282,0.042299405
5724,0.16642499
4063,0.6058881
81768,0.042299405
39070,0.94996256
60825,0.8482609
110671,0.18694404
54836,0.18986186
59668,0.8385467
116374,0.78524405
45057,0.8044135
88392,0.042299405
12974,0.5581677
37642,0.9448827
57214,0.8043568
67246,0.593065
25551,0.48580244
14101,0.66723263
66590,0.16154468
25841,0.37307182
9946,0.2069135
35015,0.9523117
24907,0.16846552
64510,0.9523117
2745,0.11318909
1526,0.9487389
119482,0.5113884
29118,0.77588665
82352,0.042299405
40239,0.94996256
64493,0.9523117
123445,0.91567284
41085,0.18885988
72624,0.40162677
115157,0.7168448
56258,0.61580944
94586,0.2844175
11220,0.8637607
26576,0.39957526
80035,0.042299405
59108,0.7497565
59013,0.8043568
108502,0.38300097
46693,0.94996256
67028,0.472872
12595,0.18067667
89894,0.042299405
61624,0.2870836
44880,0.93913263
25998,0.15142088
102703,0.39683107
92053,0.27287012
28429,0.18884328
58089,0.71138984
10612,0.18733428
111581,0.648536
69794,0.4538509
4125,0.61256564
70086,0.24724309
44489,0.42209443
10581,0.11318909
106276,0.6365641
15924,0.53607
83926,0.042299405
16077,0.38651696
78875,0.042299405
119294,0.64918625
107439,0.1376452
102584,0.38501677
4246,0.9366573
63600,0.8043568
16686,0.525903
48903,0.92953664
63968,0.3882269
107499,0.29549584
32365,0.9523117
119286,0.36202234
99497,0.18427353
16347,0.57641
40422,0.93485516
51810,0.82762915
67585,0.33666763
94413,0.4912952
30219,0.89878726
118763,0.7662721
97613,0.41293272
105243,0.67145896
87099,0.042299405
28243,0.19855602
16152,0.8779773
8489,0.34977314
115885,0.7271119
99751,0.5444087
69860,0.41293272
63477,0.57020986
36339,0.7331288
12827,0.45325187
75002,0.042299405
22231,0.7249829
13546,0.5749036
6224,0.6167415
83365,0.042299405
57516,0.8478691
109819,0.2421766
116789,0.6692836
83082,0.042299405
15453,0.94929814
55490,0.6932462
69224,0.24767299
19279,0.824784
105261,0.45047483
26098,0.8480095
25541,0.8207466
35240,0.93913263
62380,0.8207466
80689,0.042299405
108995,0.1271497
74717,0.557709
37833,0.94996256
30786,0.93913263
59501,0.8207466
73811,0.5625888
101159,0.28798637
37312,0.89878726
112875,0.2503729
44449,0.944549
59615,0.93925244
111849,0.24868304
79249,0.042299405
109788,0.205115
15405,0.8779773
90029,0.042299405
92392,0.19949561
30563,0.83342713
125152,0.8580584
6537,0.07301107
35158,0.5994545
3758,0.6404606
117113,0.68926793
106499,0.596364
54606,0.6303341
55154,0.588143
88709,0.042299405
79332,0.042299405
842,0.9250457
99116,0.5576651
9786,0.46220925
3964,0.4849329
89966,0.042299405
124460,0.8418177
14895,0.32798025
90893,0.042299405
24371,0.69516015
121034,0.525903
110592,0.21322735
53841,0.18986186
56818,0.2690262
124612,0.8425982
50879,0.51533055
93313,0.4849329
101871,0.22915792
94084,0.59502816
14469,0.94929814
92366,0.3654535
77989,0.042299405
112202,0.6038563
36417,0.9448827
83297,0.042299405
110839,0.151303
64184,0.14581926
34249,0.92953664
91655,0.042299405
18473,0.3415919
93353,0.689265
29106,0.77588665
123079,0.88426673
14573,0.5966552
67945,0.5625888
120102,0.39508018
56535,0.78409976
13700,0.5592871
32240,0.37555605
40837,0.9448827
5843,0.14613277
86590,0.042299405
54618,0.6964927
68653,0.57096535
96589,0.60732734
12813,0.6687395
37254,0.93913263
65483,0.24721879
4858,0.81222713
60376,0.8110535
25113,0.94996256
21936,0.49265552
98832,0.20443204
3173,0.4320005
61168,0.8207466
37961,0.93913263
14448,0.94929814
61503,0.9190161
18352,0.09232185
60131,0.8319426
71432,0.18533283
67801,0.16935511
39427,0.946063
124305,0.91567284
93973,0.35399884
39411,0.9250916
111423,0.12948851
93325,0.21768057
25328,0.7249829
29401,0.24988288
37341,0.943447
35577,0.93913263
39094,0.94996256
35400,0.61580956
23538,0.9523117
45755,0.70508915
38025,0.93913263
32937,0.20886658
76601,0.042299405
106945,0.90277
41962,0.87456024
12266,0.54599565
23352,0.7376788
72885,0.879441
32038,0.78409976
78130,0.042299405
40815,0.944549
20816,0.3812725
29488,0.6329275
96101,0.264986
62916,0.525903
80726,0.042299405
3854,0.46490556
52362,0.82762915
39002,0.72431296
61177,0.8207466
50297,0.6352164
107737,0.26357383
24930,0.8043568
74085,0.5733387
39556,0.92953664
87052,0.042299405
76989,0.042299405
109693,0.086470306
43295,0.8480095
27511,0.24702571
36691,0.943447
15961,0.5023317
4248,0.9395671
106431,0.25064898
118005,0.2211257
31195,0.93913263
95579,0.6050565
77900,0.042299405
63045,0.79131
104026,0.3061297
89545,0.042299405
8309,0.5507555
47770,0.83342713
85910,0.042299405
11114,0.13605064
9064,0.26333526
49832,0.2855446
105663,0.35300332
82722,0.042299405
39800,0.9523117
89531,0.042299405
55416,0.6633074
13248,0.31404623
62289,0.90147877
74044,0.22420365
14219,0.8843069
114914,0.47318125
113910,0.22152019
60535,0.78409976
71912,0.590634
55783,0.83093846
53598,0.21134108
88056,0.042299405
6126,0.4481545
97649,0.2691441
30641,0.58720905
42759,0.86236817
15876,0.6598131
74678,0.39683107
116359,0.6804096
30439,0.9341388
27347,0.30267447
39995,0.6352898
107560,0.90840834
69867,0.70187336
77645,0.042299405
40667,0.943447
113723,0.34106764
9881,0.5625888
71383,0.5493985
52528,0.34666014
100955,0.38300097
106084,0.8246817
80669,0.042299405
63229,0.9462237
108706,0.16068964
102848,0.26558745
67423,0.57096535
20927,0.8043568
47984,0.9250916
3969,0.61256564
54456,0.21146478
98595,0.3948916
47370,0.9523117
53276,0.3893264
54308,0.6451527
48971,0.83342713
27390,0.19011764
27145,0.8214037
13060,0.8908866
92578,0.16794129
111807,0.3415919
44802,0.9022172
106177,0.68320847
20672,0.8220709
108681,0.16068964
81065,0.042299405
28703,0.78119373
95861,0.60641634
52042,0.7729014
24968,0.48690507
38157,0.71138984
86057,0.042299405
51291,0.38657075
70078,0.26140323
51963,0.8580584
103711,0.33115953
96483,0.5989182
38883,0.6826114
13396,0.62355137
187,0.94996256
107285,0.2969629
18362,0.09232185
122830,0.7665315
20242,0.7092052
7573,0.5708834
61029,0.31395704
15695,0.22915792
80134,0.042299405
13880,0.63892925
12931,0.24767299
4391,0.92601985
100719,0.44604823
100721,0.5675377
76741,0.042299405
53144,0.706142
75822,0.042299405
50469,0.78524405
47459,0.27155393
109874,0.17052843
27086,0.74541354
59049,0.8043568
89532,0.042299405
111563,0.65740234
9790,0.3620785
36001,0.8207466
104269,0.6890052
20955,0.710074
68049,0.7092768
108038,0.2750484
79129,0.042299405
93221,0.6059398
15306,0.22036074
10560,0.29958427
85993,0.042299405
21054,0.8043568
15497,0.94929814
76551,0.042299405
83641,0.042299405
40693,0.94996256
21096,0.6399282
123034,0.6327601
75385,0.042299405
1709,0.49265552
93798,0.3061297
59311,0.7133811
55821,0.38400298
109310,0.0898757
27088,0.39375904
52349,0.5773529
116645,0.6804096
34383,0.6944366
8244,0.2528429
12201,0.60976607
9198,0.651287
22235,0.89910024
84648,0.042299405
58058,0.65741247
114242,0.7101543
68130,0.34543738
10530,0.1621237
91180,0.042299405
102134,0.66776365
38349,0.89878726
31843,0.93913263
34479,0.80682105
23418,0.4592283
30158,0.06470332
14807,0.94929814
90456,0.042299405
50768,0.84090894
117454,0.22082499
76423,0.042299405
3099,0.72727925
104126,0.214712
34133,0.2855446
27258,0.6634232
81243,0.042299405
95572,0.38975224
25610,0.17794155
1896,0.93102473
5920,0.8779773
94774,0.23417515
113541,0.2178324
114065,0.71763843
14023,0.5576651
3103,0.28594747
63863,0.77064055
107164,0.94929814
63027,0.77064055
74151,0.23655
106320,0.9410198
23492,0.8207466
42165,0.9250457
49677,0.57020986
70087,0.24724309
5601,0.9135301
89933,0.042299405
45904,0.72901887
16542,0.36202234
19711,0.8207466
91509,0.042299405
80599,0.042299405
15223,0.90368444
91031,0.042299405
29875,0.12112993
3233,0.61743486
29739,0.416442
17653,0.8043568
18820,0.92953664
109878,0.14981093
15088,0.33666763
1421,0.25480855
90272,0.042299405
99048,0.44056034
102819,0.3654535
47785,0.93574846
93512,0.4784825
36294,0.89878726
94526,0.48580244
52256,0.52798307
80245,0.042299405
97775,0.3449537
7254,0.49058908
56782,0.8043568
57913,0.824784
99890,0.36381382
101346,0.20724829
115588,0.5113884
61448,0.944549
13351,0.66723263
101959,0.2849689
88890,0.042299405
88204,0.042299405
11834,0.12908918
101061,0.472872
16231,0.6359238
9576,0.67551756
11260,0.29277852
66597,0.16452989
73405,0.39375904
101211,0.5520651
17673,0.74855375
72219,0.4650849
65811,0.61580956
101187,0.56888294
27550,0.1761025
13615,0.5863746
116620,0.36202234
37181,0.8383232
48669,0.93913263
101846,0.5675377
85420,0.042299405
27187,0.6329275
121540,0.7260696
93775,0.6636378
39877,0.94996256
54793,0.413648
106332,0.95167696
29852,0.17733009
3074,0.36740533
56127,0.92209953
50422,0.1644065
71888,0.3178189
110721,0.21909681
64518,0.9523117
61701,0.525903
102138,0.7553944
7340,0.32423192
82873,0.042299405
66572,0.5266537
89243,0.042299405
28962,0.632249
54103,0.7525475
50973,0.3882269
71098,0.593065
13725,0.170788
48360,0.7473782
70312,0.2912581
55405,0.6487721
82504,0.042299405
9162,0.4418656
121928,0.28871447
11037,0.0833434
103102,0.22010066
112090,0.67470163
53374,0.7892455
124628,0.8984929
59917,0.7227505
42550,0.4774773
95608,0.6050565
4727,0.6383791
52360,0.8036963
120487,0.7665315
18225,0.89453465
49999,0.65418607
111789,0.7159984
954,0.9117612
108981,0.17835319
4325,0.9480592
22806,0.6008151
47535,0.92953664
25619,0.1497794
29324,0.6213902
69871,0.8610147
75654,0.042299405
103615,0.23106374
100659,0.31599456
70632,0.20069982
98574,0.20769228
10956,0.60976607
33875,0.28695303
53436,0.82966644
73381,0.58593714
59821,0.65741247
102970,0.154763
84193,0.042299405
122108,0.3415919
105297,0.42182922
119621,0.24351414
98244,0.627832
82580,0.042299405
82445,0.042299405
50363,0.6368926
60051,0.69516015
105109,0.36740533
52945,0.6560116
20189,0.38761127
9665,0.7746857
62235,0.73305833
33112,0.8027489
22282,0.71672434
56405,0.9523117
23679,0.9523117
45847,0.7824239
65615,0.78409976
56511,0.78409976
75667,0.042299405
70402,0.29008967
45848,0.9250457
91420,0.042299405
110568,0.21264395
53828,0.27920705
51947,0.75478274
41607,0.16068964
99272,0.36381382
95288,0.2497125
34241,0.9250457
53688,0.25520292
20908,0.71138984
79141,0.042299405
44306,0.8027489
37363,0.8043568
82309,0.042299405
121147,0.29423013
46012,0.29548562
16911,0.44442147
42718,0.8207466
72225,0.6213902
68204,0.31162477
41213,0.9448827
7702,0.32109547
71548,0.24518593
8479,0.34543738
6818,0.5870954
5606,0.5749036
54556,0.18885988
98972,0.3244312
104023,0.4912952
105117,0.41360265
38787,0.8207466
11091,0.34977314
112852,0.6537946
28045,0.2532133
61377,0.78409976
98169,0.9205646
106643,0.46739212
4777,0.37307182
17706,0.71138984
21993,0.17794155
53919,0.49834597
100214,0.541883
74249,0.7409207
28587,0.75714535
114335,0.28875464
41229,0.9448827
47466,0.87456024
99686,0.3948916
94261,0.9356796
30344,0.93913263
80722,0.042299405
4226,0.88595706
46246,0.73305833
86047,0.042299405
77875,0.042299405
113412,0.71946424
22607,0.08097476
17813,0.78409976
62282,0.7497009
79200,0.042299405
46171,0.9523117
95277,0.48580244
42615,0.72901887
31689,0.78237045
13055,0.90537584
32074,0.94996256
5600,0.90840834
111084,0.65064245
12941,0.29813147
104681,0.24633652
15811,0.27998954
4433,0.6383791
105761,0.2473063
107975,0.33644903
102613,0.8220191
12871,0.4481545
84206,0.042299405
105560,0.6094782
33712,0.92953664
105412,0.65874976
72713,0.6094782
64725,0.8207466
13766,0.33666763
87432,0.042299405
17722,0.2855446
83282,0.042299405
50513,0.87992793
28315,0.18823357
122104,0.65064245
118235,0.23141901
47138,0.9250457
39306,0.71672434
124451,0.85423577
83563,0.042299405
85541,0.042299405
43779,0.18439001
95512,0.33000723
115796,0.7033534
95772,0.23478271
71911,0.58908564
125159,0.5723481
113225,0.7159984
21740,0.73806477
103432,0.33674085
67732,0.53997624
45982,0.7497565
57684,0.7473782
106178,0.39957526
60258,0.71672434
15155,0.84052616
51097,0.55470836
95604,0.68500704
97584,0.39683107
17700,0.71138984
17088,0.69176346
109597,0.08200509
5875,0.22586559
66019,0.37561303
29287,0.4984756
16278,0.47155252
79889,0.042299405
7364,0.38300097
72403,0.57938457
124703,0.37555605
77296,0.042299405
7896,0.36381382
62813,0.70757115
72996,0.9400095
14638,0.94929814
52386,0.6868156
79687,0.042299405
91000,0.042299405
89753,0.042299405
8120,0.54730767
56280,0.73305833
78366,0.042299405
60230,0.71138984
23255,0.93102473
99893,0.67967427
89138,0.042299405
83461,0.042299405
104091,0.26516306
121761,0.5085645
108943,0.23133238
16363,0.26517096
97405,0.66041535
24056,0.20886658
99967,0.5082825
88357,0.042299405
60492,0.78409976
96754,0.62710184
119523,0.7589587
54763,0.19548701
56925,0.9250916
7712,0.3842116
109124,0.3516933
62835,0.8480095
50496,0.8482609
36544,0.92953664
39578,0.9250457
70740,0.5266537
109615,0.40193647
116403,0.6368926
117462,0.51533055
76331,0.042299405
61801,0.21445607
72640,0.60732734
94218,0.6617918
81323,0.042299405
85768,0.042299405
59818,0.71672434
110830,0.17440197
64732,0.525903
60927,0.24351414
117675,0.30889368
124165,0.7534511
23940,0.71138984
86953,0.042299405
75649,0.042299405
84725,0.042299405
32766,0.77361304
60978,0.8913875
27557,0.19462542
11311,0.6687395
79620,0.042299405
61787,0.45070684
49973,0.59773505
56205,0.23023438
51693,0.29423013
80831,0.042299405
55248,0.580667
35912,0.9250916
97451,0.88507646
47591,0.9250457
47878,0.8207466
106549,0.24351414
21866,0.93925244
90881,0.042299405
54765,0.69928765
87258,0.042299405
58497,0.77064055
86363,0.042299405
72028,0.6058881
16449,0.51395583
84987,0.042299405
72896,0.5972017
52084,0.91268975
44035,0.73806477
114995,0.7469546
26573,0.80682105
16523,0.67544264
95738,0.6094782
80725,0.042299405
97902,0.07301107
120793,0.86154234
55528,0.7073423
96331,0.5704051
88024,0.042299405
79411,0.042299405
56675,0.92953664
47188,0.76208985
23330,0.73488027
96664,0.8582086
63671,0.8110535
18554,0.31139594
67001,0.69684905
64136,0.7260374
43612,0.92357904
112638,0.69532084
61497,0.85096294
41313,0.7675776
35617,0.9523117
78215,0.042299405
10288,0.22638126
90242,0.042299405
18422,0.69681287
116464,0.8319426
13830,0.26469967
57668,0.73305833
45284,0.7635397
103078,0.5625888
44975,0.93913263
5971,0.11808395
70711,0.44056034
41942,0.92953664
79357,0.042299405
81625,0.042299405
95377,0.27447656
33656,0.70508915
22171,0.9487389
50936,0.78524405
19219,0.9250916
50421,0.17581518
89677,0.042299405
119799,0.42763534
54637,0.5191073
37419,0.89945984
48325,0.61580956
119740,0.78676254
58771,0.78409976
92933,0.95167696
45453,0.8207466
68991,0.09206018
50950,0.5773529
42169,0.9250916
35339,0.20769228
84813,0.042299405
77003,0.042299405
97998,0.5956024
67572,0.50045496
6707,0.9227343
38730,0.7918845
36795,0.94996256
41277,0.9250457
11593,0.269074
47760,0.5900412
95692,0.17284416
95232,0.33674085
116126,0.39374745
4197,0.14490858
43261,0.87477696
8436,0.34517947
27217,0.1817711
109163,0.18694404
102894,0.67967427
123412,0.7011335
37345,0.9523117
46692,0.94996256
111953,0.542151
13378,0.5863746
9135,0.58913183
12145,0.4003917
37488,0.87456024
95645,0.7006616
91982,0.16068964
116711,0.2676561
91260,0.042299405
47671,0.94996256
59368,0.80176836
38804,0.9250457
36046,0.7497565
32128,0.93913263
39951,0.9250916
119852,0.5085645
111186,0.22669527
9125,0.81222713
17745,0.5545996
102448,0.3948916
57859,0.68651223
72297,0.6409952
55157,0.24314992
124924,0.7146952
3479,0.28002003
8450,0.5767582
17631,0.68879247
20381,0.940431
56063,0.93102473
104227,0.25047824
24924,0.42209443
49334,0.566307
9866,0.7950006
111211,0.41731146
59688,0.8043568
107455,0.17168571
20690,0.88749844
47091,0.89878726
90182,0.042299405
42159,0.8044135
73234,0.40771678
122425,0.6740146
69556,0.24139163
59147,0.7891144
52090,0.91268975
107392,0.5433626
54594,0.3893264
41343,0.94996256
8025,0.28045914
32122,0.9250457
123103,0.54979146
103691,0.596364
7611,0.3654535
18933,0.09232185
43662,0.35864118
1072,0.71138984
70736,0.5493985
121283,0.42592373
64154,0.39374745
5912,0.65380985
115709,0.7640816
73532,0.33674085
39550,0.929919
4889,0.87308615
37863,0.94996256
69528,0.2957798
72752,0.59502816
118330,0.16175815
33202,0.2855446
112554,0.6875027
68781,0.08997259
67964,0.62889886
253,0.15269025
82304,0.042299405
31229,0.9523117
51849,0.9144649
18888,0.5236463
63919,0.76274276
47935,0.69176346
24233,0.9250457
102346,0.5444087
71029,0.5550873
92519,0.8515394
71417,0.24429433
42282,0.16181193
29823,0.9352508
57175,0.8043568
1009,0.9523117
92165,0.5384442
48036,0.2855446
105148,0.22664715
31189,0.89878726
70672,0.59791553
80659,0.042299405
59780,0.58797675
9184,0.8287778
53199,0.5317508
119131,0.24351414
11415,0.77884257
3626,0.6501359
4732,0.6383791
39918,0.94996256
62881,0.7360071
39974,0.9250457
60197,0.8043568
48225,0.9523117
83458,0.042299405
119184,0.6657524
11266,0.44364214
72115,0.27447656
834,0.89878726
69357,0.44036418
19438,0.73305833
111692,0.28149348
101758,0.8908866
436,0.21125475
40076,0.92953664
72594,0.30645418
117841,0.7589587
52057,0.7469546
29282,0.739528
87675,0.042299405
4911,0.9480592
101121,0.47922328
39809,0.945651
100071,0.19821034
40553,0.5472083
14119,0.8968769
104103,0.27808684
21172,0.16846552
36945,0.73806477
69547,0.25038418
110811,0.18637455
68187,0.53580344
28395,0.19113947
6348,0.65132916
97112,0.525058
89398,0.042299405
99213,0.2924771
60365,0.8043568
39142,0.94996256
95901,0.2519821
28432,0.123340815
109840,0.19853209
13205,0.7015009
8303,0.539954
121174,0.29548562
74050,0.18985444
78944,0.042299405
93437,0.44944507
88571,0.042299405
94003,0.6246146
86396,0.042299405
114425,0.7606064
56896,0.93574846
47176,0.73806477
62415,0.8207466
104551,0.59502816
72521,0.72421074
13675,0.6205806
59906,0.824784
88376,0.042299405
75894,0.042299405
35952,0.9523117
99937,0.22423773
31246,0.89878726
78384,0.042299405
57059,0.93574846
59938,0.73806477
82529,0.042299405
64351,0.8925794
84489,0.042299405
116733,0.706777
66758,0.31162477
29124,0.77588665
40044,0.7497565
116295,0.64918625
95362,0.2784762
98978,0.54730767
83548,0.042299405
109212,0.2531539
35157,0.73305833
35449,0.93574846
33952,0.92953664
115064,0.7033534
3791,0.16779724
36538,0.8814742
4021,0.2779739
124349,0.54581475
48240,0.9523117
48729,0.9523117
61262,0.78419435
104878,0.26262966
70926,0.94929814
35759,0.9523117
78773,0.042299405
27192,0.64918274
3549,0.25536594
97255,0.4003917
92663,0.5444087
92158,0.23198004
110924,0.30889368
113575,0.6804096
51391,0.7617364
31484,0.9250916
113545,0.67470163
78245,0.042299405
65282,0.58607644
59659,0.8671329
63023,0.7893003
114851,0.33233824
19290,0.7414636
97175,0.2394489
55719,0.48994952
10014,0.2178324
67666,0.6550291
67783,0.3791233
106529,0.264986
104883,0.7204346
53205,0.7643699
58156,0.7432826
42620,0.7635397
53188,0.5317508
32508,0.73305833
12213,0.8355149
110347,0.17898153
25402,0.9352508
121810,0.84232384
90252,0.042299405
28124,0.24155533
82089,0.042299405
31125,0.22695276
20351,0.8385467
15783,0.70508206
51197,0.91567284
47356,0.92953664
47712,0.3812725
106661,0.24351414
54607,0.588143
97170,0.30210668
7406,0.6173614
48708,0.9523117
123334,0.78524405
68727,0.2539608
46027,0.4592283
30774,0.7036212
29617,0.9250457
99058,0.551814
110121,0.3196521
45397,0.7566842
74149,0.22042133
95977,0.1461873
113555,0.65740234
120180,0.70757115
18692,0.69516015
35096,0.80176836
39697,0.943447
73810,0.5767582
106646,0.4048885
34882,0.3812725
60476,0.7891144
111826,0.24624634
45401,0.9250457
124760,0.75478274
63396,0.8043568
106168,0.40771678
34888,0.71138984
87516,0.042299405
105928,0.5835271
72263,0.63476163
115584,0.3812725
61181,0.68879247
28733,0.8099974
114862,0.55470836
65547,0.41080713
84982,0.042299405
72212,0.7092768
91746,0.17898153
83391,0.042299405
68466,0.6522441
104988,0.6329326
86377,0.042299405
81737,0.042299405
106491,0.26357383
117125,0.65740234
74117,0.3393765
62269,0.8207466
45169,0.6996274
19606,0.8043568
65359,0.9352508
17425,0.1497794
52819,0.6190957
26148,0.39375904
109698,0.078872055
19162,0.8383232
59100,0.30922994
86492,0.042299405
2193,0.7414636
119785,0.2690262
92934,0.95167696
121024,0.73699266
425,0.5113884
92899,0.9410198
81483,0.042299405
57266,0.9250457
80958,0.042299405
103416,0.17363457
14253,0.1909382
47309,0.29157576
19353,0.9250457
81204,0.042299405
50628,0.54979146
91922,0.2509139
109945,0.42664498
118902,0.78524405
13807,0.39683107
49905,0.25588787
8871,0.34977314
23342,0.4592283
113322,0.48193872
17068,0.25714532
64123,0.72814405
82344,0.042299405
1326,0.9250457
4564,0.6521865
41119,0.92953664
30023,0.07044076
84417,0.042299405
93589,0.5082915
66543,0.23614721
28093,0.764464
24174,0.92953664
8527,0.60976607
33381,0.8382824
40973,0.93574846
96083,0.3133815
28190,0.18823357
43751,0.89878726
34810,0.8515394
28849,0.739528
64957,0.525903
23814,0.78409976
11497,0.2545924
81456,0.042299405
71146,0.29008967
64162,0.24951178
2215,0.41553187
30653,0.93913263
71467,0.4626551
68392,0.5493985
110365,0.1663454
848,0.9250916
86401,0.042299405
53842,0.21367444
75138,0.042299405
97837,0.20278408
121715,0.78524405
57433,0.69176346
61493,0.8027489
41395,0.9124725
123692,0.67470163
9263,0.26955813
97303,0.54730767
91112,0.042299405
54074,0.23071243
30131,0.071581215
8839,0.34106764
53554,0.54999214
20204,0.29210848
92293,0.36381382
100458,0.5266537
116437,0.6732954
45207,0.19894536
59250,0.60689616
25989,0.4015931
82877,0.042299405
73523,0.6261316
90699,0.042299405
17467,0.9352508
50481,0.78524405
74868,0.6647118
121230,0.8455139
45730,0.21909112
89224,0.042299405
35375,0.17000842
106711,0.5625888
16668,0.73305833
92494,0.90537584
1058,0.8043568
50055,0.18176456
84609,0.042299405
65387,0.55590624
70857,0.48779824
93388,0.58819026
89458,0.042299405
77560,0.042299405
24848,0.525903
82318,0.042299405
123398,0.84232384
54827,0.21146478
77734,0.042299405
94821,0.16748895
37025,0.8383232
41111,0.9250916
42674,0.944549
69063,0.28774977
29584,0.6634232
93733,0.58819026
4323,0.8989963
57651,0.8043568
60526,0.7080981
24273,0.78409976
75322,0.042299405
60614,0.8913875
55213,0.6552257
39435,0.7080981
104496,0.33674085
93741,0.7750072
97577,0.18896906
21618,0.9462237
34824,0.6352898
93834,0.26122773
87305,0.042299405
113176,0.69532084
123865,0.86579823
48320,0.61580956
59751,0.5747356
108547,0.5675377
64739,0.8207466
2341,0.81915265
58540,0.8043568
20819,0.2178324
44509,0.929919
19121,0.73305833
62343,0.8207466
109454,0.20992659
2840,0.6128666
57887,0.7414636
63772,0.7227505
60621,0.8913875
4118,0.6383791
55592,0.6487721
16024,0.5966552
7691,0.5400344
10011,0.20658906
56421,0.739572
31593,0.9523117
56907,0.94996256
56543,0.78409976
59014,0.8043568
124970,0.65064245
94207,0.6334158
72088,0.38022622
96340,0.38173825
77508,0.042299405
19215,0.8231943
89141,0.042299405
96862,0.3951383
121828,0.36202234
47104,0.8043568
122152,0.6732954
102433,0.6369634
53457,0.82966644
69799,0.4611272
72093,0.37912843
56038,0.6925055
43003,0.9487389
69883,0.29414403
13735,0.5966552
74229,0.34106764
122495,0.7534511
25279,0.8110535
99928,0.28695303
50060,0.22316563
97594,0.42709547
37428,0.7635397
96815,0.40771678
2369,0.6521865
2618,0.6383791
51394,0.7534511
19092,0.8207466
10968,0.54599565
42636,0.73305833
22925,0.929919
60892,0.66077226
62714,0.68879247
9037,0.5998385
40573,0.82626796
86089,0.042299405
44369,0.89878726
74816,0.21556143
26108,0.79312044
16868,0.41080713
115780,0.31255051
118668,0.53047216
73074,0.42182922
123,0.76273996
38017,0.9352508
4280,0.81915265
104513,0.2814844
69873,0.36874843
17937,0.92953664
78734,0.042299405
104029,0.27518013
86062,0.042299405
81599,0.042299405
116197,0.67470163
105339,0.42182922
25467,0.9250457
82613,0.042299405
13431,0.81222713
95207,0.254536
11919,0.13605064
101186,0.31162477
42084,0.17794155
78835,0.042299405
37524,0.92953664
28975,0.6329275
118885,0.78524405
44253,0.92379194
78211,0.042299405
10786,0.54599565
50819,0.51533055
86950,0.042299405
50129,0.71047175
123818,0.3812725
1400,0.3982755
63030,0.77064055
102028,0.5675377
95443,0.24702571
92195,0.472872
19583,0.7891144
8068,0.56650037
40080,0.93913263
53317,0.85711795
15923,0.7245087
30285,0.6486973
67612,0.38300097
75193,0.042299405
110510,0.21760383
106093,0.68003595
101274,0.20724829
42093,0.7635397
40247,0.89878726
12504,0.47155252
35149,0.525903
4531,0.88595706
75459,0.042299405
6756,0.31404623
55545,0.70662117
101339,0.21046703
32850,0.72901887
96849,0.37996855
63066,0.8207466
4920,0.9480592
4759,0.78249705
81014,0.042299405
102129,0.39683107
99809,0.4003917
16876,0.7006684
70211,0.62531036
30487,0.94996256
98638,0.42761415
26082,0.17293847
109894,0.31229818
120825,0.65064245
97082,0.2957798
12686,0.3951383
7962,0.60988903
109179,0.31239185
55935,0.6925055
97216,0.6558881
106328,0.95167696
54352,0.7770851
49937,0.64918625
16477,0.5113884
44916,0.9523117
47839,0.6029834
13684,0.54599565
2285,0.58678144
35044,0.8090711
21088,0.68879247
15815,0.61618555
56639,0.7688353
70212,0.39683107
50583,0.7681433
107913,0.39683107
106108,0.42182922
22882,0.8207466
10496,0.26478872
19520,0.8615049
35542,0.78409976
36516,0.93574846
67359,0.5675377
116208,0.7271119
99543,0.2957798
118589,0.16139665
124981,0.63093436
33675,0.9250457
22970,0.57372385
51586,0.542151
61746,0.68879247
10875,0.2358583
78324,0.042299405
34964,0.9523117
54958,0.9117612
123232,0.82762915
48018,0.6643449
53102,0.7054191
21533,0.9416098
36645,0.92953664
101237,0.2394489
69117,0.37649694
2075,0.9395671
53419,0.82966644
36830,0.92953664
61419,0.8482609
2110,0.60677075
55645,0.6387139
67047,0.22385347
53453,0.82966644
44021,0.78237045
965,0.93925244
61749,0.7129909
5406,0.8448657
30608,0.94996256
77418,0.042299405
90179,0.042299405
62407,0.8207466
81448,0.042299405
34108,0.17000842
112748,0.42209443
115028,0.22921547
42916,0.9487389
124306,0.92610925
20876,0.17945053
7829,0.22015624
50384,0.29312846
11327,0.27155393
57536,0.8043568
95569,0.65833294
44703,0.23615366
8098,0.5937946
86078,0.042299405
39593,0.92953664
3462,0.5835271
8543,0.69413877
2336,0.3441619
84570,0.042299405
9532,0.75276124
101393,0.34106764
60440,0.42209443
44577,0.9250457
73691,0.7092768
121381,0.7534511
83963,0.042299405
25818,0.16846552
3226,0.90537584
79808,0.042299405
44793,0.8482609
105670,0.5704051
67368,0.5625888
89064,0.042299405
120633,0.542151
90888,0.042299405
91952,0.3087267
57576,0.80577356
44200,0.73806477
119775,0.2913534
106299,0.90840834
60416,0.5113884
93312,0.4849329
35140,0.9523117
70842,0.25129297
36924,0.2688145
102751,0.49229297
2942,0.6501359
94483,0.254536
117191,0.78676254
77521,0.042299405
122604,0.6936065
47035,0.388696
67526,0.6550291
75722,0.042299405
68133,0.29556417
59987,0.73488027
116300,0.7414636
34657,0.76274276
86897,0.042299405
9009,0.34157243
92617,0.14563619
46267,0.8231943
11727,0.5444087
63077,0.8043568
91408,0.042299405
54850,0.87456024
66674,0.34977314
19587,0.7446525
95537,0.48580244
75775,0.042299405
121232,0.86599565
31558,0.943447
93917,0.1732547
29950,0.06470332
99332,0.56650037
107320,0.90840834
24871,0.71247566
82708,0.042299405
86024,0.042299405
6615,0.19993104
23748,0.9523117
112002,0.4551359
38566,0.9352508
867,0.92953664
116188,0.7271119
33861,0.15936628
97179,0.20733958
117626,0.7159984
2891,0.3876553
17575,0.5920494
58012,0.72901887
90504,0.042299405
97508,0.6549338
95016,0.86634123
54489,0.19935049
94104,0.6832224
93458,0.59443384
27108,0.79986477
120198,0.54979146
57869,0.67187816
118334,0.17537913
109599,0.08200509
87329,0.042299405
107020,0.90277
82162,0.042299405
66847,0.38300097
54322,0.719885
19745,0.68651223
40728,0.94996256
64437,0.9523117
109222,0.21760383
42151,0.64649135
37158,0.9523117
118462,0.64918625
78821,0.042299405
61726,0.8752638
84809,0.042299405
58621,0.9487389
24623,0.7154231
93827,0.42182922
37026,0.89878726
32932,0.3156893
89297,0.042299405
33371,0.7344672
109090,0.25978574
115715,0.65064245
87242,0.042299405
88566,0.042299405
73258,0.3627707
79490,0.042299405
33408,0.5920494
37995,0.8383232
101410,0.6359238
117421,0.26479182
47401,0.9523117
62673,0.42209443
18677,0.73488027
119718,0.6327601
118689,0.2849689
104356,0.59502816
71285,0.2957798
43197,0.88169616
46667,0.94996256
74666,0.5846777
7204,0.8220191
65492,0.78409976
55962,0.9337635
11559,0.7516647
74415,0.5957432
88572,0.042299405
3394,0.24155533
31372,0.943447
15763,0.6653401
84752,0.042299405
56987,0.92953664
63152,0.87992996
80428,0.042299405
89752,0.042299405
41297,0.89878726
90017,0.042299405
64954,0.80176836
114111,0.61229146
65831,0.8207466
30304,0.62274843
118933,0.24351414
98891,0.21382725
105597,0.4650849
121293,0.33233824
57932,0.93102473
46140,0.92953664
32952,0.14104633
99139,0.5576651
28922,0.93102473
23671,0.945651
99396,0.60113144
25594,0.2851202
113646,0.1601529
93778,0.7006616
29765,0.738857
60577,0.525903
51890,0.2641915
14825,0.94415486
14255,0.13605064
34380,0.4356394
118388,0.525903
110713,0.17997488
116758,0.78524405
47550,0.9445681
37670,0.9341388
112623,0.56612575
110954,0.51533055
93439,0.48580244
71903,0.3524765
79467,0.042299405
32051,0.9250916
104854,0.57853603
21592,0.9462237
48577,0.9523117
32707,0.57020986
84468,0.042299405
30708,0.94996256
98458,0.2885943
105031,0.29385737
70272,0.64709336
25298,0.37555605
74310,0.5493985
79476,0.042299405
71329,0.29556417
97869,0.0833434
54148,0.21471924
83522,0.042299405
98733,0.19821034
60813,0.8043568
2504,0.6323624
110085,0.31889555
108503,0.5625888
21843,0.9117612
23797,0.39508018
103579,0.23844908
25916,0.81138283
109471,0.21264395
22932,0.8043568
124243,0.5113884
58547,0.8207466
14879,0.60976607
123501,0.91210264
24555,0.06470332
58622,0.9487389
50668,0.7741595
79987,0.042299405
92455,0.6390641
73387,0.8077288
3625,0.6353164
54769,0.580667
53643,0.23071243
123733,0.91567284
22218,0.92357904
47064,0.10882427
3900,0.4784825
64309,0.7030056
45412,0.8207466
31719,0.9477746
112290,0.3812725
37596,0.7824239
82503,0.042299405
93130,0.90840834
36599,0.9250457
92352,0.60976607
22439,0.9462237
70898,0.41293272
100007,0.4003917
97167,0.27263793
47503,0.94996256
69295,0.5493985
66032,0.32178548
43689,0.9250457
47365,0.946063
11989,0.25101915
64049,0.7891144
37530,0.92953664
33874,0.2690262
3123,0.6128666
8855,0.3131547
44615,0.94996256
93542,0.27920705
74082,0.27612874
81390,0.042299405
89524,0.042299405
41139,0.94996256
45233,0.739572
75026,0.042299405
20447,0.94647884
110779,0.24150386
10979,0.4955667
106689,0.38300097
9390,0.201804
14186,0.8779773
85869,0.042299405
18688,0.69681287
27409,0.44501498
3077,0.6501359
78903,0.042299405
25747,0.66199267
5127,0.9073345
70920,0.8968769
100553,0.56650037
116084,0.525903
116182,0.65064245
109692,0.086470306
24861,0.17581518
88039,0.042299405
35432,0.76274276
56256,0.64649135
82589,0.042299405
50298,0.4356394
48532,0.93574846
83413,0.042299405
83194,0.042299405
48751,0.7133811
1800,0.8161812
12996,0.24765624
52017,0.4356394
107373,0.5625888
70858,0.65132916
118750,0.4079794
116587,0.75732315
77184,0.042299405
82942,0.042299405
53967,0.5182382
38992,0.85096294
24522,0.069831386
31709,0.929919
80229,0.042299405
10721,0.18853994
5014,0.6501359
117288,0.22316563
29080,0.54791254
14301,0.54599565
65350,0.8383232
124469,0.7729014
7069,0.40021947
28327,0.18823357
121099,0.67470163
16891,0.49265552
20871,0.17945053
16455,0.34157243
106662,0.5625888
25527,0.77064055
46473,0.72651535
12426,0.2999497
98576,0.56888294
95554,0.27726558
72269,0.33674085
67460,0.36003214
84132,0.042299405
121158,0.49265552
97523,0.73337775
53265,0.76599205
23733,0.945651
61350,0.8043568
91011,0.042299405
14566,0.94929814
70686,0.2641915
83566,0.042299405
113121,0.82391095
85689,0.042299405
40181,0.8043568
47964,0.92953664
5053,0.9395671
19908,0.71138984
52842,0.2497125
33829,0.22316563
93334,0.61256564
114349,0.16181193
80230,0.042299405
110326,0.2912829
76748,0.042299405
27166,0.8615049
76831,0.042299405
65283,0.739572
108438,0.24724309
76379,0.042299405
43419,0.7516647
73777,0.2957798
61582,0.739572
101463,0.45222095
119234,0.43635744
24324,0.42209443
21975,0.16846552
15099,0.22996959
116629,0.7640816
33261,0.4592283
53183,0.5317508
67638,0.54599565
75103,0.042299405
47989,0.92953664
119521,0.86154234
31939,0.929919
38072,0.9523117
97682,0.2545924
8024,0.30784273
84021,0.042299405
909,0.945651
119682,0.42209443
2230,0.81053025
104069,0.3147755
33023,0.071581215
109823,0.27020165
22989,0.31130385
125115,0.7665315
21478,0.8043568
91800,0.15471157
101873,0.5675377
121426,0.6454838
54822,0.28880244
48876,0.7249829
110023,0.3331458
49899,0.24351414
15419,0.8843069
52288,0.7729014
86804,0.042299405
43812,0.7227505
57781,0.80176836
69052,0.34157243
98086,0.2912581
9530,0.50951415
85282,0.042299405
37510,0.7635397
84820,0.042299405
39672,0.92953664
37659,0.9250457
122153,0.3812725
55118,0.7643699
44717,0.16181193
87627,0.042299405
62913,0.8161812
64384,0.5900412
21484,0.80577356
123222,0.75512433
14406,0.94415486
10005,0.8140165
18798,0.7918845
44933,0.94079983
80844,0.042299405
100762,0.18976639
33812,0.30889368
42266,0.2469052
90440,0.042299405
58446,0.7414636
114610,0.8161812
48584,0.94079983
31112,0.416442
25945,0.35814682
95124,0.6663477
7613,0.24351414
3331,0.21134108
108049,0.67145896
75648,0.042299405
45058,0.89878726
60307,0.525903
82022,0.042299405
56868,0.29157576
96918,0.5757719
118220,0.3940198
53474,0.49834597
106693,0.551814
64613,0.68741894
62445,0.8043568
122228,0.18067667
122714,0.6936065
40975,0.9477746
18005,0.68879247
84469,0.042299405
27597,0.123340815
103712,0.47761396
41604,0.25042847
91278,0.042299405
40106,0.7522791
22438,0.9462237
92897,0.90840834
75966,0.042299405
117877,0.54581475
82519,0.042299405
46147,0.92953664
116354,0.7033534
86302,0.042299405
48737,0.8207466
7252,0.57416445
92575,0.25775692
48675,0.9477746
101974,0.6169986
70379,0.36381382
39012,0.9124725
106253,0.9410198
21098,0.7030056
61502,0.9124725
39518,0.65741247
44851,0.9250457
39303,0.929919
122434,0.66326237
102146,0.8896322
14391,0.8908866
38849,0.94996256
89823,0.042299405
68972,0.08997259
9118,0.60988903
78,0.80176836
26555,0.41360265
43969,0.94996256
75430,0.042299405
86209,0.042299405
15548,0.8968769
109364,0.20484419
64216,0.69516015
64481,0.9523117
31211,0.9523117
67935,0.25438407
92741,0.6974867
113844,0.7159984
29675,0.6787618
22495,0.74770004
106761,0.5956024
103499,0.25047824
119084,0.6692836
8094,0.46739212
52835,0.33811182
67128,0.27104348
27548,0.40238434
63125,0.7269165
96151,0.38676816
78490,0.042299405
32,0.54265183
104342,0.6408616
110416,0.3196521
3236,0.615922
90727,0.042299405
70639,0.55835336
122269,0.6516696
78094,0.042299405
124634,0.8984929
85396,0.042299405
66971,0.605124
46814,0.5265537
64324,0.68651223
93592,0.6005577
97496,0.6549338
26670,0.9117612
6655,0.18853994
105424,0.65131557
28624,0.7570681
59272,0.7420828
74449,0.44056034
23894,0.68992627
90262,0.042299405
73360,0.26140323
120352,0.75512433
18455,0.5265537
55448,0.6555121
84772,0.042299405
88750,0.042299405
48633,0.943447
59444,0.9438819
121009,0.79377216
115368,0.3082912
113820,0.71763843
95329,0.4784825
55657,0.22669527
30292,0.62274843
105294,0.7409207
67317,0.22776422
12979,0.26333526
84571,0.042299405
64522,0.90832704
13962,0.1533329
48938,0.8231943
77610,0.042299405
64183,0.15899941
31667,0.5113884
52081,0.91268975
114011,0.14925689
37242,0.929919
42651,0.8383232
13021,0.6234635
81507,0.042299405
50591,0.2690262
66566,0.3654535
51200,0.7665315
15097,0.22664715
103051,0.17306454
37858,0.94996256
33846,0.34070224
55814,0.83093846
123116,0.54979146
28474,0.40955377
75886,0.042299405
31386,0.6306424
123356,0.61746913
69106,0.72421074
60673,0.79399997
15205,0.84052616
81613,0.042299405
65117,0.36202234
25168,0.944549
42201,0.946063
83588,0.042299405
27663,0.30267447
61400,0.8207466
68784,0.08997259
24737,0.94079983
43017,0.9487389
63190,0.68992627
34075,0.4592283
10678,0.42709547
97135,0.4546866
40345,0.94996256
56304,0.88749844
34060,0.13433158
88027,0.042299405
55447,0.5317508
69205,0.33666763
49833,0.19457518
61837,0.8382824
13153,0.43464813
58393,0.8319426
84864,0.042299405
44376,0.9352508
1686,0.8480095
76178,0.042299405
45642,0.946063
37971,0.93574846
8412,0.24767299
118904,0.66470563
7638,0.34517947
63788,0.5889843
62311,0.93925244
98951,0.51153
119625,0.6654727
3276,0.37307182
88182,0.042299405
77576,0.042299405
102477,0.6549338
47005,0.80176836
50619,0.42763534
35855,0.89878726
15707,0.11808395
91837,0.08766272
49679,0.78676254
4754,0.66276985
78058,0.042299405
95126,0.6663477
89063,0.042299405
16607,0.41177186
49515,0.4079794
25064,0.93913263
40082,0.93574846
46064,0.73020875
66885,0.5653206
70901,0.6458539
73829,0.5957432
6733,0.5863746
61992,0.7154231
67887,0.25038418
80639,0.042299405
100075,0.26406753
90855,0.042299405
21106,0.28045914
102495,0.6687395
78840,0.042299405
11616,0.39683107
25171,0.946063
92692,0.8300068
37743,0.929919
12293,0.2503729
17140,0.3812725
42426,0.95020086
308,0.2069135
14565,0.94929814
124504,0.8319426
64514,0.9523117
102971,0.14774123
43112,0.72431296
48831,0.9492104
40801,0.90650797
49181,0.68879247
118583,0.15362863
41727,0.9250457
11000,0.16285013
100529,0.33666763
52616,0.54581475
55671,0.79820716
15328,0.37561303
24094,0.09232185
120543,0.77026075
61171,0.8207466
54534,0.83342713
82374,0.042299405
60694,0.88749844
84478,0.042299405
95312,0.26262966
92036,0.21583791
41999,0.80176836
63498,0.8480095
58708,0.73806477
112546,0.6936065
110509,0.21322735
112032,0.5794755
40434,0.525903
123982,0.7613734
26679,0.8099974
77253,0.042299405
44064,0.8043568
92282,0.3393765
37546,0.69516015
3748,0.21126623
119954,0.30889368
65693,0.73305833
93344,0.48580244
6551,0.4611272
47594,0.92953664
54499,0.4188136
22711,0.6928004
54139,0.31230146
21525,0.9487389
75024,0.042299405
29859,0.1497794
85663,0.042299405
43172,0.6805474
2405,0.464219
29659,0.445685
27523,0.24451245
106593,0.24351414
114836,0.7414636
38478,0.71079046
67982,0.56492794
19844,0.69176346
22346,0.8478691
92186,0.6485842
40283,0.9352508
39460,0.73305833
56057,0.88169616
92206,0.23027253
123699,0.7741595
12080,0.67551756
36982,0.93574846
93951,0.32021287
54041,0.21367444
13188,0.5937946
120150,0.61755145
114898,0.738718
12859,0.44056034
65914,0.6550291
77266,0.042299405
40401,0.89878726
74601,0.9437412
72980,0.810305
115887,0.5113884
82462,0.042299405
34006,0.41080713
62331,0.9487389
47471,0.9250457
101860,0.29423013
15430,0.8908866
99188,0.47155252
122744,0.67470163
75185,0.042299405
67725,0.3175273
7277,0.3492356
35012,0.9523117
33954,0.7063169
101342,0.20002541
74916,0.9224429
109861,0.11326932
74421,0.5957432
82161,0.042299405
59296,0.72901887
48038,0.24314992
22942,0.9250457
1345,0.8043568
12992,0.599233
68520,0.27345517
56780,0.8043568
41272,0.7492087
1206,0.93574846
72478,0.40238434
80835,0.042299405
42161,0.89878726
52250,0.75732315
58403,0.7891144
42514,0.93574846
11620,0.39683107
32041,0.89878726
34706,0.8830769
32290,0.32392246
102662,0.549712
56956,0.946063
22598,0.09232185
92776,0.5704051
71883,0.5704051
19513,0.8319426
83146,0.042299405
59229,0.9462237
7245,0.5433626
82864,0.042299405
101055,0.28798637
4767,0.7697156
79749,0.042299405
82137,0.042299405
106931,0.8569112
61733,0.5265537
8849,0.3620785
6835,0.90840834
87789,0.042299405
50486,0.7741595
29847,0.31300268
115047,0.41177186
76021,0.042299405
21769,0.68879247
62734,0.5113884
30968,0.9250457
97326,0.5968993
98091,0.19317144
14111,0.8843069
119201,0.599273
43703,0.89878726
45940,0.87456024
92486,0.19821034
56579,0.8207466
23524,0.92953664
68306,0.5653206
94909,0.18823357
119192,0.65064245
107960,0.48496756
61302,0.6060048
112598,0.6766472
28875,0.74354917
52556,0.33233824
44220,0.80176836
123798,0.64918625
61203,0.69176346
17331,0.6911434
28306,0.21146478
41143,0.94996256
57180,0.8043568
73771,0.3654535
4722,0.6383791
49486,0.20046973
8374,0.40072978
56141,0.5532914
102008,0.37561303
69639,0.94551253
81074,0.042299405
103352,0.2784762
50978,0.47318125
10762,0.23198004
25723,0.39957526
79659,0.042299405
93043,0.90840834
63024,0.85711795
102198,0.33666763
121608,0.77448213
37522,0.9250916
81169,0.042299405
102941,0.6359238
124984,0.6790163
69322,0.5675377
106271,0.95167696
28129,0.44501498
48346,0.8385467
113661,0.7033534
49717,0.25588787
24558,0.06470332
87061,0.042299405
81626,0.042299405
107378,0.3620785
111411,0.12948851
47906,0.7140731
86441,0.042299405
84071,0.042299405
48299,0.57372385
9978,0.14652923
50731,0.54581475
109474,0.20091577
77963,0.042299405
62556,0.5265537
59863,0.71672434
40550,0.9523117
99685,0.56650037
45731,0.15142088
74472,0.3249235
17633,0.71138984
112809,0.32392246
40049,0.76889104
113038,0.67683107
92128,0.19949561
35940,0.946063
30648,0.929919
15605,0.94415486
21686,0.7662721
41855,0.525903
110243,0.28087828
115331,0.43635744
79842,0.042299405
1895,0.8925794
86083,0.042299405
37442,0.7497565
4723,0.6383791
63620,0.8207466
27972,0.34110853
32406,0.945651
115476,0.67470163
105732,0.6809051
676,0.94996256
90369,0.042299405
71874,0.21128684
12361,0.3695542
98030,0.95167696
99104,0.7750072
113295,0.4551359
37976,0.8207466
69798,0.3171636
23043,0.92953664
121246,0.7159984
33600,0.30889368
96840,0.5704051
72048,0.6552179
110328,0.2912829
97860,0.13556841
39195,0.944549
124808,0.88426673
111555,0.49456495
87009,0.042299405
99842,0.22349215
79871,0.042299405
2530,0.61743486
20691,0.9117612
100754,0.23818183
5586,0.90840834
124582,0.7681433
49926,0.15580568
41669,0.29548562
51098,0.44527495
85832,0.042299405
20248,0.85711795
35447,0.93913263
98524,0.5829166
6446,0.35514382
112406,0.3812725
17357,0.2855446
9891,0.31599456
82501,0.042299405
63059,0.42209443
95370,0.5824233
115650,0.85488147
109284,0.12213811
74543,0.90537584
5353,0.6501359
120560,0.42763534
68953,0.133502
77851,0.042299405
28722,0.79986477
69012,0.6343977
27093,0.36007258
120967,0.6654727
98772,0.47155252
11808,0.66041535
43036,0.9487389
100164,0.5912313
87623,0.042299405
76849,0.042299405
76851,0.042299405
109817,0.23370285
13197,0.5082825
108991,0.12878017
55946,0.7344672
52782,0.6936065
58870,0.7420828
57696,0.5113884
17816,0.8044135
13466,0.5898256
65466,0.2690262
63197,0.7570681
45345,0.57372385
12442,0.56888294
16102,0.5023317
81107,0.042299405
123305,0.80049443
124140,0.7260696
51532,0.19457518
77815,0.042299405
112191,0.41177186
81856,0.042299405
58203,0.93574846
27715,0.44501498
121536,0.7534511
85752,0.042299405
108228,0.9135301
58232,0.9250916
6713,0.92525655
61076,0.92357904
10629,0.5266537
63927,0.78409976
70785,0.72421074
40353,0.94996256
10090,0.5051237
57071,0.94996256
87105,0.042299405
4665,0.6383791
115436,0.7146952
36342,0.89878726
42302,0.8383232
14835,0.94415486
109436,0.17898153
5191,0.9480592
22480,0.66077226
111193,0.65819216
78917,0.042299405
81221,0.042299405
16723,0.74855375
47633,0.9250916
37260,0.8207466
75168,0.042299405
21431,0.9117612
75384,0.042299405
96890,0.3948916
35508,0.31139594
107346,0.8569112
60648,0.80577356
65657,0.89878726
109184,0.23812072
10995,0.39683107
5096,0.6521865
99250,0.14538953
103206,0.23106374
21290,0.071581215
40231,0.944549
115959,0.7528385
43619,0.94647884
116514,0.7469546
66426,0.30628124
64422,0.9477746
101809,0.7067418
79698,0.042299405
83009,0.042299405
77302,0.042299405
22016,0.7497565
74468,0.2669626
10667,0.3951383
23516,0.9250916
105125,0.5671422
18110,0.9487389
88624,0.042299405
120622,0.542151
46362,0.9250916
99457,0.26216993
87457,0.042299405
8637,0.61191213
113643,0.23877166
84716,0.042299405
5380,0.83497643
86444,0.042299405
102992,0.5550873
30154,0.06470332
95984,0.6050565
58183,0.89878726
603,0.86173886
47358,0.93574846
12688,0.2166175
79706,0.042299405
97146,0.7168207
60055,0.68879247
403,0.39508018
273,0.25190273
39272,0.944549
98807,0.26558745
49595,0.66326237
92376,0.35532045
103822,0.90277
18562,0.46299407
18908,0.17794155
95065,0.59502816
8207,0.60976607
78803,0.042299405
42492,0.9250457
62695,0.7249829
91524,0.042299405
9213,0.44056034
65457,0.8406371
113126,0.36202234
11619,0.5943037
5909,0.0833434
61463,0.61580956
58457,0.6778335
43231,0.5900412
50555,0.78524405
110349,0.18694404
86386,0.042299405
10711,0.27775463
112093,0.36202234
71695,0.21469904
103063,0.5266537
27601,0.15787333
10435,0.2875277
91645,0.042299405
108128,0.24007334
76614,0.042299405
8933,0.5767582
23149,0.739572
114274,0.6744589
16625,0.8043568
43790,0.73806477
104033,0.2532133
30020,0.07044076
1922,0.7729732
48237,0.94079983
57049,0.9250916
50561,0.2690262
33497,0.61580956
114210,0.699742
21420,0.88749844
107542,0.90537584
23154,0.76208985
79649,0.042299405
67574,0.34977314
28092,0.41360265
45114,0.94079983
29215,0.7662721
22693,0.67187816
6521,0.13873824
5038,0.84005445
81785,0.042299405
29462,0.31028607
82194,0.042299405
64948,0.22136773
105871,0.56955194
8226,0.3620785
64326,0.3882269
98753,0.1533329
56174,0.9022172
41331,0.88937134
118580,0.14548723
78669,0.042299405
75597,0.042299405
16613,0.71138984
44972,0.9352508
14086,0.20367815
30434,0.929919
17894,0.78409976
29959,0.06470332
60886,0.9462237
114016,0.12948851
36004,0.8231943
100469,0.4425644
62070,0.8382824
67362,0.5653206
68652,0.60597295
15971,0.27998954
50393,0.67586255
34580,0.8207466
5004,0.6501359
26522,0.58720905
69951,0.593065
85186,0.042299405
123341,0.7665315
61972,0.8480095
92785,0.60732734
90732,0.042299405
35230,0.93913263
112687,0.7159984
89359,0.042299405
79318,0.042299405
77481,0.042299405
123638,0.7729014
106821,0.9449327
60123,0.7729732
3244,0.80074793
7917,0.7770851
111836,0.6187189
89576,0.042299405
81188,0.042299405
25228,0.60990846
87770,0.042299405
37183,0.89878726
89644,0.042299405
6397,0.5266537
25137,0.8207996
76777,0.042299405
112702,0.7570681
29069,0.35814682
45112,0.94996256
111999,0.4551359
113267,0.48193872
92765,0.36247838
69602,0.8896322
14349,0.20278408
59791,0.7624211
12557,0.4611272
14769,0.8968769
87486,0.042299405
56883,0.9250457
77203,0.042299405
72184,0.6454073
123850,0.83402413
97562,0.22320224
66751,0.39683107
99689,0.3654535
58180,0.7566842
84578,0.042299405
74985,0.042299405
3419,0.41893154
92434,0.80044043
73551,0.57853603
80273,0.042299405
88981,0.042299405
104364,0.67145896
94123,0.8569112
7866,0.36874843
78343,0.042299405
63219,0.9407879
75352,0.042299405
5711,0.36874843
84178,0.042299405
18568,0.7891144
63404,0.79399997
43041,0.9487389
37873,0.94996256
60777,0.80176836
40874,0.5545996
107775,0.54599565
80928,0.042299405
67263,0.61773074
122790,0.28045914
46986,0.89878726
33389,0.67544264
70504,0.79476154
101328,0.14490858
84081,0.042299405
76726,0.042299405
100704,0.5266537
109181,0.20851699
28095,0.8385467
100144,0.3654535
59109,0.7277527
119810,0.2690262
108566,0.90840834
65191,0.8043568
74983,0.042299405
101250,0.25411344
24628,0.4079794
39346,0.8044135
35405,0.83342713
33465,0.72901887
21139,0.37555605
21349,0.8207466
70618,0.25949326
8446,0.2925437
53118,0.706142
68060,0.7785899
19992,0.32082638
7393,0.32423192
55903,0.3395029
118422,0.64510864
89636,0.042299405
24688,0.93913263
108890,0.30881634
51656,0.24351414
1654,0.7497565
51419,0.18885988
71971,0.14418852
67181,0.8843069
102524,0.42709547
83455,0.042299405
26958,0.67054176
27898,0.28330937
27113,0.739528
19347,0.89878726
90634,0.042299405
34745,0.31139594
4992,0.7579449
29342,0.22316563
47952,0.92953664
7795,0.5937946
86510,0.042299405
107798,0.5550873
18194,0.9487389
122395,0.65740234
3911,0.90537584
55601,0.7411677
52472,0.42763534
43250,0.80577356
88057,0.042299405
97900,0.0833434
35396,0.643853
66669,0.20298602
47923,0.6507865
93364,0.6050565
94913,0.2679769
63255,0.6559696
85667,0.042299405
122278,0.7657518
83675,0.042299405
27520,0.65279776
79657,0.042299405
89311,0.042299405
51724,0.67470163
76887,0.042299405
52669,0.2898368
107203,0.92950916
48872,0.24351414
28953,0.35399884
112451,0.2374851
51698,0.20041421
74336,0.5215835
1801,0.77064055
41115,0.92953664
70370,0.6391833
108319,0.40298438
83701,0.042299405
74112,0.5251673
67290,0.36874843
103519,0.33674085
114740,0.6181702
115150,0.29157576
36103,0.3812725
113784,0.3900109
10354,0.36381382
3143,0.5704051
56237,0.76274276
67665,0.57416445
83177,0.042299405
99699,0.5767582
124290,0.8048856
4229,0.88595706
19309,0.73806477
51950,0.8472857
68197,0.68131745
115972,0.7665315
996,0.9523117
100947,0.5820173
101915,0.36874843
65021,0.73305833
28232,0.26970667
108060,0.31404623
69440,0.6137862
3962,0.2694145
10018,0.14563619
56591,0.7420828
14324,0.22996959
11969,0.13605064
21540,0.9487389
81858,0.042299405
106230,0.8569112
69129,0.6334622
24554,0.06470332
64424,0.95020086
48446,0.9523117
16609,0.31395704
15312,0.37561303
87609,0.042299405
112657,0.699742
13616,0.64114386
98249,0.39005843
90082,0.042299405
84035,0.042299405
95395,0.61743486
89989,0.042299405
118965,0.86154234
122334,0.88426673
103135,0.37996855
52015,0.52798307
78334,0.042299405
22616,0.7249829
58682,0.71672434
1838,0.78409976
96673,0.62710184
576,0.8220709
80414,0.042299405
45276,0.4356394
119460,0.18067667
63499,0.87992996
12185,0.7414636
97770,0.21988225
3422,0.3704374
72549,0.8077288
19701,0.73488027
18187,0.9487389
105287,0.6809051
7878,0.24575013
14616,0.9292508
33942,0.9250457
5793,0.19457518
5694,0.5712141
50653,0.6352164
111536,0.3900109
77367,0.042299405
110544,0.22661321
117176,0.5036799
110648,0.17898153
96858,0.60732734
77083,0.042299405
124682,0.37555605
90159,0.042299405
114922,0.7249125
34874,0.8515394
89455,0.042299405
120928,0.5214674
4109,0.6383791
57352,0.60689616
33778,0.73020875
3051,0.6977914
27311,0.58720905
24219,0.7918845
100432,0.66041535
103344,0.22169138
47670,0.67187816
54051,0.3060268
95859,0.4784825
54660,0.8073304
10254,0.3948916
122420,0.35864118
40040,0.3812725
90270,0.042299405
98309,0.67329234
74081,0.29999623
40749,0.83342713
74147,0.26140323
97997,0.8569112
112617,0.71763843
46812,0.2690262
17177,0.5668275
99381,0.6679699
15450,0.94929814
101774,0.8968769
65091,0.7497565
2335,0.38676816
107753,0.58248377
97762,0.2178324
18558,0.73806477
46491,0.7006684
103725,0.6094782
65630,0.78409976
88136,0.042299405
70706,0.31404623
32254,0.8383232
24595,0.06470332
110051,0.3331458
34790,0.70219076
124215,0.7657518
104938,0.25047824
82841,0.042299405
116198,0.67470163
90173,0.042299405
47290,0.5597396
106807,0.95167696
45887,0.76889104
95658,0.4224909
69888,0.3004571
14577,0.64421976
60249,0.68741894
31776,0.944549
44967,0.87456024
55397,0.24180076
59798,0.87992996
23488,0.73305833
116751,0.525903
62777,0.8031993
115582,0.64918625
17234,0.7006684
35343,0.6769243
98997,0.22010066
47100,0.9250916
9275,0.17945053
114652,0.9002953
98596,0.57416445
91662,0.042299405
747,0.42209443
50721,0.63060707
71718,0.4523369
102161,0.9400095
14767,0.9292508
40732,0.94079983
108267,0.94551253
82556,0.042299405
16381,0.19122851
110583,0.21322735
93009,0.95167696
43346,0.93102473
40757,0.739572
88508,0.042299405
58545,0.8043568
6594,0.63892925
41760,0.5900412
105485,0.36740533
30897,0.95020086
4224,0.83497643
65956,0.6678326
5996,0.07301107
12194,0.38651696
48993,0.9124725
98026,0.95167696
120765,0.78524405
101283,0.20724829
50268,0.8580584
75757,0.042299405
68488,0.38651696
8644,0.60659665
9987,0.5998385
53530,0.80036193
76642,0.042299405
84204,0.042299405
78201,0.042299405
65689,0.8207466
50372,0.6804096
103724,0.60732734
122396,0.68926793
2397,0.21807085
46914,0.94996256
75787,0.042299405
7472,0.56650037
17159,0.69516015
106286,0.9227343
106924,0.58248377
20177,0.7412351
61392,0.8043568
74146,0.2503729
33196,0.57372385
22625,0.60990846
74280,0.5653206
121037,0.27775463
103067,0.2178324
83131,0.042299405
94238,0.90840834
30126,0.071581215
27236,0.1764233
115990,0.83464724
41839,0.8383232
56548,0.6778335
123927,0.8533859
17624,0.525903
87107,0.042299405
73277,0.6094782
100006,0.5493985
61569,0.739572
13292,0.46220925
118638,0.4356394
109958,0.7414636
47450,0.43635744
12577,0.70757115
48491,0.78409976
52932,0.5317508
72700,0.3150853
30670,0.95020086
62599,0.57372385
96933,0.4971667
15197,0.63892925
89179,0.042299405
1063,0.8231943
73302,0.60732734
65165,0.42323375
42717,0.7840686
23158,0.72431296
63466,0.8031993
91141,0.042299405
71154,0.57416445
79083,0.042299405
13344,0.66723263
33844,0.7269722
114940,0.865664
57208,0.8043568
97186,0.54599565
37627,0.9341388
123991,0.8418177
57992,0.7133811
11782,0.26478872
51377,0.2690262
49713,0.24351414
50719,0.42763534
36515,0.92953664
71665,0.65317553
19879,0.16846552
32055,0.92953664
4185,0.69276786
73336,0.30690706
117311,0.80744815
49892,0.65064245
27638,0.12973869
114279,0.67470163
60356,0.525903
25881,0.37307182
8188,0.5966552
107456,0.16854744
69400,0.5576651
55655,0.26110137
93497,0.4784825
106161,0.8246817
34499,0.7068884
77608,0.042299405
7517,0.7414636
63097,0.8207466
13808,0.61618555
20698,0.93102473
115247,0.45070684
119899,0.7665315
20852,0.22316563
106799,0.95167696
25524,0.94996256
63770,0.7227505
46981,0.8207996
10476,0.0833434
17303,0.71138984
105348,0.8445576
19727,0.31880718
101104,0.6036755
72764,0.4650849
10417,0.39683107
64242,0.79061276
13484,0.5708834
65128,0.72814405
110674,0.23235884
104778,0.23928337
29981,0.06470332
53717,0.17552502
42453,0.9250457
86882,0.042299405
4258,0.6521865
48220,0.95020086
111803,0.4958884
68360,0.70187336
64961,0.37152475
35061,0.93913263
4420,0.81915265
90284,0.042299405
78140,0.042299405
68588,0.5846777
88539,0.042299405
28084,0.4307047
41225,0.94996256
123391,0.71717465
75797,0.042299405
122436,0.6804096
19743,0.67187816
78556,0.042299405
94849,0.25232324
64695,0.7271119
70642,0.38238132
67544,0.6890052
26565,0.74354917
53412,0.8031197
81080,0.042299405
86618,0.042299405
35331,0.22316563
91087,0.042299405
13547,0.5266537
34712,0.92357904
93483,0.20135309
55672,0.76812774
35327,0.6029834
6361,0.54599565
52021,0.3275936
1530,0.4774773
84557,0.042299405
32805,0.72901887
8844,0.64114386
31548,0.92953664
20906,0.2690262
72860,0.4912952
116480,0.65064245
29924,0.071581215
52642,0.54581475
56698,0.39508018
54803,0.689946
90729,0.042299405
2363,0.6276867
101866,0.21445607
57320,0.8207466
80667,0.042299405
39040,0.95020086
74614,0.94929814
57568,0.73305833
97313,0.54730767
10699,0.34543738
28265,0.16928233
34214,0.9523117
1427,0.3982755
43532,0.9269657
87680,0.042299405
90161,0.042299405
28883,0.77588665
101647,0.5956024
20138,0.08097476
42751,0.8161812
88759,0.042299405
104542,0.67145896
118260,0.41802168
115200,0.83655465
59145,0.6297367
121814,0.7369475
38406,0.7497565
116815,0.3812725
71051,0.5493985
93350,0.59297925
412,0.5920494
36623,0.946063
16317,0.31404623
102889,0.2957798
95999,0.6339542
19217,0.89878726
37602,0.73488027
6814,0.4538509
40747,0.7269722
93672,0.2694145
81348,0.042299405
75833,0.042299405
48868,0.4774773
71712,0.30645418
113031,0.537336
79720,0.042299405
95093,0.33674085
36325,0.8044135
101821,0.38132983
27512,0.1940831
112624,0.71763843
83442,0.042299405
9455,0.22316563
26606,0.70757115
104980,0.5194366
82355,0.042299405
40628,0.7269722
71868,0.21398927
25827,0.16846552
10883,0.61522657
35241,0.8207466
25875,0.64918274
696,0.94996256
11707,0.36874843
56750,0.9250457
16039,0.61522657
96319,0.31206474
8590,0.69413877
43191,0.8505217
58441,0.36202234
25362,0.8207996
7820,0.24617139
50784,0.5539966
61214,0.68879247
65681,0.9477746
76675,0.042299405
11827,0.21303168
17888,0.93574846
23113,0.61580956
29903,0.08472232
79150,0.042299405
23130,0.2855446
17596,0.71138984
9921,0.3249235
49605,0.68687075
124675,0.78524405
7677,0.81222713
7265,0.31162477
516,0.3882269
106416,0.42182922
94152,0.90840834
61045,0.8207466
98739,0.14490858
100679,0.525058
28610,0.38173825
100140,0.5749036
13398,0.43836656
6671,0.1818196
36582,0.8043568
14848,0.460456
89350,0.042299405
17735,0.21909112
2490,0.28002003
109461,0.17898153
7811,0.22010066
94348,0.4912952
42679,0.9523117
11772,0.4481545
3556,0.23381156
77666,0.042299405
55804,0.8031197
86880,0.042299405
9209,0.8637607
72689,0.5735838
107364,0.90840834
81271,0.042299405
65086,0.73488027
4443,0.80044043
103211,0.21846148
3779,0.24737911
51609,0.54581475
69373,0.5653206
67370,0.33666763
100727,0.35532045
123144,0.63093436
16981,0.85711795
92637,0.5625888
46395,0.732411
95583,0.33674085
120430,0.7033534
46187,0.9523117
29096,0.77588665
92149,0.3654535
87315,0.042299405
2949,0.6501359
38200,0.7522791
26088,0.41360265
11378,0.18685462
41286,0.72814405
56403,0.946063
71429,0.21726793
51539,0.21125475
104495,0.64709336
121941,0.8161812
32422,0.9523117
21881,0.9487389
105203,0.4912952
111918,0.71763843
73219,0.28830096
75815,0.042299405
47886,0.8110535
38045,0.95020086
47236,0.5472083
122441,0.5113884
34122,0.9250916
17358,0.73020875
77232,0.042299405
85461,0.042299405
65431,0.1601529
61252,0.2874603
60391,0.8043568
30649,0.8676704
70962,0.8569112
104262,0.5972017
80153,0.042299405
70490,0.2750484
33546,0.19215736
124570,0.7665315
15768,0.5576651
95396,0.61743486
45470,0.89878726
77620,0.042299405
35863,0.92953664
113628,0.39508018
49427,0.78524405
5822,0.48954934
24854,0.2192887
65868,0.8207466
1649,0.7133811
71977,0.35399884
88076,0.042299405
87682,0.042299405
67323,0.2631409
123179,0.7534511
45490,0.28695303
68229,0.38409278
5564,0.87456024
43804,0.7375003
17822,0.89878726
119147,0.67236716
23991,0.61881745
104375,0.68320847
64747,0.73305833
67703,0.5956024
43179,0.76100886
63567,0.8909555
84699,0.042299405
99993,0.22136773
79681,0.042299405
50815,0.5227884
61751,0.5265537
30212,0.44207984
100995,0.26333526
41726,0.89878726
104814,0.59418905
39616,0.3812725
13716,0.26841938
47460,0.6362247
105564,0.69684905
115583,0.7414636
103669,0.59351325
90321,0.042299405
76852,0.042299405
103301,0.36740533
86734,0.042299405
6833,0.90277
112067,0.45393088
38499,0.2550372
99936,0.25974354
111751,0.5227884
74508,0.16452989
64788,0.29620704
92043,0.3516933
46884,0.9250916
111232,0.2802034
94703,0.13415356
36767,0.9250916
43537,0.58607644
25412,0.93913263
46496,0.8676704
117369,0.54581475
106051,0.7322669
54288,0.82966644
108508,0.68320847
65995,0.38300097
32285,0.2469052
48059,0.3342711
35999,0.9523117
97769,0.23488742
35013,0.9523117
28727,0.8319426
43709,0.9250916
918,0.94079983
74524,0.18387589
36304,0.92953664
81891,0.042299405
108569,0.9135301
54640,0.5191073
55800,0.93925244
84717,0.042299405
58522,0.8207466
13676,0.38300097
23014,0.89878726
13674,0.1786755
25578,0.87456024
77423,0.042299405
54032,0.5317508
73195,0.5704051
35693,0.7566842
50886,0.31139594
32066,0.93574846
42317,0.37551606
63256,0.70757115
70761,0.41293272
13865,0.63892925
49104,0.8505217
67278,0.5767582
109536,0.2912829
81085,0.042299405
66520,0.25949326
43298,0.86236817
25111,0.94996256
8183,0.4003917
36759,0.8207996
15946,0.5919433
35834,0.8207466
99523,0.5863973
45785,0.34486023
6888,0.3654535
12863,0.22316563
26821,0.9462237
3283,0.6749027
54231,0.451329
46290,0.8207466
47995,0.78409976
50352,0.66470563
73971,0.6550291
66882,0.2718878
99253,0.38651696
43834,0.2690262
87640,0.042299405
53470,0.82966644
53805,0.6831149
96999,0.34977314
116840,0.2178324
34845,0.9250457
112443,0.46299407
96291,0.4314805
46554,0.94996256
97960,0.36890474
92063,0.424223
42993,0.9487389
74281,0.36890474
18330,0.16846552
390,0.8073304
31497,0.943447
45818,0.7296874
109501,0.40277353
23449,0.2690262
123979,0.73210716
103995,0.25216073
42252,0.525903
2138,0.8248936
40,0.75277424
62362,0.8207466
69969,0.42709547
10140,0.36769715
37878,0.94996256
103023,0.27891126
97363,0.6427586
63910,0.8043568
110813,0.16635628
97084,0.25834355
90535,0.042299405
102826,0.6942485
103,0.929919
26662,0.8385467
107464,0.1418341
68659,0.53580344
103166,0.21398927
95420,0.30697477
671,0.94996256
94059,0.90537584
9402,0.35532045
54126,0.4874571
24057,0.16846552
108849,0.18694404
25427,0.94996256
30235,0.93574846
65807,0.8207466
29209,0.6782537
53019,0.79820716
76187,0.042299405
69995,0.2641915
8030,0.5757719
15516,0.64421976
37033,0.93913263
123284,0.9226429
106092,0.59502816
52940,0.5191073
6131,0.3750615
77086,0.042299405
26365,0.57510823
101455,0.24351414
122109,0.49456495
31713,0.93913263
104717,0.37307182
34634,0.8482609
47734,0.79399997
122913,0.5113884
13755,0.5749036
24920,0.8207466
56363,0.89878726
26412,0.8099974
81127,0.042299405
92400,0.5829166
93008,0.9449327
2292,0.7849204
2324,0.37996855
77959,0.042299405
41932,0.9250916
71338,0.6809051
12618,0.61191213
70091,0.64154196
97016,0.5653206
58147,0.68879247
104396,0.6005577
58953,0.8207466
85947,0.042299405
73488,0.57510823
25770,0.6627711
79576,0.042299405
124256,0.7020164
1311,0.8231943
1104,0.7770851
75938,0.042299405
30309,0.62274843
42139,0.94996256
69810,0.30210668
26739,0.77588665
31724,0.95020086
5330,0.59975415
106246,0.90840834
34244,0.9250916
31640,0.9523117
112342,0.71763843
77865,0.042299405
18814,0.9250457
41107,0.87456024
30882,0.92379194
59350,0.7662721
119119,0.6732954
109926,0.30460352
67829,0.6459005
109196,0.19916667
86910,0.042299405
15904,0.38300097
117736,0.7524114
72649,0.35399884
34038,0.17000842
52891,0.21146478
60429,0.73305833
7903,0.60988903
3648,0.2863584
92909,0.95167696
50306,0.7534511
18816,0.9250916
110999,0.542151
51474,0.85423577
5891,0.17398563
41866,0.37551606
59263,0.40212277
75274,0.042299405
77176,0.042299405
7806,0.26297393
72124,0.48580244
54453,0.35650438
49009,0.944549
87488,0.042299405
123409,0.7033534
111118,0.4079794
20403,0.7770851
83444,0.042299405
8561,0.60976607
81419,0.042299405
34718,0.940431
33626,0.29157576
39538,0.929919
4327,0.94084144
31648,0.55590624
46274,0.9250916
18877,0.92953664
46570,0.94996256
96639,0.47761396
121609,0.80682105
123186,0.8048856
36050,0.7824239
80150,0.042299405
6726,0.63315564
73594,0.5704051
113519,0.738718
120265,0.7589587
95887,0.78108567
40871,0.57372385
13488,0.5767582
50219,0.71047175
53337,0.79978114
35534,0.80176836
98844,0.3069188
25471,0.9352508
17081,0.8043568
105410,0.61743486
85115,0.042299405
4744,0.41360265
4606,0.9073345
94566,0.19766068
44287,0.73020875
13643,0.4003917
79621,0.042299405
93280,0.42182922
32950,0.16846552
34256,0.31139594
107293,0.60113144
113790,0.6622295
115872,0.67470163
7166,0.4538509
59616,0.94647884
74973,0.042299405
104499,0.27920705
16445,0.39683107
70694,0.72421074
13115,0.95167696
6523,0.12410295
25506,0.94996256
20172,0.68992627
38148,0.8207996
68215,0.60127157
14226,0.27685833
101540,0.54599565
118660,0.6327601
52676,0.25480855
24059,0.16846552
36666,0.49265552
105293,0.72421074
86454,0.042299405
108974,0.3049697
74198,0.3157279
58671,0.73806477
70830,0.3244312
2689,0.18550186
54709,0.4874571
29582,0.6642
820,0.943447
32442,0.8383232
71711,0.33674085
6029,0.06447654
27062,0.40955377
37102,0.8383232
61084,0.8220709
12861,0.269074
121558,0.8766096
39004,0.85096294
66613,0.5653206
115199,0.80744815
85517,0.042299405
23832,0.7891144
103494,0.38676816
120034,0.76505715
120074,0.55590624
16028,0.42709547
117746,0.82391095
12456,0.3275408
79374,0.042299405
5194,0.9480592
70981,0.6337623
117183,0.291994
110032,0.33237293
89210,0.042299405
34683,0.7068884
30870,0.82701147
35611,0.95020086
60204,0.7838426
34523,0.5900412
57612,0.8482609
91814,0.07983682
17743,0.5545996
117661,0.69266546
64392,0.912004
38020,0.92953664
9060,0.78726757
6746,0.35532045
116406,0.51533055
4344,0.9480592
114958,0.62815684
97277,0.5708834
58084,0.5920494
117035,0.6327601
113129,0.2550372
82466,0.042299405
8631,0.60976607
95322,0.23478271
69177,0.3948916
77663,0.042299405
37096,0.8207466
104157,0.57510823
38121,0.71138984
50967,0.7033534
8724,0.29210848
90521,0.042299405
38817,0.92953664
32629,0.944549
25669,0.6642
88355,0.042299405
39804,0.9523117
69657,0.94551253
97618,0.5653206
118900,0.7665315
104065,0.38173825
43699,0.7566842
29965,0.06470332
53483,0.5182382
122626,0.74626434
85744,0.042299405
33429,0.5450688
42689,0.89878726
25511,0.9448827
11830,0.15964955
6108,0.1581939
11422,0.45222095
101373,0.4481545
120764,0.77026075
69356,0.5493985
120577,0.4605606
121888,0.7661917
40774,0.8027489
58572,0.8220709
119114,0.3812725
20675,0.8830769
84881,0.042299405
83166,0.042299405
69026,0.5444087
67941,0.5266537
73252,0.40771678
2863,0.14774123
116848,0.36202234
121304,0.5723481
5047,0.9073345
63479,0.8031993
10163,0.6334622
109174,0.16136102
115575,0.5113884
22290,0.8382824
3287,0.69588417
12325,0.7570681
89980,0.042299405
93958,0.2597252
106543,0.5972017
22476,0.75044024
118478,0.36693445
101064,0.551814
87748,0.042299405
21173,0.16846552
115152,0.6466216
3146,0.5219026
44175,0.32392246
63215,0.94647884
76242,0.042299405
92332,0.7697156
33090,0.93574846
36230,0.3882269
9357,0.34157243
96940,0.78953385
66086,0.5031104
95402,0.5897921
92456,0.60976607
31888,0.95020086
116324,0.83655465
43086,0.22316563
34427,0.944549
121177,0.23662554
97411,0.6427586
92988,0.95167696
69243,0.27617005
62159,0.9416098
76119,0.042299405
90482,0.042299405
110135,0.20851699
115755,0.78676254
99013,0.57096535
84143,0.042299405
104743,0.4650849
109522,0.20427777
87175,0.042299405
59840,0.71672434
80541,0.042299405
23811,0.8043568
65568,0.7006684
96455,0.21451442
39867,0.92953664
73315,0.28045914
68866,0.06447654
82970,0.042299405
80138,0.042299405
100550,0.23141901
77859,0.042299405
23393,0.4689718
52441,0.31139594
8327,0.28798637
57522,0.78409976
105976,0.9135301
96889,0.65132916
121588,0.8533859
40668,0.95020086
52074,0.8766096
51469,0.8533859
103058,0.20367782
11066,0.5751951
66855,0.36874843
68635,0.47922328
81374,0.042299405
18466,0.67187816
104268,0.6329326
79926,0.042299405
121548,0.8036963
3151,0.38975224
95690,0.32021287
77853,0.042299405
83811,0.042299405
72130,0.61743486
44476,0.9523117
116932,0.67470163
77703,0.042299405
81667,0.042299405
114805,0.67470163
97571,0.22320224
73005,0.9400095
55164,0.24988288
16966,0.7446525
57068,0.946063
16836,0.8399524
47658,0.943447
99592,0.56492794
10197,0.24765624
69568,0.197404
94949,0.2987697
110195,0.2912829
118557,0.21445607
64272,0.8048856
44862,0.73305833
9823,0.26478872
682,0.94996256
88247,0.042299405
32702,0.8207996
58067,0.5905028
24389,0.42209443
102930,0.4679198
74320,0.6809051
15725,0.0833434
8982,0.47922328
36359,0.92953664
34468,0.73806477
11402,0.7212874
80658,0.042299405
68490,0.54768926
114891,0.4356394
30906,0.945651
87843,0.042299405
63925,0.4421084
6011,0.06447654
98331,0.56298167
79730,0.042299405
54495,0.79820716
14500,0.94929814
37629,0.92953664
51718,0.52798307
36733,0.94996256
68071,0.79476154
13802,0.34977314
89130,0.042299405
85727,0.042299405
47657,0.93574846
87894,0.042299405
19605,0.42592373
29236,0.8161812
87513,0.042299405
32104,0.94996256
116139,0.66786546
5780,0.66723263
45108,0.946063
75285,0.042299405
86862,0.042299405
40655,0.912004
39291,0.80176836
67206,0.20697543
10993,0.51791954
25294,0.9117612
15818,0.21039005
88522,0.042299405
80133,0.042299405
7108,0.4611272
100296,0.5675377
65883,0.525903
35389,0.2690262
57145,0.5618489
121261,0.67470163
22144,0.9487389
118839,0.65064245
51117,0.4356394
70703,0.6482785
117441,0.31255051
39107,0.94996256
105773,0.22144884
28042,0.7627666
73927,0.44604823
48183,0.8383232
260,0.83342713
79671,0.042299405
79546,0.042299405
97243,0.5576651
96512,0.33011934
101386,0.3336114
59294,0.7133811
32596,0.9190161
57724,0.7497565
28718,0.8099974
30658,0.93913263
91276,0.042299405
84398,0.042299405
77616,0.042299405
86358,0.042299405
104501,0.3061297
65821,0.525903
65923,0.5653206
120979,0.89026135
83132,0.042299405
80005,0.042299405
105215,0.60732734
32480,0.9477746
21154,0.3156893
3827,0.2597252
22714,0.72901887
83765,0.042299405
59517,0.8671329
60792,0.7891144
95349,0.1761025
5046,0.8956855
122742,0.78804094
124219,0.8146275
52485,0.44052735
102179,0.94551253
17662,0.73305833
46998,0.8207996
109236,0.16166395
63225,0.9462237
36485,0.8814742
76577,0.042299405
91936,0.20427777
7991,0.23023438
119776,0.78524405
74292,0.4003917
82083,0.042299405
86849,0.042299405
70984,0.8220191
11208,0.7212874
116635,0.36202234
5918,0.64421976
13829,0.3620785
28812,0.8319426
34748,0.18885988
12792,0.46220925
66821,0.5653206
91961,0.3087267
16032,0.1786755
59786,0.75277424
40326,0.94996256
73920,0.28774977
89756,0.042299405
117324,0.42631826
12643,0.38300097
98838,0.6427586
9166,0.3750615
124846,0.91567284
114821,0.7931339
100880,0.8515394
26968,0.67054176
114123,0.291994
117707,0.5227884
55705,0.56184405
115914,0.65064245
10688,0.64114386
56881,0.8676704
112832,0.65064245
86891,0.042299405
121519,0.7589587
98008,0.90840834
62096,0.93925244
34373,0.5597396
41156,0.7824239
84870,0.042299405
34981,0.8814742
113522,0.75732315
86256,0.042299405
83598,0.042299405
50391,0.6187189
56884,0.9250916
59054,0.8207466
102542,0.47188228
102394,0.3300064
84603,0.042299405
67099,0.56401885
51673,0.30889368
34673,0.8753827
34667,0.8385467
76993,0.042299405
14341,0.22586559
48611,0.9250457
97832,0.37561303
9416,0.5444087
69676,0.94551253
86387,0.042299405
102153,0.9275306
53306,0.800668
67861,0.1987928
82745,0.042299405
79102,0.042299405
86342,0.042299405
68729,0.19821034
115299,0.66786546
115498,0.77026075
118318,0.18853994
45167,0.31962118
81605,0.042299405
10656,0.34977314
60454,0.41177186
65642,0.79061276
106996,0.6036755
21680,0.71672434
90973,0.042299405
24063,0.1337021
34182,0.92953664
64871,0.7891144
43225,0.94205046
63636,0.8207466
95705,0.4650849
99009,0.57096535
38113,0.7133811
29444,0.19955117
54839,0.64448005
3468,0.40771678
92111,0.54730767
56775,0.8207466
40447,0.929919
77018,0.042299405
13126,0.90537584
76919,0.042299405
29943,0.071581215
67637,0.36874843
72703,0.57853603
40435,0.8090711
81129,0.042299405
118914,0.27155393
41561,0.93913263
79519,0.042299405
56104,0.9462237
73412,0.6409952
21872,0.94205046
40814,0.92379194
114030,0.49265552
118319,0.15899941
99701,0.5266537
75693,0.042299405
124541,0.86647916
29000,0.739528
6911,0.59224993
13297,0.8220191
119042,0.75512433
54044,0.35650438
101799,0.5266537
56612,0.7497565
108291,0.72421074
33199,0.82626796
105078,0.6453076
111561,0.5989355
58624,0.9487389
71484,0.36165443
29878,0.09232185
37233,0.8207466
28985,0.38173825
14749,0.8779773
33690,0.9299622
116536,0.7613734
28770,0.8099974
79435,0.042299405
107224,0.94929814
68791,0.08997259
115985,0.74535906
114267,0.7570681
102702,0.5653206
94922,0.33674085
76574,0.042299405
81806,0.042299405
4084,0.90567017
95829,0.2159029
105033,0.23667341
75278,0.042299405
17117,0.44442147
37056,0.9523117
68221,0.5444087
113384,0.17872374
73762,0.65201336
53158,0.706142
97008,0.5957432
111426,0.12948851
89098,0.042299405
75178,0.042299405
109962,0.3053414
13182,0.78726757
376,0.21115834
108559,0.879441
37761,0.93913263
74551,0.8569112
118586,0.15111277
31774,0.92953664
69093,0.42709547
117120,0.43635744
45938,0.72901887
42721,0.8383232
31457,0.58627796
109264,0.22722389
6909,0.2688145
78426,0.042299405
12955,0.45222095
22983,0.22962523
108318,0.36874843
47601,0.92953664
80113,0.042299405
72760,0.5863704
74722,0.34106764
889,0.943447
43857,0.7080981
54601,0.23071243
33099,0.23323603
10068,0.5566686
57430,0.7662721
94622,0.18986186
78893,0.042299405
50218,0.71047175
43470,0.8505217
71197,0.53580344
68251,0.6647118
103370,0.19829483
63777,0.7508416
100617,0.54730767
77705,0.042299405
96653,0.62710184
74398,0.5898256
91561,0.042299405
53784,0.237405
105612,0.22144884
52855,0.16779724
109273,0.27035272
100954,0.26235777
65746,0.41802168
29674,0.3920284
2293,0.8248936
10832,0.81222713
88234,0.042299405
15342,0.27612874
5134,0.9366573
81868,0.042299405
58842,0.8382824
45710,0.7269722
120795,0.7819402
94799,0.19855602
87920,0.042299405
84180,0.042299405
46618,0.93574846
102798,0.3951383
96365,0.2135487
30008,0.06470332
81620,0.042299405
91100,0.042299405
36597,0.89878726
89564,0.042299405
26752,0.79312044
70874,0.38300097
85620,0.042299405
56617,0.7770851
119929,0.6327601
95898,0.6050565
109087,0.21002513
122255,0.2533619
10611,0.5920225
15518,0.8779773
78661,0.042299405
26260,0.5194558
104627,0.6544311
103826,0.90840834
29082,0.54791254
44863,0.8231943
95146,0.6925649
61453,0.95020086
57799,0.5113884
39818,0.9523117
100926,0.33666763
92884,0.90840834
29628,0.6749833
6912,0.7770851
35997,0.9523117
61980,0.71138984
95171,0.58819026
80624,0.042299405
20298,0.8207466
70030,0.6359238
109114,0.2912829
100789,0.32861578
74441,0.605124
104276,0.7409207
119281,0.64918625
46941,0.8814742
14050,0.5051237
63516,0.93925244
72034,0.36374614
122900,0.77026075
103757,0.44944507
101669,0.8908866
24245,0.37555605
85308,0.042299405
120084,0.32082638
85868,0.042299405
21689,0.8480095
108237,0.95167696
96574,0.40771678
107962,0.26333526
31441,0.74354917
96197,0.2601097
122373,0.6732954
77860,0.042299405
60382,0.8207466
109816,0.23218831
81084,0.042299405
98398,0.6234635
48767,0.73305833
24119,0.071581215
37951,0.89878726
103843,0.41360265
90372,0.042299405
54037,0.53088397
123011,0.4774773
13078,0.8843069
67882,0.32338005
81143,0.042299405
65851,0.8043568
67976,0.5829166
19256,0.80577356
58385,0.58607644
74267,0.2688145
122061,0.24314992
86462,0.042299405
115097,0.65064245
94557,0.22402407
41384,0.75873256
10816,0.5444087
84859,0.042299405
29114,0.74354917
33615,0.42147812
54704,0.5191073
94382,0.23928337
78836,0.042299405
10835,0.33666763
34955,0.9462237
76411,0.042299405
81937,0.042299405
96105,0.40771678
71296,0.87456024
49481,0.36202234
16831,0.8214037
88973,0.042299405
106606,0.2849689
96592,0.42182922
122391,0.46299407
94989,0.6180691
28945,0.632249
62795,0.78419435
76998,0.042299405
37645,0.94996256
18200,0.8110535
101940,0.73714685
16012,0.19367054
89565,0.042299405
31882,0.93997115
75559,0.042299405
113407,0.71763843
76995,0.042299405
109,0.93913263
9123,0.59224993
125018,0.64510864
94358,0.4912952
32434,0.9523117
122281,0.54581475
78629,0.042299405
96075,0.4849329
3277,0.6749027
67202,0.2750484
99709,0.525058
54447,0.624705
80980,0.042299405
14103,0.8779773
93546,0.1732547
125101,0.36202234
14579,0.90537584
58273,0.8207466
26286,0.7269045
89282,0.042299405
115849,0.8319426
110565,0.26110137
52598,0.4356394
102327,0.14613277
100945,0.65249157
72695,0.38676816
112421,0.648536
67581,0.5767582
6522,0.12181593
411,0.8676704
3678,0.1761025
58077,0.68879247
94838,0.6005577
26224,0.63373584
1329,0.9250916
96195,0.27317134
31152,0.35814682
22499,0.8613749
38258,0.944549
88264,0.042299405
3776,0.403881
111621,0.48193872
30043,0.41360265
52703,0.55470836
75056,0.042299405
19666,0.9438819
89811,0.042299405
51676,0.20578605
99281,0.31599456
119544,0.7665315
59585,0.8830769
34216,0.9445681
93631,0.64073044
72218,0.27920705
70683,0.33883312
77313,0.042299405
99006,0.57096535
123713,0.542151
62854,0.7092052
116263,0.78524405
52780,0.6936065
61337,0.20440002
121069,0.37555605
40450,0.9352508
116724,0.67586255
88252,0.042299405
20476,0.7893003
33836,0.2178324
14780,0.94929814
32064,0.92953664
3862,0.61661226
66270,0.5767582
36137,0.944549
46446,0.9477746
29889,0.09232185
109157,0.17898153
124230,0.88426673
117478,0.6936065
11258,0.44364214
75531,0.042299405
92594,0.25045875
27678,0.1761025
48088,0.20443204
116434,0.5113884
51470,0.85423577
64537,0.9523117
44605,0.946063
78618,0.042299405
48354,0.8207466
61697,0.8207466
11506,0.24378362
3578,0.2863584
96069,0.26668823
19458,0.87477696
88692,0.042299405
82033,0.042299405
112578,0.34106764
15333,0.39683107
20950,0.7249829
120530,0.525903
102100,0.28798637
88580,0.042299405
2720,0.13873824
32634,0.9448827
98486,0.5653206
95701,0.5926731
1984,0.2969629
59223,0.9462237
5674,0.5863746
89430,0.042299405
14031,0.9227343
87218,0.042299405
79619,0.042299405
103059,0.16990624
49147,0.21445607
94210,0.65570897
46712,0.94996256
120809,0.5113884
13022,0.41090083
54840,0.5191073
90446,0.042299405
47630,0.9250457
61514,0.55227727
108612,0.5829166
88517,0.042299405
59901,0.7891144
43734,0.8383232
90505,0.042299405
80675,0.042299405
72995,0.92601985
77738,0.042299405
56195,0.6911434
302,0.7427091
52378,0.54979146
29147,0.8482609
340,0.8671329
86201,0.042299405
121107,0.6657524
11333,0.44056034
52704,0.55470836
30763,0.94996256
21226,0.09232185
74840,0.37561303
98200,0.95167696
107312,0.90840834
17263,0.69516015
98325,0.5266537
112028,0.48193872
117630,0.7159984
57184,0.713902
118151,0.25491762
59139,0.78409976
69565,0.24283268
79711,0.042299405
117415,0.41731146
88013,0.042299405
103201,0.58197093
36618,0.943447
46909,0.93716574
80128,0.042299405
30920,0.6306424
24840,0.79399997
112906,0.83655465
469,0.10882427
21256,0.071581215
41919,0.3812725
16871,0.8207466
34809,0.71079046
70924,0.9324763
84136,0.042299405
59305,0.72901887
92254,0.5433626
5758,0.34157243
11444,0.5082825
48863,0.67544264
114789,0.8129815
113349,0.542151
91402,0.042299405
67693,0.5653206
86836,0.042299405
19239,0.42494982
35721,0.9250457
95118,0.7093988
118204,0.25064898
74308,0.5957432
34223,0.9523117
45004,0.45070684
100526,0.56650037
124872,0.9363362
64942,0.28871626
1357,0.9250457
10370,0.69490385
103421,0.61859137
66445,0.39683107
123543,0.6936065
64446,0.9523117
96902,0.24351414
106570,0.56492794
79033,0.042299405
79290,0.042299405
21013,0.80577356
121074,0.27685833
40241,0.80176836
59961,0.78622967
36549,0.8231943
66633,0.16463992
51457,0.6919991
37486,0.7635397
17510,0.24704227
92250,0.3948916
22074,0.8207466
73097,0.69684905
96047,0.67967427
41043,0.36202234
35473,0.8043568
48172,0.90650797
83688,0.042299405
104957,0.32021287
119979,0.7534511
119645,0.63127166
113331,0.48193872
109566,0.13585882
11259,0.3069188
3316,0.38676816
114384,0.31591785
46226,0.9523117
37729,0.8207466
72210,0.64841014
17674,0.7640816
31154,0.6481269
55355,0.79820716
40084,0.943447
46245,0.8231943
114291,0.6327601
22466,0.9462237
74190,0.37709853
55746,0.82966644
74024,0.2782078
24698,0.9448827
66472,0.39683107
98047,0.25060335
95883,0.6050565
46203,0.945651
21629,0.72901887
76276,0.042299405
67828,0.5675377
77252,0.042299405
78676,0.042299405
70195,0.90537584
86903,0.042299405
5660,0.5941222
49142,0.19367054
15883,0.9227343
115753,0.7665315
96176,0.61661226
40600,0.7167926
31013,0.92953664
117532,0.7661917
105133,0.8582086
41713,0.40212277
10444,0.13873824
99580,0.56650037
16505,0.78562415
124400,0.78804094
93413,0.5304661
115130,0.5395169
105807,0.24351414
104500,0.6005577
78918,0.042299405
30385,0.9448827
42886,0.88123083
58667,0.9056515
24266,0.9250457
17990,0.5905028
59418,0.8043568
3878,0.2655236
4140,0.74615186
93774,0.4784825
55377,0.7287413
70960,0.46739212
78010,0.042299405
7051,0.8605365
108499,0.72421074
115457,0.41177186
113912,0.4551359
13470,0.6390857
89302,0.042299405
15816,0.39793688
39376,0.93574846
63623,0.8207466
58210,0.943447
54278,0.4874571
94751,0.21146478
55748,0.82966644
48946,0.21224344
12447,0.54599565
81096,0.042299405
121837,0.74126625
52008,0.63060707
104292,0.9366573
20648,0.8207466
86218,0.042299405
13654,0.34977314
113602,0.195731
4042,0.6180691
8210,0.60976607
55049,0.5369713
112201,0.6038563
85597,0.042299405
51192,0.8248301
16338,0.28311536
120090,0.73245615
86992,0.042299405
113742,0.6559595
5499,0.61191213
96580,0.48132953
42537,0.8231943
83875,0.042299405
38143,0.46299407
47269,0.79399997
22212,0.8752638
12165,0.54599565
28203,0.18823357
120758,0.78524405
22519,0.3156893
66956,0.5433626
34590,0.8207466
71310,0.4481545
63146,0.85711795
97464,0.94551253
59256,0.78409976
23858,0.37555605
51818,0.85423577
96425,0.58388937
62358,0.8207466
26527,0.39957526
21976,0.16846552
53112,0.706142
32587,0.83342713
67533,0.79476154
34578,0.8207466
52095,0.9204868
27481,0.36740533
100917,0.94929814
124643,0.92410934
84208,0.042299405
77882,0.042299405
11274,0.73583424
109843,0.23134391
41677,0.17083454
34836,0.8515394
33770,0.14223108
47398,0.9523117
62543,0.70638406
50533,0.92410934
98612,0.44364214
85902,0.042299405
54870,0.8671329
41207,0.94996256
71530,0.58593714
119550,0.42209443
9889,0.3948916
3030,0.61743486
7574,0.58725464
11195,0.21606532
90548,0.042299405
54667,0.9124725
68799,0.07888915
58286,0.8207466
61684,0.26915288
91043,0.042299405
100422,0.5400344
70199,0.8843069
30851,0.44501498
11083,0.2438233
33432,0.8043568
30811,0.94996256
1674,0.34101686
77762,0.042299405
41266,0.3900109
61845,0.8913875
3246,0.8248936
16413,0.14563619
64142,0.824784
1566,0.713902
118336,0.70769304
56499,0.86236817
79098,0.042299405
100624,0.36381382
66250,0.27617005
61939,0.940431
17592,0.7092052
23634,0.93913263
50452,0.74126625
18314,0.3156893
45075,0.9250457
115010,0.8319426
83629,0.042299405
63010,0.80176836
63303,0.69516015
12628,0.5943037
77485,0.042299405
87210,0.042299405
48498,0.89878726
60632,0.7271119
67336,0.5576651
57387,0.88749844
47393,0.9523117
77017,0.042299405
24357,0.5920494
49412,0.9144649
23951,0.73698974
110211,0.3516933
24467,0.071581215
105322,0.5704051
107702,0.5625888
46107,0.4356394
16340,0.30106464
22081,0.8043568
30960,0.739528
77127,0.042299405
67812,0.3620785
95605,0.7750072
33756,0.2855446
11024,0.14613277
116516,0.45070684
101227,0.25140792
94404,0.4912952
27876,0.17974249
84004,0.042299405
51867,0.9226429
13324,0.88896793
98676,0.4481545
44112,0.89878726
84949,0.042299405
87558,0.042299405
21716,0.7508416
21161,0.25765663
30334,0.86173886
15955,0.39683107
40327,0.94996256
74042,0.25027937
86016,0.042299405
73941,0.5592871
65287,0.58607644
77814,0.042299405
53490,0.5182382
49320,0.86992866
13257,0.44056034
52443,0.54581475
82575,0.042299405
16431,0.17301333
83148,0.042299405
28501,0.22402407
109724,0.07250146
64651,0.8382824
16473,0.7662721
94599,0.2844175
38383,0.946063
55082,0.75263184
123609,0.7344672
32145,0.94996256
57842,0.68879247
101521,0.22316563
112876,0.6692836
99621,0.42761415
72052,0.59418905
49869,0.7665315
92866,0.19011764
9832,0.4418656
984,0.9523117
74880,0.5957432
91194,0.042299405
120848,0.49456495
77448,0.042299405
102068,0.44056034
80762,0.042299405
48301,0.4592283
6318,0.2550372
18244,0.93102473
35179,0.5900412
117967,0.23198004
51109,0.33613372
113188,0.41080713
57840,0.68879247
95597,0.33674085
15643,0.8968769
64353,0.40212277
98199,0.95167696
110046,0.20590374
66824,0.54599565
54533,0.6810758
10707,0.60976607
114782,0.4079794
110374,0.24325596
18175,0.9487389
50765,0.78804094
50849,0.65883523
108744,0.3516933
104387,0.46805072
68290,0.5675377
103030,0.22566867
94368,0.2987697
101048,0.56931484
88583,0.042299405
94976,0.6180691
80644,0.042299405
41129,0.943447
61263,0.8350134
32287,0.7891144
55236,0.6932728
111363,0.7657518
74681,0.3758474
102366,0.42709547
70381,0.2688145
60289,0.73806477
6620,0.6626437
8007,0.5625888
116588,0.7657518
61061,0.80577356
5216,0.6501359
116582,0.57020986
27136,0.24155533
48877,0.7414636
30138,0.071581215
114696,0.23923512
10944,0.34543738
86884,0.042299405
9706,0.26478872
120889,0.7978805
30795,0.944549
34022,0.73806477
96413,0.591833
854,0.92953664
2836,0.37002248
111582,0.52798307
100087,0.5956024
41065,0.72814405
76737,0.042299405
52681,0.52798307
44707,0.1761228
98582,0.31778494
91060,0.042299405
94456,0.26970667
54657,0.6699618
104086,0.48580244
16627,0.76274276
63232,0.71247566
22718,0.73488027
97705,0.57018095
113282,0.48193872
62199,0.9416098
95319,0.28741992
53844,0.23071243
95766,0.33674085
76445,0.042299405
100872,0.5266537
46025,0.26110137
93619,0.64153135
63760,0.82062954
53452,0.82966644
28260,0.17677663
60755,0.7080981
54260,0.254536
11682,0.39683107
35804,0.9445681
17283,0.70917434
87420,0.042299405
21857,0.9297529
59254,0.69176346
89286,0.042299405
113542,0.35805303
97946,0.6538477
122241,0.7534511
21038,0.5730584
20859,0.18439001
68298,0.62889886
99574,0.5780501
3771,0.24752663
42138,0.94996256
50427,0.4079794
75233,0.042299405
50152,0.3342711
11452,0.34157243
14363,0.13605064
23706,0.9523117
85994,0.042299405
665,0.9448827
80018,0.042299405
66962,0.39683107
98943,0.27612874
26630,0.79986477
2716,0.14200081
48104,0.85096294
119797,0.41731146
26142,0.54791254
54147,0.2987697
72323,0.6334158
28525,0.8482609
73166,0.26152986
81595,0.042299405
83544,0.042299405
55598,0.73567384
106293,0.90277
73822,0.45689416
61294,0.78237045
83623,0.042299405
97264,0.5550873
695,0.94996256
94190,0.95167696
43167,0.3342711
93185,0.36740533
41494,0.87456024
1797,0.78562415
52105,0.92410934
48591,0.9445681
23546,0.8383232
12047,0.90537584
22359,0.940431
113217,0.7146952
17752,0.2855446
40372,0.94996256
110717,0.70644003
45231,0.7891144
36553,0.89878726
76316,0.042299405
88366,0.042299405
114783,0.28792992
51287,0.4356394
94051,0.59502816
14778,0.9324763
2699,0.30395988
86520,0.042299405
89125,0.042299405
95043,0.4424454
45912,0.9250457
28539,0.35399884
90885,0.042299405
60743,0.6643446
87916,0.042299405
82972,0.042299405
80849,0.042299405
53905,0.5317508
60622,0.93102473
39604,0.946063
49227,0.8615049
3496,0.38975224
19806,0.7092052
12110,0.5937946
83855,0.042299405
104363,0.58678144
7227,0.14490858
43827,0.72901887
3427,0.5835271
15619,0.8779773
41653,0.9250916
69598,0.70187336
124711,0.37152475
72057,0.60732734
47396,0.94079983
93999,0.59418905
78396,0.042299405
121413,0.7414636
70914,0.8651323
64335,0.8480095
52372,0.90255684
78538,0.042299405
120859,0.6327601
84262,0.042299405
122875,0.7589587
44625,0.94996256
107092,0.92525655
38987,0.75873256
97724,0.42148593
53657,0.624705
7802,0.2688145
55980,0.7344672
84567,0.042299405
98522,0.22418214
87944,0.042299405
101907,0.5493985
6389,0.598826
105260,0.90277
7954,0.61522657
80505,0.042299405
56422,0.739572
21613,0.9462237
32529,0.72431296
61256,0.7049896
2286,0.7271119
120994,0.39508018
87075,0.042299405
9408,0.54599565
77515,0.042299405
44099,0.8207466
24785,0.41802168
100369,0.2849689
105332,0.5304661
43953,0.9448827
1862,0.80176836
45647,0.46299407
36583,0.8383232
79966,0.042299405
69459,0.4538509
82622,0.042299405
124242,0.49510035
15260,0.34859627
31378,0.946063
25070,0.944549
74900,0.38300097
117283,0.51533055
90425,0.042299405
36891,0.87456024
2077,0.61743486
80782,0.042299405
28059,0.18823357
113729,0.2586587
59188,0.7662721
84246,0.042299405
31942,0.9352508
108362,0.39683107
102690,0.8445576
61851,0.71672434
77911,0.042299405
101249,0.21300839
94971,0.33674085
31591,0.9445681
120037,0.8233581
1152,0.49695382
52154,0.49456495
118249,0.7665315
63569,0.9145446
7504,0.5767582
118518,0.65064245
74469,0.2394489
71897,0.32021287
50120,0.7192605
70753,0.54599565
96070,0.26815534
39431,0.71672434
104087,0.32021287
80435,0.042299405
115921,0.65064245
57931,0.9117612
101002,0.5757719
4128,0.30395988
77091,0.042299405
123729,0.8404911
124928,0.36202234
30124,0.071581215
96971,0.551814
448,0.13681698
49101,0.8480095
55111,0.7643699
60151,0.90147877
26097,0.8161812
75524,0.042299405
21765,0.9056515
102639,0.5956024
35966,0.9523117
68573,0.46557054
4710,0.7697156
103343,0.20766412
70640,0.31404623
85299,0.042299405
70634,0.3004571
48087,0.19217192
93053,0.8220191
36664,0.7497565
63781,0.7662721
8306,0.4611272
56192,0.6911434
38886,0.76273996
26482,0.7412633
84301,0.042299405
24935,0.8207466
12037,0.5047103
13698,0.26495987
47842,0.57020986
103242,0.3666759
636,0.9448827
75857,0.042299405
114678,0.58548
114932,0.8416641
69865,0.8077288
49254,0.8482609
37193,0.929919
119946,0.4079794
23187,0.72901887
124684,0.6727679
86872,0.042299405
51525,0.3812725
8703,0.28798637
6064,0.32423192
83446,0.042299405
110011,0.23842251
82956,0.042299405
87499,0.042299405
82715,0.042299405
35153,0.36273086
33409,0.41080713
27142,0.70582414
124239,0.92610925
56428,0.78409976
68117,0.7092768
41523,0.89878726
57974,0.72901887
93187,0.60732734
91215,0.042299405
88129,0.042299405
115367,0.4079794
113059,0.71763843
19588,0.80176836
65877,0.8207466
73157,0.39375904
51806,0.8150449
84966,0.042299405
50092,0.26469967
95524,0.28002003
124427,0.7729014
24614,0.7006684
5883,0.19315359
109286,0.12213811
116428,0.68926793
2904,0.2784762
82833,0.042299405
5349,0.6501359
1361,0.93485516
81033,0.042299405
55642,0.4874571
32083,0.94996256
41223,0.94996256
19487,0.8043568
108402,0.36874843
6256,0.47773433
45063,0.89878726
74570,0.90840834
61685,0.72868925
45481,0.5900412
73341,0.6058881
54072,0.28880244
11430,0.54599565
76032,0.042299405
21327,0.07044076
19868,0.20886658
106012,0.31993508
54206,0.5191073
96010,0.710885
106707,0.3623093
100306,0.5675377
71386,0.39683107
15409,0.90537584
66193,0.5944672
23015,0.9250457
45611,0.929919
36753,0.94996256
24160,0.92953664
95445,0.1817711
47487,0.93574846
70835,0.2750484
16319,0.30765548
67867,0.21058932
5753,0.60976607
39486,0.7717939
8493,0.60976607
109011,0.20851699
60011,0.17872374
121402,0.5214674
35977,0.9523117
6153,0.30765548
1731,0.2503729
27342,0.18884328
101980,0.76415634
122522,0.5723481
82231,0.042299405
33159,0.34049618
10864,0.34977314
8956,0.7950006
11316,0.760694
13870,0.34977314
19244,0.8207466
86703,0.042299405
50229,0.7729014
104057,0.37307182
75861,0.042299405
85658,0.042299405
62298,0.93102473
116529,0.29423013
3399,0.28741992
45711,0.5670882
49393,0.87992996
102621,0.57096535
92300,0.2802034
106369,0.94551253
19599,0.39508018
46556,0.94996256
108804,0.31889555
28701,0.739528
39806,0.9523117
84584,0.042299405
69127,0.6334622
84083,0.042299405
18973,0.071581215
66169,0.6626437
11888,0.39683107
14158,0.95167696
54444,0.46213847
10044,0.24314992
101246,0.16721283
66518,0.38300097
106623,0.39683107
122788,0.27155393
54768,0.69928765
54403,0.9462237
52647,0.69099206
122667,0.5085645
104525,0.6323624
109495,0.25156873
53233,0.9367973
63870,0.25438407
69105,0.67145896
78690,0.042299405
42475,0.89878726
120302,0.49265552
95354,0.19766068
30966,0.89878726
125118,0.75478274
120268,0.7534511
30773,0.6642
78971,0.042299405
77428,0.042299405
86722,0.042299405
69401,0.64154196
46926,0.9448827
125068,0.23989522
83844,0.042299405
115756,0.8319426
76985,0.042299405
17974,0.9523117
123364,0.55470836
95384,0.42182922
91365,0.042299405
94791,0.16193809
120937,0.67470163
40141,0.42209443
106800,0.94383633
16498,0.25438407
73082,0.646104
120996,0.2538038
112287,0.46299407
106283,0.8569112
98962,0.5829166
55823,0.5317508
16920,0.30210668
102525,0.27998954
90602,0.042299405
80342,0.042299405
108351,0.54599565
41649,0.87456024
38707,0.78409976
47060,0.14482285
2831,0.146232
66501,0.291994
99872,0.57648826
100401,0.2001843
102150,0.92408794
27622,0.13459703
44354,0.93997115
123730,0.84380853
120640,0.6368926
44268,0.61580956
46381,0.7497565
41181,0.9341388
112848,0.2849689
18145,0.9487389
75317,0.042299405
53920,0.66408443
91294,0.042299405
58980,0.80577356
33239,0.4592283
19338,0.8207466
113263,0.48193872
54547,0.580667
21433,0.93102473
11326,0.26469967
63926,0.59614986
8581,0.69413877
36694,0.946063
111745,0.6187189
84757,0.042299405
117056,0.67470163
93403,0.6058881
125080,0.65064245
49581,0.7033534
32565,0.92953664
1258,0.92953664
99903,0.36381382
60537,0.78409976
75303,0.042299405
30883,0.93574846
74201,0.7101139
85668,0.042299405
39944,0.9250457
124055,0.78676254
111951,0.51533055
16074,0.54730767
41773,0.61580956
39079,0.94996256
120109,0.65064245
24833,0.8207466
84771,0.042299405
63509,0.8913875
113565,0.68687075
111913,0.71763843
26043,0.27002808
7408,0.78249705
99891,0.5444087
115289,0.5482068
117301,0.48739704
11685,0.47135416
85369,0.042299405
96899,0.54599565
56898,0.943447
57847,0.71138984
53465,0.82966644
53539,0.5317508
101330,0.14613277
116507,0.71047175
61428,0.8913875
27395,0.19766068
61776,0.76233155
57466,0.7321874
41990,0.6880735
138,0.929919
123841,0.738718
105218,0.39375904
119583,0.2925437
118927,0.45393088
113323,0.48193872
19689,0.9462237
20216,0.7092052
87903,0.042299405
115603,0.78524405
123182,0.67118484
25190,0.94996256
85943,0.042299405
69107,0.38300097
111525,0.65819216
68412,0.5675377
38659,0.94996256
22007,0.85711795
121059,0.7665315
90707,0.042299405
7945,0.56650037
86561,0.042299405
13850,0.598826
70314,0.21621013
77068,0.042299405
88763,0.042299405
23514,0.9250457
55198,0.4874571
73485,0.59351325
91572,0.042299405
100376,0.2358583
76026,0.042299405
113448,0.69266546
40163,0.9250916
22006,0.7621468
97591,0.59791553
32493,0.63898313
111522,0.55470836
70465,0.5023317
35960,0.945651
92807,0.65570897
117633,0.4605606
103336,0.25047824
63546,0.80176836
32941,0.16846552
4846,0.73764867
123926,0.8766096
112497,0.6766472
62956,0.8043568
85506,0.042299405
107187,0.6036755
111870,0.35864118
108912,0.14319068
22356,0.9056515
59838,0.7006684
97602,0.689265
79187,0.042299405
108450,0.23614721
56962,0.94996256
23527,0.92953664
30836,0.94996256
52811,0.68160355
72360,0.22508408
33116,0.73305833
104928,0.42182922
100650,0.3654535
39221,0.78237045
119393,0.37555605
97532,0.81129676
84387,0.042299405
105352,0.90537584
14062,0.5051237
120114,0.26469967
40884,0.82626796
17983,0.7368256
10767,0.3449537
46155,0.9477746
39003,0.78237045
116342,0.8085045
23202,0.7269165
93868,0.16779724
30405,0.86173886
5980,0.0833434
63888,0.55944484
61293,0.6060048
100041,0.22996959
113488,0.79377216
38384,0.9523117
116734,0.7570681
13841,0.80074793
99464,0.21415012
99624,0.57648826
37447,0.87456024
78530,0.042299405
23085,0.7006684
14337,0.90537584
67285,0.58248377
28995,0.6777493
42034,0.93913263
32868,0.72901887
79393,0.042299405
20917,0.710074
1681,0.7412351
59857,0.71672434
110868,0.20992659
32621,0.9190161
69313,0.3758474
22546,0.16846552
116059,0.80744815
67671,0.72421074
53840,0.4874571
125111,0.25438407
20546,0.8207466
5023,0.82825625
21497,0.88749844
78344,0.042299405
111799,0.5227884
6721,0.35532045
75349,0.042299405
18730,0.929919
106350,0.95167696
59467,0.9487389
35747,0.946063
83745,0.042299405
106700,0.4003917
112510,0.6936065
79767,0.042299405
79421,0.042299405
60180,0.7080981
93237,0.78953385
9460,0.2438233
47877,0.9056515
57936,0.7497565
87593,0.042299405
54674,0.912004
124018,0.7506572
3576,0.30873707
44614,0.94996256
70958,0.95167696
52939,0.5317508
60676,0.8385467
53806,0.580667
107443,0.17168571
113933,0.7657518
65711,0.24351414
4114,0.6383791
35371,0.24594611
4058,0.3014912
52428,0.49456495
11927,0.39683107
107987,0.27686623
49898,0.36202234
84390,0.042299405
80889,0.042299405
81796,0.042299405
125180,0.87992793
5221,0.6521865
98560,0.26140323
64831,0.3812725
92783,0.5203055
45663,0.8207466
80276,0.042299405
54790,0.61127603
33895,0.13433158
10715,0.264986
54429,0.38503394
26859,0.9462237
24200,0.9250916
40348,0.94996256
94445,0.16748895
109131,0.31239185
24492,0.071581215
58356,0.8043568
30562,0.6514567
106403,0.23208158
3782,0.264833
86254,0.042299405
73312,0.3173908
109700,0.086470306
89100,0.042299405
29638,0.63373584
56086,0.9462237
73326,0.3310805
65344,0.525903
6152,0.24765624
22032,0.8043568
80902,0.042299405
78168,0.042299405
7469,0.6371487
265,0.2855446
45142,0.49044985
115811,0.52798307
21624,0.9462237
44970,0.929919
106264,0.95167696
100475,0.5233361
53084,0.87992996
50402,0.5214674
7620,0.74626434
31684,0.8676704
114568,0.7915002
100425,0.5757719
55689,0.53088397
56266,0.8043568
18202,0.8482609
73022,0.9400095
71923,0.58824277
22646,0.85711795
34631,0.79399997
19300,0.7522791
52576,0.7662721
117272,0.542151
14931,0.65496
24936,0.79399997
51396,0.39508018
25645,0.25906137
70502,0.70187336
38525,0.76889104
72799,0.7092768
33997,0.946063
117664,0.47318125
92497,0.3948916
10423,0.34517947
74124,0.6942485
79899,0.042299405
73724,0.3654535
94434,0.6058881
93077,0.9410198
26818,0.9462237
60692,0.8482609
57679,0.69681287
75376,0.042299405
91940,0.3007801
55966,0.6932462
21746,0.7508416
36189,0.72431296
72880,0.8825908
76751,0.042299405
89262,0.042299405
43846,0.6928004
14010,0.8908866
86593,0.042299405
48284,0.7296874
76623,0.042299405
109117,0.19164279
62155,0.9416098
41189,0.93997115
99783,0.46220925
109920,0.2912829
29691,0.6520083
124106,0.6692836
78804,0.042299405
100295,0.31395704
113804,0.80744815
69833,0.5051237
111355,0.22152019
104655,0.28851297
92200,0.26955813
82600,0.042299405
28794,0.8099974
19793,0.7249829
13405,0.6798071
90111,0.042299405
33873,0.4592283
3199,0.30697477
70055,0.8077288
111683,0.542151
73090,0.7322669
36115,0.89878726
124918,0.6875027
86221,0.042299405
59215,0.94205046
122051,0.5723481
43015,0.9487389
32265,0.6322653
113108,0.50741285
29321,0.59351325
102339,0.12181593
53608,0.4606821
33498,0.61580956
86900,0.042299405
98352,0.5731755
65064,0.85711795
22684,0.5472083
69506,0.6768635
70139,0.67145896
86075,0.042299405
83633,0.042299405
104577,0.6678326
71753,0.369764
17659,0.8043568
45692,0.93913263
112434,0.7033534
61637,0.19263901
82039,0.042299405
12874,0.4481545
12436,0.42148593
39879,0.94996256
57933,0.93925244
34821,0.9250457
80054,0.042299405
41110,0.9250457
7745,0.78443795
3181,0.58678144
93115,0.6246146
12190,0.5444087
49075,0.94996256
87466,0.042299405
91973,0.26039168
121722,0.7665315
48960,0.8027489
120626,0.542151
89842,0.042299405
53336,0.76986885
21564,0.9462237
74393,0.5384442
95339,0.6175419
111607,0.7102034
61606,0.57020986
94555,0.20836739
100267,0.34081352
90556,0.042299405
124779,0.6868156
3096,0.5952728
52832,0.50793314
91261,0.042299405
91873,0.25156873
94836,0.6180691
110649,0.17898153
48635,0.946063
32558,0.9299622
29229,0.739528
81726,0.042299405
114700,0.4593281
53634,0.49834597
95811,0.27726558
5739,0.33177748
121333,0.63060707
20286,0.8385467
51446,0.7159984
58927,0.8671329
23920,0.68992627
25331,0.89878726
69128,0.5215835
31995,0.70375645
4470,0.6521865
111770,0.2690262
77202,0.042299405
65918,0.4003917
39573,0.7717939
75439,0.042299405
123848,0.8319426
353,0.5920494
93745,0.4542647
3762,0.41360265
24457,0.08097476
40101,0.94996256
106050,0.596364
10845,0.31813747
5430,0.8605365
2011,0.40238434
55549,0.7662721
66117,0.43445393
45261,0.68879247
82389,0.042299405
118195,0.45758674
92161,0.24617139
10109,0.9227343
73480,0.60732734
84588,0.042299405
49983,0.2849689
48162,0.8073304
110606,0.19916667
33867,0.71763635
66101,0.6890052
29688,0.7452669
50711,0.37497485
2039,0.7640816
55061,0.32126957
66859,0.5653206
72573,0.6809051
98420,0.27612874
8078,0.38300097
68258,0.38409278
9180,0.81222713
93291,0.2143613
93110,0.65238655
70140,0.72421074
69074,0.57096535
104624,0.4523369
32556,0.9250457
124370,0.70757115
100973,0.44604823
19979,0.5920494
123190,0.8150449
110928,0.5227884
108989,0.12878017
121987,0.78524405
78679,0.042299405
98769,0.44056034
75375,0.042299405
83581,0.042299405
17226,0.2796359
5620,0.90277
60808,0.8043568
3668,0.18732141
99513,0.23198004
46651,0.94996256
122617,0.69991857
122508,0.7260696
108676,0.58248377
73314,0.27612874
38631,0.9448827
51674,0.2849689
117971,0.20963226
116511,0.45070684
89143,0.042299405
49487,0.20963226
81016,0.042299405
67043,0.25949326
111657,0.42494982
117006,0.75478274
99165,0.5937946
27675,0.25047824
27514,0.24702571
88486,0.042299405
56852,0.2690262
58445,0.6081674
79737,0.042299405
16153,0.5863746
53186,0.5317508
23820,0.79131
119003,0.7414636
48372,0.89878726
8336,0.36890474
59866,0.71672434
55235,0.76812774
103685,0.2516618
39050,0.9445681
4039,0.46700957
55020,0.33027643
46449,0.71138984
9591,0.5863746
113397,0.71763843
61165,0.8207466
41138,0.94996256
112675,0.2192887
85776,0.042299405
90165,0.042299405
13038,0.4481545
41320,0.9250457
78044,0.042299405
4685,0.6383791
78317,0.042299405
36811,0.89878726
2800,0.17627446
107558,0.90537584
83894,0.042299405
34354,0.2229628
70267,0.30765548
95501,0.333538
97955,0.6538477
104194,0.3061297
40130,0.23619367
85633,0.042299405
23732,0.945651
124610,0.8202925
92265,0.5433626
22342,0.7344672
99046,0.54599565
49532,0.54979146
122015,0.8580584
91688,0.042299405
32450,0.89878726
118065,0.39508018
59115,0.72901887
52970,0.79820716
25016,0.6934943
44252,0.912004
11219,0.8355149
101244,0.17945053
26490,0.25269666
13816,0.5266537
39960,0.6170841
7861,0.6173614
33284,0.7442079
115228,0.67470163
38586,0.92953664
105158,0.9227343
26135,0.8482609
102137,0.7439938
25191,0.94996256
106420,0.29977158
30453,0.943447
31367,0.93574846
103980,0.59418905
104088,0.21775706
14185,0.63892925
42996,0.9269657
44544,0.7824239
110862,0.17898153
42421,0.912004
89497,0.042299405
125088,0.7344672
21832,0.73482126
51981,0.3845099
97176,0.20733958
35029,0.80176836
31469,0.2441485
75941,0.042299405
28097,0.28741992
80048,0.042299405
99050,0.47922328
101201,0.5581677
21574,0.9462237
120438,0.7613734
46552,0.94996256
102546,0.42761415
106891,0.92525655
58956,0.8043568
68176,0.38300097
15511,0.61522657
113262,0.48193872
96453,0.2802034
99619,0.5943422
111024,0.20993517
69383,0.5957432
111532,0.5227884
69670,0.94551253
41345,0.94996256
16942,0.49265552
2448,0.46490556
50295,0.55470836
79218,0.042299405
48523,0.9250457
60725,0.68651223
61551,0.710074
78268,0.042299405
84872,0.042299405
102092,0.3249235
1202,0.92953664
26190,0.64918274
54259,0.3893264
115422,0.22962648
93443,0.32021287
11861,0.54599565
41567,0.93574846
102007,0.5675377
26234,0.7769837
43983,0.9448827
41327,0.9341388
10138,0.53607
51675,0.34777814
27495,0.23478271
86149,0.042299405
25835,0.13681698
61884,0.3900109
77490,0.042299405
18182,0.9487389
94634,0.27518013
119172,0.6732954
117800,0.6868156
40674,0.9448827
55207,0.6932462
64705,0.87477696
50344,0.33233824
62288,0.8638299
33814,0.61580956
77904,0.042299405
85452,0.042299405
108975,0.23106374
83992,0.042299405
30436,0.9352508
11039,0.0833434
120144,0.70757115
114690,0.42241848
25857,0.24451245
28702,0.77588665
24006,0.28456602
68498,0.32082638
44878,0.92953664
78623,0.042299405
75506,0.042299405
52646,0.66470563
28096,0.44207984
45909,0.87456024
124547,0.88790125
18147,0.9487389
40751,0.4356394
112895,0.7432826
77340,0.042299405
59514,0.8385467
77979,0.042299405
85853,0.042299405
89981,0.042299405
10223,0.5829166
22748,0.8480095
35091,0.7675776
30779,0.8676704
24872,0.57072914
40505,0.9523117
66,0.7414636
99144,0.61773074
111942,0.7159984
48599,0.8231943
43447,0.7640816
52009,0.648536
86542,0.042299405
58817,0.7840686
92652,0.35532045
65639,0.77064055
106040,0.58678144
36278,0.7688353
6677,0.18854004
91248,0.042299405
35128,0.9477746
81122,0.042299405
38278,0.9250916
41525,0.929919
38155,0.9250457
43136,0.80176836
61666,0.5265537
9769,0.63599896
106649,0.6798071
69854,0.264986
123424,0.8766096
120712,0.32082638
22966,0.57372385
74534,0.60113144
9691,0.57641
93339,0.6128666
117072,0.36202234
22036,0.8043568
92686,0.81915265
35986,0.9523117
103448,0.47761396
68513,0.40802762
89109,0.042299405
108079,0.59791553
68388,0.37353498
71156,0.38651696
89847,0.042299405
6780,0.6427586
99861,0.35532045
2515,0.7770851
116283,0.68926793
4762,0.36740533
79388,0.042299405
13688,0.5625888
1931,0.8220709
4083,0.8605365
59478,0.8220709
22108,0.9022172
67971,0.39683107
39131,0.94996256
99643,0.5953584
121042,0.16925651
87706,0.042299405
46254,0.89878726
106338,0.9449327
73571,0.60732734
125040,0.2178324
49368,0.24323128
29491,0.4976054
111144,0.55470836
45022,0.82504195
8351,0.4611272
22485,0.80176836
52680,0.2855446
20640,0.8207466
89941,0.042299405
67777,0.31404623
1855,0.80176836
24037,0.87456024
49232,0.8925794
114375,0.8129815
76819,0.042299405
48641,0.8207466
26547,0.739528
104158,0.33674085
454,0.10882427
58308,0.8383232
1501,0.9487389
88695,0.042299405
94916,0.23071243
82196,0.042299405
58327,0.92953664
101161,0.42148593
79495,0.042299405
6054,0.36874843
2233,0.9073345
40444,0.89878726
119133,0.65064245
98927,0.22316563
92837,0.5688362
66639,0.15351051
65337,0.93913263
118800,0.3882269
95346,0.194825
119381,0.67118484
110805,0.21264395
44393,0.8207466
37276,0.8207466
40496,0.9523117
77795,0.042299405
60378,0.8043568
86011,0.042299405
70551,0.3623093
15739,0.07301107
37362,0.8231943
75240,0.042299405
43438,0.5472083
83154,0.042299405
74364,0.26333526
95442,0.2870948
113984,0.25775692
4297,0.88595706
37915,0.78409976
116212,0.7819402
103291,0.5826809
33119,0.76274276
6403,0.61522657
115698,0.34486023
37081,0.8207466
33975,0.9250916
44752,0.3812725
80158,0.042299405
66537,0.264986
4863,0.6383791
1899,0.93925244
41593,0.23619367
85456,0.042299405
99953,0.5898256
69797,0.39683107
97493,0.6371487
36657,0.946063
8588,0.69413877
113929,0.699742
109730,0.07953898
9143,0.2545924
62473,0.8207466
110322,0.2211553
4893,0.92436373
124596,0.8425982
3180,0.333538
8823,0.61522657
28215,0.30645418
6482,0.36874843
121179,0.64918625
53871,0.23417515
47604,0.3812725
85958,0.042299405
37071,0.9523117
29941,0.071581215
100927,0.3524581
88838,0.042299405
38636,0.94996256
25207,0.72814405
5021,0.80044043
102646,0.5956024
108145,0.8569112
99821,0.34106764
69049,0.64154196
30324,0.86173886
48066,0.4399813
2986,0.61743486
122580,0.78524405
19926,0.71138984
95201,0.4224909
74274,0.6558881
102739,0.7111415
9434,0.47155252
72844,0.674127
2779,0.33482385
79336,0.042299405
32288,0.525903
5447,0.31404623
59527,0.92357904
115601,0.78524405
12936,0.4611272
123827,0.18067667
27274,0.20032407
103671,0.38022622
29640,0.2069135
28999,0.63373584
52145,0.49456495
82111,0.042299405
95854,0.4784825
72831,0.6331713
110207,0.2912829
71380,0.39683107
113609,0.16846552
59445,0.93102473
41885,0.1497794
81412,0.042299405
111805,0.6368926
83592,0.042299405
51236,0.33233824
14712,0.94929814
93113,0.59418905
57602,0.8043568
47907,0.7497565
34119,0.89878726
29020,0.22402407
43605,0.9022172
118941,0.68687075
55560,0.9056515
34540,0.8207466
33237,0.5597396
121768,0.5723481
33024,0.071581215
88223,0.042299405
116956,0.78524405
38359,0.9341388
38122,0.68879247
17028,0.5113884
109676,0.08200509
61299,0.5597396
63,0.710074
67038,0.5444087
34258,0.18885988
101968,0.38300097
4256,0.6501359
92328,0.24617139
54,0.57072914
38850,0.94996256
59306,0.72901887
36725,0.94996256
103999,0.22169138
106342,0.95167696
79958,0.042299405
23758,0.9523117
120719,0.75512433
61425,0.88749844
61788,0.27617005
87765,0.042299405
43401,0.9462237
45791,0.7824239
60494,0.7729732
68364,0.79476154
102551,0.2137811
27041,0.38173825
6440,0.4611272
75933,0.042299405
14649,0.94415486
98818,0.3654535
77199,0.042299405
81884,0.042299405
25157,0.93913263
1093,0.7770851
75137,0.042299405
116917,0.16112842
106766,0.90277
67431,0.39683107
8785,0.29192674
99684,0.4971667
30716,0.94996256
53875,0.31230146
53422,0.82966644
65097,0.7277527
116909,0.2586587
80943,0.042299405
16974,0.75829536
71807,0.57938457
78141,0.042299405
88048,0.042299405
36184,0.7717939
13041,0.63892925
122793,0.7414636
61590,0.78237045
90124,0.042299405
39237,0.5670882
4195,0.22664715
105770,0.22144884
112845,0.5113884
84084,0.042299405
437,0.1601529
75100,0.042299405
123866,0.37497485
31930,0.8044135
66510,0.5266537
122997,0.7033534
54949,0.88749844
14399,0.8968769
61719,0.61580956
43809,0.8676704
69022,0.6890052
72712,0.36740533
73693,0.61743486
39900,0.94996256
40529,0.9523117
91446,0.042299405
39786,0.9523117
11144,0.424223
65980,0.38300097
88963,0.042299405
93796,0.8605365
79472,0.042299405
94148,0.90277
90645,0.042299405
35491,0.89878726
7114,0.24765624
55784,0.8482609
83994,0.042299405
41468,0.95020086
10511,0.460456
7928,0.56650037
112625,0.71763843
105100,0.24155533
18216,0.79399997
63157,0.7133811
118175,0.39374745
54696,0.5191073
64330,0.41177186
35578,0.93913263
28282,0.4984756
122571,0.34106764
115222,0.67470163
123078,0.85092986
27465,0.36740533
99832,0.20443204
88686,0.042299405
22917,0.89878726
57788,0.6945804
36206,0.8043568
70163,0.59791553
13626,0.6390641
51487,0.2969629
35694,0.89878726
51925,0.8385467
31705,0.89878726
76028,0.042299405
46281,0.92953664
51237,0.28181505
64912,0.58607644
116581,0.65740234
113532,0.69991857
42878,0.80682105
84427,0.042299405
84798,0.042299405
70326,0.2533619
1975,0.8043568
86338,0.042299405
59548,0.9487389
27128,0.739528
84854,0.042299405
107557,0.90277
20007,0.92953664
117248,0.30889368
54181,0.237405
72526,0.33674085
18102,0.9487389
113817,0.82294255
69381,0.28774977
7230,0.1533329
14339,0.38132983
5678,0.36874843
93911,0.26048705
21724,0.85711795
79296,0.042299405
80311,0.042299405
49141,0.29423013
19452,0.7202399
40165,0.92953664
123732,0.84380853
91217,0.042299405
32418,0.9523117
5113,0.81753683
88999,0.042299405
6471,0.5592871
122845,0.837521
51663,0.5663562
6665,0.18092753
17864,0.89878726
95885,0.7229661
80161,0.042299405
82683,0.042299405
9800,0.27612874
93424,0.33674085
78812,0.042299405
10685,0.2374851
63347,0.93925244
25750,0.6634232
38068,0.9523117
70362,0.8220191
66756,0.38300097
14994,0.39683107
81794,0.042299405
2592,0.25047824
97747,0.3654535
7616,0.6220479
78348,0.042299405
58951,0.8043568
48949,0.4901465
97687,0.2545924
121727,0.542151
39575,0.8676704
31131,0.6749833
47367,0.9523117
22681,0.8043568
41330,0.92953664
41934,0.9341388
41275,0.87456024
56989,0.92953664
110533,0.23806477
27935,0.17677663
123799,0.36202234
82571,0.042299405
1515,0.9487389
43826,0.33209783
101546,0.5814427
105275,0.6246146
68309,0.6234635
51558,0.48758996
44058,0.929919
113351,0.51533055
76220,0.042299405
87826,0.042299405
85430,0.042299405
95968,0.19125192
69120,0.3492356
7128,0.4538509
112379,0.49265552
111215,0.40837783
95906,0.3876553
37381,0.93574846
96957,0.5266537
1699,0.8382824
76774,0.042299405
23691,0.9523117
59117,0.7497565
74901,0.31079078
3003,0.61743486
45957,0.9250916
73451,0.40771678
79428,0.042299405
12846,0.7950006
24358,0.36202234
328,0.7662721
36717,0.94996256
26975,0.67054176
107428,0.24937305
9475,0.42985216
103783,0.4650849
20471,0.7891144
19359,0.42494982
3470,0.35039923
121457,0.55470836
101654,0.8569112
20674,0.8385467
121793,0.6916024
111528,0.5354218
107324,0.9135301
103952,0.33674085
47788,0.946063
45137,0.561183
85101,0.042299405
8729,0.472872
92599,0.14774123
104429,0.59975415
25115,0.94996256
44113,0.9250457
96250,0.33011934
95080,0.70453554
35741,0.93574846
29078,0.4542647
74844,0.6678326
25223,0.7260374
15906,0.24666837
118946,0.6618315
68734,0.1909382
47418,0.26469967
22391,0.8480095
115752,0.75478274
82882,0.042299405
35678,0.9523117
21204,0.13681698
75195,0.042299405
116291,0.5113884
42044,0.943447
5611,0.87456024
57242,0.60990846
75919,0.042299405
61983,0.68879247
49248,0.8110535
122914,0.71717465
87038,0.042299405
43166,0.8480095
65154,0.49265552
40464,0.95020086
27119,0.28851297
57738,0.73363143
38718,0.77064055
81732,0.042299405
22120,0.9355363
111013,0.62452614
123869,0.37497485
9853,0.7271119
51997,0.42763534
100224,0.34517947
64131,0.72814405
19399,0.21173345
103457,0.25152624
52742,0.67470163
119638,0.6327601
34687,0.80036193
52483,0.44052735
106272,0.60732734
76439,0.042299405
83699,0.042299405
52302,0.51533055
92570,0.60976607
90722,0.042299405
59181,0.71672434
46318,0.9250916
32264,0.7891144
92487,0.64780295
57813,0.7030056
60464,0.5113884
1750,0.6008151
9887,0.7414636
120874,0.54581475
92558,0.31404623
36615,0.944549
31443,0.5194558
65835,0.525903
8324,0.57641
71337,0.59791553
42831,0.16242786
24408,0.20041421
69039,0.57096535
78657,0.042299405
99219,0.26140323
50803,0.50203353
97188,0.3654535
69435,0.2669626
7210,0.27998954
47796,0.9445681
7916,0.541883
99256,0.5266537
110716,0.24670176
99528,0.48954934
11184,0.22962523
7586,0.5400344
22372,0.78562415
75666,0.042299405
92465,0.63892925
67405,0.5266537
62823,0.8830769
65488,0.20096341
49798,0.8766096
21621,0.9462237
58124,0.67187816
113805,0.83655465
22886,0.73305833
84905,0.042299405
102407,0.4971667
28162,0.23812072
53299,0.79978114
12769,0.1960661
70956,0.94929814
7674,0.59224993
25363,0.89878726
104538,0.58593714
86418,0.042299405
106404,0.22144884
43524,0.94205046
50737,0.24314992
28552,0.23768196
8147,0.5638913
54591,0.8141357
88677,0.042299405
33542,0.2229628
87449,0.042299405
122316,0.64918625
73637,0.27617005
61897,0.5747356
104318,0.7395619
43455,0.8480095
82772,0.042299405
21101,0.35805303
1302,0.37555605
42207,0.9523117
111580,0.55590624
57488,0.8043568
829,0.8207466
45885,0.7497565
9155,0.24988288
21824,0.3812725
93940,0.71181
55136,0.6788998
36181,0.7006684
15301,0.16896287
104565,0.4314805
38352,0.9250916
112183,0.67470163
83123,0.042299405
27590,0.123340815
17269,0.4079794
27705,0.7412633
69269,0.7092768
40342,0.94996256
63511,0.940431
110557,0.21264395
36750,0.94996256
8916,0.24351414
47340,0.89878726
37174,0.5900412
61645,0.68879247
24752,0.9462237
19809,0.71138984
10643,0.31162477
32988,0.09232185
26440,0.88169616
58936,0.9117612
125078,0.65064245
116278,0.54229796
92230,0.26333526
83998,0.042299405
37939,0.9250916
85675,0.042299405
26507,0.87477696
68522,0.2718878
20898,0.4079794
59023,0.8043568
84742,0.042299405
105914,0.94929814
119811,0.5377049
111633,0.52798307
102996,0.34977314
82932,0.042299405
77978,0.042299405
54306,0.7054191
12668,0.5266537
90422,0.042299405
558,0.39508018
121434,0.84232384
113344,0.542151
50894,0.22316563
124015,0.39508018
7890,0.19674163
106325,0.9437412
52203,0.542151
72943,0.62690306
60556,0.7891144
37446,0.929919
48637,0.945651
2566,0.46490556
48244,0.9523117
80268,0.042299405
39597,0.943447
39436,0.7918845
31578,0.945651
29992,0.06470332
41262,0.92953664
105479,0.5704051
86672,0.042299405
80471,0.042299405
86012,0.042299405
48697,0.95020086
92114,0.54730767
1959,0.26469967
69741,0.79476154
69647,0.9400095
68265,0.42709547
98215,0.95167696
86580,0.042299405
7774,0.34977314
124838,0.87509984
71543,0.30645418
79275,0.042299405
117761,0.22962523
94890,0.21367444
94811,0.21146478
68421,0.2802034
77141,0.042299405
4592,0.8557216
76904,0.042299405
6246,0.87456024
8627,0.6390641
20615,0.8207466
91283,0.042299405
119231,0.54979146
121774,0.54581475
65303,0.85096294
4681,0.6383791
101508,0.47155252
124832,0.8146275
49097,0.8161812
118816,0.6868156
7834,0.56650037
70491,0.54599565
66380,0.36874843
15262,0.19317144
87214,0.042299405
6435,0.41090083
89551,0.042299405
39725,0.8043568
44621,0.94996256
26254,0.7032202
110025,0.33237293
43730,0.55944484
13944,0.2069135
52777,0.6936065
37714,0.8207466
29914,0.071581215
112095,0.5113884
92869,0.18884328
4187,0.3052263
45668,0.8814742
65524,0.8383232
51494,0.69266546
118213,0.23198004
38263,0.40212277
99409,0.90537584
102951,0.593065
4144,0.2784762
12997,0.31778494
69950,0.31162477
100740,0.18067667
22760,0.72687525
98553,0.36890474
106021,0.3515096
68453,0.5653206
7773,0.61191213
14374,0.6723211
80023,0.042299405
103446,0.2870948
119178,0.67236716
23532,0.943447
66775,0.2750484
61232,0.68879247
106484,0.3383729
75811,0.042299405
48185,0.9250457
67616,0.5653206
47053,0.16925651
26024,0.7774526
83435,0.042299405
12083,0.24765624
22090,0.8482609
44887,0.9477746
28359,0.1556471
52890,0.3060268
1790,0.80176836
89744,0.042299405
106706,0.38651696
5957,0.1621237
50656,0.2690262
38000,0.89878726
90751,0.042299405
116699,0.40212277
73969,0.525058
58352,0.929919
119232,0.49510035
115686,0.7665315
17541,0.2373247
50203,0.19217192
45212,0.1497794
43671,0.8027489
68999,0.07019539
6084,0.8140165
24179,0.93574846
76977,0.042299405
63473,0.8048856
65248,0.18420194
77953,0.042299405
112213,0.699742
59102,0.7277527
53742,0.3893264
64566,0.5905028
39275,0.95020086
88789,0.042299405
65472,0.25974354
254,0.13433158
121562,0.92610925
8088,0.56215394
78615,0.042299405
10880,0.58103025
10433,0.38300097
116414,0.6368926
99032,0.39683107
4975,0.84005445
11754,0.6173614
89112,0.042299405
79154,0.042299405
82240,0.042299405
3354,0.36740533
46895,0.92953664
11702,0.7414636
39839,0.6608459
115549,0.67081755
46802,0.50713116
79814,0.042299405
40530,0.9523117
104969,0.6128666
16134,0.39683107
58757,0.5920494
6687,0.62355137
53020,0.79820716
68601,0.39683107
76679,0.042299405
47518,0.72651535
32032,0.92953664
97415,0.4611272
41161,0.9250457
50004,0.5354218
39553,0.9250916
15015,0.2550372
68975,0.07888915
43074,0.24594611
31137,0.63373584
17319,0.8043568
9201,0.7950006
109071,0.08200509
57373,0.7838426
96393,0.39957526
118716,0.7665315
55954,0.88169616
51887,0.28456602
84157,0.042299405
94361,0.33674085
94344,0.4912952
72,0.5113884
98434,0.57096535
11403,0.81222713
45832,0.9124725
115039,0.7414636
7634,0.46877235
12969,0.3750615
108882,0.20900019
100600,0.54572153
110737,0.24070854
39791,0.9523117
87563,0.042299405
28864,0.77588665
10599,0.6798071
25437,0.94996256
58103,0.68879247
99792,0.38300097
105308,0.41360265
87319,0.042299405
122919,0.780913
97731,0.67329234
18115,0.9269657
83404,0.042299405
92375,0.34517947
110071,0.2905648
95644,0.5835271
59550,0.9487389
57418,0.36202234
91806,0.04464861
111785,0.69532084
57413,0.5472083
32633,0.946063
37055,0.9523117
24051,0.23323603
49998,0.22010066
24869,0.21445607
99864,0.54572153
112750,0.27685833
41591,0.40212277
18096,0.93925244
22348,0.87992996
54913,0.79820716
22205,0.8220709
33869,0.7080981
27630,0.12973869
92018,0.2836011
115717,0.65064245
57307,0.26469967
72913,0.21398927
119164,0.8129815
67601,0.35532045
31551,0.9341388
113292,0.48193872
30171,0.07044076
51511,0.5354218
123082,0.91210264
64176,0.21445607
33823,0.4592283
32614,0.78237045
17677,0.3812725
26114,0.30395988
64484,0.9523117
30669,0.9477746
45400,0.89878726
58478,0.78409976
96434,0.6323624
56194,0.6911434
80561,0.042299405
52998,0.79820716
26508,0.38676816
33224,0.4592283
115045,0.46299407
67554,0.5675377
1594,0.78409976
90569,0.042299405
123099,0.6804096
8698,0.6390641
117365,0.66817844
6467,0.34977314
58230,0.9250457
40300,0.9477746
83422,0.042299405
77566,0.042299405
68674,0.60343397
14518,0.94415486
43237,0.8043568
63390,0.8043568
22040,0.8043568
88567,0.042299405
83338,0.042299405
71185,0.3758474
109778,0.2912829
10904,0.5767582
63293,0.68879247
16073,0.5937946
77,0.78409976
18212,0.8830769
2128,0.5203055
63661,0.9022172
51835,0.90255684
54516,0.27775645
5390,0.5592871
115081,0.7033534
97744,0.44056034
96247,0.46490556
14496,0.94929814
66435,0.30106464
79081,0.042299405
78185,0.042299405
20523,0.22316563
30075,0.13681698
20399,0.7497565
37953,0.9299622
62800,0.30889368
43008,0.9269657
5608,0.61879116
46417,0.93913263
111675,0.49265552
70023,0.9227343
88524,0.042299405
28711,0.58720905
64237,0.67187816
88758,0.042299405
55553,0.85711795
45171,0.48758996
26745,0.77588665
77228,0.042299405
25063,0.9352508
76199,0.042299405
30032,0.77588665
29072,0.64153135
20412,0.85711795
98362,0.39683107
108625,0.36381382
83107,0.042299405
59231,0.9407879
91737,0.19164279
21967,0.23662554
86750,0.042299405
75657,0.042299405
92766,0.60677075
64092,0.26099586
125175,0.7661917
4940,0.9480592
16218,0.54599565
100467,0.3623093
34058,0.15269025
117354,0.5085645
78595,0.042299405
29535,0.69224143
44215,0.89878726
47184,0.58607644
35020,0.9523117
62160,0.9487389
7096,0.48496756
49399,0.34101686
79505,0.042299405
106871,0.90277
37593,0.7497565
63088,0.8043568
77935,0.042299405
32632,0.9448827
82398,0.042299405
40116,0.9250457
77710,0.042299405
72375,0.61859137
42988,0.9487389
102032,0.73626864
18637,0.73488027
112283,0.5482068
44319,0.85096294
67624,0.5433626
44123,0.8043568
40255,0.929919
40830,0.9477746
107102,0.6036755
74708,0.31162477
107422,0.22420365
82351,0.042299405
8114,0.49229297
119910,0.39508018
19566,0.9250457
73913,0.50045496
36439,0.8207466
40431,0.80176836
71730,0.596364
107795,0.36874843
79831,0.042299405
60564,0.7446525
57753,0.7477593
61246,0.78237045
125166,0.30889368
87569,0.042299405
50124,0.7893003
102463,0.86173886
113169,0.8385467
124881,0.9363362
91929,0.71787286
22845,0.50713116
41053,0.9124725
26399,0.2622166
26540,0.26335856
31192,0.9352508
76075,0.042299405
104924,0.56955194
11205,0.651287
101210,0.4611272
89608,0.042299405
5357,0.6501359
38794,0.7824239
80216,0.042299405
84785,0.042299405
99808,0.5653206
193,0.71247566
95624,0.6180691
82075,0.042299405
4413,0.6521865
116174,0.83655465
115702,0.42763534
84900,0.042299405
27299,0.15734307
56665,0.9190161
109306,0.08200509
81886,0.042299405
40873,0.7296874
120390,0.37551606
34918,0.92953664
76529,0.042299405
105629,0.7093988
29676,0.49161682
95074,0.59502816
85992,0.042299405
103229,0.6094782
89288,0.042299405
115724,0.5113884
56920,0.9250457
108352,0.57416445
91230,0.042299405
78705,0.042299405
65152,0.7570681
23725,0.9523117
61321,0.19215736
86794,0.042299405
74506,0.16452989
18279,0.9487389
9449,0.4481545
103130,0.6427586
87974,0.042299405
58506,0.6945804
30264,0.94996256
123165,0.7729014
45669,0.9250457
14617,0.9324763
55669,0.79820716
70975,0.16013932
120902,0.51533055
82944,0.042299405
47132,0.8814742
81935,0.042299405
25783,0.27775645
116133,0.25064898
121882,0.6916024
54910,0.580667
31249,0.929919
47679,0.9250457
30846,0.77588665
41557,0.92953664
116438,0.7414636
39374,0.92953664
105072,0.59502816
59212,0.93925244
15931,0.8779773
61287,0.9477746
90837,0.042299405
37803,0.9448827
87121,0.042299405
109642,0.12213811
75380,0.042299405
106406,0.22420365
58243,0.92953664
65143,0.7412351
72891,0.56955194
12627,0.7884284
29184,0.2784762
29807,0.83342713
73525,0.2784762
49386,0.7244611
94547,0.28179765
17372,0.20041421
64691,0.68741894
79794,0.042299405
38713,0.7080981
94917,0.23928337
4812,0.5835271
61128,0.9487389
24074,0.09232185
22827,0.73698974
80800,0.042299405
104492,0.5769971
83683,0.042299405
81956,0.042299405
101176,0.26333526
63918,0.8207466
102840,0.25574622
30699,0.94996256
14985,0.6036755
78068,0.042299405
78578,0.042299405
119729,0.525903
78695,0.042299405
3297,0.69588417
42190,0.93574846
50283,0.41731146
110232,0.3516933
117589,0.5113884
9720,0.18876319
79834,0.042299405
24820,0.8043568
40526,0.9523117
29494,0.6253452
119572,0.6692836
81481,0.042299405
107013,0.90537584
28010,0.4984756
2549,0.15406601
96934,0.84856004
104905,0.24155533
97783,0.5625888
32416,0.9523117
70650,0.29008967
12613,0.5943037
54774,0.3893264
38139,0.7473782
5314,0.9366573
4854,0.5835271
1358,0.9250916
85097,0.042299405
108117,0.24177885
13946,0.16794129
32535,0.7331288
93174,0.47761396
97441,0.8240125
110723,0.2810373
36130,0.93913263
55917,0.6487721
55905,0.66919166
69781,0.94551253
47243,0.7376788
91778,0.274913
85435,0.042299405
26495,0.70582414
55571,0.2932622
91852,0.27421966
107886,0.2849689
105461,0.41893154
24313,0.9250457
100104,0.8445576
65631,0.78409976
74193,0.26333526
100710,0.5266537
116876,0.59773505
79142,0.042299405
96186,0.35399884
14292,0.38300097
18955,0.08097476
11692,0.54599565
39055,0.94996256
29247,0.6642
16577,0.739572
48296,0.7296874
4988,0.61859137
113988,0.21663868
2795,0.19514997
42965,0.9487389
15753,0.06447654
64436,0.9523117
94991,0.69553286
34027,0.2855446
17576,0.36202234
51737,0.49456495
4397,0.6521865
27789,0.21367444
16075,0.54599565
78108,0.042299405
39454,0.8043568
19401,0.39508018
16756,0.79399997
7422,0.61773074
15734,0.0833434
114027,0.66840124
79644,0.042299405
117912,0.30889368
75676,0.042299405
89066,0.042299405
53360,0.79978114
2588,0.3052783
119612,0.49510035
4733,0.6383791
55855,0.89878726
102109,0.34977314
49838,0.65064245
39937,0.87456024
18360,0.09232185
74053,0.57416445
124181,0.7534511
70034,0.65132916
113676,0.71763843
85766,0.042299405
107213,0.94929814
58444,0.67187816
45028,0.6352898
44009,0.739572
6037,0.62355137
63656,0.8482609
51546,0.16925651
72758,0.5688362
8771,0.5507555
115038,0.6732954
30314,0.86173886
86040,0.042299405
7882,0.2351086
30323,0.6929387
51342,0.5113884
32627,0.92379194
74652,0.39683107
22393,0.8913875
84503,0.042299405
16235,0.6359238
49346,0.55944484
102609,0.59345025
88770,0.042299405
76444,0.042299405
57915,0.86236817
118789,0.67809653
103417,0.6005577
112284,0.67470163
24629,0.4079794
12488,0.39005843
66814,0.38300097
77181,0.042299405
83520,0.042299405
17286,0.71672434
11606,0.75218594
94880,0.16779724
20326,0.8043568
21713,0.73806477
28255,0.16928233
49612,0.7033534
92555,0.57641
68609,0.68687975
24510,0.071581215
86118,0.042299405
108002,0.24765624
24150,0.7473782
73554,0.41360265
125036,0.2925437
102735,0.25045875
42323,0.61580956
74857,0.6942485
39083,0.94996256
50519,0.8994428
22113,0.9117612
66131,0.57096535
108388,0.33644903
31478,0.8383232
3379,0.36740533
2093,0.35399884
50681,0.37555605
107068,0.90277
7481,0.472872
115233,0.67470163
952,0.9117612
34939,0.946063
118534,0.24351414
10874,0.264986
25618,0.16068964
91006,0.042299405
89304,0.042299405
112226,0.71946424
94787,0.20299472
120722,0.75829536
5934,0.21039005
95497,0.42810133
43503,0.86236817
45019,0.5831093
64726,0.8207466
20937,0.45070684
101096,0.38300097
17122,0.29666457
16081,0.27617005
307,0.36202234
32244,0.8231943
73436,0.674127
7534,0.24351414
102983,0.15406601
91346,0.042299405
106339,0.95167696
3229,0.61743486
81852,0.042299405
80997,0.042299405
78828,0.042299405
25694,0.739528
117423,0.67586255
55270,0.580667
98366,0.264986
112936,0.49265552
15228,0.8822879
90162,0.042299405
122760,0.7528385
14958,0.8908866
96505,0.42182922
117706,0.6303757
33917,0.9250457
4912,0.9480592
9110,0.5937946
7528,0.39683107
31853,0.8383232
75211,0.042299405
111551,0.18439001
108628,0.5625888
67488,0.54599565
98724,0.29934493
45849,0.8406371
99571,0.5968993
122090,0.31130385
57636,0.78562415
23596,0.8383232
80963,0.042299405
83071,0.042299405
55665,0.69882214
102633,0.8569112
60165,0.80176836
23504,0.8207466
42077,0.525903
93147,0.9410198
38130,0.7473782
65941,0.27617005
107605,0.16452989
117435,0.5501913
50243,0.78676254
54055,0.53088397
9892,0.22418214
33418,0.5920494
78951,0.042299405
44362,0.8043568
8794,0.21316037
31962,0.42209443
8313,0.7661978
33355,0.8220709
62361,0.8043568
3247,0.8605365
54343,0.71918243
16716,0.7497565
77120,0.042299405
104245,0.57938457
106956,0.90840834
33762,0.17943947
38059,0.9523117
120131,0.25491762
47893,0.8671329
37617,0.7635397
2640,0.26262966
83902,0.042299405
23100,0.3812725
1425,0.7049876
24360,0.7049876
3008,0.61661226
43825,0.36202234
6499,0.24765624
62791,0.49941406
109438,0.21283078
97458,0.9395671
73607,0.34022698
115878,0.6441218
98287,0.8569112
99267,0.38300097
4316,0.9366573
88109,0.042299405
75899,0.042299405
124798,0.8248301
34825,0.8515394
122597,0.69991857
12669,0.5400344
20314,0.8043568
123475,0.78676254
90950,0.042299405
43416,0.6529449
12127,0.2159029
118499,0.3812725
40288,0.93913263
25422,0.95020086
108771,0.26755178
48827,0.9492104
15076,0.60976607
97695,0.22316563
62541,0.9352508
62390,0.5900412
1211,0.72814405
22059,0.8207466
65939,0.5731755
30143,0.071581215
33868,0.8814742
30393,0.65279776
28558,0.38173825
66479,0.8569112
67164,0.8569112
83596,0.042299405
82618,0.042299405
104930,0.2861182
30766,0.94996256
85047,0.042299405
14115,0.8908866
46465,0.68879247
2493,0.6521865
4796,0.4048482
39174,0.7522791
11419,0.61522657
124922,0.5236463
93037,0.90277
120472,0.4356394
63081,0.8043568
97557,0.23141901
97703,0.22082499
54104,0.8319426
111637,0.6804096
667,0.94996256
79110,0.042299405
86361,0.042299405
102071,0.6359238
61283,0.944549
14143,0.95167696
58994,0.8043568
35289,0.929919
91423,0.042299405
65259,0.16068964
31836,0.9352508
40632,0.83342713
55884,0.62517864
80552,0.042299405
116132,0.26140323
30788,0.93913263
34136,0.26110137
124718,0.64510864
91928,0.27421966
70182,0.525206
87952,0.042299405
73180,0.27741262
96987,0.39683107
35953,0.9445681
21557,0.9462237
33929,0.7133811
11853,0.12799755
58911,0.79399997
94713,0.11939241
68356,0.72421074
53071,0.7770851
12287,0.3654535
34025,0.4592283
33749,0.6765279
74898,0.38132983
79742,0.042299405
28411,0.13459703
112766,0.39508018
43360,0.9407879
4425,0.6935082
60141,0.87477696
45055,0.78409976
117206,0.22082499
40152,0.8044135
38969,0.93574846
54642,0.5191073
32967,0.09232185
11814,0.5937946
85581,0.042299405
8994,0.20658906
70422,0.65903616
27785,0.21146478
4335,0.9480592
54021,0.5191073
7943,0.81222713
80227,0.042299405
95027,0.4784825
29174,0.59297925
76437,0.042299405
31220,0.9523117
14495,0.94929814
38975,0.94996256
62225,0.8043568
66571,0.19821034
91273,0.042299405
58620,0.94647884
23095,0.3082912
117276,0.3368564
25603,0.18420194
17640,0.73806477
105025,0.5704051
13441,0.4679198
26017,0.77588665
1785,0.7662721
16986,0.7729732
84111,0.042299405
113999,0.16846552
104703,0.72421074
85557,0.042299405
73246,0.27795243
119817,0.31139594
31380,0.6634232
101965,0.557709
7869,0.30350205
25844,0.632249
122421,0.6461379
20087,0.16068964
92278,0.7414636
21556,0.9462237
88249,0.042299405
17374,0.16181193
85473,0.042299405
38232,0.89878726
99741,0.69547606
91147,0.042299405
48651,0.84930694
49915,0.1894732
32380,0.9523117
31045,0.6950394
94437,0.23417515
60251,0.8480095
52988,0.79820716
94734,0.13034189
10702,0.69413877
70500,0.7092768
112162,0.5113884
48417,0.95020086
31319,0.7036212
5759,0.2912581
62492,0.9250457
105278,0.27643728
6892,0.61522657
82674,0.042299405
103312,0.28851297
108045,0.593065
21426,0.9117612
84116,0.042299405
96901,0.35532045
2339,0.6521865
98258,0.62355137
39492,0.6972673
97665,0.4418656
1185,0.7427091
49968,0.4079794
38679,0.9448827
97944,0.5957432
96561,0.5704051
55591,0.6487721
4079,0.8248936
66578,0.39683107
24502,0.071581215
86495,0.042299405
15706,0.12181593
70934,0.94929814
40701,0.94996256
85443,0.042299405
23050,0.93925244
49991,0.2178324
123695,0.4093834
103751,0.6128666
38245,0.9341388
119069,0.67683107
6221,0.18885988
48045,0.691416
80873,0.042299405
62033,0.7662721
72025,0.60641634
21835,0.8482609
38557,0.7578045
88889,0.042299405
107298,0.8445576
13088,0.8908866
121508,0.8766096
28873,0.8753827
56771,0.93574846
121389,0.55470836
113712,0.758527
85637,0.042299405
198,0.76273996
37474,0.946063
29423,0.4124326
52075,0.8766096
6664,0.20857936
124821,0.78524405
995,0.9523117
87127,0.042299405
73508,0.58593714
21128,0.6322653
74935,0.9224429
64905,0.41177186
119800,0.26955813
106478,0.5704051
30165,0.07044076
84292,0.042299405
103459,0.23339868
53335,0.79978114
30946,0.9352508
45380,0.80176836
19594,0.8031993
105824,0.24937305
27364,0.28002003
39644,0.72901887
49318,0.8319426
101101,0.5592871
45317,0.3812725
112386,0.6936065
96974,0.4481545
30915,0.37307182
33160,0.23362863
115538,0.54581475
29557,0.38676816
69024,0.33666763
120006,0.54979146
15311,0.5966552
20701,0.9438819
71127,0.28774977
21892,0.8385467
42670,0.93913263
121025,0.73245615
116030,0.8129815
21627,0.9462237
69455,0.34157243
113167,0.6814776
41208,0.9448827
38395,0.37555605
78186,0.042299405
45749,0.22094315
46121,0.8231943
120743,0.37555605
103683,0.38022622
11092,0.27998954
3697,0.26262966
57408,0.9117612
21149,0.3882269
41151,0.7497565
118715,0.37555605
67680,0.605124
30690,0.9448827
68785,0.08997259
108672,0.57096535
22850,0.71138984
86435,0.042299405
67388,0.29008967
25899,0.22571817
54071,0.21146478
20962,0.2855446
106455,0.4650849
55019,0.4874571
48128,0.944549
33221,0.19034839
90960,0.042299405
41078,0.58607644
17247,0.691416
25175,0.94996256
104771,0.33674085
45187,0.3900109
108784,0.30460352
49729,0.16721283
80387,0.042299405
10436,0.16285013
53218,0.86236817
47665,0.94996256
30973,0.93913263
68905,0.6977044
8315,0.80271435
23542,0.9523117
119409,0.7665315
46487,0.9250916
65018,0.8207466
36143,0.946063
97797,0.3654535
76579,0.042299405
98954,0.32423192
77750,0.042299405
57429,0.7508416
61304,0.39059845
74608,0.94929814
76454,0.042299405
61826,0.691416
116463,0.77448213
76778,0.042299405
36488,0.8207466
104228,0.20766412
109125,0.3516933
105247,0.72421074
12034,0.5907431
34645,0.88749844
11538,0.12799755
33107,0.76274276
89963,0.042299405
112076,0.65740234
17636,0.7249829
60396,0.8220709
76645,0.042299405
95143,0.6663477
51679,0.20801125
56336,0.8043568
47931,0.24704227
36264,0.3882269
72877,0.6459005
98842,0.2545924
111888,0.17794155
85915,0.042299405
89723,0.042299405
20305,0.8207466
12216,0.81222713
29129,0.77588665
56965,0.71672434
37366,0.9250457
57434,0.79061276
97947,0.6538477
3125,0.7432826
9676,0.4481545
107461,0.17168571
24712,0.94996256
44897,0.9523117
111646,0.53858894
50252,0.8319426
106409,0.22420365
65599,0.76233155
12239,0.593065
122243,0.55227727
29090,0.7883464
64159,0.3244312
75321,0.042299405
90839,0.042299405
453,0.09232185
72772,0.35399884
16154,0.5863746
117337,0.69483054
74862,0.41293272
60105,0.78409976
124185,0.67118484
8379,0.6522441
81023,0.042299405
117194,0.39508018
47475,0.9250916
74182,0.3249235
110665,0.40277353
15447,0.9324763
17014,0.71672434
1420,0.27465764
123723,0.7379564
58701,0.73806477
21337,0.7891144
104108,0.25980753
42522,0.945651
72511,0.58678144
119944,0.7662721
74205,0.8060011
14739,0.8908866
33490,0.58607644
45804,0.9065641
109681,0.0898757
65987,0.5444087
7501,0.6371487
93087,0.9449327
94944,0.3876553
55396,0.24429405
10765,0.57416445
85514,0.042299405
59012,0.8043568
112240,0.7915002
84373,0.042299405
64194,0.7249829
45395,0.8207466
12161,0.6443537
22717,0.73488027
19612,0.8043568
42102,0.87456024
15679,0.22996959
57714,0.8382824
62604,0.71672434
75462,0.042299405
92852,0.18209991
85600,0.042299405
53129,0.706142
94693,0.13415356
58585,0.86992866
64283,0.525903
3217,0.6501359
1497,0.93925244
50045,0.17581518
63602,0.8207466
16130,0.5885625
45094,0.92953664
106630,0.34977314
29489,0.5926731
12785,0.44056034
56751,0.9250916
110705,0.20427777
99003,0.4971667
23103,0.3812725
35570,0.9250457
19225,0.79399997
75236,0.042299405
115455,0.7414636
113019,0.7589587
119264,0.75478274
121788,0.78524405
37149,0.9523117
114178,0.2166175
102469,0.90537584
111663,0.5883179
80096,0.042299405
34530,0.7068884
33888,0.17945053
88830,0.042299405
97450,0.92436373
20803,0.8207466
3042,0.69588417
15983,0.5023317
102862,0.6549338
98180,0.92525655
54085,0.28741992
50084,0.2690262
87362,0.042299405
122528,0.7665315
112374,0.59541565
35362,0.6996274
81740,0.042299405
30929,0.39957526
76936,0.042299405
58717,0.7006684
6137,0.5524865
108950,0.2912829
37624,0.9250916
67917,0.6137862
72504,0.22098327
73982,0.29549584
28389,0.25232324
235,0.2855446
47682,0.72651535
118464,0.7414636
28076,0.64918274
61541,0.71138984
25986,0.6562054
63171,0.8478691
35279,0.8207466
93494,0.6058881
104687,0.42182922
11438,0.7414636
56385,0.92953664
119620,0.36202234
38502,0.18726227
13093,0.8416996
52614,0.66470563
95187,0.5304661
108956,0.25256115
91888,0.7369475
101724,0.42709547
76182,0.042299405
61799,0.18853994
115383,0.72119814
119004,0.3812725
49239,0.5900412
87549,0.042299405
81175,0.042299405
22731,0.49265552
31598,0.9523117
18381,0.071581215
52354,0.70769304
31800,0.9523117
47824,0.9523117
8249,0.5937946
14897,0.25060335
2503,0.2668813
114689,0.2690262
124318,0.9363362
109265,0.18498422
112684,0.24617139
74307,0.5675377
120035,0.79248446
61387,0.8043568
69979,0.6334622
123996,0.42209443
115685,0.8132643
57717,0.86236817
33416,0.8480095
18504,0.53399503
13445,0.24351414
60456,0.34106764
18364,0.08097476
107073,0.5708834
99189,0.34157243
78231,0.042299405
82363,0.042299405
115758,0.8391402
5860,0.41293272
35261,0.929919
115430,0.67683107
85402,0.042299405
45937,0.93574846
101020,0.1533329
64431,0.9523117
24083,0.09232185
36451,0.9250457
19457,0.8615049
120735,0.37555605
47075,0.8027489
55374,0.60459924
29615,0.6749833
75675,0.042299405
101364,0.19131446
13059,0.8908866
3071,0.6768803
50446,0.22669527
90675,0.042299405
99163,0.5937946
85426,0.042299405
88954,0.042299405
124116,0.61746913
18530,0.5597396
107365,0.90840834
91637,0.042299405
96938,0.65249157
81254,0.042299405
117498,0.2690262
47858,0.8482609
13572,0.5266537
4885,0.87308615
74968,0.042299405
16605,0.3812725
32453,0.9250457
33826,0.29312846
117526,0.5723481
114644,0.8462616
56757,0.92953664
91378,0.042299405
85829,0.042299405
74902,0.5625888
52574,0.6948359
94163,0.9135301
66141,0.50045496
123324,0.39508018
4724,0.63757515
51322,0.49456495
113601,0.2166175
22865,0.71138984
10736,0.5937946
71282,0.43836656
20122,0.09011422
51696,0.2192887
114663,0.58548
13269,0.28559422
28333,0.15705034
117373,0.757484
15789,0.34157243
15247,0.34219965
39869,0.943447
84174,0.042299405
96841,0.5704051
80795,0.042299405
108933,0.3516933
37814,0.9448827
26669,0.88749844
7801,0.38409278
629,0.94996256
39402,0.89878726
24594,0.06470332
65545,0.68879247
65683,0.8207466
108814,0.3516933
17368,0.195731
89816,0.042299405
75973,0.042299405
96360,0.2178324
34754,0.24453007
41864,0.8383232
36960,0.89878726
40612,0.49044985
106223,0.41360265
99112,0.54599565
3417,0.6501359
70159,0.47135416
102372,0.54730767
104997,0.56955194
109202,0.19164279
107936,0.4538509
72505,0.464219
95517,0.33482385
74459,0.20658906
75810,0.042299405
119703,0.78524405
14084,0.20367815
101075,0.38300097
111908,0.52193516
13780,0.5266537
5670,0.60976607
29994,0.06470332
9229,0.56888294
12915,0.57018095
51733,0.3845099
67536,0.8896322
85742,0.042299405
78008,0.042299405
77543,0.042299405
82542,0.042299405
19757,0.49265552
53387,0.93102473
75985,0.042299405
26362,0.21367444
123691,0.67470163
7707,0.5870954
105122,0.40238434
39749,0.8231943
7041,0.81222713
100741,0.21445607
56257,0.64649135
16072,0.2545924
36758,0.80176836
108331,0.42709547
117256,0.61746913
82598,0.042299405
95675,0.6180691
78158,0.042299405
51500,0.6368926
28308,0.16135648
113111,0.2729604
33173,0.3812725
100417,0.24721879
85705,0.042299405
84361,0.042299405
82095,0.042299405
84828,0.042299405
63159,0.7621468
20519,0.2690262
44572,0.72901887
98219,0.47332275
88650,0.042299405
7491,0.31778494
43719,0.8207466
97901,0.0833434
8084,0.33750162
107401,0.2503729
92010,0.19164279
31051,0.6950394
5669,0.60976607
90451,0.042299405
70111,0.41293272
2159,0.62988895
90295,0.042299405
71597,0.2638335
89583,0.042299405
47536,0.93574846
99190,0.4611272
37516,0.9250457
47456,0.2969629
31710,0.9352508
71641,0.42182922
121433,0.73661184
18742,0.58607644
71955,0.18511611
107786,0.67145896
76058,0.042299405
35922,0.93574846
34175,0.89878726
91441,0.042299405
85066,0.042299405
6414,0.61522657
31587,0.9523117
4186,0.46490556
123184,0.77448213
110517,0.22316563
44330,0.9190161
55062,0.4874571
77279,0.042299405
41211,0.94996256
783,0.7497565
12205,0.28039518
41599,0.27224886
21585,0.9462237
98076,0.13605064
102867,0.36890474
105329,0.58197093
78569,0.042299405
103961,0.21146478
72434,0.57938457
69096,0.54599565
23597,0.89878726
24827,0.8207466
62379,0.8043568
14742,0.8908866
92354,0.34517947
22818,0.22082499
49138,0.2969629
17794,0.29556417
110676,0.30106464
75199,0.042299405
56790,0.8383232
32820,0.72901887
34581,0.8207466
5792,0.26333526
96926,0.773068
31575,0.945651
111709,0.542151
40238,0.9448827
69349,0.5493985
108808,0.3344337
57332,0.8220709
28286,0.21146478
45518,0.5693409
76273,0.042299405
13407,0.3654535
95383,0.59502816
26361,0.21146478
93289,0.26122773
18009,0.5113884
39618,0.6608459
41403,0.92379194
91389,0.042299405
57789,0.8207466
105614,0.21384802
78112,0.042299405
1848,0.78409976
36973,0.9250916
89747,0.042299405
110998,0.23023438
113393,0.71763843
119183,0.36202234
12636,0.38300097
76106,0.042299405
77047,0.042299405
92022,0.1863418
52589,0.5723481
103630,0.61859137
109097,0.22722389
24421,0.14104633
107530,0.5823416
114010,0.1497794
101171,0.44056034
71221,0.3324113
102235,0.2969629
744,0.9487389
111723,0.6368926
1695,0.7244611
106546,0.42182922
11334,0.31404623
88523,0.042299405
62893,0.31395704
60539,0.77064055
53256,0.9462237
62523,0.73488027
71363,0.42761415
105166,0.2638335
64635,0.88169616
13483,0.5708834
122544,0.7159984
80516,0.042299405
35844,0.78409976
10212,0.23141901
80583,0.042299405
32250,0.8207466
44989,0.7497565
121454,0.22316563
106218,0.8445576
121060,0.4774773
9236,0.760694
87567,0.042299405
32744,0.92379194
75879,0.042299405
110972,0.29157576
49770,0.69701695
69674,0.94551253
21243,0.08097476
83693,0.042299405
89970,0.042299405
23730,0.945651
114389,0.6732954
25954,0.4984756
99001,0.23198004
104301,0.33674085
100494,0.54730767
28754,0.8099974
84068,0.042299405
69826,0.72421074
95407,0.38975224
35060,0.93913263
115449,0.5113884
105477,0.5704051
51563,0.7590469
48806,0.93574846
92418,0.4003917
33850,0.37555605
93732,0.6910282
93648,0.61339146
104679,0.25269666
92801,0.644037
2008,0.7770851
89299,0.042299405
45023,0.9250457
22110,0.9117612
9139,0.7516647
122996,0.3275936
11642,0.56650037
55350,0.79820716
42783,0.93102473
9454,0.26333526
75264,0.042299405
44102,0.8383232
102015,0.38409278
84043,0.042299405
73604,0.33674085
58060,0.5905028
78117,0.042299405
5299,0.88595706
52942,0.5317508
97470,0.6371487
55654,0.3060268
20168,0.6003068
50031,0.36202234
57677,0.71138984
7905,0.7770851
18436,0.50713116
27072,0.23106374
74009,0.5209008
41718,0.8044135
93128,0.90277
110615,0.17898153
23768,0.3812725
106183,0.5972017
114710,0.83464724
40906,0.9124725
73024,0.94551253
7035,0.5912313
101491,0.2749024
9190,0.64154196
78522,0.042299405
18276,0.9487389
38373,0.93997115
67847,0.5953584
79262,0.042299405
66710,0.26189926
34758,0.1960661
51146,0.566307
119779,0.42209443
125063,0.25588787
21501,0.9117612
66238,0.6076322
23232,0.8505217
63208,0.940431
89510,0.042299405
117937,0.32082638
90433,0.042299405
119394,0.27685833
51238,0.2027865
108646,0.31599456
64244,0.7729732
83654,0.042299405
86419,0.042299405
106817,0.95167696
67765,0.67145896
3245,0.84856004
100372,0.29556417
48184,0.89878726
46472,0.36202234
44543,0.7497565
119778,0.78524405
37286,0.89878726
113633,0.24000998
29284,0.739528
116884,0.41080713
93560,0.4784825
32354,0.93997115
20375,0.92357904
84456,0.042299405
41373,0.6352898
91171,0.042299405
42528,0.9523117
19139,0.8207466
62661,0.78409976
69905,0.47922328
54137,0.7015009
9472,0.28559422
36482,0.7566842
42264,0.23619367
94714,0.13415356
70344,0.28774977
26587,0.67634994
103036,0.24617139
68093,0.42709547
45061,0.8044135
16291,0.42148593
17144,0.7412351
89996,0.042299405
57230,0.65236735
40047,0.76889104
815,0.92953664
36463,0.92357904
55857,0.9250457
51139,0.7729014
86203,0.042299405
15745,0.06447654
42837,0.20994623
101571,0.5412692
77190,0.042299405
98007,0.90277
1398,0.5679908
16251,0.5576651
104895,0.7576969
118485,0.55593437
100357,0.5566686
112018,0.48193872
104721,0.5826809
79299,0.042299405
99983,0.37649694
12019,0.13605064
12728,0.54599565
46398,0.8515394
84464,0.042299405
14887,0.4003917
37865,0.94996256
73281,0.58593714
103578,0.32021287
71885,0.464219
44680,0.9250457
97312,0.54730767
65443,0.17779633
11867,0.5444087
38797,0.87456024
74934,0.9224429
10555,0.5051237
76531,0.042299405
47740,0.42494982
66242,0.31404623
23944,0.54265183
2406,0.40431976
119546,0.78524405
120913,0.7146952
52668,0.3671707
85228,0.042299405
101,0.86173886
53648,0.23928337
71937,0.20766412
91855,0.42664498
111094,0.6804096
59409,0.87992996
2333,0.36740533
51998,0.37497485
65856,0.8043568
28048,0.18823357
30582,0.912004
4471,0.81915265
17366,0.23619367
81735,0.042299405
82706,0.042299405
67474,0.5444087
119208,0.3812725
6418,0.4003917
62079,0.86236817
20194,0.72814405
14311,0.26841938
46902,0.93574846
16229,0.54599565
40021,0.92953664
62530,0.7824239
63923,0.8207466
41763,0.6060048
25930,0.81138283
60586,0.525903
24100,0.08097476
86678,0.042299405
72303,0.6678326
105451,0.8246817
86859,0.042299405
5008,0.80044043
124020,0.525903
87981,0.042299405
46991,0.929919
5304,0.88595706
80074,0.042299405
6650,0.23989522
64756,0.78409976
76036,0.042299405
20858,0.20769228
104323,0.810305
104309,0.6005577
70508,0.41293272
81712,0.042299405
30885,0.9477746
59902,0.80176836
14288,0.57181257
42815,0.24704227
4032,0.31702316
36796,0.94996256
44158,0.5113884
15435,0.8968769
60173,0.80176836
16288,0.6234635
18584,0.47228685
83514,0.042299405
64304,0.68879247
44877,0.9250916
64987,0.8043568
19632,0.8207466
81051,0.042299405
85315,0.042299405
26287,0.8161812
88670,0.042299405
98303,0.38651696
66228,0.24007334
72992,0.94551253
18899,0.23662554
18575,0.80438447
53141,0.706142
46728,0.9445681
114435,0.83655465
5153,0.9480592
13943,0.3654535
56761,0.92953664
117969,0.2586587
46360,0.9250457
8663,0.34977314
19618,0.8207466
31718,0.93574846
19722,0.5668275
76922,0.042299405
17124,0.7412351
95305,0.5596325
45672,0.8207466
8013,0.3620785
14021,0.6021006
89949,0.042299405
109393,0.22472398
18855,0.89878726
83315,0.042299405
8941,0.3948916
87429,0.042299405
98262,0.5968993
17488,0.9523117
28066,0.20836739
3701,0.6708277
33995,0.943447
82348,0.042299405
117482,0.2855446
75427,0.042299405
42534,0.8207466
106712,0.38300097
112884,0.7159984
76293,0.042299405
110863,0.21283078
11478,0.598826
106519,0.29556417
515,0.6704657
81220,0.042299405
118413,0.6936065
78202,0.042299405
99916,0.4538509
36925,0.71247566
97238,0.3948916
78296,0.042299405
42656,0.929919
78509,0.042299405
47050,0.16925651
75461,0.042299405
22736,0.34101686
109365,0.20484419
84719,0.042299405
78128,0.042299405
6825,0.9227343
103326,0.22508408
81818,0.042299405
84526,0.042299405
52760,0.49456495
18369,0.071581215
104037,0.20137297
62706,0.69516015
124885,0.9161851
22474,0.80176836
85374,0.042299405
52323,0.42494982
32962,0.09232185
79995,0.042299405
41735,0.72431296
10030,0.29008967
67087,0.5082825
61577,0.739572
71967,0.15700659
16174,0.1533329
12448,0.44056034
92817,0.25937754
24062,0.14925689
76780,0.042299405
56044,0.7528385
9553,0.24765624
103741,0.26437736
34708,0.9022172
101414,0.29813147
53037,0.79820716
15170,0.38300097
76069,0.042299405
61413,0.80577356
57871,0.67187816
95621,0.4224909
100501,0.3449537
94573,0.6005577
97217,0.72666395
4431,0.7849204
56976,0.9250457
32758,0.57072914
28373,0.7497009
51114,0.54581475
60043,0.2178324
45705,0.5597396
75536,0.042299405
82139,0.042299405
108967,0.2912829
44786,0.8044135
29281,0.738857
56416,0.29312846
19985,0.68879247
88562,0.042299405
69595,0.6890052
100905,0.8968769
114104,0.67683107
64071,0.8043568
51504,0.2855446
19422,0.67544264
110429,0.20731091
13503,0.8220191
91836,0.08766272
28937,0.63373584
117418,0.22316563
11173,0.51043826
78627,0.042299405
11556,0.59224993
49634,0.39508018
82653,0.042299405
40929,0.944549
15483,0.94929814
35978,0.9523117
63695,0.8752638
120548,0.78524405
30876,0.9190161
109883,0.20389405
109080,0.2211553
76077,0.042299405
63462,0.80176836
21309,0.07044076
41257,0.9299622
28146,0.24155533
103128,0.5937946
20533,0.76208985
15871,0.90368444
65655,0.8231943
9004,0.84052616
47652,0.92953664
102112,0.27617005
19670,0.94205046
121175,0.21663868
84731,0.042299405
55178,0.6560116
20842,0.2690262
9950,0.15552893
12942,0.3275408
87575,0.042299405
19406,0.3131547
111677,0.7159984
21537,0.9487389
52363,0.85423577
27455,0.738857
78707,0.042299405
119252,0.42631826
108077,0.36874843
3358,0.28851297
48826,0.9492104
65270,0.71138984
4764,0.6868648
44047,0.7717939
36950,0.8220709
109650,0.09525203
99138,0.6334622
74005,0.23372518
113740,0.18516071
52089,0.9204868
95825,0.19317144
34865,0.6352898
69131,0.64154196
3491,0.61661226
107427,0.24937305
30992,0.943447
53043,0.706142
80457,0.042299405
10550,0.63892925
10692,0.60976607
98608,0.44056034
97399,0.66041535
13035,0.31404623
13180,0.34157243
97412,0.66041535
69841,0.24704227
92743,0.7439938
111891,0.73699266
14836,0.94929814
11474,0.58103025
59873,0.73806477
72367,0.4784825
124681,0.75478274
56134,0.9329776
11864,0.38132983
89715,0.042299405
107784,0.5625888
3343,0.194825
62378,0.8207466
112643,0.69532084
56945,0.93574846
94859,0.17974249
52080,0.91210264
107644,0.6485842
119491,0.7414636
116893,0.25190273
52277,0.7640816
43101,0.760694
24154,0.929919
73864,0.551814
23882,0.5920494
118962,0.86154234
118758,0.25190273
69681,0.94551253
9692,0.78726757
63869,0.40212277
56867,0.5404904
26543,0.28741992
113445,0.69266546
31352,0.92953664
99722,0.54599565
104144,0.6678326
61859,0.7662721
100878,0.6770504
31250,0.9352508
51163,0.220809
38639,0.94996256
105717,0.3515096
3946,0.20355608
32199,0.9448827
32247,0.89878726
121518,0.7729014
103042,0.19674163
49738,0.22453646
73779,0.23494612
79529,0.042299405
95502,0.58678144
79762,0.042299405
37551,0.7473782
97452,0.9366573
6254,0.49127004
44763,0.7578045
84939,0.042299405
123905,0.7613734
11433,0.5625888
37928,0.8207996
64976,0.19088702
65101,0.72901887
13951,0.16043507
80327,0.042299405
87158,0.042299405
47334,0.41080713
100758,0.15824693
68581,0.60127157
122465,0.84232384
63612,0.8207466
91766,0.274913
7823,0.18853994
38918,0.929919
8137,0.5780501
5862,0.22956517
40227,0.93913263
31777,0.9477746
51686,0.18853994
121291,0.2855446
111535,0.7146952
65647,0.7891144
76029,0.042299405
7514,0.51395583
102061,0.31079078
74658,0.5433626
119268,0.6868156
103000,0.5493985
70928,0.94929814
119324,0.8360133
82336,0.042299405
47765,0.73020875
9174,0.47155252
49760,0.8418177
110213,0.21283078
978,0.946063
86824,0.042299405
24194,0.8515394
57335,0.68741894
32905,0.78237045
100477,0.56650037
41848,0.89878726
23636,0.93574846
43597,0.8110535
88122,0.042299405
10492,0.31404623
124003,0.28039518
8253,0.28149348
45105,0.943447
78619,0.042299405
32531,0.71138984
52358,0.74626434
50537,0.92410934
15222,0.84052616
37355,0.8207466
26408,0.8099974
76338,0.042299405
14645,0.94929814
70912,0.8825908
120500,0.7159984
101611,0.34106764
107216,0.94929814
80446,0.042299405
84664,0.042299405
106763,0.90537584
28777,0.8099974
91029,0.042299405
46853,0.4079794
52025,0.54581475
113892,0.525903
85693,0.042299405
14298,0.21039005
115586,0.6559595
71286,0.319295
100405,0.39683107
62482,0.61580956
59766,0.7380147
34067,0.2855446
64679,0.68879247
62978,0.71138984
26332,0.9250916
47967,0.8044135
92681,0.62404686
2195,0.2597252
108591,0.9437412
71371,0.3948916
7799,0.59224993
4423,0.6383791
41433,0.9352508
70718,0.6359238
7129,0.28559422
35159,0.2855446
110881,0.5996484
2298,0.8605365
23695,0.9523117
72379,0.6465708
120308,0.6692836
123192,0.8404911
7652,0.36381382
91205,0.042299405
85937,0.042299405
62223,0.8043568
18843,0.525903
74793,0.23858921
34822,0.5920494
107581,0.8569112
116915,0.15580568
40474,0.9523117
97211,0.5576651
71535,0.40771678
29464,0.38279584
109678,0.08200509
43123,0.22316563
87044,0.042299405
42148,0.7216694
44949,0.7497565
67058,0.20697543
100528,0.3449537
10719,0.17581518
14824,0.94929814
102815,0.7351707
79787,0.042299405
39141,0.94996256
52146,0.42763534
24947,0.8110535
8904,0.54599565
103347,0.20065767
1006,0.94079983
90674,0.042299405
116064,0.8085045
30085,0.09232185
91384,0.042299405
67249,0.3948916
56598,0.72901887
71899,0.6733618
54971,0.7212874
33566,0.14223108
53835,0.27518013
24671,0.9250457
68263,0.4955667
23221,0.8480095
79766,0.042299405
4934,0.9480592
92150,0.26140323
116644,0.2688145
57779,0.7714836
17843,0.8044135
103880,0.6331713
115526,0.5723481
17678,0.2849689
18649,0.36202234
104836,0.61204034
1169,0.72901887
97585,0.5653206
63258,0.8350134
15456,0.94929814
65445,0.1670722
63978,0.2178324
91653,0.042299405
115245,0.68926793
54789,0.5191073
58198,0.92953664
122584,0.6868156
111963,0.5214674
65965,0.39683107
67771,0.39683107
53807,0.6831149
77794,0.042299405
66980,0.36381382
89612,0.042299405
39115,0.94996256
40297,0.944549
16879,0.31079078
67310,0.28774977
33627,0.22376266
21799,0.28364587
104104,0.32370886
113937,0.6766472
84993,0.042299405
42773,0.8913875
76945,0.042299405
115487,0.77026075
65028,0.2690262
8043,0.27026963
13383,0.6390641
95192,0.6147436
105023,0.37307182
9446,0.6234635
113226,0.7159984
91741,0.17898153
28041,0.738857
52091,0.91268975
1217,0.86173886
49689,0.54581475
102887,0.5433626
68332,0.5675377
71026,0.27612874
80608,0.042299405
14053,0.29958427
109248,0.22661321
25896,0.30267447
54963,0.93102473
83287,0.042299405
96776,0.3038541
64853,0.5900412
61963,0.6507865
22908,0.8043568
52164,0.29921618
38439,0.9250457
43052,0.9487389
83088,0.042299405
9083,0.23025987
76877,0.042299405
28206,0.4984756
74279,0.5957432
35828,0.9523117
46648,0.94996256
109512,0.2421421
76547,0.042299405
100146,0.5749036
4338,0.9210961
80285,0.042299405
62295,0.9145446
87790,0.042299405
26498,0.8615049
115374,0.75478274
17321,0.8043568
20987,0.29312846
3580,0.23381156
58697,0.73806477
59202,0.88169616
76951,0.042299405
71035,0.45325187
18838,0.93574846
96690,0.62710184
64827,0.68879247
102555,0.47188228
40979,0.95020086
13196,0.44056034
25145,0.929919
89152,0.042299405
89541,0.042299405
69339,0.53580344
63433,0.71138984
17316,0.8207466
57623,0.8207466
79648,0.042299405
41750,0.27888647
102470,0.8843069
49763,0.42209443
7720,0.2912581
119163,0.7271119
20558,0.8207466
87146,0.042299405
52602,0.20769228
108039,0.44056034
12758,0.31778494
6325,0.5937946
112533,0.6936065
106077,0.7689831
46798,0.41731146
17729,0.18885988
101995,0.42709547
20362,0.9117612
40688,0.9448827
65741,0.9056515
112900,0.80744815
82998,0.042299405
33146,0.58627796
36825,0.929919
39203,0.42494982
11082,0.22316563
108740,0.23433384
91865,0.32213336
60687,0.42494982
14020,0.61773074
100343,0.7553944
107891,0.5957432
33529,0.22921547
65890,0.65903616
72663,0.59975415
118267,0.24351414
8531,0.6390641
76237,0.042299405
41057,0.92379194
86676,0.042299405
69583,0.40802762
97911,0.07019539
81256,0.042299405
92881,0.8569112
63899,0.73305833
112642,0.71763843
16620,0.57020986
58279,0.8383232
12295,0.26140323
61364,0.79399997
88474,0.042299405
86987,0.042299405
83980,0.042299405
32779,0.9124725
99733,0.2957798
68858,0.06447654
71460,0.15700659
96489,0.7067418
114755,0.61229146
30728,0.94996256
70453,0.41293272
42183,0.92953664
85824,0.042299405
66011,0.25949326
28560,0.58720905
62851,0.36202234
108917,0.13526078
107470,0.5433626
31750,0.89878726
110239,0.2905648
53780,0.580667
10996,0.27920592
63663,0.8207466
98336,0.4538509
19261,0.4183741
52077,0.91567284
122479,0.71717465
65875,0.8207466
118270,0.22418214
19786,0.49265552
116721,0.6839789
41639,0.56589067
107034,0.4971667
80506,0.042299405
86313,0.042299405
54638,0.5191073
116822,0.33209783
73716,0.55404574
92281,0.4679198
110662,0.2211553
13592,0.38132983
32071,0.943447
59542,0.94205046
119819,0.2438233
98389,0.30679685
100157,0.5733387
70099,0.4679198
21017,0.37152475
8240,0.23141901
64858,0.7918845
122817,0.78524405
73700,0.3173908
27339,0.50492954
40877,0.70073885
16362,0.31404623
110556,0.21322735
3937,0.23025987
30221,0.929919
94278,0.95167696
74406,0.5957432
85171,0.042299405
95284,0.27920705
65667,0.9341388
18861,0.9250916
101686,0.525058
119051,0.39508018
30086,0.09232185
38810,0.92953664
24946,0.8043568
42688,0.8383232
123616,0.8036963
54140,0.49834597
58543,0.8207466
64241,0.824784
20513,0.6928004
53847,0.49834597
26125,0.8482609
67482,0.6809051
106487,0.23208158
42358,0.4399813
100456,0.593065
58617,0.9438819
118341,0.7770851
18751,0.9190161
98136,0.5566686
122071,0.4925202
106228,0.6365641
78349,0.042299405
1854,0.78409976
79376,0.042299405
50209,0.71047175
28858,0.24155533
79284,0.042299405
29182,0.63373584
85878,0.042299405
83697,0.042299405
63220,0.9407879
109416,0.19916667
79014,0.042299405
79797,0.042299405
107134,0.92525655
11046,0.0833434
71716,0.66470385
15785,0.8220191
12298,0.18439001
93832,0.30178916
22230,0.69516015
94866,0.16821106
50227,0.7589587
68982,0.10316146
19293,0.4079794
67199,0.24100702
93400,0.33674085
50747,0.54581475
121858,0.84694284
53308,0.8161812
40380,0.9523117
53937,0.21146478
110097,0.3196521
63588,0.8207466
14125,0.9324763
28407,0.15514514
59424,0.8207466
101757,0.8843069
21316,0.07044076
41450,0.93913263
40727,0.94996256
24401,0.25190273
64548,0.7063169
55794,0.9183035
39617,0.7497565
118787,0.24351414
85852,0.042299405
76158,0.042299405
63194,0.7412351
100565,0.3948916
82293,0.042299405
54914,0.580667
87364,0.042299405
85137,0.042299405
118300,0.27612874
55620,0.5369713
68922,0.45689416
47802,0.945651
16662,0.69516015
100010,0.4971667
70698,0.70187336
109278,0.13585882
48817,0.945651
28833,0.63373584
71364,0.6391833
84319,0.042299405
90534,0.042299405
16608,0.34106764
48285,0.7497565
49953,0.7589587
4773,0.69588417
74623,0.94929814
50986,0.5354218
12719,0.34157243
121530,0.63060707
28291,0.2622166
71798,0.29044622
58637,0.8207466
94009,0.8569112
78191,0.042299405
100436,0.48954934
40457,0.92953664
33837,0.24116644
108306,0.82063186
81512,0.042299405
120250,0.7589587
110548,0.19164279
33104,0.73305833
48974,0.61580956
81045,0.042299405
123157,0.7534511
115144,0.673477
84907,0.042299405
9022,0.22731778
30819,0.9448827
94224,0.90277
27392,0.20836739
124261,0.83230466
82327,0.042299405
113703,0.7101543
12463,0.22136773
3777,0.23106374
23622,0.9299622
291,0.41080713
51716,0.7729014
47234,0.20229618
50417,0.18853994
97697,0.6699113
19653,0.93102473
118446,0.65740234
117123,0.68926793
74254,0.38300097
22880,0.73305833
108211,0.90840834
49730,0.19088702
42300,0.13433158
47464,0.7492087
29895,0.08097476
56166,0.7838426
7503,0.6359238
6937,0.1581939
11237,0.7950006
53264,0.24155533
26225,0.4650849
99477,0.12181593
112550,0.37058383
10617,0.33666763
80937,0.042299405
67598,0.54599565
100886,0.9051254
33613,0.2229628
118118,0.54229796
46611,0.9250916
89378,0.042299405
9034,0.32082638
18463,0.8350134
31712,0.93913263
96564,0.40771678
50874,0.42494982
10528,0.14613277
116723,0.69266546
65376,0.92953664
51789,0.5681511
113719,0.43635744
66397,0.3654535
30826,0.94996256
52555,0.31139594
35437,0.89878726
69743,0.79476154
30065,0.16846552
101436,0.56650037
86640,0.042299405
104042,0.60732734
113528,0.7159984
18223,0.8830769
49810,0.7589587
19534,0.5920494
43479,0.61631
21499,0.9117612
109088,0.28996348
87187,0.042299405
96910,0.22466408
34114,0.70508915
106434,0.5704051
93790,0.78953385
8395,0.31130385
327,0.7301615
118301,0.2192887
9427,0.2178324
69710,0.68320847
98623,0.2957798
4740,0.6404606
9142,0.58913183
47928,0.31139594
90403,0.042299405
33225,0.29157576
95173,0.33674085
64993,0.8207466
51762,0.7534511
77208,0.042299405
84882,0.042299405
53133,0.706142
92198,0.2749024
37472,0.943447
10811,0.81222713
36326,0.78409976
91498,0.042299405
118687,0.29157576
106207,0.90840834
123941,0.9144649
51666,0.6654727
29438,0.18620116
38374,0.93716574
51773,0.7033534
20006,0.9250916
39660,0.8090711
73987,0.20609137
26561,0.38676816
34550,0.76274276
76728,0.042299405
124800,0.8248301
25470,0.92953664
83206,0.042299405
25900,0.18884328
91815,0.07983682
3006,0.48580244
103156,0.2698756
47568,0.68879247
6034,0.06447654
51213,0.36202234
98280,0.5767582
79279,0.042299405
109233,0.19164279
13056,0.8843069
101696,0.39683107
9956,0.14613277
46250,0.8231943
105631,0.41893154
110110,0.3344337
102715,0.87456024
11074,0.39278474
24186,0.9448827
111271,0.6368926
6445,0.24765624
92668,0.3951383
75345,0.042299405
104948,0.59502816
116533,0.22741185
27702,0.7412633
13311,0.8822879
27328,0.37307182
86025,0.042299405
13379,0.5863746
88782,0.042299405
88063,0.042299405
117602,0.5723481
93261,0.41893154
64830,0.67187816
64654,0.86236817
26432,0.88749844
68394,0.39683107
46626,0.946063
43315,0.6529449
101069,0.3951383
17183,0.36202234
34519,0.7883464
6402,0.36874843
8841,0.32082638
119103,0.70757115
60627,0.68879247
32748,0.944549
25679,0.42779115
32646,0.94996256
121718,0.78524405
15807,0.38300097
31876,0.92953664
74285,0.57096535
71527,0.40771678
40237,0.946063
67762,0.36381382
76485,0.042299405
65223,0.6362247
92901,0.9135301
122709,0.36202234
67250,0.3393765
39190,0.92953664
12098,0.5919433
66093,0.64533216
19228,0.80577356
114520,0.7528385
74954,0.042299405
41400,0.92379194
35981,0.9523117
15528,0.8843069
120568,0.7524114
45121,0.9448827
57109,0.4901465
21244,0.071581215
14628,0.94929814
59016,0.8043568
28467,0.69224143
15174,0.7697156
28891,0.7774526
109147,0.21146478
114462,0.3900109
49272,0.8220709
65942,0.29549584
67521,0.38300097
48375,0.929919
97952,0.5957432
91374,0.042299405
85698,0.042299405
33716,0.4399813
36723,0.9448827
66860,0.39683107
100774,0.54599565
74789,0.34517947
108725,0.12948851
115746,0.5113884
23753,0.945651
33747,0.8073304
39495,0.5336825
58375,0.3882269
21826,0.78409976
76536,0.042299405
85348,0.042299405
65354,0.9250457
42080,0.25042847
99178,0.69547606
51923,0.7681433
56525,0.77064055
43727,0.8383232
35918,0.92953664
88461,0.042299405
59303,0.72901887
95350,0.1764233
24881,0.34486023
21643,0.71672434
3843,0.36740533
67041,0.3623093
74577,0.9135301
17420,0.195731
58496,0.77064055
20325,0.8043568
114742,0.60187054
16254,0.61773074
104096,0.2784762
30643,0.7028948
119246,0.2688145
44983,0.7497565
21103,0.29423013
52296,0.78524405
30411,0.9250457
25478,0.92953664
40872,0.5545996
102035,0.7834762
80822,0.042299405
80232,0.042299405
75224,0.042299405
32703,0.80176836
81878,0.042299405
87271,0.042299405
76377,0.042299405
98819,0.30507174
54405,0.9462237
47971,0.78409976
68944,0.16452989
14113,0.8908866
94132,0.6832224
35426,0.9352508
16206,0.22775958
36684,0.9250916
74747,0.54599565
109863,0.19916667
46617,0.92953664
121505,0.84232384
98130,0.38300097
9217,0.27263793
61289,0.95020086
124618,0.88790125
67681,0.66041535
121399,0.276341
23331,0.73488027
48125,0.92379194
60761,0.78409976
79489,0.042299405
90366,0.042299405
39453,0.73305833
71805,0.38975224
19324,0.4774773
14135,0.95167696
28313,0.19548701
1010,0.9523117
46794,0.68303096
62111,0.9462237
75371,0.042299405
93725,0.3061297
95159,0.33674085
106905,0.9437412
110675,0.30690706
1489,0.9117612
78420,0.042299405
93188,0.42182922
32049,0.9250457
86351,0.042299405
74313,0.54697603
64650,0.7414636
115748,0.35805303
116797,0.6804096
100753,0.17945053
80284,0.042299405
86119,0.042299405
108354,0.67145896
30207,0.79677284
121799,0.5377049
28491,0.48580244
67606,0.5576651
100851,0.5592871
111021,0.276341
24927,0.8043568
9070,0.33644903
14509,0.94929814
119724,0.74126625
62860,0.70219076
90289,0.042299405
8766,0.73583424
48477,0.6880735
66822,0.5653206
54235,0.35650438
7313,0.60976607
24382,0.25438407
61865,0.86236817
56895,0.92953664
60350,0.78409976
97939,0.39683107
66498,0.38284454
74152,0.22420365
63224,0.9407879
7775,0.5943037
7270,0.32861578
23040,0.92953664
3093,0.48580244
43,0.5545996
32382,0.9523117
3683,0.58678144
75818,0.042299405
108152,0.90277
86249,0.042299405
7709,0.8220191
97123,0.3449537
75144,0.042299405
119428,0.5215088
63939,0.8043568
98260,0.4418656
101830,0.3620785
17970,0.9523117
77497,0.042299405
7122,0.154763
40783,0.54265183
13977,0.0833434
122405,0.41177186
3506,0.2863584
50171,0.78524405
109839,0.20091577
313,0.6972673
35352,0.4592283
115261,0.712157
49958,0.69701695
34877,0.9250457
111504,0.48193872
33411,0.7200549
44711,0.16068964
14196,0.90537584
6458,0.6369634
49647,0.73210716
103071,0.2969629
56381,0.9250916
102413,0.39683107
113192,0.65064245
102499,0.34157243
84704,0.042299405
28661,0.69224143
52156,0.3342711
40429,0.80176836
19330,0.61881745
8760,0.54599565
55460,0.5317508
82349,0.042299405
22744,0.71116287
61191,0.67187816
46374,0.8207466
41101,0.6100776
36051,0.9250457
96480,0.5835271
69415,0.61773074
42427,0.9477746
48022,0.58607644
112759,0.7657518
121977,0.5723481
109447,0.17898153
61490,0.35864118
5364,0.81915265
34431,0.9477746
35281,0.8383232
40640,0.9124725
68554,0.63599896
111817,0.31962118
11613,0.7849204
70593,0.47687104
104310,0.64709336
5680,0.54599565
62981,0.69516015
123804,0.59773505
110283,0.2588537
46864,0.80176836
115936,0.43967548
105882,0.67145896
79207,0.042299405
104956,0.48580244
183,0.9477746
81955,0.042299405
22041,0.73305833
15936,0.90537584
114968,0.4356394
77570,0.042299405
81341,0.042299405
39728,0.8207466
13285,0.21621013
11539,0.11808395
32439,0.8207466
63754,0.713902
107604,0.16452989
68632,0.4481545
38790,0.7497565
66938,0.20697543
59072,0.8130722
97114,0.3654535
54141,0.3893264
45483,0.31139594
88928,0.042299405
102909,0.7750072
94406,0.42182922
52069,0.8533859
79176,0.042299405
99691,0.5767582
85440,0.042299405
5181,0.9480592
33037,0.8515394
30496,0.94996256
88665,0.042299405
121973,0.5723481
117658,0.6692836
50672,0.5566904
60083,0.71672434
51768,0.33613372
11928,0.23619367
24101,0.08097476
93262,0.3150853
99909,0.3249235
36635,0.9352508
70955,0.94929814
95132,0.6663477
108375,0.67145896
26512,0.8214037
112422,0.39508018
10328,0.4971667
122417,0.64918625
108021,0.22776422
64180,0.2586587
90594,0.042299405
38732,0.89878726
84107,0.042299405
120583,0.6368926
12135,0.4896706
66877,0.24724309
63625,0.8207466
114181,0.6766472
115648,0.8482609
33272,0.37551606
58225,0.89878726
98205,0.95167696
82681,0.042299405
65927,0.40021947
25213,0.57072914
118926,0.3812725
101040,0.424223
41804,0.8027489
91284,0.042299405
37641,0.94996256
27833,0.6922989
73212,0.7093988
53072,0.719885
98693,0.7750072
30188,0.6329275
93849,0.1761025
121061,0.7665315
25727,0.70219076
75498,0.042299405
3644,0.30395988
83632,0.042299405
63275,0.68879247
7377,0.51395583
83711,0.042299405
62934,0.79061276
116569,0.37058383
124494,0.8562385
14302,0.38300097
3914,0.6383791
108131,0.47922328
39274,0.9477746
12548,0.26140323
105114,0.6809051
441,0.2159029
13836,0.6464198
15795,0.6097884
55112,0.7637424
114107,0.44442147
96449,0.38676816
112012,0.5794755
25303,0.37152475
89318,0.042299405
96928,0.8605365
44827,0.8207466
121716,0.78524405
77607,0.042299405
55443,0.5317508
56970,0.65236735
87557,0.042299405
90475,0.042299405
18131,0.9487389
122770,0.2166175
46372,0.8207466
82419,0.042299405
12565,0.80044043
35370,0.2855446
30721,0.9448827
69856,0.5576651
61423,0.8753827
58762,0.73806477
42053,0.94996256
70692,0.67145896
85980,0.042299405
29088,0.65358883
66718,0.62531036
16105,0.60976607
68973,0.11722104
77512,0.042299405
99906,0.56888294
24450,0.09232185
33195,0.24594611
58164,0.80176836
60044,0.28045914
6790,0.8779773
55727,0.33027643
76560,0.042299405
47611,0.71079046
10460,0.12181593
19978,0.78409976
43326,0.86236817
67088,0.64677536
28089,0.7271119
62938,0.525903
33971,0.86173886
59731,0.8043568
76360,0.042299405
32834,0.7133811
109428,0.17898153
75730,0.042299405
30689,0.94996256
97771,0.4955667
17982,0.71672434
12278,0.61522657
88245,0.042299405
90726,0.042299405
66320,0.8246817
102478,0.5968993
36373,0.94996256
64555,0.49265552
123264,0.9226429
78174,0.042299405
120608,0.542151
42451,0.89878726
121765,0.66817844
20434,0.9056515
28427,0.18884328
78723,0.042299405
18113,0.9487389
13993,0.90537584
31081,0.37996855
72467,0.615922
46292,0.8231943
101400,0.21445607
47602,0.93574846
78482,0.042299405
9170,0.47155252
106607,0.23858921
3387,0.6233502
47411,0.8207466
50627,0.67470163
115107,0.5113884
42147,0.73488027
96566,0.6446102
74841,0.5675377
30283,0.6486973
27906,0.42725438
113334,0.51533055
61533,0.9352508
79216,0.042299405
78113,0.042299405
78046,0.042299405
77163,0.042299405
118371,0.3812725
117916,0.20769228
53874,0.21531197
38432,0.7717939
9727,0.2159029
81882,0.042299405
498,0.87456024
20760,0.5900412
107129,0.90840834
119947,0.67809653
7967,0.5937946
4389,0.6501359
92771,0.5688362
118737,0.77026075
16117,0.34977314
107848,0.3758474
115114,0.738718
39563,0.93574846
75522,0.042299405
114409,0.8048856
117642,0.42763534
41279,0.9250916
30449,0.93913263
69831,0.7510938
101608,0.24351414
56024,0.58433414
100069,0.2539608
23683,0.9523117
63773,0.73806477
77733,0.042299405
67491,0.49127004
106126,0.90537584
37952,0.929919
20215,0.5668275
74960,0.042299405
98630,0.2668981
72382,0.46805072
35598,0.944549
10782,0.5751951
71568,0.69684905
64252,0.42592373
32790,0.5668275
89767,0.042299405
115158,0.79377216
60279,0.73806477
18605,0.61580956
56061,0.8913875
32768,0.6003068
90273,0.042299405
5751,0.14613277
10075,0.3324113
21637,0.7770851
28254,0.16928233
430,0.2874603
31001,0.89878726
101710,0.5653206
77458,0.042299405
85120,0.042299405
114288,0.65740234
21006,0.8043568
27506,0.4124326
91649,0.042299405
41641,0.6100776
53653,0.17974249
57804,0.68879247
91473,0.042299405
86892,0.042299405
82829,0.042299405
1915,0.78409976
101574,0.36874843
9172,0.47155252
125177,0.8620461
8858,0.6294289
37170,0.9523117
38270,0.8231943
99534,0.32553527
68021,0.25834355
8095,0.4010613
56585,0.8043568
15138,0.63599896
67223,0.21275993
113711,0.8129815
83760,0.042299405
112639,0.4774773
961,0.93102473
81352,0.042299405
32142,0.9477746
59092,0.3882269
119529,0.39508018
112326,0.5113884
110062,0.2905648
122633,0.57579035
48310,0.2855446
105346,0.6617918
36797,0.94996256
33062,0.40212277
58598,0.8925794
440,0.2159029
30609,0.94996256
87451,0.042299405
124350,0.6516696
2827,0.146232
67832,0.5653206
50006,0.7534511
100838,0.4481545
11711,0.39005843
115495,0.78524405
117810,0.6936065
116844,0.6657524
21074,0.72901887
106683,0.41293272
64198,0.68879247
95221,0.22956681
123484,0.8705647
64318,0.68879247
116176,0.65064245
369,0.37555605
90659,0.042299405
99447,0.70508206
106774,0.9135301
119480,0.6657524
21010,0.2855446
109022,0.1625507
66048,0.5767582
21355,0.73305833
27134,0.44207984
119630,0.69266546
28510,0.764464
59453,0.94205046
105957,0.90840834
15016,0.21039005
90373,0.042299405
53497,0.706142
84141,0.042299405
49753,0.78804094
42880,0.84945786
44127,0.8231943
87398,0.042299405
76603,0.042299405
6644,0.23141901
28361,0.1556471
105183,0.3003763
63238,0.36273086
58603,0.940431
22076,0.8043568
225,0.18885988
105880,0.58593714
31617,0.9523117
39664,0.9250916
18667,0.8207466
12536,0.6173614
88643,0.042299405
93566,0.6058881
95259,0.19855602
10676,0.6390641
31880,0.93913263
51799,0.67809653
57334,0.60990846
66203,0.28774977
20300,0.8207466
28170,0.20142531
5469,0.5749036
102885,0.25064898
14828,0.94415486
2895,0.6180691
103240,0.46805072
77162,0.042299405
5847,0.14613277
20063,0.23323603
58139,0.67187816
39532,0.8515394
33093,0.42209443
34285,0.6765279
3686,0.38692746
94370,0.21367444
107571,0.551814
16287,0.64154196
69155,0.61773074
107095,0.38132983
22005,0.7770851
31481,0.9250457
79850,0.042299405
61363,0.8385467
65242,0.2069135
48714,0.9523117
63319,0.86236817
117018,0.27612573
41012,0.9448827
51005,0.6804096
16198,0.11318909
98395,0.5576651
36281,0.5597396
61237,0.7249829
1273,0.72814405
75620,0.042299405
120373,0.77026075
79837,0.042299405
110563,0.17869659
2347,0.6521865
89944,0.042299405
44390,0.944549
1503,0.94205046
36696,0.94996256
17060,0.29560718
55217,0.69928765
47482,0.92953664
24047,0.21303168
36670,0.76889104
124136,0.5113884
20766,0.55944484
48519,0.89878726
76710,0.042299405
39211,0.85096294
112661,0.7657518
102534,0.39683107
24640,0.9250457
16356,0.7746857
37321,0.92953664
62591,0.5900412
95606,0.78953385
26356,0.77588665
43706,0.9250457
51547,0.1601529
33147,0.72651535
93926,0.596364
17865,0.929919
95689,0.82626796
10684,0.34543738
84209,0.042299405
6353,0.54599565
94932,0.710885
76725,0.042299405
74684,0.55404574
76893,0.042299405
23866,0.78409976
120383,0.525903
31,0.65198874
6572,0.2137811
65212,0.73020875
32167,0.94996256
86097,0.042299405
88092,0.042299405
114729,0.67586255
31565,0.945651
62906,0.24617139
22703,0.79399997
122720,0.3812725
91077,0.042299405
108999,0.10961625
1953,0.3812725
8822,0.38651696
27174,0.6642
7966,0.5749036
112103,0.34106764
116163,0.7271119
60607,0.87992996
34302,0.26235777
7984,0.29813147
80063,0.042299405
70120,0.5433626
75569,0.042299405
52987,0.79820716
62879,0.54229796
31048,0.54791254
23670,0.9523117
70479,0.34106764
87024,0.042299405
59330,0.824784
28483,0.7770851
97147,0.7997747
10663,0.5943037
66381,0.5492121
26943,0.54791254
9119,0.7770851
5581,0.90537584
109466,0.22031268
121596,0.7613734
31915,0.26099586
73227,0.64533216
59204,0.8913875
62625,0.5693409
112345,0.71763843
61969,0.8913875
113870,0.7729014
1414,0.31161547
50150,0.47318125
3231,0.61743486
53873,0.1732547
81069,0.042299405
116080,0.7589587
112885,0.67683107
48499,0.8231943
91629,0.042299405
43391,0.9462237
71113,0.5898256
101568,0.61773074
119458,0.2178324
16169,0.20278408
66176,0.6626437
92257,0.54599565
75684,0.042299405
74066,0.38300097
21099,0.5113884
102472,0.5968993
46268,0.89878726
120515,0.6368926
58656,0.8909555
63717,0.8207466
43055,0.9487389
60215,0.76274276
74104,0.26469967
52462,0.31139594
5580,0.90277
93881,0.64073044
76974,0.042299405
106818,0.95167696
58636,0.9487389
69124,0.6234635
115249,0.24314992
75710,0.042299405
56713,0.8383232
9207,0.8637607
88445,0.042299405
48659,0.9352508
40196,0.7497565
15749,0.06447654
19755,0.87992996
72597,0.6058881
104556,0.596364
13967,0.0833434
24181,0.946063
30187,0.8515394
21899,0.8753827
112968,0.6973591
87925,0.042299405
32509,0.37555605
62283,0.691416
89631,0.042299405
123374,0.7033534
81539,0.042299405
83246,0.042299405
117351,0.52798307
59065,0.67544264
90902,0.042299405
60698,0.9117612
61571,0.739572
57725,0.7497565
58657,0.9145446
45744,0.2855446
82081,0.042299405
25366,0.929919
111400,0.17180389
112000,0.48193872
111567,0.65740234
34958,0.9523117
12172,0.6173614
36469,0.32338005
9744,0.38300097
32233,0.8383232
81357,0.042299405
60574,0.8480095
106188,0.6365641
73280,0.37996855
33586,0.82626796
8438,0.25574622
61135,0.8043568
84221,0.042299405
26967,0.67054176
13468,0.28559422
36628,0.7566842
57451,0.6778335
59008,0.8043568
63591,0.7202399
95619,0.4912952
76272,0.042299405
20402,0.7621468
39017,0.912004
49703,0.78524405
98566,0.712781
58377,0.6559696
49954,0.56612575
27268,0.30267447
96832,0.6094782
92754,0.2597252
119008,0.6327601
18701,0.7249829
72335,0.42758256
44853,0.9250916
84666,0.042299405
117054,0.43635744
57277,0.9406281
99552,0.5937946
29100,0.77588665
96321,0.28045914
59011,0.8043568
22251,0.7006684
26033,0.83342713
123709,0.51533055
106439,0.59351325
51678,0.2831447
16663,0.71138984
77707,0.042299405
47163,0.78237045
40647,0.9190161
90000,0.042299405
6313,0.39683107
121592,0.7729014
87250,0.042299405
18135,0.9487389
25290,0.9022172
86968,0.042299405
75484,0.042299405
122733,0.57579035
111437,0.15779632
123415,0.84232384
67841,0.62355137
7681,0.7950006
101803,0.51395583
43155,0.70348567
100648,0.5625888
5524,0.6802665
55014,0.580667
63056,0.8399524
42870,0.80176836
58507,0.80682105
87476,0.042299405
44935,0.94079983
2835,0.61204034
22149,0.9416098
113861,0.2913534
53909,0.25232324
103041,0.2358583
124396,0.6643707
79045,0.042299405
76304,0.042299405
53503,0.7640816
81646,0.042299405
16705,0.30350205
34456,0.94996256
123719,0.64533454
123217,0.7534511
71202,0.5749036
77602,0.042299405
15846,0.14613277
88781,0.042299405
43071,0.30889368
26166,0.65279776
17478,0.93574846
103739,0.36165023
56171,0.8830769
94490,0.16641021
61449,0.9477746
78984,0.042299405
84034,0.042299405
124578,0.75478274
30678,0.9448827
105821,0.2380667
2331,0.5688362
106030,0.18876319
96689,0.5835271
115952,0.7033534
4620,0.9366573
105077,0.2814844
80391,0.042299405
115451,0.6657524
31642,0.9523117
88988,0.042299405
96492,0.59418905
69413,0.5767582
65702,0.7277527
6636,0.24314992
53231,0.93925244
112439,0.5354218
101644,0.5653206
10846,0.6173614
4923,0.9480592
77555,0.042299405
59626,0.7202399
117117,0.4079794
93093,0.95167696
7870,0.2178324
12388,0.5266537
97154,0.6234635
37941,0.93574846
34625,0.8043568
35380,0.7269722
10764,0.24617139
62518,0.93574846
75017,0.042299405
119505,0.8360133
5981,0.0833434
2220,0.36247838
10867,0.32423192
76342,0.042299405
108498,0.67145896
122306,0.6291412
16905,0.72687525
92159,0.21445607
49120,0.71138984
45409,0.9190161
101016,0.34106764
17298,0.5113884
60966,0.8382824
83159,0.042299405
79515,0.042299405
85513,0.042299405
61031,0.2358583
94839,0.4912952
109096,0.2211553
1038,0.9523117
116508,0.7589587
34065,0.4592283
91313,0.042299405
114074,0.525903
7211,0.16285013
59793,0.85711795
8657,0.4538509
66691,0.28774977
64913,0.73806477
106186,0.42182922
119483,0.68926793
86603,0.042299405
107181,0.85501504
88645,0.042299405
81093,0.042299405
107407,0.32184225
19852,0.8207466
105015,0.254536
115867,0.7665315
6908,0.27155393
69216,0.3249235
114581,0.3415919
72122,0.20730081
108753,0.22722389
56000,0.66155225
59951,0.25076357
112491,0.69532084
74458,0.34157243
38652,0.94996256
9491,0.44056034
93475,0.2694145
53174,0.71996963
10913,0.45689416
6134,0.47922328
26077,0.20518556
124509,0.7729014
1442,0.49265552
2456,0.6521865
60296,0.73806477
121209,0.2069135
122853,0.8134394
87403,0.042299405
100767,0.54599565
85494,0.042299405
123447,0.91210264
122017,0.8472857
109668,0.08200509
122311,0.65064245
89817,0.042299405
32643,0.94996256
58328,0.944549
25685,0.39957526
67337,0.38300097
48799,0.92953664
32893,0.73806477
48401,0.93913263
115504,0.26099586
24414,0.16846552
112157,0.3082912
12444,0.73583424
36302,0.9250916
65458,0.929919
101681,0.54572153
101787,0.9292508
71406,0.24535422
108727,0.25156873
14560,0.94929814
58055,0.68879247
29026,0.20779665
29299,0.48580244
57851,0.68879247
53513,0.88749844
42990,0.9487389
32472,0.93574846
99564,0.3654535
36859,0.6608459
104110,0.23269598
46514,0.943447
77553,0.042299405
123772,0.49456495
28949,0.4525366
54269,0.5191073
118813,0.6804096
38741,0.73305833
106201,0.90537584
5498,0.29999623
25980,0.27002808
96150,0.27478942
38313,0.8496883
76265,0.042299405
88470,0.042299405
96519,0.26932082
121821,0.6804096
101978,0.6916383
78005,0.042299405
36203,0.6060048
67489,0.5767582
20390,0.9438819
74763,0.7092768
83628,0.042299405
114951,0.78524405
80784,0.042299405
109973,0.2912829
10918,0.5708834
53164,0.706142
106565,0.2401417
92467,0.36890474
90830,0.042299405
20157,0.67187816
86782,0.042299405
63009,0.79131
24368,0.41802168
69282,0.45689416
39787,0.9523117
5487,0.34157243
117994,0.13110887
67856,0.38651696
98682,0.539954
50521,0.91567284
116563,0.44442147
70883,0.5576651
80893,0.042299405
14416,0.94929814
57221,0.2690262
51332,0.6732954
32085,0.9448827
42463,0.73305833
30636,0.94996256
62516,0.93913263
89471,0.042299405
41640,0.7497565
74391,0.26469967
120482,0.7665315
113972,0.72119814
106157,0.8246817
108902,0.24538632
69434,0.33644903
13617,0.61191213
75731,0.042299405
70513,0.3758474
79035,0.042299405
108167,0.5719579
95161,0.30645418
33457,0.8480095
86970,0.042299405
108227,0.9410198
46851,0.66872925
11683,0.61522657
102077,0.41742805
52005,0.51533055
21085,0.68879247
47938,0.42209443
114674,0.39059845
28809,0.8099974
29386,0.59297925
16798,0.26297393
78628,0.042299405
84322,0.042299405
17554,0.44442147
31732,0.78409976
106395,0.3173908
109902,0.2211553
11455,0.18885988
92522,0.3654535
46229,0.8043568
87744,0.042299405
81563,0.042299405
98684,0.7168207
56917,0.8676704
63189,0.940431
54428,0.58433414
51125,0.49525714
80369,0.042299405
112167,0.6732954
29077,0.41360265
118842,0.61755145
34982,0.9250457
58376,0.7414636
36358,0.9250916
27863,0.19548701
82342,0.042299405
62207,0.9487389
41918,0.72901887
96481,0.403881
5830,0.35514382
73235,0.3533332
30454,0.944549
10450,0.12908918
46458,0.72651535
2174,0.58678144
78596,0.042299405
61979,0.5532914
53850,0.35650438
46673,0.94996256
17544,0.49265552
80820,0.042299405
52078,0.91210264
103443,0.32021287
59723,0.8207466
16367,0.2641915
44451,0.9477746
20487,0.7621468
47409,0.61580956
110494,0.22661321
116874,0.3812725
14005,0.8908866
24348,0.8043568
6284,0.34977314
29450,0.17865758
29838,0.38676816
28193,0.2622166
34885,0.72651535
116193,0.80744815
43331,0.8913875
40092,0.94996256
54675,0.912004
74811,0.20697543
7299,0.22010066
124091,0.2925437
108870,0.19631109
7319,0.38300097
31092,0.9250457
31794,0.945651
115964,0.6868156
27009,0.8671329
20831,0.6760014
93803,0.6058881
62768,0.29423013
95369,0.21471924
89448,0.042299405
64101,0.195731
84802,0.042299405
103687,0.5835271
46792,0.19215736
20576,0.8207466
105160,0.416442
55410,0.49834597
31647,0.69516015
20131,0.09232185
21207,0.09232185
71518,0.58678144
27011,0.88749844
122904,0.80049443
29285,0.738857
106262,0.9437412
48934,0.8043568
51574,0.67470163
109465,0.1863418
58264,0.9411508
124403,0.37555605
104177,0.42182922
15473,0.94415486
17917,0.45070684
18397,0.071581215
122252,0.33233824
79632,0.042299405
35544,0.8207996
106632,0.32082638
48661,0.92953664
96877,0.5592871
115223,0.4356394
98902,0.21681279
40961,0.93913263
60164,0.78409976
59370,0.75276476
14467,0.94929814
22998,0.8027489
116052,0.7978805
69580,0.5814427
95233,0.2519821
8422,0.22915792
16375,0.20988327
7351,0.38300097
118686,0.49456495
7191,0.45325187
108595,0.94929814
111880,0.27224886
89047,0.042299405
106179,0.3203681
87994,0.042299405
27208,0.23106374
71571,0.7409207
99243,0.15853801
15720,0.0833434
57004,0.8676704
4528,0.83497643
118006,0.15106684
78668,0.042299405
19917,0.5113884
9598,0.5863746
40682,0.9448827
69953,0.41293272
103816,0.90537584
98908,0.44056034
22014,0.7497565
12604,0.61522657
57104,0.713902
55109,0.7643699
108630,0.3654535
33741,0.6765279
4750,0.590634
10342,0.593065
92737,0.60677075
110201,0.26225486
116319,0.80744815
11877,0.4003917
109594,0.09525203
73808,0.525206
12945,0.31130385
65704,0.7063169
13697,0.38300097
51348,0.2178324
78000,0.042299405
97029,0.86634123
105723,0.57938457
106928,0.60113144
35401,0.73020875
106762,0.8569112
91391,0.042299405
124657,0.90049934
13359,0.20278408
26037,0.3014912
26352,0.2166175
72555,0.36374614
24536,0.06470332
111336,0.27224886
58154,0.7249829
48627,0.92953664
53100,0.706142
101841,0.22010066
81772,0.042299405
86331,0.042299405
96262,0.264986
111700,0.542151
53269,0.8480095
46788,0.24100304
110355,0.2421766
7151,0.49058908
16658,0.6588414
24802,0.37555605
43089,0.22082499
120984,0.9165107
123500,0.91567284
26633,0.8099974
8048,0.75218594
16547,0.7030056
35811,0.9523117
123068,0.80248624
88767,0.042299405
72500,0.39536723
94804,0.4542647
5125,0.86201453
120286,0.7534511
64939,0.38217688
118452,0.67236716
7111,0.47155252
22216,0.9022172
7886,0.19821243
83416,0.042299405
67334,0.2273927
12362,0.65132916
112645,0.71763843
99793,0.28792992
27223,0.18884328
105106,0.64323854
73053,0.94551253
53270,0.88749844
86235,0.042299405
81255,0.042299405
83349,0.042299405
68331,0.25438407
10934,0.598826
1691,0.49265552
124245,0.35805303
9231,0.4546866
121011,0.39508018
28729,0.8524912
110450,0.19916667
107643,0.67551756
99465,0.15552893
94824,0.17974249
116811,0.6936065
74319,0.53580344
36468,0.42494982
29616,0.8515394
121783,0.54581475
16878,0.3812725
76014,0.042299405
56025,0.38503394
35118,0.93913263
49820,0.7729014
82478,0.042299405
31076,0.8676704
87731,0.042299405
60006,0.41080713
36364,0.93574846
15402,0.64421976
95567,0.28741992
50928,0.6916024
1356,0.89878726
25934,0.8099974
5535,0.8779773
49284,0.8207466
3127,0.25269666
36632,0.9250457
80026,0.042299405
75399,0.042299405
59864,0.71672434
123233,0.8766096
117133,0.49510035
79153,0.042299405
69612,0.91259134
42739,0.37555605
3974,0.64153135
115426,0.729457
60695,0.9117612
109562,0.11326932
798,0.89878726
104922,0.21883895
106249,0.90840834
107880,0.36381382
68417,0.2705526
56571,0.77064055
84277,0.042299405
120452,0.49265552
57273,0.93485516
123132,0.6804096
81439,0.042299405
44373,0.929919
259,0.70508915
70578,0.45689416
29791,0.35399884
111443,0.51398873
30875,0.92379194
7432,0.3324113
23172,0.58607644
120830,0.64918625
120469,0.65978247
10799,0.70757115
55889,0.580667
93018,0.90537584
4772,0.7457384
45998,0.9250457
36054,0.9250916
26994,0.77588665
70295,0.599233
98098,0.24666837
81987,0.042299405
92712,0.23106374
29747,0.2166175
56578,0.89878726
30481,0.94996256
93141,0.9135301
101329,0.14613277
18520,0.7296874
123209,0.9226429
123563,0.6936065
111226,0.5236463
97181,0.204757
87875,0.042299405
37032,0.93913263
42676,0.9477746
16238,0.5576651
66385,0.5731755
21237,0.08097476
57,0.69516015
93571,0.2590839
2074,0.9366573
6513,0.26406753
19074,0.7508416
5796,0.64581996
48146,0.85096294
121162,0.6181702
1243,0.92953664
87908,0.042299405
112194,0.5360051
74804,0.24100702
78423,0.042299405
68509,0.48496756
1482,0.8753827
82514,0.042299405
23205,0.689946
38976,0.94996256
88708,0.042299405
120054,0.83694464
123396,0.7528385
92451,0.8300068
25144,0.89878726
77044,0.042299405
109115,0.2211553
14011,0.31449857
27527,0.1817711
89259,0.042299405
2143,0.38975224
57284,0.60990846
116953,0.78524405
44228,0.89878726
57702,0.7368256
29958,0.06470332
3602,0.18884328
43030,0.9487389
19019,0.7030056
67538,0.54599565
77301,0.042299405
49521,0.599273
10277,0.22508934
106814,0.95167696
119996,0.2855446
109281,0.11349144
108358,0.72421074
21249,0.071581215
44010,0.7269722
87338,0.042299405
48410,0.944549
13334,0.8651323
13335,0.36664164
43919,0.943447
58873,0.23141901
103149,0.5688362
112668,0.39445248
8653,0.4538509
52301,0.44664463
76297,0.042299405
23649,0.943447
10250,0.56650037
118929,0.64510864
24137,0.071581215
15173,0.6261975
20536,0.5404904
106,0.9250916
24923,0.8043568
61609,0.76274276
91981,0.20173213
78609,0.042299405
90968,0.042299405
61559,0.739572
97346,0.5968993
56615,0.7420828
7199,0.6043004
95391,0.61743486
96725,0.90537584
86103,0.042299405
37444,0.7824239
125019,0.6693553
48807,0.943447
20818,0.24351414
103959,0.2622166
20268,0.7202399
41481,0.9448827
45531,0.20988327
73369,0.22420365
123030,0.65740234
58680,0.73806477
100895,0.9106408
17530,0.19367054
106858,0.5412692
121748,0.67470163
109617,0.21322735
94760,0.11939241
55975,0.6918835
117744,0.66786546
42079,0.23154114
99527,0.66041535
70,0.7227505
33029,0.071581215
106940,0.90537584
66886,0.39683107
34915,0.9250916
90640,0.042299405
31564,0.946063
1601,0.37555605
13922,0.39683107
7266,0.49127004
113981,0.36202234
78329,0.042299405
23807,0.80577356
50649,0.2690262
233,0.61493313
98032,0.95167696
56714,0.8814742
2269,0.9400095
52737,0.65064245
75518,0.042299405
86759,0.042299405
102693,0.39683107
6112,0.13873824
51648,0.65064245
74718,0.6670749
69667,0.94551253
83305,0.042299405
119809,0.5501913
99567,0.23141901
90895,0.042299405
26139,0.8753827
59505,0.8110535
70122,0.6329326
45044,0.9250457
107081,0.63315564
49780,0.7534511
86901,0.042299405
52711,0.542151
6913,0.35532045
31832,0.8383232
44842,0.89878726
75889,0.042299405
121924,0.4774773
96907,0.23141901
60903,0.73698974
88880,0.042299405
105136,0.48132953
76772,0.042299405
103498,0.24518593
110874,0.20731091
60712,0.42323375
5080,0.9480592
8796,0.17808798
6411,0.598826
16916,0.40644655
84069,0.042299405
47126,0.8044135
61525,0.8383232
88817,0.042299405
32516,0.3156893
114897,0.77448213
70221,0.64780295
85761,0.042299405
51272,0.5723481
43815,0.6972673
105708,0.7322669
89904,0.042299405
87463,0.042299405
69780,0.92601985
6439,0.4481545
113886,0.7729014
67194,0.26008666
898,0.9445681
22848,0.71138984
124300,0.85423577
31033,0.943447
71014,0.29138115
73710,0.24351414
78502,0.042299405
48835,0.8043568
117634,0.31780624
67385,0.67145896
29032,0.4984756
72830,0.61661226
76094,0.042299405
107815,0.3758474
27489,0.3150853
82890,0.042299405
58760,0.73806477
11604,0.56298167
60310,0.7729732
19483,0.8043568
111147,0.7534511
110492,0.1911041
27158,0.38676816
45183,0.7492087
122600,0.67683107
21903,0.8043568
120506,0.542151
94040,0.9227343
101835,0.25588787
33647,0.29157576
19752,0.8478691
46390,0.69681287
947,0.88749844
5747,0.14490858
4708,0.6233502
95302,0.19462542
81106,0.042299405
22547,0.16846552
104128,0.19800095
15269,0.2159029
39292,0.8090711
116774,0.40212277
41682,0.6986062
80175,0.042299405
7457,0.5749036
84041,0.042299405
31835,0.929919
89394,0.042299405
97178,0.22045623
107597,0.20278408
99594,0.56650037
65540,0.22956517
83290,0.042299405
20124,0.09011422
25194,0.94996256
20953,0.5113884
27407,0.7039461
48109,0.9190161
124032,0.39445248
94901,0.6005577
99756,0.67967427
18371,0.071581215
116343,0.8462616
20031,0.9250916
87072,0.042299405
120502,0.6936065
80631,0.042299405
90694,0.042299405
93376,0.3061297
75018,0.042299405
39888,0.94996256
100520,0.22418214
86439,0.042299405
8331,0.541883
98093,0.59692234
118717,0.39508018
92439,0.58103025
93785,0.6050565
105310,0.60732734
119820,0.2435888
120249,0.6537946
105895,0.9366573
117858,0.66470563
41045,0.76273996
52435,0.55470836
10466,0.12410295
123163,0.738718
5727,0.29813147
63251,0.65741247
41437,0.93913263
15940,0.68238604
63818,0.75276476
62533,0.8406371
1506,0.9487389
13804,0.28402662
23712,0.9523117
107757,0.39683107
107733,0.34106764
38035,0.943447
5819,0.66041535
11639,0.2957798
105888,0.7409207
109917,0.2912829
89254,0.042299405
6897,0.60976607
102375,0.2688145
85217,0.042299405
37456,0.9299622
3645,0.28330937
118,0.72814405
15207,0.90368444
57229,0.60990846
77646,0.042299405
37411,0.9448827
34770,0.17945053
95615,0.61859137
51907,0.7665315
19336,0.3082912
78487,0.042299405
122481,0.5113884
78915,0.042299405
38780,0.9250457
54027,0.47812366
65535,0.525903
6074,0.47332275
89641,0.042299405
112263,0.59541565
27441,0.44501498
100837,0.4481545
23133,0.5404904
74599,0.9410198
65276,0.5236463
121675,0.6868156
25504,0.94079983
107064,0.90537584
74037,0.24937305
92552,0.31404623
56500,0.8913875
34063,0.09232185
47041,0.346782
79306,0.042299405
99996,0.551814
26331,0.9250457
15003,0.90537584
123877,0.2855446
28979,0.63373584
4016,0.6213902
60314,0.78409976
89613,0.042299405
67135,0.2750484
121318,0.67470163
81376,0.042299405
78474,0.042299405
101550,0.34157243
73613,0.31993508
100370,0.23198004
64301,0.80176836
18485,0.5905028
70923,0.9292508
58712,0.7227505
102062,0.27891126
26556,0.2638335
33086,0.92953664
96946,0.84856004
96920,0.6130228
110073,0.2912829
103723,0.4912952
13164,0.26333526
13428,0.7754893
103914,0.6094782
105140,0.36042804
12939,0.599233
60313,0.80176836
55017,0.7426282
66890,0.59224993
55406,0.6487721
47848,0.8220709
31508,0.8043568
106516,0.41360265
74263,0.39793688
113839,0.69532084
9115,0.77884257
42133,0.946063
119935,0.65064245
60217,0.8207466
60065,0.73806477
27123,0.738857
95209,0.19548701
96748,0.90840834
30493,0.94996256
16952,0.3900109
24338,0.22316563
106967,0.5937946
120906,0.6936065
10512,0.2166175
2616,0.34298202
89162,0.042299405
107590,0.33580336
11843,0.12908918
16897,0.371473
112416,0.39704123
91753,0.22722389
62192,0.9416098
42557,0.8383232
23703,0.9445681
57474,0.7893003
86851,0.042299405
6872,0.39793688
115912,0.3812725
106399,0.291994
78100,0.042299405
87683,0.042299405
39393,0.525903
12039,0.6036755
4990,0.6465708
77714,0.042299405
42519,0.945651
5512,0.605124
106041,0.70877457
9679,0.4481545
39885,0.94996256
34399,0.9352508
115976,0.80049443
6323,0.5937946
20066,0.16846552
41767,0.76274276
122187,0.729457
70938,0.94929814
111441,0.65883523
10607,0.33666763
45758,0.8073304
34863,0.68879247
3083,0.27002808
118559,0.24617139
117500,0.22316563
91767,0.7280284
8338,0.31599456
119578,0.36202234
115377,0.8385467
1830,0.78409976
29328,0.59351325
24093,0.09232185
105331,0.33674085
84568,0.042299405
115324,0.7271119
83087,0.042299405
797,0.8383232
105167,0.6094782
37313,0.929919
72002,0.26262966
123946,0.9226429
48212,0.93913263
14921,0.20801125
68568,0.56670856
78465,0.042299405
9016,0.20050755
38591,0.93574846
88033,0.042299405
69584,0.35441718
80236,0.042299405
120723,0.37555605
33945,0.92953664
62330,0.9487389
102320,0.21696787
107567,0.58248377
105818,0.26558745
9471,0.5820173
86066,0.042299405
57278,0.9477746
28463,0.23844908
86701,0.042299405
8625,0.60976607
67244,0.5767582
106619,0.5550873
120407,0.16846552
53934,0.3328685
112362,0.69532084
22855,0.69516015
111106,0.32082638
54313,0.7054191
46018,0.49265552
122973,0.5849392
79295,0.042299405
17421,0.15936628
95345,0.22510497
39371,0.92953664
38230,0.8231943
99632,0.5968993
56636,0.6060048
20360,0.88749844
6598,0.39683107
25173,0.94996256
81788,0.042299405
80203,0.042299405
1912,0.9269657
107950,0.28774977
114116,0.5113884
64627,0.7271119
85952,0.042299405
66314,0.7409207
39845,0.87456024
113606,0.18257107
63128,0.6003068
19038,0.69516015
5834,0.23778223
47427,0.63845223
94715,0.13415356
27388,0.28179765
37653,0.7497565
99175,0.5625888
16655,0.39508018
18197,0.8207466
63361,0.69176346
15875,0.61773074
122718,0.6936065
83098,0.042299405
110543,0.22723664
52261,0.39508018
87435,0.042299405
50679,0.7741595
91413,0.042299405
50281,0.44527495
108333,0.59791553
111319,0.6187189
93626,0.61256564
82953,0.042299405
2883,0.18885988
116801,0.7070648
8460,0.37561303
105984,0.94415486
101019,0.16642499
91256,0.042299405
48509,0.9250916
21758,0.87992996
117284,0.29312846
10408,0.5708834
22419,0.94205046
58011,0.72901887
70516,0.29556417
84279,0.042299405
122412,0.67236716
59395,0.8161812
76745,0.042299405
98998,0.23198004
70854,0.64154196
77580,0.042299405
110438,0.20484419
114811,0.6559595
74821,0.23487917
63924,0.5566904
46087,0.20658906
17465,0.9250457
96705,0.5835271
84622,0.042299405
13728,0.1533329
76506,0.042299405
113673,0.8161812
21962,0.23323603
84690,0.042299405
98965,0.18853994
29486,0.464219
2098,0.2597252
50827,0.37058383
117671,0.50007135
21910,0.8043568
43888,0.9352508
90862,0.042299405
40137,0.77064055
9391,0.4481545
67091,0.66710955
18224,0.8482609
30837,0.94996256
55286,0.79820716
116601,0.729457
97672,0.73337775
22169,0.9416098
121167,0.41731146
45985,0.7824239
113512,0.5113884
76687,0.042299405
93275,0.60732734
112545,0.6187189
115271,0.69991857
19651,0.9117612
96838,0.7146805
41127,0.93997115
104880,0.6094782
113737,0.16181193
112357,0.71763843
33338,0.8482609
46331,0.28695303
101014,0.28695303
108230,0.9437412
79694,0.042299405
124037,0.77026075
124393,0.6352164
5370,0.41360265
117982,0.14544274
621,0.943447
101603,0.38300097
106432,0.22420365
51707,0.21445607
69859,0.57416445
68660,0.6647118
114048,0.72157574
25107,0.9448827
2972,0.61743486
71817,0.5972017
14449,0.94929814
80665,0.042299405
32635,0.94996256
69894,0.27104348
90687,0.042299405
112993,0.74274236
122810,0.8161812
57748,0.72901887
61166,0.8207466
90935,0.042299405
88197,0.042299405
89298,0.042299405
42395,0.35784245
5815,0.48954934
26158,0.69224143
72413,0.41360265
59950,0.58627796
106096,0.8778127
114935,0.818668
67284,0.60127157
507,0.6773346
82404,0.042299405
89907,0.042299405
61530,0.89878726
71072,0.7204346
46493,0.7522791
4440,0.61775565
121312,0.3342711
23046,0.944549
82141,0.042299405
80045,0.042299405
82463,0.042299405
60686,0.88749844
33944,0.9299622
56576,0.7729732
44859,0.92953664
39802,0.9523117
61958,0.68879247
55080,0.68265426
58256,0.93574846
94720,0.4650849
94887,0.15440756
80572,0.042299405
63941,0.8043568
113559,0.6327601
89693,0.042299405
117150,0.24351414
105699,0.6552179
124772,0.7665315
27513,0.1844603
32598,0.92379194
1005,0.9523117
29331,0.2784762
119417,0.6936065
29230,0.416442
5301,0.8557216
14343,0.21039005
49501,0.60369164
99262,0.54599565
59297,0.61881745
39925,0.72901887
16467,0.29008967
82406,0.042299405
36686,0.93913263
63738,0.8482609
74867,0.55404574
85683,0.042299405
116096,0.78524405
8921,0.5444087
70329,0.2505103
101327,0.18178366
83406,0.042299405
3218,0.6501359
46273,0.92953664
102096,0.6537649
76053,0.042299405
91717,0.042299405
3905,0.6101855
71834,0.36740533
52448,0.41731146
67540,0.5444087
35917,0.92953664
124070,0.77026075
5401,0.81915265
111370,0.23154114
59672,0.8043568
6136,0.34157243
12987,0.24396019
89460,0.042299405
86446,0.042299405
114090,0.57020986
122956,0.8150449
8868,0.64114386
55027,0.580667
3916,0.62220883
36299,0.9250457
104022,0.19752713
29754,0.17083454
45416,0.8231943
37631,0.93574846
38960,0.93913263
26593,0.37307182
38685,0.94996256
23241,0.8913875
84103,0.042299405
99694,0.3654535
65813,0.5043416
32869,0.40543315
129,0.86173886
23165,0.4592283
64214,0.69516015
113197,0.41177186
62174,0.9487389
92004,0.20427777
94889,0.15620294
42765,0.8913875
60530,0.78409976
68961,0.11722104
48290,0.7140731
4491,0.70430285
48102,0.76274276
95737,0.42182922
120195,0.8129815
102516,0.5653206
34636,0.8752638
122509,0.8048856
87423,0.042299405
100263,0.5757719
79019,0.042299405
80197,0.042299405
103458,0.24633652
78691,0.042299405
106062,0.6890052
110792,0.21264395
27905,0.7516647
105034,0.2197869
89270,0.042299405
55774,0.82966644
18363,0.09232185
111322,0.4221164
109731,0.07953898
67643,0.38651696
50635,0.67470163
40011,0.8676704
55321,0.8830769
46219,0.9523117
113422,0.7570681
57000,0.6352898
86162,0.042299405
23800,0.8207466
46010,0.3900109
4711,0.80074793
31450,0.7427091
75356,0.042299405
90462,0.042299405
112988,0.56612575
115845,0.525903
121875,0.85576946
41954,0.6608459
105990,0.94415486
34413,0.92953664
105969,0.92525655
44043,0.5889843
6250,0.6798071
26772,0.7770851
100493,0.56650037
28893,0.8482609
100052,0.33666763
86870,0.042299405
24500,0.071581215
51596,0.49456495
108675,0.58248377
20465,0.32082638
36353,0.9250457
33512,0.31139594
109530,0.30881634
114264,0.49265552
33605,0.18885988
71252,0.34777814
5326,0.5835271
81262,0.042299405
84102,0.042299405
22447,0.9462237
17695,0.710074
26268,0.6634232
76166,0.042299405
17231,0.5597396
59103,0.7770851
107226,0.94929814
49242,0.5900412
3866,0.46805072
64865,0.89878726
102380,0.3654535
71926,0.2870948
121743,0.67470163
66615,0.27998954
5094,0.6501359
113125,0.7033534
71995,0.59418905
78107,0.042299405
109139,0.3516933
44667,0.7635397
89617,0.042299405
52983,0.79820716
109699,0.078872055
44282,0.61580956
93543,0.19548701
2867,0.13873824
41996,0.80176836
88996,0.042299405
9602,0.5863746
53449,0.82966644
10961,0.39683107
21641,0.71672434
38445,0.9250916
31805,0.9523117
89073,0.042299405
114613,0.82391095
7464,0.5780501
76196,0.042299405
45215,0.1497794
4092,0.9366573
63518,0.94205046
51108,0.4356394
44146,0.8043568
35568,0.89878726
82331,0.042299405
99726,0.33666763
33142,0.732411
116807,0.6804096
105428,0.7293295
8909,0.36890474
53463,0.82966644
22383,0.8048856
30147,0.071581215
2789,0.19514997
41083,0.2855446
119982,0.6466216
25021,0.7154231
104169,0.5952728
47943,0.89878726
115656,0.6916024
52453,0.44052735
69533,0.27674592
18413,0.68879247
14850,0.25779933
117496,0.6239551
22143,0.9416098
103096,0.62355137
75622,0.042299405
41418,0.76889104
49795,0.78804094
109036,0.11949472
91628,0.042299405
58816,0.8207466
97385,0.66041535
120566,0.623388
23552,0.929919
98330,0.31404623
71656,0.33115953
119972,0.5488222
30100,0.09566267
42564,0.89878726
39773,0.92953664
81067,0.042299405
74957,0.042299405
38643,0.94996256
86298,0.042299405
54383,0.940431
104950,0.42182922
18576,0.89878726
63485,0.8161812
102456,0.61066794
64454,0.9523117
123292,0.7534511
121975,0.5723481
33213,0.20124894
2988,0.61743486
63102,0.8207466
54983,0.49834597
32105,0.77064055
72997,0.94551253
65271,0.71138984
112193,0.23141901
50622,0.60369164
70183,0.56222737
92774,0.69547606
108996,0.13526078
14720,0.94929814
118982,0.42209443
40462,0.944549
106600,0.36381382
50709,0.70757115
116546,0.738718
92882,0.90537584
111732,0.47380823
12894,0.24765624
100874,0.5653206
88957,0.042299405
48263,0.2855446
38842,0.946063
25856,0.14666381
49570,0.49510035
6053,0.60976607
109015,0.23106374
47059,0.17398563
60109,0.78562415
46929,0.80176836
4873,0.63476163
119681,0.69701695
14261,0.13556841
91658,0.042299405
74207,0.35532045
64355,0.7202399
20974,0.7432826
99494,0.18178366
42473,0.8383232
31727,0.9523117
7375,0.35532045
61116,0.92357904
75047,0.042299405
18325,0.17794155
98991,0.22418214
119956,0.22316563
91627,0.042299405
91757,0.1911041
45771,0.61493313
123114,0.6804096
14154,0.95167696
41676,0.25765663
65020,0.8043568
123207,0.9144649
55798,0.93102473
105931,0.62710184
60487,0.824784
89740,0.042299405
44386,0.93913263
93092,0.95167696
73904,0.22420365
38771,0.89878726
35496,0.93913263
16869,0.7301615
111796,0.3368564
34923,0.93574846
30058,0.16068964
117048,0.6559595
76311,0.042299405
3225,0.8779773
52553,0.52798307
59551,0.9487389
114136,0.19367054
111797,0.23027253
86611,0.042299405
113055,0.5794755
99186,0.34157243
53382,0.8913875
63172,0.87992996
4379,0.9480592
48991,0.85096294
76690,0.042299405
73305,0.56955194
90244,0.042299405
66944,0.24803282
102250,0.8569112
32623,0.92379194
73622,0.22420365
40207,0.8676704
78899,0.042299405
42570,0.8207466
71048,0.319295
66723,0.8569112
44425,0.9352508
23270,0.7133811
97714,0.6190111
51082,0.29312846
92189,0.29008967
31854,0.89878726
25043,0.8207996
10101,0.3458047
118365,0.67470163
16418,0.16467807
116039,0.49510035
121021,0.42494982
58787,0.73305833
102953,0.4003917
74187,0.44364214
26524,0.58720905
67351,0.5757719
17039,0.25190273
76790,0.042299405
58345,0.89878726
88101,0.042299405
17583,0.69516015
11166,0.24765624
13669,0.8779773
52328,0.49265552
103772,0.591833
36370,0.946063
16972,0.7729732
125142,0.8482609
113756,0.69532084
40356,0.94996256
19060,0.26469967
47756,0.28083923
33008,0.08097476
93218,0.5897921
109004,0.11456206
84487,0.042299405
116931,0.65740234
30230,0.92953664
4036,0.31054085
54189,0.19548701
57594,0.88749844
51185,0.8562385
104370,0.40771678
116013,0.65064245
13805,0.61618555
62050,0.6934943
26340,0.92379194
95685,0.63905376
29939,0.071581215
58931,0.88749844
5561,0.5848659
24641,0.5920494
54984,0.624705
76588,0.042299405
121156,0.6622295
1388,0.8207466
99399,0.8569112
114457,0.8048856
75699,0.042299405
46,0.7754893
88031,0.042299405
67122,0.2898368
118290,0.36202234
44966,0.76889104
58460,0.7938892
50043,0.18067667
34440,0.9448827
6520,0.22731778
70808,0.55835336
103388,0.28827903
5970,0.11318909
12126,0.18175907
86539,0.042299405
51231,0.35864118
31549,0.9250916
11592,0.59692234
88388,0.042299405
16463,0.6173614
93998,0.59502816
37319,0.9250916
102065,0.22010066
12421,0.33666763
49298,0.42209443
97429,0.7997747
64793,0.7497565
65461,0.9250916
116961,0.78524405
2225,0.58593714
71909,0.590634
22929,0.525903
11967,0.1621237
29367,0.26249623
110549,0.22722389
98422,0.197825
87118,0.042299405
31682,0.7578045
8128,0.56650037
5413,0.8557216
87797,0.042299405
5640,0.9437412
21175,0.16846552
114486,0.3812725
72287,0.65570897
31088,0.8676704
37138,0.9523117
30635,0.94996256
11223,0.92408794
38899,0.59294194
22954,0.93913263
46211,0.9523117
28940,0.6329275
106357,0.95167696
52608,0.65883523
63410,0.8482609
120211,0.7534511
36332,0.78409976
18315,0.25765663
49496,0.15899941
113662,0.7033534
2991,0.61743486
23442,0.30889368
68010,0.2924771
75549,0.042299405
238,0.2229628
71871,0.21128684
47869,0.86236817
58166,0.73305833
32485,0.2855446
60386,0.8207466
107307,0.90277
94800,0.16821106
29848,0.195731
49430,0.64510864
14747,0.6261975
17006,0.8043568
98803,0.2178324
116196,0.599273
26894,0.34244543
77931,0.042299405
44610,0.94996256
60046,0.23198004
95343,0.3666759
32647,0.94996256
73113,0.26152986
71006,0.6485842
36857,0.56589067
96599,0.666713
116023,0.7020164
44671,0.87456024
104402,0.69189364
120857,0.49456495
15338,0.3131547
49410,0.91567284
29760,0.7627666
40048,0.49265552
75071,0.042299405
15434,0.9292508
40134,0.7331288
44291,0.83342713
102074,0.65380985
87141,0.042299405
42031,0.9341388
72368,0.6058881
82450,0.042299405
19940,0.79399997
68831,0.07888915
60380,0.8043568
46654,0.94996256
31556,0.93574846
66584,0.23256741
94126,0.6955591
109702,0.078872055
6005,0.07301107
98322,0.51395583
51398,0.7665315
114444,0.88201886
4878,0.7579449
52743,0.6657524
86081,0.042299405
36926,0.7412351
119532,0.74126625
94875,0.17974249
8620,0.6390641
93812,0.76191956
79016,0.042299405
42494,0.9250916
65054,0.7770851
108768,0.17898153
14504,0.94929814
46013,0.7824239
91324,0.042299405
70468,0.27998954
44299,0.9124725
90737,0.042299405
108937,0.3516933
11109,0.16155592
21889,0.80577356
31306,0.17794155
57370,0.76274276
107091,0.92525655
29778,0.6742192
4510,0.61859137
115074,0.68687075
24580,0.06470332
29043,0.7775863
40552,0.72901887
3677,0.1764233
9922,0.27263793
14293,0.26841938
97730,0.2545924
111897,0.71763843
2496,0.26516306
3078,0.46490556
84098,0.042299405
62064,0.7368256
24745,0.9448827
35287,0.89878726
30685,0.9448827
104776,0.2679769
67792,0.24724309
109213,0.17497641
77977,0.042299405
120513,0.67683107
124351,0.7661917
83103,0.042299405
53026,0.79820716
2700,0.21343763
41232,0.7133811
89886,0.042299405
101659,0.90537584
75255,0.042299405
111729,0.6187189
26934,0.67054176
39175,0.8676704
15760,0.06447654
38094,0.89878726
15512,0.61522657
55949,0.8505217
96759,0.61661226
20910,0.6643446
58533,0.8043568
91164,0.042299405
106453,0.58678144
17896,0.8207996
62799,0.5900412
52186,0.549999
92330,0.19655076
109354,0.08200509
87773,0.042299405
74942,0.9224429
94670,0.15769261
63162,0.7640816
94461,0.23071243
105124,0.5835271
13487,0.37709853
111360,0.7216393
76312,0.042299405
92209,0.42985216
121231,0.86520356
13991,0.8515394
7188,0.6097884
104719,0.23106374
73319,0.33674085
103752,0.32021287
66742,0.8610147
67532,0.79476154
75360,0.042299405
28804,0.8099974
2237,0.9366573
23083,0.5693409
82784,0.042299405
4516,0.6353164
23443,0.6329074
67499,0.5757719
55498,0.7073423
82555,0.042299405
35931,0.943447
71804,0.5862647
2119,0.38173825
105884,0.7092768
41309,0.78409976
56430,0.78409976
92511,0.5266537
108512,0.7092768
58806,0.5566904
105927,0.94929814
91776,0.21264395
33152,0.58627796
97776,0.5444087
70749,0.38651696
105229,0.36247838
119013,0.61746913
10959,0.61618555
19717,0.7133811
122897,0.22962648
60570,0.79131
76743,0.042299405
325,0.71672434
12335,0.6371487
22729,0.6826114
74992,0.042299405
104335,0.8455626
48796,0.92953664
11930,0.1786755
84550,0.042299405
108042,0.41541463
54488,0.24737911
113704,0.7196146
39145,0.94996256
117458,0.5377049
112713,0.8391402
112094,0.67470163
33916,0.87456024
38621,0.94996256
62084,0.93102473
62286,0.8399524
39467,0.60990846
71650,0.45047483
79843,0.042299405
84676,0.042299405
60302,0.7891144
94518,0.69129837
117850,0.55470836
110975,0.22316563
74728,0.5733387
36991,0.946063
15669,0.19409633
102013,0.54599565
46072,0.20736565
31026,0.944549
25775,0.38676816
83511,0.042299405
17165,0.69516015
19831,0.78409976
111618,0.2855446
23293,0.72901887
74309,0.4003917
31589,0.9523117
75383,0.042299405
20805,0.8207466
56338,0.8110535
25446,0.94996256
46938,0.6582439
27387,0.22402407
60332,0.60990846
90866,0.042299405
73932,0.31162477
90969,0.042299405
65735,0.85711795
31402,0.6642
99197,0.3910968
62696,0.7271119
78182,0.042299405
80549,0.042299405
23286,0.6821938
16519,0.8043568
16063,0.2159029
43989,0.94996256
55187,0.5191073
40103,0.5063225
51614,0.5723481
89619,0.042299405
93024,0.60732734
94517,0.61204034
76071,0.042299405
124608,0.8319426
16699,0.6003067
98597,0.67967427
63111,0.72901887
27363,0.62124366
108987,0.14339653
69028,0.6329326
119259,0.7665315
20542,0.5900412
6900,0.35532045
93263,0.28741992
114144,0.17581518
79784,0.042299405
36224,0.55590624
37143,0.9523117
73925,0.5767582
69956,0.60343397
84893,0.042299405
2582,0.36374614
46697,0.94996256
30944,0.89878726
10589,0.12410295
19895,0.1337021
118581,0.12469219
88615,0.042299405
12103,0.7111415
95568,0.5329482
45235,0.5731356
23848,0.57072914
21299,0.063110195
52259,0.7534511
92294,0.27281228
124448,0.8533859
64344,0.8913875
14867,0.8779773
113356,0.51533055
99612,0.67676765
117085,0.54229796
103943,0.7409207
31761,0.929919
73985,0.24100702
124768,0.3812725
63012,0.79061276
81874,0.042299405
4973,0.7579449
54519,0.68235844
90916,0.042299405
75318,0.042299405
50200,0.20443204
28520,0.4786059
65464,0.5051693
20164,0.73305833
18089,0.93102473
63833,0.32159823
80061,0.042299405
36543,0.9250916
53243,0.9462237
103213,0.21128684
67374,0.5767582
108466,0.3951383
91712,0.042299405
1479,0.80577356
96995,0.5493985
35497,0.93913263
12406,0.67841244
74941,0.9224429
68192,0.72421074
114708,0.72119814
123387,0.7033534
20780,0.72868925
122815,0.37555605
123893,0.7729014
71124,0.56401885
73479,0.6094782
38934,0.82504195
110794,0.23806477
119965,0.7534511
82825,0.042299405
2227,0.81222713
20485,0.7133811
18408,0.07787776
14431,0.94415486
121319,0.5681511
112961,0.26536986
37749,0.93913263
102892,0.6334622
46974,0.9250916
13854,0.5966552
53181,0.7414636
116458,0.7534511
42410,0.9190161
99577,0.56492794
45575,0.61580956
101488,0.54599565
48430,0.9523117
122167,0.7640816
94675,0.15440756
54876,0.88749844
122880,0.525903
28332,0.17813331
64203,0.7249829
103440,0.624442
66619,0.19663917
65808,0.67544264
119217,0.67506635
85117,0.042299405
1868,0.7776681
94241,0.90840834
7206,0.29008967
81099,0.042299405
41920,0.7492087
101602,0.5767582
76468,0.042299405
71301,0.90537584
25129,0.89878726
86827,0.042299405
119000,0.6461379
65802,0.67544264
7490,0.4546866
48945,0.27643728
118930,0.36202234
2422,0.6383791
112537,0.6936065
103714,0.6058881
109509,0.3087267
51022,0.7589587
30365,0.9448827
27806,0.2784762
12485,0.47155252
27460,0.44501498
20000,0.89878726
26700,0.63373584
105029,0.23106374
118055,0.67236716
24134,0.071581215
80466,0.042299405
59434,0.8613749
72464,0.20730081
20130,0.09232185
90984,0.042299405
36434,0.9523117
117846,0.55470836
33433,0.39508018
102513,0.1786755
106848,0.94383633
54386,0.94647884
96,0.76273996
5717,0.25060335
95752,0.32021287
75105,0.042299405
7131,0.18885988
58826,0.74855375
25131,0.80176836
67207,0.2213497
117913,0.28695303
96424,0.58388937
18666,0.7840686
43881,0.89878726
50069,0.22819354
63426,0.8207466
86134,0.042299405
119101,0.49350053
1069,0.35805303
76277,0.042299405
9578,0.8085464
56490,0.79061276
58850,0.7063169
14757,0.8908866
103387,0.2622166
46936,0.7080981
80630,0.042299405
60287,0.73806477
122254,0.2641915
93979,0.20067614
31110,0.7621361
49604,0.7033534
33442,0.195731
78359,0.042299405
66493,0.39683107
57837,0.68879247
102869,0.2957798
24530,0.06470332
72665,0.40771678
41466,0.9477746
33036,0.732411
102415,0.21039005
103696,0.42182922
59122,0.3812725
85688,0.042299405
91833,0.08766272
20622,0.8220709
79152,0.042299405
58066,0.71138984
79257,0.042299405
124262,0.8533859
61611,0.30889368
20718,0.2690262
22177,0.9487389
110507,0.21322735
39980,0.92953664
115694,0.525903
88046,0.042299405
48003,0.3845099
32593,0.9124725
70106,0.3695542
20589,0.2690262
71463,0.6290771
124381,0.36202234
82791,0.042299405
36848,0.93574846
73981,0.2913534
55353,0.79820716
92949,0.95167696
66059,0.41293272
18441,0.22316563
108032,0.2533619
55925,0.69600004
9545,0.67551756
103883,0.61743486
50401,0.29157576
102421,0.22996959
111679,0.22962523
28807,0.8099974
64400,0.912004
56690,0.943447
18302,0.71247566
94318,0.590634
80553,0.042299405
121775,0.6516696
95728,0.59502816
7249,0.593065
122870,0.6294428
77039,0.042299405
3089,0.2925903
44357,0.943447
35676,0.9523117
68603,0.34295207
38997,0.9124725
122053,0.4221164
68112,0.56492794
8393,0.3275408
53131,0.7054191
36737,0.94996256
5755,0.60976607
98123,0.5653206
13358,0.25060335
103155,0.37307182
43280,0.5472083
64999,0.8043568
118779,0.6790163
102374,0.35532045
19259,0.8671329
33956,0.76273996
12299,0.22136773
109160,0.21960157
11528,0.12908918
82885,0.042299405
4600,0.88595706
88199,0.042299405
58508,0.8615049
35057,0.9352508
72058,0.42182922
114082,0.27617005
28908,0.88749844
80059,0.042299405
49609,0.7033534
35972,0.945651
104094,0.4542647
13644,0.25779933
70486,0.24781825
12268,0.33666763
52915,0.17974249
124830,0.77026075
110418,0.31889555
21441,0.94205046
40965,0.93913263
82770,0.042299405
76792,0.042299405
14578,0.8779773
66580,0.27998954
27707,0.36740533
28450,0.23593655
121922,0.7893003
39770,0.92953664
33503,0.7508864
48620,0.9250916
22793,0.69516015
92387,0.27891126
36967,0.9250457
360,0.7202399
67943,0.41293272
560,0.8044135
71638,0.6809051
106752,0.5625888
19078,0.73806477
63642,0.8207466
38501,0.23154114
8063,0.35532045
109745,0.18694404
110388,0.17898153
4791,0.5679822
57775,0.5597396
118654,0.65064245
73350,0.38692746
11545,0.0833434
59363,0.8707472
101933,0.65249157
74996,0.042299405
11105,0.1786755
95363,0.21775706
93051,0.64490634
85191,0.042299405
104411,0.37307182
105394,0.65570897
57290,0.7578045
7335,0.598826
69211,0.5444087
102381,0.21303168
119938,0.633286
73174,0.6647118
53914,0.53088397
70989,0.34040126
13511,0.8825908
10271,0.2178324
891,0.946063
91676,0.042299405
89013,0.042299405
8798,0.18110661
108286,0.593065
16940,0.68879247
46817,0.2690262
61762,0.77064055
79501,0.042299405
121161,0.4042483
18213,0.8207466
65917,0.54697603
46868,0.89878726
55215,0.69928765
86846,0.042299405
121418,0.4399984
26858,0.9462237
71764,0.219423
56050,0.86236817
60458,0.7360071
87942,0.042299405
39540,0.68879247
98820,0.29620704
123383,0.7033534
50855,0.4356394
117507,0.6804096
62342,0.8207466
115012,0.8391402
38297,0.93574846
12637,0.54599565
83586,0.042299405
106203,0.90277
41052,0.9190161
99692,0.2957798
7835,0.3948916
53578,0.6190957
67185,0.34977314
34165,0.8044135
68406,0.5653206
99065,0.53580344
13230,0.44056034
95528,0.19935049
27202,0.44040436
113115,0.22915792
46212,0.9523117
81834,0.042299405
82700,0.042299405
79379,0.042299405
49757,0.86579823
48156,0.90650797
94175,0.9437412
86947,0.042299405
41392,0.85096294
84384,0.042299405
69332,0.27612874
71243,0.33644903
42130,0.93574846
59599,0.9117612
9632,0.5863746
20880,0.14609148
28149,0.7774526
3393,0.36740533
51620,0.66470563
105979,0.9410198
9741,0.5444087
113776,0.45070684
122227,0.2178324
89204,0.042299405
100586,0.37372696
94806,0.1732547
800,0.9250457
41691,0.9250916
30349,0.95020086
67282,0.593065
3157,0.5704051
51764,0.37555605
101079,0.5907431
57205,0.9065641
15606,0.61522657
11700,0.5444087
40374,0.94996256
16485,0.58607644
115966,0.525903
89201,0.042299405
24529,0.06470332
72846,0.36165443
79793,0.042299405
102861,0.20041421
91465,0.042299405
11591,0.44056034
93014,0.6365641
36457,0.92953664
33085,0.92953664
113789,0.64323944
106641,0.5957432
72985,0.9073345
13072,0.63892925
106868,0.90537584
57561,0.8043568
81815,0.042299405
118890,0.78524405
37401,0.943447
123584,0.64918625
84534,0.042299405
55307,0.8385467
108280,0.38409278
119009,0.6657524
41867,0.19313246
45732,0.7269722
31512,0.8383232
66908,0.31162477
26676,0.93925244
51509,0.7534511
76222,0.042299405
56432,0.78409976
106903,0.9410198
62885,0.73806477
185,0.95020086
40567,0.70073885
97903,0.07301107
101880,0.71181
66738,0.79019624
56958,0.9445681
11939,0.63892925
79146,0.042299405
121244,0.7159984
75396,0.042299405
83041,0.042299405
30731,0.94996256
16029,0.23619367
98581,0.33479097
43610,0.92357904
27750,0.6074282
89574,0.042299405
116589,0.79377216
117616,0.78524405
31010,0.9352508
68943,0.20654905
124213,0.77026075
122157,0.2925437
17899,0.7891144
79739,0.042299405
120595,0.4605606
105110,0.26348227
84732,0.042299405
124604,0.6727679
7639,0.5733387
19057,0.36202234
45690,0.9352508
114530,0.8129815
58681,0.7227505
26050,0.4976054
11329,0.5625888
88966,0.042299405
49224,0.80682105
56825,0.6760014
75401,0.042299405
62534,0.9250457
76125,0.042299405
3899,0.1903956
42930,0.9487389
119535,0.525903
45143,0.33613372
8442,0.5625888
60936,0.7227505
27971,0.6128666
102402,0.48496756
119975,0.7729014
116806,0.83464724
4329,0.9480592
59074,0.8753827
12691,0.16285013
64833,0.24351414
107322,0.9410198
61713,0.7883464
44260,0.944549
104959,0.26437736
117146,0.68687075
40711,0.94996256
66668,0.16930476
54019,0.5191073
69972,0.4481545
66729,0.90537584
105833,0.21185777
82934,0.042299405
18764,0.9057892
114365,0.6865514
81027,0.042299405
122443,0.41177186
5121,0.87308615
19286,0.7414636
70725,0.5576651
3631,0.433419
7391,0.36874843
111066,0.40212277
45419,0.89878726
56741,0.89878726
94656,0.18823357
64970,0.2641915
58979,0.7840686
74154,0.20214613
112223,0.8385467
70068,0.3948916
84369,0.042299405
86497,0.042299405
77442,0.042299405
42673,0.92953664
20134,0.08097476
108922,0.11998373
117438,0.2690262
84316,0.042299405
6260,0.54599565
62241,0.8207466
28542,0.23776333
73316,0.60641634
57460,0.7080981
48140,0.73020875
84834,0.042299405
114450,0.525903
10180,0.39683107
55440,0.6555121
23480,0.25082734
96346,0.3465725
62928,0.291994
62807,0.5532914
52284,0.31139594
93287,0.30267447
34358,0.2830395
71167,0.60343397
51984,0.2090989
9658,0.61191213
74302,0.3324113
88671,0.042299405
97305,0.5968993
109978,0.2912829
87721,0.042299405
52163,0.3845099
26723,0.77588665
107725,0.32423192
5933,0.32798025
77327,0.042299405
11890,0.29934493
61830,0.2855446
116782,0.6936065
10641,0.33666763
93808,0.68500704
25710,0.738857
18771,0.9477746
8666,0.29423013
28052,0.27920705
70900,0.31162477
78621,0.042299405
10353,0.5749036
32137,0.944549
5483,0.4481545
105476,0.27317134
105155,0.8569112
19829,0.39508018
4427,0.78249705
54118,0.79820716
61120,0.94647884
62876,0.22413895
102052,0.35532045
93870,0.16779724
106770,0.90840834
17939,0.93913263
8032,0.20174725
12771,0.54599565
84344,0.042299405
32501,0.7068884
31629,0.9523117
113869,0.8048856
33905,0.6608459
77223,0.042299405
92828,0.37307182
89687,0.042299405
122638,0.41080713
9413,0.3948916
41032,0.945651
105395,0.36740533
14403,0.94929814
123247,0.8766096
74030,0.264986
89812,0.042299405
102635,0.5957432
14048,0.8779773
2981,0.6331713
37426,0.9445681
4726,0.63757515
23681,0.9523117
30798,0.943447
8360,0.472872
93814,0.4784825
45467,0.8231943
20027,0.9250457
59195,0.86236817
50992,0.30889368
47428,0.67187816
89571,0.042299405
86223,0.042299405
111113,0.6327601
45688,0.929919
42652,0.8814742
114340,0.20501001
19018,0.43635744
103357,0.21775706
30066,0.16846552
86740,0.042299405
46306,0.89878726
11477,0.39793688
99994,0.63599896
13963,0.1533329
123895,0.7534511
53240,0.9462237
62664,0.66077226
27949,0.5952728
92139,0.3654535
37903,0.9445681
45882,0.946063
41693,0.92953664
76183,0.042299405
26637,0.8099974
58710,0.73806477
82297,0.042299405
69251,0.8569112
95469,0.69547606
92143,0.651287
78295,0.042299405
39821,0.9523117
113581,0.6804096
40680,0.9448827
102986,0.12908918
46867,0.8044135
20062,0.3156893
30701,0.94996256
110977,0.69532084
28044,0.28594747
77104,0.042299405
123045,0.65208864
79126,0.042299405
50843,0.6352164
55200,0.4874571
62037,0.8350134
24631,0.7301615
99960,0.5957432
61488,0.73020875
96739,0.90840834
61173,0.8207466
6412,0.78249705
61370,0.57372385
55540,0.6932462
48228,0.9523117
53668,0.23844908
95558,0.6204969
28009,0.3265478
122329,0.82762915
36785,0.9477746
69409,0.64154196
74316,0.42709547
5634,0.9135301
120589,0.542151
16158,0.42709547
59534,0.940431
13089,0.8908866
45214,0.16068964
82079,0.042299405
43251,0.8319426
17271,0.2849689
85745,0.042299405
30604,0.94996256
105592,0.21384802
122786,0.2969629
58480,0.78409976
67551,0.39683107
89396,0.042299405
120091,0.37555605
26357,0.764464
50046,0.20041421
109470,0.18694404
123735,0.91210264
75718,0.042299405
784,0.49265552
105170,0.39375904
99671,0.42761415
116593,0.71841025
87801,0.042299405
63032,0.525903
70908,0.8220191
68188,0.6809051
111935,0.525903
94689,0.13415356
25604,0.15936628
47148,0.42209443
21839,0.88749844
99452,0.40787205
23953,0.50713116
80543,0.042299405
99382,0.76191956
71520,0.6329326
36501,0.929919
19164,0.89878726
25536,0.8043568
15245,0.5082825
67492,0.5444087
48965,0.61580956
90181,0.042299405
91160,0.042299405
4020,0.41511577
6100,0.2912581
47718,0.7522791
2054,0.8605365
18444,0.53399503
41832,0.5900412
87895,0.042299405
113721,0.41177186
22564,0.14482285
7723,0.27888647
4899,0.9366573
81662,0.042299405
18313,0.537336
105981,0.9437412
28786,0.8099974
124297,0.8766096
33291,0.72431296
61558,0.739572
1351,0.8231943
74199,0.6522441
110610,0.30690706
33449,0.4689718
80379,0.042299405
94204,0.9449327
92052,0.25421855
51971,0.30889368
38299,0.9477746
124905,0.9276138
98402,0.4546866
60485,0.7893003
63991,0.68879247
29825,0.77588665
30932,0.23141901
3976,0.7430708
5882,0.15137865
56099,0.9407879
36473,0.27155393
111055,0.1865276
37662,0.9250916
77529,0.042299405
17276,0.29666457
50958,0.6936065
79849,0.042299405
22367,0.73806477
75080,0.042299405
93573,0.27518013
50732,0.2690262
106297,0.90840834
61532,0.9250457
68158,0.5266537
92957,0.95167696
12920,0.22316563
9618,0.5863746
123678,0.70769304
73919,0.34157243
9206,0.39005843
18800,0.89878726
30945,0.7627666
54467,0.580667
88037,0.042299405
75835,0.042299405
53062,0.706142
28347,0.15485911
117151,0.2178324
23267,0.93925244
77623,0.042299405
88210,0.042299405
76033,0.042299405
118565,0.13346072
63795,0.291994
59940,0.7717939
119592,0.542151
33732,0.30889368
101890,0.5956024
12503,0.3249235
109551,0.21146478
41228,0.9448827
71235,0.31404623
123414,0.7528385
66486,0.5412692
120357,0.4774773
23577,0.943447
69887,0.28045914
95978,0.15915
86490,0.042299405
59446,0.8925794
29590,0.6642
6548,0.06447654
45200,0.2069135
10158,0.13873824
104340,0.40771678
107611,0.5653206
110342,0.3516933
1781,0.7301615
26621,0.63373584
17777,0.87456024
26892,0.48566842
37813,0.94996256
9444,0.760694
72051,0.46095052
46413,0.9352508
92595,0.2260261
6107,0.23940468
59643,0.79399997
55644,0.33027643
27280,0.28741992
43681,0.8231943
22307,0.7227505
42501,0.92953664
11236,0.81222713
113288,0.48193872
111702,0.41731146
49067,0.91452444
83983,0.042299405
102710,0.25101915
52692,0.35864118
100796,0.36874843
19105,0.3900109
86617,0.042299405
101152,0.31404623
24813,0.2374851
81082,0.042299405
20921,0.2690262
70886,0.57416445
86159,0.042299405
114088,0.71946424
88873,0.042299405
34832,0.7473782
95827,0.14563619
50454,0.80682105
100597,0.5968993
68128,0.4003917
118112,0.67586255
42726,0.89878726
69065,0.5757719
100151,0.2957798
94798,0.369764
114872,0.5970487
3121,0.2694145
122354,0.6657524
54226,0.5317508
100464,0.38300097
38866,0.94996256
34445,0.9448827
65281,0.5670882
62381,0.8043568
81060,0.042299405
43691,0.8043568
97607,0.7834762
124113,0.68926793
48727,0.9445681
5120,0.84005445
88993,0.042299405
41226,0.94996256
27658,0.37307182
109749,0.19916667
42078,0.26099586
84607,0.042299405
75806,0.042299405
11221,0.8896322
51646,0.41731146
2121,0.21126623
118564,0.21445607
117694,0.6327601
102934,0.61773074
47107,0.3812725
34553,0.76274276
79197,0.042299405
6730,0.45222095
27778,0.3265478
120226,0.65064245
95582,0.68500704
32436,0.9523117
45078,0.9250916
6355,0.5625888
5161,0.9480592
66217,0.19721326
31239,0.77588665
25421,0.9383121
97940,0.5653206
18747,0.83342713
115674,0.8385467
112505,0.41080713
64577,0.24351414
31041,0.77588665
22066,0.8043568
66005,0.32082638
16097,0.8779773
26328,0.89878726
110809,0.20389405
21918,0.8043568
105944,0.90537584
99833,0.2351086
5555,0.2539608
74344,0.6458539
35634,0.9523117
110940,0.53858894
113778,0.699742
59348,0.8480095
80486,0.042299405
22445,0.9462237
29660,0.6787618
68988,0.09206018
67228,0.5576651
120501,0.69991857
95923,0.2679769
81186,0.042299405
38617,0.946063
12254,0.7950006
11994,0.19821034
48080,0.2641915
40587,0.57372385
14039,0.5051237
17468,0.92953664
71080,0.5051237
28691,0.8480095
109771,0.22031268
31857,0.8383232
5848,0.12181593
18657,0.8207466
122583,0.7665315
79212,0.042299405
2805,0.16193809
82485,0.042299405
3573,0.39917636
93610,0.48580244
16110,0.63892925
7665,0.5998385
39014,0.9190161
84318,0.042299405
72436,0.6809051
81694,0.042299405
116204,0.59773505
87194,0.042299405
124489,0.80682105
64974,0.2435888
14717,0.94929814
101310,0.44056034
68463,0.24765624
118349,0.36273086
43630,0.9487389
102050,0.56492794
113459,0.34101686
113848,0.7159984
70573,0.45689416
246,0.15269025
27847,0.42922634
17784,0.38544872
62158,0.9416098
52119,0.3812725
59431,0.8220709
114468,0.6936065
8153,0.7432826
35347,0.5472083
42830,0.18958575
107442,0.21266638
114707,0.80049443
15851,0.12410295
41077,0.72431296
43871,0.8207996
62836,0.70219076
98221,0.2912581
97790,0.7439938
108649,0.54599565
118532,0.41080713
97823,0.4538509
39554,0.92953664
66546,0.5653206
48012,0.20769228
91953,0.3087267
46931,0.7918845
56630,0.78409976
29686,0.8130722
83824,0.042299405
70168,0.37561303
105538,0.5735838
29384,0.48580244
48157,0.6911434
68169,0.5444087
30430,0.86173886
122691,0.7665315
57609,0.8220709
107679,0.39683107
40516,0.9523117
89878,0.042299405
98986,0.35532045
34890,0.68879247
25121,0.80176836
117555,0.542151
98562,0.22349215
60268,0.7227505
8060,0.6359238
105626,0.24937305
87162,0.042299405
28365,0.6990946
70125,0.54599565
103021,0.34517947
11920,0.64421976
58983,0.8043568
51388,0.517476
9094,0.21445607
41510,0.929919
17056,0.42494982
25319,0.3882269
101172,0.42985216
87545,0.042299405
52551,0.5354218
15369,0.26841938
69601,0.79476154
18731,0.80176836
56331,0.93253857
119795,0.4605606
108111,0.27263793
25187,0.94996256
14636,0.94929814
43214,0.93102473
49676,0.78524405
55334,0.79820716
60100,0.77064055
91204,0.042299405
14493,0.94929814
13399,0.5937946
83868,0.042299405
67886,0.26205003
123251,0.88426673
9869,0.8355149
31771,0.92953664
92084,0.6485842
30179,0.4307047
77965,0.042299405
94494,0.28594747
54552,0.33027643
29157,0.8671329
121666,0.78524405
2355,0.83497643
25259,0.79131
8283,0.6427586
21298,0.06470332
20165,0.73305833
105365,0.90840834
47514,0.68879247
28186,0.4976054
104581,0.40771678
13818,0.7414636
62426,0.8207466
89052,0.042299405
1145,0.9250457
10710,0.27617005
32631,0.943447
10015,0.18067667
18045,0.8043568
40206,0.7522791
84018,0.042299405
111058,0.65064245
63824,0.8043568
60580,0.8031993
118202,0.34101686
35354,0.5532914
104285,0.84845984
70875,0.31162477
113593,0.525903
27928,0.34110853
24931,0.525903
66353,0.3654535
47537,0.943447
112373,0.69991857
124127,0.7033534
121140,0.7534511
48103,0.8027489
1694,0.7200549
113120,0.7662721
104053,0.615922
98751,0.1533329
49153,0.20041421
19317,0.29560718
13296,0.70027554
61118,0.9438819
2495,0.36374614
114775,0.66326237
85547,0.042299405
11231,0.651287
81058,0.042299405
74638,0.42709547
37259,0.944549
58526,0.8043568
7370,0.5943037
30902,0.9523117
80485,0.042299405
106020,0.41893154
60547,0.7446525
6462,0.6485842
30347,0.9477746
56645,0.85096294
119608,0.49510035
92695,0.36890474
17504,0.3812725
72914,0.22252697
55105,0.7643699
16538,0.71138984
86360,0.042299405
100396,0.23198004
62655,0.2690262
28695,0.6777493
15772,0.5266537
63785,0.87992996
54571,0.5317508
117547,0.865664
59814,0.5920494
45085,0.92953664
117001,0.45070684
112524,0.4079794
89222,0.042299405
18847,0.8043568
53219,0.8913875
100764,0.6549338
109750,0.22722389
24213,0.80176836
24634,0.7492087
103420,0.61859137
81817,0.042299405
110553,0.3006795
72150,0.33674085
76136,0.042299405
112669,0.22962648
41238,0.76889104
37222,0.93913263
104206,0.27672595
1929,0.78409976
80438,0.042299405
15356,0.5625888
100352,0.3623093
38879,0.89945984
57733,0.6003068
103069,0.41293272
110905,0.29689577
1020,0.9523117
26246,0.738857
70376,0.71299225
93082,0.9400215
11140,0.47922328
122986,0.6804096
43726,0.8207466
25260,0.525903
84425,0.042299405
13304,0.90368444
10757,0.25064898
8434,0.37561303
34222,0.9523117
2539,0.32021287
998,0.9523117
74627,0.94929814
30420,0.6520083
121016,0.73699266
94955,0.4912952
18468,0.68879247
81447,0.042299405
109464,0.21760383
71409,0.24724309
99639,0.5968993
26680,0.8099974
26872,0.92209953
109136,0.31239185
17406,0.78409976
72552,0.38692746
67843,0.33666763
45517,0.20443204
40069,0.929919
108143,0.90537584
91557,0.042299405
25212,0.72814405
37049,0.9477746
49304,0.36781803
64033,0.6885555
111112,0.67470163
23826,0.8048856
93689,0.59351325
57347,0.79399997
60635,0.80176836
22269,0.71672434
49194,0.8319426
2542,0.2298617
73415,0.6678326
77619,0.042299405
113619,0.12948851
27056,0.63373584
118120,0.7414636
77242,0.042299405
49352,0.41935536
52179,0.22316563
2944,0.6501359
81087,0.042299405
59433,0.8214037
37901,0.94996256
116765,0.78524405
122823,0.78524405
70045,0.74381834
111855,0.18592367
84891,0.042299405
57952,0.72901887
14429,0.94929814
80970,0.042299405
90603,0.042299405
87917,0.042299405
12781,0.44056034
109074,0.3079843
110775,0.23806477
10648,0.5566686
57726,0.73488027
45522,0.40142238
56457,0.37555605
102875,0.26140323
70204,0.50488883
111431,0.11414779
93594,0.2844175
102231,0.36874843
55924,0.5091176
85496,0.042299405
106851,0.95167696
71115,0.38409278
82875,0.042299405
79943,0.042299405
48224,0.9523117
111874,0.32392246
25082,0.94996256
25410,0.93913263
75550,0.042299405
75713,0.042299405
11679,0.5444087
111865,0.6342388
107857,0.5412692
99137,0.47188228
23592,0.8207466
58575,0.8214037
34892,0.6352898
39793,0.9523117
34217,0.9523117
46110,0.57372385
46820,0.71138984
6377,0.5919433
46258,0.9250916
78430,0.042299405
57024,0.7375003
53572,0.31391558
10862,0.6173614
5613,0.90537584
65870,0.8207466
55263,0.76812774
68354,0.67145896
49485,0.2178324
17265,0.71138984
62421,0.8043568
119783,0.45393088
7185,0.36874843
56231,0.78409976
110595,0.21322735
24995,0.8207466
90314,0.042299405
36449,0.89878726
31894,0.9523117
36782,0.93997115
82538,0.042299405
22477,0.7893003
88104,0.042299405
36267,0.26536986
38651,0.94996256
26625,0.6329275
12591,0.24351414
87597,0.042299405
69143,0.39142665
55737,0.82966644
49042,0.9448827
21344,0.8207466
102632,0.62531036
24884,0.18420194
39921,0.94996256
62505,0.93913263
77868,0.042299405
121216,0.66786546
82737,0.042299405
46580,0.94996256
117997,0.14544274
37427,0.41080713
114473,0.6936065
30017,0.07044076
21012,0.79399997
108661,0.35532045
97321,0.5780501
25211,0.72814405
117991,0.13110887
55348,0.79820716
82120,0.042299405
531,0.7420828
26112,0.77588665
40268,0.525903
45170,0.5532914
28599,0.7570681
98435,0.56650037
38892,0.86173886
4965,0.4912952
66765,0.24724309
8003,0.4955667
111684,0.40395015
77154,0.042299405
24263,0.89878726
97787,0.69547606
77257,0.042299405
107859,0.5412692
75389,0.042299405
34092,0.29157576
125050,0.4079794
27865,0.18550186
121655,0.837521
109688,0.08200509
4290,0.8557216
11580,0.56888294
89526,0.042299405
57704,0.7528385
112209,0.6038563
1983,0.39508018
21030,0.45070684
14796,0.94929814
79356,0.042299405
69331,0.28792992
88416,0.042299405
107058,0.8582086
73896,0.264986
66763,0.21720476
31867,0.929919
122550,0.276341
72156,0.30018383
33285,0.5920494
60917,0.5920494
1290,0.7891144
109897,0.17898153
116185,0.68926793
74237,0.7092768
90241,0.042299405
88784,0.042299405
85549,0.042299405
109634,0.15656862
63228,0.9462237
36766,0.9250457
67449,0.70187336
4520,0.80799675
102701,0.5956024
69151,0.7237243
97736,0.2749024
82036,0.042299405
7235,0.5749036
19243,0.8482609
3993,0.81222713
73356,0.27281228
121990,0.78524405
12257,0.5943037
56212,0.64649135
44785,0.25779933
58786,0.42592373
66895,0.5937946
70528,0.65131557
15322,0.598826
76681,0.042299405
103159,0.24633652
21164,0.20886658
10362,0.20378044
14669,0.94929814
32500,0.5900412
105507,0.3671707
93550,0.18823357
90096,0.042299405
14485,0.94415486
81703,0.042299405
32540,0.89878726
116804,0.71841025
3813,0.64073044
124651,0.9121796
75069,0.042299405
45745,0.18885988
2641,0.22510497
67869,0.36874843
11047,0.07301107
8805,0.13560508
87859,0.042299405
9546,0.78901947
46694,0.94996256
76829,0.042299405
41827,0.70073885
98021,0.9410198
101041,0.28798637
65009,0.8671329
96875,0.5625888
26579,0.79986477
64634,0.86236817
86569,0.042299405
86357,0.042299405
93634,0.61256564
12222,0.8355149
47087,0.8383232
98139,0.5757719
77023,0.042299405
50704,0.6732954
49756,0.8134394
48733,0.8207466
13116,0.60976607
19878,0.17794155
107391,0.24351414
92814,0.23667341
117343,0.61746913
100252,0.3654535
87069,0.042299405
60699,0.93102473
940,0.8482609
71715,0.4912952
53000,0.79820716
82426,0.042299405
84308,0.042299405
62189,0.9416098
60008,0.2069135
63790,0.4093834
111773,0.25438407
37948,0.8383232
122857,0.67470163
26983,0.67054176
114721,0.29312846
20668,0.5063225
21900,0.88749844
61896,0.74855375
38663,0.94996256
102039,0.4003917
108554,0.7121624
57637,0.8319426
32863,0.72901887
81895,0.042299405
64992,0.8207466
32946,0.17794155
18039,0.8043568
76015,0.042299405
67095,0.70187336
40386,0.49265552
47777,0.90650797
46589,0.8676704
108008,0.26333526
104462,0.24896102
26011,0.62482655
9666,0.8448657
118832,0.7665315
7308,0.62404686
19264,0.7202399
120246,0.6537946
89110,0.042299405
15274,0.22731778
2909,0.23627906
38487,0.45070684
66841,0.32082638
10696,0.4003917
78536,0.042299405
97857,0.1533329
81392,0.042299405
112652,0.71763843
54915,0.580667
116409,0.4605606
84362,0.042299405
11734,0.70757115
55904,0.23782215
84972,0.042299405
50850,0.3537963
110202,0.2912829
57771,0.5113884
50806,0.26842588
20539,0.6060048
67989,0.56650037
28870,0.8385467
64743,0.8207466
38908,0.72651535
122024,0.8806455
58769,0.73806477
92398,0.2586587
10980,0.38132983
1724,0.37058383
28438,0.1764233
73663,0.59351325
67992,0.47188228
1513,0.9487389
43290,0.7376788
100114,0.60988903
64813,0.6805474
113423,0.8129815
84767,0.042299405
1603,0.78562415
48989,0.8027489
113733,0.17794155
123487,0.87992793
19284,0.7030056
27857,0.30645418
71785,0.21128684
103189,0.5219026
61816,0.8043568
51058,0.19977637
87265,0.042299405
69427,0.6522441
100849,0.28798637
98396,0.4679198
68499,0.5857013
100692,0.36381382
75865,0.042299405
90738,0.042299405
119269,0.69224477
118305,0.23582602
471,0.09566267
5975,0.0833434
56900,0.946063
57405,0.9117612
67484,0.36874843
84134,0.042299405
3068,0.69588417
34061,0.13027306
111539,0.22962523
20499,0.5679908
101238,0.22136773
80987,0.042299405
49165,0.7030056
97516,0.6427586
78118,0.042299405
8205,0.60976607
90803,0.042299405
17829,0.9250457
65685,0.8207466
68924,0.32423192
4211,0.61248314
10293,0.5266537
74557,0.90537584
90696,0.042299405
88622,0.042299405
107841,0.39683107
80910,0.042299405
120480,0.29921618
105829,0.20214613
46969,0.929919
78582,0.042299405
97293,0.5675377
46470,0.60990846
111928,0.566307
14826,0.94929814
122519,0.54581475
114498,0.20578605
16401,0.14563619
116576,0.69130135
8752,0.5712141
119790,0.20769228
9798,0.3324113
29117,0.77588665
98585,0.2824135
96191,0.36247838
7420,0.4003917
4283,0.8448657
82174,0.042299405
98887,0.2749024
107348,0.90537584
4051,0.464219
66951,0.21740359
67231,0.3275408
29397,0.2622166
72636,0.60732734
43188,0.8382824
99049,0.34157243
59903,0.7729732
113096,0.28792992
115645,0.75478274
121566,0.92610925
98823,0.25064898
124884,0.9363362
27754,0.2784762
97244,0.5576651
103567,0.3751725
65295,0.78237045
71037,0.27617005
53877,0.66408443
113358,0.51533055
32021,0.9250457
22229,0.3812725
2194,0.38692746
99641,0.5968993
65260,0.16068964
105899,0.9395671
67764,0.5444087
123839,0.7729014
2001,0.80577356
86409,0.042299405
37726,0.8207466
3298,0.37307182
103984,0.42182922
65410,0.44664463
57624,0.8207466
28902,0.8830769
2615,0.433419
122353,0.3812725
8425,0.22915792
52422,0.31139594
26574,0.764464
46405,0.929919
44344,0.93913263
124847,0.92610925
110304,0.23133238
115587,0.7271119
68203,0.41293272
105198,0.5769971
47661,0.946063
98306,0.4481545
13622,0.60976607
38863,0.94996256
68974,0.08997259
18080,0.88749844
5844,0.13605064
116524,0.2969629
69705,0.5566686
102926,0.61773074
29123,0.74354917
102825,0.47188228
56247,0.72901887
1487,0.88749844
118219,0.4774773
19925,0.7249829
15142,0.5082825
44395,0.8207466
114399,0.8161812
44397,0.8383232
26805,0.9462237
49048,0.94996256
48286,0.5236463
122323,0.70757115
71816,0.59502816
100921,0.94415486
58185,0.9250916
19582,0.80176836
65677,0.92953664
12831,0.46220925
113727,0.264986
3461,0.48132953
35206,0.93574846
77713,0.042299405
52926,0.53088397
103074,0.27155393
19703,0.7497565
102510,0.37248686
68701,0.39793688
61064,0.8482609
47241,0.5693409
64915,0.73806477
37114,0.93913263
17238,0.3882269
122526,0.7665315
77601,0.042299405
9470,0.44056034
48113,0.92379194
58470,0.80176836
39471,0.5670882
52120,0.648536
107280,0.34977314
34917,0.92953664
60035,0.8207466
89121,0.042299405
48264,0.18885988
87587,0.042299405
107107,0.8582086
109696,0.078872055
118002,0.14544274
116116,0.78524405
88157,0.042299405
26880,0.9462237
96333,0.58678144
60016,0.7427709
100913,0.9324763
71334,0.5957432
19326,0.72901887
1906,0.9367973
110801,0.17000842
113863,0.65064245
71975,0.5688362
20265,0.599169
67604,0.57096535
26448,0.69224143
78924,0.042299405
21467,0.8043568
72000,0.42182922
74636,0.60127157
26817,0.9407879
35222,0.89878726
104558,0.7322669
71961,0.15695922
5162,0.9480592
11133,0.21300839
20717,0.22316563
45139,0.388696
118119,0.68926793
35870,0.92953664
18619,0.5265537
7912,0.35532045
92851,0.20518556
49831,0.4605606
118822,0.7665315
62792,0.5365297
25555,0.7162594
44472,0.9523117
52065,0.84232384
118091,0.7681433
76987,0.042299405
53271,0.580667
96175,0.42182922
78114,0.042299405
1048,0.9523117
29474,0.43678778
83110,0.042299405
108702,0.1497794
115657,0.44527495
1657,0.537336
73469,0.59502816
85472,0.042299405
93180,0.596364
48861,0.9250457
14069,0.21039005
36902,0.9250916
75108,0.042299405
37070,0.9523117
24488,0.071581215
26592,0.63373584
57186,0.7883464
101613,0.23989522
38855,0.9448827
43964,0.9445681
96785,0.5704051
5173,0.9480592
99099,0.5937946
105603,0.31918538
27635,0.12973869
23658,0.9523117
23291,0.72901887
83501,0.042299405
54277,0.44914532
81235,0.042299405
44403,0.9076945
90754,0.042299405
123574,0.65064245
66614,0.39683107
93683,0.689265
59410,0.90147877
83984,0.042299405
47891,0.8482609
8907,0.5444087
55417,0.66408443
16719,0.73488027
38394,0.9445681
116557,0.7159984
109801,0.23370285
112088,0.43635744
31071,0.7036212
99436,0.26333526
61848,0.5905028
23864,0.7729732
62789,0.5670882
71887,0.369764
114982,0.24314992
100228,0.62355137
109371,0.08200509
43100,0.73698974
98862,0.472872
108560,0.8862618
93465,0.2622166
26603,0.86236817
100824,0.34106764
115544,0.54581475
120121,0.26469967
93067,0.90840834
101800,0.5625888
122725,0.64510864
51052,0.20769228
113355,0.51533055
117520,0.78524405
18379,0.071581215
46530,0.94996256
31892,0.9523117
112215,0.525903
93567,0.3061297
85468,0.042299405
7868,0.60976607
36937,0.7412351
82832,0.042299405
111461,0.74797374
20794,0.525903
116859,0.23323603
28354,0.1556471
75601,0.042299405
89203,0.042299405
25821,0.16846552
53913,0.23417515
125054,0.24351414
73206,0.3515096
34853,0.92953664
124855,0.92610925
85865,0.042299405
77592,0.042299405
41517,0.80176836
79563,0.042299405
22153,0.9487389
43398,0.9462237
93029,0.8569112
89269,0.042299405
107600,0.20654905
47301,0.5900412
45110,0.94996256
14056,0.5966552
73213,0.46095052
35080,0.80176836
60042,0.27617005
76221,0.042299405
96864,0.24351414
38398,0.9076945
28091,0.8350134
67131,0.24724309
22759,0.2688145
26377,0.445685
97688,0.22316563
41421,0.87456024
124498,0.7729014
68952,0.1376452
36603,0.93913263
91811,0.048056435
79660,0.042299405
15115,0.14613277
6532,0.10882427
56305,0.9117612
10185,0.29423013
6269,0.64421976
75291,0.042299405
37008,0.8207466
113942,0.71763843
108100,0.6188446
34953,0.9269657
36416,0.94996256
23659,0.9523117
16494,0.4356394
25169,0.943447
28506,0.7412633
30387,0.94996256
76098,0.042299405
39242,0.83342713
56802,0.4592283
72471,0.54581594
4627,0.6276867
46325,0.31139594
41791,0.3791233
115413,0.4774773
20963,0.8480095
63605,0.8207466
36234,0.37555605
121932,0.23426552
99831,0.19000173
21127,0.8043568
11174,0.7570681
8705,0.22316563
14593,0.8908866
28222,0.19855602
24110,0.071581215
88983,0.042299405
97677,0.4418656
22956,0.92953664
98537,0.2957798
108003,0.49607414
1159,0.7824239
37942,0.92953664
49363,0.26249623
83001,0.042299405
109380,0.15086924
48746,0.8385467
26121,0.7774526
81733,0.042299405
36935,0.6008151
3048,0.69588417
30864,0.7372888
6813,0.42985216
32830,0.7133811
44857,0.92953664
12498,0.6687395
54673,0.9065641
64185,0.15835167
46227,0.945651
45505,0.2533619
26132,0.39375904
84302,0.042299405
76076,0.042299405
50081,0.19088702
50837,0.65208864
91009,0.042299405
107545,0.90277
7988,0.4611272
594,0.7427091
117531,0.66817844
17779,0.9250457
119609,0.6692836
46592,0.9250457
70572,0.5767582
79912,0.042299405
120776,0.7590469
112265,0.67683107
85959,0.042299405
39413,0.93913263
42015,0.89878726
51730,0.4356394
30997,0.7627666
104608,0.26230243
5779,0.60976607
66596,0.16452989
17133,0.8382824
30802,0.94996256
99011,0.57096535
84267,0.042299405
25341,0.929919
109092,0.24804658
50848,0.4925202
77936,0.042299405
80184,0.042299405
22303,0.7006684
71510,0.5704051
12562,0.5751951
21636,0.7277527
24361,0.2849689
102379,0.6369634
124435,0.77448213
16677,0.66077226
124335,0.7665315
45382,0.80176836
455,0.10882427
29701,0.455305
65502,0.8231943
47333,0.9250457
108476,0.2634118
28070,0.2896806
75368,0.042299405
88052,0.042299405
16797,0.2655566
107230,0.94929814
82184,0.042299405
35252,0.89878726
79823,0.042299405
56040,0.6932462
118858,0.3812725
62973,0.55590624
26326,0.7627666
50832,0.27674592
26792,0.93102473
112807,0.525903
44632,0.94996256
39986,0.92953664
120025,0.60369164
112322,0.82391095
73038,0.92601985
43235,0.5900412
12733,0.26469967
19391,0.20041421
90808,0.042299405
104601,0.24633652
79246,0.042299405
26144,0.54791254
73450,0.5835271
21665,0.60990846
79929,0.042299405
109288,0.10519882
44243,0.9190161
505,0.9307207
44358,0.95020086
83058,0.042299405
106918,0.9449327
72872,0.57938457
75410,0.042299405
33342,0.8830769
82133,0.042299405
33504,0.8270434
82127,0.042299405
9264,0.31130385
25450,0.78409976
12112,0.3249235
7935,0.30922994
95776,0.24155533
110196,0.26225486
7545,0.38300097
109008,0.40277353
97575,0.2135487
122144,0.525903
107087,0.8582086
48295,0.7140731
108403,0.5731755
69980,0.67145896
82049,0.042299405
64712,0.77064055
47336,0.5920494
4308,0.9073345
83999,0.042299405
103053,0.15918306
15884,0.5082825
42115,0.9352508
106035,0.59073555
53522,0.33027643
16219,0.5767582
62270,0.8207466
44430,0.93913263
34228,0.8231943
58358,0.8207466
90419,0.042299405
56796,0.72901887
57644,0.37555605
97829,0.4538509
101937,0.7750072
94052,0.60153157
108016,0.33644903
108320,0.5801078
10314,0.47773433
104209,0.28741992
51926,0.8472857
97024,0.7834762
110891,0.4958884
9443,0.6687395
6514,0.14563619
11831,0.14200081
105073,0.59502816
47375,0.9523117
101207,0.29813147
56510,0.78409976
68457,0.4003917
26354,0.19985536
115519,0.2690262
40020,0.9250916
9096,0.79244304
102262,0.5956024
58071,0.8480095
104075,0.24896102
83128,0.042299405
3322,0.6353164
97467,0.5968993
105305,0.5972017
78896,0.042299405
40210,0.9250457
89434,0.042299405
116086,0.78524405
124683,0.25438407
78342,0.042299405
106270,0.95167696
29492,0.6253452
27152,0.8638299
55457,0.8478691
84336,0.042299405
9480,0.5581677
63660,0.8752638
2914,0.5873468
34729,0.5900412
82657,0.042299405
56542,0.78409976
2690,0.48580244
79386,0.042299405
27633,0.11883296
77357,0.042299405
7326,0.7697156
30237,0.943447
122637,0.7250875
122894,0.32392246
98947,0.23582602
67788,0.20173469
72577,0.72421074
29467,0.5926731
124249,0.7033534
49125,0.5113884
41807,0.83342713
26466,0.8909555
59670,0.8043568
100113,0.31599456
78354,0.042299405
112978,0.7657518
16779,0.71672434
104966,0.23593655
94062,0.90277
544,0.71763635
69843,0.27674592
120733,0.71047175
108472,0.2969629
16058,0.20278408
40060,0.87456024
110216,0.29277056
123674,0.3812725
1713,0.72687525
18823,0.92953664
13388,0.6390641
75102,0.042299405
74123,0.31880718
92769,0.35399884
13748,0.69413877
118050,0.67236716
103720,0.6768635
61298,0.9190161
85857,0.042299405
8925,0.33666763
122754,0.5482068
52527,0.36202234
67797,0.208534
5886,0.19315359
5804,0.19457518
83431,0.042299405
119406,0.17872374
34263,0.4592283
86407,0.042299405
103618,0.26230243
60551,0.78409976
81505,0.042299405
13272,0.24666837
75158,0.042299405
20117,0.13681698
11036,0.0833434
90383,0.042299405
124967,0.599273
60591,0.7249829
50618,0.2178324
20052,0.73305833
79820,0.042299405
4801,0.5835271
18980,0.071581215
66845,0.5576651
87050,0.042299405
28376,0.2844175
95717,0.5873468
40385,0.945651
99305,0.54572153
24660,0.7522791
39158,0.5670882
63522,0.9407879
11540,0.0833434
29893,0.09232185
8166,0.5576651
17306,0.36202234
92059,0.17492384
22312,0.71672434
124670,0.39508018
62806,0.67187816
1200,0.9250916
95781,0.5704051
95280,0.2694145
3624,0.42182922
10679,0.60976607
25080,0.94996256
81445,0.042299405
23282,0.72901887
109133,0.3516933
40312,0.94996256
93892,0.23181598
32459,0.9250916
45446,0.93913263
13073,0.8779773
84894,0.042299405
38162,0.8515394
113085,0.3812725
109705,0.086470306
99312,0.3654535
42340,0.70073885
94941,0.79759884
21008,0.8043568
86943,0.042299405
78564,0.042299405
8033,0.33666763
123823,0.24351414
114206,0.23154114
8536,0.69413877
52112,0.51533055
36107,0.7473782
69347,0.39683107
60814,0.8043568
56350,0.8207466
117853,0.648536
100348,0.23989522
66443,0.551814
79322,0.042299405
76114,0.042299405
18329,0.19263901
78031,0.042299405
116362,0.49510035
107908,0.39683107
21563,0.9462237
107191,0.9227343
26673,0.9117612
5754,0.69413877
27899,0.25353387
41744,0.34859627
104791,0.22312649
27249,0.30267447
8628,0.60976607
91646,0.042299405
2179,0.5688362
50831,0.24351414
90849,0.042299405
69977,0.31404623
59277,0.8480095
64926,0.76100886
67825,0.32423192
88698,0.042299405
52175,0.55470836
83751,0.042299405
121586,0.84232384
119753,0.69224477
95704,0.3014912
95642,0.7750072
106696,0.5731755
107854,0.5412692
81729,0.042299405
416,0.7522791
65479,0.30106464
68046,0.67145896
61291,0.94996256
35630,0.9523117
89195,0.042299405
79377,0.042299405
68942,0.20278408
38558,0.8676704
55728,0.32535216
117307,0.623388
51636,0.45070684
77108,0.042299405
27099,0.28002003
113194,0.43635744
56524,0.78409976
112147,0.67470163
66078,0.35532045
21519,0.94205046
88267,0.042299405
109319,0.08200509
15432,0.8908866
7673,0.2957798
60122,0.77064055
34859,0.93574846
82814,0.042299405
102342,0.54599565
104028,0.23071243
589,0.5472083
87552,0.042299405
1974,0.8043568
2852,0.4224909
39348,0.89878726
80250,0.042299405
48593,0.9523117
7635,0.35532045
27292,0.63373584
95773,0.20518556
45845,0.7497565
64111,0.72901887
30223,0.9250916
9051,0.23141901
64284,0.525903
43693,0.4774773
71442,0.15700659
16768,0.6297367
7759,0.60976607
63837,0.22741185
39663,0.929919
79464,0.042299405
113853,0.3812725
14559,0.94929814
106446,0.5704051
97622,0.42709547
55562,0.5317508
41849,0.929919
61384,0.8043568
45624,0.93913263
85987,0.042299405
36803,0.9448827
96152,0.27617005
103066,0.24351414
47004,0.80176836
72039,0.6552179
37508,0.61881745
27165,0.80682105
34180,0.9250916
90278,0.042299405
36572,0.92953664
38970,0.943447
39077,0.94996256
40400,0.7675776
26774,0.8382824
82361,0.042299405
15361,0.3654535
58184,0.9250457
3859,0.61661226
96116,0.7934054
110464,0.28430888
65363,0.92953664
16906,0.7432826
19069,0.2537387
39255,0.9124725
32015,0.89878726
68110,0.4716482
119818,0.22316563
114605,0.74126625
18601,0.61580956
6654,0.21445607
55389,0.7643699
2156,0.58908564
42336,0.21909112
4349,0.9480592
35390,0.5597396
12620,0.39683107
69643,0.9210961
56604,0.7497565
13792,0.5433626
93252,0.61256564
3681,0.1764233
116954,0.78524405
53095,0.706142
116672,0.54979146
26172,0.6787618
123312,0.5046135
72410,0.6647118
117535,0.818668
69892,0.24724309
30780,0.9250457
30958,0.93913263
70947,0.94415486
82639,0.042299405
12789,0.599233
60596,0.70757115
10937,0.5051237
58629,0.9487389
46149,0.93574846
117813,0.69266546
6071,0.44056034
76733,0.042299405
98376,0.36890474
10573,0.1533329
111558,0.29157576
86948,0.042299405
35448,0.93913263
121998,0.78676254
99115,0.5576651
75863,0.042299405
124834,0.8404911
122086,0.24314992
43603,0.8830769
12729,0.33666763
6235,0.4232077
1740,0.7249829
70631,0.26383257
23598,0.9250457
45238,0.5731356
75785,0.042299405
61238,0.71672434
42681,0.9523117
66576,0.5653206
80628,0.042299405
100193,0.5937946
40932,0.57372385
31662,0.929919
113891,0.77448213
72837,0.59418905
52606,0.21378548
101828,0.51395583
6966,0.65380985
19865,0.23323603
36069,0.93574846
121387,0.55470836
62605,0.71672434
68678,0.5550873
7789,0.35532045
89274,0.042299405
90502,0.042299405
10270,0.3125663
83387,0.042299405
97414,0.66041535
54695,0.5191073
104360,0.416442
71938,0.20766412
104618,0.23269598
9033,0.39683107
8200,0.60976607
13201,0.56888294
60652,0.8482609
51152,0.29423013
61275,0.9190161
65079,0.74855375
91960,0.3079843
16671,0.73305833
122692,0.78524405
111903,0.52193516
14927,0.39683107
102131,0.5550873
109531,0.2912829
69432,0.26333526
95775,0.60732734
81575,0.042299405
7401,0.27612874
56540,0.80176836
38463,0.78409976
104767,0.4912952
30704,0.9448827
119887,0.6916024
101676,0.24351414
78016,0.042299405
9424,0.31599456
36435,0.9523117
15584,0.94929814
18011,0.69516015
66439,0.5444087
39041,0.94996256
49092,0.80176836
78973,0.042299405
41780,0.2874603
58943,0.9117612
97709,0.24765624
75062,0.042299405
2255,0.9395671
124079,0.36202234
25045,0.89878726
23675,0.9523117
108000,0.42148593
115351,0.6790163
47179,0.73806477
99747,0.54599565
22264,0.71672434
2018,0.23768196
124875,0.9363362
84861,0.042299405
96053,0.3441619
70680,0.41293272
78379,0.042299405
82846,0.042299405
22746,0.7244611
118100,0.25438407
26457,0.8382824
94950,0.2679769
12334,0.5943422
45457,0.8383232
64557,0.71247566
20262,0.8909555
70110,0.5209008
64080,0.42209443
86951,0.042299405
51259,0.20041421
57946,0.7497565
25304,0.8220709
108059,0.5944973
122654,0.29423013
25580,0.9299622
55959,0.940431
96942,0.8605365
85720,0.042299405
73141,0.57938457
81743,0.042299405
99510,0.20041421
45436,0.9250457
95246,0.19800542
124603,0.7665315
33879,0.28418812
67271,0.54599565
78566,0.042299405
55445,0.76100886
115868,0.75478274
112980,0.7582124
31957,0.7891144
93992,0.20836739
8924,0.32418334
54424,0.5317508
16210,0.20724829
113610,0.16068964
124586,0.8319426
39781,0.93716574
50536,0.9121796
124121,0.46299407
123607,0.6948359
45389,0.72814405
31126,0.22962648
74640,0.5550873
35882,0.89878726
85590,0.042299405
83443,0.042299405
62022,0.7368256
94683,0.11939241
81606,0.042299405
84337,0.042299405
37373,0.92953664
12845,0.8199824
88060,0.042299405
98119,0.1533329
11962,0.20278408
47725,0.7893003
122112,0.3415919
8085,0.23426552
66650,0.14569135
122512,0.525903
20784,0.80036193
24381,0.77064055
112229,0.79377216
52479,0.50007135
28843,0.65279776
59234,0.9462237
51533,0.35218564
107745,0.24937305
94905,0.4912952
44500,0.7824239
104803,0.35399884
36158,0.76274276
71690,0.34200397
41178,0.9341388
8383,0.3249235
56423,0.77064055
100265,0.38300097
107512,0.22042133
95464,0.5704051
68740,0.16452989
79645,0.042299405
5316,0.9395671
11885,0.63892925
108495,0.5675377
20058,0.57072914
90761,0.042299405
32347,0.93913263
92927,0.95167696
50739,0.22669527
76962,0.042299405
82397,0.042299405
47,0.53399503
80253,0.042299405
93223,0.7750072
66197,0.31404623
15007,0.39683107
114921,0.65208864
113905,0.23619367
100566,0.34517947
33161,0.6352898
41571,0.943447
67456,0.79476154
27425,0.9022172
69055,0.34157243
114100,0.34486023
43958,0.9448827
95824,0.32729384
7549,0.5757719
62221,0.8043568
108839,0.22851554
38870,0.94996256
92976,0.95167696
18177,0.9487389
44426,0.93913263
117076,0.34106764
68748,0.1376452
14937,0.8779773
103381,0.64929175
13482,0.23940468
98261,0.5749036
43386,0.9462237
12104,0.62355137
2362,0.6501359
60272,0.6701455
20961,0.68741894
92540,0.80074793
36244,0.23619367
87702,0.042299405
88010,0.042299405
48943,0.39508018
111258,0.15269025
67985,0.5968993
109272,0.18694404
5160,0.9480592
103086,0.34977314
121149,0.6875027
19068,0.5920494
616,0.93574846
28877,0.77588665
16844,0.5889843
25667,0.6634232
71904,0.4849329
55919,0.79820716
56501,0.8913875
32793,0.8207466
82324,0.042299405
108401,0.5731755
48997,0.92379194
24418,0.16846552
108527,0.8827019
76606,0.042299405
81393,0.042299405
84808,0.042299405
66298,0.62889886
68553,0.46557054
63419,0.8207466
85825,0.042299405
113399,0.71763843
41865,0.525903
43847,0.718602
54150,0.19935049
58974,0.8043568
60110,0.8319426
7341,0.81222713
72868,0.27692086
94988,0.4912952
80906,0.042299405
108585,0.9410198
72213,0.2622166
30399,0.6929387
102072,0.5767582
12746,0.47332275
115547,0.5723481
122843,0.8385467
123694,0.5113884
121357,0.73699266
73855,0.54599565
28013,0.4984756
37252,0.9250916
55840,0.49551365
102079,0.57106864
81621,0.042299405
52948,0.5317508
118218,0.78524405
17212,0.3900109
125016,0.5773529
60026,0.3812725
41479,0.94996256
53925,0.6633074
10066,0.7516356
67591,0.5653206
121650,0.6516696
52026,0.4356394
53127,0.706142
26607,0.64918274
22417,0.93925244
71174,0.42709547
118818,0.6868156
93488,0.16779724
68418,0.27263793
27742,0.4976054
122553,0.2691441
6056,0.47135416
25353,0.80176836
30089,0.09232185
12611,0.60976607
55690,0.4874571
39775,0.943447
20392,0.94205046
69895,0.17467138
69936,0.5576651
36068,0.9341388
81825,0.042299405
51049,0.22316563
104449,0.39375904
117118,0.49350053
73056,0.94551253
23719,0.945651
122118,0.42763534
120134,0.65064245
9297,0.17805865
72398,0.24155533
61925,0.85950446
16126,0.62404686
80988,0.042299405
56473,0.8161812
42687,0.8043568
37654,0.7824239
124426,0.7534511
107872,0.5937946
80816,0.042299405
118456,0.5169871
9757,0.29556417
25235,0.71672434
51562,0.64323944
10396,0.82626796
11640,0.5943422
101214,0.2545924
21685,0.71456385
15600,0.9400215
12203,0.29560718
52601,0.38217688
75245,0.042299405
75642,0.042299405
63689,0.8110535
73125,0.464219
109990,0.31889555
21837,0.8671329
23666,0.945651
80280,0.042299405
63402,0.73305833
26346,0.3265478
101671,0.8908866
123910,0.8048856
23536,0.93716574
49687,0.73293686
112025,0.5794755
52480,0.52798307
98604,0.2957798
5039,0.8956855
85898,0.042299405
39283,0.94996256
121500,0.74126625
57346,0.525903
79226,0.042299405
50925,0.54581475
89435,0.042299405
36023,0.8814742
32597,0.912004
39548,0.8515394
42713,0.92953664
66441,0.6451193
59707,0.8043568
70304,0.43756837
31196,0.944549
124969,0.599273
9967,0.12181593
23012,0.39508018
18139,0.9487389
45936,0.92953664
58853,0.5236463
31117,0.44553852
73384,0.7237243
54589,0.79820716
234,0.8073304
104385,0.60641634
104975,0.5897921
93268,0.60732734
20015,0.89878726
93711,0.33674085
17619,0.89878726
103454,0.40771678
97861,0.11808395
84538,0.042299405
44303,0.61580956
104990,0.59351325
95797,0.32021287
95424,0.62988895
20986,0.7063169
101789,0.9324763
15372,0.21039005
108664,0.34517947
14483,0.94929814
44548,0.929919
124571,0.7665315
81338,0.042299405
117104,0.3812725
32839,0.72901887
69971,0.4481545
48514,0.8207466
6342,0.60976607
108938,0.3516933
27316,0.37307182
10590,0.10882427
99315,0.56492794
58973,0.8043568
31847,0.8207466
29404,0.4650849
38461,0.93574846
13905,0.63892925
63542,0.80176836
75575,0.042299405
29452,0.20355608
54719,0.33027643
74549,0.66942924
8613,0.60976607
10052,0.6234635
112039,0.4551359
52791,0.68235844
47067,0.10882427
117315,0.2690262
102688,0.4003917
79522,0.042299405
44219,0.929919
30051,0.25814566
76882,0.042299405
93245,0.8605365
25071,0.943447
68415,0.4418656
80757,0.042299405
58061,0.67187816
59868,0.71672434
117704,0.41802168
48815,0.9523117
53362,0.79978114
70258,0.72421074
116173,0.80744815
75362,0.042299405
114621,0.83655465
67893,0.57096535
35195,0.89878726
85485,0.042299405
45285,0.87456024
84148,0.042299405
99638,0.54730767
13026,0.31404623
80779,0.042299405
52418,0.60369164
118658,0.65064245
22644,0.8676704
40418,0.9307207
92187,0.34157243
41051,0.8444168
56402,0.943447
43160,0.76100886
9552,0.424223
8134,0.6371487
105660,0.591833
123019,0.67118484
5799,0.82626796
38808,0.9250916
55806,0.83093846
108899,0.27439126
92955,0.9400215
79462,0.042299405
58592,0.9145446
105683,0.26017308
58591,0.8909555
25152,0.9352508
121867,0.86647916
57699,0.26469967
109888,0.27221203
96937,0.5757719
87360,0.042299405
21882,0.73305833
42026,0.9250916
99492,0.27998954
123726,0.8146275
17048,0.21445607
72565,0.5972017
116396,0.4605606
61182,0.68879247
47530,0.92953664
67108,0.327007
116477,0.65064245
109394,0.12878017
37462,0.93913263
11008,0.20278408
38982,0.5532914
13446,0.27674592
61117,0.93102473
100076,0.22731778
111261,0.15269025
5215,0.9480592
106142,0.90277
13414,0.5912313
72948,0.7092768
65471,0.22316563
26972,0.67054176
102409,0.5444087
125069,0.59773505
1875,0.8524912
79168,0.042299405
65512,0.41177186
28547,0.6513458
98857,0.5638913
68840,0.06447654
118843,0.65064245
46547,0.94079983
97795,0.78953385
86190,0.042299405
109100,0.2905648
115731,0.6732954
76753,0.042299405
39285,0.94996256
115956,0.6804096
33054,0.92953664
67349,0.31395704
60182,0.78409976
124471,0.7534511
32971,0.09232185
46353,0.643853
9677,0.4481545
39904,0.94996256
7077,0.47922328
123229,0.8161812
73966,0.525058
63200,0.87992996
2676,0.22402407
100379,0.21445607
23851,0.7722324
41738,0.6060048
89029,0.042299405
49868,0.78524405
89232,0.042299405
43268,0.9297529
99036,0.34543738
60482,0.78409976
65824,0.40212277
113220,0.7640816
61744,0.2855446
7749,0.36874843
21996,0.69516015
22947,0.9250916
14758,0.8908866
74164,0.15789369
65865,0.8043568
33325,0.54265183
9295,0.19639674
109948,0.2912829
97967,0.27998954
35438,0.9250457
110787,0.22722389
110770,0.17898153
117544,0.8407545
110269,0.7662721
72202,0.37912843
119361,0.67236716
54772,0.580667
20941,0.8043568
19989,0.36202234
88732,0.042299405
91714,0.042299405
38456,0.92953664
36539,0.9250457
19501,0.73305833
107664,0.60988903
1065,0.60689616
28099,0.3150853
11448,0.4427593
28956,0.63373584
2466,0.81915265
52159,0.67470163
43475,0.88169616
63976,0.3082912
28556,0.23106374
52866,0.28880244
9233,0.6687395
10290,0.54599565
12091,0.5592871
12021,0.1533329
74809,0.23556243
114965,0.5849392
10388,0.59819555
117928,0.7534511
51542,0.1601529
1001,0.9523117
89416,0.042299405
33399,0.5920494
102888,0.35532045
41204,0.946063
27435,0.764464
2334,0.6521865
23466,0.2690262
75989,0.042299405
33404,0.3900109
31347,0.8676704
30961,0.739528
43359,0.94205046
42434,0.5900412
114779,0.6854926
28683,0.7770851
27494,0.20518556
71918,0.5897921
78417,0.042299405
93562,0.4784825
9522,0.44056034
24788,0.39374745
15216,0.70027554
50644,0.7729014
109303,0.09525203
69955,0.45689416
109429,0.19916667
113587,0.7534511
86474,0.042299405
35839,0.44664463
27426,0.92357904
31379,0.94996256
1314,0.89878726
7944,0.7432826
16837,0.8638299
2780,0.2925903
101466,0.29813147
85411,0.042299405
29224,0.6642
45237,0.3812725
120671,0.64262664
87878,0.042299405
64313,0.68741894
79365,0.042299405
80632,0.042299405
8699,0.4481545
9389,0.22082499
50186,0.33233824
100244,0.3948916
69992,0.32423192
32885,0.65236735
3773,0.5704051
119434,0.6175399
107299,0.90537584
87388,0.042299405
109403,0.3331458
55723,0.5369713
113362,0.542151
54818,0.9065641
113613,0.13027306
112331,0.6517728
55944,0.6601178
87759,0.042299405
88166,0.042299405
26378,0.62220883
27565,0.13459703
110689,0.20587307
60925,0.4079794
104178,0.66470385
107335,0.57096535
13481,0.26478872
2888,0.6180691
37329,0.92953664
38861,0.9448827
74180,0.47922328
52734,0.6368926
75494,0.042299405
27170,0.40238434
27926,0.16240744
15929,0.70871466
52683,0.6352164
8514,0.2969629
70462,0.48496756
51300,0.55470836
119602,0.42631826
59022,0.8043568
66586,0.20278408
88894,0.042299405
46828,0.68741894
41025,0.9523117
89190,0.042299405
109026,0.2148929
77700,0.042299405
3348,0.69588417
93949,0.86634123
10571,0.1621237
44103,0.89878726
1109,0.9250916
25997,0.24244493
59890,0.71672434
104373,0.5989182
6544,0.08472232
46481,0.82504195
90136,0.042299405
47786,0.943447
79596,0.042299405
54523,0.33027643
95340,0.2844175
18865,0.92953664
104444,0.60732734
95186,0.30645418
27415,0.80682105
63846,0.18853994
96886,0.43445393
57638,0.37555605
33463,0.24351414
64192,0.14822751
77342,0.042299405
15167,0.60976607
32395,0.9523117
7346,0.77884257
36499,0.89878726
10638,0.54599565
58808,0.8207466
41367,0.94996256
100791,0.5309395
89791,0.042299405
59586,0.88749844
117061,0.67236716
75729,0.042299405
70657,0.42148593
99086,0.5937946
111711,0.41731146
23854,0.8214037
96271,0.20996624
80524,0.042299405
101355,0.20724829
11771,0.6390641
7607,0.59224993
14614,0.8968769
78667,0.042299405
44616,0.9448827
117275,0.3415919
109645,0.11326932
61850,0.8913875
44465,0.9523117
8141,0.42761415
21510,0.93925244
605,0.9250916
74231,0.5757719
118824,0.4774773
49794,0.8048856
113846,0.7159984
93647,0.61256564
98078,0.42148593
2371,0.81915265
46872,0.9250457
124943,0.74626434
30589,0.946063
120617,0.542151
121604,0.6210768
60221,0.7640816
118799,0.29423013
24290,0.8207996
38508,0.1497794
60897,0.69516015
115761,0.8132643
55057,0.39380363
39276,0.94996256
39866,0.93574846
28927,0.63373584
96366,0.6577442
42409,0.90650797
50044,0.21445607
46272,0.9250457
123521,0.6936065
30099,0.08097476
34450,0.94996256
111321,0.50203353
45556,0.5900412
102218,0.7439938
48562,0.9523117
47939,0.71763635
53636,0.28880244
54225,0.5317508
61351,0.8043568
63309,0.68741894
45125,0.94996256
49761,0.88426673
29565,0.738857
36493,0.8231943
103243,0.33219993
100618,0.33666763
25657,0.6634232
38206,0.23619367
104690,0.5972017
88426,0.042299405
111447,0.5598386
27721,0.28851297
9337,0.4418656
83799,0.042299405
92564,0.63892925
11308,0.3012393
75756,0.042299405
25386,0.8090711
38053,0.9523117
114270,0.36273086
106624,0.32423192
7268,0.35532045
103183,0.28594747
24661,0.8676704
50381,0.66470563
26845,0.9462237
19758,0.34101686
115142,0.549999
73112,0.35399884
47619,0.8515394
85945,0.042299405
54512,0.4047314
41160,0.87456024
42858,0.78409976
53260,0.4751571
90036,0.042299405
49586,0.7033534
33581,0.73020875
94590,0.7834762
63144,0.7770851
86477,0.042299405
28561,0.8480095
98365,0.29556417
40289,0.93913263
63768,0.73806477
21405,0.8385467
10228,0.35532045
15551,0.9292508
71216,0.44604823
18390,0.071581215
55194,0.4874571
3949,0.22418095
123052,0.4958884
7736,0.5998385
59768,0.7624211
7080,0.34106764
15082,0.6626437
74349,0.60127157
11026,0.11318909
75332,0.042299405
90219,0.042299405
41135,0.946063
115846,0.75478274
102977,0.12908918
3823,0.38173825
109633,0.12213811
103571,0.58819026
22781,0.7063169
30873,0.9124725
95596,0.33674085
1380,0.42209443
8756,0.26333526
106636,0.36874843
64599,0.71138984
22779,0.44442147
44098,0.929919
79768,0.042299405
38470,0.7080981
75881,0.042299405
14408,0.94929814
83928,0.042299405
74938,0.9224429
30151,0.06470332
5363,0.6521865
45501,0.2641915
83513,0.042299405
69173,0.5780501
94189,0.95167696
50349,0.5723481
13529,0.65380985
104048,0.38975224
20009,0.73305833
21775,0.71138984
63802,0.80577356
79940,0.042299405
84125,0.042299405
110894,0.276341
52421,0.49456495
95102,0.27518013
41379,0.49265552
82779,0.042299405
47977,0.8814742
105222,0.3598544
11373,0.19088702
115679,0.8455139
14162,0.9485366
99468,0.14613277
9583,0.4481545
123183,0.7296582
86503,0.042299405
100012,0.35532045
1238,0.9250916
25099,0.9448827
102645,0.44036418
45224,0.69516015
52750,0.29312846
11657,0.5433626
51099,0.5723481
51160,0.19367054
19849,0.80176836
44528,0.92953664
111368,0.46625665
48409,0.9477746
26162,0.7640816
79248,0.042299405
111131,0.2178324
95765,0.4650849
92216,0.2749024
46124,0.9250916
87660,0.042299405
57416,0.6399282
50099,0.7534511
17121,0.31079078
108898,0.3049697
75999,0.042299405
8035,0.3324113
76611,0.042299405
6524,0.10882427
88349,0.042299405
99743,0.39683107
98889,0.3199285
72502,0.2870948
19341,0.8207466
116795,0.3812725
52518,0.6482253
82112,0.042299405
82496,0.042299405
69772,0.9400095
18357,0.09232185
32072,0.946063
55465,0.65472555
22885,0.8207466
54936,0.78761065
44195,0.8676704
82070,0.042299405
63226,0.9462237
63563,0.86992866
102580,0.48779824
2749,0.1096884
17683,0.57372385
84272,0.042299405
70150,0.5412692
59238,0.9462237
44796,0.8671329
57036,0.8676704
118925,0.5231056
71675,0.59418905
64507,0.945651
27919,0.34110853
50976,0.71717465
83649,0.042299405
108891,0.28087828
122466,0.36202234
33972,0.9250457
44584,0.92953664
38901,0.24993815
4771,0.8448657
59633,0.8385467
57642,0.79399997
124837,0.87509984
82178,0.042299405
56628,0.30889368
95094,0.27920705
94801,0.33674085
39525,0.7473782
23364,0.73305833
60899,0.58627796
45396,0.8043568
124222,0.8110697
42013,0.8207996
101862,0.28045914
123357,0.6291412
71947,0.21611443
123748,0.6190503
72337,0.4650849
56353,0.80577356
67602,0.54599565
104441,0.5219026
16789,0.46299407
20507,0.36464486
107196,0.92525655
67778,0.24378362
56176,0.92357904
19122,0.73305833
61074,0.88749844
85891,0.042299405
119589,0.36202234
58898,0.8207466
83677,0.042299405
7255,0.54599565
19644,0.8482609
509,0.61881745
87427,0.042299405
66212,0.22611262
82023,0.042299405
76472,0.042299405
48243,0.9523117
26946,0.67054176
79670,0.042299405
23556,0.9352508
39476,0.78237045
121816,0.5830323
65646,0.7891144
30580,0.912004
53927,0.66408443
113511,0.6806945
25538,0.8043568
116245,0.77448213
41908,0.87456024
82179,0.042299405
12368,0.57416445
105119,0.59975415
120129,0.29423013
78328,0.042299405
26127,0.8753827
69920,0.60659665
90786,0.042299405
46069,0.30889368
9503,0.34517947
37109,0.929919
18421,0.517476
8070,0.35532045
43762,0.61580956
87372,0.042299405
29570,0.6520083
82155,0.042299405
21081,0.39374745
80649,0.042299405
61465,0.7508864
11942,0.47135416
108122,0.25181964
9214,0.39005843
104150,0.3150853
74832,0.5276397
18081,0.9117612
37934,0.89878726
11547,0.6485842
78526,0.042299405
45563,0.35995626
42587,0.9250457
117692,0.64734757
103756,0.61204034
70305,0.48496756
83627,0.042299405
66156,0.39683107
113607,0.16068964
30937,0.738857
53246,0.9462237
71141,0.55835336
1289,0.76233155
62717,0.6865804
114890,0.52798307
103245,0.23488669
103729,0.42182922
69163,0.5266537
75920,0.042299405
117565,0.65740234
18859,0.9250457
6320,0.69413877
117809,0.39374745
28854,0.39375904
123201,0.85423577
48724,0.9523117
102142,0.8355149
39455,0.8043568
30340,0.9352508
31615,0.9523117
8664,0.25438407
39236,0.90650797
70577,0.5767582
69685,0.94551253
124465,0.738718
39956,0.6352898
25575,0.7162594
76282,0.042299405
96551,0.20009859
20398,0.9462237
53538,0.6560116
47137,0.9250916
45192,0.7063169
31855,0.8207466
19762,0.6938022
90139,0.042299405
54997,0.53088397
12951,0.56888294
48001,0.2855446
114038,0.72157574
85508,0.042299405
1993,0.525903
88311,0.042299405
110500,0.19164279
38930,0.67187816
60710,0.57072914
74642,0.54599565
69899,0.22788286
102123,0.67967427
73119,0.2401417
43545,0.6805474
9095,0.61191213
8542,0.69413877
65765,0.49265552
121509,0.8533859
109961,0.20851699
74660,0.38651696
79028,0.042299405
19431,0.8043568
95931,0.20779665
90090,0.042299405
23269,0.94205046
20160,0.5920494
17334,0.61580956
78563,0.042299405
109318,0.08200509
99669,0.5829166
17036,0.24351414
94856,0.33674085
101397,0.21445607
59353,0.8913875
75474,0.042299405
11974,0.61879116
72233,0.33674085
114538,0.5113884
20338,0.8207466
76860,0.042299405
15723,0.0833434
6876,0.8779773
115905,0.2586587
48790,0.9250457
24375,0.78562415
40760,0.78237045
33999,0.94996256
30619,0.94996256
35648,0.9523117
75803,0.042299405
57380,0.8385467
939,0.8231943
99739,0.55608577
28492,0.23768196
57616,0.8753827
91854,0.7280284
6570,0.2069135
123491,0.8994428
66761,0.34777814
61399,0.8043568
24694,0.95020086
38077,0.9523117
55680,0.4874571
22266,0.71672434
28016,0.2987697
29049,0.7447524
35541,0.89878726
51030,0.7589587
79465,0.042299405
92219,0.24704227
67149,0.18954399
110850,0.24921273
85351,0.042299405
1468,0.19367054
113035,0.34580687
49600,0.7033534
79481,0.042299405
78833,0.042299405
3633,0.48580244
30068,0.14925689
22132,0.9487389
9426,0.2503729
36569,0.9299622
26212,0.8480095
11806,0.27603346
94843,0.6005577
90248,0.042299405
88120,0.042299405
42644,0.8207466
59916,0.7296874
106344,0.95167696
42813,0.30889368
106013,0.58593714
36134,0.93913263
6611,0.29958427
8131,0.6371487
97240,0.6798071
96362,0.24116644
32878,0.72431296
74357,0.551814
107377,0.6670749
10020,0.63599896
56318,0.93102473
124227,0.87509984
13964,0.1533329
14025,0.6598131
15996,0.31638634
43118,0.31139594
20709,0.94647884
40750,0.5670882
105558,0.40321594
83535,0.042299405
95106,0.2532133
74011,0.38132983
47232,0.3729133
60937,0.65741247
108931,0.3516933
89701,0.042299405
84761,0.042299405
123230,0.8150449
89882,0.042299405
121045,0.7168448
81141,0.042299405
52848,0.23928337
105892,0.8246817
2120,0.25269666
55692,0.64448005
44057,0.8676704
7261,0.5767582
7997,0.54599565
84989,0.042299405
99349,0.26841938
9819,0.70027554
35002,0.944549
43027,0.9487389
112185,0.36202234
15592,0.94929814
33641,0.61493313
33042,0.9250457
27159,0.7774526
16773,0.73305833
79982,0.042299405
47084,0.8043568
2929,0.2519821
45521,0.5411214
162,0.9341388
46861,0.27775463
37124,0.944549
58502,0.78409976
42040,0.93574846
116793,0.65064245
86295,0.042299405
26068,0.36740533
3547,0.35399884
10027,0.47922328
113782,0.69532084
71892,0.61256564
5230,0.6501359
39407,0.9250457
59892,0.5920494
108651,0.3449537
104954,0.31043455
97601,0.56888294
57056,0.92953664
118970,0.7534511
27605,0.14427352
44226,0.8207996
43336,0.8913875
2876,0.2622166
109473,0.22031268
44073,0.8231943
76120,0.042299405
96102,0.58112377
7537,0.5625888
53027,0.79820716
17761,0.40212277
93450,0.29076105
38553,0.7227505
49797,0.8134394
52744,0.65064245
18174,0.9487389
82056,0.042299405
114722,0.35092542
20839,0.5278734
24230,0.89878726
76542,0.042299405
121917,0.7613734
118953,0.82391095
20432,0.9056515
13921,0.63892925
30714,0.94996256
107154,0.9135301
24795,0.74837655
72601,0.30645418
83124,0.042299405
98333,0.7006616
26274,0.739528
36852,0.943447
35318,0.8207466
113656,0.7033534
79775,0.042299405
98946,0.264986
83579,0.042299405
19202,0.92953664
101499,0.38738546
118163,0.65740234
96124,0.72666395
80501,0.042299405
84059,0.042299405
55932,0.53088397
5641,0.9344876
2388,0.42182922
6026,0.06447654
124727,0.6875027
3435,0.7474463
34906,0.8515394
45341,0.7497565
73935,0.24868304
57989,0.72901887
89481,0.042299405
49561,0.8418177
7119,0.26478872
76958,0.042299405
49499,0.542151
53222,0.88169616
115524,0.67081755
39258,0.9190161
34628,0.8043568
4816,0.5835271
95393,0.38692746
62631,0.5597396
108397,0.5550873
65446,0.80176836
92867,0.19766068
116373,0.78524405
78478,0.042299405
67999,0.44364214
2130,0.7570681
29304,0.48580244
29502,0.65231794
91135,0.042299405
101947,0.44402784
568,0.29423013
6168,0.17284416
42420,0.92379194
95862,0.60641634
97020,0.5675377
114963,0.35864118
82020,0.042299405
98235,0.15406601
16086,0.6294289
116277,0.6732954
20548,0.5900412
96312,0.40771678
49228,0.8638299
68382,0.42709547
92176,0.42709547
107393,0.6329326
3929,0.22316563
40958,0.9250916
56083,0.94205046
60196,0.8110535
97750,0.5444087
53754,0.580667
65543,0.7129909
24316,0.92953664
833,0.8383232
93653,0.64153135
62877,0.71672434
86921,0.042299405
43384,0.9329776
51176,0.64918625
3551,0.20518556
45548,0.25562006
40173,0.92953664
19377,0.195731
91344,0.042299405
65567,0.71138984
43944,0.94996256
3112,0.22100388
94969,0.6745383
120057,0.599273
70118,0.27612874
114556,0.79377216
84614,0.042299405
115226,0.65064245
79491,0.042299405
108373,0.57416445
37168,0.9523117
114286,0.65064245
3766,0.34244543
100328,0.5592871
109659,0.08200509
64552,0.5920494
59686,0.8043568
63943,0.8207466
72443,0.4523369
98263,0.54730767
121853,0.75512433
109666,0.0898757
19741,0.7063169
13867,0.8671605
122328,0.8150449
68214,0.27612874
115058,0.47318125
53647,0.2497125
96758,0.54891145
81612,0.042299405
124650,0.90049934
2930,0.19548701
47502,0.946063
38700,0.94996256
69985,0.45689416
107616,0.6485842
5853,0.5920225
37369,0.9250916
75779,0.042299405
43673,0.76274276
85588,0.042299405
123768,0.66957366
91022,0.042299405
114440,0.88201886
43519,0.88169616
33522,0.643853
66935,0.2390466
61512,0.912004
44573,0.76889104
85526,0.042299405
60555,0.7891144
104656,0.22508408
2896,0.464219
19797,0.7414636
86595,0.042299405
58814,0.8207466
13454,0.25064898
112454,0.55470836
17419,0.2166175
60381,0.8043568
11803,0.34157243
47125,0.4399813
120168,0.5482068
18893,0.3156893
124360,0.54581475
48645,0.8383232
103265,0.22169138
104989,0.56955194
41293,0.7522791
19412,0.8043568
36323,0.8044135
5623,0.90840834
67727,0.19317144
117371,0.66817844
97635,0.5520651
11023,0.14613277
56116,0.9407879
68985,0.09206018
85856,0.042299405
77617,0.042299405
34402,0.93913263
11560,0.81222713
95488,0.38975224
15713,0.0833434
65123,0.6885555
52088,0.9204868
14508,0.94929814
52603,0.2533619
24528,0.06470332
109275,0.16965221
89924,0.042299405
98011,0.90840834
51575,0.41080713
61129,0.8207466
60353,0.75276476
104283,0.8246817
57241,0.84594697
98816,0.7351707
116987,0.78524405
116568,0.6839789
57971,0.61881745
80262,0.042299405
51549,0.62452614
102350,0.65833294
108142,0.5956024
80673,0.042299405
109763,0.18694404
102325,0.17581518
72325,0.6334158
9543,0.6485842
83274,0.042299405
21143,0.71138984
111068,0.25438407
3272,0.9395671
21487,0.8385467
84139,0.042299405
22392,0.86236817
55808,0.8031197
4593,0.88595706
76091,0.042299405
50285,0.28695303
89317,0.042299405
62165,0.9487389
25439,0.9448827
108411,0.39793688
116399,0.51533055
116799,0.6741664
8445,0.34977314
65695,0.8043568
98911,0.36890474
49175,0.4079794
31334,0.7036212
74650,0.64268386
100406,0.3758474
102535,0.32798025
42127,0.93913263
88141,0.042299405
114449,0.8963619
79022,0.042299405
95907,0.23071243
12264,0.38651696
103065,0.33666763
78476,0.042299405
2463,0.28741992
90322,0.042299405
18255,0.94647884
77807,0.042299405
68563,0.46557054
50198,0.17188606
47271,0.525903
10292,0.3654535
28368,0.35814682
57276,0.93485516
31638,0.945651
22619,0.7092052
100196,0.36381382
3730,0.416442
100407,0.27612874
604,0.929919
71666,0.5972017
113637,0.33121276
101375,0.40802762
295,0.22663553
55174,0.20009859
50683,0.25438407
32473,0.92953664
65560,0.72901887
32741,0.92379194
18745,0.7112632
30810,0.94996256
104746,0.47761396
123311,0.7816748
114943,0.8462616
47968,0.89878726
50412,0.291994
14733,0.8779773
33767,0.15269025
56115,0.9462237
25622,0.13681698
49545,0.78804094
111917,0.525903
120382,0.7665315
25055,0.929919
13881,0.8779773
122762,0.3812725
61014,0.25438407
56048,0.8480095
73655,0.3127216
115918,0.5482068
69954,0.5767582
101140,0.5412692
30844,0.9523117
71454,0.15700659
54970,0.62388855
22633,0.29312846
39280,0.94996256
55599,0.73567384
102593,0.25060335
22782,0.72814405
95541,0.3061297
125084,0.64918625
120739,0.7729014
48742,0.8220709
40921,0.92379194
112508,0.7159984
53885,0.49747574
124258,0.7344672
107849,0.5675377
34011,0.26041904
7072,0.28559422
22361,0.9438819
79597,0.042299405
98665,0.60343397
89115,0.042299405
66672,0.57096535
105872,0.38975224
117148,0.4079794
61523,0.23619367
47581,0.8515394
14858,0.20278408
98481,0.2875277
25665,0.6642
98864,0.472872
67659,0.3654535
94499,0.19548701
40584,0.9065641
93103,0.62988895
43769,0.36818004
115256,0.623388
68301,0.5653206
32785,0.9065641
83430,0.042299405
72448,0.2638335
119175,0.5113884
120420,0.69388497
21220,0.09232185
63885,0.69176346
97625,0.5653206
106777,0.9410198
9074,0.29423013
17190,0.68879247
104436,0.7092768
48970,0.8027489
24287,0.80176836
39504,0.4592283
43196,0.88169616
101495,0.33479097
78975,0.042299405
27416,0.84945786
48231,0.9523117
98764,0.12799755
86294,0.042299405
23799,0.8207466
61778,0.78409976
113936,0.39508018
116192,0.8129815
49395,0.57072914
67807,0.6647118
42221,0.9523117
102725,0.8843069
114737,0.58479154
20774,0.5900412
69491,0.28456602
42951,0.9487389
78898,0.042299405
39634,0.87456024
31783,0.9523117
52529,0.7033534
8935,0.7414636
25007,0.8220709
35115,0.9352508
73062,0.5704051
103954,0.57510823
27046,0.25937754
77835,0.042299405
97040,0.86634123
30840,0.9523117
7177,0.23679383
25751,0.6642
85312,0.042299405
6252,0.54599565
114867,0.55470836
78145,0.042299405
61543,0.71138984
22796,0.71138984
19859,0.6008151
124736,0.24351414
68539,0.65380985
79075,0.042299405
62828,0.71138984
116384,0.7741595
30318,0.65279776
15817,0.27998954
36824,0.9250916
46123,0.9250457
99784,0.47155252
37490,0.9250457
122130,0.25757322
16167,0.23619367
109313,0.08200509
103560,0.71952266
19760,0.2802034
91231,0.042299405
76694,0.042299405
64870,0.7891144
111514,0.48193872
43578,0.58607644
56774,0.943447
54587,0.79820716
74113,0.3654535
54292,0.706142
56784,0.8043568
52366,0.85423577
93095,0.5219026
88751,0.042299405
58523,0.8207466
45106,0.93574846
74148,0.21275128
114367,0.7379564
117469,0.31255051
59390,0.8031993
91259,0.042299405
56088,0.9462237
23377,0.7063169
109880,0.15438437
39690,0.93913263
110405,0.21230642
112656,0.69532084
12641,0.5625888
76498,0.042299405
76986,0.042299405
101112,0.3951383
14029,0.8515394
110726,0.18915313
86934,0.042299405
84199,0.042299405
5154,0.9480592
