ID,TARGET
32933,0.008
32713,0.95
90799,0.032
30990,0.996
110120,0.062
64879,0.514
86700,0.054
32599,0.528
42504,0.984
30559,0.37
97930,0.628
41814,0.62
83325,0.04
104376,0.546
57754,0.602
90016,0.108
19652,0.994
62811,0.434
47551,0.998
11370,0.5
70550,0.318
49494,0.148
124132,0.48
30807,0.986
112804,0.406
70340,0.556
27515,0.284
74851,0.13
23773,0.446
1905,0.828
36533,0.924
85121,0.054
49630,0.92
120981,0.942
52205,0.91
89516,0.064
46859,0.186
95029,0.374
33309,0.512
36372,0.976
46642,0.998
77876,0.092
27967,0.236
63091,0.976
112046,0.684
100185,0.35
75328,0.09
119761,0.132
18970,0.044
93993,0.292
16516,0.808
111056,0.128
104819,0.154
1834,0.556
81597,0.048
21208,0.008
104115,0.346
60668,0.784
77085,0.02
31114,0.532
44601,0.996
39482,0.886
35622,0.986
105276,0.276
111644,0.232
19609,0.976
46831,0.748
67796,0.34
97497,0.556
43621,0.928
21305,0.094
31350,0.994
25638,0.506
39958,0.488
116905,0.212
63544,0.958
71318,0.192
119726,0.436
98813,0.582
66351,0.46
94473,0.31
113650,0.864
12016,0.294
114787,0.454
59160,0.962
76200,0.082
77519,0.04
53197,0.492
12077,0.722
112146,0.576
87227,0.044
71274,0.128
91319,0.128
27975,0.726
34909,0.972
70008,0.704
8719,0.368
12879,0.208
78498,0.158
117980,0.274
86705,0.042
45665,0.984
101761,0.982
106773,0.988
49470,0.964
76997,0.068
122677,0.98
51579,0.32
75429,0.122
7196,0.282
57834,0.948
18762,0.994
60024,0.418
91935,0.05
37195,0.99
45366,0.85
78321,0.118
31308,0.102
219,0.088
37532,0.952
93392,0.666
21536,0.98
54080,0.244
22147,0.994
89698,0.078
92849,0.414
4855,0.926
12988,0.538
75952,0.016
92039,0.036
36456,0.918
98659,0.298
108163,0.12
56935,0.986
60366,0.85
33317,0.624
63699,0.994
92138,0.144
58368,0.922
52166,0.306
61821,0.882
54413,0.53
107351,0.992
109938,0.194
62470,0.982
24453,0.002
116107,0.778
27751,0.558
53375,0.968
57102,0.832
44187,0.618
54241,0.612
51642,0.766
70917,0.968
84722,0.006
25283,0.938
89106,0.028
116544,0.698
64814,0.504
70345,0.132
65943,0.776
88437,0.004
34393,0.786
71405,0.224
22288,0.99
71863,0.34
102765,0.254
45463,0.878
28616,0.69
16888,0.564
3345,0.142
10439,0.19
7506,0.372
117131,0.262
50448,0.674
47119,0.496
40832,0.996
58634,1.0
4825,0.968
107712,0.484
106090,0.212
95974,0.132
18969,0.002
24427,0.008
83219,0.082
31307,0.134
27371,0.396
20212,0.536
22287,0.954
55792,0.964
124159,0.908
49055,0.98
34595,0.996
38653,0.998
11365,0.122
62740,0.754
51615,0.32
96456,0.176
17369,0.132
28545,0.694
123930,0.904
12249,0.898
46122,0.996
82569,0.038
25517,0.98
49118,0.612
12387,0.634
1451,0.472
46907,0.99
62122,0.964
62793,0.882
80038,0.09
112769,0.224
13833,0.188
117387,0.288
98295,0.912
117040,0.56
69156,0.504
108383,0.138
80162,0.076
90487,0.018
57007,0.904
122164,0.892
98934,0.61
22013,0.752
121276,0.722
121619,0.82
66475,0.834
7160,0.704
101439,0.64
114406,0.386
25628,0.202
81898,0.154
93667,0.496
87454,0.036
85894,0.084
35880,0.988
33368,0.736
56837,0.372
9759,0.336
8980,0.382
86473,0.032
118492,0.684
29785,0.218
4954,0.87
94226,0.94
25787,0.068
100373,0.128
116172,0.926
89868,0.016
89622,0.084
91351,0.086
77755,0.084
46760,0.614
7767,0.826
120572,0.724
29163,0.874
62600,0.644
93316,0.22
121961,0.784
96668,0.984
81910,0.066
68634,0.59
31080,0.898
109041,0.182
99814,0.328
112044,0.872
81866,0.038
55253,0.462
5213,0.996
95650,0.268
3744,0.386
19020,0.592
64387,0.894
3803,0.156
72598,0.272
106969,0.32
7535,0.542
59700,0.976
9414,0.568
107049,0.996
117550,0.554
30168,0.26
119586,0.874
87756,0.038
99601,0.898
86645,0.01
115488,0.684
101469,0.226
361,0.238
49542,0.926
79688,0.156
95116,0.09
86092,0.086
70365,0.892
85203,0.012
27182,0.284
52390,0.484
40108,0.846
78524,0.278
101801,0.354
120810,0.862
29048,0.884
107985,0.322
18056,0.86
6486,0.658
92567,0.748
71959,0.072
56836,0.236
115995,0.676
27472,0.266
97544,0.62
63071,0.288
118130,0.174
28409,0.084
100355,0.112
23544,0.934
41256,0.992
119245,0.416
5537,0.212
73118,0.194
56043,0.98
118876,0.892
87033,0.1
8049,0.522
100268,0.142
110317,0.378
109547,0.138
14730,0.914
94952,0.206
107556,0.976
40891,0.828
112923,0.536
68243,0.894
64292,0.446
90716,0.04
55756,0.89
69880,0.512
122207,0.62
13677,0.154
11216,0.708
125008,0.442
46094,0.872
82982,0.042
96309,0.408
50725,0.4
70310,0.104
111706,0.29
50762,0.874
45479,0.484
41741,0.188
112337,0.666
51054,0.268
54007,0.248
53753,0.9
35644,0.972
21693,0.978
1142,0.99
53739,0.634
61790,0.476
121504,0.994
53204,0.492
79840,0.022
60801,0.908
56861,0.556
35442,0.982
36072,0.832
103482,0.552
7974,0.522
53790,0.486
77715,0.056
115484,0.706
17041,0.608
63378,1.0
97278,0.254
28267,0.556
40230,0.926
109173,0.222
30535,0.998
20064,0.006
60385,0.874
62868,0.276
90501,0.07
5504,0.65
112133,0.414
29687,0.43
42269,0.186
29780,0.21
43616,0.932
124180,0.894
120552,0.392
70654,0.374
49378,0.576
120663,0.864
58320,0.988
48923,0.978
50730,0.292
20011,0.994
103250,0.414
106599,0.442
85603,0.3
13879,0.294
49518,0.59
89656,0.02
83574,0.17
105497,0.536
6987,0.074
84233,0.072
37940,0.972
116121,0.69
17611,0.912
63593,0.986
89672,0.018
52326,0.536
65186,0.474
33111,0.324
98338,0.156
55349,0.93
35493,0.988
19361,0.188
47730,0.218
68589,0.286
46582,0.996
14105,0.99
2674,0.292
25523,0.99
69380,0.25
73812,0.54
1257,0.934
94076,0.998
111332,0.184
33737,0.224
69521,0.104
18350,0.032
90474,0.062
75125,0.078
90553,0.04
69738,0.988
78157,0.038
87841,0.028
84421,0.158
118956,0.71
66108,0.676
119135,0.394
123338,0.926
23169,0.462
62890,0.172
106330,0.994
79920,0.072
48441,0.99
118596,0.894
47171,0.144
30142,0.006
108793,0.084
29796,0.33
56601,0.812
37741,0.988
28003,0.292
30370,0.966
75940,0.11
38785,0.938
39206,0.846
62448,0.99
55860,0.65
17220,0.18
86088,0.068
17776,0.86
95778,0.264
89588,0.056
91781,0.012
17760,0.85
17920,0.982
67039,0.338
121532,0.686
84684,0.1
21718,0.99
41684,0.834
12458,0.276
99714,0.742
80551,0.06
118910,0.256
115054,0.69
90147,0.036
102832,0.224
49861,0.442
43627,0.978
113624,0.348
6118,0.04
61625,0.132
121100,0.596
66348,0.31
83750,0.016
30688,0.994
99555,0.578
8992,0.094
70278,0.492
20202,0.384
57207,0.792
99445,0.4
48072,0.264
99147,0.814
48526,0.992
80771,0.032
39126,0.992
103101,0.31
64584,0.968
71277,0.552
116747,0.642
117253,0.334
67175,0.842
125077,0.588
108462,0.604
63786,0.81
19351,0.784
51654,0.15
13345,0.776
75155,0.018
81559,0.136
24801,0.196
40662,0.99
121463,0.92
119125,0.338
67044,0.274
45915,0.994
57103,0.652
122494,0.75
73528,0.404
29546,0.322
7158,0.85
23549,0.982
57075,0.98
110550,0.098
14148,0.984
17092,0.406
53106,0.988
58354,0.646
83571,0.056
51975,0.444
94593,0.136
85879,0.148
103485,0.238
108903,0.086
94779,0.058
98859,0.682
119143,0.498
68547,0.914
112899,0.708
113971,0.864
13130,0.51
101883,0.208
21136,0.454
49106,0.53
93419,0.238
5714,0.086
94810,0.142
124653,0.882
117031,0.358
14996,0.752
86877,0.018
60824,0.828
101195,0.308
84374,0.078
114510,0.608
6711,0.774
53930,0.228
22124,0.992
123509,0.672
98259,0.788
19570,0.934
121090,0.524
99486,0.904
59319,0.932
71306,0.222
81240,0.02
51787,0.928
65834,0.622
93986,0.134
82169,0.032
60575,0.914
86347,0.054
68719,0.112
26267,0.78
90004,0.18
4080,0.96
13606,0.784
84653,0.022
32832,0.984
39723,0.236
14591,0.998
67656,0.452
70134,0.31
48068,0.122
35474,0.868
21292,0.072
12825,0.766
28645,0.47
24485,0.014
110810,0.038
12364,0.398
91271,0.074
67338,0.476
92167,0.626
99563,0.252
39023,0.99
48901,0.982
72970,0.906
101352,0.28
4644,0.764
66872,0.266
33268,0.216
52733,0.658
51720,0.324
87972,0.118
81181,0.074
37712,0.974
29181,0.856
45861,0.994
20002,0.974
39060,0.972
59055,0.986
177,0.996
46584,0.914
104156,0.162
22539,0.006
22687,0.654
8126,0.6
38153,0.848
65721,0.89
121815,0.75
79315,0.11
109390,0.058
88471,0.006
18722,0.956
35229,0.988
12202,0.364
12587,0.164
8440,0.362
84249,0.02
18127,0.998
82809,0.056
88603,0.01
80781,0.112
107589,0.41
26223,0.788
51885,0.154
2637,0.24
121546,0.964
122798,0.88
110865,0.064
88722,0.062
25620,0.08
57295,0.816
86591,0.004
3036,0.568
84328,0.032
116020,0.602
63628,0.988
4532,0.962
115456,0.78
42405,0.96
81165,0.14
111767,0.704
13838,0.328
50232,0.876
13987,0.71
40085,0.996
49290,0.916
14209,0.906
27900,0.368
12134,0.634
124788,0.442
102547,0.212
59420,0.924
2394,0.214
117203,0.17
46086,0.306
96986,0.282
104254,0.292
34989,0.976
35956,0.994
90615,0.024
72038,0.132
32481,0.744
98428,0.774
30325,0.816
39585,0.988
17495,0.966
94574,0.436
101756,0.882
115162,0.092
53985,0.434
76336,0.02
31204,0.97
55914,0.854
52903,0.094
96674,0.994
112289,0.572
74018,0.17
59607,0.994
41344,0.972
71599,0.43
101668,0.97
9558,0.264
79623,0.048
36045,0.974
98802,0.218
49827,0.394
104537,0.356
55036,0.418
115232,0.846
70369,0.212
54527,0.152
14004,0.954
24677,0.984
82793,0.038
79107,0.04
88565,0.062
76189,0.062
101501,0.376
60039,0.282
52913,0.046
63202,0.95
25490,0.97
87408,0.014
67711,0.14
80974,0.016
119056,0.324
67444,0.702
38846,0.986
3629,0.634
117302,0.174
104691,0.328
81048,0.048
111854,0.34
7460,0.514
116026,0.85
101819,0.476
8133,0.614
9767,0.742
33845,0.492
45956,0.994
34594,1.0
106212,0.696
21796,0.266
14788,0.994
79157,0.06
117092,0.816
44108,0.994
91317,0.132
77674,0.128
104568,0.926
21313,0.126
19713,0.276
105226,0.466
53005,0.912
78294,0.026
106894,0.98
41324,0.882
40761,0.458
121332,0.378
50098,0.772
116619,0.446
112927,0.242
62843,0.31
54799,0.896
114413,0.564
35200,0.992
82709,0.124
96027,0.658
117811,0.5
69424,0.336
59214,0.978
92887,0.998
16641,0.844
87929,0.07
50977,0.776
102296,0.126
2050,0.926
124551,0.87
59301,0.878
121585,0.972
36990,0.918
13703,0.172
11090,0.528
50545,0.862
105281,0.796
83120,0.136
102282,0.558
76762,0.07
118477,0.442
83000,0.028
72656,0.258
68436,0.786
71208,0.424
48758,0.174
99542,0.23
55031,0.484
5901,0.074
67276,0.762
49673,0.848
116866,0.608
45997,0.986
112998,0.644
28244,0.304
85893,0.158
93027,0.996
103109,0.24
532,0.596
26788,0.986
114342,0.198
114322,0.786
12763,0.612
73177,0.344
31869,1.0
42666,1.0
105358,0.99
109623,0.006
46498,0.978
101165,0.548
13656,0.882
8955,0.854
124072,0.934
19490,0.97
123258,0.994
69099,0.696
64594,0.564
122459,0.746
13469,0.296
24132,0.004
93293,0.246
58122,0.834
24444,0.0
81916,0.032
105241,0.822
60431,0.776
247,0.1
92184,0.516
9958,0.192
77618,0.076
54361,0.682
98299,0.36
7190,0.306
5052,0.99
67495,0.53
10741,0.432
27965,0.13
106444,0.596
94641,0.124
52759,0.584
67035,0.328
42885,1.0
80693,0.034
93718,0.736
88791,0.27
475,0.158
43664,0.794
26496,0.872
118765,0.564
86573,0.018
91235,0.082
31862,0.992
106251,0.998
101449,0.206
116854,0.198
81355,0.066
27281,0.134
123344,0.916
82335,0.044
2105,0.184
26887,0.822
59904,0.818
110609,0.122
64041,0.212
100968,0.262
20972,0.748
29952,0.006
28285,0.07
16599,0.164
25460,0.962
65189,0.656
71927,0.128
49839,0.56
24701,0.974
48829,0.998
105214,0.686
105820,0.14
68285,0.58
98190,0.994
71225,0.556
122674,0.76
51483,0.292
109979,0.102
46791,0.414
38973,0.988
120089,0.81
75454,0.05
42516,0.99
110803,0.11
111495,0.504
102537,0.888
45514,0.124
87311,0.084
25438,0.976
5950,0.04
77385,0.104
92518,0.786
38399,0.972
115009,0.92
85021,0.12
24196,0.986
59318,0.982
121410,0.762
46307,1.0
103174,0.712
59406,0.806
55666,0.23
111847,0.146
59738,0.966
29882,0.038
75032,0.01
66437,0.428
118024,0.378
106742,0.314
5198,0.996
20091,0.0
36893,0.938
85647,0.022
51442,0.518
111343,0.586
52225,0.842
114283,0.686
30338,1.0
33181,0.276
117427,0.354
47325,0.864
109514,0.226
107855,0.86
45687,0.992
69272,0.29
84657,0.008
27345,0.274
115417,0.464
89251,0.06
91137,0.11
27641,0.104
79533,0.074
51385,0.64
123054,0.966
50797,0.342
64563,0.278
51216,0.596
124175,0.986
23573,0.99
79092,0.064
92054,0.072
77453,0.05
85259,0.052
1214,0.966
69223,0.156
50835,0.13
56492,0.932
51344,0.28
84408,0.138
99683,0.754
25501,0.986
14200,0.99
93315,0.218
71687,0.094
53351,0.93
61346,0.992
122027,0.854
17185,0.766
22274,0.982
69352,0.402
121892,0.7
110264,0.094
34291,0.12
66901,0.2
84927,0.022
116115,0.828
22301,0.986
55555,0.924
11652,0.626
48175,0.85
12569,0.712
18219,0.9
41347,0.928
36773,0.984
77183,0.058
8545,0.956
26273,0.286
88776,0.034
18910,0.046
28936,0.946
35394,0.686
73200,0.284
26429,0.63
112393,0.258
106635,0.588
100468,0.482
31086,0.826
91237,0.152
53499,0.736
43307,0.648
115974,0.908
97212,0.442
89468,0.014
85990,0.048
25873,0.538
33028,0.004
52142,0.41
10523,0.064
66842,0.348
96734,0.952
33390,0.698
124728,0.47
9802,0.192
6534,0.106
24044,0.022
46633,0.98
54605,0.254
9916,0.732
5325,0.624
15833,0.052
88847,0.034
24380,0.724
32663,0.866
50332,0.414
30029,0.798
51776,0.474
84310,0.03
55694,0.298
42278,0.278
16290,0.566
49111,0.096
109129,0.136
121653,0.936
2461,0.304
6589,0.832
102824,0.412
15111,0.23
6858,0.95
12839,0.654
119439,0.286
87160,0.012
120804,0.78
72188,0.59
9493,0.29
47864,0.832
10898,0.274
76280,0.032
29060,0.526
48722,0.992
6545,0.134
97182,0.132
9282,0.194
91033,0.022
2844,0.234
19772,0.7
59571,0.984
121036,0.394
52673,0.34
124296,0.964
46754,0.346
93080,0.992
48137,0.91
11658,0.428
122349,0.752
70881,0.34
28684,0.514
13293,0.114
41140,0.998
64325,0.862
111962,0.678
15636,0.996
46210,0.996
109141,0.136
108409,0.592
2918,0.11
86007,0.054
564,0.368
23336,0.926
4860,0.892
88049,0.148
23290,0.874
62834,0.578
9994,0.278
19489,0.992
4696,0.908
63397,0.87
71646,0.71
46636,0.998
103405,0.236
99096,0.682
91332,0.008
62463,0.754
49852,0.688
53766,0.464
63118,0.78
49178,0.882
38028,0.992
88777,0.06
115408,0.722
93295,0.7
61706,0.16
65032,0.474
125042,0.9
65509,0.308
63714,0.994
98496,0.176
54236,0.29
87222,0.014
79679,0.076
70392,0.28
38940,0.886
39837,0.786
25030,0.31
72046,0.074
37412,0.98
28951,0.88
115863,0.768
24149,0.954
45877,0.998
39396,0.992
120203,0.62
89538,0.136
59640,1.0
26310,0.488
56840,0.24
12455,0.364
36807,0.98
70832,0.318
27430,0.722
45129,0.984
34977,0.992
82795,0.03
38132,0.444
77579,0.126
93065,0.996
118840,0.27
20736,0.324
44868,0.972
91588,0.072
27193,0.776
98480,0.252
95310,0.108
17340,0.816
52656,0.35
84094,0.026
108289,0.94
4534,0.952
34193,0.97
72959,0.99
447,0.09
98924,0.062
382,0.22
93421,0.208
50912,0.714
42385,0.148
61458,0.94
17113,0.75
47246,0.222
116446,0.656
96264,0.362
35495,0.994
87699,0.08
89405,0.056
37636,0.968
27758,0.166
18073,0.976
123349,0.278
3871,0.24
13075,0.97
32141,0.936
14753,1.0
112441,0.754
110518,0.026
55394,0.424
23565,0.99
7559,0.47
46847,0.49
91212,0.158
119806,0.426
118417,0.766
38952,0.976
52267,0.828
53002,0.962
10770,0.41
118755,0.264
120312,0.342
563,0.486
60764,0.978
35246,0.998
59116,0.844
81409,0.066
109851,0.168
90897,0.026
12041,0.73
45365,0.932
66688,0.236
1394,0.248
83298,0.07
123203,0.958
75301,0.14
69306,0.206
80075,0.058
37506,0.982
6861,0.978
69298,0.4
12069,0.774
96922,0.746
19529,0.818
84303,0.08
78990,0.09
122415,0.39
1887,0.974
116600,0.262
113421,0.832
118514,0.15
119860,0.106
3923,0.39
100437,0.246
60874,0.864
96870,0.588
58382,0.906
94392,0.876
72716,0.742
73587,0.554
36654,0.992
113658,0.914
108846,0.136
100411,0.428
64312,0.476
112279,0.482
61994,0.976
76418,0.082
6595,0.816
3521,0.24
115888,0.404
68233,0.422
32815,0.986
83560,0.01
64251,0.9
35217,0.992
8788,0.158
76586,0.142
62750,0.828
26012,0.498
20127,0.006
85805,0.064
92992,0.994
105995,0.498
38734,0.876
66630,0.114
88977,0.08
42696,0.998
32619,0.976
79086,0.012
12616,0.27
35105,0.992
90513,0.144
18427,0.288
92702,0.162
4395,0.96
13236,0.532
18366,0.014
22787,0.84
49402,0.96
85697,0.054
103926,0.682
36190,0.874
34140,0.488
22758,0.138
81776,0.032
9205,0.85
37469,0.988
92341,0.604
85149,0.108
122202,0.908
30615,0.978
94500,0.448
60831,0.938
96381,0.4
120970,0.902
41652,0.962
77064,0.054
33064,0.982
58700,0.936
49754,0.922
119664,0.15
111780,0.504
1131,0.648
91376,0.24
120466,0.232
114300,0.668
82164,0.072
22219,0.988
85451,0.106
98250,0.06
62109,0.974
123355,0.674
88284,0.046
55173,0.322
25522,0.978
107909,0.352
100486,0.862
73562,0.37
122332,0.898
18795,0.724
4402,0.96
92091,0.608
60720,0.228
62316,0.964
95133,0.588
4646,0.856
28611,0.538
5313,0.968
53322,0.99
45762,0.478
19907,0.06
95431,0.308
33198,0.776
59824,0.948
53207,0.726
80765,0.074
99296,0.298
49539,0.89
69054,0.846
119732,0.454
64564,0.394
99948,0.54
48706,0.996
80192,0.034
100404,0.488
95618,0.22
109143,0.084
8591,0.966
56795,0.866
102754,0.254
118162,0.744
71607,0.812
16675,0.702
48556,0.99
99986,0.172
106628,0.54
98835,0.326
28921,0.982
23052,0.478
103508,0.306
61915,0.858
80194,0.066
2265,0.798
44825,0.94
118733,0.636
28118,0.366
43961,0.758
15683,0.286
101304,0.104
62867,0.39
114455,0.884
79908,0.052
89087,0.016
66027,0.45
114824,0.282
24690,0.886
51802,0.938
10708,0.454
91942,0.008
67229,0.388
82955,0.12
77727,0.026
91534,0.116
55714,0.672
59925,0.748
99475,0.078
12303,0.798
16982,0.438
12331,0.464
91067,0.126
103040,0.118
8416,0.112
71564,0.388
104644,0.906
88863,0.02
117760,0.25
38603,0.89
124525,0.964
49867,0.366
50294,0.392
66318,0.838
86636,0.044
6768,0.196
99970,0.454
62522,0.986
97067,0.488
23444,0.582
52755,0.762
56791,0.902
47571,0.6
83797,0.088
104785,0.372
8599,0.946
57506,0.976
19194,0.968
113307,0.01
95265,0.098
98787,0.298
83703,0.028
22912,0.964
67894,0.5
58134,0.376
124013,0.792
95034,0.324
50812,0.792
18854,0.93
117108,0.746
87762,0.02
5139,0.954
86845,0.062
63508,0.898
100051,0.56
101637,0.84
82115,0.08
82303,0.082
113468,0.964
105377,0.964
65004,0.962
11898,0.338
110130,0.102
22082,0.538
11736,0.314
97482,0.958
91169,0.054
111848,0.284
8692,0.148
97990,0.12
99961,0.59
1089,0.864
61005,0.38
43923,0.94
105028,0.246
112798,0.52
101534,0.768
58854,0.38
9002,0.62
50428,0.23
71517,0.344
44810,0.974
115786,0.704
40800,0.834
83337,0.112
81641,0.048
65652,0.636
124067,0.832
80246,0.032
90468,0.154
49108,0.538
109502,0.2
62227,0.992
14857,0.104
107840,0.528
106758,0.622
66134,0.918
44272,0.958
38699,0.98
33145,0.884
113500,0.456
76996,0.06
24456,0.0
38781,0.484
22875,0.856
58212,0.752
32812,0.99
51644,0.172
3458,0.442
125028,0.46
60756,0.904
10235,0.578
48249,0.998
30004,0.096
100552,0.142
28410,0.084
70763,0.754
105373,0.982
118023,0.256
60851,0.976
104683,0.642
125132,0.756
117965,0.226
106470,0.57
47227,0.464
90875,0.062
113864,0.684
43995,0.996
92605,0.062
106705,0.098
1581,0.88
77191,0.014
121658,0.928
91812,0.002
104701,0.482
23857,0.25
35777,0.946
34267,0.222
120753,0.33
40243,0.984
4049,0.41
97143,0.36
2080,0.904
107274,0.404
25500,0.964
87442,0.1
1128,0.992
118392,0.656
39796,0.98
22707,0.522
13494,0.528
47116,0.362
30948,0.964
64628,0.818
2440,0.668
41882,0.302
94433,0.336
79764,0.012
82002,0.054
34608,0.974
49482,0.322
3609,0.112
78070,0.064
122229,0.35
63691,0.984
116236,0.81
11822,0.126
86187,0.104
115219,0.478
38173,0.382
123649,0.508
68514,0.43
95225,0.626
61990,0.448
36280,0.224
50527,0.98
72780,0.206
36142,0.998
70566,0.54
95805,0.14
10683,0.29
70913,0.902
94252,1.0
89296,0.012
103207,0.2
98450,0.198
54835,0.206
115336,0.756
54017,0.196
54227,0.264
107977,0.362
64889,0.332
74491,0.122
15866,0.93
82114,0.05
50419,0.334
107207,0.998
48761,0.782
27948,0.754
92107,0.786
105955,0.96
70529,0.352
23942,0.28
46756,0.372
86664,0.078
52416,0.334
64925,0.686
88152,0.04
80049,0.04
83210,0.016
29139,0.954
35945,0.974
101160,0.466
36920,0.936
93782,0.898
79466,0.112
86033,0.074
14198,0.912
98876,0.746
96669,0.752
38420,0.32
67833,0.2
79910,0.038
73301,0.346
43085,0.182
26485,0.338
58802,0.998
87782,0.082
78180,0.028
87977,0.044
2922,0.594
45725,0.122
14734,0.912
34534,0.984
115528,0.848
81088,0.036
121985,0.89
16435,0.206
48775,0.972
58324,0.958
23789,0.81
30800,0.996
3285,0.868
108528,0.41
3720,0.718
55116,0.864
38860,0.97
92507,0.384
32343,0.996
59344,0.872
79195,0.122
113114,0.054
116749,0.544
98535,0.35
53469,0.988
56860,0.58
42067,0.958
99395,0.08
109073,0.242
63078,0.932
68054,0.704
7343,0.898
67527,0.672
21611,0.966
23139,0.272
81250,0.088
2214,0.506
39517,0.936
100354,0.324
41927,0.99
69785,0.99
103658,0.294
56020,0.988
15997,0.134
21333,0.434
54617,0.714
28263,0.2
10829,0.83
29248,0.852
121832,0.214
49912,0.072
63130,0.972
90596,0.092
15231,0.906
56740,0.982
3029,0.814
111669,0.19
106666,0.238
122628,0.526
108171,0.958
35791,0.998
45190,0.35
104451,0.132
92193,0.196
95121,0.694
88924,0.002
1504,0.864
32281,0.186
9289,0.314
108399,0.232
22800,0.628
67972,0.322
53194,0.606
117334,0.74
7061,0.286
41859,0.336
24751,0.796
84796,0.046
3953,0.422
49210,0.93
24291,0.986
42238,0.954
99682,0.55
19104,0.462
32929,0.298
31351,0.924
83565,0.024
65495,0.752
36855,0.732
63640,0.992
40531,0.996
65422,0.044
85493,0.084
76467,0.18
26801,0.996
85039,0.098
111752,0.95
95639,0.426
17746,0.502
50626,0.816
11350,0.63
87124,0.008
77224,0.008
22673,0.954
31157,0.152
80739,0.15
27173,0.356
87961,0.01
65317,0.932
84431,0.072
124151,0.872
7149,0.742
5991,0.078
73055,0.972
26682,0.992
120923,0.352
6448,0.14
40925,0.994
72376,0.634
122535,0.852
59295,0.864
6283,0.802
21747,0.998
20658,0.972
46499,0.996
96595,0.586
69611,0.964
109620,0.088
30831,0.986
26051,0.494
89773,0.022
11883,0.234
20336,0.992
78922,0.152
97840,0.094
14732,1.0
16144,0.968
33934,0.944
5074,0.974
4832,0.906
1096,0.408
29029,0.748
36315,0.714
97558,0.042
34000,0.97
64773,0.602
91424,0.132
33048,0.938
110625,0.01
20047,0.974
15609,0.998
17878,0.95
6331,0.826
502,0.946
84471,0.068
938,0.898
113312,0.016
87331,0.078
4574,0.964
80172,0.02
92735,0.472
85673,0.244
105853,0.3
97021,0.96
122178,0.614
112246,0.524
102203,0.5
68091,0.378
37477,0.728
63900,0.736
107170,0.99
18297,0.982
65572,0.882
5057,0.984
4182,0.714
72485,0.682
44582,0.966
606,0.976
102237,0.922
89137,0.094
98770,0.314
4857,0.916
45462,0.942
55590,0.58
18750,0.938
103407,0.312
24685,0.996
82000,0.042
117613,0.824
9814,0.394
49431,0.174
25195,0.994
99919,0.224
53379,0.978
65840,0.924
13932,0.732
27854,0.414
114646,0.782
98143,0.552
89688,0.05
69478,0.564
23447,0.25
16548,0.826
2070,0.924
101026,0.144
53119,0.976
3192,0.186
85487,0.028
117739,0.792
98045,0.264
87173,0.03
100535,0.128
9359,0.438
56520,0.94
22768,0.872
15767,0.096
42359,0.746
16637,0.864
13849,0.358
21781,0.738
73652,0.456
64666,0.952
69196,0.458
103604,0.386
11903,0.344
63680,0.64
45383,0.556
33470,0.836
117745,0.764
60560,0.984
51461,0.906
68597,0.362
88680,0.07
77124,0.028
88589,0.046
69756,0.976
45046,0.94
49596,0.974
34238,0.996
33453,0.936
72431,0.646
16076,0.398
116491,0.8
25582,0.358
39751,0.972
98544,0.626
88505,0.188
60845,0.992
5540,0.604
47338,0.988
122792,0.638
30198,0.842
123467,0.906
22483,0.892
90389,0.054
46505,0.964
114798,0.75
71206,0.28
100852,0.59
85707,0.014
25829,0.026
69328,0.36
65882,0.526
23959,0.652
63029,0.944
32124,0.992
43031,0.99
45296,0.954
50104,0.162
85218,0.016
19862,0.002
23079,0.472
21793,0.652
73311,0.104
22443,0.994
114183,0.612
5100,0.978
11932,0.202
78822,0.074
20664,0.99
87026,0.158
1498,0.866
98282,0.218
109456,0.02
21615,0.968
98316,0.642
46762,0.628
4913,0.954
123565,0.85
48907,0.884
73498,0.636
17127,0.694
54537,0.284
103516,0.662
83220,0.02
84598,0.05
35203,0.978
97166,0.096
97833,0.098
25894,0.24
28441,0.156
653,0.994
65818,0.566
91788,0.04
110350,0.292
68144,0.504
62101,0.99
69701,0.804
32235,0.992
107238,1.0
17946,0.988
39383,0.992
101870,0.41
111795,0.232
7936,0.294
396,0.838
15150,0.676
63746,0.994
96535,0.094
37799,0.978
43004,0.986
6370,0.93
107185,0.904
124135,0.562
123826,0.196
120535,0.59
26727,0.154
35052,0.998
114488,0.118
91437,0.128
74304,0.226
94748,0.292
18951,0.006
69301,0.136
38083,0.998
65430,0.02
72814,0.25
47976,0.906
32338,0.968
100303,0.344
83787,0.088
114260,0.778
36049,0.96
37234,0.99
56175,0.994
42949,0.994
36447,0.97
9596,0.99
82816,0.044
123942,0.864
62829,0.782
108434,0.37
37719,0.988
87234,0.118
30025,0.14
104671,0.608
62014,0.964
63204,0.982
44929,0.842
10278,0.202
60081,0.972
34317,0.236
12459,0.28
89914,0.036
90349,0.108
13183,0.598
65065,0.786
76598,0.104
120202,0.898
120879,0.52
55684,0.796
109548,0.158
24180,0.982
56974,0.982
80862,0.022
97513,0.974
90493,0.024
81280,0.026
33084,0.984
59719,0.99
106485,0.3
121895,0.816
95188,0.248
90767,0.006
55524,0.804
16043,0.078
81293,0.058
11228,0.226
10467,0.092
85516,0.02
8671,0.684
26941,0.87
73059,0.97
25676,0.268
43106,0.56
2366,0.942
117024,0.186
113534,0.368
34018,0.31
109742,0.094
106243,0.992
82734,0.098
75738,0.146
71707,0.324
91596,0.128
44813,0.442
8357,0.094
94786,0.094
60944,0.93
77315,0.004
47431,0.406
69788,0.992
61412,0.332
86875,0.1
78996,0.048
116784,0.582
121144,0.372
52481,0.796
103246,0.49
48063,0.218
38563,0.972
18909,0.0
78636,0.018
7687,0.398
41060,0.99
88531,0.002
118864,0.714
80415,0.19
97549,0.32
101127,0.536
114163,0.55
3064,0.898
63860,0.85
28993,0.804
124982,0.326
64935,0.334
72909,0.506
81574,0.052
77612,0.032
11906,0.306
102543,0.472
92667,0.584
56444,0.942
26109,0.322
121782,0.72
69158,0.822
44535,0.99
83954,0.052
75282,0.106
61510,0.752
77706,0.1
111750,0.934
121106,0.332
31935,0.972
46818,0.206
92034,0.1
54906,0.98
1908,0.952
12930,0.198
6652,0.324
116890,0.224
54164,0.71
43130,0.942
9428,0.734
14313,0.07
68521,0.268
25913,0.416
53416,0.938
120029,0.766
2469,0.278
62484,0.972
75907,0.072
12856,0.644
23403,0.902
81207,0.128
83732,0.098
2403,0.344
83208,0.04
45026,0.836
63121,0.688
112715,0.254
23580,0.998
90605,0.084
9442,0.232
123532,0.792
22410,0.988
25106,0.996
102101,0.546
97765,0.138
81118,0.022
32566,0.772
35851,0.926
72819,0.376
34997,0.998
10843,0.068
86754,0.052
1549,0.542
110551,0.246
33759,0.15
97127,0.716
91915,0.03
29894,0.04
26675,0.97
38931,0.942
100179,0.404
96865,0.398
51250,0.33
99856,0.24
43348,0.996
29625,0.386
106411,0.574
45177,0.188
4219,0.996
4864,0.536
37468,0.978
107475,0.236
113741,0.36
34353,0.33
86532,0.118
99226,0.098
16236,0.868
120399,0.138
37738,0.982
66891,0.242
10453,0.058
5471,0.946
15792,0.15
60701,0.982
82350,0.024
52064,0.92
103169,0.118
109993,0.118
39178,0.964
74158,0.276
103597,0.588
5709,0.784
79748,0.19
91931,0.022
122752,0.478
37257,0.996
101029,0.06
97028,0.792
31301,0.18
43556,0.916
28211,0.368
15824,0.166
97711,0.328
30205,0.33
72347,0.164
91411,0.044
123847,0.76
2526,0.382
72746,0.406
25072,0.968
46835,0.818
22517,0.018
24994,0.838
112865,0.224
23513,0.992
122190,0.874
14225,0.296
77984,0.084
30970,0.956
113105,0.674
77940,0.008
63831,0.414
104431,0.44
122971,0.438
97834,0.092
82497,0.114
85793,0.026
117617,0.578
16651,0.812
80239,0.114
24253,0.956
3908,0.91
10154,0.028
104320,0.594
98108,0.284
52663,0.284
83164,0.026
52714,0.234
8853,0.616
20042,0.988
14639,0.996
12084,0.38
45866,0.99
20654,0.998
66990,0.478
118239,0.534
551,1.0
38290,0.986
70447,0.172
119606,0.626
85448,0.314
5817,0.448
55900,0.722
124786,0.816
13549,0.224
36601,0.996
100034,0.056
54304,0.92
20484,0.704
22258,0.99
83302,0.01
111099,0.17
60880,0.952
105309,0.558
75160,0.044
115311,0.626
17873,0.994
113524,0.312
27120,0.372
49658,0.502
91764,0.08
123884,0.826
70247,0.632
36057,0.93
32388,0.984
6338,0.892
82334,0.106
31411,0.66
49791,0.96
76141,0.032
117900,0.688
36761,0.988
95757,0.402
15620,1.0
56015,0.974
19554,0.93
16594,0.724
63817,0.56
2925,0.48
55493,0.802
107279,0.502
108203,0.922
9614,0.99
93476,0.118
40026,0.408
15320,0.174
47678,0.938
110738,0.02
122825,0.94
89376,0.128
56952,0.96
37029,1.0
10104,0.862
25041,0.464
107234,1.0
51824,0.972
93471,0.83
19672,0.978
108711,0.052
111274,0.212
20223,0.566
17351,0.848
88200,0.074
95166,0.078
58498,0.918
49616,0.934
47281,0.136
35120,0.976
51687,0.594
36677,0.95
31606,0.976
101106,0.798
19304,0.24
5064,0.998
43134,0.928
47737,0.882
48513,0.984
12121,0.3
93678,0.758
54025,0.714
83069,0.032
17479,0.988
49669,0.53
88304,0.012
69276,0.692
66075,0.492
36032,0.894
103668,0.38
99286,0.184
95475,0.378
91422,0.06
39309,0.86
10561,0.056
27963,0.692
110233,0.124
23373,0.846
90288,0.038
26240,0.438
53287,0.438
76699,0.044
120596,0.854
91409,0.022
42921,0.944
89168,0.024
120354,0.592
20353,0.966
99268,0.312
123315,0.922
61669,0.144
59570,0.998
88663,0.05
59595,0.996
92850,0.214
65871,0.974
119685,0.878
52022,0.226
73366,0.138
116483,0.804
100892,0.854
34567,0.994
31333,0.538
66167,0.808
75479,0.026
61813,0.984
119253,0.272
54626,0.672
29522,0.32
124896,0.992
76059,0.104
40987,0.978
97755,0.178
937,0.994
62493,0.946
49744,0.308
82792,0.062
34472,0.676
53543,0.434
47494,0.988
70689,0.774
55107,0.9
6958,0.32
48338,0.964
76078,0.024
10505,0.816
24550,0.03
57169,0.916
30530,0.994
98942,0.098
33066,0.99
93206,0.684
105371,0.902
25182,0.992
56484,0.5
72587,0.292
97144,0.566
107410,0.49
61073,0.916
76246,0.114
3847,0.576
21656,0.992
120772,0.44
18322,0.0
47705,0.966
8267,0.734
19736,0.08
22496,0.872
60224,0.382
96306,0.44
14707,0.996
77780,0.07
44104,0.92
106536,0.646
40381,0.952
60213,0.246
20350,0.954
24136,0.014
39794,0.994
78037,0.016
104304,0.226
87205,0.038
46080,0.59
104167,0.31
77377,0.076
34121,0.904
112689,0.708
121128,0.616
71293,0.752
69064,0.554
108391,0.242
29799,0.898
14451,1.0
39058,0.996
31396,0.99
68353,0.7
70343,0.286
45980,0.848
77217,0.018
93968,0.51
74520,0.084
11459,0.194
33976,0.944
98311,0.804
76012,0.158
107500,0.324
66716,0.63
99849,0.34
120380,0.604
53712,0.294
81041,0.014
103561,0.406
13965,0.118
29326,0.77
2849,0.412
107889,0.494
100790,0.3
12014,0.198
62198,0.89
114759,0.872
20755,0.71
106845,0.976
112726,0.78
98184,0.99
111885,0.086
72862,0.224
20246,0.964
77356,0.03
72512,0.868
55199,0.684
107252,1.0
29750,0.488
9259,0.444
49279,0.796
79310,0.078
24709,0.984
2600,0.836
19581,0.626
103203,0.39
18883,0.654
71598,0.674
24691,0.976
35315,0.568
56370,0.93
54128,0.744
64103,0.204
102414,0.452
59834,0.99
104393,0.644
56124,0.996
13514,0.914
68451,0.384
97615,0.418
111863,0.41
73624,0.65
17107,0.482
68863,0.096
25993,0.192
102962,0.068
30769,0.994
74828,0.41
52633,0.362
21070,0.198
9839,0.208
11361,0.248
48271,0.13
70583,0.188
100783,0.556
27647,0.324
96213,0.552
17571,0.44
98185,0.932
83336,0.014
81009,0.172
111219,0.43
719,0.938
32519,0.12
110736,0.034
39608,0.966
65257,0.154
64403,0.992
119904,0.594
108478,0.36
99554,0.586
112310,0.294
48081,0.266
51404,0.224
56729,0.874
12066,0.752
4840,0.932
81783,0.044
124820,0.926
111221,0.43
118794,0.358
67344,0.358
91297,0.046
123889,0.818
110910,0.072
114114,0.344
53086,0.942
51220,0.21
71741,0.822
53656,0.62
21787,0.69
89766,0.024
111032,0.11
52928,0.324
57815,0.99
114044,0.722
7455,0.49
13874,0.454
70454,0.214
107549,0.992
38159,0.944
26318,0.398
116157,0.856
66884,0.152
94409,0.308
66892,0.26
28930,0.836
1964,0.284
13150,0.528
85736,0.006
55214,0.682
93429,0.214
77588,0.004
89783,0.01
71842,0.138
58555,1.0
32357,1.0
17153,0.332
35185,0.678
56070,0.992
90134,0.07
87924,0.116
93222,0.894
23530,0.996
50056,0.692
116685,0.802
1281,0.986
123057,0.918
113119,0.566
25946,0.204
15466,0.99
71925,0.064
99880,0.19
24111,0.0
58792,0.998
67005,0.376
7180,0.394
64319,0.64
105996,0.486
78003,0.036
123151,0.634
25918,0.478
98212,0.826
7073,0.266
119430,0.646
91018,0.076
72850,0.156
4882,0.966
12593,0.17
94146,0.992
76572,0.134
31361,0.976
46501,0.974
98101,0.06
53206,0.44
63562,0.952
17835,0.63
14949,0.8
65790,0.668
23626,0.996
56463,0.916
69084,0.57
65556,0.806
52161,0.34
94568,0.38
31912,0.17
72129,0.154
26087,0.69
20884,0.654
61964,0.888
19996,0.988
90869,0.01
113908,0.21
40276,0.99
57553,0.814
61411,0.804
19205,0.832
108836,0.062
24118,0.016
65219,0.186
81692,0.024
32467,0.942
42991,0.956
88786,0.076
106906,0.93
24958,0.412
112462,0.22
77264,0.07
32922,0.88
103379,0.526
108897,0.45
25496,0.988
16847,0.76
31098,0.532
83922,0.034
90120,0.074
110287,0.248
35197,0.912
2205,0.792
95735,0.444
2373,0.778
95577,0.43
114280,0.532
29487,0.656
108935,0.122
70710,0.18
56845,0.512
53879,0.236
87280,0.07
6531,0.142
109230,0.312
26477,0.156
100964,0.384
51690,0.226
101351,0.114
29253,0.894
91219,0.098
105867,0.248
97086,0.298
96939,0.868
91037,0.022
87220,0.036
18478,0.186
101573,0.482
29991,0.004
105657,0.35
54733,0.616
64567,0.184
80700,0.22
100320,0.624
7772,0.336
24985,0.86
121931,0.334
29019,0.222
69316,0.53
24901,0.008
30186,0.758
80329,0.096
111408,0.2
69544,0.334
73857,0.336
112957,0.248
10526,0.372
71605,0.306
53537,0.788
9728,0.17
86073,0.064
1564,0.598
101684,0.092
87864,0.116
62438,0.998
70289,0.574
86844,0.01
76194,0.052
92911,0.996
2158,0.366
57967,0.966
108734,0.04
12130,0.426
83970,0.056
58655,0.948
102696,0.276
77981,0.034
61955,0.95
5190,0.98
91562,0.106
49891,0.556
78254,0.044
34829,0.898
89290,0.004
44889,0.998
122131,0.618
19227,0.77
47521,0.95
73145,0.918
20647,0.988
58250,0.994
88431,0.028
111369,0.33
42574,0.992
30313,1.0
18539,0.42
110372,0.078
84011,0.048
1227,0.988
101216,0.062
66236,0.212
121723,0.946
116556,0.602
31190,0.944
95563,0.11
84247,0.008
22682,0.478
10482,0.64
31193,0.986
81212,0.046
60343,0.478
24596,0.014
24950,0.958
65452,0.83
110645,0.024
38716,0.796
2392,0.132
43002,1.0
99109,0.348
52010,0.656
84420,0.06
54686,0.99
103996,0.166
47223,0.842
87814,0.096
81601,0.032
102528,0.67
38770,0.976
78956,0.104
36306,0.988
119622,0.856
21800,0.296
67995,0.452
103971,0.378
72254,0.402
86814,0.05
29185,0.158
105406,0.998
104696,0.78
102273,0.338
67457,0.256
38638,0.894
122215,0.232
41519,0.996
67773,0.846
104083,0.334
114487,0.222
30301,0.99
113836,0.414
39176,0.952
59618,0.988
109581,0.08
33841,0.658
41317,0.992
26715,0.688
54401,0.936
49856,0.3
43522,0.974
122117,0.63
9880,0.304
114166,0.268
87028,0.148
38640,0.986
49705,0.988
68106,0.608
45482,0.45
32273,0.304
91028,0.04
109427,0.16
13885,0.212
35739,0.992
51978,0.346
120900,0.838
117735,0.798
23114,0.836
18149,0.996
7753,0.296
43274,0.982
100153,0.208
106193,0.934
14661,0.996
39318,0.818
89404,0.17
40981,0.984
24010,0.158
98702,0.192
106008,0.688
79984,0.014
67806,0.64
69219,0.242
61789,0.314
91826,0.036
88018,0.02
19615,0.882
107158,0.998
38654,0.986
15859,0.882
35861,0.924
19282,0.79
7155,0.544
98040,0.128
112937,0.408
103350,0.606
25908,0.93
21236,0.002
68115,0.734
18647,0.34
49405,0.924
41830,0.392
100728,0.106
30156,0.034
64389,0.81
80476,0.078
82443,0.068
3070,0.93
17312,0.6
53626,0.216
105716,0.292
83019,0.032
51770,0.87
70175,0.436
40547,0.974
56148,0.826
46046,0.334
9283,0.218
85970,0.012
60811,0.932
11595,0.106
98987,0.346
78590,0.09
109808,0.266
95770,0.73
80294,0.144
99140,0.398
9057,0.304
85344,0.094
3934,0.092
72812,0.844
71812,0.394
93466,0.34
100521,0.112
103890,0.634
102173,0.95
13229,0.214
112312,0.612
80388,0.04
95726,0.08
356,0.192
7826,0.16
104580,0.582
123829,0.276
116646,0.752
112947,0.82
39423,0.996
34007,0.186
7880,0.182
60054,0.872
91064,0.066
115607,0.678
75013,0.04
1719,0.608
65850,0.982
56152,0.98
48020,0.442
35816,1.0
10348,0.328
45836,0.39
119341,0.722
37418,0.982
104820,0.634
51207,0.636
69585,0.636
29453,0.392
87391,0.052
30054,0.232
105568,0.398
50329,0.206
75110,0.074
108281,0.444
53940,0.522
23434,0.156
82557,0.032
6021,0.132
66383,0.598
6767,0.554
27744,0.132
49837,0.78
61583,0.934
46772,0.2
38276,0.962
4674,0.986
67837,0.264
120511,0.828
69823,0.938
68422,0.376
11317,0.52
22992,0.49
15046,0.67
21039,0.568
26403,0.552
9421,0.274
39428,0.38
39217,0.978
45145,0.052
79983,0.028
64703,0.936
27983,0.868
62616,0.87
119549,0.938
86659,0.054
101138,0.704
41665,0.152
15211,0.284
83761,0.044
58391,0.828
43512,0.982
6033,0.066
72364,0.372
111728,0.668
46863,0.472
32770,0.884
24741,0.974
110333,0.17
58081,0.866
79453,0.03
81524,0.148
111516,0.3
98848,0.116
49342,0.888
7721,0.156
36846,0.984
101036,0.116
60806,0.778
54216,0.346
110942,0.234
22536,0.002
4967,0.96
103403,0.14
82870,0.024
114330,0.746
74758,0.522
14965,0.174
37407,0.976
36721,0.988
101502,0.366
47779,0.938
16128,0.426
6068,0.752
67649,0.424
101579,0.612
98977,0.242
32127,0.982
73182,0.42
119320,0.974
77910,0.18
77507,0.222
68381,0.548
76207,0.066
109044,0.232
114295,0.734
65192,0.556
80508,0.044
113884,0.468
24479,0.024
124938,0.896
65126,0.81
115000,0.782
17141,0.422
99167,0.704
43316,0.988
110343,0.126
1469,0.316
924,0.962
63349,0.378
2117,0.702
7356,0.768
92290,0.812
103247,0.254
63934,0.324
98241,0.088
66915,0.474
86568,0.034
72694,0.668
106805,0.976
36578,0.992
22940,0.962
121349,0.862
17958,0.98
84323,0.018
104846,0.526
82867,0.042
114792,0.788
121095,0.522
73297,0.368
77913,0.09
108433,0.31
36124,0.982
77732,0.094
60001,0.9
12959,0.618
31952,0.98
68557,0.966
68938,0.204
109956,0.286
87750,0.102
9141,0.886
81622,0.03
93454,0.162
10007,0.162
16864,0.744
106665,0.23
84833,0.06
90427,0.02
107023,0.998
56289,0.888
91281,0.058
43617,0.974
94002,0.788
25485,0.948
114820,0.294
23414,0.316
74130,0.078
6735,0.37
6049,0.686
51489,0.566
123272,0.978
16472,0.608
77976,0.024
2546,0.296
109556,0.036
122976,0.586
38102,0.988
93922,0.388
95760,0.256
84926,0.132
71677,0.786
35876,0.684
77667,0.034
63312,0.838
110995,0.13
80696,0.122
39241,0.892
117901,0.788
2948,0.592
81156,0.128
114258,0.536
104860,0.652
84352,0.01
61221,0.804
44599,0.964
113369,0.02
47413,0.25
10873,0.456
108910,0.094
26455,0.964
120266,0.958
4555,0.44
23036,0.956
65215,0.928
18220,0.99
68594,0.36
103934,0.752
23787,0.582
245,0.104
4428,0.906
22430,0.974
116597,0.558
125160,0.854
86829,0.284
54750,0.668
119502,0.794
30175,0.836
44626,0.958
94739,0.15
86450,0.008
47904,0.856
84234,0.046
12108,0.41
102143,0.318
70451,0.27
31284,0.11
122993,0.186
53059,0.988
105572,0.144
88955,0.05
67988,0.492
64744,0.566
120710,0.564
39827,0.334
115540,0.232
23508,0.986
78572,0.024
59387,0.846
120111,0.266
16757,0.856
71027,0.162
82606,0.072
9024,0.13
5256,0.99
74990,0.138
86661,0.062
116849,0.524
105113,0.716
55265,0.976
46615,0.986
13125,0.99
78225,0.116
99093,0.616
5644,0.504
112436,0.618
93389,0.73
12704,0.55
100001,0.326
59037,0.976
103547,0.748
28090,0.53
33631,0.05
16854,0.526
40143,0.774
104149,0.184
92331,0.49
67848,0.186
24189,0.708
53563,0.226
118474,0.262
117036,0.256
85812,0.006
94844,0.144
74923,0.396
113973,0.432
11650,0.18
31207,0.988
18021,0.794
113670,0.53
43628,0.992
1052,0.992
116802,0.82
283,0.89
117391,0.566
23072,0.1
25651,0.016
41370,0.064
50102,0.81
18453,0.364
62486,0.946
33439,0.464
1734,0.196
77214,0.05
7176,0.154
36741,0.982
19808,0.348
69513,0.606
44663,0.99
39920,0.994
54075,0.162
10755,0.212
96414,0.35
27354,0.104
28115,0.868
87940,0.046
12830,0.614
75953,0.09
47761,0.672
85501,0.172
79631,0.05
80381,0.022
113996,0.126
64189,0.192
8359,0.568
28068,0.612
75381,0.142
85144,0.066
60872,0.978
119915,0.476
60326,0.768
89704,0.036
68604,0.284
98286,0.896
6085,0.554
37867,0.986
85033,0.056
106837,0.982
66599,0.236
16283,0.81
17431,0.494
37615,0.806
96824,0.45
41492,0.998
17067,0.154
103338,0.134
122877,0.764
119647,0.208
74962,0.152
88118,0.06
33884,0.02
113951,0.932
18278,0.99
103674,0.658
31983,0.136
84013,0.016
44128,0.97
55225,0.628
35100,0.956
83366,0.02
117395,0.49
20468,0.494
52862,0.786
28842,0.554
65706,0.234
8469,0.598
85156,0.066
58461,0.958
33676,0.974
55381,0.916
9157,0.798
29031,0.506
90469,0.142
118384,0.662
3210,0.434
36231,0.358
104694,0.49
9536,0.526
100484,0.338
110731,0.348
94352,0.79
73238,0.34
119786,0.288
57957,0.972
69179,0.362
95254,0.128
117308,0.778
82126,0.02
47214,0.092
75982,0.102
102552,0.32
103662,0.604
75855,0.074
1426,0.196
87211,0.01
120279,0.72
38237,0.992
120822,0.23
92539,0.558
10977,0.214
22326,0.978
40719,0.998
91666,0.056
8683,0.268
27631,0.042
62719,0.832
16666,0.216
90104,0.058
41149,0.954
7458,0.544
89934,0.014
61442,0.948
45884,0.996
45141,0.812
7104,0.136
99271,0.31
93887,0.42
1516,0.94
86427,0.026
49870,0.702
102164,0.94
25950,0.25
113257,0.012
74933,1.0
62959,0.884
68901,0.5
112531,0.62
45655,0.93
29908,0.002
70708,0.162
21369,0.994
31488,0.948
52340,0.738
81592,0.064
124387,0.886
49530,0.516
70461,0.214
20989,0.828
14898,0.032
78394,0.122
43576,0.612
83323,0.086
86996,0.014
82527,0.024
115139,0.856
26623,0.698
2788,0.14
29471,0.424
72723,0.958
73714,0.114
18462,0.594
87040,0.036
58653,0.996
110230,0.212
117763,0.734
114437,0.918
59186,0.986
10102,0.558
69770,0.896
6046,0.692
38209,0.95
25870,0.762
23168,0.538
58367,0.672
66810,0.468
86819,0.038
118374,0.566
104875,0.15
61654,0.276
44694,0.236
78161,0.076
33655,0.368
58715,0.98
88135,0.02
6388,0.304
102731,0.214
97487,0.958
81292,0.064
48438,0.996
15270,0.036
92289,0.27
93499,0.414
80973,0.052
52377,0.908
41426,0.99
1505,0.794
18228,0.982
66206,0.34
36283,0.602
112932,0.82
16040,0.906
89537,0.022
54943,0.976
108780,0.234
80731,0.044
27887,0.06
48543,1.0
84061,0.04
14571,1.0
119538,0.798
36690,0.876
85595,0.066
42875,1.0
111386,0.086
51447,0.852
109144,0.084
9151,0.346
44410,0.988
38476,0.474
74603,0.994
116453,0.856
25448,0.988
70268,0.414
101128,0.864
82434,0.036
17997,0.24
36376,0.994
107088,0.952
31905,0.5
118412,0.638
5656,0.402
52201,0.88
55351,0.974
66291,0.742
30515,1.0
44022,0.962
122546,0.554
59484,0.972
122432,0.852
41197,1.0
69683,0.988
111294,0.058
40759,0.64
76609,0.036
114379,0.108
67239,0.652
1382,0.762
38853,0.966
1744,0.676
7894,0.44
54368,0.956
35127,0.99
34031,0.096
107892,0.56
3329,0.378
97548,0.404
120891,0.712
76541,0.046
50027,0.53
12543,0.324
102251,0.202
91356,0.018
87512,0.048
21588,0.958
18103,0.968
87525,0.084
112478,0.786
15987,0.694
81303,0.086
6188,0.842
2391,0.19
57077,0.974
70963,0.108
100680,0.776
106535,0.848
101385,0.544
93517,0.534
38633,0.984
89547,0.164
118152,0.744
23999,0.194
76384,0.018
10537,0.31
42745,0.912
48366,0.99
99245,0.348
70890,0.558
18975,0.01
30380,0.992
38344,0.996
108220,0.988
74984,0.018
15233,0.85
61024,0.358
39350,0.972
55170,0.53
44812,0.924
11252,0.918
506,0.632
65748,0.354
5807,0.738
49288,0.846
7127,0.43
28579,0.79
111549,0.106
70280,0.24
100850,0.352
31785,0.986
66568,0.076
32184,0.99
107447,0.21
18138,1.0
23943,0.726
91415,0.048
78224,0.08
37002,0.972
116740,0.192
18763,0.982
123788,0.378
83172,0.188
42285,0.186
45662,0.558
47544,0.986
37357,0.468
62715,0.85
31827,0.862
75228,0.076
74396,0.35
18393,0.002
32375,0.994
6080,0.424
82360,0.008
100380,0.192
25789,0.09
120853,0.276
6875,0.934
8363,0.372
96209,0.324
53008,0.986
78497,0.152
88726,0.06
120867,0.61
3870,0.6
95842,0.504
46585,0.972
11041,0.136
97426,0.962
53018,0.958
47680,0.422
2854,0.392
32931,0.07
9954,0.14
81433,0.076
74749,0.494
41689,0.9
71634,0.336
78346,0.076
53292,0.774
72026,0.49
40746,0.852
50107,0.268
80430,0.058
104063,0.602
64582,0.256
53475,0.768
18579,0.35
40033,0.976
79898,0.046
32530,0.334
120968,0.874
69603,0.968
53508,0.72
64492,0.99
48475,0.982
78781,0.122
61358,0.992
62703,0.68
124886,0.978
100629,0.308
122796,0.562
5726,0.436
11467,0.148
32358,0.996
114825,0.494
14995,0.85
33025,0.094
4567,0.954
42196,0.984
5234,0.626
62833,0.756
77892,0.092
5923,0.082
113302,0.008
117899,0.75
33326,0.358
73487,0.26
62131,0.976
21771,0.484
5465,0.96
77338,0.032
58673,0.818
9804,0.524
111502,0.246
77697,0.078
66276,0.356
42860,0.966
14157,0.994
83973,0.016
116748,0.224
75485,0.0
52648,0.958
37623,0.99
70287,0.77
91896,0.014
74497,0.242
6989,0.636
95388,0.162
108775,0.242
88553,0.046
65511,0.288
38956,0.98
99800,0.374
76239,0.108
87847,0.026
3292,0.866
106172,0.508
115022,0.448
106966,0.374
33415,0.866
19892,0.002
31309,0.14
118664,0.768
97081,0.128
64843,0.288
81752,0.146
59242,0.24
25944,0.794
96097,0.112
67537,0.738
53380,0.988
119571,0.242
124279,0.856
119086,0.066
30348,0.956
12372,0.744
53954,0.234
115335,0.342
8751,0.286
72905,0.342
37297,0.836
19725,0.446
4922,0.968
99375,0.042
15542,0.998
61297,0.974
89514,0.168
54215,0.85
62628,0.538
14362,0.084
44927,0.94
32275,0.382
36974,0.952
56310,0.948
11169,0.328
110692,0.146
17644,0.808
92753,0.24
34674,0.98
81334,0.118
6454,0.178
116062,0.884
114502,0.138
39930,0.984
57262,0.998
33015,0.048
63655,0.996
5144,1.0
62908,0.906
13356,0.212
44638,0.952
41290,0.464
106685,0.444
69609,0.962
48131,0.93
64196,0.188
79204,0.11
87490,0.02
35803,0.992
101394,0.306
64024,0.634
18546,0.602
64748,0.61
38391,1.0
124624,0.986
11049,0.058
10910,0.518
21675,0.988
72462,0.352
85532,0.038
76794,0.078
121148,0.218
37240,1.0
70495,0.768
32115,0.97
115705,0.888
89200,0.02
104932,0.268
81411,0.072
99640,0.86
41858,0.22
119705,0.958
2644,0.868
109505,0.156
5802,0.168
50876,0.784
79829,0.052
3752,0.166
7333,0.134
53681,0.104
23936,0.932
68310,0.346
124595,0.858
23689,0.992
51977,0.416
30843,0.84
72912,0.42
20951,0.512
17150,0.498
103781,0.22
85225,0.074
48565,0.998
88290,0.064
110516,0.068
124293,0.844
76145,0.032
117398,0.712
77625,0.01
45649,0.886
86168,0.318
89452,0.038
50823,0.728
115989,0.932
79800,0.098
80763,0.032
33930,0.92
20444,0.984
114257,0.446
84838,0.042
34001,0.984
120745,0.648
123672,0.738
118061,0.158
104772,0.206
82270,0.004
22098,0.996
44821,0.95
120621,0.918
100830,0.496
9540,0.498
80990,0.036
118098,0.102
121796,0.478
48218,0.996
83644,0.012
29559,0.19
70648,0.402
1204,0.988
84822,0.034
86292,0.082
67789,0.166
84667,0.012
111473,0.392
50271,0.972
13100,0.93
31798,0.998
51441,0.172
7052,0.97
98846,0.286
19124,0.01
74826,0.294
19643,0.868
16025,0.388
113382,0.532
13612,0.568
19874,0.018
26149,0.736
25125,1.0
108659,0.586
17565,0.416
28865,0.272
121806,0.414
37335,0.97
86233,0.08
55997,0.794
34190,0.974
104479,0.476
66012,0.698
23408,0.628
28021,0.514
88872,0.034
106949,0.962
69458,0.242
5,0.856
73184,0.45
94498,0.5
65125,0.742
6386,0.85
1763,0.922
62613,0.936
99311,0.172
51374,0.748
39542,0.99
37129,0.996
80609,0.03
32158,0.996
63198,0.948
107366,0.39
75028,0.034
105654,0.45
20721,0.218
12002,0.166
58690,0.916
63849,0.91
18447,0.758
37793,0.99
106222,0.818
81299,0.138
75910,0.086
54154,0.808
31286,0.128
60031,0.258
13064,0.746
23441,0.26
67570,0.408
14373,0.876
25563,0.782
46170,0.996
104896,0.114
95017,0.94
70702,0.528
87584,0.016
4572,0.706
58395,0.986
98936,0.38
73194,0.228
94907,0.152
6366,0.444
2232,0.808
94659,0.076
103844,0.256
39568,0.806
55852,0.942
58106,0.908
69014,0.856
86883,0.044
86231,0.168
11987,0.084
47593,0.998
44886,0.98
121778,0.706
86193,0.066
122773,0.912
122173,0.766
111727,0.646
83864,0.07
4015,0.362
68790,0.06
26510,0.78
108051,0.264
82576,0.01
97006,0.65
37910,0.988
98809,0.334
72226,0.352
116856,0.158
46624,0.978
73933,0.524
88556,0.024
49359,0.114
118574,0.348
25069,0.992
44363,0.948
42324,0.85
27047,0.484
83595,0.132
89748,0.028
117728,0.51
90319,0.156
115207,0.896
70452,0.576
33924,0.956
32256,0.976
104143,0.464
57864,0.966
97039,0.844
100300,0.408
85255,0.028
47361,0.994
7134,0.308
101854,0.198
89327,0.054
16867,0.596
104672,0.278
35766,0.968
86461,0.03
117238,0.796
3842,0.44
91564,0.116
71335,0.146
46424,0.992
102553,0.492
91731,0.176
14325,0.256
46071,0.046
55274,0.978
7100,0.498
16168,0.116
97422,0.706
52345,0.782
29158,0.994
19063,0.242
93455,0.21
68493,0.512
43108,0.404
61883,0.67
73796,0.236
679,0.99
62067,0.996
85289,0.068
38623,0.996
20768,0.724
84923,0.018
52978,0.972
58412,0.526
52269,0.842
82150,0.072
2869,0.238
68230,0.58
58318,0.986
110820,0.058
34486,0.836
59649,0.944
2206,0.844
11551,0.502
64018,0.474
53192,0.138
9637,0.99
87459,0.088
116659,0.912
5978,0.084
123419,0.79
55340,0.91
17151,0.598
16632,0.32
64641,0.44
59486,0.97
120666,0.878
12435,0.598
12698,0.316
74442,0.06
121817,0.792
86036,0.04
124441,0.874
94727,0.172
30654,0.968
2038,0.856
34935,0.972
94388,0.478
28294,0.054
72732,0.768
61202,0.286
12970,0.352
35160,0.304
97782,0.174
117177,0.436
95079,0.732
12042,0.958
3505,0.306
95235,0.162
87853,0.036
76729,0.144
13544,0.806
99985,0.092
121613,0.184
80088,0.118
124361,0.882
64550,0.664
59193,0.912
10022,0.562
64027,0.604
89952,0.162
110351,0.086
121041,0.404
512,0.422
117936,0.304
67115,0.298
70988,0.27
107194,0.986
117902,0.626
81984,0.03
80235,0.128
6479,0.682
92177,0.58
32559,0.984
105151,0.434
61827,0.476
104633,0.322
64998,0.976
47458,0.918
32667,0.668
96048,0.256
68460,0.184
71637,0.594
23069,0.142
86346,0.022
80066,0.088
95191,0.568
59642,0.926
92873,0.622
111932,0.686
121240,0.624
35173,0.854
40604,0.372
12001,0.642
88925,0.128
16103,0.746
1081,0.332
105839,0.094
35523,0.962
119892,0.3
69593,0.954
65973,0.94
66964,0.414
92759,0.332
3610,0.438
57091,0.774
120571,0.74
62016,0.8
111553,0.084
22846,0.924
21444,0.986
29926,0.0
20201,0.434
73839,0.398
70767,0.486
92365,0.644
38911,0.966
50414,0.046
29645,0.932
30330,0.978
84929,0.044
46033,0.156
33098,0.044
107022,0.984
52183,0.696
110399,0.03
71917,0.066
91225,0.072
53625,0.164
116497,0.712
21531,0.954
18270,1.0
50802,0.356
120391,0.268
11954,0.138
107057,0.996
99546,0.184
3134,0.416
2226,0.846
9098,0.106
91062,0.118
107072,0.928
34985,0.986
49565,0.936
77614,0.032
68222,0.738
69740,0.966
5269,0.95
8860,0.352
19440,0.986
31486,0.952
50506,0.884
19073,0.326
113668,0.368
13779,0.302
15089,0.252
72750,0.454
25579,0.874
3330,0.256
100698,0.276
76873,0.074
9150,0.5
105012,0.272
26069,0.374
7082,0.304
47508,0.992
17925,0.992
50450,0.222
88699,0.05
91488,0.158
108262,0.888
42806,0.3
112459,0.186
65793,0.58
57281,0.998
14131,0.974
106217,0.968
54179,0.3
28290,0.318
87978,0.016
25396,0.954
122834,0.816
62892,0.52
14262,0.064
3831,0.296
1556,0.29
74768,0.09
103541,0.262
31199,0.99
19473,0.936
38668,0.984
70395,0.226
83209,0.042
73052,0.926
63427,1.0
97410,0.93
97214,0.448
49473,0.766
62993,0.466
99616,0.74
117377,0.84
62054,0.964
19201,0.936
643,0.99
4078,0.966
47167,0.63
76775,0.008
84242,0.02
8119,0.518
27676,0.094
4536,0.966
88277,0.044
82718,0.01
48792,0.964
89145,0.026
6086,0.524
75426,0.22
89720,0.08
88561,0.044
114985,0.706
93602,0.862
31473,0.316
86468,0.1
34675,0.956
10105,0.874
105439,0.73
72234,0.142
72748,0.498
45054,0.998
8857,0.428
111638,0.548
95591,0.678
5060,0.998
49918,0.176
18046,0.926
57051,0.978
107290,0.408
49182,0.878
48880,0.774
100540,0.238
30316,0.97
112699,0.598
90214,0.008
114731,0.828
49979,0.138
47387,0.982
86585,0.094
70977,0.134
108851,0.074
86838,0.112
44583,0.992
44576,0.994
113672,0.522
33063,0.924
279,0.486
51640,0.788
116044,0.896
61251,0.396
30588,0.964
15033,0.502
38201,0.264
84175,0.028
106850,0.996
51859,0.992
114901,0.574
24748,0.978
22503,0.384
90600,0.048
66854,0.73
107112,0.99
66179,0.926
12917,0.488
5622,0.978
79133,0.016
52020,0.422
42206,0.986
60496,0.812
33758,0.122
75520,0.114
77319,0.052
83982,0.024
62680,0.956
6089,0.588
94161,1.0
78934,0.202
121124,0.284
75112,0.172
120118,0.206
11029,0.044
32039,0.9
52274,0.99
15835,0.33
31235,0.844
76705,0.054
10091,0.544
117674,0.614
65940,0.586
76010,0.08
83898,0.08
53074,0.868
9126,0.76
46259,0.968
29387,0.876
111453,0.262
8477,0.636
106242,1.0
113381,0.508
11270,0.788
84426,0.158
23740,0.994
5733,0.292
24435,0.008
40771,0.18
85743,0.112
10276,0.22
42908,0.974
68085,0.34
22937,0.988
116599,0.424
53434,0.978
43425,0.724
84388,0.028
3376,0.89
50235,0.692
114119,0.266
81813,0.052
48161,0.908
61908,0.526
7059,0.884
100344,0.744
23091,0.792
60067,0.654
15559,1.0
103050,0.134
2365,0.826
69870,0.784
73690,0.762
64847,0.184
26324,0.508
66451,0.508
75231,0.054
110836,0.134
41164,0.984
92975,0.99
1375,0.81
93564,0.26
36804,0.828
48389,0.952
11948,0.094
29624,0.89
92472,0.134
62626,0.54
109994,0.342
25434,0.95
82172,0.084
43365,0.916
109182,0.062
105493,0.356
107721,0.38
90871,0.02
79039,0.108
67473,0.574
95560,0.132
94540,0.16
79939,0.036
124787,0.904
116940,0.332
21118,0.846
53209,0.964
34226,0.794
84818,0.06
42901,0.99
90450,0.062
100025,0.222
79258,0.038
116753,0.278
43835,0.152
2712,0.06
63643,0.996
22785,0.672
89131,0.1
16052,0.158
64190,0.368
72341,0.14
58337,0.698
36209,0.998
117758,0.816
10345,0.692
71759,0.106
68304,0.774
117016,0.216
71821,0.746
88608,0.022
41487,0.892
84860,0.16
98952,0.132
68690,0.54
99002,0.188
81050,0.016
22297,0.994
64161,0.274
42330,0.22
118584,0.142
27816,0.2
39989,0.898
40948,0.98
124715,0.224
24644,0.464
2619,0.448
3415,0.294
45437,0.994
52713,0.488
54423,0.612
67325,0.144
40088,0.992
55365,0.938
104599,0.232
105754,0.226
86757,0.016
49552,0.92
86447,0.034
19454,0.964
47879,0.22
111,0.996
4099,0.958
105386,0.978
113487,0.672
101193,0.264
30930,0.142
36639,0.992
59334,0.306
1979,0.938
83715,0.062
57582,0.91
71922,0.136
20964,0.72
66002,0.26
115355,0.772
31412,0.094
52429,0.262
15659,0.166
38435,0.934
52266,0.926
110586,0.018
9992,0.47
21286,0.016
67375,0.78
37663,0.98
8835,0.51
86556,0.058
75964,0.1
10814,0.326
72660,0.182
99871,0.302
40495,0.996
60250,0.596
48624,0.982
122818,0.966
115211,0.676
100498,0.086
61724,0.91
56455,0.92
87705,0.032
25365,0.824
124378,0.752
84971,0.014
1190,0.98
74217,0.272
36575,0.988
12736,0.49
24611,0.556
87213,0.03
80571,0.046
108789,0.1
54432,0.756
121954,0.238
11472,0.426
64001,0.416
2342,0.346
95600,0.7
39596,0.986
73370,0.3
26146,0.756
32079,0.964
110616,0.054
98921,0.618
118203,0.154
70824,0.326
21712,0.968
68656,0.368
106045,0.474
29596,0.834
18942,0.004
95035,0.16
3566,0.65
66344,0.5
50033,0.358
3076,0.764
72486,0.664
81746,0.086
67354,0.26
49083,0.488
27574,0.072
14258,0.036
97191,0.522
11262,0.75
88807,0.128
103835,0.996
107054,0.294
27598,0.028
119626,0.818
67217,0.188
47973,0.988
114266,0.712
119065,0.262
40626,0.21
116114,0.9
33113,0.918
117655,0.798
25287,0.942
71013,0.086
114408,0.812
124131,0.92
9273,0.268
76582,0.04
83645,0.046
98452,0.502
103684,0.198
22918,0.988
31312,0.48
63331,0.978
119429,0.608
59085,0.38
64447,0.982
86349,0.042
60718,0.798
467,0.116
57743,0.978
94184,0.948
7436,0.636
18965,0.002
71085,0.468
88265,0.058
118140,0.392
50292,0.404
46549,0.988
105751,0.182
54384,0.97
102279,0.206
118390,0.272
96711,0.998
82239,0.108
75206,0.12
95057,0.314
42647,0.226
66657,0.138
100668,0.476
23808,0.54
74813,0.178
5521,0.22
95933,0.326
31060,0.622
49919,0.06
19464,0.938
16761,0.788
114709,0.836
34847,0.926
7113,0.452
104521,0.226
118659,0.714
39971,0.964
6504,0.152
50028,0.524
37509,0.86
12332,0.334
89362,0.216
95468,0.266
69494,0.468
80901,0.038
15974,0.65
68462,0.27
92171,0.656
110519,0.146
7953,0.636
124748,0.406
75766,0.132
47368,0.998
75564,0.066
94937,0.61
106653,0.244
83814,0.074
78069,0.016
86822,0.072
42678,0.992
66350,0.788
57339,0.572
82326,0.056
24843,0.774
42402,0.962
60097,0.914
97334,0.912
97579,0.406
71407,0.256
125012,0.36
24638,0.956
117444,0.54
18514,0.256
3508,0.476
105426,0.72
3324,0.784
11391,0.63
107342,0.978
103496,0.322
102067,0.374
54747,0.564
21044,0.956
113413,0.428
55069,0.368
82525,0.034
14289,0.716
106046,0.19
18884,0.136
7256,0.458
57830,0.846
88900,0.186
114541,0.846
64852,0.246
8572,0.942
48608,0.948
94484,0.176
34320,0.658
13598,0.38
103481,0.536
149,0.994
14159,0.992
66021,0.538
24276,0.462
18163,0.964
15039,0.522
109263,0.018
3851,0.238
9923,0.194
61185,0.524
16197,0.022
77237,0.032
98746,0.056
98853,0.262
69165,0.742
67008,0.136
118064,0.752
28641,0.196
61741,0.174
11318,0.516
24431,0.0
52240,0.196
31143,0.2
2044,0.968
103062,0.56
56998,0.876
120785,0.674
80289,0.038
92208,0.294
22276,0.964
7817,0.27
67442,0.804
63611,0.99
34614,0.972
24601,0.01
93079,0.996
51948,0.978
39905,0.968
103367,0.054
69146,0.442
115214,0.498
3850,0.192
45829,0.942
17255,0.228
17880,0.978
60023,0.322
9321,0.772
79903,0.06
38369,0.976
36783,0.992
79024,0.036
5545,0.23
57061,0.982
20475,0.672
45151,0.644
85081,0.03
113517,0.366
98589,0.58
58105,0.822
11303,0.3
17961,0.984
73816,0.786
39822,0.194
40407,0.982
5953,0.026
114239,0.67
65415,0.014
80159,0.038
123989,0.918
74829,0.48
123143,0.962
114694,0.29
24315,0.914
101736,0.942
71919,0.096
48505,1.0
70335,0.09
111265,0.216
17780,0.234
98177,0.974
33228,0.204
104917,0.116
8710,0.216
108883,0.094
96451,0.192
51590,0.558
41977,0.956
56400,0.97
84589,0.03
29853,0.056
3013,0.99
105600,0.082
15755,0.134
49737,0.218
99390,0.08
49324,0.778
83487,0.008
93194,0.346
61295,0.972
65739,0.722
56168,0.99
72251,0.78
27445,0.582
21283,0.036
26854,0.958
119272,0.19
74496,0.216
23087,0.836
28689,0.636
103287,0.46
83258,0.092
47373,0.968
103862,0.134
96442,0.128
73706,0.334
23129,0.286
60829,0.948
98572,0.194
39861,0.954
52138,0.946
122991,0.3
103730,0.402
118775,0.176
105752,0.202
49391,0.944
22184,0.608
67189,0.504
76673,0.068
12795,0.57
12854,0.63
78555,0.03
12124,0.184
25947,0.24
91840,0.02
3957,0.488
119654,0.844
98499,0.154
106782,0.978
32429,0.986
68097,0.718
94933,0.818
109533,0.048
102773,0.588
122192,0.866
46768,0.318
53396,0.87
112593,0.272
100194,0.658
77523,0.014
93017,0.966
89413,0.044
123742,0.726
80478,0.04
43405,0.67
13679,0.458
77295,0.09
78279,0.036
9012,0.2
90003,0.074
77351,0.106
32302,0.994
117385,0.488
30355,0.972
24158,0.862
62736,0.95
117585,0.77
10483,0.816
76422,0.184
47683,0.958
84120,0.18
26850,0.98
22973,0.338
75188,0.294
13552,0.132
108253,0.998
92816,0.262
92256,0.664
106482,0.43
39491,0.738
78223,0.114
65608,0.93
104621,0.736
44830,0.464
56261,0.682
52682,0.12
6914,0.198
50568,0.946
29398,0.22
38272,0.996
19395,0.676
110515,0.096
90103,0.042
62121,0.99
74186,0.188
46224,1.0
83882,0.022
527,0.42
22805,0.778
38226,0.272
26898,0.384
68088,0.57
57182,0.7
94219,0.99
50301,0.202
53172,0.948
21362,0.968
86583,0.076
75382,0.248
63995,0.454
83260,0.034
40280,0.994
113235,0.554
72620,0.274
83327,0.182
25716,0.868
39187,0.98
25085,0.976
96854,0.206
27029,0.272
11186,0.172
44005,0.412
51495,0.592
5831,0.154
109748,0.064
12659,0.458
51067,0.822
38111,0.526
45475,0.628
41513,0.998
123513,0.872
109347,0.052
39472,0.388
36557,0.996
74719,0.266
22968,0.202
62571,0.306
8535,0.958
99223,0.508
4120,0.948
102113,0.804
25035,0.55
69923,0.91
18786,0.578
88883,0.26
55786,0.944
122064,0.456
124721,0.518
23013,0.992
79067,0.102
62761,0.496
48964,0.956
121670,0.934
67085,0.5
109047,0.206
58866,0.296
122065,0.758
85748,0.016
11513,0.074
55494,0.86
67564,0.348
48926,0.998
60071,0.844
35607,0.998
86760,0.04
30144,0.004
61673,0.356
21567,0.986
63613,0.978
83355,0.022
28480,0.03
3223,0.738
3268,0.968
23239,0.968
119541,0.728
124340,0.162
84655,0.024
80082,0.06
90598,0.018
52401,0.358
88790,0.084
78841,0.212
23071,0.62
73107,0.368
107462,0.31
92529,0.686
44193,0.952
111404,0.16
29374,0.828
73168,0.502
54786,0.79
42089,0.426
51778,0.838
93797,0.666
115640,0.884
60536,0.99
54402,0.964
19478,0.952
95961,0.344
5372,0.96
52507,0.296
39952,0.45
26402,0.436
38625,0.95
59562,0.994
84359,0.022
92945,0.998
63108,0.96
53125,0.968
15637,0.996
626,0.99
107550,0.77
79664,0.004
20656,0.992
27084,0.55
75770,0.08
75273,0.13
74232,0.67
114822,0.776
10661,0.596
27776,0.512
101966,0.65
45325,0.156
70367,0.748
42304,0.34
98096,0.05
61575,0.876
80971,0.108
91768,0.002
48773,0.998
7412,0.744
11713,0.198
105891,0.872
22178,0.982
114640,0.836
103365,0.158
114332,0.146
65000,0.966
36652,0.996
106739,0.398
12151,0.64
5359,0.946
20696,0.986
17698,0.366
39583,0.992
49710,0.192
124429,0.82
21530,0.998
43393,0.972
84472,0.04
7971,0.198
2550,0.698
35513,0.696
19710,0.282
82274,0.014
52341,0.798
64025,0.462
1733,0.328
30346,0.972
88604,0.064
30959,0.974
93125,0.93
91546,0.068
60291,0.992
86853,0.124
37512,0.92
39874,0.998
46799,0.496
65269,0.114
64686,0.976
81707,0.11
32028,0.982
124157,0.95
372,0.09
51366,0.136
15164,0.032
53394,0.982
91795,0.002
16784,0.59
17050,0.522
74312,0.622
47052,0.296
94858,0.106
100788,0.132
94595,0.314
93978,0.146
39271,0.998
40581,0.95
5517,0.436
906,0.874
87755,0.044
113888,0.272
24190,0.934
91686,0.166
11233,0.926
113761,0.854
54700,0.938
48557,0.988
42423,0.96
17618,0.89
2131,0.85
116242,0.376
56872,0.568
41975,0.978
120862,0.794
78125,0.042
9026,0.062
43586,0.99
88946,0.144
95953,0.3
46456,0.87
94139,0.988
87078,0.046
116386,0.814
96763,0.476
107853,0.154
94390,0.454
36509,0.982
8016,0.072
9634,0.99
84556,0.088
55124,0.904
87416,0.108
46031,0.306
33467,0.354
47783,0.978
44023,0.964
43883,0.996
2812,0.166
125172,0.906
400,0.528
48528,0.998
59342,0.43
51610,0.254
43376,0.992
101071,0.618
26415,0.266
21188,0.0
57645,0.656
105075,0.29
85332,0.05
114376,0.556
122416,0.678
15275,0.044
122640,0.186
18964,0.004
59900,0.916
86368,0.012
61136,0.958
96769,0.218
58852,0.44
93117,0.994
59071,0.978
107278,0.97
119846,0.866
3155,0.228
48187,0.974
389,0.416
97662,0.546
90067,0.022
113539,0.572
51078,0.59
118830,0.35
9400,0.464
121956,0.456
52879,0.644
81437,0.074
27230,0.342
15162,0.158
45,0.67
57272,0.364
98460,0.488
68092,0.756
74094,0.236
73767,0.3
35011,0.996
113847,0.788
34194,0.99
30510,0.97
113289,0.026
97202,0.592
11709,0.68
76968,0.162
47528,0.992
8774,0.824
118727,0.196
50322,0.28
70506,0.716
49047,0.946
32215,0.356
98600,0.302
22771,0.724
1684,0.88
10893,0.356
9609,0.99
110698,0.21
31063,0.352
71061,0.244
69247,0.966
86878,0.03
24015,0.946
107866,0.276
48897,0.998
42959,0.926
103989,0.252
18245,0.99
121561,0.964
76833,0.052
17989,0.41
119801,0.33
8900,0.646
114927,0.4
121755,0.552
107705,0.498
116461,0.468
33460,0.294
34467,0.96
9403,0.314
50660,0.368
112634,0.838
61315,0.222
4362,0.988
6041,0.698
123253,0.946
102956,0.772
103574,0.226
103004,0.73
57575,0.958
73858,0.248
44086,0.998
121378,0.55
45162,0.148
35174,0.404
14794,1.0
75443,0.084
9947,0.016
1470,0.388
395,0.776
83650,0.014
17444,0.97
9822,0.112
4853,0.97
68403,0.19
86917,0.056
32822,0.942
44545,0.994
8097,0.356
47042,0.134
119228,0.884
122540,0.232
68739,0.054
86194,0.118
34187,0.986
109374,0.164
76380,0.104
98478,0.492
110742,0.236
75711,0.066
17806,0.968
98561,0.24
50411,0.156
80166,0.044
94980,0.516
76703,0.054
15392,0.254
123122,0.914
53587,0.648
121511,0.736
50083,0.536
29425,0.14
98109,0.14
38677,0.986
1552,0.326
88364,0.062
44994,0.98
119047,0.596
91123,0.09
73220,0.482
35660,0.998
99677,0.756
41542,0.988
123924,0.96
26560,0.256
48450,0.992
110848,0.084
87926,0.158
114795,0.198
8541,0.974
58925,0.938
40900,0.992
73711,0.682
27807,0.534
2350,0.898
3101,0.694
35983,0.986
106208,0.99
101438,0.71
48517,0.964
34860,0.958
64888,0.572
51188,0.988
4446,0.728
40652,0.986
110797,0.05
40156,0.984
124415,0.834
112400,0.714
65684,0.702
81730,0.03
106394,0.502
34780,0.796
116615,0.66
97872,0.044
85672,0.236
77971,0.038
57984,0.992
8361,0.218
49046,0.966
8318,0.192
46678,0.956
96399,0.412
107398,0.282
20315,0.992
64919,0.904
70674,0.616
60077,0.968
40271,0.548
69804,0.196
121936,0.936
120000,0.218
86674,0.058
4974,0.998
93409,0.162
35481,0.974
20199,0.386
78880,0.106
77080,0.004
49721,0.382
72726,0.732
19333,0.39
99791,0.714
57792,0.64
98368,0.662
29945,0.002
62449,0.986
30307,1.0
108783,0.044
52006,0.186
73673,0.144
65393,0.514
112616,0.708
35008,0.986
5284,0.998
119927,0.916
1889,0.968
125006,0.458
48715,1.0
110166,0.204
97318,0.926
29009,0.152
73635,0.424
111784,0.51
61107,0.992
50141,0.324
5274,0.96
49675,0.254
42000,0.42
4658,0.97
41335,0.934
36905,0.604
20446,0.964
27459,0.464
114269,0.624
13882,0.238
82973,0.058
33998,0.992
96558,0.16
77801,0.002
111192,0.272
86456,0.016
51936,0.988
9525,0.468
3126,0.23
122964,0.524
85901,0.098
53032,0.986
43077,0.144
89703,0.036
33204,0.316
91771,0.046
32732,0.876
82946,0.118
73977,0.096
50757,0.704
22314,0.996
2494,0.42
16943,0.366
11084,0.13
121467,0.952
56087,0.978
26209,0.836
123127,0.99
22292,0.988
7145,0.8
18286,0.984
97754,0.712
41518,0.458
109112,0.226
71379,0.812
16471,0.4
52218,0.89
91052,0.03
61977,0.874
49789,0.376
68423,0.566
106979,0.39
16042,0.066
113291,0.026
83870,0.06
55796,0.984
22636,0.894
96170,0.45
19221,0.382
9361,0.36
118293,0.226
3205,0.36
92693,0.902
118241,0.416
102937,0.526
124228,0.944
123200,0.954
49752,0.836
85349,0.166
10577,0.05
62403,0.986
6382,0.866
29919,0.048
102183,0.96
22257,0.994
102563,0.312
25456,0.958
93074,0.994
44657,0.978
96578,0.408
18332,0.022
66064,0.414
2624,0.434
89364,0.092
63327,0.868
85094,0.054
87337,0.032
49038,0.97
25264,0.46
65636,0.932
66844,0.428
19218,0.974
55998,0.932
67009,0.182
75854,0.088
19394,0.502
57832,0.814
36116,0.974
33180,0.884
81459,0.136
92428,0.144
120143,0.89
43406,0.218
11530,0.152
99352,0.562
72040,0.148
116346,0.448
77687,0.112
52628,0.324
68948,0.104
35573,0.996
18299,0.982
20185,0.266
71555,0.49
37289,0.998
118382,0.708
123070,0.934
74204,0.502
21813,0.11
105744,0.276
106640,0.578
34563,0.962
42549,0.822
65235,0.102
52508,0.53
67860,0.234
50531,0.95
32332,0.998
12323,0.78
112309,0.32
16747,0.668
57945,0.918
74899,0.29
5876,0.054
16680,0.232
48597,0.938
9722,0.11
94081,0.98
19650,0.99
82801,0.04
14361,0.234
81135,0.01
39298,0.894
116547,0.648
13173,0.714
58777,0.864
96029,0.164
44336,0.922
121551,0.966
113215,0.61
38481,0.894
85276,0.014
38532,1.0
98237,0.108
34186,0.96
41707,0.942
39825,0.222
64219,0.63
109624,0.014
78298,0.048
124053,0.912
60688,0.932
75470,0.022
16232,0.934
100342,0.356
2379,0.508
31668,0.242
116244,0.512
97519,0.95
94529,0.41
60972,0.91
45147,0.124
117223,0.62
88843,0.038
20116,0.0
32658,0.982
68348,0.372
91849,0.108
107546,0.988
30567,0.97
124996,0.292
8520,0.176
35539,1.0
92238,0.688
93698,0.872
10344,0.658
97732,0.552
23997,0.908
55303,0.982
122400,0.534
84747,0.054
120261,0.946
56912,0.992
10744,0.234
7561,0.358
86579,0.012
106844,0.962
90563,0.166
84797,0.012
117479,0.408
43013,0.948
26830,0.994
103216,0.206
84976,0.008
1543,0.31
107607,0.18
97910,0.192
65558,0.712
89446,0.134
9241,0.688
99327,0.312
60324,0.936
89789,0.01
10633,0.522
69206,0.406
81943,0.028
19536,0.954
10791,0.844
10622,0.6
14400,0.99
1454,0.376
86095,0.038
121289,0.386
13347,0.19
27769,0.176
2231,0.832
35973,0.99
100255,0.182
61469,0.84
120115,0.38
103634,0.218
102482,0.546
64795,0.144
4682,0.958
120555,0.666
3385,0.362
104809,0.324
53136,0.996
106560,0.212
116922,0.572
12395,0.668
94312,0.484
6805,0.974
76964,0.15
9208,0.85
9163,0.886
115981,0.916
86500,0.044
58259,0.998
118536,0.306
111120,0.266
87715,0.06
73948,0.514
53818,0.314
71420,0.07
51070,0.754
58021,0.974
37946,0.868
23898,0.732
107190,1.0
47573,0.966
69802,0.14
65752,0.702
27815,0.466
55073,0.642
121098,0.766
71915,0.278
66037,0.88
121582,0.948
96043,0.6
96842,0.798
8298,0.21
15847,0.064
101932,0.678
94668,0.106
61352,0.918
70677,0.054
76227,0.098
50190,0.186
79166,0.064
77115,0.01
85199,0.024
63532,0.936
112756,0.852
98231,0.16
1819,0.408
76019,0.116
106866,0.964
77737,0.118
75109,0.08
44648,0.966
25940,0.08
42449,0.966
24342,0.314
57719,0.878
118948,0.944
56267,0.884
45820,0.974
14256,0.06
46480,0.798
41772,0.944
63647,0.996
67885,0.156
6957,0.494
109864,0.094
103402,0.184
25704,0.768
123599,0.864
63435,0.218
87749,0.018
59421,0.874
16225,0.706
18088,0.884
2139,0.538
75451,0.088
10426,0.146
105501,0.44
70088,0.57
37236,1.0
21129,0.576
97935,0.738
92322,0.198
45622,1.0
97779,0.738
50556,0.514
27376,0.218
48809,0.982
47919,0.268
116914,0.198
101529,0.472
124764,0.578
98632,0.354
1968,0.366
49206,0.114
122308,0.838
41930,0.96
97281,0.224
97758,0.266
34714,0.982
60513,0.88
88976,0.012
73702,0.676
56933,1.0
20196,0.302
85123,0.04
94808,0.15
73778,0.154
19800,0.3
91436,0.116
62787,0.784
10026,0.488
41638,0.202
91383,0.038
104532,0.41
108477,0.474
5864,0.592
94706,0.174
66312,0.596
10317,0.634
115801,0.932
98001,0.956
11128,0.252
22130,0.998
45568,0.734
102791,0.678
85397,0.016
22444,0.984
40762,0.894
98901,0.152
58527,0.876
39779,0.956
71642,0.34
85481,0.05
1924,0.954
111297,0.114
111977,0.432
120769,0.358
123642,0.74
68592,0.434
92805,0.452
61178,0.732
34807,0.088
111605,0.448
91222,0.068
80314,0.092
65197,0.964
7581,0.662
117852,0.53
85684,0.036
55471,0.98
107463,0.244
97801,0.186
31733,0.998
29142,0.98
40306,0.986
22209,0.95
14924,0.908
92574,0.046
112098,0.276
71002,0.966
95361,0.044
8480,0.316
51073,0.196
22,0.67
31517,0.982
61938,0.912
112635,0.176
97617,0.148
112138,0.654
28811,0.938
89560,0.054
37361,0.99
25163,0.962
103621,0.224
4414,0.842
100208,0.712
61122,0.996
41917,0.982
35046,0.996
103764,0.364
70435,0.4
55026,0.514
21449,0.95
17447,0.938
10536,0.234
64590,0.81
70646,0.45
25184,1.0
77175,0.022
45623,0.968
36625,0.39
57948,0.968
5446,0.456
46257,0.986
86232,0.098
28957,0.644
64943,0.226
8714,0.126
93691,0.524
124049,0.238
28234,0.18
21018,0.386
108156,0.982
83229,0.03
73375,0.43
38881,0.996
80489,0.044
9299,0.5
119095,0.842
15331,0.524
105794,0.422
4455,0.342
67437,0.798
100107,0.706
73348,0.212
84736,0.038
23762,0.5
60430,0.776
30813,0.994
58776,0.454
91245,0.11
47480,0.984
80147,0.026
30240,0.918
34437,0.986
111906,0.856
95828,0.046
59276,0.948
2462,0.312
98089,0.068
68333,0.65
42805,0.624
98565,0.708
115494,0.274
86169,0.044
113224,0.736
67524,0.762
15058,0.802
13819,0.456
63184,0.826
1637,0.462
67868,0.436
16521,0.4
36688,0.948
98129,0.536
90445,0.162
62687,0.602
97719,0.226
14585,0.998
119673,0.782
34803,0.918
21994,0.634
37492,0.956
82564,0.01
119909,0.658
37052,0.996
111247,0.192
55953,0.98
39448,0.956
124128,0.35
74542,0.994
8799,0.3
47778,0.796
91487,0.198
106469,0.598
110618,0.036
65906,0.72
23002,0.962
64062,0.894
103536,0.288
118315,0.34
112838,0.788
73461,0.268
67319,0.254
74888,0.404
80699,0.068
78611,0.066
87453,0.206
122204,0.908
94422,0.598
47296,0.464
121627,0.266
72854,0.27
63234,0.572
104338,0.768
65823,0.746
97137,0.206
120197,0.826
71755,0.096
12261,0.382
104284,0.62
34659,0.992
10146,0.294
52264,0.97
111380,0.25
81995,0.034
48404,1.0
18784,0.966
2777,0.296
111140,0.184
79080,0.048
114327,0.802
15195,0.37
81913,0.13
51150,0.22
19075,0.63
46980,0.888
56118,0.992
326,0.29
33014,0.02
67857,0.26
62481,0.472
68035,0.296
27772,0.194
55564,0.45
53923,0.648
2769,0.632
95217,0.102
124521,0.99
57442,0.968
45252,0.732
6512,0.2
84493,0.058
118146,0.212
45576,0.182
111043,0.21
8776,0.21
30666,0.98
110943,0.084
77270,0.054
22541,0.0
21938,0.0
93306,0.266
73454,0.18
39212,0.27
115968,0.568
68607,0.402
6789,0.91
75364,0.048
116271,0.29
81309,0.082
96281,0.494
103832,0.984
89480,0.048
114839,0.424
58188,0.98
59265,0.532
70965,0.074
66747,0.48
97822,0.408
33030,0.036
22058,0.542
18460,0.544
117267,0.516
124405,0.714
28372,0.588
70262,0.404
39693,0.996
94088,0.734
66815,0.348
117641,0.838
119305,0.788
43521,0.974
48213,0.966
91429,0.094
54712,0.878
43219,0.908
60630,0.81
76719,0.052
60659,0.434
30103,0.012
113034,0.43
36787,0.986
120632,0.968
115119,0.702
7633,0.222
63879,0.884
40866,0.998
43227,0.748
70333,0.42
2786,0.152
50906,0.146
65981,0.304
49337,0.828
79007,0.07
57578,0.854
26471,0.308
103617,0.15
61079,0.984
65998,0.804
66853,0.492
120100,0.692
43081,0.798
48842,0.992
60273,0.99
73453,0.434
97475,0.96
8017,0.088
35970,0.974
52465,0.236
43634,0.99
29727,0.966
57879,0.896
122529,0.758
79242,0.026
17626,0.23
42179,0.91
95691,0.304
76112,0.018
116495,0.63
23909,0.78
34069,0.096
32960,0.0
88903,0.374
50990,0.694
10850,0.116
59462,0.872
59158,0.934
80420,0.04
73031,1.0
98852,0.184
32353,0.996
22366,0.996
118645,0.782
6931,0.254
89346,0.048
37773,0.976
68098,0.726
120400,0.22
92544,0.278
119885,0.35
96764,0.356
59532,0.994
4736,0.988
5870,0.058
70811,0.092
111509,0.528
59740,0.682
22254,0.982
115600,0.67
92658,0.74
67679,0.248
83769,0.09
118238,0.626
43640,0.926
50182,0.224
103676,0.618
33816,0.982
115178,0.704
28534,0.034
73907,0.138
35145,0.962
2736,0.128
39330,0.29
80321,0.122
12329,0.494
88032,0.052
32721,0.91
65564,0.708
103263,0.262
21257,0.078
73695,0.262
101511,0.572
116457,0.68
50514,0.98
7057,0.85
106114,0.968
4116,0.956
31577,0.984
52651,0.974
38296,0.99
117938,0.146
112424,0.878
30471,0.996
36700,0.996
84150,0.156
19386,0.606
108431,0.316
97117,0.394
123210,0.958
25642,0.02
50860,0.868
43012,0.992
123450,0.72
121277,0.436
87884,0.092
56285,0.984
115483,0.402
17030,0.738
90792,0.008
3305,0.79
90053,0.03
86278,0.078
82985,0.114
693,0.96
57592,0.974
42357,0.236
76659,0.014
22277,0.96
96631,0.382
89788,0.104
40042,0.782
98916,0.168
46206,0.986
35519,0.818
33114,0.822
67397,0.32
13456,0.152
72548,0.82
99028,0.616
91609,0.114
101520,0.296
20560,0.938
67786,0.114
27321,0.546
9705,0.086
22913,0.902
50226,0.888
50309,0.228
11770,0.24
99490,0.068
74470,0.208
23812,0.444
41946,0.864
32963,0.048
34330,0.2
88704,0.058
44466,0.998
22126,0.994
89034,0.006
75152,0.04
104056,0.61
15743,0.094
271,0.182
9836,0.174
100884,0.72
93549,0.47
77773,0.172
18948,0.01
31038,0.932
11056,0.196
117134,0.644
87621,0.082
26431,0.9
32671,0.384
118194,0.622
62891,0.484
77804,0.032
118517,0.254
30964,0.998
72547,0.76
28176,0.316
122458,0.802
32672,0.652
40144,0.268
108494,0.226
71421,0.108
5702,0.438
96046,0.566
70009,0.866
50638,0.684
67975,0.37
1992,0.924
51856,0.924
118166,0.166
111160,0.188
60098,0.92
49463,0.834
8269,0.408
92559,0.692
62340,0.988
102943,0.318
72103,0.14
81340,0.084
200,0.958
43978,0.998
80171,0.03
45123,0.996
82294,0.166
6740,0.646
12651,0.712
40803,0.958
56816,0.214
22621,0.702
53935,0.158
55501,0.968
19118,0.794
80,0.372
62422,0.994
96255,0.4
101384,0.808
45052,0.992
8186,0.638
47346,0.984
76578,0.09
15879,0.952
114543,0.808
43778,0.192
25941,0.22
61329,0.088
57507,0.958
95327,0.198
74690,0.208
13632,0.754
69152,0.656
107071,0.992
90429,0.024
88930,0.168
49273,0.742
86752,0.04
109784,0.262
109351,0.194
26622,0.416
111413,0.044
62083,0.99
55948,0.946
111345,0.154
1812,0.298
20887,0.894
105094,0.162
91921,0.002
7853,0.614
64332,0.762
112662,0.32
45194,0.114
122351,0.422
100906,0.89
14388,1.0
46838,0.204
56433,0.94
36630,0.962
117640,0.894
7675,0.898
74924,0.548
8209,0.72
9775,0.55
61599,0.848
73664,0.318
81147,0.052
19291,0.894
120847,0.608
8940,0.26
12044,0.98
68447,0.47
47063,0.112
69271,0.52
80198,0.01
82924,0.024
106493,0.18
33887,0.048
6430,0.196
2910,0.298
113791,0.324
3105,0.266
39412,0.98
33858,0.084
22423,0.956
100702,0.406
86225,0.02
18000,0.618
78035,0.08
47729,0.234
41243,0.994
70082,0.032
75511,0.098
28157,0.496
31456,0.266
11425,0.888
30751,0.97
45559,0.416
26777,0.978
9996,0.856
102831,0.228
117273,0.782
90648,0.082
72604,0.732
120947,0.792
118681,0.482
66370,0.676
82981,0.026
13101,0.998
20174,0.542
118756,0.382
7930,0.204
78188,0.104
13249,0.214
96594,0.238
105044,0.102
70240,0.734
52674,0.238
44751,0.904
1097,0.892
53900,0.37
38678,0.964
70961,0.882
5347,0.874
19155,0.994
73596,0.104
49951,0.176
8496,0.346
37638,0.992
63916,0.766
121088,0.45
79353,0.11
62982,0.516
111152,0.076
123499,0.85
26776,0.948
36248,0.962
51910,0.932
57673,0.84
36927,0.872
93484,0.432
32849,0.992
473,0.126
56853,0.456
118411,0.434
99220,0.268
83384,0.06
59625,0.8
67543,0.556
22926,0.572
97050,0.886
58159,0.644
1436,0.634
113862,0.27
5399,0.92
34342,0.144
26288,0.808
124486,0.998
25418,0.992
63053,0.87
38763,0.942
48097,0.124
91974,0.128
89973,0.13
86196,0.058
68718,0.58
118476,0.39
22618,0.426
20497,0.818
68407,0.35
13966,0.032
74720,0.166
106889,0.986
23939,0.958
48099,0.248
94556,0.118
123102,0.788
114431,0.784
34041,0.096
28920,0.976
60320,0.924
97670,0.536
62578,0.814
43396,0.948
50798,0.686
81462,0.018
31240,0.984
63988,0.32
95470,0.436
73101,0.264
42899,0.992
109882,0.198
98023,0.89
103399,0.154
43289,0.976
5278,0.988
11129,0.252
64059,0.836
37030,0.972
75748,0.092
124733,0.724
113156,0.8
32708,0.818
86375,0.106
43129,0.934
44062,0.928
23782,0.844
31601,0.99
19258,0.746
108555,0.476
72154,0.372
23485,0.308
44828,0.946
78333,0.06
62046,0.976
11777,0.282
53922,0.23
12315,0.236
1424,0.284
90458,0.118
36366,0.998
112603,0.806
97988,0.064
76410,0.132
115503,0.246
20607,0.974
86699,0.05
114430,0.576
77686,0.068
59667,0.996
55484,0.902
72160,0.128
12542,0.268
97279,0.226
78207,0.04
73871,0.442
33978,0.998
61918,0.954
90113,0.044
14966,0.142
63175,0.99
88910,0.148
57340,0.488
96020,0.444
116046,0.936
71648,0.682
20347,0.988
15599,0.992
6274,0.294
91069,0.062
66044,0.86
53918,0.67
109086,0.074
108962,0.036
45939,0.966
17927,0.934
85907,0.052
14334,0.916
90027,0.078
103515,0.686
31409,0.958
6398,0.802
77290,0.15
24464,0.006
29639,0.316
1452,0.288
3484,0.566
28412,0.238
82213,0.046
68692,0.528
580,0.376
81130,0.062
14124,1.0
101317,0.06
14140,0.99
10778,0.49
105590,0.278
107156,1.0
67160,0.92
51004,0.474
45059,0.922
34474,0.868
22371,0.36
42459,0.814
124977,0.672
109862,0.066
109178,0.168
7016,0.494
6344,0.338
25089,0.992
62875,0.306
100336,0.146
72790,0.632
67023,0.298
100448,0.34
51041,0.432
31686,0.714
118872,0.956
14727,0.994
102305,0.03
92192,0.304
18926,0.0
51071,0.638
119636,0.702
37370,0.986
112694,0.566
109578,0.114
13034,0.412
96082,0.378
107675,0.644
67490,0.378
58564,0.91
104709,0.2
38387,0.996
14275,0.068
528,0.198
50658,0.174
120682,0.446
21594,0.98
62568,0.288
92825,0.358
25754,0.896
98019,0.846
93750,0.872
10168,0.538
70494,0.598
124502,0.96
92856,0.296
105636,0.608
4002,0.686
46755,0.412
1646,0.81
97417,0.946
21788,0.272
16440,0.474
78289,0.034
17522,0.372
62057,0.768
104744,0.882
61579,0.928
118810,0.152
106518,0.198
33748,0.188
1803,0.294
4225,0.942
85464,0.068
70225,0.244
36907,0.968
17313,0.286
69863,0.694
39726,0.952
59437,0.976
18523,0.592
8215,0.726
30494,0.996
92546,0.412
62049,0.998
92399,0.258
22604,0.0
72722,0.608
121213,0.754
23871,0.186
114194,0.216
73924,0.47
117653,0.762
69818,0.974
117697,0.746
48086,0.212
73760,0.352
26341,0.792
7435,0.674
31178,0.598
16816,0.706
12246,0.822
30923,0.252
121401,0.67
83162,0.058
67676,0.74
90946,0.032
10347,0.248
43633,0.958
21999,0.276
91145,0.106
54369,0.938
100002,0.326
22133,1.0
71576,0.342
47353,0.968
113611,0.214
97446,0.946
12531,0.582
65188,0.18
44664,0.796
79454,0.036
96033,0.118
124269,0.424
7441,0.442
11179,0.354
67106,0.178
17482,0.988
36678,0.994
40936,0.968
102095,0.436
21933,0.538
74361,0.256
4215,0.706
94773,0.084
63324,0.96
117827,0.832
36169,0.696
110541,0.258
26,0.374
20889,0.822
8772,0.394
23784,0.118
110710,0.092
78002,0.034
106419,0.368
8251,0.17
9621,0.99
73250,0.73
116381,0.77
79381,0.198
120974,0.91
79946,0.026
4298,0.99
124308,0.966
62081,0.998
96336,0.486
16640,0.894
23656,0.988
16214,0.494
28511,0.874
81125,0.062
91996,0.022
110087,0.058
2816,0.166
102652,0.108
121044,0.89
106862,0.99
1285,0.946
51453,0.914
122037,0.686
53267,0.908
94337,0.752
60571,0.786
535,0.854
26363,0.274
55110,0.934
44531,0.99
64135,0.51
39977,0.916
16179,0.036
95022,0.85
83473,0.118
69147,0.474
83044,0.032
97931,0.716
78102,0.006
120728,0.182
119697,0.958
105610,0.09
118594,0.674
45033,0.898
31987,0.502
18054,0.882
32261,0.476
81222,0.02
30053,0.114
50340,0.44
44704,0.132
110845,0.184
105811,0.132
27194,0.538
94430,0.1
71501,0.39
16678,0.74
23407,0.548
73033,0.998
384,0.196
81386,0.194
49015,0.97
6535,0.224
77362,0.154
90644,0.366
25910,0.348
93503,0.516
79159,0.236
10610,0.072
29710,0.0
94431,0.348
96756,0.786
66869,0.446
64646,0.778
105273,0.304
79238,0.088
63594,0.99
122471,0.874
62824,0.962
25740,0.422
71787,0.404
68242,0.56
74489,0.072
13719,0.212
118809,0.264
70525,0.752
56391,0.966
89916,0.086
4396,1.0
37498,0.992
45610,0.996
95897,0.084
40920,0.984
49646,0.718
57922,0.972
61169,0.924
59664,0.944
68677,0.374
74731,0.214
82386,0.01
51123,0.098
96458,0.698
84085,0.018
72926,0.622
87912,0.014
53941,0.082
16304,0.83
13670,0.468
68040,0.638
102527,0.176
75003,0.02
75061,0.038
18281,0.996
102760,0.646
91536,0.106
97890,0.082
10895,0.232
15189,0.122
120680,0.768
103595,0.83
11792,0.6
101441,0.652
23435,0.008
37106,1.0
63210,0.97
30421,0.998
2277,0.78
16743,0.594
1720,0.604
2906,0.172
34290,0.758
29712,0.012
82887,0.054
56565,0.95
46358,0.902
121445,0.358
24832,0.558
112551,0.206
14975,0.498
614,0.96
97322,0.982
123570,0.622
65485,0.37
27531,0.072
7694,0.372
77611,0.086
12921,0.116
8818,0.682
123476,0.854
64986,0.954
116357,0.808
104802,0.604
104973,0.536
99004,0.646
29103,0.966
41618,0.18
122783,0.526
8791,0.366
88818,0.276
20949,0.714
116995,0.842
29729,0.946
48108,0.952
1341,0.902
22811,0.336
107833,0.324
6387,0.332
67516,0.616
103488,0.282
76184,0.114
117508,0.5
4074,0.948
12086,0.272
103400,0.15
93033,0.998
44723,0.104
103017,0.29
122658,0.918
48947,0.362
56328,0.988
72204,0.894
77888,0.1
7990,0.16
107052,0.872
19589,0.828
59323,0.884
94086,0.994
17407,0.096
63894,0.972
14330,0.87
124619,0.964
97111,0.222
113303,0.078
57529,0.766
118275,0.506
36975,0.902
82054,0.03
35743,0.972
64141,0.73
79745,0.082
17361,0.074
116627,0.584
76392,0.044
93052,0.564
98858,0.652
67713,0.162
87780,0.048
87727,0.058
54469,0.132
95134,0.5
115191,0.708
81518,0.016
57688,0.804
61607,0.542
67504,0.29
108377,0.732
104192,0.576
105893,0.774
49474,0.882
86663,0.044
110325,0.118
82925,0.032
52976,0.894
93202,0.314
24933,0.944
64334,0.898
112150,0.256
110273,0.172
28394,0.192
53407,0.928
106679,0.794
35216,0.804
48357,0.398
45225,0.532
71070,0.828
21342,0.962
30093,0.0
78510,0.076
53811,0.876
116231,0.912
96637,0.622
42844,0.084
27538,0.374
100181,0.476
100574,0.08
83407,0.038
29737,0.418
34110,0.21
43566,0.98
58837,0.968
90043,0.102
112591,0.478
35271,0.978
9937,0.062
114622,0.896
52221,0.868
94503,0.262
113618,0.15
68608,0.438
107555,0.99
84546,0.018
91669,0.104
52549,0.72
98159,0.984
107043,0.992
64126,0.334
51993,0.252
83517,0.022
38350,0.98
74350,0.174
14957,0.888
102614,0.52
35435,0.958
23669,1.0
63353,0.432
9862,0.516
101334,0.068
105153,0.742
89353,0.094
15068,0.838
121483,0.912
9417,0.616
36536,0.908
3261,0.95
79538,0.042
13397,0.468
8082,0.346
22084,0.996
83626,0.058
18588,0.404
26095,0.854
75558,0.13
120775,0.646
13145,0.414
35406,0.892
72426,0.822
40455,0.984
110952,0.154
47949,0.974
49941,0.044
94258,0.994
118210,0.522
24899,0.0
13012,0.302
124171,0.948
67330,0.436
8795,0.118
42756,0.832
12904,0.338
65570,0.428
102298,0.108
59716,0.99
20867,0.046
103765,0.538
64230,0.8
18633,0.188
39650,0.426
4949,0.998
37128,0.998
28136,0.852
7110,0.464
61668,0.184
18433,0.382
36151,0.93
52875,0.786
101944,0.564
122712,0.33
62455,0.992
50863,0.774
95228,0.686
7939,0.79
85641,0.068
21339,0.654
44242,0.922
83512,0.036
37722,0.982
85336,0.05
15631,1.0
64821,0.734
118028,0.268
38315,0.614
50836,0.256
73687,0.63
30288,1.0
110694,0.14
21455,0.934
81219,0.038
80219,0.084
90762,0.008
85009,0.156
35099,0.984
70215,0.224
31765,0.988
69945,0.204
105933,0.988
119746,0.468
43478,0.612
35733,0.988
68661,0.716
61279,0.984
84847,0.046
95712,0.62
82227,0.13
67525,0.582
109985,0.432
103068,0.54
105778,0.59
34490,0.756
118437,0.914
34858,0.982
53906,0.138
404,0.464
26375,0.39
43474,0.978
21089,0.322
69033,0.78
84515,0.014
53724,0.614
105224,0.15
118579,0.05
121824,0.746
80594,0.312
116760,0.854
41984,0.792
61092,0.972
65405,0.49
54807,0.926
96464,0.164
103838,0.996
19841,0.792
70076,0.084
73103,0.268
113343,0.008
9772,0.368
123853,0.692
21090,0.252
124904,0.934
36512,0.992
117242,0.832
89782,0.03
86032,0.054
25540,0.97
113880,0.398
72250,0.232
27915,0.56
19964,0.444
80711,0.034
72715,0.54
29372,0.374
37275,0.998
40843,0.994
110427,0.044
6554,0.32
91290,0.044
48423,0.988
33572,0.314
115899,0.424
26514,0.778
37344,0.992
65678,0.976
57800,0.898
72791,0.768
118345,0.226
6624,0.962
108098,0.276
105302,0.482
68633,0.364
64929,0.67
56677,0.804
90077,0.076
99973,0.138
57194,0.82
55137,0.856
120559,0.692
85178,0.1
91026,0.204
62329,0.978
14743,0.92
49176,0.944
117163,0.45
72419,0.484
117725,0.354
84935,0.032
25902,0.574
62271,0.992
39149,0.962
92228,0.488
49945,0.092
65402,0.628
22285,0.62
108201,0.994
107875,0.5
116739,0.696
20661,0.99
5373,0.936
64340,0.926
37111,0.998
7551,0.372
88005,0.086
10282,0.466
709,0.948
102806,0.584
112567,0.346
53224,0.966
60135,0.982
83334,0.138
107012,0.97
18469,0.772
47546,0.966
30566,0.966
15573,0.998
30028,0.864
4587,0.96
69760,0.992
11022,0.088
21539,0.974
66770,0.422
88745,0.066
78080,0.004
56688,0.826
121267,0.768
32907,0.972
66436,0.392
62975,0.654
29314,0.656
11565,0.024
72617,0.602
82140,0.078
28880,0.944
96293,0.2
79261,0.102
37625,0.97
78782,0.13
75840,0.068
60980,0.978
33287,0.266
111454,0.24
60050,0.906
991,0.998
93012,0.56
124285,0.952
14462,1.0
50477,0.868
765,0.736
124193,0.952
20612,0.988
55032,0.216
31166,0.554
122232,0.594
103882,0.784
95089,0.278
34332,0.644
27322,0.41
4909,0.98
65437,0.038
27411,0.428
65353,0.964
85434,0.116
34247,0.904
111642,0.328
95971,0.2
15209,0.364
100503,0.158
35764,0.994
15988,0.166
115906,0.664
71254,0.296
63887,0.048
27229,0.118
122805,0.974
52966,0.38
116230,0.782
61111,0.93
45526,0.226
21320,0.016
45850,0.982
46996,0.754
120673,0.726
42062,0.982
15661,0.14
77992,0.08
23004,0.976
96554,0.234
45633,0.984
8230,0.072
103283,0.41
2213,0.782
99355,0.162
35776,0.974
11211,0.79
54069,0.122
53212,0.828
115891,0.226
37306,0.98
647,0.984
91275,0.09
48304,0.786
26353,0.308
54270,0.828
4830,0.964
99881,0.746
58718,0.886
5288,0.97
114861,0.67
4233,0.978
47526,0.998
54043,0.176
2578,0.424
65214,0.67
56879,0.934
10429,0.46
38080,0.906
54593,0.664
112886,0.562
43266,0.866
116912,0.22
20742,0.342
57415,0.596
12024,0.134
10774,0.588
15062,0.08
5959,0.046
22764,0.144
103099,0.236
121003,0.67
4591,0.96
102571,0.624
107717,0.608
109600,0.174
70397,0.776
17501,0.344
51930,0.954
114316,0.736
39657,0.294
57248,1.0
81661,0.032
9851,0.692
25570,0.114
33865,0.092
29786,0.712
47099,0.974
59994,0.266
124783,0.966
50059,0.096
43534,0.622
3769,0.198
14990,0.784
43817,0.666
77503,0.064
115881,0.568
29121,0.932
65497,0.89
81689,0.174
32615,0.97
37272,1.0
72822,0.416
122333,0.92
1108,0.814
70270,0.63
49311,0.908
61602,0.872
104654,0.182
98557,0.214
54938,0.94
114845,0.35
85842,0.12
21415,0.998
81057,0.092
10313,0.728
3542,0.688
107801,0.386
91220,0.044
44263,0.962
96204,0.38
125121,0.824
21906,0.924
121759,0.692
58976,0.936
8365,0.324
64145,0.22
36362,0.978
28971,0.254
77071,0.01
4136,0.878
4059,0.1
49034,0.944
85477,0.076
88641,0.14
28053,0.206
115820,0.598
48319,0.134
1132,0.968
124735,0.268
76416,0.076
78053,0.014
91782,0.01
33977,0.98
39214,0.392
32774,0.924
73893,0.444
101173,0.276
36916,0.864
66937,0.144
70360,0.878
8377,0.126
27157,0.94
41714,0.604
62213,0.998
27003,0.892
99316,0.386
76653,0.112
92929,0.964
54632,0.754
34546,0.996
114429,0.962
38234,0.984
57947,0.98
50362,0.316
10072,0.45
36752,0.992
14234,0.176
45265,0.732
26761,0.99
107575,0.97
84104,0.038
45637,0.95
93137,1.0
71574,0.158
2464,0.676
367,0.516
76867,0.042
30218,0.946
47352,0.908
32583,0.89
115369,0.564
75253,0.066
58525,0.878
45210,0.092
26178,0.332
103810,0.998
26428,0.692
100626,0.524
112302,0.61
72933,0.99
74185,0.32
118711,0.73
14419,0.996
56812,0.366
104468,0.374
107223,0.996
101530,0.374
101733,0.93
109596,0.078
99902,0.756
14394,1.0
2428,0.394
4660,0.976
44331,0.98
29545,0.602
40798,0.882
54952,0.984
82001,0.024
7623,0.356
10397,0.846
87399,0.026
2668,0.258
6008,0.2
73563,0.486
71709,0.424
14379,1.0
23279,0.932
4378,0.958
17035,0.174
71896,0.268
28462,0.048
108334,0.522
45707,0.498
70299,0.516
34387,0.832
86189,0.11
107117,0.978
22316,0.96
13122,0.99
63901,0.736
29165,0.344
105375,0.764
121831,0.806
95634,0.292
20461,0.416
102331,0.198
45803,0.996
28007,0.166
69234,0.41
39261,0.986
66125,0.308
30898,0.958
16706,0.31
93292,0.294
49385,0.966
47317,0.714
102752,0.24
60519,0.818
109598,0.166
26582,0.528
15960,0.502
75033,0.116
10881,0.834
26664,0.964
43256,0.984
55570,0.236
38007,0.998
14872,0.166
122126,0.318
100111,0.148
106580,0.396
109072,0.128
110505,0.338
76884,0.112
103512,0.142
87800,0.01
24585,0.024
110126,0.35
97843,0.038
87722,0.072
28980,0.356
73850,0.13
65404,0.392
18589,0.25
34024,0.168
76289,0.09
71589,0.366
64451,0.976
53525,0.856
96969,0.618
2307,0.806
30934,0.178
107797,0.334
84358,0.114
27277,0.284
54848,0.904
76927,0.088
68668,0.428
40016,0.984
78133,0.064
97151,0.67
118795,0.156
47432,0.424
40940,0.976
91885,0.004
93948,0.86
17759,0.522
118455,0.62
1554,0.404
18946,0.002
56855,0.262
27449,0.184
17929,0.98
67811,0.628
109500,0.056
22797,0.786
26105,0.764
98364,0.166
34266,0.216
53916,0.628
47825,0.988
96190,0.606
78184,0.042
97205,0.608
125139,0.796
120484,0.696
66828,0.192
54967,0.198
42123,0.992
77225,0.044
83436,0.036
45694,0.876
105672,0.572
65763,0.74
72990,0.946
108310,0.81
24605,0.012
117612,0.81
75537,0.114
103500,0.128
13521,0.98
31655,0.958
103205,0.172
52160,0.408
34948,0.97
106305,1.0
76816,0.062
119959,0.2
64448,0.976
111838,0.358
72918,0.5
33524,0.364
51689,0.08
47841,0.884
117657,0.802
98406,0.166
73967,0.158
19740,0.262
112999,0.524
107609,0.416
43649,0.94
27477,0.672
88414,0.046
17742,0.754
62921,0.47
4,0.858
83423,0.006
24274,0.466
51946,0.894
42583,0.992
94429,0.168
76925,0.054
42701,0.98
74560,0.956
55585,0.394
53418,0.974
38896,0.924
26999,0.82
42072,0.964
121568,0.596
18153,0.976
2819,0.336
50007,0.786
123015,0.254
64918,0.9
100585,0.236
81890,0.066
91333,0.012
11525,0.088
87788,0.048
6754,0.56
97745,0.478
49006,0.966
78988,0.11
48267,0.088
118988,0.362
47435,0.53
100367,0.29
51251,0.298
82554,0.012
118566,0.132
11243,0.166
27681,0.01
77905,0.09
74561,1.0
79254,0.018
74545,0.832
23759,0.92
57454,0.794
96717,0.992
8370,0.78
121813,0.822
53821,0.228
18599,0.758
116371,0.75
121726,0.716
10989,0.216
8222,0.292
35732,0.944
27834,0.978
42945,0.988
96397,0.17
54503,0.368
817,0.98
59259,0.93
68736,0.052
72030,0.06
30967,0.988
119824,0.69
34506,0.972
112901,0.698
105561,0.522
65433,0.076
28356,0.032
52324,0.442
107508,0.188
88373,0.1
98312,0.594
3119,0.258
1741,0.85
45925,0.998
25254,0.428
88700,0.176
74260,0.434
9334,0.546
81876,0.072
71316,0.146
109415,0.474
110575,0.23
67682,0.284
73020,0.956
100862,0.542
10095,0.696
124831,0.984
52239,0.204
18099,0.926
95425,0.468
50425,0.76
43317,0.982
83878,0.044
55725,0.312
41730,0.902
56909,0.854
50954,0.858
40070,0.994
84824,0.094
78919,0.044
122357,0.832
63821,0.926
97623,0.65
34544,0.996
87522,0.058
16572,0.504
31884,0.996
95108,0.686
58869,0.3
110038,0.036
6528,0.066
92902,1.0
13355,0.164
31262,0.568
51068,0.362
34177,0.996
45300,0.976
34503,0.684
7063,0.29
15398,0.366
17499,0.762
61322,0.114
60864,0.958
77055,0.126
111979,0.672
55140,0.3
112314,0.826
82316,0.01
90945,0.062
55668,0.244
31453,0.238
44990,0.98
105673,0.622
62193,0.916
50256,0.944
48451,0.926
78078,0.008
72061,0.576
71193,0.396
93305,0.442
76803,0.128
60087,0.764
38751,0.978
42109,0.996
61931,0.814
104185,0.12
11345,0.742
12256,0.464
27271,0.22
123990,0.946
347,0.428
27147,0.846
88163,0.028
55259,0.988
14387,0.998
33400,0.514
565,0.24
122946,0.778
35196,0.934
69654,0.986
76668,0.018
86392,0.08
102968,0.068
24095,0.0
57384,0.942
88823,0.082
123750,0.938
96513,0.206
49695,0.796
27673,0.05
118663,0.794
108622,0.252
53685,0.268
87272,0.132
21628,0.934
28576,0.494
64129,0.694
111376,0.182
26931,0.47
39864,0.988
18495,0.672
107229,0.998
110646,0.106
107703,0.4
30581,0.988
77712,0.148
108063,0.636
115896,0.532
87493,0.046
69284,0.474
15539,0.996
115177,0.604
93060,1.0
35856,0.988
119839,0.84
33120,0.66
122120,0.08
31834,0.986
27713,0.376
109082,0.144
100743,0.124
119166,0.832
13680,0.226
68317,0.644
82661,0.122
40980,0.986
5861,0.61
24341,0.422
61808,0.444
95993,0.236
81440,0.2
42326,0.212
58336,0.994
26186,0.44
6809,0.348
40155,0.938
92879,0.994
6294,0.718
83112,0.024
52510,0.408
101332,0.156
123576,0.848
115134,0.138
10192,0.49
71797,0.374
112426,0.376
92701,0.396
29207,0.388
119100,0.352
77837,0.056
62974,0.508
82732,0.056
88891,0.18
64040,0.686
63748,0.534
98075,0.104
119905,0.676
8793,0.056
116649,0.752
72281,0.378
19091,0.582
6757,0.55
9178,0.84
2177,0.484
86519,0.03
30104,0.006
30610,0.75
37007,0.582
8297,0.336
51845,0.992
100258,0.504
7095,0.512
115880,0.676
33367,0.822
99596,0.636
48211,0.994
124291,0.982
114734,0.862
56417,0.518
60693,0.674
31182,0.836
40812,0.958
110185,0.216
45865,0.994
17301,0.612
66703,0.476
72320,0.362
86293,0.034
84128,0.036
31586,0.976
69150,0.832
29575,0.948
21508,0.932
119714,0.938
59980,0.216
57730,0.878
94166,0.996
55627,0.2
75895,0.074
58781,0.336
54539,0.18
6578,0.05
124104,0.718
92981,0.992
3881,0.116
105019,0.318
31287,0.282
123177,0.962
117798,0.344
60484,0.938
15757,0.098
122513,0.754
103286,0.584
11832,0.058
72327,0.9
104243,0.24
1481,0.864
69037,0.78
49859,0.224
19671,0.966
45794,0.862
91431,0.074
82835,0.03
43373,0.994
77460,0.146
102208,0.718
60201,0.316
83997,0.044
61618,0.174
34051,0.084
630,0.97
111344,0.076
87511,0.056
70803,0.264
64445,1.0
75411,0.162
39863,0.992
121537,0.906
123460,0.898
124640,0.876
120093,0.5
113420,0.904
12181,0.34
4221,0.996
40754,0.166
124909,0.23
941,0.894
41280,1.0
981,0.99
4998,0.962
20180,0.7
109460,0.104
4210,0.806
102176,0.946
103608,0.212
21271,0.03
28868,0.956
96638,0.584
1466,0.28
33802,0.92
20637,0.972
90718,0.018
21668,0.972
38819,0.986
118657,0.72
87103,0.026
9122,0.302
72807,0.558
97825,0.848
29870,0.046
26469,0.61
18563,0.552
101162,0.802
86748,0.04
36228,0.822
72148,0.646
123836,0.9
35226,0.988
119380,0.572
6824,0.462
22353,0.994
44839,0.976
48274,0.114
83949,0.102
65725,0.906
80828,0.024
54909,0.908
46649,0.984
94614,0.094
8976,0.26
2574,0.526
46550,0.968
103799,0.962
63577,0.996
100172,0.712
80547,0.026
23713,0.996
26705,0.25
3407,0.442
28065,0.294
58224,0.996
39774,0.94
116286,0.556
51900,0.818
102724,0.76
5003,0.996
113254,0.07
110804,0.112
50663,0.466
58972,0.974
34967,0.678
47150,0.36
113452,0.31
10187,0.42
110529,0.026
99345,0.104
22596,0.008
41408,0.61
61330,0.132
123063,0.944
16425,0.196
74739,0.366
51982,0.29
123654,0.778
46433,0.99
25650,0.016
58120,0.864
68267,0.666
109122,0.414
14738,0.994
88926,0.18
33336,0.416
118155,0.268
13910,0.426
59056,0.998
119074,0.68
44881,0.986
10237,0.662
89158,0.056
29873,0.056
103592,0.676
95026,0.568
64753,0.394
41396,0.95
53333,0.972
60603,0.62
47220,0.272
110732,0.388
103097,0.236
31064,0.466
24849,0.34
12457,0.362
87029,0.11
33139,0.596
99380,0.654
52699,0.17
46898,0.998
115300,0.272
114015,0.106
25521,0.952
3306,0.756
28251,0.298
93515,0.3
89045,0.018
107472,0.334
124440,0.928
13461,0.298
15895,0.958
97989,0.096
42016,0.992
40236,0.956
13784,0.59
57817,0.89
124283,0.958
19810,0.57
71126,0.344
93533,0.43
102714,0.726
19428,0.894
53552,0.392
100250,0.768
46102,0.852
101991,0.43
66545,0.31
29817,0.962
48721,0.988
109168,0.078
3856,0.582
8783,0.9
42838,0.102
15527,0.996
107198,0.87
62984,0.444
76086,0.16
92303,0.158
119588,0.874
100161,0.482
31395,0.944
97753,0.736
12848,0.812
31845,0.998
98567,0.18
51179,0.788
78336,0.062
69159,0.492
116794,0.658
6243,0.714
38425,0.19
45727,0.114
77760,0.102
78242,0.046
81035,0.012
50354,0.856
543,0.668
26405,0.444
96316,0.454
28667,0.252
52419,0.65
40128,0.294
107928,0.522
96307,0.38
69448,0.288
26649,0.918
109376,0.038
14267,0.022
48731,0.996
44507,0.998
119742,0.722
115462,0.666
46389,0.864
50742,0.412
21749,0.94
43641,0.984
56622,0.884
67013,0.204
101832,0.312
14080,0.242
112447,0.44
1163,0.996
66989,0.612
67081,0.18
59040,0.972
84759,0.02
6456,0.368
111526,0.576
110966,0.028
67978,0.196
111417,0.378
82442,0.076
12666,0.544
46391,0.71
92491,0.352
123043,0.78
65844,0.884
115340,0.848
81001,0.108
45906,0.996
76322,0.07
111460,0.806
115366,0.688
69225,0.478
19295,0.18
435,0.148
73505,0.34
3243,0.996
14820,0.996
16088,0.27
3947,0.186
19158,0.574
99371,0.076
17096,0.554
35092,0.97
5243,0.992
58534,0.908
54357,0.928
79734,0.068
77677,0.058
62440,0.99
90095,0.04
47900,0.96
1866,0.934
8726,0.356
55354,0.932
9893,0.462
40282,0.994
57819,0.882
40302,0.996
18298,0.928
35688,0.852
87428,0.04
70661,0.336
108429,0.22
71341,0.794
81912,0.146
90376,0.03
89508,0.086
44205,0.936
95647,0.428
15131,0.182
76073,0.008
56888,0.986
30482,0.994
90299,0.016
42920,0.99
6217,0.042
13368,0.656
54995,0.502
8455,0.604
76090,0.04
93944,0.938
101314,0.078
99467,0.068
49420,0.924
109091,0.07
15686,0.544
5887,0.254
103377,0.11
22662,0.302
59211,0.958
103113,0.374
123333,0.846
102356,0.634
62594,0.856
111459,0.666
92260,0.204
45781,0.194
31168,0.416
93023,0.984
99538,0.228
56277,0.874
123297,0.736
75339,0.076
69077,0.414
56493,0.946
119442,0.14
95024,0.826
93686,0.824
46510,0.938
30734,0.99
64593,0.204
48425,0.978
19283,0.586
90232,0.0
4881,0.996
19647,0.866
108932,0.058
47410,0.926
3952,0.372
68842,0.0
93873,0.14
62573,0.754
39219,0.442
91555,0.038
97218,0.34
105787,0.516
16428,0.184
120690,0.916
85399,0.206
65008,0.916
103997,0.358
47280,0.872
108102,0.258
66182,0.904
106125,0.852
113751,0.268
94707,0.052
33092,0.76
121854,0.478
73877,0.24
53325,0.916
75769,0.062
12330,0.634
62100,0.962
116442,0.916
53381,0.98
68395,0.21
110451,0.068
65309,0.94
36923,0.34
48632,0.91
10929,0.482
14668,0.996
29649,0.938
117152,0.386
90643,0.346
16697,0.94
46686,0.982
91636,0.074
40585,0.858
41776,0.214
105502,0.572
114197,0.23
83067,0.006
87600,0.032
37658,0.974
119964,0.642
50902,0.142
88051,0.04
112463,0.238
51228,0.188
9409,0.394
26590,0.536
45444,0.994
122236,0.058
37108,0.98
81072,0.056
31534,0.872
111517,0.126
7170,0.084
48672,1.0
41145,0.98
32362,0.99
67631,0.662
19028,0.394
75467,0.108
71934,0.12
27179,0.268
123684,0.406
89587,0.01
62404,0.984
45589,0.73
102370,0.62
22829,0.83
7603,0.202
31490,0.994
7728,0.088
115225,0.838
117309,0.746
78164,0.028
93844,0.156
41757,0.584
42692,0.99
109434,0.062
88985,0.082
95479,0.854
47654,0.808
6278,0.398
59060,0.98
124250,0.956
8075,0.476
19839,0.362
119366,0.99
9924,0.59
107667,0.45
99117,0.704
8761,0.844
31579,0.948
23884,0.34
84330,0.042
85912,0.034
56551,0.818
61205,0.49
118156,0.162
92704,0.352
56985,0.966
63553,0.99
85102,0.026
117620,0.654
57300,0.298
122026,0.886
167,0.974
62326,0.956
65565,0.752
34607,0.958
95481,0.792
90259,0.026
12579,0.426
119867,0.174
77647,0.272
101580,0.388
46537,0.992
53010,0.976
49736,0.172
116243,0.348
89546,0.098
84698,0.0
66925,0.218
87485,0.116
72894,0.378
114993,0.522
50929,0.32
38244,0.938
39994,0.46
113997,0.172
76634,0.048
56655,0.946
74631,0.992
59015,0.966
43490,0.99
114656,0.598
75198,0.122
67928,0.21
39152,0.958
95058,0.47
60931,0.342
46106,0.902
68960,0.07
3035,0.96
32201,0.974
7996,0.19
97752,0.192
6799,0.414
5226,0.904
78243,0.02
33401,0.652
31656,0.982
40330,0.984
65660,0.974
73911,0.34
53003,0.97
97646,0.112
61145,0.968
122657,0.918
62759,0.354
31813,0.992
48992,0.968
97091,0.476
54328,0.73
32111,0.924
87571,0.034
55451,0.982
8034,0.072
67936,0.32
107471,0.64
35116,0.992
92587,0.564
86443,0.024
101494,0.442
66754,0.372
115819,0.764
78072,0.008
101891,0.492
111617,0.446
21924,0.92
116312,0.792
59724,0.962
78122,0.09
87956,0.036
111141,0.268
806,0.984
112767,0.284
75327,0.078
110949,0.076
1381,0.848
80452,0.092
76401,0.074
39026,0.962
107594,0.136
102689,0.608
25948,0.316
56426,0.914
77087,0.044
95733,0.092
20477,0.592
104114,0.302
110070,0.046
53098,0.978
48365,0.318
78040,0.008
120782,0.832
90787,0.016
95489,0.816
54576,0.968
37046,0.98
103256,0.514
88262,0.03
72369,0.842
87112,0.056
32146,0.932
120336,0.316
63847,0.262
101345,0.232
14168,0.872
6634,0.158
113766,0.892
56250,0.912
106840,0.926
26442,0.514
89959,0.226
34097,0.116
71194,0.328
76682,0.034
25188,0.996
93345,0.278
40219,0.95
37963,0.992
37705,0.266
115169,0.352
14067,0.11
23340,0.98
107289,0.758
76553,0.036
64391,0.93
40902,0.984
76035,0.08
4148,0.936
20329,0.956
2527,0.506
71932,0.074
51191,0.972
83344,0.024
82761,0.026
94056,0.984
23697,0.996
77371,0.06
90018,0.106
87598,0.028
20773,0.798
96895,0.592
33403,0.35
12998,0.328
48527,0.99
49270,0.53
36275,0.574
124514,0.958
104389,0.402
31693,0.788
111631,0.274
13633,0.74
10592,0.056
29744,0.904
74635,0.436
25966,0.428
21878,0.976
113518,0.366
6801,0.288
18439,0.248
105595,0.288
24406,0.23
26796,0.978
116505,0.844
15586,0.998
51277,0.514
119696,0.968
29353,0.28
94541,0.16
46159,1.0
58321,0.986
90592,0.048
7666,0.428
43892,1.0
109209,0.012
25637,0.342
121207,0.388
26842,0.99
65053,0.98
11854,0.112
40753,0.866
17911,0.972
64784,0.286
24852,0.438
52659,0.118
55502,0.958
9021,0.092
81232,0.184
14952,0.778
42917,0.988
86983,0.006
55444,0.972
83533,0.012
111552,0.104
30030,0.718
122531,0.546
108787,0.148
51010,0.214
123760,0.892
29539,0.924
112797,0.476
44,0.254
112392,0.494
24236,0.954
8447,0.652
104851,0.236
61087,0.984
1569,0.64
76680,0.01
92302,0.062
46516,0.932
108710,0.072
115516,0.796
60421,0.992
43914,0.916
51390,0.706
70112,0.61
117083,0.804
118913,0.256
26002,0.146
25296,0.826
114034,0.728
34331,0.586
19750,0.512
121851,0.446
76837,0.098
61276,0.954
82705,0.102
21847,0.982
107543,0.984
95014,0.86
10945,0.238
6262,0.318
112561,0.236
76177,0.034
44872,0.958
108603,0.596
22560,0.0
123123,0.97
98128,0.228
61535,0.424
81676,0.038
44067,0.868
72893,0.418
1472,0.408
66676,0.318
24770,0.934
39062,0.986
87169,0.02
108774,0.228
59537,0.954
123372,0.802
49096,0.748
6700,0.882
114215,0.318
44806,0.978
65661,0.984
122962,0.678
72459,0.304
49927,0.318
39354,0.858
73654,0.404
79175,0.21
101850,0.234
76266,0.026
61905,0.576
111114,0.41
10372,0.592
108408,0.626
50068,0.278
70136,0.624
50904,0.136
23311,0.99
10029,0.642
69304,0.686
29771,0.488
88951,0.048
72845,0.214
109101,0.148
28988,0.512
101596,0.72
39234,0.958
41907,0.996
86915,0.06
83174,0.046
63826,0.364
43656,0.972
47062,0.252
74519,0.124
30785,0.998
46178,0.874
98062,0.094
109651,0.026
103517,0.712
117977,0.132
78686,0.01
121251,0.482
56260,0.882
39072,0.998
97543,0.622
33550,0.22
22603,0.036
56596,0.744
56295,0.99
110817,0.108
72661,0.35
49702,0.974
115928,0.566
56537,0.942
98701,0.926
36273,0.64
42132,0.744
64122,0.832
78587,0.07
45658,0.404
114671,0.3
22413,0.954
83253,0.128
7165,0.458
48090,0.22
12836,0.896
93358,0.138
59520,0.988
13288,0.9
23341,0.902
6253,0.662
110281,0.02
1208,0.984
86830,0.052
19510,0.982
107760,0.444
68103,0.51
95798,0.578
50602,0.066
39768,0.996
95641,0.346
100998,0.464
69461,0.532
94974,0.674
69555,0.16
8340,0.304
95031,0.212
21258,0.016
116402,0.15
60049,0.414
100729,0.114
12338,0.288
76169,0.08
30622,0.98
35450,0.926
92450,0.682
63449,0.93
124581,0.776
70993,0.874
110408,0.222
65932,0.428
12011,0.176
10097,0.562
48262,0.294
33235,0.542
44384,0.992
70974,0.088
82260,0.112
97335,0.942
25897,0.21
31004,0.998
32372,1.0
9176,0.858
43264,0.976
67605,0.498
62567,0.698
8655,0.58
74448,0.73
124874,0.982
115135,0.116
2993,0.98
122366,0.716
104482,0.626
35042,0.91
90393,0.01
51592,0.328
122223,0.208
99557,0.666
80995,0.138
23153,0.448
69646,0.824
98976,0.148
92523,0.75
93642,0.974
8633,0.42
14751,0.968
121138,0.224
100231,0.716
44778,0.312
95723,0.132
90243,0.002
91677,0.092
87171,0.052
95474,0.83
36290,0.984
45299,0.924
22601,0.032
51999,0.228
33715,0.78
38459,0.998
105604,0.102
97717,0.682
105854,0.08
26595,0.932
42541,0.948
89787,0.006
24060,0.054
43604,0.99
11061,0.534
69551,0.23
48854,0.98
58110,0.728
77689,0.15
40897,0.774
66400,0.302
82787,0.072
101795,0.948
23651,0.998
62104,0.988
44517,0.952
35458,0.956
56904,0.98
16015,0.346
116150,0.332
114058,0.656
74645,0.326
6473,0.26
48361,0.866
76607,0.072
828,1.0
54466,0.426
58364,0.652
122115,0.14
51851,0.944
103376,0.066
43685,0.986
78213,0.076
29428,0.144
97712,0.582
32148,0.98
121878,0.606
34259,0.134
95979,0.214
62865,0.288
7431,0.202
64221,0.634
496,0.952
111647,0.25
7036,0.956
50036,0.278
65563,0.81
37175,0.488
36612,0.998
112879,0.308
43657,0.952
32222,0.298
809,0.996
66185,0.758
30596,0.982
990,0.974
41964,0.996
37742,0.98
39422,0.994
123330,0.764
42049,0.976
62253,0.992
50409,0.346
122662,0.86
12284,0.486
40463,0.996
104166,0.236
99150,0.604
11532,0.112
6420,0.376
93491,0.2
2856,0.264
84105,0.044
47029,0.076
124124,0.974
73647,0.218
111989,0.378
124810,0.986
118699,0.138
15984,0.166
12798,0.616
60364,0.978
93815,0.668
109593,0.112
96398,0.32
84660,0.0
83771,0.164
67432,0.36
5019,0.998
99110,0.418
21437,0.996
82611,0.104
125147,0.836
27132,0.476
45674,0.956
80125,0.122
116019,0.67
10386,0.426
70580,0.33
78326,0.048
12610,0.86
85851,0.086
9755,0.286
1545,0.31
18897,0.004
39028,0.994
97514,0.97
55730,0.442
61971,0.71
73573,0.158
78791,0.038
40352,0.98
90758,0.002
84000,0.074
42841,0.056
99711,0.71
90054,0.034
28803,0.98
91969,0.122
14866,0.958
62423,0.994
4680,0.902
122128,0.468
65799,0.422
237,0.12
67097,0.222
37938,0.994
10569,0.164
50552,0.746
50143,0.148
49471,0.804
78762,0.052
8278,0.48
99485,0.662
45951,0.958
107510,0.302
28158,0.294
80310,0.036
124409,0.852
68402,0.274
94845,0.276
69169,0.366
72989,0.88
18230,0.99
42517,0.984
30369,0.998
88329,0.036
73060,0.892
76835,0.1
112112,0.272
54420,0.546
97354,0.978
111230,0.332
39603,0.982
123744,0.9
72870,0.332
112892,0.528
88454,0.04
33456,0.934
99075,0.908
17476,0.966
43996,0.962
20733,0.08
48655,0.998
33892,0.066
57778,0.746
107262,0.992
23582,0.994
41454,0.984
90784,0.042
90217,0.004
76991,0.15
49488,0.272
40509,0.98
18922,0.028
57045,0.966
21490,0.988
61709,0.662
23461,0.202
57318,0.866
54082,0.286
69135,0.366
100667,0.532
110970,0.096
23347,0.9
14900,0.062
53126,0.962
40868,0.992
108078,0.566
109738,0.014
55155,0.35
50342,0.2
58001,0.986
41812,0.422
76954,0.11
43018,0.962
67768,0.574
89142,0.028
85819,0.032
120835,0.87
39760,0.908
116216,0.976
108514,0.496
115960,0.844
46717,0.98
29885,0.044
81857,0.086
60948,0.932
2889,0.626
54474,0.272
52030,0.716
117361,0.436
53290,0.768
90777,0.0
45786,0.208
116673,0.632
122735,0.754
14405,0.996
32189,0.97
24736,0.992
123434,0.874
30824,1.0
85340,0.064
58645,0.998
122952,0.792
60724,0.478
65255,0.082
101673,0.284
68572,0.626
13650,0.826
73617,0.33
78267,0.2
89355,0.026
105577,0.174
4808,0.982
63313,0.92
33919,0.976
12784,0.59
96583,0.316
1188,0.94
80371,0.034
16987,0.948
42379,0.95
106450,0.322
81577,0.084
117711,0.744
59337,0.916
78302,0.142
43429,0.986
31479,0.952
85758,0.026
17354,0.52
34655,0.992
88240,0.03
1500,0.914
104405,0.492
39110,0.986
47674,0.986
18581,0.51
83233,0.048
123106,0.664
27410,0.87
111350,0.374
50169,0.868
74532,0.272
25399,0.964
115297,0.494
1028,0.96
96026,0.088
99084,0.264
123938,0.974
34045,0.084
75918,0.062
124134,0.886
14044,0.846
2266,0.8
91362,0.02
7851,0.276
51499,0.192
109525,0.294
121549,0.922
409,0.726
118649,0.882
20414,0.988
99727,0.694
113109,0.1
22883,0.972
13250,0.672
116655,0.836
14722,0.986
110947,0.068
43765,0.164
22726,0.892
101024,0.044
106922,0.576
29922,0.0
8643,0.51
81356,0.03
78318,0.1
2479,0.422
110159,0.508
35030,0.988
109831,0.374
77069,0.066
95257,0.042
75402,0.048
60220,0.958
93974,0.13
105688,0.562
118077,0.218
88897,0.142
90275,0.034
114042,0.288
77333,0.006
22620,0.278
54729,0.932
49423,0.634
111952,0.254
122003,0.854
67595,0.43
85983,0.046
62566,0.63
118545,0.1
115230,0.892
3886,0.12
104619,0.602
39147,0.998
16885,0.414
85210,0.018
69862,0.676
66629,0.124
86526,0.012
22453,0.96
65992,0.412
117698,0.572
76941,0.018
78699,0.038
94884,0.234
64479,0.996
15194,0.386
110489,0.044
68767,0.07
82410,0.054
84058,0.024
54020,0.344
68873,0.01
117485,0.518
85564,0.102
46089,0.932
57581,0.948
83550,0.002
26952,0.814
77744,0.092
23145,0.544
92503,0.274
56602,0.842
25883,0.548
80641,0.044
29684,0.624
25224,0.692
60558,0.97
32918,0.94
43620,0.974
114434,0.738
32386,0.98
86576,0.028
70946,0.982
107090,0.988
14203,0.996
96339,0.626
52380,0.246
31697,0.91
107214,0.998
92643,0.052
92592,0.042
8430,0.444
46054,0.312
98233,0.204
112029,0.87
31138,0.506
103905,0.146
88363,0.024
18282,0.998
75980,0.102
99393,0.18
38836,0.97
96163,0.622
123985,0.956
2548,0.102
17178,0.524
2887,0.302
119596,0.604
35526,0.988
2810,0.204
88078,0.04
51039,0.61
80939,0.04
94341,0.23
95294,0.252
65031,0.436
121223,0.55
123544,0.918
104155,0.076
30995,0.69
53215,0.958
76739,0.028
93890,0.202
96130,0.834
66866,0.55
31011,0.99
59459,0.99
28620,0.18
107735,0.238
16101,0.766
119677,0.84
2437,0.86
72318,0.252
117442,0.4
2722,0.086
85961,0.07
4937,0.992
40597,0.876
17552,0.782
3788,0.404
35890,0.982
43915,0.944
46765,0.82
123701,0.366
4927,0.994
7178,0.204
13042,0.966
75768,0.008
63731,0.988
1588,0.896
60407,0.876
78082,0.0
59461,0.994
114212,0.22
93272,0.248
10360,0.324
980,0.976
120476,0.174
45471,0.946
100643,0.494
112073,0.506
49950,0.152
75068,0.166
27213,0.222
24894,0.016
52552,0.284
95915,0.244
77994,0.054
100365,0.158
33854,0.072
35455,0.998
76005,0.056
86380,0.032
39662,0.988
44458,0.992
93057,0.738
123881,0.758
38582,0.986
122623,0.788
58404,0.908
101680,0.178
88832,0.072
120528,0.582
25040,0.464
55256,0.964
114748,0.332
117805,0.368
74529,0.54
11935,0.126
81162,0.08
33279,0.296
53347,0.926
23685,1.0
46703,0.97
53729,0.418
30280,0.998
36547,0.472
71739,0.802
98079,0.022
108786,0.092
59565,0.932
9476,0.248
63547,0.966
30224,0.96
2040,0.894
54404,0.96
17543,0.506
30808,0.996
56559,0.866
80447,0.054
69209,0.222
19436,0.97
77749,0.076
6400,0.306
41477,0.996
95873,0.26
50760,0.95
105697,0.224
57088,0.952
69394,0.508
26133,0.898
113155,0.8
86727,0.132
82852,0.058
122983,0.766
53777,0.298
26360,0.316
83930,0.066
10215,0.206
65576,0.43
55697,0.524
10923,0.724
56204,0.48
66654,0.086
30095,0.002
7411,0.214
66164,0.742
17383,0.426
29232,0.926
107945,0.464
84211,0.078
80896,0.066
72718,0.72
26272,0.746
122263,0.724
44151,0.992
120973,0.876
7258,0.208
106626,0.134
78493,0.12
80365,0.03
10513,0.18
21619,0.99
86552,0.052
52177,0.368
52423,0.43
115151,0.3
115545,0.742
66519,0.36
41629,0.272
47948,0.972
109989,0.192
115916,0.716
43440,0.92
26871,0.97
86459,0.016
57083,0.986
84892,0.022
82649,0.016
116554,0.776
4757,0.842
58285,0.764
52123,0.784
43024,0.994
25178,0.984
64386,0.81
115637,0.912
67092,0.594
57565,0.93
43492,0.966
81675,0.024
45894,0.908
121008,0.656
95463,0.296
29375,0.374
6692,0.92
97340,0.964
26059,0.772
19109,0.62
60682,0.97
89831,0.074
123944,0.98
111477,0.536
6409,0.796
52701,0.44
28102,0.598
886,0.996
59708,0.954
23568,0.998
50388,0.416
47966,0.2
64249,0.908
19112,0.866
86046,0.03
30416,1.0
1644,0.79
122950,0.754
27264,0.464
112158,0.704
32378,0.994
27505,0.406
123138,0.936
78187,0.114
35456,0.912
79520,0.016
28737,0.974
106713,0.634
70567,0.512
55760,0.958
117074,0.282
88412,0.026
88282,0.112
5724,0.088
4063,0.84
81768,0.02
39070,0.992
60825,0.994
110671,0.034
54836,0.234
59668,0.972
116374,0.806
45057,0.998
88392,0.064
12974,0.722
37642,0.974
57214,0.914
67246,0.712
25551,0.522
14101,0.988
66590,0.094
25841,0.372
9946,0.062
35015,1.0
24907,0.004
64510,0.99
2745,0.046
1526,0.886
119482,0.504
29118,0.986
82352,0.082
40239,0.984
64493,0.988
123445,0.922
41085,0.172
72624,0.656
115157,0.848
56258,0.464
94586,0.29
11220,0.814
26576,0.47
80035,0.108
59108,0.664
59013,0.936
108502,0.52
46693,0.992
67028,0.48
12595,0.198
89894,0.104
61624,0.15
44880,1.0
25998,0.158
102703,0.294
92053,0.06
28429,0.208
58089,0.818
10612,0.04
111581,0.61
69794,0.408
4125,0.526
70086,0.062
44489,0.292
10581,0.148
106276,0.996
15924,0.484
83926,0.076
16077,0.392
78875,0.036
119294,0.872
107439,0.086
102584,0.272
4246,0.992
63600,0.98
16686,0.614
48903,0.992
63968,0.294
107499,0.164
32365,0.984
119286,0.272
99497,0.272
16347,0.734
40422,0.998
51810,0.962
67585,0.34
94413,0.246
30219,0.964
118763,0.782
97613,0.274
105243,0.754
87099,0.016
28243,0.108
16152,0.966
8489,0.092
115885,0.744
99751,0.486
69860,0.676
63477,0.53
36339,0.982
12827,0.668
75002,0.186
22231,0.728
13546,0.362
6224,0.634
83365,0.012
57516,0.962
109819,0.102
116789,0.666
83082,0.14
15453,0.998
55490,0.898
69224,0.498
19279,0.722
105261,0.356
26098,0.88
25541,0.976
35240,0.992
62380,0.992
80689,0.006
108995,0.034
74717,0.556
37833,0.99
30786,0.996
59501,0.864
73811,0.75
101159,0.204
37312,0.998
112875,0.106
44449,0.992
59615,0.992
111849,0.312
79249,0.05
109788,0.062
15405,0.972
90029,0.024
92392,0.21
30563,0.864
125152,0.754
6537,0.16
35158,0.62
3758,0.678
117113,0.684
106499,0.568
54606,0.528
55154,0.512
88709,0.022
79332,0.028
842,0.996
99116,0.618
9786,0.456
3964,0.394
89966,0.088
124460,0.914
14895,0.07
90893,0.02
24371,0.348
121034,0.14
110592,0.164
53841,0.138
56818,0.424
124612,0.956
50879,0.714
93313,0.314
101871,0.368
94084,0.87
14469,0.992
92366,0.608
77989,0.114
112202,0.598
36417,0.976
83297,0.176
110839,0.094
64184,0.136
34249,0.956
91655,0.064
18473,0.198
93353,0.63
29106,0.988
123079,0.888
14573,0.886
67945,0.544
120102,0.34
56535,0.966
13700,0.256
32240,0.298
40837,0.98
5843,0.04
86590,0.004
54618,0.848
68653,0.6
96589,0.266
12813,0.96
37254,0.992
65483,0.258
4858,0.914
60376,0.968
25113,1.0
21936,0.506
98832,0.318
3173,0.234
61168,0.968
37961,0.998
14448,0.998
61503,0.766
18352,0.024
60131,0.988
71432,0.188
67801,0.362
39427,0.866
124305,0.982
93973,0.106
39411,0.986
111423,0.134
93325,0.168
25328,0.814
29401,0.288
37341,0.99
35577,0.992
39094,0.998
35400,0.754
23538,0.99
45755,0.862
38025,0.99
32937,0.018
76601,0.128
106945,0.944
41962,0.98
12266,0.454
23352,0.868
72885,0.864
32038,0.702
78130,0.228
40815,0.93
20816,0.278
29488,0.7
96101,0.27
62916,0.542
80726,0.048
3854,0.368
52362,0.976
39002,0.898
61177,1.0
50297,0.73
107737,0.34
24930,0.576
74085,0.144
39556,0.95
87052,0.086
76989,0.01
109693,0.11
43295,0.938
27511,0.042
36691,0.906
15961,0.136
4248,0.992
106431,0.326
118005,0.248
31195,0.928
95579,0.774
77900,0.166
63045,0.866
104026,0.2
89545,0.084
8309,0.542
47770,0.834
85910,0.064
11114,0.024
9064,0.124
49832,0.274
105663,0.358
82722,0.086
39800,0.904
89531,0.188
55416,0.616
13248,0.256
62289,0.97
74044,0.516
14219,0.976
114914,0.554
113910,0.342
60535,0.974
71912,0.456
55783,0.908
53598,0.066
88056,0.01
6126,0.348
97649,0.256
30641,0.806
42759,0.948
15876,0.942
74678,0.31
116359,0.286
30439,0.976
27347,0.09
39995,0.932
107560,0.982
69867,0.718
77645,0.222
40667,0.974
113723,0.296
9881,0.82
71383,0.73
52528,0.398
100955,0.15
106084,0.502
80669,0.02
63229,0.936
108706,0.1
102848,0.132
67423,0.448
20927,0.916
47984,0.9
3969,0.684
54456,0.47
98595,0.528
47370,0.982
53276,0.222
54308,0.916
48971,0.954
27390,0.224
27145,0.742
13060,0.968
92578,0.044
111807,0.314
44802,0.94
106177,0.488
20672,0.998
108681,0.186
81065,0.166
28703,0.87
95861,0.506
52042,0.746
24968,0.588
38157,0.832
86057,0.034
51291,0.602
70078,0.096
51963,0.992
103711,0.106
96483,0.46
38883,0.71
13396,0.692
187,0.992
107285,0.314
18362,0.002
122830,0.888
20242,0.922
7573,0.526
61029,0.454
15695,0.294
80134,0.03
13880,0.376
12931,0.25
4391,0.954
100719,0.128
100721,0.582
76741,0.028
53144,0.984
75822,0.124
50469,0.902
47459,0.248
109874,0.136
27086,0.39
59049,0.986
89532,0.09
111563,0.406
9790,0.256
36001,0.904
104269,0.604
20955,0.808
68049,0.722
108038,0.44
79129,0.052
93221,0.978
15306,0.298
10560,0.08
85993,0.056
21054,0.782
15497,0.998
76551,0.052
83641,0.072
40693,0.968
21096,0.704
123034,0.796
75385,0.154
1709,0.512
93798,0.204
59311,0.956
55821,0.458
109310,0.036
27088,0.264
52349,0.778
116645,0.518
34383,0.79
8244,0.232
12201,0.806
9198,0.868
22235,0.544
84648,0.026
58058,0.916
114242,0.652
68130,0.422
10530,0.428
91180,0.128
102134,0.628
38349,0.904
31843,0.992
34479,0.938
23418,0.908
30158,0.016
14807,0.998
90456,0.024
50768,0.872
117454,0.49
76423,0.044
3099,0.716
104126,0.36
34133,0.062
27258,0.402
81243,0.02
95572,0.2
25610,0.048
1896,0.974
5920,0.666
94774,0.064
113541,0.232
114065,0.906
14023,0.652
3103,0.324
63863,0.714
107164,1.0
63027,0.584
74151,0.032
106320,0.994
23492,0.374
42165,0.988
49677,0.494
70087,0.37
5601,0.958
89933,0.03
45904,0.76
16542,0.322
19711,0.67
91509,0.062
80599,0.062
15223,0.832
91031,0.01
29875,0.076
3233,0.988
29739,0.368
17653,0.866
18820,0.904
109878,0.116
15088,0.082
1421,0.248
90272,0.016
99048,0.28
102819,0.29
47785,0.89
93512,0.436
36294,0.992
94526,0.93
52256,0.296
80245,0.23
97775,0.166
7254,0.436
56782,0.666
57913,0.934
99890,0.202
101346,0.26
115588,0.506
61448,0.958
13351,0.79
101959,0.26
88890,0.172
88204,0.058
11834,0.046
101061,0.468
16231,0.894
9576,0.65
11260,0.22
66597,0.07
73405,0.176
101211,0.604
17673,0.7
72219,0.28
65811,0.656
101187,0.752
27550,0.03
13615,0.778
116620,0.194
37181,0.998
48669,1.0
101846,0.758
85420,0.1
27187,0.472
121540,0.934
93775,0.808
39877,0.982
54793,0.44
106332,1.0
29852,0.056
3074,0.326
56127,0.944
50422,0.398
71888,0.376
110721,0.106
64518,0.988
61701,0.444
102138,0.646
7340,0.42
82873,0.244
66572,0.482
89243,0.03
28962,0.878
54103,0.61
50973,0.248
71098,0.512
13725,0.216
48360,0.87
70312,0.052
55405,0.934
82504,0.006
9162,0.656
121928,0.474
11037,0.086
103102,0.224
112090,0.572
53374,0.97
124628,0.968
59917,0.552
42550,0.286
95608,0.698
4727,0.992
52360,0.878
120487,0.726
18225,0.986
49999,0.636
111789,0.612
954,0.818
108981,0.128
4325,0.988
22806,0.488
47535,0.994
25619,0.092
29324,0.738
69871,0.624
75654,0.008
103615,0.296
100659,0.35
70632,0.192
98574,0.136
10956,0.384
33875,0.082
53436,0.996
73381,0.774
59821,0.954
102970,0.098
84193,0.2
122108,0.266
105297,0.314
119621,0.116
98244,0.556
82580,0.008
82445,0.048
50363,0.332
60051,0.842
105109,0.062
52945,0.524
20189,0.366
9665,0.882
62235,0.676
33112,0.89
22282,0.978
56405,0.98
23679,0.998
45847,0.97
65615,0.912
56511,0.87
75667,0.082
70402,0.378
45848,0.988
91420,0.128
110568,0.052
53828,0.262
51947,0.94
41607,0.16
99272,0.07
95288,0.212
34241,0.99
53688,0.166
20908,0.584
79141,0.036
44306,0.972
37363,0.572
82309,0.29
121147,0.096
46012,0.33
16911,0.15
42718,0.856
72225,0.654
68204,0.474
41213,0.994
7702,0.294
71548,0.41
8479,0.15
6818,0.814
5606,0.82
54556,0.294
98972,0.354
104023,0.176
105117,0.188
38787,0.888
11091,0.194
112852,0.93
28045,0.128
61377,0.496
98169,0.912
106643,0.502
4777,0.146
17706,0.496
21993,0.004
53919,0.252
100214,0.364
74249,0.662
28587,0.482
114335,0.166
41229,0.996
47466,0.876
99686,0.18
94261,0.996
30344,0.99
80722,0.19
4226,0.892
46246,0.908
86047,0.04
77875,0.092
113412,0.712
22607,0.002
17813,0.894
62282,0.948
79200,0.224
46171,1.0
95277,0.11
42615,0.87
31689,0.956
13055,0.984
32074,0.986
5600,0.982
111084,0.086
12941,0.358
104681,0.29
15811,0.214
4433,0.602
105761,0.578
107975,0.212
102613,0.25
12871,0.632
84206,0.032
105560,0.544
33712,0.978
105412,0.594
72713,0.558
64725,0.65
13766,0.034
87432,0.152
17722,0.096
83282,0.058
50513,0.988
28315,0.048
122104,0.61
118235,0.264
47138,0.98
39306,0.276
124451,0.92
83563,0.018
85541,0.09
43779,0.174
95512,0.128
115796,0.636
95772,0.3
71911,0.66
125159,0.666
113225,0.648
21740,0.988
103432,0.082
67732,0.638
45982,0.726
57684,0.902
106178,0.234
60258,0.956
15155,0.91
51097,0.534
95604,0.77
97584,0.294
17700,0.82
17088,0.21
109597,0.082
5875,0.168
66019,0.352
29287,0.334
16278,0.762
79889,0.07
7364,0.382
72403,0.712
124703,0.5
77296,0.062
7896,0.256
62813,0.49
72996,0.964
14638,0.986
52386,0.354
79687,0.094
91000,0.022
89753,0.064
8120,0.616
56280,0.992
78366,0.026
60230,0.844
23255,0.984
99893,0.896
89138,0.028
83461,0.058
104091,0.322
121761,0.516
108943,0.154
16363,0.286
97405,0.922
24056,0.002
99967,0.222
88357,0.068
60492,0.87
96754,0.998
119523,0.872
54763,0.106
56925,0.998
7712,0.2
109124,0.108
62835,0.936
50496,0.95
36544,0.538
39578,0.944
70740,0.482
109615,0.13
116403,0.408
117462,0.53
76331,0.016
61801,0.264
72640,0.334
94218,0.98
81323,0.014
85768,0.11
59818,0.984
110830,0.144
64732,0.518
60927,0.252
117675,0.35
124165,0.952
23940,0.72
86953,0.084
75649,0.004
84725,0.03
32766,0.93
60978,0.734
27557,0.014
11311,0.756
79620,0.068
61787,0.294
49973,0.628
56205,0.486
51693,0.216
80831,0.038
55248,0.392
35912,0.96
97451,0.928
47591,0.998
47878,0.626
106549,0.18
21866,0.964
90881,0.18
54765,0.876
87258,0.076
58497,0.946
86363,0.032
72028,0.356
16449,0.66
84987,0.1
72896,0.696
52084,0.892
44035,0.416
114995,0.812
26573,0.832
16523,0.264
95738,0.44
80725,0.032
97902,0.05
120793,0.93
55528,0.946
96331,0.55
88024,0.084
79411,0.022
56675,0.922
47188,0.956
23330,0.958
96664,0.984
63671,0.996
18554,0.274
67001,0.432
64136,0.574
43612,0.986
112638,0.616
61497,0.928
41313,0.876
35617,0.988
78215,0.096
10288,0.522
90242,0.078
18422,0.42
116464,0.954
13830,0.164
57668,0.658
45284,0.978
103078,0.704
44975,0.99
5971,0.058
70711,0.17
41942,0.972
79357,0.034
81625,0.036
95377,0.498
33656,0.894
22171,0.998
50936,0.928
19219,0.954
50421,0.084
89677,0.02
119799,0.342
54637,0.902
37419,0.896
48325,0.872
119740,0.796
58771,0.802
92933,0.998
45453,0.96
68991,0.15
50950,0.704
42169,0.952
35339,0.212
84813,0.014
77003,0.116
97998,0.984
67572,0.642
6707,0.916
38730,0.964
36795,0.978
41277,0.994
11593,0.168
47760,0.842
95692,0.272
95232,0.31
116126,0.386
4197,0.112
43261,0.976
8436,0.372
27217,0.164
109163,0.122
102894,0.6
123412,0.962
37345,0.992
46692,0.998
111953,0.556
13378,0.696
9135,0.654
12145,0.332
37488,0.888
95645,0.608
91982,0.066
116711,0.298
91260,0.086
47671,0.986
59368,0.44
38804,0.97
36046,0.706
32128,0.978
39951,0.918
119852,0.444
111186,0.49
9125,0.646
17745,0.602
102448,0.082
57859,0.95
72297,0.784
55157,0.37
124924,0.83
3479,0.192
8450,0.514
17631,0.596
20381,0.964
56063,0.97
104227,0.222
24924,0.316
49334,0.58
9866,0.81
111211,0.158
59688,0.976
107455,0.26
20690,0.986
47091,0.952
90182,0.08
42159,0.98
73234,0.358
122425,0.44
69556,0.298
59147,0.932
52090,0.98
107392,0.552
54594,0.286
41343,0.778
8025,0.146
32122,0.916
123103,0.95
103691,0.558
7611,0.482
18933,0.038
43662,0.29
1072,0.168
70736,0.506
121283,0.488
64154,0.4
5912,0.584
115709,0.764
73532,0.19
39550,0.978
4889,0.998
37863,0.994
69528,0.116
72752,0.394
118330,0.158
33202,0.178
112554,0.598
68781,0.076
67964,0.636
253,0.254
82304,0.082
31229,0.962
51849,0.976
18888,0.052
63919,0.858
47935,0.354
24233,0.888
102346,0.444
71029,0.522
92519,0.75
71417,0.17
42282,0.17
29823,0.952
57175,0.982
1009,0.99
92165,0.428
48036,0.132
105148,0.382
31189,0.982
70672,0.58
80659,0.062
59780,0.382
9184,0.9
53199,0.274
119131,0.174
11415,0.806
3626,0.734
4732,0.99
39918,0.99
62881,0.922
39974,0.922
60197,0.676
48225,0.998
83458,0.026
119184,0.642
11266,0.376
72115,0.46
834,0.966
69357,0.238
19438,0.924
111692,0.304
101758,0.952
436,0.074
40076,0.996
72594,0.236
117841,0.83
52057,0.904
29282,0.9
87675,0.012
4911,0.976
101121,0.548
39809,0.994
100071,0.084
40553,0.914
14119,0.998
104103,0.256
21172,0.006
36945,0.458
69547,0.156
110811,0.034
68187,0.432
28395,0.288
6348,0.83
97112,0.388
89398,0.054
99213,0.104
60365,0.958
39142,0.988
95901,0.106
28432,0.254
109840,0.152
13205,0.672
8303,0.534
121174,0.506
74050,0.128
78944,0.104
93437,0.244
88571,0.088
94003,0.994
86396,0.012
114425,0.824
56896,0.996
47176,0.748
62415,1.0
104551,0.416
72521,0.444
13675,0.534
59906,0.822
88376,0.128
75894,0.064
35952,0.99
99937,0.188
31246,0.982
78384,0.092
57059,0.98
59938,0.8
82529,0.01
64351,0.852
84489,0.032
116733,0.822
66758,0.392
29124,0.968
40044,0.84
116295,0.788
95362,0.102
98978,0.368
83548,0.018
109212,0.01
35157,0.382
35449,0.98
33952,0.992
115064,0.886
3791,0.146
36538,0.884
4021,0.31
124349,0.84
48240,0.96
48729,0.986
61262,0.91
104878,0.154
70926,0.968
35759,1.0
78773,0.048
27192,0.598
3549,0.382
97255,0.392
92663,0.77
92158,0.408
110924,0.054
113575,0.414
51391,0.818
31484,0.948
113545,0.376
78245,0.07
65282,0.784
59659,0.998
63023,0.808
114851,0.242
19290,0.86
97175,0.124
55719,0.164
10014,0.224
67666,0.77
67783,0.408
106529,0.4
104883,0.782
53205,0.812
58156,0.614
42620,0.988
53188,0.538
32508,0.71
12213,0.866
110347,0.168
25402,0.986
121810,0.876
90252,0.018
28124,0.236
82089,0.018
31125,0.546
20351,0.972
15783,0.918
51197,0.894
47356,0.95
47712,0.408
106661,0.154
54607,0.254
97170,0.07
7406,0.724
48708,0.994
123334,0.876
68727,0.036
46027,0.406
30774,0.996
29617,0.8
99058,0.698
110121,0.128
45397,0.892
74149,0.05
95977,0.104
113555,0.672
120180,0.892
18692,0.712
35096,0.802
39697,0.99
73810,0.12
106646,0.434
34882,0.384
60476,0.974
111826,0.348
45401,0.93
124760,0.474
63396,0.954
106168,0.29
34888,0.748
87516,0.032
105928,0.856
72263,0.868
115584,0.16
61181,0.828
28733,0.528
114862,0.74
65547,0.386
84982,0.044
72212,0.708
91746,0.058
83391,0.064
68466,0.448
104988,0.574
86377,0.058
81737,0.052
106491,0.338
117125,0.696
74117,0.382
62269,0.99
45169,0.734
19606,0.73
65359,0.962
17425,0.176
52819,0.902
26148,0.32
109698,0.19
19162,0.996
59100,0.496
86492,0.014
2193,0.806
119785,0.19
92934,0.99
121024,0.626
425,0.288
92899,1.0
81483,0.076
57266,0.986
80958,0.016
103416,0.298
14253,0.04
47309,0.198
19353,0.772
81204,0.11
50628,0.652
91922,0.136
109945,0.078
118902,0.936
13807,0.218
49905,0.064
8871,0.144
23342,0.27
113322,0.03
17068,0.3
64123,0.226
82344,0.188
1326,0.95
4564,0.828
41119,0.994
30023,0.478
84417,0.042
93589,0.602
66543,0.138
28093,0.82
24174,0.98
8527,0.826
33381,0.396
40973,0.962
96083,0.194
28190,0.494
43751,0.958
34810,0.972
28849,0.804
64957,0.186
23814,0.198
11497,0.022
81456,0.166
71146,0.064
64162,0.246
2215,0.75
30653,0.998
71467,0.102
68392,0.646
110365,0.14
848,0.936
86401,0.04
53842,0.164
75138,0.044
97837,0.202
121715,0.982
57433,0.968
61493,0.926
41395,0.96
123692,0.744
9263,0.398
97303,0.786
91112,0.066
54074,0.17
30131,0.006
8839,0.18
53554,0.612
20204,0.156
92293,0.094
100458,0.302
116437,0.712
45207,0.166
59250,0.634
25989,0.318
82877,0.04
73523,0.424
90699,0.026
17467,0.956
50481,0.872
74868,0.698
121230,0.652
45730,0.132
89224,0.05
35375,0.186
106711,0.518
16668,0.906
92494,0.584
1058,0.832
50055,0.118
84609,0.082
65387,0.312
70857,0.682
93388,0.59
89458,0.022
77560,0.066
24848,0.324
82318,0.008
123398,0.824
54827,0.356
77734,0.162
94821,0.158
37025,0.988
41111,0.992
42674,0.996
69063,0.55
29584,0.968
93733,0.872
4323,0.912
57651,0.804
60526,0.976
24273,0.624
75322,0.064
60614,0.736
55213,0.586
39435,0.602
104496,0.31
93741,0.796
97577,0.36
21618,0.98
34824,0.914
93834,0.152
87305,0.166
113176,0.262
123865,0.736
48320,0.872
59751,0.85
108547,0.688
64739,0.67
2341,0.772
58540,0.916
20819,0.136
44509,0.992
19121,0.012
62343,0.992
109454,0.12
2840,0.294
57887,0.988
63772,0.84
60621,0.688
4118,0.974
55592,0.99
16024,0.532
7691,0.43
10011,0.056
56421,0.72
31593,0.972
56907,0.958
56543,0.906
59014,0.982
124970,0.556
94207,0.908
72088,0.108
96340,0.186
77508,0.064
19215,0.988
89141,0.066
96862,0.204
121828,0.282
47104,0.862
122152,0.696
102433,0.808
53457,0.986
69799,0.496
72093,0.176
56038,0.86
43003,0.982
69883,0.48
13735,0.666
74229,0.164
122495,0.838
25279,0.954
99928,0.278
50060,0.16
97594,0.276
37428,0.978
96815,0.198
2369,0.884
2618,0.884
51394,0.754
19092,0.946
10968,0.35
42636,0.298
22925,0.98
60892,0.702
62714,0.516
9037,0.574
40573,0.756
86089,0.044
44369,0.992
74816,0.13
26108,0.454
16868,0.228
115780,0.3
118668,0.798
73074,0.37
123,0.946
38017,0.986
4280,0.986
104513,0.202
69873,0.39
17937,0.916
78734,0.056
104029,0.392
86062,0.182
81599,0.018
116197,0.882
105339,0.272
25467,0.904
82613,0.004
13431,0.704
95207,0.118
11919,0.18
101186,0.24
42084,0.374
78835,0.104
37524,0.982
28975,0.354
118885,0.96
44253,0.984
78211,0.062
10786,0.882
50819,0.686
86950,0.078
50129,0.918
123818,0.272
1400,0.392
63030,0.718
102028,0.524
95443,0.176
92195,0.292
19583,0.758
8068,0.614
40080,0.946
53317,0.872
15923,0.852
30285,0.998
67612,0.356
75193,0.218
110510,0.112
106093,0.788
101274,0.104
42093,0.982
40247,0.934
12504,0.41
35149,0.458
4531,0.962
75459,0.082
6756,0.186
55545,0.9
101339,0.186
32850,0.978
96849,0.26
63066,0.808
4920,0.968
4759,0.9
81014,0.136
102129,0.384
99809,0.156
16876,0.352
70211,0.48
30487,0.996
98638,0.146
26082,0.29
109894,0.378
120825,0.756
97082,0.106
12686,0.076
7962,0.694
109179,0.254
55935,0.9
97216,0.808
106328,0.976
54352,0.964
49937,0.54
16477,0.324
44916,0.976
47839,0.584
13684,0.306
2285,0.578
35044,0.994
21088,0.758
15815,0.722
56639,0.956
70212,0.156
50583,0.926
107913,0.328
106108,0.314
22882,0.922
10496,0.112
19520,0.988
35542,0.956
36516,0.98
67359,0.574
116208,0.956
99543,0.23
118589,0.284
124981,0.57
33675,0.98
22970,0.202
51586,0.388
61746,0.872
10875,0.09
78324,0.124
34964,0.99
54958,0.982
123232,0.976
48018,0.844
53102,0.99
21533,0.996
36645,0.984
101237,0.152
69117,0.346
2075,0.944
53419,0.952
36830,0.996
61419,0.968
2110,0.76
55645,0.614
67047,0.244
53453,0.936
44021,0.964
965,0.748
61749,0.676
5406,0.952
30608,0.98
77418,0.028
90179,0.21
62407,0.992
81448,0.06
34108,0.064
112748,0.202
115028,0.168
42916,0.908
124306,0.978
20876,0.054
7829,0.212
50384,0.176
11327,0.42
57536,0.952
95569,0.542
44703,0.062
8098,0.618
86078,0.038
39593,0.946
3462,0.35
8543,0.968
2336,0.26
84570,0.116
9532,0.606
101393,0.246
60440,0.476
44577,0.986
73691,0.554
121381,0.33
83963,0.15
25818,0.02
3226,0.682
79808,0.066
44793,0.96
105670,0.542
67368,0.466
89064,0.086
120633,0.918
90888,0.06
91952,0.106
57576,0.948
44200,0.804
119775,0.276
106299,0.996
60416,0.452
93312,0.386
35140,0.98
70842,0.178
36924,0.256
102751,0.536
2942,0.91
94483,0.264
117191,0.718
77521,0.126
122604,0.842
47035,0.09
67526,0.676
75722,0.0
68133,0.36
59987,0.348
116300,0.716
34657,0.808
86897,0.074
9009,0.106
92617,0.148
46267,0.998
11727,0.642
63077,0.966
91408,0.034
54850,0.856
66674,0.45
19587,0.788
95537,0.376
75775,0.068
121232,0.668
31558,0.968
93917,0.036
29950,0.032
99332,0.46
107320,0.994
24871,0.172
82708,0.068
86024,0.036
6615,0.212
23748,0.986
112002,0.7
38566,0.962
867,0.99
116188,0.936
33861,0.162
97179,0.07
117626,0.908
2891,0.358
17575,0.468
58012,0.928
90504,0.126
97508,0.842
95016,0.878
54489,0.272
94104,0.992
93458,0.444
27108,0.836
120198,0.544
57869,0.908
118334,0.242
109599,0.172
87329,0.036
107020,0.982
82162,0.036
66847,0.312
54322,0.99
19745,0.62
40728,0.99
64437,0.99
109222,0.03
42151,0.528
37158,0.99
118462,0.718
78821,0.122
61726,0.922
84809,0.016
58621,0.996
24623,0.738
93827,0.204
37026,0.988
32932,0.008
89297,0.008
33371,0.628
109090,0.174
115715,0.556
87242,0.082
88566,0.15
73258,0.278
79490,0.03
33408,0.362
37995,0.996
101410,0.586
117421,0.244
47401,0.95
62673,0.582
18677,0.64
119718,0.646
118689,0.146
104356,0.42
71285,0.232
43197,0.91
46667,0.984
74666,0.224
7204,0.356
65492,0.8
55962,0.936
11559,0.696
74415,0.34
88572,0.078
3394,0.216
31372,0.974
15763,0.728
84752,0.05
56987,0.972
63152,0.984
80428,0.08
89752,0.026
41297,0.964
90017,0.074
64954,0.866
114111,0.574
65831,0.944
30304,1.0
118933,0.358
98891,0.034
105597,0.43
121293,0.44
57932,0.954
46140,0.998
32952,0.002
99139,0.624
28922,0.95
23671,0.998
99396,0.84
25594,0.218
113646,0.27
93778,0.812
29765,0.566
60577,0.728
51890,0.254
14825,0.998
14255,0.056
34380,0.102
118388,0.23
110713,0.064
116758,0.892
47550,0.992
37670,0.998
112623,0.682
110954,0.158
93439,0.226
71903,0.216
79467,0.028
32051,0.98
104854,0.616
21592,0.96
48577,0.988
32707,0.43
84468,0.066
30708,0.992
98458,0.502
105031,0.212
70272,0.438
25298,0.296
74310,0.464
79476,0.05
71329,0.416
97869,0.012
54148,0.228
83522,0.064
98733,0.082
60813,0.942
2504,0.388
110085,0.046
108503,0.4
21843,0.954
23797,0.206
103579,0.244
25916,0.904
109471,0.162
22932,0.86
124243,0.674
58547,0.862
14879,0.802
123501,0.916
24555,0.012
58622,0.998
50668,0.97
79987,0.064
92455,0.5
73387,0.832
3625,0.68
54769,0.808
53643,0.172
123733,0.976
22218,0.982
47064,0.372
3900,0.458
64309,0.924
45412,0.946
31719,0.992
112290,0.294
37596,0.956
82503,0.002
93130,0.952
36599,0.98
92352,0.43
22439,0.992
70898,0.532
100007,0.426
97167,0.14
47503,0.998
69295,0.662
66032,0.446
43689,0.956
47365,0.97
11989,0.088
64049,0.392
37530,0.994
33874,0.04
3123,0.708
8855,0.546
44615,0.996
93542,0.294
74082,0.172
81390,0.166
89524,0.234
41139,0.996
45233,0.736
75026,0.026
20447,0.984
110779,0.118
10979,0.544
106689,0.29
9390,0.178
14186,0.994
85869,0.156
18688,0.56
27409,0.358
3077,0.76
78903,0.116
25747,0.378
5127,0.994
70920,0.976
100553,0.326
116084,0.518
116182,0.924
109692,0.044
24861,0.51
88039,0.216
35432,0.756
56256,0.842
82589,0.074
50298,0.23
48532,0.984
83413,0.032
83194,0.088
48751,0.818
1800,0.808
12996,0.342
52017,0.308
107373,0.398
70858,0.796
118750,0.254
116587,0.606
77184,0.084
82942,0.012
53967,0.48
38992,0.996
24522,0.026
31709,0.988
80229,0.07
10721,0.262
5014,0.934
117288,0.144
29080,0.562
14301,0.288
65350,0.98
124469,0.738
7069,0.562
28327,0.076
121099,0.74
16891,0.534
20871,0.046
16455,0.412
106662,0.572
25527,0.806
46473,0.808
12426,0.282
98576,0.592
95554,0.254
72269,0.126
67460,0.376
84132,0.05
121158,0.54
97523,0.964
53265,0.924
23733,0.988
61350,0.94
91011,0.128
14566,0.998
70686,0.46
83566,0.008
113121,0.492
85689,0.106
40181,0.688
47964,0.988
5053,0.998
19908,0.48
52842,0.352
33829,0.05
93334,0.478
114349,0.114
80230,0.082
110326,0.03
76748,0.04
27166,0.748
76831,0.024
65283,0.854
108438,0.266
76379,0.24
43419,0.914
73777,0.208
61582,0.888
101463,0.542
119234,0.366
24324,0.402
21975,0.004
15099,0.114
116629,0.644
33261,0.152
53183,0.292
67638,0.322
75103,0.112
47989,1.0
119521,0.816
31939,0.972
38072,0.996
97682,0.134
8024,0.22
84021,0.036
909,0.992
119682,0.334
2230,0.794
104069,0.35
33023,0.002
109823,0.056
22989,0.128
125115,0.462
21478,0.936
91800,0.0
101873,0.736
121426,0.952
54822,0.136
48876,0.762
110023,0.018
49899,0.086
15419,0.996
52288,0.876
86804,0.036
43812,0.814
57781,0.616
69052,0.376
98086,0.094
9530,0.628
85282,0.078
37510,0.91
84820,0.038
39672,0.994
37659,0.992
122153,0.366
55118,0.942
44717,0.286
87627,0.056
62913,0.45
64384,0.382
21484,0.988
123222,0.968
14406,1.0
10005,0.948
18798,0.962
44933,0.922
80844,0.024
100762,0.29
33812,0.314
42266,0.454
90440,0.142
58446,0.74
114610,0.884
48584,0.968
31112,0.48
25945,0.266
95124,0.806
7613,0.298
3331,0.182
108049,0.736
75648,0.054
45058,0.996
60307,0.638
82022,0.12
56868,0.402
96918,0.884
118220,0.272
53474,0.25
106693,0.434
64613,0.528
62445,0.976
122228,0.15
122714,0.702
40975,0.998
18005,0.196
84469,0.11
27597,0.182
103712,0.342
41604,0.116
91278,0.018
40106,0.868
22438,0.964
92897,1.0
75966,0.1
117877,0.394
82519,0.018
46147,0.996
116354,0.842
86302,0.052
48737,0.594
7252,0.598
92575,0.048
48675,0.992
101974,0.688
70379,0.29
39012,0.99
106253,0.994
21098,0.526
61502,0.926
39518,0.696
44851,0.94
39303,0.848
122434,0.692
102146,0.342
14391,1.0
38849,0.988
89823,0.028
68972,0.05
9118,0.72
78,0.442
26555,0.328
43969,0.996
75430,0.198
86209,0.03
15548,0.996
109364,0.048
64216,0.408
64481,0.996
31211,0.928
67935,0.212
92741,0.6
113844,0.794
29675,0.868
22495,0.92
106761,0.988
103499,0.22
119084,0.716
8094,0.43
52835,0.5
67128,0.244
27548,0.11
63125,0.976
96151,0.318
78490,0.048
32,0.288
104342,0.862
110416,0.366
3236,0.986
90727,0.008
70639,0.474
122269,0.628
78094,0.002
124634,0.98
85396,0.114
66971,0.466
46814,0.232
64324,0.932
93592,0.808
97496,0.778
26670,0.888
6655,0.168
105424,0.68
28624,0.844
59272,0.928
74449,0.812
23894,0.498
90262,0.002
73360,0.11
120352,0.882
18455,0.328
55448,0.99
84772,0.014
88750,0.042
48633,0.984
59444,0.978
121009,0.7
115368,0.202
113820,0.644
95329,0.528
55657,0.652
30292,1.0
105294,0.774
67317,0.14
12979,0.508
84571,0.132
64522,0.936
13962,0.044
48938,0.998
77610,0.134
64183,0.086
31667,0.084
52081,0.972
114011,0.242
37242,1.0
42651,0.988
13021,0.552
81507,0.026
50591,0.052
66566,0.11
51200,0.82
15097,0.138
103051,0.134
37858,0.998
33846,0.378
55814,0.974
123116,0.982
28474,0.152
75886,0.114
31386,0.93
123356,0.702
69106,0.68
60673,0.972
15205,0.846
81613,0.034
65117,0.306
25168,0.996
42201,0.978
83588,0.182
27663,0.01
61400,0.988
68784,0.008
24737,0.938
43017,0.994
63190,0.592
34075,0.304
10678,0.508
97135,0.198
40345,1.0
56304,0.98
34060,0.096
88027,0.03
55447,0.83
69205,0.142
49833,0.228
61837,0.964
13153,0.448
58393,0.828
84864,0.178
44376,0.996
1686,0.852
76178,0.02
45642,0.912
37971,0.996
8412,0.082
118904,0.682
7638,0.27
63788,0.508
62311,0.974
98951,0.384
119625,0.882
3276,0.412
88182,0.012
77576,0.004
102477,0.728
47005,0.462
50619,0.24
35855,0.972
15707,0.084
91837,0.006
49679,0.94
4754,0.78
78058,0.014
95126,0.802
89063,0.084
16607,0.358
49515,0.372
25064,1.0
40082,0.992
46064,0.856
66885,0.426
70901,0.3
73829,0.082
6733,0.424
61992,0.982
67887,0.118
80639,0.012
100075,0.19
90855,0.002
21106,0.374
102495,0.746
78840,0.022
11616,0.37
25171,0.99
92692,0.576
37743,0.998
12293,0.218
17140,0.314
42426,0.97
308,0.296
14565,1.0
124504,0.94
64514,0.988
102971,0.158
43112,0.604
48831,0.998
40801,0.832
49181,0.506
118583,0.114
41727,0.716
11000,0.052
100529,0.44
52616,0.358
55671,0.884
15328,0.202
24094,0.0
120543,0.752
61171,0.956
54534,0.746
82374,0.01
60694,0.94
84478,0.082
95312,0.228
92036,0.126
41999,0.956
63498,0.94
58708,0.88
112546,0.452
110509,0.026
112032,0.512
40434,0.506
123982,0.942
26679,0.976
77253,0.118
44064,0.956
92282,0.192
37546,0.644
3748,0.18
119954,0.256
65693,0.762
93344,0.218
6551,0.372
47594,0.83
54499,0.196
22711,0.892
54139,0.182
21525,0.974
75024,0.118
29859,0.058
85663,0.052
43172,0.978
2405,0.234
29659,0.34
27523,0.19
106593,0.09
114836,0.78
38478,0.884
67982,0.402
19844,0.436
22346,0.978
92186,0.326
40283,0.986
39460,0.804
56057,0.97
92206,0.26
123699,0.718
12080,0.58
36982,0.904
93951,0.102
54041,0.244
13188,0.714
120150,0.714
114898,0.476
12859,0.384
65914,0.414
77266,0.092
40401,0.97
74601,0.984
72980,0.988
115887,0.462
82462,0.106
34006,0.226
62331,0.972
47471,0.936
101860,0.27
15430,0.994
99188,0.134
122744,0.668
75185,0.124
67725,0.258
7277,0.736
35012,0.994
33954,0.872
101342,0.16
74916,0.234
109861,0.224
74421,0.328
82161,0.104
59296,0.928
48038,0.194
22942,0.982
1345,0.62
12992,0.72
68520,0.36
56780,0.534
41272,0.992
1206,0.958
72478,0.232
80835,0.014
42161,0.974
52250,0.728
58403,0.878
42514,0.996
11620,0.432
32041,0.988
34706,0.966
32290,0.504
102662,0.444
56956,0.994
22598,0.0
92776,0.612
71883,0.29
19513,0.976
83146,0.044
59229,0.994
7245,0.546
82864,0.034
101055,0.792
4767,0.924
79749,0.102
82137,0.048
106931,0.952
61733,0.142
8849,0.312
6835,0.894
87789,0.028
50486,0.944
29847,0.206
115047,0.696
76021,0.212
21769,0.78
62734,0.294
30968,0.986
97326,0.966
98091,0.082
14111,0.976
119201,0.528
43703,0.942
45940,0.992
92486,0.066
56579,0.88
23524,0.994
68306,0.468
94909,0.262
119192,0.838
107960,0.776
61302,0.272
112598,0.844
28875,0.88
52556,0.216
44220,0.648
123798,0.444
61203,0.286
17331,0.898
28306,0.028
41143,0.994
57180,0.968
73771,0.108
4722,0.986
49486,0.268
8374,0.12
56141,0.612
102008,0.254
69639,0.978
81074,0.178
103352,0.156
50978,0.386
10762,0.184
25723,0.354
79659,0.02
93043,1.0
63024,0.956
102198,0.272
121608,0.722
37522,0.996
81169,0.05
102941,0.396
124984,0.808
69322,0.62
106271,0.992
28129,0.408
48346,0.942
113661,0.82
49717,0.172
24558,0.008
87061,0.152
81626,0.008
107378,0.312
111411,0.11
47906,0.656
86441,0.13
84071,0.034
48299,0.484
9978,0.1
50731,0.292
109474,0.098
77963,0.06
62556,0.32
59863,0.288
40550,0.98
99685,0.39
45731,0.094
74472,0.21
17633,0.574
112809,0.322
40049,0.992
113038,0.448
92128,0.264
35940,0.992
30648,0.998
15605,0.996
21686,0.856
41855,0.364
110243,0.066
115331,0.486
79842,0.064
1895,0.842
86083,0.064
37442,0.89
4723,0.99
63620,0.832
27972,0.09
32406,0.984
115476,0.7
105732,0.59
676,1.0
90369,0.05
71874,0.212
12361,0.278
98030,0.846
99104,0.654
113295,0.026
37976,0.952
69798,0.204
23043,0.982
121246,0.74
33600,0.208
96840,0.752
72048,0.702
110328,0.062
97860,0.036
39195,0.934
124808,0.912
111555,0.222
87009,0.024
99842,0.12
79871,0.038
2530,0.592
20691,0.988
100754,0.404
5586,0.984
124582,0.916
49926,0.12
41669,0.186
51098,0.37
85832,0.022
20248,0.742
35447,1.0
98524,0.648
6446,0.286
112406,0.362
17357,0.134
9891,0.362
82501,0.03
63059,0.11
95370,0.674
115650,0.87
109284,0.014
74543,0.984
5353,0.896
120560,0.688
68953,0.064
77851,0.028
28722,0.916
69012,0.68
27093,0.678
120967,0.716
98772,0.118
11808,0.574
43036,0.976
100164,0.816
87623,0.056
76849,0.006
76851,0.03
109817,0.356
13197,0.622
108991,0.088
55946,0.89
52782,0.882
58870,0.826
57696,0.546
17816,0.954
13466,0.638
65466,0.192
63197,0.952
45345,0.86
12442,0.766
16102,0.626
81107,0.024
123305,0.972
124140,0.952
51532,0.094
77815,0.012
112191,0.336
81856,0.058
58203,0.982
27715,0.402
121536,0.82
85752,0.084
108228,0.966
58232,0.994
6713,0.912
61076,0.942
10629,0.436
63927,0.826
70785,0.668
40353,0.988
10090,0.452
57071,0.982
87105,0.08
4665,0.91
115436,0.748
36342,0.974
42302,0.894
14835,0.99
109436,0.116
5191,0.996
22480,0.842
111193,0.532
78917,0.122
81221,0.048
16723,0.806
47633,0.964
37260,0.928
75168,0.014
21431,0.992
75384,0.092
96890,0.244
35508,0.248
107346,0.996
60648,0.868
65657,0.918
109184,0.246
10995,0.126
5096,0.994
99250,0.172
103206,0.172
21290,0.068
40231,0.954
115959,0.858
43619,0.994
116514,0.698
66426,0.132
64422,0.998
101809,0.764
79698,0.004
83009,0.03
77302,0.042
22016,0.242
74468,0.23
10667,0.282
23516,0.988
105125,0.548
18110,0.992
88624,0.018
120622,0.98
46362,0.968
99457,0.182
87457,0.056
8637,0.862
113643,0.502
84716,0.016
5380,0.916
86444,0.028
102992,0.544
30154,0.02
95984,0.63
58183,0.978
603,0.956
47358,0.982
12688,0.074
79706,0.038
97146,0.74
60055,0.836
403,0.548
273,0.408
39272,0.908
98807,0.278
49595,0.84
92376,0.194
103822,0.986
18562,0.472
18908,0.002
95065,0.784
8207,0.852
78803,0.036
42492,0.97
62695,0.786
91524,0.208
9213,0.26
65457,0.834
113126,0.16
11619,0.808
5909,0.19
61463,0.808
58457,0.986
43231,0.584
50555,0.89
110349,0.132
86386,0.078
10711,0.382
112093,0.184
71695,0.222
103063,0.16
27601,0.01
10435,0.09
91645,0.05
108128,0.228
76614,0.114
8933,0.528
23149,0.77
114274,0.81
16625,0.238
43790,0.866
104033,0.122
30020,0.14
1922,0.948
48237,0.9
57049,0.972
50561,0.176
33497,0.652
114210,0.53
21420,0.986
107542,0.984
23154,0.592
79649,0.026
67574,0.378
28092,0.236
45114,0.98
29215,0.958
22693,0.802
6521,0.166
5038,0.994
81785,0.15
29462,0.252
82194,0.036
64948,0.346
105871,0.504
8226,0.088
64326,0.384
98753,0.04
56174,0.994
41331,0.808
118580,0.26
78669,0.002
75597,0.106
16613,0.454
44972,0.996
14086,0.194
30434,0.992
17894,0.936
29959,0.034
60886,0.934
114016,0.128
36004,0.99
100469,0.51
62070,0.986
67362,0.61
68652,0.624
15971,0.092
50393,0.814
34580,0.99
5004,0.99
26522,0.484
69951,0.318
85186,0.046
123341,0.914
61972,0.796
92785,0.402
90732,0.018
35230,0.998
112687,0.776
89359,0.096
79318,0.068
77481,0.1
123638,0.814
106821,0.888
60123,0.99
3244,0.922
7917,0.868
111836,0.724
89576,0.032
81188,0.064
25228,0.486
87770,0.016
37183,0.962
89644,0.068
6397,0.794
25137,0.99
76777,0.012
112702,0.594
29069,0.23
45112,1.0
111999,0.788
113267,0.014
92765,0.338
69602,0.964
14349,0.03
59791,0.904
12557,0.57
14769,0.996
87486,0.072
56883,0.996
77203,0.052
72184,0.758
123850,0.924
97562,0.086
66751,0.3
99689,0.212
58180,0.946
84578,0.088
74985,0.01
3419,0.284
92434,0.88
73551,0.306
80273,0.25
88981,0.12
104364,0.546
94123,0.996
7866,0.214
78343,0.016
63219,0.958
75352,0.08
5711,0.132
84178,0.19
18568,0.418
63404,0.94
43041,0.958
37873,0.992
60777,0.98
40874,0.93
107775,0.43
80928,0.018
67263,0.62
122790,0.648
46986,0.996
33389,0.198
70504,0.906
101328,0.1
84081,0.018
76726,0.062
100704,0.358
109181,0.174
28095,0.918
100144,0.116
59109,0.902
119810,0.406
108566,0.948
65191,0.736
74983,0.006
101250,0.122
24628,0.28
39346,0.954
35405,0.938
33465,0.552
21139,0.076
21349,0.97
70618,0.28
8446,0.28
53118,0.948
68060,0.78
19992,0.256
7393,0.256
55903,0.242
118422,0.446
89636,0.022
24688,0.998
108890,0.088
51656,0.196
1654,0.328
51419,0.208
71971,0.118
67181,0.804
102524,0.216
83455,0.146
26958,0.874
27898,0.214
27113,0.634
19347,0.816
90634,0.026
34745,0.24
4992,0.994
29342,0.092
47952,0.994
7795,0.55
86510,0.014
107798,0.528
18194,0.996
122395,0.572
3911,0.814
55601,0.688
52472,0.152
43250,0.962
88057,0.01
97900,0.084
35396,0.85
66669,0.338
47923,0.734
93364,0.64
94913,0.21
63255,0.96
85667,0.056
122278,0.66
83675,0.098
27520,0.328
79657,0.082
89311,0.136
51724,0.752
76887,0.098
52669,0.152
107203,1.0
48872,0.26
28953,0.246
112451,0.23
51698,0.078
74336,0.356
1801,0.7
41115,0.996
70370,0.62
108319,0.566
83701,0.07
74112,0.342
67290,0.144
103519,0.148
114740,0.552
115150,0.116
36103,0.288
113784,0.274
10354,0.188
3143,0.374
56237,0.722
67665,0.916
83177,0.168
99699,0.47
124290,0.94
4229,0.982
19309,0.384
51950,0.954
68197,0.632
115972,0.806
996,0.994
100947,0.496
101915,0.202
65021,0.932
28232,0.06
108060,0.116
69440,0.582
3962,0.278
10018,0.164
56591,0.926
14324,0.334
11969,0.07
21540,0.974
81858,0.026
106230,0.982
69129,0.708
24554,0.0
64424,0.996
48446,1.0
16609,0.338
15312,0.202
87609,0.004
112657,0.774
13616,0.838
98249,0.076
90082,0.138
84035,0.038
95395,0.478
89989,0.056
118965,0.92
122334,0.69
103135,0.228
52015,0.416
78334,0.1
22616,0.74
58682,0.776
1838,0.932
96673,0.984
576,0.736
80414,0.06
45276,0.04
119460,0.16
63499,0.946
12185,0.764
97770,0.154
3422,0.384
72549,0.668
19701,0.388
18187,0.992
105287,0.776
7878,0.344
14616,1.0
33942,0.996
5793,0.136
5694,0.304
50653,0.668
111536,0.272
77367,0.114
110544,0.044
117176,0.35
110648,0.136
96858,0.35
77083,0.018
124682,0.3
90159,0.036
114922,0.592
34874,0.958
89455,0.04
120928,0.542
4109,0.95
57352,0.672
33778,0.964
3051,0.962
27311,0.24
24219,0.948
100432,0.474
103344,0.152
47670,0.744
54051,0.21
95859,0.486
54660,0.92
10254,0.416
122420,0.532
40040,0.338
90270,0.056
98309,0.672
74081,0.308
40749,0.964
74147,0.036
97997,0.918
112617,0.31
46812,0.63
17177,0.396
99381,0.562
15450,0.988
101774,0.906
65091,0.896
2335,0.262
107753,0.612
97762,0.288
18558,0.748
46491,0.87
103725,0.586
65630,0.952
88136,0.002
70706,0.242
32254,0.968
24595,0.004
110051,0.02
34790,0.656
124215,0.956
104938,0.254
82841,0.012
116198,0.882
90173,0.064
47290,0.474
106807,0.998
45887,0.986
95658,0.436
69888,0.44
14577,1.0
60249,0.596
31776,1.0
44967,0.984
55397,0.286
59798,0.948
23488,0.306
116751,0.576
62777,0.882
115582,0.864
17234,0.698
35343,0.902
98997,0.128
47100,0.886
9275,0.174
114652,0.916
98596,0.49
91662,0.08
747,0.32
50721,0.478
71718,0.284
102161,0.956
14767,0.996
40732,0.88
108267,0.688
82556,0.018
16381,0.11
110583,0.01
93009,0.986
43346,0.994
40757,0.62
88508,0.062
58545,0.872
6594,0.758
41760,0.426
105485,0.206
30897,0.982
4224,0.996
65956,0.948
5996,0.054
12194,0.306
48993,0.99
98026,0.866
120765,0.652
101283,0.118
50268,0.978
75757,0.06
68488,0.414
8644,0.594
9987,0.51
53530,0.704
76642,0.048
84204,0.076
78201,0.078
65689,0.88
50372,0.79
103724,0.646
122396,0.898
2397,0.192
46914,0.966
75787,0.046
7472,0.672
17159,0.478
106286,0.998
106924,0.25
20177,0.704
61392,0.982
74146,0.06
33196,0.494
22625,0.156
74280,0.24
121037,0.294
103067,0.3
83131,0.038
94238,0.998
30126,0.004
27236,0.216
115990,0.952
41839,0.964
56548,0.886
123927,0.862
17624,0.422
87107,0.03
73277,0.518
100006,0.624
61569,0.824
13292,0.546
118638,0.366
109958,0.052
47450,0.494
12577,0.568
48491,0.914
52932,0.808
72700,0.268
30670,0.992
62599,0.574
96933,0.59
15197,0.696
89179,0.064
1063,0.992
73302,0.162
65165,0.504
42717,0.402
23158,0.71
63466,0.978
91141,0.064
71154,0.494
79083,0.022
13344,0.778
33844,0.886
114940,0.826
57208,0.75
97186,0.322
37627,0.98
123991,0.91
57992,0.994
11782,0.31
51377,0.268
49713,0.202
50719,0.472
36515,0.962
71665,0.666
19879,0.002
32055,0.992
4185,0.498
73336,0.184
117311,0.782
49892,0.628
27638,0.062
114279,0.598
60356,0.616
25881,0.372
8188,0.658
107456,0.13
69400,0.56
55655,0.248
93497,0.236
106161,0.716
34499,0.986
77608,0.06
7517,0.708
63097,0.948
13808,0.802
20698,0.986
115247,0.27
119899,0.77
20852,0.046
106799,0.998
25524,0.964
63770,0.85
46981,0.972
10476,0.166
17303,0.504
105348,0.972
19727,0.436
101104,0.916
72764,0.264
10417,0.328
64242,0.89
13484,0.468
65128,0.324
110674,0.024
104778,0.32
29981,0.006
53717,0.202
42453,0.998
86882,0.044
4258,0.984
48220,0.982
111803,0.448
68360,0.684
64961,0.28
35061,0.994
4420,0.994
90284,0.046
78140,0.074
68588,0.48
88539,0.008
28084,0.614
41225,0.994
123391,0.96
75797,0.06
122436,0.65
19743,0.478
78556,0.01
94849,0.236
64695,0.956
70642,0.45
67544,0.546
26565,0.316
53412,0.808
81080,0.138
86618,0.188
35331,0.072
91087,0.042
13547,0.304
34712,0.918
93483,0.526
55672,0.828
35327,0.378
6361,0.696
52021,0.292
1530,0.396
84557,0.09
32805,0.97
8844,0.716
31548,0.988
20906,0.068
72860,0.23
116480,0.792
29924,0.054
52642,0.586
56698,0.27
54803,0.926
90729,0.014
2363,0.608
101866,0.184
57320,0.876
80667,0.05
39040,0.96
74614,0.968
57568,0.932
97313,0.942
10699,0.302
28265,0.304
34214,0.984
1427,0.296
43532,0.982
87680,0.064
90161,0.098
28883,0.94
101647,0.916
20138,0.014
42751,0.85
88759,0.074
104542,0.632
118260,0.324
115200,0.776
59145,0.87
121814,0.896
38406,0.512
116815,0.25
71051,0.838
93350,0.678
412,0.298
36623,0.988
16317,0.664
102889,0.238
95999,0.708
19217,0.984
37602,0.66
6814,0.364
40747,0.976
93672,0.248
81348,0.024
75833,0.008
48868,0.432
71712,0.378
113031,0.376
79720,0.154
95093,0.108
36325,0.994
101821,0.256
27512,0.104
112624,0.43
83442,0.19
9455,0.064
26606,0.796
104980,0.584
82355,0.104
40628,0.978
71868,0.236
25827,0.034
10883,0.44
35241,0.97
25875,0.842
696,0.938
11707,0.35
56750,0.954
16039,0.792
96319,0.322
8590,0.834
43191,0.994
58441,0.512
25362,0.998
7820,0.28
50784,0.748
61214,0.73
65681,0.992
76675,0.09
11827,0.02
17888,0.974
23113,0.506
29903,0.052
79150,0.156
23130,0.264
17596,0.806
9921,0.194
49605,0.932
124675,0.842
7677,0.856
7265,0.046
516,0.476
106416,0.168
94152,0.988
61045,0.828
98739,0.072
100679,0.708
28610,0.234
100140,0.64
13398,0.584
6671,0.064
36582,0.814
14848,0.234
89350,0.032
17735,0.172
2490,0.474
109461,0.012
7811,0.376
94348,0.336
42679,0.984
11772,0.312
3556,0.212
77666,0.082
55804,0.736
86880,0.008
9209,0.872
72689,0.666
107364,0.926
81271,0.09
65086,0.574
4443,0.818
103211,0.266
3779,0.47
51609,0.684
69373,0.514
67370,0.32
100727,0.092
123144,0.938
16981,0.966
92637,0.746
46395,0.982
95583,0.214
120430,0.818
46187,0.996
29096,0.95
92149,0.092
87315,0.04
2949,0.972
38200,0.92
26088,0.308
11378,0.608
41286,0.676
56403,0.96
71429,0.216
51539,0.176
104495,0.506
121941,0.902
32422,0.996
21881,0.974
105203,0.568
111918,0.368
73219,0.33
75815,0.086
47886,0.852
38045,0.996
47236,0.442
122441,0.558
34122,0.836
17358,0.736
77232,0.016
85461,0.032
65431,0.094
61252,0.304
60391,0.976
30649,0.978
70962,0.878
104262,0.59
80153,0.028
70490,0.358
33546,0.202
124570,0.81
15768,0.598
95396,0.234
45470,0.904
77620,0.024
35863,0.98
113628,0.106
49427,0.792
5822,0.186
24854,0.438
65868,0.98
1649,0.436
71977,0.124
88076,0.036
87682,0.01
67323,0.284
123179,0.95
45490,0.156
68229,0.382
5564,0.984
43804,0.974
17822,0.952
119147,0.75
23991,0.832
104375,0.69
64747,0.556
67703,0.954
43179,0.964
63567,0.992
84699,0.012
99993,0.314
79681,0.084
50815,0.6
61751,0.7
30212,0.236
100995,0.18
41726,0.724
104814,0.334
39616,0.626
13716,0.17
47460,0.84
105564,0.61
115583,0.644
103669,0.5
90321,0.042
76852,0.008
103301,0.242
86734,0.056
6833,0.976
112067,0.326
38499,0.18
99936,0.178
111751,0.964
74508,0.046
64788,0.46
92043,0.274
46884,0.972
111232,0.216
94703,0.114
36767,0.994
43537,0.678
25412,0.974
46496,0.974
117369,0.626
106051,0.784
54288,0.83
108508,0.614
65995,0.42
32285,0.546
48059,0.424
35999,0.978
97769,0.27
35013,0.992
28727,0.944
43709,0.92
918,0.886
74524,0.26
36304,0.978
81891,0.082
108569,0.85
54640,0.798
55800,0.916
84717,0.016
58522,0.83
13676,0.132
23014,0.986
13674,0.146
25578,0.794
77423,0.028
54032,0.496
73195,0.246
35693,0.966
50886,0.196
32066,0.996
42317,0.31
63256,0.934
70761,0.38
13865,0.368
49104,0.674
67278,0.688
109536,0.154
81085,0.042
66520,0.362
43298,0.97
25111,0.948
8183,0.112
36759,0.98
15946,0.302
35834,0.514
99523,0.588
45785,0.192
6888,0.112
12863,0.432
26821,0.988
3283,0.598
54231,0.464
46290,0.95
47995,0.95
50352,0.696
73971,0.668
66882,0.28
99253,0.218
43834,0.162
87640,0.008
53470,0.952
53805,0.758
96999,0.36
116840,0.25
34845,0.982
112443,0.32
96291,0.27
46554,0.97
97960,0.1
92063,0.432
42993,0.974
74281,0.076
18330,0.002
390,0.648
31497,0.982
45818,0.772
109501,0.048
23449,0.158
123979,0.706
103995,0.34
42252,0.394
2138,0.61
40,0.852
62362,1.0
69969,0.322
10140,0.53
37878,0.992
103023,0.226
97363,0.98
63910,0.904
110813,0.024
97084,0.15
90535,0.068
102826,0.52
103,0.958
26662,0.944
107464,0.168
68659,0.634
103166,0.19
95420,0.498
671,0.984
94059,0.976
9402,0.396
54126,0.282
24057,0.002
108849,0.126
25427,0.762
30235,0.942
65807,0.354
29209,0.83
53019,0.964
76187,0.08
69995,0.246
8030,0.636
15516,0.992
37033,0.994
123284,0.986
106092,0.454
52940,0.818
6131,0.05
77086,0.008
26365,0.604
101455,0.26
122109,0.322
31713,0.912
104717,0.24
34634,0.984
47734,0.878
122913,0.706
13755,0.342
24920,0.456
56363,0.982
26412,0.858
81127,0.052
92400,0.676
93008,0.994
2292,0.902
2324,0.282
77959,0.018
41932,0.986
71338,0.636
12618,0.812
70091,0.646
97016,0.902
58147,0.762
104396,0.604
58953,0.988
85947,0.126
73488,0.346
25770,0.532
79576,0.134
124256,0.902
1311,0.916
1104,0.812
75938,0.026
30309,1.0
42139,0.988
69810,0.4
26739,0.952
31724,0.99
5330,0.922
106246,0.992
34244,0.988
31640,0.982
112342,0.878
77865,0.114
18814,0.994
41107,0.952
30882,0.918
59350,0.904
119119,0.354
109926,0.226
67829,0.41
109196,0.026
86910,0.144
15904,0.158
117736,0.874
72649,0.34
34038,0.096
52891,0.336
60429,0.676
7903,0.84
3648,0.16
92909,0.998
50306,0.934
18816,0.964
110999,0.22
51474,0.966
5891,0.16
41866,0.418
59263,0.534
75274,0.048
77176,0.068
7806,0.328
72124,0.298
54453,0.288
49009,0.992
87488,0.03
123409,0.842
111118,0.03
20403,0.95
83444,0.03
8561,0.964
81419,0.042
34718,0.98
33626,0.088
39538,0.956
4327,0.988
31648,0.266
46274,0.996
18877,0.998
46570,0.978
96639,0.772
121609,0.828
123186,0.938
36050,0.974
80150,0.026
6726,0.724
73594,0.164
113519,0.366
120265,0.96
95887,0.276
40871,0.834
13488,0.65
50219,0.896
53337,0.946
35534,0.95
98844,0.188
25471,0.764
17081,0.684
105410,0.56
85115,0.104
4744,0.16
4606,0.996
94566,0.144
44287,0.886
13643,0.078
79621,0.012
93280,0.172
32950,0.004
34256,0.216
107293,0.924
113790,0.33
115872,0.58
7166,0.352
59616,0.99
74973,0.012
104499,0.306
16445,0.276
70694,0.554
13115,0.994
6523,0.156
25506,0.974
20172,0.306
38148,0.974
68215,0.428
14226,0.246
101540,0.296
118660,0.592
52676,0.446
24059,0.004
36666,0.514
105293,0.768
86454,0.11
108974,0.182
74198,0.142
58671,0.944
70830,0.104
2689,0.234
54709,0.94
29582,0.958
820,0.992
32442,0.996
71711,0.334
6029,0.108
27062,0.218
37102,0.992
61084,0.978
12861,0.24
121558,0.916
39004,0.984
66613,0.67
115199,0.89
85517,0.024
23832,0.486
103494,0.23
120034,0.762
120074,0.58
16028,0.178
117746,0.814
12456,0.298
79374,0.054
5194,0.972
70981,0.936
117183,0.4
110032,0.038
89210,0.024
34683,0.958
30870,0.99
35611,0.976
60204,0.878
34523,0.918
57612,0.958
91814,0.008
17743,0.586
117661,0.702
64392,0.88
38020,0.998
9060,0.384
6746,0.182
116406,0.07
4344,0.992
114958,0.708
97277,0.408
58084,0.922
117035,0.78
113129,0.142
82466,0.02
8631,0.666
95322,0.082
69177,0.232
77663,0.152
37096,0.944
104157,0.302
38121,0.868
50967,0.622
8724,0.398
90521,0.178
38817,0.916
32629,0.964
25669,0.752
88355,0.168
39804,0.998
69657,0.984
97618,0.498
118900,0.598
104065,0.224
43699,0.852
29965,0.036
53483,0.53
122626,0.638
85744,0.002
33429,0.512
42689,0.99
25511,0.974
11830,0.048
6108,0.058
11422,0.442
101373,0.394
120764,0.706
69356,0.686
120577,0.828
121888,0.852
40774,0.752
58572,0.978
119114,0.152
20675,0.996
84881,0.068
83166,0.156
69026,0.564
67941,0.264
73252,0.33
2863,0.056
116848,0.178
121304,0.72
5047,0.998
63479,0.994
10163,0.61
109174,0.162
115575,0.432
22290,0.988
3287,0.348
12325,0.776
89980,0.11
93958,0.172
106543,0.61
22476,0.954
118478,0.468
101064,0.492
87748,0.072
21173,0.006
115152,0.91
3146,0.41
44175,0.372
63215,0.958
76242,0.068
92332,0.586
33090,0.952
36230,0.326
9357,0.216
96940,0.862
66086,0.954
95402,0.262
92456,0.564
31888,0.98
116324,0.904
43086,0.18
34427,0.962
121177,0.466
97411,0.948
92988,0.98
69243,0.32
62159,0.962
76119,0.04
90482,0.03
110135,0.126
115755,0.902
99013,0.674
84143,0.076
104743,0.618
109522,0.1
87175,0.012
59840,0.996
80541,0.16
23811,0.774
65568,0.388
96455,0.146
39867,0.986
73315,0.206
68866,0.106
82970,0.052
80138,0.152
100550,0.104
77859,0.07
23393,0.744
52441,0.194
8327,0.088
57522,0.598
105976,0.896
96889,0.712
121588,0.99
40668,0.944
52074,0.962
51469,0.898
103058,0.354
11066,0.402
66855,0.442
68635,0.564
81374,0.036
18466,0.712
104268,0.51
79926,0.07
121548,0.96
3151,0.332
95690,0.606
77853,0.04
83811,0.146
72130,0.574
44476,0.998
116932,0.872
77703,0.02
81667,0.036
114805,0.466
97571,0.106
73005,0.964
55164,0.17
16966,0.724
57068,0.988
16836,0.748
47658,0.996
99592,0.918
10197,0.194
69568,0.344
94949,0.138
110195,0.018
118557,0.068
64272,0.922
44862,0.684
9823,0.124
682,0.996
88247,0.03
32702,0.882
58067,0.642
24389,0.252
102930,0.504
74320,0.794
15725,0.242
8982,0.228
36359,0.968
34468,0.388
11402,0.83
80658,0.018
68490,0.15
114891,0.436
30906,0.88
87843,0.028
63925,0.55
6011,0.078
98331,0.58
79730,0.104
54495,0.344
14500,1.0
37629,0.982
51718,0.428
36733,0.958
68071,0.714
13802,0.292
89130,0.024
85727,0.186
47657,0.972
87894,0.14
19605,0.334
29236,0.934
87513,0.038
32104,0.998
116139,0.578
5780,0.946
45108,0.96
75285,0.074
86862,0.064
40655,0.964
39291,0.902
67206,0.244
10993,0.388
25294,0.88
15818,0.274
88522,0.126
80133,0.064
7108,0.278
100296,0.286
65883,0.472
35389,0.428
57145,0.988
121261,0.794
22144,0.98
118839,0.752
51117,0.284
70703,0.376
117441,0.302
39107,0.978
105773,0.638
28042,0.962
73927,0.256
48183,0.994
260,0.622
79671,0.046
79546,0.242
97243,0.666
96512,0.22
101386,0.236
59294,0.886
32596,0.974
57724,0.81
28718,0.902
30658,0.97
91276,0.138
84398,0.016
77616,0.022
86358,0.0
104501,0.288
65821,0.738
65923,0.434
120979,0.84
83132,0.034
80005,0.024
105215,0.608
32480,0.872
21154,0.034
3827,0.452
22714,0.896
83765,0.004
59517,0.998
60792,0.866
95349,0.43
5046,0.988
122742,0.522
124219,0.974
52485,0.764
102179,0.918
17662,0.868
46998,0.99
109236,0.02
63225,0.954
36485,0.904
76577,0.106
91936,0.026
7991,0.154
119776,0.676
74292,0.456
82083,0.1
86849,0.106
70984,0.942
11208,0.894
116635,0.17
5918,0.776
13829,0.214
28812,0.932
34748,0.164
12792,0.602
66821,0.546
91961,0.068
16032,0.106
59786,0.956
40326,0.974
73920,0.29
89756,0.014
117324,0.406
12643,0.286
98838,0.482
9166,0.234
124846,0.944
114821,0.51
100880,0.922
26968,0.926
114123,0.328
117707,0.436
55705,0.474
115914,0.78
10688,0.722
56881,0.95
112832,0.548
86891,0.024
121519,0.936
98008,0.912
62096,0.992
34373,0.424
41156,0.996
84870,0.084
34981,0.912
113522,0.604
86256,0.048
83598,0.118
50391,0.722
56884,0.978
59054,0.948
102542,0.228
102394,0.434
84603,0.096
67099,0.408
51673,0.322
34673,0.976
34667,0.98
76993,0.13
14341,0.104
48611,0.988
97832,0.102
9416,0.632
69676,0.99
86387,0.016
102153,0.844
53306,0.992
67861,0.182
82745,0.17
79102,0.022
86342,0.028
68729,0.088
115299,0.788
115498,0.488
118318,0.154
45167,0.248
81605,0.048
10656,0.58
60454,0.346
65642,0.824
106996,0.888
21680,0.986
90973,0.07
24063,0.062
34182,0.998
64871,0.706
43225,0.988
63636,0.992
95705,0.12
99009,0.522
38113,0.66
29444,0.252
54839,0.666
3468,0.152
92111,0.856
56775,0.806
40447,0.948
77018,0.032
13126,0.982
76919,0.008
29943,0.006
67637,0.374
72703,0.786
40435,0.962
81129,0.036
118914,0.272
41561,0.972
79519,0.032
56104,0.992
73412,0.574
21872,0.988
40814,0.89
114030,0.226
118319,0.23
99701,0.374
75693,0.136
124541,0.988
29000,0.52
6911,0.676
13297,0.854
119042,0.646
54044,0.178
101799,0.546
56612,0.828
108291,0.862
33199,0.714
105078,0.574
111561,0.722
58624,0.994
71484,0.018
29878,0.142
37233,0.992
28985,0.328
14749,0.996
33690,0.976
116536,0.818
28770,0.996
79435,0.044
107224,1.0
68791,0.01
115985,0.892
114267,0.576
102702,0.722
94922,0.55
76574,0.058
81806,0.224
4084,0.948
95829,0.208
105033,0.22
75278,0.104
17117,0.332
37056,0.974
68221,0.714
113384,0.234
73762,0.702
53158,0.974
97008,0.552
111426,0.22
89098,0.04
75178,0.08
109962,0.404
13182,0.684
376,0.146
108559,0.738
37761,0.982
74551,0.974
118586,0.352
31774,0.964
69093,0.458
117120,0.246
45938,0.9
42721,0.998
31457,0.61
109264,0.018
6909,0.18
78426,0.07
12955,0.344
22983,0.176
108318,0.546
47601,0.96
80113,0.028
72760,0.476
74722,0.496
889,0.982
43857,0.642
54601,0.524
33099,0.038
10068,0.612
57430,0.854
94622,0.06
78893,0.05
50218,0.844
43470,0.986
71197,0.502
68251,0.512
103370,0.138
63777,0.81
100617,0.334
77705,0.086
96653,0.996
74398,0.294
91561,0.13
53784,0.538
105612,0.352
52855,0.12
109273,0.014
100954,0.122
65746,0.326
29674,0.392
2293,0.97
10832,0.614
88234,0.04
15342,0.178
5134,0.994
81868,0.098
58842,0.928
45710,0.54
120795,0.756
94799,0.186
87920,0.016
84180,0.034
46618,0.964
102798,0.34
96365,0.192
30008,0.1
81620,0.016
91100,0.22
36597,0.964
89564,0.034
26752,0.904
70874,0.17
85620,0.07
56617,0.916
119929,0.864
95898,0.456
109087,0.168
122255,0.362
10611,0.692
15518,1.0
78661,0.0
26260,0.684
104627,0.844
103826,1.0
29082,0.818
44863,0.978
95146,0.814
61453,0.902
57799,0.45
39818,0.994
100926,0.112
92884,0.992
29628,0.864
6912,0.802
35997,0.96
61980,0.826
95171,0.608
80624,0.066
20298,0.986
70030,0.446
109114,0.016
100789,0.172
74441,0.224
104276,0.76
119281,0.726
46941,0.94
14050,0.538
63516,0.818
72034,0.276
122900,0.74
103757,0.516
101669,0.99
24245,0.338
85308,0.098
120084,0.284
85868,0.032
21689,0.978
108237,0.998
96574,0.248
107962,0.184
31441,0.676
96197,0.244
122373,0.364
77860,0.018
60382,0.938
109816,0.056
81084,0.042
98398,0.374
48767,0.872
24119,0.01
37951,0.996
103843,0.174
90372,0.106
54037,0.672
123011,0.346
13078,0.948
67882,0.152
81143,0.038
65851,0.974
67976,0.438
19256,0.862
58385,0.364
74267,0.292
122061,0.452
86462,0.086
115097,0.868
94557,0.182
41384,0.72
10816,0.812
84859,0.13
29114,0.922
33615,0.58
54704,0.936
94382,0.172
78836,0.012
10835,0.204
34955,0.84
76411,0.072
81937,0.02
96105,0.26
71296,0.892
49481,0.258
16831,0.698
88973,0.01
106606,0.19
96592,0.198
122391,0.444
94989,0.886
28945,0.812
62795,0.866
76998,0.128
37645,0.998
18200,0.99
101940,0.704
16012,0.546
89565,0.096
31882,0.988
75559,0.03
113407,0.788
76995,0.216
109,0.996
9123,0.664
125018,0.794
94358,0.776
32434,0.998
122281,0.4
78629,0.024
96075,0.382
3277,0.406
67202,0.358
99709,0.864
54447,0.796
80980,0.048
14103,0.99
93546,0.258
125101,0.088
14579,0.998
58273,0.73
26286,0.544
89282,0.046
115849,0.942
110565,0.044
52598,0.244
102327,0.214
100945,0.576
72695,0.326
112421,0.492
67581,0.396
6522,0.102
411,0.794
3678,0.146
58077,0.814
94838,0.77
26224,0.766
1329,0.936
96195,0.364
31152,0.43
22499,0.944
38258,0.98
88264,0.016
3776,0.164
111621,0.358
30043,0.172
52703,0.438
75056,0.082
19666,0.98
89811,0.034
51676,0.162
99281,0.13
119544,0.688
59585,0.992
34216,0.972
93631,0.81
72218,0.21
70683,0.406
77313,0.012
99006,0.776
123713,0.918
62854,0.752
116263,0.864
52780,0.77
61337,0.802
121069,0.28
40450,0.988
116724,0.754
88252,0.01
20476,0.538
33836,0.1
14780,0.994
32064,0.946
3862,0.468
66270,0.226
36137,0.996
46446,0.988
29889,0.018
109157,0.088
124230,0.84
117478,0.6
11258,0.328
75531,0.08
92594,0.122
27678,0.022
48088,0.212
116434,0.5
51470,0.862
64537,0.996
44605,0.97
78618,0.002
48354,0.86
61697,0.976
11506,0.25
3578,0.378
96069,0.17
19458,0.896
88692,0.046
82033,0.146
112578,0.258
15333,0.328
20950,0.608
120530,0.532
102100,0.49
88580,0.04
2720,0.028
32634,0.968
98486,0.42
95701,0.288
1984,0.636
59223,0.978
5674,0.138
89430,0.038
14031,0.908
87218,0.07
79619,0.03
103059,0.266
49147,0.164
94210,0.958
46712,0.982
120809,0.648
13022,0.14
54840,0.498
90446,0.034
47630,0.998
61514,0.476
108612,0.678
88517,0.08
59901,0.868
43734,0.982
90505,0.078
80675,0.012
72995,0.968
77738,0.156
56195,0.942
302,0.396
52378,0.532
29147,0.982
340,0.704
86201,0.122
121107,0.448
11333,0.272
52704,0.438
30763,0.996
21226,0.002
74840,0.41
98200,0.992
107312,0.988
17263,0.088
98325,0.524
112028,0.836
117630,0.892
57184,0.878
118151,0.262
59139,0.886
69565,0.248
79711,0.04
117415,0.392
88013,0.154
103201,0.314
36618,0.994
46909,0.948
80128,0.142
30920,0.57
24840,0.786
112906,0.54
469,0.146
21256,0.024
41919,0.322
16871,0.82
34809,0.964
70924,0.956
84136,0.06
59305,0.964
92254,0.636
5758,0.448
11444,0.306
48863,0.426
114789,0.666
113349,0.022
91402,0.044
67693,0.762
86836,0.038
19239,0.322
35721,0.982
95118,0.758
118204,0.096
74308,0.218
34223,0.992
45004,0.288
100526,0.464
124872,0.95
64942,0.324
1357,0.928
10370,0.938
103421,0.21
66445,0.336
123543,0.952
64446,0.984
96902,0.108
106570,0.474
79033,0.064
79290,0.048
21013,0.972
121074,0.14
40241,0.802
59961,0.966
36549,0.84
66633,0.08
51457,0.952
37486,0.928
17510,0.23
92250,0.322
22074,0.988
73097,0.43
96047,0.618
41043,0.318
35473,0.78
48172,0.892
83688,0.06
104957,0.248
119979,0.836
119645,0.74
113331,0.028
109566,0.036
11259,0.252
3316,0.228
114384,0.366
46226,1.0
37729,0.942
72210,0.768
17674,0.78
31154,0.836
55355,0.954
40084,0.99
46245,1.0
114291,0.676
22466,0.98
74190,0.15
55746,0.952
74024,0.198
24698,0.93
66472,0.196
98047,0.242
95883,0.492
46203,0.984
21629,0.632
76276,0.096
67828,0.344
77252,0.048
78676,0.016
70195,0.662
86903,0.036
5660,0.694
49142,0.166
15883,0.9
115753,0.64
96176,0.516
40600,0.956
31013,0.978
117532,0.818
105133,0.93
41713,0.432
10444,0.06
99580,0.39
16505,0.684
124400,0.354
93413,0.214
115130,0.324
105807,0.132
104500,0.46
78918,0.332
30385,0.978
42886,1.0
58667,0.926
24266,0.978
17990,0.436
59418,0.894
3878,0.216
4140,0.866
93774,0.914
55377,0.952
70960,0.238
78010,0.124
7051,0.992
108499,0.498
115457,0.81
113912,0.43
13470,0.75
89302,0.006
15816,0.184
39376,0.98
63623,0.972
58210,0.984
54278,0.602
94751,0.098
55748,0.896
48946,0.188
12447,0.622
81096,0.03
121837,0.628
52008,0.778
104292,0.772
20648,0.982
86218,0.054
13654,0.118
113602,0.108
4042,0.474
8210,0.736
55049,0.384
112201,0.65
85597,0.106
51192,0.952
16338,0.452
120090,0.712
86992,0.038
113742,0.628
5499,0.75
96580,0.522
42537,0.986
83875,0.044
38143,0.55
47269,0.838
22212,0.996
12165,0.362
28203,0.466
120758,0.39
22519,0.09
66956,0.586
34590,0.992
71310,0.45
63146,0.958
97464,0.558
59256,0.536
23858,0.236
51818,0.966
96425,0.374
62358,0.992
26527,0.29
21976,0.0
53112,0.986
32587,0.956
67533,0.744
34578,0.994
52095,0.954
27481,0.12
100917,0.908
124643,0.94
84208,0.026
77882,0.056
11274,0.762
109843,0.23
41677,0.146
34836,0.956
33770,0.076
47398,0.972
62543,0.608
50533,0.964
98612,0.152
85902,0.114
54870,0.918
41207,0.99
71530,0.574
119550,0.344
9889,0.308
3030,0.83
7574,0.65
11195,0.362
90548,0.03
54667,0.89
68799,0.014
58286,0.844
61684,0.372
91043,0.032
100422,0.596
70199,0.498
30851,0.214
11083,0.138
33432,0.942
30811,0.994
1674,0.434
77762,0.126
41266,0.62
61845,0.938
3246,0.978
16413,0.156
64142,0.5
1566,0.67
118336,0.658
56499,0.882
79098,0.014
100624,0.286
66250,0.18
61939,0.85
17592,0.332
23634,1.0
50452,0.594
18314,0.036
45075,0.97
115010,0.794
83629,0.022
63010,0.604
63303,0.848
12628,0.84
77485,0.056
87210,0.032
48498,0.984
60632,0.69
67336,0.424
57387,0.93
47393,0.832
77017,0.032
24357,0.636
49412,0.604
23951,0.846
110211,0.168
24467,0.006
105322,0.26
107702,0.674
46107,0.244
16340,0.418
22081,0.954
30960,0.856
77127,0.0
67812,0.248
95605,0.726
33756,0.088
11024,0.098
116516,0.232
101227,0.176
94404,0.244
27876,0.108
84004,0.022
51867,0.976
13324,0.806
98676,0.46
44112,0.968
84949,0.052
87558,0.028
21716,0.962
21161,0.002
30334,0.994
15955,0.052
40327,0.996
74042,0.428
86016,0.03
73941,0.678
65287,0.79
77814,0.042
53490,0.5
49320,0.848
13257,0.276
52443,0.88
82575,0.028
16431,0.222
83148,0.02
28501,0.47
109724,0.064
64651,0.962
16473,0.632
94599,0.422
38383,0.982
55082,0.98
123609,0.814
32145,0.984
57842,0.9
101521,0.16
112876,0.528
99621,0.526
72052,0.212
49869,0.858
92866,0.324
9832,0.388
984,0.936
74880,0.132
91194,0.076
120848,0.278
77448,0.08
102068,0.418
80762,0.056
48301,0.516
6318,0.124
18244,0.996
35179,0.44
117967,0.508
51109,0.136
113188,0.362
57840,0.932
95597,0.266
15643,0.982
64353,0.318
98199,0.92
110046,0.05
66824,0.292
54533,0.764
10707,0.676
114782,0.114
110374,0.146
18175,0.972
50765,0.896
50849,0.798
108744,0.118
104387,0.456
68290,0.722
103030,0.132
94368,0.08
101048,0.676
88583,0.034
94976,0.77
80644,0.024
41129,0.95
61263,0.888
32287,0.346
55236,0.932
111363,0.692
74681,0.16
102366,0.204
70381,0.21
60289,0.942
6620,0.26
8007,0.504
116588,0.668
61061,0.978
5216,0.946
116582,0.522
27136,0.376
48877,0.8
30138,0.012
114696,0.248
10944,0.38
86884,0.012
9706,0.128
120889,0.888
30795,0.996
34022,0.386
96413,0.626
854,0.996
2836,0.174
111582,0.39
100087,0.93
41065,0.796
76737,0.118
52681,0.502
44707,0.074
98582,0.128
91060,0.048
94456,0.126
54657,0.974
104086,0.364
16627,0.522
63232,0.708
22718,0.774
97705,0.738
113282,0.014
62199,0.942
95319,0.394
53844,0.334
95766,0.17
76445,0.084
100872,0.532
46025,0.244
93619,0.804
63760,0.924
53452,0.922
28260,0.184
60755,0.962
54260,0.134
11682,0.316
35804,0.992
17283,0.748
87420,0.15
21857,0.924
59254,0.25
89286,0.034
113542,0.57
97946,0.87
122241,0.622
21038,0.19
20859,0.046
68298,0.57
99574,0.358
3771,0.372
42138,0.962
50427,0.248
75233,0.05
50152,0.19
11452,0.3
14363,0.1
23706,0.998
85994,0.022
665,0.978
80018,0.042
66962,0.316
98943,0.23
26630,0.972
2716,0.094
48104,0.97
119797,0.328
26142,0.46
54147,0.344
72323,0.456
28525,0.68
73166,0.362
81595,0.012
83544,0.02
55598,0.554
106293,0.984
73822,0.238
61294,0.974
83623,0.15
97264,0.536
695,0.98
94190,0.958
43167,0.228
93185,0.228
41494,0.952
1797,0.752
52105,0.932
48591,0.996
23546,0.996
12047,0.944
22359,0.994
113217,0.42
17752,0.14
40372,0.984
110717,0.076
45231,0.52
36553,0.99
76316,0.022
88366,0.052
114783,0.28
51287,0.322
94051,0.846
14778,1.0
2699,0.026
86520,0.104
89125,0.064
95043,0.324
45912,0.978
28539,0.126
90885,0.036
60743,0.842
87916,0.07
82972,0.008
80849,0.044
53905,0.224
60622,0.818
39604,0.938
49227,0.78
3496,0.174
19806,0.728
12110,0.462
83855,0.202
104363,0.59
7227,0.142
43827,0.874
3427,0.458
15619,0.996
41653,0.89
69598,0.99
124711,0.526
72057,0.296
47396,0.93
93999,0.86
78396,0.064
121413,0.886
70914,0.982
64335,0.898
52372,0.944
78538,0.05
120859,0.852
84262,0.046
122875,0.558
44625,0.986
107092,0.994
38987,0.974
97724,0.234
53657,0.766
7802,0.428
55980,0.962
84567,0.058
98522,0.076
87944,0.034
101907,0.808
6389,0.812
105260,0.728
7954,0.404
80505,0.186
56422,0.862
21613,0.998
32529,0.606
61256,0.88
2286,0.946
120994,0.364
87075,0.114
9408,0.382
77515,0.042
44099,0.898
24785,0.268
100369,0.248
105332,0.35
43953,0.996
1862,0.97
45647,0.41
36583,0.992
79966,0.054
69459,0.66
82622,0.046
124242,0.826
15260,0.126
31378,0.89
25070,0.986
74900,0.27
117283,0.356
90425,0.032
36891,0.952
2077,0.654
80782,0.074
28059,0.208
113729,0.498
59188,0.972
84246,0.044
31942,0.976
108362,0.262
102690,0.58
61851,0.814
77911,0.178
101249,0.088
94971,0.072
31591,0.928
120037,0.634
1152,0.614
52154,0.174
118249,0.354
63569,0.98
7504,0.576
118518,0.832
74469,0.21
71897,0.266
50120,0.856
70753,0.52
96070,0.354
39431,0.886
104087,0.256
80435,0.252
115921,0.78
57931,0.906
101002,0.494
4128,0.156
77091,0.084
123729,0.976
124928,0.17
30124,0.02
96971,0.618
448,0.034
49101,0.914
55111,0.922
60151,0.976
26097,0.92
75524,0.07
21765,0.996
102639,0.914
35966,0.998
68573,0.852
4710,0.948
103343,0.132
70640,0.358
85299,0.072
70634,0.17
48087,0.18
93053,0.728
36664,0.946
63781,0.72
8306,0.44
56192,0.942
38886,0.992
26482,0.87
84301,0.048
24935,0.57
12037,0.71
13698,0.264
47842,0.584
103242,0.346
636,0.974
75857,0.048
114678,0.834
114932,0.62
69865,0.862
49254,0.658
37193,0.998
119946,0.274
23187,0.994
124684,0.8
86872,0.084
51525,0.27
8703,0.108
6064,0.318
83446,0.016
110011,0.172
82956,0.176
87499,0.04
82715,0.046
35153,0.482
33409,0.24
27142,0.774
124239,0.968
56428,0.964
68117,0.66
41523,0.964
57974,0.966
93187,0.524
91215,0.128
88129,0.032
115367,0.264
113059,0.548
19588,0.834
65877,0.966
73157,0.322
51806,0.96
84966,0.03
50092,0.214
95524,0.118
124427,0.868
24614,0.6
5883,0.234
109286,0.028
116428,0.68
2904,0.29
82833,0.008
5349,0.956
1361,0.93
81033,0.072
55642,0.396
32083,0.96
41223,0.998
19487,0.956
108402,0.224
6256,0.702
45063,0.994
74570,0.994
61685,0.784
45481,0.42
73341,0.288
54072,0.324
11430,0.822
76032,0.164
21327,0.028
19868,0.012
106012,0.462
54206,0.252
96010,0.5
106707,0.358
100306,0.388
71386,0.352
15409,0.976
66193,0.542
23015,0.966
45611,0.966
36753,0.972
24160,0.922
95445,0.28
47487,0.998
70835,0.194
16319,0.352
67867,0.348
5753,0.628
39486,0.98
8493,0.694
109011,0.082
60011,0.212
121402,0.812
35977,0.978
6153,0.228
1731,0.33
27342,0.294
101980,0.738
122522,0.316
82231,0.082
33159,0.218
10864,0.136
8956,0.752
11316,0.78
13870,0.438
19244,0.836
86703,0.12
50229,0.88
104057,0.204
75861,0.11
85658,0.044
62298,0.954
116529,0.296
3399,0.2
45711,0.778
49393,0.906
102621,0.292
92300,0.128
106369,0.564
19599,0.188
46556,0.978
108804,0.118
28701,0.654
39806,0.986
84584,0.016
69127,0.612
84083,0.036
18973,0.002
66169,0.872
11888,0.128
14158,0.994
54444,0.316
10044,0.186
101246,0.14
66518,0.266
106623,0.202
122788,0.408
54768,0.858
54403,0.99
52647,0.872
122667,0.444
104525,0.594
109495,0.196
53233,0.938
63870,0.28
69105,0.872
78690,0.0
42475,0.986
120302,0.34
95354,0.318
30966,0.986
125118,0.856
120268,0.92
30773,0.79
78971,0.058
77428,0.15
86722,0.018
69401,0.484
46926,0.984
125068,0.79
83844,0.074
115756,0.694
76985,0.132
17974,0.974
123364,0.778
95384,0.34
91365,0.06
94791,0.054
120937,0.812
40141,0.318
106800,0.972
16498,0.13
73082,0.36
120996,0.172
112287,0.474
106283,0.996
98962,0.65
55823,0.482
16920,0.194
102525,0.442
90602,0.114
80342,0.006
108351,0.21
41649,0.988
38707,0.856
47060,0.146
2831,0.244
66501,0.264
99872,0.752
100401,0.446
102150,0.86
27622,0.132
44354,0.976
123730,0.912
120640,0.936
44268,0.964
46381,0.456
41181,0.99
112848,0.314
18145,0.972
75317,0.086
53920,0.668
91294,0.022
58980,0.99
33239,0.144
19338,0.78
113263,0.03
54547,0.356
21433,0.968
11326,0.326
63926,0.468
8581,0.94
36694,0.94
111745,0.906
84757,0.014
117056,0.928
93403,0.566
125080,0.702
49581,0.862
32565,0.994
1258,1.0
99903,0.322
60537,0.96
75303,0.154
30883,0.732
74201,0.61
85668,0.026
39944,0.988
124055,0.818
111951,0.462
16074,0.58
41773,0.356
39079,0.998
120109,0.472
24833,0.638
84771,0.052
63509,0.862
113565,0.588
111913,0.454
26043,0.612
7408,0.69
99891,0.682
115289,0.56
117301,0.692
11685,0.454
85369,0.05
96899,0.3
56898,0.998
57847,0.782
53465,0.964
53539,0.566
101330,0.09
116507,0.746
61428,0.616
27395,0.27
61776,0.886
57466,0.768
41990,0.926
138,0.978
123841,0.732
105218,0.134
119583,0.426
118927,0.532
113323,0.03
19689,0.472
20216,0.886
87903,0.238
115603,0.928
123182,0.928
25190,0.988
85943,0.026
69107,0.398
111525,0.592
68412,0.756
38659,0.972
22007,0.726
121059,0.336
90707,0.04
7945,0.434
86561,0.028
13850,0.502
70314,0.176
77068,0.018
88763,0.044
23514,0.992
55198,0.896
73485,0.368
91572,0.022
100376,0.248
76026,0.098
113448,0.424
40163,0.982
22006,0.91
97591,0.64
32493,0.748
111522,0.306
70465,0.426
35960,0.99
92807,0.502
117633,0.352
103336,0.334
63546,0.89
32941,0.012
4846,0.928
123926,0.966
112497,0.918
62956,0.95
85506,0.146
107187,0.994
111870,0.316
108912,0.184
22356,0.96
59838,0.976
97602,0.446
79187,0.104
108450,0.198
56962,0.962
23527,0.998
30836,0.996
52811,0.912
72360,0.434
33116,0.266
104928,0.492
100650,0.27
39221,0.924
119393,0.3
97532,0.966
84387,0.034
105352,0.98
14062,0.148
120114,0.514
40884,0.972
17983,0.65
10767,0.328
46155,0.996
39003,0.98
116342,0.724
23202,0.944
93868,0.128
30405,0.994
5980,0.156
63888,0.778
61293,0.182
100041,0.186
113488,0.672
38384,0.972
116734,0.772
13841,0.672
99464,0.152
99624,0.622
37447,0.994
78530,0.15
23085,0.784
14337,0.912
67285,0.298
28995,0.706
42034,0.972
32868,0.938
79393,0.046
20917,0.592
1681,0.882
59857,0.996
110868,0.16
32621,0.976
69313,0.506
22546,0.0
116059,0.684
67671,0.822
53840,0.24
125111,0.196
20546,0.92
5023,0.95
21497,0.99
78344,0.12
111799,0.434
6721,0.448
75349,0.08
18730,0.94
106350,0.976
59467,0.908
35747,0.988
83745,0.07
106700,0.446
112510,0.46
79767,0.078
79421,0.036
60180,0.95
93237,0.68
9460,0.176
47877,0.702
57936,0.984
87593,0.006
54674,0.828
124018,0.886
3576,0.368
44614,0.97
70958,0.858
52939,0.358
60676,0.98
53806,0.468
107443,0.348
113933,0.902
65711,0.234
4114,0.902
35371,0.272
4058,0.326
52428,0.212
11927,0.142
107987,0.166
49898,0.04
84390,0.018
80889,0.066
81796,0.09
125180,0.918
5221,0.974
98560,0.272
64831,0.242
92783,0.522
45663,0.62
80276,0.216
54790,0.6
33895,0.288
10715,0.2
54429,0.34
26859,0.878
24200,0.824
40348,0.994
94445,0.038
109131,0.06
24492,0.0
58356,0.922
30562,0.912
106403,0.294
3782,0.504
86254,0.042
73312,0.13
109700,0.072
89100,0.032
29638,0.266
56086,0.988
73326,0.068
65344,0.438
6152,0.218
22032,0.696
80902,0.04
78168,0.034
7469,0.494
265,0.366
45142,0.132
115811,0.724
21624,0.746
44970,1.0
106264,0.998
100475,0.566
53084,0.946
50402,0.366
7620,0.81
31684,0.968
114568,0.692
100425,0.652
55689,0.544
56266,0.89
18202,0.98
73022,0.93
71923,0.62
22646,0.914
34631,0.974
19300,0.87
52576,0.816
117272,0.41
14931,0.948
24936,0.936
51396,0.188
25645,0.07
70502,0.87
38525,0.924
72799,0.724
33997,0.956
117664,0.338
92497,0.262
10423,0.338
74124,0.676
79899,0.29
73724,0.434
94434,0.55
93077,0.998
26818,0.856
60692,0.936
57679,0.592
75376,0.128
91940,0.208
55966,0.64
21746,0.994
36189,0.6
72880,0.842
76751,0.21
89262,0.026
43846,0.884
14010,0.818
86593,0.016
48284,0.686
76623,0.03
109117,0.104
62155,0.95
41189,0.994
99783,0.07
109920,0.156
29691,0.246
124106,0.718
78804,0.11
100295,0.336
113804,0.758
69833,0.422
111355,0.106
104655,0.342
92200,0.306
82600,0.044
28794,1.0
19793,0.932
13405,0.53
90111,0.022
33873,0.762
3199,0.222
70055,0.902
111683,0.164
73090,0.83
36115,0.922
124918,0.786
86221,0.028
59215,0.992
122051,0.724
43015,0.994
32265,0.604
113108,0.068
29321,0.54
102339,0.116
53608,0.142
33498,0.504
86900,0.152
98352,0.698
65064,0.998
22684,0.642
69506,0.49
70139,0.668
86075,0.024
83633,0.088
104577,0.608
71753,0.12
17659,0.896
45692,0.94
112434,0.826
61637,0.116
82039,0.176
12874,0.27
12436,0.488
39879,0.984
57933,0.934
34821,0.94
80054,0.158
41110,0.984
7745,0.63
3181,0.822
93115,0.974
12190,0.756
49075,0.966
87466,0.016
91973,0.138
121722,0.934
48960,0.976
120626,0.946
89842,0.042
53336,0.848
21564,0.912
74393,0.394
95339,0.608
111607,0.578
61606,0.486
94555,0.188
100267,0.156
90556,0.042
124779,0.714
3096,0.572
52832,0.318
91261,0.144
91873,0.036
94836,0.748
110649,0.142
48635,0.988
32558,0.98
29229,0.944
81726,0.052
114700,0.594
53634,0.256
95811,0.156
5739,0.28
121333,0.71
20286,0.892
51446,0.754
58927,0.944
23920,0.492
25331,0.98
69128,0.334
31995,0.898
4470,0.958
111770,0.2
77202,0.012
65918,0.67
39573,0.998
75439,0.09
123848,0.824
353,0.432
93745,0.554
3762,0.272
24457,0.008
40101,0.872
106050,0.706
10845,0.558
5430,0.684
2011,0.646
55549,0.98
66117,0.184
45261,0.354
82389,0.016
118195,0.392
92161,0.25
10109,0.938
73480,0.182
84588,0.04
49983,0.312
48162,0.878
110606,0.098
33867,0.9
66101,0.974
29688,0.68
50711,0.442
2039,0.894
55061,0.4
66859,0.374
72573,0.75
98420,0.192
8078,0.322
68258,0.386
9180,0.828
93291,0.286
93110,0.466
70140,0.71
69074,0.284
104624,0.662
32556,0.948
124370,0.822
100973,0.188
19979,0.212
123190,0.908
110928,0.058
108989,0.1
121987,0.9
78679,0.0
98769,0.432
75375,0.084
83581,0.078
17226,0.27
5620,0.996
60808,0.814
3668,0.536
99513,0.312
46651,0.974
122617,0.8
122508,0.794
108676,0.71
73314,0.114
38631,0.962
51674,0.178
117971,0.328
116511,0.29
89143,0.014
49487,0.2
81016,0.056
67043,0.28
111657,0.134
117006,0.572
99165,0.924
27675,0.01
27514,0.166
88486,0.114
56852,0.352
58445,0.582
79737,0.062
16153,0.702
53186,0.558
23820,0.846
119003,0.718
48372,0.988
8336,0.292
59866,0.988
55235,0.776
103685,0.164
39050,0.928
4039,0.482
55020,0.424
46449,0.222
9591,0.99
113397,0.722
61165,0.966
41138,1.0
112675,0.194
85776,0.08
90165,0.044
13038,0.554
41320,0.942
78044,0.064
4685,0.994
78317,0.156
36811,0.98
2800,0.206
107558,0.944
83894,0.124
34354,0.15
70267,0.362
95501,0.26
97955,0.764
104194,0.274
40130,0.268
85633,0.082
23732,0.994
124610,0.938
92265,0.566
22342,0.984
99046,0.284
49532,0.692
122015,0.868
91688,0.048
32450,0.988
118065,0.172
59115,0.804
52970,0.952
25016,0.474
44252,0.958
11219,0.78
101244,0.078
26490,0.238
13816,0.302
39960,0.828
7861,0.758
33284,0.826
115228,0.802
38586,0.976
105158,0.888
26135,0.798
102137,0.744
25191,0.962
106420,0.228
30453,0.988
31367,0.99
103980,0.34
104088,0.254
14185,0.99
42996,0.932
44544,0.992
110862,0.116
42421,0.734
89497,0.142
125088,0.432
21832,0.908
51981,0.22
97176,0.04
35029,0.956
31469,0.574
75941,0.01
28097,0.296
80048,0.092
99050,0.554
101201,0.678
21574,0.924
120438,0.766
46552,0.982
102546,0.262
106891,0.962
58956,0.996
68176,0.704
15511,0.966
113262,0.158
96453,0.26
99619,0.698
111024,0.032
69383,0.788
111532,0.232
69670,0.98
41345,0.974
16942,0.398
2448,0.326
50295,0.41
79218,0.052
48523,0.992
60725,0.882
61551,0.872
78268,0.004
84872,0.108
102092,0.238
1202,0.964
26190,0.83
54259,0.18
115422,0.526
93443,0.118
11861,0.34
41567,0.988
102007,0.71
26234,0.872
43983,0.976
41327,0.99
10138,0.502
51675,0.168
27495,0.382
86149,0.116
25835,0.018
61884,0.464
77490,0.028
18182,0.998
94634,0.186
119172,0.78
117800,0.592
40674,0.964
55207,0.742
64705,0.818
50344,0.43
62288,0.964
33814,0.736
77904,0.048
85452,0.13
108975,0.076
83992,0.108
30436,0.996
11039,0.214
120144,0.696
114690,0.334
25857,0.264
28702,0.508
24006,0.154
68498,0.438
44878,0.966
78623,0.08
75506,0.198
52646,0.438
28096,0.278
45909,0.996
124547,0.988
18147,0.996
40751,0.214
112895,0.728
77340,0.14
59514,0.998
77979,0.062
85853,0.098
89981,0.078
10223,0.896
22748,0.786
35091,0.982
30779,0.992
24872,0.022
40505,0.992
66,0.79
99144,0.852
111942,0.608
48599,0.974
43447,0.992
52009,0.728
86542,0.084
58817,0.824
92652,0.622
65639,0.772
106040,0.598
36278,0.944
6677,0.168
91248,0.096
35128,0.992
81122,0.12
38278,0.948
41525,0.978
38155,0.938
43136,0.91
61666,0.722
9769,0.574
106649,0.682
69854,0.448
123424,0.952
120712,0.298
22966,0.202
74534,0.988
9691,0.626
93339,0.422
117072,0.134
22036,0.984
92686,0.818
35986,0.928
103448,0.46
68513,0.554
89109,0.05
108079,0.518
68388,0.6
71156,0.376
89847,0.1
6780,0.85
99861,0.176
2515,0.448
116283,0.648
4762,0.366
79388,0.124
13688,0.648
1931,0.926
4083,0.922
59478,0.874
22108,0.996
67971,0.288
39131,0.986
99643,0.828
121042,0.458
87706,0.026
46254,1.0
106338,0.992
73571,0.142
125040,0.348
49368,0.114
29491,0.394
111144,0.174
45022,0.916
8351,0.596
22485,0.394
52680,0.104
20640,0.978
89941,0.044
67777,0.212
1855,0.922
24037,0.964
49232,0.762
114375,0.698
76819,0.004
48641,0.966
26547,0.482
104158,0.172
454,0.072
58308,0.972
1501,0.876
88695,0.052
94916,0.242
82196,0.028
58327,1.0
101161,0.312
79495,0.098
6054,0.168
2233,0.916
40444,0.966
119133,0.542
98927,0.178
92837,0.374
66639,0.108
65337,0.922
118800,0.212
95346,0.152
119381,0.426
110805,0.076
44393,0.886
37276,0.97
40496,0.99
77795,0.024
60378,0.94
86011,0.034
70551,0.258
15739,0.08
37362,0.99
75240,0.074
43438,0.744
83154,0.158
74364,0.116
95442,0.176
113984,0.096
4297,0.994
37915,0.858
116212,0.882
103291,0.172
33119,0.724
6403,0.734
115698,0.298
37081,0.95
33975,0.982
44752,0.268
80158,0.028
66537,0.31
4863,0.766
1899,0.946
41593,0.288
85456,0.03
99953,0.466
69797,0.308
97493,0.96
36657,0.998
8588,0.934
113929,0.948
109730,0.022
9143,0.256
62473,0.984
110322,0.26
4893,0.988
124596,0.962
3180,0.282
8823,0.556
28215,0.306
6482,0.158
121179,0.814
53871,0.326
47604,0.448
85958,0.082
37071,0.984
29941,0.0
100927,0.278
88838,0.036
38636,0.98
25207,0.746
5021,0.95
102646,0.85
108145,0.974
99821,0.26
69049,0.44
30324,0.972
48066,0.346
2986,0.992
122580,0.772
19926,0.506
95201,0.246
74274,0.844
102739,0.886
9434,0.416
72844,0.422
2779,0.212
79336,0.162
32288,0.196
5447,0.228
59527,0.986
115601,0.85
12936,0.538
123827,0.1
27274,0.182
103671,0.36
29640,0.354
28999,0.448
52145,0.302
82111,0.038
95854,0.636
72831,0.31
110207,0.058
71380,0.364
113609,0.274
59445,0.972
41885,0.49
81412,0.038
111805,0.906
83592,0.072
51236,0.358
14712,0.994
93113,0.408
57602,0.802
47907,0.706
34119,0.858
29020,0.304
43605,0.988
118941,0.576
55560,0.912
34540,0.994
33237,0.414
121768,0.73
33024,0.06
88223,0.028
116956,0.892
38359,0.98
38122,0.792
17028,0.54
109676,0.046
61299,0.436
63,0.774
67038,0.546
34258,0.096
101968,0.376
4256,0.936
92328,0.326
54,0.36
38850,0.994
59306,0.922
36725,0.992
103999,0.168
106342,0.97
79958,0.216
23758,0.994
120719,0.734
61425,0.976
61788,0.282
87765,0.026
43401,1.0
45791,0.968
60494,0.968
68364,0.686
102551,0.204
27041,0.368
6440,0.454
75933,0.016
14649,0.994
98818,0.104
77199,0.042
81884,0.096
25157,0.962
1093,0.85
75137,0.122
116917,0.292
106766,0.986
67431,0.34
8785,0.276
99684,0.894
30716,0.982
53875,0.32
53422,0.956
65097,0.94
116909,0.47
80943,0.136
16974,0.878
71807,0.656
78141,0.056
88048,0.068
36184,0.882
13041,0.996
122793,0.718
61590,0.96
90124,0.038
39237,0.916
4195,0.252
105770,0.514
112845,0.526
84084,0.044
437,0.122
75100,0.124
123866,0.17
31930,0.988
66510,0.416
122997,0.832
54949,0.984
14399,0.998
61719,0.832
43809,0.974
69022,0.592
72712,0.476
73693,0.304
39900,0.994
40529,0.998
91446,0.09
39786,0.98
11144,0.762
65980,0.274
88963,0.054
93796,0.856
79472,0.058
94148,0.996
90645,0.372
35491,0.992
7114,0.066
55784,0.944
83994,0.174
41468,1.0
10511,0.278
7928,0.542
112625,0.54
105100,0.16
18216,0.99
63157,0.644
118175,0.24
54696,0.862
64330,0.354
35578,0.992
28282,0.326
122571,0.574
115222,0.794
123078,0.88
27465,0.236
99832,0.14
88686,0.214
22917,0.98
57788,0.8
36206,0.602
70163,0.716
13626,0.428
51487,0.348
35694,1.0
51925,0.986
31705,0.964
76028,0.104
46281,0.992
51237,0.25
64912,0.468
116581,0.632
113532,0.432
42878,0.988
84427,0.132
84798,0.082
70326,0.138
1975,0.78
86338,0.004
59548,0.998
27128,0.48
84854,0.034
107557,0.994
20007,0.926
117248,0.29
54181,0.256
72526,0.254
18102,0.914
113817,0.738
69381,0.302
7230,0.11
14339,0.064
5678,0.346
93911,0.122
21724,0.996
79296,0.062
80311,0.028
49141,0.138
19452,0.952
40165,0.916
123732,0.884
91217,0.074
32418,1.0
5113,0.996
88999,0.044
6471,0.426
122845,0.862
51663,0.388
6665,0.202
17864,0.976
95885,0.39
80161,0.03
82683,0.074
9800,0.21
93424,0.31
78812,0.032
10685,0.222
63347,0.962
25750,0.83
38068,0.994
70362,0.966
66756,0.51
14994,0.256
81794,0.04
2592,0.382
97747,0.19
7616,0.716
78348,0.118
58951,0.982
48949,0.488
97687,0.11
121727,0.482
39575,0.98
31131,0.556
47367,0.97
22681,0.91
41330,0.982
41934,0.948
41275,0.994
56989,0.968
110533,0.046
27935,0.104
123799,0.486
82571,0.052
1515,0.91
43826,0.438
101546,0.62
105275,0.67
68309,0.212
51558,0.212
44058,0.976
113351,0.008
76220,0.088
87826,0.078
85430,0.022
95968,0.148
69120,0.378
7128,0.326
112379,0.354
111215,0.282
95906,0.126
37381,0.962
96957,0.554
1699,0.78
76774,0.038
23691,0.998
59117,0.838
74901,0.096
3003,0.996
45957,0.986
73451,0.16
79428,0.032
12846,0.77
24358,0.198
328,0.574
36717,0.978
26975,0.886
107428,0.3
9475,0.266
103783,0.668
20471,0.744
19359,0.184
3470,0.296
121457,0.658
101654,0.98
20674,0.996
121793,0.308
111528,0.374
107324,0.994
103952,0.176
47788,0.974
45137,0.366
85101,0.032
8729,0.5
92599,0.084
104429,0.746
25115,0.994
44113,0.95
96250,0.136
95080,0.732
35741,0.996
29078,0.542
74844,0.46
25223,0.752
15906,0.17
118946,0.84
68734,0.046
47418,0.298
22391,0.98
115752,0.772
82882,0.058
35678,0.996
21204,0.006
75195,0.148
116291,0.564
42044,0.968
5611,0.98
57242,0.756
75919,0.076
61983,0.82
49248,0.904
122914,0.814
87038,0.068
43166,0.958
65154,0.342
40464,1.0
27119,0.292
57738,0.864
38718,0.91
81732,0.046
22120,0.984
111013,0.288
123869,0.13
9853,0.55
51997,0.306
100224,0.244
64131,0.744
19399,0.218
103457,0.18
52742,0.678
119638,0.632
34687,0.936
52483,0.764
106272,0.854
76439,0.136
83699,0.072
52302,0.594
92570,0.608
90722,0.062
59181,0.676
46318,0.996
32264,0.166
92487,0.526
57813,0.984
60464,0.394
1750,0.31
9887,0.726
120874,0.496
92558,0.298
36615,0.998
31443,0.72
65835,0.484
8324,0.454
71337,0.482
42831,0.054
24408,0.222
69039,0.614
78657,0.042
99219,0.432
50803,0.406
97188,0.22
69435,0.516
7210,0.132
47796,0.858
7916,0.868
99256,0.224
110716,0.132
99528,0.186
11184,0.18
7586,0.152
22372,0.994
75666,0.002
92465,0.932
67405,0.246
62823,0.962
65488,0.476
49798,0.952
21621,0.994
58124,0.848
113805,0.816
22886,0.94
84905,0.002
102407,0.606
28162,0.1
53299,0.902
12769,0.204
70956,0.954
7674,0.744
25363,0.992
104538,0.576
86418,0.048
106404,0.41
43524,0.98
50737,0.31
28552,0.192
8147,0.536
54591,0.816
88677,0.044
33542,0.21
87449,0.104
122316,0.894
73637,0.328
61897,0.362
104318,0.666
43455,0.972
82772,0.034
21101,0.278
1302,0.268
42207,0.996
111580,0.078
57488,0.806
829,0.796
45885,0.948
9155,0.36
21824,0.186
93940,0.832
55136,0.868
36181,0.306
15301,0.078
104565,0.37
38352,0.986
112183,0.588
83123,0.014
27590,0.112
17269,0.314
27705,0.746
69269,0.744
40342,0.956
63511,0.958
110557,0.016
36750,0.974
8916,0.128
47340,0.966
37174,0.508
61645,0.906
24752,0.87
19809,0.59
10643,0.304
32988,0.0
26440,0.892
58936,0.936
125078,0.81
116278,0.6
92230,0.38
83998,0.014
37939,0.854
85675,0.19
26507,0.954
68522,0.292
20898,0.448
59023,0.988
84742,0.084
105914,0.964
119811,0.528
111633,0.33
102996,0.288
82932,0.05
77978,0.064
54306,0.938
12668,0.29
90422,0.032
558,0.296
121434,0.85
113344,0.006
50894,0.116
124015,0.244
7890,0.3
106325,0.998
52203,0.91
72943,0.988
60556,0.954
37446,0.99
48637,0.894
2566,0.364
48244,0.998
80268,0.062
39597,0.972
39436,0.98
31578,0.928
29992,0.0
41262,0.996
105479,0.362
86672,0.01
80471,0.156
86012,0.042
48697,0.994
92114,0.612
1959,0.206
69741,0.932
69647,0.97
68265,0.434
98215,0.648
86580,0.038
7774,0.258
124838,0.988
71543,0.296
79275,0.03
117761,0.298
94890,0.114
94811,0.076
68421,0.412
77141,0.034
4592,0.954
76904,0.076
6246,0.834
8627,0.968
20615,0.99
91283,0.2
119231,0.29
121774,0.796
65303,0.974
4681,0.95
101508,0.518
124832,0.94
49097,0.75
118816,0.46
7834,0.356
70491,0.44
66380,0.5
15262,0.124
87214,0.04
6435,0.812
89551,0.154
39725,0.964
44621,0.996
26254,0.178
110025,0.034
43730,0.332
13944,0.014
52777,0.874
37714,0.988
29914,0.024
112095,0.288
92869,0.248
4187,0.366
45668,0.896
65524,0.894
51494,0.572
118213,0.146
38263,0.384
99409,0.744
102951,0.546
4144,0.21
12997,0.534
69950,0.37
100740,0.094
22760,0.736
98553,0.612
106021,0.268
68453,0.43
7773,0.816
14374,0.998
80023,0.088
103446,0.292
119178,0.68
23532,0.986
66775,0.208
61232,0.56
106484,0.492
75811,0.032
48185,0.976
67616,0.518
47053,0.274
26024,0.746
83435,0.05
12083,0.21
22090,0.98
44887,0.954
28359,0.082
52890,0.28
1790,0.24
89744,0.03
106706,0.396
5957,0.054
50656,0.386
38000,1.0
90751,0.01
116699,0.264
73969,0.676
58352,0.988
119232,0.616
115686,0.73
17541,0.36
50203,0.274
45212,0.144
43671,0.968
68999,0.076
6084,0.824
24179,0.976
76977,0.142
63473,0.8
65248,0.078
77953,0.12
112213,0.756
59102,0.9
53742,0.316
64566,0.514
39275,0.986
88789,0.082
65472,0.246
254,0.326
121562,0.894
8088,0.622
78615,0.028
10880,0.842
10433,0.094
116414,0.078
99032,0.27
4975,0.974
11754,0.662
89112,0.024
79154,0.192
82240,0.326
3354,0.116
46895,0.996
11702,0.812
39839,0.982
115549,0.808
46802,0.43
79814,0.12
40530,0.964
104969,0.446
16134,0.178
58757,0.662
6687,0.466
53020,0.994
68601,0.31
76679,0.022
47518,0.994
32032,0.976
97415,0.646
41161,0.992
50004,0.572
39553,0.99
15015,0.152
68975,0.118
43074,0.086
31137,0.316
17319,0.352
9201,0.812
109071,0.058
57373,0.876
96393,0.326
118716,0.68
55954,0.956
51887,0.176
84157,0.048
94361,0.194
94344,0.36
72,0.506
98434,0.74
11403,0.89
45832,0.986
115039,0.782
7634,0.654
12969,0.186
108882,0.052
100600,0.754
110737,0.102
39791,0.996
87563,0.01
28864,0.658
10599,0.504
25437,0.988
58103,0.736
99792,0.194
105308,0.278
87319,0.042
122919,0.55
97731,0.626
18115,0.946
83404,0.112
92375,0.246
110071,0.324
95644,0.536
59550,0.998
57418,0.41
91806,0.0
111785,0.524
57413,0.722
32633,0.964
37055,0.998
24051,0.044
49998,0.256
24869,0.21
99864,0.642
112750,0.204
41591,0.158
18096,0.984
22348,0.988
54913,0.962
22205,0.99
33869,0.478
27630,0.172
92018,0.192
115717,0.692
57307,0.396
72913,0.476
119164,0.78
67601,0.364
31551,0.98
113292,0.084
30171,0.29
51511,0.366
123082,0.96
64176,0.236
33823,0.228
32614,0.984
17677,0.268
26114,0.284
64484,0.986
30669,0.99
45400,0.976
58478,0.946
96434,0.646
56194,0.942
80561,0.178
52998,0.988
26508,0.406
33224,0.386
115045,0.368
67554,0.672
1594,0.422
90569,0.13
123099,0.928
8698,0.572
117365,0.856
6467,0.314
58230,0.97
40300,0.982
83422,0.016
77566,0.088
68674,0.642
14518,0.996
43237,0.958
63390,0.908
22040,0.97
88567,0.042
83338,0.02
71185,0.432
109778,0.164
10904,0.35
63293,0.934
16073,0.548
77,0.544
18212,0.984
2128,0.722
63661,0.982
51835,0.974
54516,0.204
5390,0.436
115081,0.898
97744,0.198
96247,0.49
14496,1.0
66435,0.474
79081,0.03
78185,0.062
20523,0.05
30075,0.012
20399,0.846
37953,1.0
62800,0.468
43008,0.944
5608,0.96
46417,0.99
111675,0.332
70023,0.912
88524,0.102
28711,0.476
64237,0.316
88758,0.082
55553,0.974
45171,0.186
26745,0.926
77228,0.108
25063,0.998
76199,0.042
30032,0.698
29072,0.66
20412,0.988
98362,0.222
108625,0.604
83107,0.034
59231,0.964
91737,0.074
21967,0.01
86750,0.022
75657,0.006
92766,0.276
64092,0.216
125175,0.84
4940,0.976
16218,0.906
100467,0.274
34058,0.084
117354,0.446
78595,0.1
29535,0.918
44215,0.97
47184,0.764
35020,0.968
62160,0.954
7096,0.67
49399,0.412
79505,0.05
106871,0.916
37593,0.986
63088,0.926
77935,0.09
32632,0.948
82398,0.022
40116,0.806
77710,0.042
72375,0.706
42988,0.988
102032,0.44
18637,0.524
112283,0.46
44319,0.988
67624,0.596
44123,0.878
40255,0.83
40830,0.996
107102,0.984
74708,0.382
107422,0.344
82351,0.104
8114,0.504
119910,0.352
19566,0.986
73913,0.622
36439,0.978
40431,0.872
71730,0.678
107795,0.496
79831,0.12
60564,0.95
57753,0.936
61246,0.982
125166,0.624
87569,0.026
50124,0.902
102463,0.81
113169,0.834
124881,0.984
91929,0.21
22845,0.164
41053,0.938
26399,0.188
26540,0.248
31192,0.976
76075,0.06
104924,0.36
11205,0.718
101210,0.5
89608,0.092
5357,0.862
38794,0.966
80216,0.162
84785,0.016
99808,0.41
193,0.876
95624,0.832
82075,0.044
4413,0.994
116174,0.946
115702,0.332
84900,0.084
27299,0.22
56665,0.912
109306,0.036
81886,0.026
40873,0.86
120390,0.264
34918,0.958
76529,0.032
105629,0.548
29676,0.626
95074,0.784
85992,0.052
103229,0.534
89288,0.014
115724,0.7
56920,0.996
108352,0.532
91230,0.128
78705,0.0
65152,0.63
23725,0.996
61321,0.268
86794,0.132
74506,0.02
18279,0.992
9449,0.486
103130,0.606
87974,0.068
58506,0.718
30264,0.974
123165,0.92
45669,0.772
14617,0.998
55669,0.916
70975,0.204
120902,0.284
82944,0.05
47132,0.92
81935,0.052
25783,0.008
116133,0.318
121882,0.712
54910,0.83
31249,0.996
47679,0.924
30846,0.416
41557,0.962
116438,0.766
39374,0.984
105072,0.586
59212,0.976
15931,0.942
61287,0.978
90837,0.012
37803,0.988
87121,0.012
109642,0.014
75380,0.124
106406,0.168
58243,1.0
65143,0.778
72891,0.316
12627,0.766
29184,0.28
29807,0.768
73525,0.176
49386,0.434
94547,0.174
17372,0.272
64691,0.894
79794,0.076
38713,0.886
94917,0.292
4812,0.996
61128,0.982
24074,0.002
22827,0.678
80800,0.024
104492,0.45
83683,0.066
81956,0.052
101176,0.082
63918,0.634
102840,0.254
30699,0.994
14985,0.634
78068,0.002
78578,0.054
119729,0.352
78695,0.026
3297,0.466
42190,0.96
50283,0.316
110232,0.122
117589,0.46
9720,0.04
79834,0.068
24820,0.876
40526,0.988
29494,0.55
119572,0.556
81481,0.12
107013,0.996
28010,0.28
2549,0.132
96934,0.948
104905,0.21
97783,0.834
32416,0.994
70650,0.136
12613,0.68
54774,0.396
38139,0.904
5314,0.986
4854,0.946
1358,0.946
85097,0.076
108117,0.126
13946,0.03
32535,0.956
93174,0.458
97441,0.97
110723,0.106
36130,0.994
55917,0.606
55905,0.808
69781,0.966
47243,0.838
91778,0.0
85435,0.092
26495,0.848
55571,0.17
91852,0.006
107886,0.238
105461,0.552
24313,0.914
100104,0.688
65631,0.974
74193,0.088
100710,0.538
116876,0.32
79142,0.05
96186,0.39
14292,0.232
18955,0.002
11692,0.364
39055,1.0
29247,0.886
16577,0.658
48296,0.93
4988,0.922
113988,0.558
2795,0.086
42965,0.998
15753,0.138
64436,0.994
94991,0.926
34027,0.126
17576,0.182
51737,0.208
4397,0.972
27789,0.208
16075,0.66
78108,0.002
39454,0.59
19401,0.316
16756,0.82
7422,0.556
15734,0.12
114027,0.766
79644,0.004
117912,0.42
75676,0.0
89066,0.044
53360,0.946
2588,0.622
119612,0.64
4733,0.976
55855,0.958
102109,0.208
49838,0.53
39937,0.982
18360,0.012
74053,0.186
124181,0.942
70034,0.722
113676,0.698
85766,0.024
107213,0.994
58444,0.254
45028,0.588
44009,0.786
6037,0.526
63656,0.988
51546,0.156
72758,0.508
8771,0.796
115038,0.812
30314,0.998
86040,0.044
7882,0.172
30323,0.976
51342,0.166
32627,0.978
74652,0.226
22393,0.954
84503,0.028
16235,0.866
49346,0.432
102609,0.448
88770,0.06
76444,0.04
57915,0.994
118789,0.518
103417,0.646
112284,0.714
24629,0.284
12488,0.312
66814,0.382
77181,0.04
83520,0.01
17286,0.346
11606,0.694
94880,0.194
20326,0.978
21713,0.99
28255,0.234
49612,0.972
92555,0.472
68609,0.584
24510,0.0
86118,0.012
108002,0.422
24150,0.934
73554,0.272
125036,0.69
102735,0.25
42323,0.864
74857,0.638
39083,0.994
50519,0.996
22113,0.968
66131,0.438
108388,0.264
31478,0.932
3379,0.322
2093,0.306
50681,0.378
107068,0.994
7481,0.452
115233,0.826
952,0.88
34939,0.986
118534,0.234
10874,0.252
25618,0.102
91006,0.12
89304,0.02
112226,0.494
94787,0.1
120722,0.836
5934,0.178
95497,0.43
43503,0.956
45019,0.84
64726,0.71
20937,0.404
101096,0.22
17122,0.5
16081,0.15
307,0.218
32244,0.924
73436,0.188
7534,0.306
102983,0.372
91346,0.122
106339,0.994
3229,0.99
81852,0.044
80997,0.026
78828,0.044
25694,0.842
117423,0.79
55270,0.496
98366,0.232
112936,0.502
15228,0.926
90162,0.072
122760,0.522
14958,0.802
96505,0.272
117706,0.79
33917,0.942
4912,0.95
9110,0.72
7528,0.104
31853,1.0
75211,0.054
111551,0.144
108628,0.514
67488,0.326
98724,0.082
45849,0.986
99571,0.814
122090,0.254
57636,0.756
23596,0.998
80963,0.116
83071,0.044
55665,0.822
102633,0.924
60165,0.944
23504,0.828
42077,0.296
93147,0.99
38130,0.84
65941,0.442
107605,0.23
117435,0.638
50243,0.914
54055,0.172
9892,0.268
33418,0.222
78951,0.106
44362,0.792
8794,0.194
31962,0.33
8313,0.558
33355,0.908
62361,0.97
3247,0.976
54343,0.972
16716,0.712
77120,0.012
104245,0.518
106956,0.972
33762,0.126
38059,0.986
120131,0.176
47893,0.982
37617,0.974
2640,0.28
83902,0.01
23100,0.152
1425,0.51
24360,0.738
3008,0.802
43825,0.256
6499,0.068
62791,0.652
109438,0.22
97458,0.726
73607,0.288
115878,0.624
98287,0.92
99267,0.228
4316,0.99
88109,0.016
75899,0.056
124798,0.76
34825,0.94
122597,0.878
12669,0.458
20314,0.97
123475,0.892
90950,0.07
43416,0.972
12127,0.414
118499,0.254
40288,0.992
25422,0.978
108771,0.52
48827,0.998
15076,0.59
97695,0.234
62541,0.994
62390,0.418
1211,0.924
22059,0.792
65939,0.814
30143,0.002
33868,0.934
30393,0.984
28558,0.122
66479,0.952
67164,0.894
83596,0.074
82618,0.034
104930,0.286
30766,0.996
85047,0.044
14115,0.994
46465,0.762
2493,0.576
4796,0.304
39174,0.928
11419,0.722
124922,0.494
93037,1.0
120472,0.396
63081,0.984
97557,0.144
97703,0.192
54104,0.774
111637,0.58
667,0.992
79110,0.006
86361,0.076
102071,0.626
61283,0.978
14143,0.99
58994,0.95
35289,0.984
91423,0.164
65259,0.302
31836,0.992
40632,0.946
55884,0.73
80552,0.038
116132,0.622
30788,0.998
34136,0.184
124718,0.544
91928,0.012
70182,0.664
87952,0.112
73180,0.154
96987,0.382
35953,0.974
21557,0.986
33929,0.78
11853,0.144
58911,0.954
94713,0.164
68356,0.81
53071,0.958
12287,0.132
34025,0.344
33749,0.816
74898,0.228
79742,0.108
28411,0.314
112766,0.166
43360,0.996
4425,0.82
60141,0.976
45055,0.822
117206,0.21
40152,0.924
38969,0.93
54642,0.862
32967,0.034
11814,0.622
85581,0.138
8994,0.09
70422,0.612
27785,0.074
4335,0.952
54021,0.194
7943,0.71
80227,0.224
95027,0.202
29174,0.568
76437,0.074
31220,0.992
14495,0.994
38975,0.944
62225,0.996
66571,0.12
91273,0.066
58620,0.984
23095,0.296
117276,0.4
25603,0.244
17640,0.442
105025,0.594
13441,0.256
26017,0.758
1785,0.464
16986,0.942
84111,0.044
113999,0.052
104703,0.502
85557,0.108
73246,0.488
119817,0.226
31380,0.86
101965,0.506
7869,0.386
25844,0.72
122421,0.322
20087,0.02
92278,0.88
21556,0.99
88249,0.032
17374,0.21
85473,0.058
38232,0.992
99741,0.546
91147,0.072
48651,0.952
49915,0.162
32380,0.998
31045,0.718
94437,0.158
60251,0.892
52988,0.902
94734,0.056
10702,0.766
70500,0.912
112162,0.224
48417,0.998
31319,0.982
5759,0.232
62492,0.916
105278,0.182
6892,0.598
82674,0.034
103312,0.202
108045,0.702
21426,0.964
84116,0.038
96901,0.152
2339,0.786
98258,0.65
39492,0.708
97665,0.558
1185,1.0
49968,0.11
38679,0.984
97944,0.672
96561,0.214
55591,0.99
4079,0.942
66578,0.078
24502,0.002
86495,0.014
15706,0.116
70934,0.984
40701,0.986
85443,0.168
23050,0.61
49991,0.438
123695,0.532
103751,0.748
38245,0.988
119069,0.582
6221,0.092
48045,0.628
80873,0.13
62033,0.942
72025,0.632
21835,0.992
38557,0.69
88889,0.248
107298,0.97
13088,0.99
121508,0.942
28873,0.98
56771,0.926
121389,0.368
113712,0.72
85637,0.04
198,0.972
37474,0.97
29423,0.198
52075,0.98
6664,0.26
124821,0.948
995,0.968
87127,0.002
73508,0.416
21128,0.67
74935,1.0
64905,0.44
119800,0.444
106478,0.34
30165,0.264
84292,0.034
103459,0.144
53335,0.93
30946,0.962
45380,0.438
19594,0.738
105824,0.162
27364,0.38
39644,0.822
49318,0.84
101101,0.718
45317,0.306
112386,0.298
96974,0.514
30915,0.208
33160,0.196
115538,0.576
29557,0.174
69024,0.43
120006,0.414
15311,0.476
20701,0.984
71127,0.186
21892,0.908
42670,0.986
121025,0.6
116030,0.88
21627,0.826
69455,0.416
113167,0.798
41208,0.996
38395,0.296
78186,0.004
45749,0.142
46121,0.996
120743,0.152
103683,0.356
11092,0.054
3697,0.376
57408,0.968
21149,0.308
41151,0.954
118715,0.134
67680,0.408
30690,0.962
68785,0.008
108672,0.76
22850,0.922
86435,0.05
67388,0.382
25899,0.222
54071,0.342
20962,0.206
106455,0.404
55019,0.298
48128,0.93
33221,0.242
90960,0.134
41078,0.542
17247,0.802
25175,0.994
104771,0.156
45187,0.092
108784,0.138
49729,0.168
80387,0.1
10436,0.086
53218,0.926
47665,0.99
30973,0.992
68905,0.662
8315,0.448
23542,0.996
119409,0.412
46487,0.978
65018,0.976
36143,0.99
97797,0.124
76579,0.038
98954,0.286
77750,0.038
57429,0.87
61304,0.07
74608,0.954
76454,0.032
61826,0.884
116463,0.882
76778,0.042
36488,0.988
104228,0.148
109125,0.102
105247,0.706
12034,0.82
34645,0.972
11538,0.014
33107,0.876
89963,0.204
112076,0.562
17636,0.612
60396,0.936
76645,0.072
95143,0.602
51679,0.16
56336,0.752
47931,0.096
36264,0.354
72877,0.59
98842,0.154
111888,0.242
85915,0.06
89723,0.136
20305,0.962
12216,0.882
29129,0.982
56965,0.908
37366,0.986
57434,0.77
97947,0.848
3125,0.678
9676,0.214
107461,0.308
24712,0.99
44897,0.984
111646,0.384
50252,0.92
106409,0.162
65599,0.914
12239,0.76
122243,0.552
29090,0.902
64159,0.356
75321,0.072
90839,0.026
453,0.112
72772,0.196
16154,0.702
117337,0.858
74862,0.202
60105,0.926
124185,0.918
8379,0.736
81023,0.026
117194,0.184
47475,0.868
74182,0.174
110665,0.024
15447,0.994
17014,0.548
1420,0.188
123723,0.992
58701,0.948
21337,0.918
104108,0.282
42522,0.984
72511,0.658
119944,0.664
74205,0.676
14739,0.978
33490,0.934
45804,0.878
109681,0.062
65987,0.728
7501,0.37
93087,0.994
94944,0.218
55396,0.286
10765,0.774
85514,0.022
59012,0.976
112240,0.874
84373,0.018
64194,0.724
45395,0.52
12161,0.616
22717,0.896
19612,0.956
42102,0.992
15679,0.236
57714,0.906
62604,0.946
75462,0.092
92852,0.64
85600,0.052
53129,0.984
94693,0.04
58585,0.984
64283,0.364
3217,0.548
1497,0.808
50045,0.146
63602,1.0
16130,0.846
45094,0.998
106630,0.346
29489,0.504
12785,0.146
56751,0.966
110705,0.046
99003,0.352
23103,0.276
35570,0.994
19225,0.624
75236,0.06
115455,0.76
113019,0.44
119264,0.82
121788,0.862
37149,0.992
114178,0.2
102469,0.776
111663,0.496
80096,0.03
34530,0.976
33888,0.012
88830,0.13
97450,0.962
20803,0.906
3042,0.946
15983,0.136
102862,0.872
98180,0.974
54085,0.168
50084,0.188
87362,0.028
122528,0.69
112374,0.058
35362,0.828
81740,0.024
30929,0.248
76936,0.01
58717,0.878
6137,0.414
108950,0.246
37624,0.984
67917,0.818
72504,0.27
73982,0.226
28389,0.26
235,0.19
47682,0.898
118464,0.92
28076,0.59
61541,0.764
25986,0.576
63171,0.964
35279,0.956
93494,0.7
104687,0.192
11438,0.768
56385,0.988
119620,0.11
38502,0.098
13093,0.99
52614,0.546
95187,0.238
108956,0.06
91888,0.07
101724,0.1
76182,0.122
61799,0.24
115383,0.79
119004,0.328
49239,0.35
87549,0.006
81175,0.034
22731,0.486
31598,0.982
18381,0.04
52354,0.982
31800,0.988
47824,0.988
8249,0.466
14897,0.102
2503,0.408
114689,0.244
124318,0.728
109265,0.026
112684,0.294
74307,0.492
120035,0.758
61387,0.948
69979,0.812
123996,0.374
115685,0.766
57717,0.912
33416,0.708
18504,0.438
13445,0.142
60456,0.242
18364,0.0
107073,0.8
99189,0.254
78231,0.008
82363,0.012
115758,0.838
5860,0.338
35261,0.996
115430,0.454
85402,0.074
45937,0.992
101020,0.188
64431,0.996
24083,0.018
36451,0.96
19457,0.972
120735,0.14
47075,0.978
55374,0.936
29615,0.854
75675,0.038
101364,0.276
13059,0.99
3071,0.792
50446,0.376
90675,0.27
99163,0.902
85426,0.13
88954,0.058
124116,0.666
18530,0.42
107365,0.886
91637,0.03
96938,0.764
81254,0.034
117498,0.18
47858,0.924
13572,0.7
4885,0.966
74968,0.03
16605,0.362
32453,0.966
33826,0.326
117526,0.616
114644,0.816
56757,0.864
91378,0.064
85829,0.024
74902,0.252
52574,0.88
94163,0.95
66141,0.77
123324,0.306
4724,0.934
51322,0.248
113601,0.104
22865,0.84
10736,0.594
71282,0.242
20122,0.046
51696,0.304
114663,0.824
13269,0.036
28333,0.022
117373,0.856
15789,0.176
15247,0.118
39869,0.986
84174,0.042
96841,0.124
80795,0.046
108933,0.162
37814,0.944
26669,0.944
7801,0.522
629,1.0
39402,0.988
24594,0.004
65545,0.806
65683,0.728
108814,0.172
17368,0.176
89816,0.02
75973,0.074
96360,0.196
34754,0.12
41864,0.946
36960,0.972
40612,0.166
106223,0.338
99112,0.612
3417,0.514
70159,0.442
102372,0.308
104997,0.604
109202,0.01
107936,0.088
72505,0.198
95517,0.626
74459,0.192
75810,0.068
119703,0.88
14084,0.182
101075,0.434
111908,0.52
13780,0.574
5670,0.456
29994,0.024
9229,0.712
12915,0.854
51733,0.416
67536,0.834
85742,0.156
78008,0.144
77543,0.042
82542,0.08
19757,0.382
53387,0.99
75985,0.192
26362,0.25
123691,0.74
7707,0.692
105122,0.254
39749,0.954
7041,0.966
100741,0.11
56257,0.842
16072,0.048
36758,0.858
108331,0.458
117256,0.692
82598,0.066
95675,0.6
78158,0.068
51500,0.528
28308,0.056
113111,0.054
33173,0.258
100417,0.198
85705,0.036
84361,0.036
82095,0.032
84828,0.038
63159,0.976
20519,0.05
44572,0.878
98219,0.242
88650,0.068
7491,0.122
43719,0.914
97901,0.144
8084,0.478
107401,0.254
92010,0.072
31051,0.824
5669,0.414
90451,0.02
70111,0.408
2159,0.4
90295,0.032
71597,0.326
89583,0.124
47536,1.0
99190,0.196
37516,0.968
47456,0.184
31710,0.992
71641,0.146
121433,0.9
18742,0.602
71955,0.074
107786,0.66
76058,0.044
35922,0.996
34175,0.984
91441,0.03
85066,0.126
6414,0.598
31587,0.964
4186,0.37
123184,0.89
110517,0.068
44330,0.954
55062,0.782
77279,0.074
41211,1.0
783,0.412
12205,0.266
41599,0.13
21585,0.916
98076,0.12
102867,0.486
105329,0.584
78569,0.064
103961,0.146
72434,0.784
69096,0.366
23597,0.988
24827,0.408
62379,0.992
14742,0.992
92354,0.55
22818,0.466
49138,0.154
17794,0.698
110676,0.126
75199,0.15
56790,0.948
32820,0.982
34581,0.984
5792,0.148
96926,0.786
31575,0.95
111709,0.472
40238,0.994
69349,0.624
108808,0.286
57332,0.972
28286,0.112
45518,0.808
76273,0.106
13407,0.286
95383,0.304
26361,0.19
93289,0.22
18009,0.416
39618,0.972
41403,0.966
91389,0.108
57789,0.674
105614,0.298
78112,0.034
1848,0.982
36973,0.976
89747,0.034
110998,0.134
113393,0.812
119183,0.178
12636,0.36
76106,0.028
77047,0.07
92022,0.08
52589,0.58
103630,0.552
109097,0.168
24421,0.014
107530,0.994
114010,0.192
101171,0.294
71221,0.488
102235,0.23
744,0.444
111723,0.76
1695,0.87
106546,0.292
11334,0.27
88523,0.08
62893,0.182
60539,0.954
53256,0.93
62523,0.768
71363,0.26
105166,0.418
64635,0.656
13483,0.544
122544,0.776
80516,0.018
35844,0.936
10212,0.108
80583,0.056
32250,0.758
44989,0.746
121454,0.168
106218,0.944
121060,0.602
9236,0.838
87567,0.036
32744,0.854
75879,0.018
110972,0.112
49770,0.89
69674,0.992
21243,0.0
83693,0.056
89970,0.244
23730,0.96
114389,0.548
25954,0.254
99001,0.188
104301,0.288
100494,0.5
28754,0.986
84068,0.062
69826,0.88
95407,0.234
35060,0.986
115449,0.522
105477,0.362
51563,0.878
48806,0.998
92418,0.142
33850,0.172
93732,0.562
93648,0.782
104679,0.274
92801,0.532
2008,0.58
89299,0.01
45023,0.976
22110,0.988
9139,0.888
122996,0.568
11642,0.294
55350,0.994
42783,0.892
9454,0.164
75264,0.028
44102,0.984
102015,0.154
84043,0.02
73604,0.244
58060,0.722
78117,0.01
5299,0.97
52942,0.292
97470,0.85
55654,0.168
20168,0.294
50031,0.254
57677,0.522
7905,0.816
18436,0.328
27072,0.242
74009,0.286
41718,0.72
93128,0.994
110615,0.168
23768,0.332
106183,0.606
114710,0.762
40906,0.992
73024,0.984
7035,0.8
101491,0.232
9190,0.282
78522,0.192
18276,0.992
38373,0.99
67847,0.472
79262,0.132
66710,0.386
34758,0.106
51146,0.376
119779,0.288
125063,0.358
21501,0.998
66238,0.452
23232,0.976
63208,0.974
89510,0.062
117937,0.326
90433,0.072
119394,0.352
51238,0.282
108646,0.406
64244,0.892
83654,0.036
86419,0.144
106817,0.992
67765,0.7
3245,0.956
100372,0.174
48184,0.97
46472,0.506
44543,0.828
119778,0.67
37286,0.994
113633,0.102
29284,0.848
116884,0.174
93560,0.424
32354,0.982
20375,0.974
84456,0.022
41373,0.756
91171,0.108
42528,0.962
19139,0.974
62661,0.932
69905,0.83
54137,0.514
9472,0.612
36482,0.872
42264,0.172
94714,0.108
70344,0.27
26587,0.97
103036,0.226
68093,0.442
45061,0.996
16291,0.398
17144,0.636
89996,0.068
57230,0.926
40047,0.898
815,0.992
36463,0.792
55857,0.87
51139,0.898
86203,0.06
15745,0.13
42837,0.186
101571,0.512
77190,0.004
98007,0.986
1398,0.44
16251,0.856
104895,0.57
118485,0.698
100357,0.506
112018,0.762
104721,0.458
79299,0.118
99983,0.074
12019,0.162
12728,0.494
46398,0.994
84464,0.09
14887,0.136
37865,0.962
73281,0.8
103578,0.136
71885,0.24
44680,0.984
97312,0.942
65443,0.188
11867,0.772
38797,0.968
74934,1.0
10555,0.36
76531,0.0
47740,0.23
66242,0.22
23944,0.55
2406,0.088
119546,0.846
120913,0.93
52668,0.184
85228,0.036
101,0.994
53648,0.118
71937,0.098
91855,0.006
111094,0.114
59409,0.834
2333,0.258
51998,0.276
65856,0.95
28048,0.23
30582,0.94
4471,0.966
17366,0.264
81735,0.066
82706,0.084
67474,0.328
119208,0.18
6418,0.326
62079,0.97
20194,0.468
14311,0.13
46902,0.988
16229,0.894
40021,0.85
62530,0.99
63923,0.76
41763,0.216
25930,0.93
60586,0.512
24100,0.002
86678,0.034
72303,0.906
105451,0.6
86859,0.134
5008,0.998
124020,0.456
87981,0.052
46991,0.984
5304,0.998
80074,0.052
6650,0.482
64756,0.55
76036,0.07
20858,0.046
104323,0.37
104309,0.756
70508,0.386
81712,0.038
30885,0.918
59902,0.812
14288,0.726
42815,0.21
4032,0.312
36796,0.988
44158,0.202
15435,0.994
60173,0.94
16288,0.738
18584,0.27
83514,0.028
64304,0.208
44877,0.992
64987,0.982
19632,0.974
81051,0.046
85315,0.018
26287,0.66
88670,0.076
98303,0.312
66228,0.152
72992,0.922
18899,0.012
18575,0.642
53141,0.982
46728,0.974
114435,0.712
5153,0.99
13943,0.06
56761,0.984
117969,0.376
46360,0.994
8663,0.114
19618,0.948
31718,0.948
19722,0.296
76922,0.048
17124,0.576
95305,0.36
45672,0.868
8013,0.166
14021,0.902
89949,0.124
109393,0.002
18855,0.802
83315,0.042
8941,0.488
87429,0.038
98262,0.62
17488,0.936
28066,0.538
3701,0.806
33995,0.962
82348,0.032
117482,0.618
75427,0.108
42534,0.894
106712,0.668
112884,0.688
76293,0.12
110863,0.16
11478,0.6
106519,0.232
515,0.364
81220,0.082
118413,0.708
78202,0.098
99916,0.128
36925,0.67
97238,0.284
78296,0.09
42656,0.986
78509,0.042
47050,0.108
75461,0.128
22736,0.386
109365,0.036
84719,0.038
78128,0.088
6825,0.964
103326,0.276
81818,0.062
84526,0.038
52760,0.34
18369,0.0
104037,0.104
62706,0.746
124885,0.966
22474,0.856
85374,0.01
52323,0.29
32962,0.056
79995,0.058
41735,0.768
10030,0.276
67087,0.454
61577,0.86
71967,0.098
16174,0.048
12448,0.494
92817,0.334
24062,0.002
76780,0.018
56044,0.998
9553,0.1
103741,0.126
34708,0.988
101414,0.154
53037,0.966
15170,0.344
76069,0.08
61413,0.978
57871,0.892
95621,0.464
100501,0.084
94573,0.478
97217,0.726
4431,0.944
56976,1.0
32758,0.298
28373,0.76
51114,0.382
60043,0.144
45705,0.46
75536,0.116
82139,0.026
108967,0.028
44786,0.858
29281,0.8
56416,0.358
19985,0.166
88562,0.022
69595,0.938
100905,0.708
114104,0.52
64071,0.504
51504,0.202
19422,0.858
110429,0.16
13503,0.818
91836,0.004
28937,0.846
117418,0.12
11173,0.602
78627,0.0
11556,0.658
49634,0.402
82653,0.026
40929,0.992
15483,0.994
35978,0.998
63695,0.992
120548,0.594
30876,0.94
109883,0.228
109080,0.166
76077,0.03
63462,0.83
21309,0.054
41257,0.988
28146,0.542
103128,0.432
20533,0.886
15871,0.932
65655,0.98
9004,0.764
47652,0.988
102112,0.232
19670,0.984
121175,0.488
84731,0.028
55178,0.666
20842,0.078
9950,0.04
12942,0.306
87575,0.004
19406,0.506
111677,0.682
21537,0.872
52363,0.932
27455,0.614
78707,0.096
119252,0.262
108077,0.486
3358,0.168
48826,0.998
65270,0.61
4764,0.906
44047,0.976
36950,0.952
109650,0.044
99138,0.728
74005,0.104
113740,0.292
52089,0.9
95825,0.038
34865,0.794
69131,0.438
3491,0.504
107427,0.548
30992,0.984
53043,0.984
80457,0.01
10550,0.72
10692,0.332
98608,0.31
97399,0.774
13035,0.294
13180,0.252
97412,0.928
69841,0.202
92743,0.604
111891,0.726
14836,0.996
11474,0.502
59873,0.958
72367,0.388
124681,0.856
56134,0.828
11864,0.336
89715,0.026
107784,0.488
3343,0.254
62378,0.992
112643,0.862
56945,0.968
94859,0.184
52080,0.88
107644,0.89
119491,0.532
116893,0.194
52277,0.702
43101,0.85
24154,0.838
73864,0.438
23882,0.124
118962,0.834
118758,0.218
69681,0.992
9692,0.756
63869,0.376
56867,0.318
26543,0.382
113445,0.438
31352,0.902
99722,0.428
104144,0.642
61859,0.988
100878,0.95
31250,0.946
51163,0.424
38639,0.918
105717,0.258
3946,0.072
32199,0.932
32247,0.976
121518,0.938
103042,0.194
49738,0.138
73779,0.152
79529,0.038
95502,0.616
79762,0.054
37551,0.926
97452,0.964
6254,0.68
44763,0.94
84939,0.04
123905,0.986
11433,0.774
37928,0.986
64976,0.488
65101,0.976
13951,0.028
80327,0.044
87158,0.06
47334,0.336
100758,0.238
68581,0.238
122465,0.826
63612,0.994
91766,0.002
7823,0.3
38918,0.996
8137,0.57
5862,0.324
40227,0.924
31777,0.996
51686,0.17
121291,0.32
111535,0.544
65647,0.894
76029,0.04
7514,0.524
102061,0.31
74658,0.408
119268,0.736
103000,0.782
70928,0.98
119324,0.956
82336,0.126
47765,0.944
9174,0.402
49760,0.884
110213,0.34
978,0.976
86824,0.022
24194,0.934
57335,0.504
32905,0.972
100477,0.376
41848,0.966
23636,0.984
43597,0.956
88122,0.078
10492,0.062
124003,0.226
8253,0.396
45105,0.996
78619,0.044
32531,0.75
52358,0.86
50537,0.962
15222,0.894
37355,0.864
26408,0.906
76338,0.056
14645,0.994
70912,0.966
120500,0.878
101611,0.262
107216,1.0
80446,0.008
84664,0.002
106763,0.992
28777,0.996
91029,0.04
46853,0.498
52025,0.338
113892,0.602
85693,0.042
14298,0.4
115586,0.524
71286,0.226
100405,0.288
62482,0.58
59766,0.904
34067,0.096
64679,0.948
62978,0.506
26332,0.756
47967,0.95
92681,0.678
2195,0.628
108591,0.944
71371,0.356
7799,0.506
4423,0.83
41433,1.0
70718,0.662
7129,0.304
35159,0.428
110881,0.33
2298,0.824
23695,1.0
72379,0.916
120308,0.754
123192,0.862
7652,0.26
91205,0.122
85937,0.148
62223,0.998
18843,0.238
74793,0.206
34822,0.862
107581,0.966
116915,0.162
40474,0.996
97211,0.224
71535,0.356
29464,0.586
109678,0.046
43123,0.082
87044,0.088
42148,0.986
44949,0.854
67058,0.136
100528,0.18
10719,0.346
14824,0.994
102815,0.776
79787,0.014
39141,0.934
52146,0.376
24947,0.97
8904,0.38
103347,0.286
1006,0.902
90674,0.334
116064,0.922
30085,0.002
91384,0.038
67249,0.234
56598,0.916
71899,0.452
54971,0.816
33566,0.244
53835,0.538
24671,0.99
68263,0.446
23221,0.984
79766,0.056
4934,0.982
92150,0.146
116644,0.248
57779,0.818
17843,0.966
103880,0.836
115526,0.688
17678,0.268
18649,0.25
104836,0.456
1169,0.66
97585,0.52
63258,0.734
15456,0.996
65445,0.244
63978,0.32
91653,0.042
115245,0.874
54789,0.624
58198,1.0
122584,0.934
111963,0.644
65965,0.382
67771,0.25
53807,0.91
77794,0.014
66980,0.242
89612,0.154
39115,0.998
40297,0.996
16879,0.234
67310,0.272
33627,0.082
21799,0.3
104104,0.368
113937,0.966
84993,0.048
42773,0.894
76945,0.034
115487,0.77
65028,0.35
8043,0.266
13383,0.768
95192,0.448
105023,0.182
9446,0.448
113226,0.768
91741,0.158
28041,0.67
52091,0.916
1217,0.96
49689,0.37
102887,0.65
68332,0.654
71026,0.306
80608,0.03
14053,0.554
109248,0.044
25896,0.194
54963,0.99
83287,0.062
96776,0.634
64853,0.418
61963,0.934
22908,0.91
52164,0.232
38439,0.916
43052,0.99
83088,0.07
9083,0.314
76877,0.088
28206,0.342
74279,0.128
35828,0.986
46648,0.99
109512,0.034
76547,0.018
100146,0.598
4338,0.924
80285,0.04
62295,0.944
87790,0.062
26498,0.926
115374,0.854
17321,0.734
20987,0.25
3580,0.332
58697,0.942
59202,0.986
76951,0.114
71035,0.324
18838,0.992
96690,1.0
64827,0.812
102555,0.312
40979,0.97
13196,0.224
25145,0.954
89152,0.05
89541,0.026
69339,0.638
63433,0.206
17316,0.44
57623,0.744
79648,0.008
41750,0.152
102470,0.836
49763,0.412
7720,0.078
119163,0.906
20558,0.928
87146,0.026
52602,0.3
108039,0.348
12758,0.458
6325,0.902
112533,0.362
106077,0.502
46798,0.474
17729,0.116
101995,0.414
20362,0.794
40688,0.982
65741,0.902
112900,0.776
82998,0.01
33146,0.498
36825,0.942
39203,0.39
11082,0.176
108740,0.1
91865,0.006
60687,0.248
14020,0.52
100343,0.498
107891,0.544
33529,0.232
65890,0.886
72663,0.35
118267,0.168
8531,0.878
76237,0.182
41057,0.984
86676,0.082
69583,0.64
97911,0.204
81256,0.03
92881,0.982
63899,0.734
112642,0.766
16620,0.468
58279,0.99
12295,0.178
61364,0.95
88474,0.04
86987,0.076
83980,0.014
32779,0.764
99733,0.256
68858,0.036
71460,0.12
96489,0.934
114755,0.764
30728,0.986
70453,0.276
42183,0.98
85824,0.068
66011,0.284
28560,0.112
62851,0.186
108917,0.058
107470,0.684
31750,0.996
110239,0.178
53780,0.232
10996,0.092
63663,0.842
98336,0.356
19261,0.454
52077,0.964
122479,0.75
65875,0.97
118270,0.174
19786,0.576
116721,0.584
41639,0.658
107034,0.882
80506,0.086
86313,0.05
54638,0.902
116822,0.366
73716,0.65
92281,0.148
110662,0.142
13592,0.41
32071,0.99
59542,0.998
119819,0.362
98389,0.396
100157,0.654
70099,0.448
21017,0.4
8240,0.152
64858,0.982
122817,0.914
73700,0.36
27339,0.314
40877,0.992
16362,0.606
110556,0.062
3937,0.2
30221,0.972
94278,0.998
74406,0.694
85171,0.02
95284,0.216
65667,0.968
18861,0.984
101686,0.512
119051,0.318
30086,0.008
38810,0.944
24946,0.442
42688,0.984
123616,0.928
54140,0.296
58543,0.924
64241,0.876
20513,0.75
53847,0.19
26125,0.928
67482,0.494
106487,0.322
42358,0.126
100456,0.752
58617,0.938
118341,0.676
18751,0.988
98136,0.38
122071,0.624
106228,0.996
78349,0.074
1854,0.922
79376,0.174
50209,0.944
28858,0.484
79284,0.028
29182,0.792
85878,0.058
83697,0.024
63220,0.978
109416,0.2
79014,0.338
79797,0.144
107134,0.994
11046,0.134
71716,0.584
15785,0.66
12298,0.27
93832,0.116
22230,0.308
94866,0.328
50227,0.778
68982,0.094
19293,0.302
67199,0.18
93400,0.326
50747,0.874
121858,0.87
53308,0.972
40380,0.952
53937,0.234
110097,0.23
63588,0.84
14125,0.98
28407,0.198
59424,0.922
101757,0.782
21316,0.052
41450,0.998
40727,0.976
24401,0.396
64548,0.676
55794,0.956
39617,0.524
118787,0.276
85852,0.092
76158,0.01
63194,0.884
100565,0.198
82293,0.09
54914,0.628
87364,0.068
85137,0.116
118300,0.476
55620,0.676
68922,0.21
47802,0.97
16662,0.5
100010,0.414
70698,0.712
109278,0.054
48817,0.976
28833,0.336
71364,0.538
84319,0.054
90534,0.216
16608,0.376
48285,0.258
49953,0.638
4773,0.768
74623,0.996
50986,0.446
12719,0.206
121530,0.762
28291,0.056
71798,0.246
58637,0.938
94009,0.986
78191,0.084
100436,0.138
40457,0.91
33837,0.18
108306,0.796
81512,0.098
120250,0.96
110548,0.018
33104,0.592
48974,0.896
81045,0.038
123157,0.972
115144,0.836
84907,0.008
9022,0.192
30819,0.998
94224,0.872
27392,0.404
124261,0.916
82327,0.018
113703,0.89
12463,0.232
3777,0.142
23622,0.998
291,0.156
51716,0.836
47234,0.236
50417,0.212
97697,0.774
19653,0.988
118446,0.7
117123,0.844
74254,0.312
22880,0.868
108211,0.92
49730,0.142
42300,0.146
47464,0.984
29895,0.08
56166,0.996
7503,0.612
6937,0.088
11237,0.81
53264,0.474
26225,0.292
99477,0.092
112550,0.126
10617,0.052
80937,0.004
67598,0.304
100886,0.888
33613,0.54
118118,0.312
46611,0.952
89378,0.1
9034,0.51
18463,0.52
31712,0.972
96564,0.254
50874,0.4
10528,0.102
116723,0.892
65376,0.92
51789,0.858
113719,0.28
66397,0.45
30826,0.994
52555,0.56
35437,0.996
69743,0.982
30065,0.008
101436,0.546
86640,0.012
104042,0.376
113528,0.48
18223,0.994
49810,0.89
19534,0.394
43479,0.982
21499,0.968
109088,0.336
87187,0.002
96910,0.248
34114,0.91
106434,0.544
93790,0.766
8395,0.38
327,0.536
118301,0.12
9427,0.416
69710,0.974
98623,0.168
4740,0.92
9142,0.888
47928,0.282
90403,0.048
33225,0.084
95173,0.112
64993,0.93
51762,0.714
77208,0.004
84882,0.006
53133,0.94
92198,0.266
37472,0.988
10811,0.758
36326,0.91
91498,0.056
118687,0.296
106207,0.992
123941,0.942
51666,0.472
29438,0.098
38374,0.976
51773,0.82
20006,0.972
39660,0.99
73987,0.056
26561,0.316
34550,0.864
76728,0.102
124800,0.872
25470,0.996
83206,0.02
25900,0.312
91815,0.094
3006,0.314
103156,0.23
47568,0.81
6034,0.148
51213,0.094
98280,0.72
79279,0.04
109233,0.044
13056,0.992
101696,0.15
9956,0.012
46250,1.0
105631,0.324
110110,0.37
102715,0.766
11074,0.488
24186,0.936
111271,0.224
6445,0.142
92668,0.242
75345,0.074
104948,0.676
116533,0.338
27702,0.762
13311,0.91
27328,0.514
86025,0.038
13379,0.638
88782,0.038
88063,0.048
117602,0.486
93261,0.33
64830,0.738
64654,0.912
26432,0.808
68394,0.584
46626,0.994
43315,0.9
101069,0.248
17183,0.166
34519,0.972
6402,0.33
8841,0.152
119103,0.458
60627,0.708
32748,0.834
25679,0.544
32646,0.99
121718,0.932
15807,0.062
31876,0.918
74285,0.302
71527,0.244
40237,0.99
67762,0.34
76485,0.1
65223,0.928
92901,0.998
122709,0.118
67250,0.574
39190,0.98
12098,0.692
66093,0.908
19228,0.946
114520,0.576
74954,0.124
41400,0.972
35981,0.994
15528,0.992
120568,0.766
45121,0.978
57109,0.72
21244,0.022
14628,0.998
59016,0.968
28467,0.828
15174,0.728
28891,0.952
109147,0.09
114462,0.24
49272,0.698
65942,0.254
67521,0.286
48375,0.998
97952,0.802
91374,0.068
85698,0.032
33716,0.356
36723,0.984
66860,0.458
100774,0.912
74789,0.07
108725,0.114
115746,0.56
23753,0.992
33747,0.702
39495,0.364
58375,0.45
21826,0.246
76536,0.018
85348,0.024
65354,0.988
42080,0.322
99178,0.392
51923,0.934
56525,0.89
43727,0.95
35918,0.988
88461,0.054
59303,0.954
95350,0.126
24881,0.02
21643,0.974
3843,0.224
67041,0.356
74577,0.966
17420,0.23
58496,0.97
20325,0.942
114742,0.694
16254,0.896
104096,0.244
30643,0.982
119246,0.192
44983,0.814
21103,0.294
52296,0.906
30411,0.996
25478,0.952
40872,0.89
102035,0.502
80822,0.124
80232,0.112
75224,0.052
32703,0.806
81878,0.134
87271,0.106
76377,0.13
98819,0.13
54405,0.954
47971,0.864
68944,0.078
14113,0.976
94132,0.994
35426,0.996
16206,0.426
36684,0.974
74747,0.192
109863,0.096
46617,0.996
121505,0.916
98130,0.2
9217,0.474
61289,0.982
124618,0.972
67681,0.556
121399,0.294
23331,0.944
48125,0.976
60761,0.936
79489,0.084
90366,0.036
39453,0.782
71805,0.2
19324,0.272
14135,0.982
28313,0.062
1010,0.998
46794,0.65
62111,0.956
75371,0.156
93725,0.336
95159,0.194
106905,0.91
110675,0.07
1489,0.898
78420,0.086
93188,0.342
32049,0.984
86351,0.0
74313,0.358
64650,0.926
115748,0.446
116797,0.462
100753,0.092
80284,0.09
86119,0.128
108354,0.564
30207,0.898
121799,0.742
28491,0.454
67606,0.292
100851,0.46
111021,0.05
24927,0.766
9070,0.394
14509,0.948
119724,0.688
62860,0.75
90289,0.066
8766,0.876
48477,0.892
66822,0.414
54235,0.354
7313,0.562
24382,0.304
61865,0.972
56895,0.988
60350,0.936
97939,0.26
66498,0.242
74152,0.056
63224,0.982
7775,0.554
7270,0.322
23040,0.988
3093,0.558
43,0.5
32382,1.0
3683,0.706
75818,0.002
108152,0.922
86249,0.054
7709,0.808
97123,0.244
75144,0.1
119428,0.52
63939,0.756
98260,0.454
101830,0.266
17970,0.902
77497,0.266
7122,0.092
40783,0.536
13977,0.044
122405,0.596
3506,0.498
50171,0.81
109839,0.176
313,0.514
35352,0.652
115261,0.68
49958,0.57
34877,0.522
111504,0.246
33411,0.828
44711,0.356
14196,0.994
6458,0.838
49647,0.868
103071,0.334
56381,0.96
102413,0.29
113192,0.388
102499,0.35
84704,0.012
28661,0.764
52156,0.262
40429,0.886
19330,0.868
8760,0.732
55460,0.728
82349,0.14
22744,0.824
61191,0.668
46374,0.906
41101,0.822
36051,0.846
96480,0.21
69415,0.658
42427,0.958
48022,0.65
112759,0.902
121977,0.712
109447,0.022
61490,0.158
5364,0.992
34431,0.89
35281,0.988
40640,0.98
68554,0.972
111817,0.342
11613,0.656
70593,0.478
104310,0.81
5680,0.526
62981,0.49
123804,0.734
110283,0.124
46864,0.474
115936,0.468
105882,0.95
79207,0.096
104956,0.388
183,0.992
81955,0.124
22041,0.94
15936,0.832
114968,0.498
77570,0.054
81341,0.03
39728,0.948
13285,0.426
11539,0.074
32439,0.848
63754,0.87
107604,0.108
68632,0.292
38790,0.65
66938,0.12
59072,0.87
97114,0.218
54141,0.39
45483,0.144
88928,0.174
102909,0.522
94406,0.236
52069,0.886
79176,0.114
99691,0.414
85440,0.148
5181,0.998
33037,0.602
30496,0.966
88665,0.184
121973,0.714
117658,0.696
50672,0.382
60083,0.956
51768,0.274
11928,0.13
24101,0.0
93262,0.34
99909,0.24
36635,1.0
70955,0.974
95132,0.582
108375,0.564
26512,0.766
112422,0.344
10328,0.264
122417,0.698
108021,0.246
64180,0.418
90594,0.078
38732,0.964
84107,0.03
120583,0.966
12135,0.694
66877,0.246
63625,0.964
114181,0.522
115648,0.906
33272,0.164
58225,0.946
98205,0.846
82681,0.224
65927,0.39
25213,0.504
118926,0.38
101040,0.362
41804,0.786
91284,0.022
37641,0.928
27833,0.924
73212,0.372
53072,0.92
98693,0.526
30188,0.632
93849,0.14
121061,0.336
25727,0.24
75498,0.054
3644,0.192
83632,0.042
63275,0.962
7377,0.59
83711,0.062
62934,0.888
116569,0.166
124494,0.982
14302,0.23
3914,0.598
108131,0.396
39274,0.982
12548,0.498
105114,0.748
441,0.164
13836,0.726
15795,0.738
55112,0.976
114107,0.316
96449,0.196
112012,0.732
25303,0.502
89318,0.012
96928,0.894
44827,0.988
121716,0.934
77607,0.034
55443,0.69
56970,0.994
87557,0.02
90475,0.02
18131,0.998
122770,0.538
46372,0.894
82419,0.018
12565,0.666
35370,0.07
30721,0.992
69856,0.526
61423,0.974
58762,0.978
42053,0.986
70692,0.848
85980,0.022
29088,0.928
66718,0.926
16105,0.548
68973,0.19
77512,0.01
99906,0.542
24450,0.0
33195,0.208
58164,0.794
60044,0.574
6790,0.858
55727,0.33
76560,0.012
47611,0.97
10460,0.106
19978,0.668
43326,0.982
67088,0.57
28089,0.756
62938,0.648
33971,0.978
59731,0.974
76360,0.082
32834,0.976
109428,0.068
75730,0.044
30689,0.998
97771,0.556
17982,0.682
12278,0.506
88245,0.066
90726,0.014
66320,0.44
102478,0.736
36373,0.984
64555,0.456
123264,0.94
78174,0.05
120608,0.99
42451,0.996
121765,0.794
20434,0.978
28427,0.114
78723,0.018
18113,0.992
13993,0.762
31081,0.51
72467,0.624
46292,1.0
101400,0.426
47602,0.994
78482,0.016
9170,0.838
106607,0.312
3387,0.644
47411,0.73
50627,0.848
115107,0.472
42147,0.79
96566,0.47
74841,0.398
30283,0.998
27906,0.368
113334,0.038
61533,0.832
79216,0.064
78113,0.03
78046,0.044
77163,0.054
118371,0.25
117916,0.12
53874,0.248
38432,0.974
9727,0.294
81882,0.042
498,0.94
20760,0.51
107129,0.994
119947,0.608
7967,0.446
4389,0.87
92771,0.598
118737,0.862
16117,0.056
107848,0.466
115114,0.746
39563,0.99
75522,0.086
114409,0.746
117642,0.854
41279,0.984
30449,0.992
69831,0.566
101608,0.118
56024,0.542
100069,0.158
23683,0.998
63773,0.386
77733,0.162
67491,0.39
106126,0.968
37952,0.994
20215,0.404
74960,0.134
98630,0.13
72382,0.494
35598,0.998
10782,0.912
71568,0.316
64252,0.632
32790,0.288
89767,0.03
115158,0.872
60279,0.952
18605,0.26
56061,0.94
32768,0.146
90273,0.034
5751,0.096
10075,0.42
21637,0.964
28254,0.092
430,0.144
31001,0.998
101710,0.278
77458,0.17
85120,0.046
114288,0.766
21006,0.946
27506,0.096
91649,0.018
41641,0.822
53653,0.132
57804,0.756
91473,0.152
86892,0.03
82829,0.038
1915,0.794
101574,0.392
9172,0.402
125177,0.88
8858,0.62
37170,0.996
38270,0.96
99534,0.172
68021,0.256
8095,0.476
56585,0.936
15138,0.476
67223,0.16
113711,0.696
83760,0.018
112639,0.49
961,0.776
81352,0.02
32142,0.942
59092,0.356
119529,0.276
112326,0.294
110062,0.008
122633,0.506
48310,0.136
105346,0.992
36797,0.952
33062,0.494
58598,0.856
440,0.176
30609,0.982
87451,0.078
124350,0.94
2827,0.108
67832,0.41
50006,0.69
100838,0.62
11711,0.374
115495,0.556
117810,0.436
116844,0.738
21074,0.704
106683,0.29
64198,0.534
95221,0.42
123484,0.948
64318,0.3
116176,0.836
369,0.202
90659,0.032
99447,0.94
106774,0.988
119480,0.85
21010,0.102
109022,0.14
66048,0.306
21355,0.93
27134,0.314
119630,0.872
28510,0.528
59453,0.946
105957,0.954
15016,0.172
90373,0.018
53497,0.694
84141,0.034
49753,0.912
42880,0.996
44127,0.96
87398,0.024
76603,0.15
6644,0.194
28361,0.142
105183,0.43
63238,0.504
58603,1.0
22076,0.994
225,0.062
105880,0.87
31617,0.99
39664,0.944
18667,0.816
12536,0.336
88643,0.04
93566,0.538
95259,0.162
10676,0.436
31880,0.988
51799,0.978
57334,0.566
66203,0.328
20300,0.958
28170,0.162
5469,0.878
102885,0.328
14828,0.996
2895,0.65
103240,0.298
77162,0.072
5847,0.164
20063,0.0
58139,0.734
39532,0.918
33093,0.5
34285,0.754
3686,0.136
94370,0.068
107571,0.8
16287,0.78
69155,0.676
107095,0.344
22005,0.596
31481,0.972
79850,0.06
61363,0.942
65242,0.044
48714,0.99
63319,0.974
117018,0.18
41012,0.994
51005,0.512
16198,0.026
98395,0.444
36281,0.488
61237,0.882
1273,0.74
75620,0.108
120373,0.846
79837,0.154
110563,0.048
2347,0.85
89944,0.098
44390,0.992
1503,0.834
36696,0.956
17060,0.364
55217,0.64
47482,0.996
24047,0.068
36670,0.966
124136,0.522
20766,0.494
48519,0.998
76710,0.108
39211,0.948
112661,0.788
102534,0.248
24640,0.898
16356,0.652
37321,0.984
62591,0.948
95606,0.684
26356,0.856
43706,0.928
51547,0.24
33147,0.766
93926,0.862
17865,0.972
95689,0.348
10684,0.314
84209,0.036
6353,0.422
94932,0.688
76725,0.048
74684,0.698
76893,0.092
23866,0.524
120383,0.16
31,0.702
6572,0.042
65212,0.81
32167,0.978
86097,0.202
88092,0.024
114729,0.54
31565,0.946
62906,0.626
22703,0.96
122720,0.078
91077,0.09
108999,0.06
1953,0.348
8822,0.3
27174,0.372
7966,0.656
112103,0.494
116163,0.932
60607,0.88
34302,0.198
7984,0.166
80063,0.074
70120,0.764
75569,0.068
52987,0.984
62879,0.324
31048,0.724
23670,1.0
70479,0.348
87024,0.028
59330,0.902
28483,0.714
97147,0.6
10663,0.784
66381,0.704
26943,0.816
9119,0.864
5581,0.978
109466,0.114
121596,0.954
31915,0.194
73227,0.358
59204,0.896
62625,0.708
112345,0.872
61969,0.848
113870,0.558
1414,0.104
50150,0.404
3231,0.988
53873,0.078
81069,0.096
116080,0.754
112885,0.456
48499,1.0
91629,0.21
43391,0.998
71113,0.318
101568,0.612
119458,0.146
16169,0.104
66176,0.876
92257,0.588
75684,0.034
74066,0.118
21099,0.578
102472,0.736
46268,0.988
120515,0.73
58656,0.986
63717,1.0
43055,0.976
60215,0.644
74104,0.202
52462,0.258
5580,0.912
93881,0.774
76974,0.068
106818,0.986
58636,0.984
69124,0.446
115249,0.282
75710,0.056
56713,0.996
9207,0.738
88445,0.024
48659,1.0
40196,0.872
15749,0.09
19755,0.69
72597,0.666
104556,0.89
13967,0.022
24181,0.964
30187,0.906
21899,0.964
112968,0.774
87925,0.106
32509,0.168
62283,0.96
89631,0.152
123374,0.846
81539,0.156
83246,0.012
117351,0.662
59065,0.9
90902,0.06
60698,0.98
61571,0.884
57725,0.932
58657,0.996
45744,0.092
82081,0.06
25366,0.992
111400,0.208
112000,0.74
111567,0.302
34958,0.996
12172,0.602
36469,0.136
9744,0.17
32233,0.934
81357,0.026
60574,0.948
106188,0.988
73280,0.382
33586,0.636
8438,0.336
61135,0.948
84221,0.176
26967,0.888
13468,0.182
36628,0.988
57451,0.966
59008,0.962
63591,0.904
95619,0.538
76272,0.068
20402,0.978
39017,0.958
49703,0.736
98566,0.74
58377,0.81
49954,0.528
27268,0.324
96832,0.8
92754,0.362
119008,0.6
18701,0.692
72335,0.38
44853,0.914
84666,0.064
117054,0.31
57277,0.994
99552,0.674
29100,0.94
96321,0.424
59011,0.972
22251,0.988
26033,0.9
123709,0.558
106439,0.248
51678,0.252
16663,0.202
77707,0.06
47163,0.942
40647,0.986
90000,0.178
6313,0.186
121592,0.714
87250,0.064
18135,0.988
25290,0.936
86968,0.034
75484,0.028
122733,0.892
111437,0.264
123415,0.93
67841,0.532
7681,0.782
101803,0.862
43155,0.89
100648,0.424
5524,0.716
55014,0.51
63056,0.816
42870,0.966
58507,0.77
87476,0.136
44935,0.932
2835,0.806
22149,0.976
113861,0.462
53909,0.274
103041,0.162
124396,0.846
79045,0.044
76304,0.058
53503,0.85
81646,0.024
16705,0.222
34456,0.996
123719,0.834
123217,0.744
71202,0.54
77602,0.14
15846,0.096
88781,0.07
43071,0.116
26166,0.086
17478,0.97
103739,0.22
56171,0.988
94490,0.214
61449,0.934
78984,0.1
84034,0.02
124578,0.98
30678,0.994
105821,0.234
2331,0.664
106030,0.07
96689,0.714
115952,0.882
4620,0.958
105077,0.266
80391,0.074
115451,0.584
31642,0.904
88988,0.054
96492,0.394
69413,0.584
65702,0.58
6636,0.142
53231,0.992
112439,0.454
101644,0.824
10846,0.836
4923,0.952
77555,0.012
59626,0.978
117117,0.316
93093,0.968
7870,0.306
12388,0.666
97154,0.564
37941,0.994
34625,0.976
35380,0.834
10764,0.328
62518,0.972
75017,0.024
119505,0.842
5981,0.126
2220,0.486
10867,0.176
76342,0.012
108498,0.454
122306,0.93
16905,0.512
92159,0.366
49120,0.76
45409,0.872
101016,0.23
17298,0.206
60966,0.986
83159,0.038
79515,0.054
85513,0.266
61031,0.376
94839,0.594
109096,0.164
1038,0.986
116508,0.828
34065,0.086
91313,0.046
114074,0.25
7211,0.018
59793,0.906
8657,0.752
66691,0.206
64913,0.924
106186,0.362
119483,0.946
86603,0.026
107181,0.962
88645,0.018
81093,0.056
107407,0.326
19852,0.734
105015,0.444
115867,0.686
6908,0.146
69216,0.166
114581,0.236
72122,0.574
108753,0.14
56000,0.9
59951,0.392
112491,0.576
74458,0.118
38652,0.99
9491,0.194
93475,0.352
53174,0.884
10913,0.536
6134,0.446
26077,0.338
124509,0.82
1442,0.47
2456,0.428
60296,0.974
121209,0.376
122853,0.798
87403,0.056
100767,0.748
85494,0.178
123447,0.882
122017,0.86
109668,0.002
122311,0.63
89817,0.004
32643,0.984
58328,0.982
25685,0.286
67337,0.326
48799,0.844
32893,0.862
48401,0.99
115504,0.322
24414,0.06
112157,0.14
12444,0.742
36302,0.986
65458,0.946
101681,0.592
101787,0.984
71406,0.116
108727,0.132
14560,0.998
58055,0.912
29026,0.236
29299,0.484
57851,0.934
53513,0.93
42990,0.988
32472,0.958
99564,0.306
36859,0.976
104110,0.39
46514,0.996
77553,0.104
123772,0.164
28949,0.592
54269,0.822
118813,0.498
38741,0.13
106201,0.986
5498,0.376
25980,0.088
96150,0.256
38313,0.886
76265,0.116
88470,0.118
96519,0.206
121821,0.774
101978,0.796
78005,0.116
36203,0.374
67489,0.322
20390,0.972
74763,0.582
83628,0.054
114951,0.544
80784,0.06
109973,0.136
10918,0.57
53164,0.936
106565,0.206
92467,0.046
90830,0.052
20157,0.706
86782,0.022
63009,0.98
24368,0.248
69282,0.406
39787,0.972
5487,0.772
117994,0.066
67856,0.244
98682,0.452
50521,0.982
116563,0.388
70883,0.61
80893,0.058
14416,0.996
57221,0.056
51332,0.612
32085,0.906
42463,0.89
30636,0.99
62516,0.992
89471,0.12
41640,0.81
74391,0.45
120482,0.694
113972,0.904
106157,0.636
108902,0.158
69434,0.538
13617,0.76
75731,0.084
70513,0.314
79035,0.164
108167,0.964
95161,0.146
33457,0.854
86970,0.128
108227,0.996
46851,0.778
11683,0.57
102077,0.436
52005,0.254
21085,0.364
47938,0.436
114674,0.128
28809,0.834
29386,0.612
16798,0.276
78628,0.022
84322,0.028
17554,0.288
31732,0.656
106395,0.324
109902,0.062
11455,0.09
92522,0.558
46229,0.984
87744,0.066
81563,0.042
98684,0.71
56917,0.99
63189,0.96
54428,0.768
51125,0.816
80369,0.136
112167,0.73
29077,0.386
118842,0.786
34982,0.958
58376,0.796
36358,0.992
27863,0.06
82342,0.128
62207,0.952
41918,0.898
96481,0.246
5830,0.32
73235,0.192
30454,0.984
10450,0.082
46458,0.98
2174,0.814
78596,0.05
61979,0.41
53850,0.328
46673,0.998
17544,0.322
80820,0.068
52078,0.938
103443,0.246
59723,0.974
16367,0.332
44451,0.998
20487,0.938
47409,0.556
110494,0.044
116874,0.37
14005,0.944
24348,0.934
6284,0.638
29450,0.178
29838,0.178
28193,0.186
34885,0.84
116193,0.966
43331,0.998
40092,0.994
54675,0.986
74811,0.184
7299,0.308
124091,0.346
108870,0.202
7319,0.166
31092,0.812
31794,0.98
115964,0.374
27009,0.948
20831,0.73
93803,0.74
62768,0.364
95369,0.224
89448,0.012
64101,0.32
84802,0.096
103687,0.316
46792,0.512
20576,0.952
105160,0.238
55410,0.43
31647,0.408
20131,0.006
21207,0.01
71518,0.396
27011,0.94
122904,0.728
29285,0.876
106262,0.988
48934,0.762
51574,0.668
109465,0.038
58264,0.99
124403,0.482
104177,0.278
15473,0.986
17917,0.27
18397,0.002
122252,0.36
79632,0.036
35544,0.988
106632,0.326
48661,0.922
96877,0.698
115223,0.402
98902,0.226
40961,0.982
60164,0.952
59370,0.756
14467,1.0
22998,0.916
116052,0.922
69580,0.644
95233,0.224
8422,0.186
16375,0.174
7351,0.272
118686,0.556
7191,0.424
108595,0.954
111880,0.242
89047,0.06
106179,0.266
87994,0.058
27208,0.29
71571,0.734
99243,0.196
15720,0.114
57004,0.992
4528,0.964
118006,0.154
78668,0.124
19917,0.462
9598,0.99
40682,0.994
69953,0.32
103816,0.994
98908,0.476
22014,0.626
12604,0.6
57104,0.91
55109,0.954
108630,0.436
33741,0.638
4750,0.266
10342,0.578
92737,0.632
110201,0.03
116319,0.936
11877,0.168
109594,0.122
73808,0.456
12945,0.436
65704,0.452
13697,0.142
51348,0.054
78000,0.006
97029,0.846
105723,0.424
106928,0.95
35401,0.848
106762,0.988
91391,0.076
124657,0.966
13359,0.244
26037,0.254
26352,0.314
72555,0.388
24536,0.0
111336,0.17
58154,0.82
48627,0.976
53100,0.988
101841,0.314
81772,0.082
86331,0.182
96262,0.198
111700,0.402
53269,0.936
46788,0.316
110355,0.296
7151,0.392
16658,0.194
24802,0.28
43089,0.216
120984,0.858
123500,0.92
26633,0.988
8048,0.464
16547,0.744
35811,0.984
123068,0.91
88767,0.026
72500,0.34
94804,0.156
5125,0.946
120286,0.58
64939,0.218
118452,0.756
7111,0.51
22216,0.946
7886,0.176
83416,0.036
67334,0.5
12362,0.698
112645,0.892
99793,0.2
27223,0.114
105106,0.422
73053,0.964
53270,0.914
86235,0.042
81255,0.038
83349,0.044
68331,0.486
10934,0.586
1691,0.408
124245,0.674
9231,0.282
121011,0.224
28729,0.974
110450,0.076
107643,0.756
99465,0.054
94824,0.23
116811,0.584
74319,0.726
36468,0.09
29616,0.844
121783,0.738
16878,0.242
76014,0.158
56025,0.372
35118,0.998
49820,0.9
82478,0.02
31076,0.85
87731,0.038
60006,0.318
36364,0.99
15402,0.898
95567,0.2
50928,0.63
1356,0.872
25934,0.324
5535,0.684
49284,0.632
3127,0.208
36632,0.952
80026,0.182
75399,0.08
59864,0.964
123233,0.984
117133,0.368
79153,0.094
69612,0.86
42739,0.222
3974,0.902
115426,0.814
60695,0.968
109562,0.102
798,0.99
104922,0.32
106249,0.992
107880,0.384
68417,0.122
56571,0.814
84277,0.058
120452,0.39
57273,0.904
123132,0.99
81439,0.006
44373,0.996
259,0.566
70578,0.562
29791,0.204
111443,0.134
30875,0.872
7432,0.132
23172,0.368
120830,0.714
120469,0.68
10799,0.818
55889,0.514
93018,1.0
4772,0.64
45998,0.984
36054,0.954
26994,0.54
70295,0.478
98098,0.04
81987,0.018
92712,0.286
29747,0.474
56578,0.836
30481,0.988
93141,0.994
101329,0.162
18520,0.662
123209,0.974
123563,0.968
111226,0.294
97181,0.186
87875,0.332
37032,1.0
42676,0.984
16238,0.838
66385,0.808
21237,0.0
57,0.408
93571,0.544
2074,0.896
6513,0.146
19074,0.53
5796,0.546
48146,0.896
121162,0.486
1243,0.99
87908,0.07
112194,0.582
74804,0.204
78423,0.106
68509,0.438
1482,0.904
82514,0.006
23205,0.972
38976,0.958
88708,0.044
120054,0.888
123396,0.832
92451,0.668
25144,0.998
77044,0.01
109115,0.088
14011,0.39
27527,0.098
89259,0.052
2143,0.192
57284,0.77
116953,0.894
44228,0.966
57702,0.932
29958,0.002
3602,0.3
43030,0.994
19019,0.576
67538,0.212
77301,0.054
49521,0.464
10277,0.216
106814,0.99
119996,0.208
109281,0.054
108358,0.656
21249,0.022
44010,0.858
87338,0.03
48410,0.978
13334,0.622
13335,0.232
43919,0.966
58873,0.292
103149,0.722
112668,0.594
8653,0.482
52301,0.264
76297,0.024
23649,0.998
10250,0.21
118929,0.666
24137,0.014
15173,0.842
20536,0.082
106,0.968
24923,0.588
61609,0.758
91981,0.094
78609,0.082
90968,0.078
61559,0.908
97346,0.8
56615,0.918
7199,0.288
95391,0.626
96725,0.998
86103,0.116
37444,0.972
125019,0.804
48807,0.972
20818,0.158
103959,0.19
20268,0.29
41481,0.974
45531,0.186
73369,0.31
123030,0.75
58680,0.902
100895,0.926
17530,0.164
106858,0.862
121748,0.72
109617,0.132
94760,0.164
55975,0.972
117744,0.736
42079,0.246
99527,0.654
70,0.49
33029,0.022
106940,0.96
66886,0.43
34915,0.964
90640,0.07
31564,0.956
1601,0.232
13922,0.264
7266,0.378
113981,0.178
78329,0.088
23807,0.842
50649,0.12
233,0.682
98032,0.514
56714,0.964
2269,0.794
52737,0.538
75518,0.082
86759,0.014
102693,0.194
6112,0.024
51648,0.396
74718,0.56
69667,0.916
83305,0.124
119809,0.724
99567,0.278
90895,0.078
26139,0.876
59505,1.0
70122,0.512
45044,0.982
107081,0.992
49780,0.762
86901,0.106
52711,0.552
6913,0.386
31832,0.976
44842,0.974
75889,0.054
121924,0.432
96907,0.094
60903,0.808
88880,0.146
105136,0.522
76772,0.04
103498,0.316
110874,0.164
60712,0.478
5080,0.998
8796,0.228
6411,0.84
16916,0.244
84069,0.062
47126,0.904
61525,0.798
88817,0.262
32516,0.28
114897,0.71
70221,0.632
85761,0.008
51272,0.444
43815,0.938
105708,0.938
89904,0.126
87463,0.032
69780,0.962
6439,0.274
113886,0.478
67194,0.118
898,0.988
22848,0.838
124300,0.906
31033,0.964
71014,0.104
73710,0.25
78502,0.052
48835,0.94
117634,0.306
67385,0.764
29032,0.784
72830,0.578
76094,0.08
107815,0.518
27489,0.344
82890,0.082
58760,0.974
11604,0.744
60310,0.936
19483,0.952
111147,0.158
110492,0.03
27158,0.502
45183,0.852
122600,0.824
21903,0.882
120506,0.628
94040,0.97
101835,0.212
33647,0.136
19752,0.504
46390,0.49
947,0.82
5747,0.028
4708,0.948
95302,0.136
81106,0.052
22547,0.002
104128,0.446
15269,0.016
39292,0.976
116774,0.348
41682,0.86
80175,0.026
7457,0.376
84041,0.088
31835,0.986
89394,0.054
97178,0.078
107597,0.182
99594,0.39
65540,0.128
83290,0.036
20124,0.012
25194,0.994
20953,0.652
27407,0.538
48109,0.978
124032,0.616
94901,0.578
99756,0.524
18371,0.018
116343,0.676
20031,0.956
87072,0.08
120502,0.802
80631,0.012
90694,0.042
93376,0.186
75018,0.244
39888,0.968
100520,0.138
86439,0.048
8331,0.444
98093,0.434
118717,0.122
92439,0.676
93785,0.828
105310,0.61
119820,0.38
120249,0.614
105895,0.812
117858,0.436
41045,0.944
52435,0.386
10466,0.088
123163,0.902
5727,0.21
63251,0.942
41437,0.996
15940,0.658
63818,0.728
62533,0.918
1506,0.874
13804,0.142
23712,1.0
107757,0.586
107733,0.376
38035,0.992
5819,0.282
11639,0.37
105888,0.786
109917,0.13
89254,0.05
6897,0.52
102375,0.308
85217,0.01
37456,0.994
3645,0.19
118,0.846
15207,0.79
57229,0.8
77646,0.256
37411,0.974
34770,0.284
95615,0.894
51907,0.876
19336,0.34
78487,0.128
122481,0.668
78915,0.062
38780,0.976
54027,0.226
65535,0.298
6074,0.5
89641,0.022
112263,0.162
27441,0.198
100837,0.516
23133,0.306
74599,0.992
65276,0.248
121675,0.778
25504,0.938
107064,0.978
74037,0.322
92552,0.162
56500,0.956
34063,0.096
47041,0.134
79306,0.048
99996,0.246
26331,0.806
15003,0.732
123877,0.752
28979,0.37
4016,0.586
60314,0.86
89613,0.178
67135,0.258
121318,0.56
81376,0.12
78474,0.01
101550,0.332
73613,0.152
100370,0.052
64301,0.734
18485,0.502
70923,0.944
58712,0.914
102062,0.268
26556,0.35
33086,0.98
96946,0.76
96920,0.708
110073,0.308
103723,0.444
13164,0.28
13428,0.756
103914,0.608
105140,0.466
12939,0.72
60313,0.798
55017,0.716
66890,0.576
55406,0.552
47848,0.92
31508,0.48
106516,0.258
74263,0.322
113839,0.722
9115,0.572
42133,0.99
119935,0.85
60217,0.88
60065,0.576
27123,0.64
95209,0.058
96748,0.96
30493,1.0
16952,0.398
24338,0.284
106967,0.348
120906,0.582
10512,0.12
2616,0.444
89162,0.024
107590,0.274
11843,0.016
16897,0.15
112416,0.25
91753,0.036
62192,0.93
42557,0.99
23703,0.992
57474,0.984
86851,0.15
6872,0.258
115912,0.2
106399,0.112
78100,0.024
87683,0.03
39393,0.502
12039,0.968
4990,1.0
77714,0.176
42519,0.994
5512,0.794
106041,0.51
9679,0.358
39885,0.99
34399,0.902
115976,0.928
6323,0.8
20066,0.002
41767,0.406
122187,0.944
70938,0.97
111441,0.588
10607,0.046
45758,0.932
34863,0.406
3083,0.412
118559,0.37
117500,0.348
91767,0.0
8338,0.084
119578,0.188
115377,0.716
1830,0.934
29328,0.538
24093,0.01
105331,0.396
84568,0.03
115324,0.642
83087,0.022
797,0.998
105167,0.576
37313,0.998
72002,0.168
123946,0.97
48212,0.966
14921,0.308
68568,0.82
78465,0.088
9016,0.16
38591,0.984
88033,0.094
69584,0.64
80236,0.098
120723,0.172
33945,0.992
62330,0.984
102320,0.21
107567,0.88
105818,0.148
9471,0.8
86066,0.006
57278,0.998
28463,0.056
86701,0.056
8625,0.69
67244,0.914
106619,0.526
120407,0.346
53934,0.202
112362,0.874
22855,0.852
111106,0.12
54313,0.952
46018,0.31
122973,0.532
79295,0.03
17421,0.26
95345,0.114
39371,0.986
38230,0.938
99632,0.658
56636,0.532
20360,0.974
6598,0.286
25173,0.998
81788,0.092
80203,0.074
1912,0.956
107950,0.07
114116,0.28
64627,0.866
85952,0.132
66314,0.84
39845,0.992
113606,0.234
63128,0.522
19038,0.688
5834,0.226
47427,0.486
94715,0.136
27388,0.492
37653,0.744
99175,0.65
16655,0.086
18197,0.932
63361,0.916
15875,0.466
122718,0.95
83098,0.004
110543,0.154
52261,0.412
87435,0.052
50679,0.912
91413,0.042
50281,0.49
108333,0.584
111319,0.622
93626,0.814
82953,0.1
2883,0.032
116801,0.704
8460,0.294
105984,0.998
101019,0.09
91256,0.068
48509,0.996
21758,0.988
117284,0.054
10408,0.704
22419,0.99
58011,0.98
70516,0.294
84279,0.05
122412,0.686
59395,0.848
76745,0.222
98998,0.188
70854,0.608
77580,0.024
110438,0.02
114811,0.776
74821,0.09
63924,0.648
46087,0.494
17465,0.982
96705,0.848
84622,0.042
13728,0.12
76506,0.024
113673,0.724
21962,0.004
84690,0.022
98965,0.182
29486,0.312
2098,0.356
50827,0.334
117671,0.282
21910,0.848
43888,0.998
90862,0.016
40137,0.752
9391,0.624
67091,0.73
18224,0.974
30837,0.998
55286,0.952
116601,0.838
97672,0.728
22169,0.99
121167,0.524
45985,0.996
113512,0.52
76687,0.044
93275,0.324
112545,0.514
115271,0.816
19651,0.986
96838,0.796
41127,0.998
104880,0.54
113737,0.158
112357,0.838
33338,0.956
46331,0.18
101014,0.298
108230,0.944
79694,0.072
124037,0.96
124393,0.892
5370,0.438
117982,0.156
621,0.99
101603,0.304
106432,0.196
51707,0.198
69859,0.55
68660,0.74
114048,0.736
25107,0.998
2972,0.994
71817,0.744
14449,0.998
80665,0.032
32635,0.97
69894,0.426
90687,0.196
112993,0.718
122810,0.938
57748,0.952
61166,0.958
90935,0.23
88197,0.018
89298,0.026
42395,0.174
5815,0.168
26158,0.62
72413,0.296
59950,0.5
106096,0.84
114935,0.472
67284,0.482
507,0.992
82404,0.016
89907,0.078
61530,0.77
71072,0.728
46493,0.998
4440,0.756
121312,0.386
23046,0.982
82141,0.036
80045,0.058
82463,0.064
60686,0.882
33944,0.818
56576,0.74
44859,0.96
39802,0.994
61958,0.83
55080,0.982
58256,0.974
94720,0.102
94887,0.034
80572,0.078
63941,0.756
113559,0.472
89693,0.15
117150,0.282
105699,0.914
124772,0.758
27513,0.056
32598,0.914
1005,0.99
29331,0.526
119417,0.57
29230,0.408
5301,0.974
14343,0.058
49501,0.732
99262,0.31
59297,0.938
39925,0.8
16467,0.408
82406,0.016
36686,0.982
63738,0.988
74867,0.73
85683,0.142
116096,0.892
8921,0.744
70329,0.154
101327,0.122
83406,0.014
3218,0.54
46273,0.994
102096,0.48
76053,0.066
91717,0.086
3905,0.862
71834,0.094
52448,0.39
67540,0.772
35917,0.988
124070,0.944
5401,0.95
111370,0.33
59672,0.938
6136,0.306
12987,0.344
89460,0.044
86446,0.026
114090,0.432
122956,0.872
8868,0.764
55027,0.546
3916,0.63
36299,0.978
104022,0.308
29754,0.382
45416,0.93
37631,0.99
38960,0.978
26593,0.386
38685,0.974
23241,0.982
84103,0.018
99694,0.202
65813,0.226
32869,0.424
129,0.982
23165,0.222
64214,0.798
113197,0.544
62174,0.912
92004,0.026
94889,0.14
42765,0.88
60530,0.964
68961,0.218
48290,0.78
4491,0.914
48102,0.728
95737,0.484
120195,0.868
102516,0.786
34636,0.972
122509,0.87
87423,0.056
100263,0.88
79019,0.162
80197,0.03
103458,0.078
78691,0.06
106062,0.428
110792,0.134
27905,0.586
105034,0.092
89270,0.006
55774,0.892
18363,0.004
111322,0.132
109731,0.034
67643,0.218
50635,0.85
40011,0.746
55321,0.942
46219,0.998
113422,0.844
57000,0.952
86162,0.066
23800,0.59
46010,0.36
4711,0.944
31450,0.684
75356,0.138
90462,0.022
112988,0.72
115845,0.42
121875,0.328
41954,0.964
105990,0.994
34413,0.988
105969,1.0
44043,0.608
6250,0.614
26772,0.922
100493,0.416
28893,0.924
100052,0.212
86870,0.076
24500,0.0
51596,0.29
108675,0.706
20465,0.286
36353,0.988
33512,0.162
109530,0.072
114264,0.644
33605,0.162
71252,0.272
5326,0.552
81262,0.09
84102,0.048
22447,0.986
17695,0.784
26268,0.208
76166,0.04
17231,0.588
59103,0.898
107226,0.998
49242,0.388
3866,0.39
64865,0.964
102380,0.464
71926,0.052
121743,0.796
66615,0.306
5094,0.936
113125,0.65
71995,0.104
78107,0.0
109139,0.142
44667,0.966
89617,0.08
52983,0.964
109699,0.132
44282,0.868
93543,0.058
2867,0.172
41996,0.978
88996,0.042
9602,0.99
53449,0.956
10961,0.194
21641,0.766
38445,0.984
31805,0.996
89073,0.14
114613,0.732
7464,0.364
76196,0.076
45215,0.164
4092,0.986
63518,0.74
51108,0.112
44146,0.75
35568,0.974
82331,0.056
99726,0.234
33142,0.968
116807,0.554
105428,0.624
8909,0.198
53463,0.95
22383,0.978
30147,0.0
2789,0.104
41083,0.09
119982,0.738
25021,0.702
104169,0.488
47943,0.97
115656,0.968
52453,0.17
69533,0.288
18413,0.394
14850,0.122
117496,0.5
22143,0.988
103096,0.53
75622,0.152
41418,0.992
49795,0.958
109036,0.102
91628,0.06
58816,0.856
97385,0.98
120566,0.536
23552,0.998
98330,0.242
71656,0.178
119972,0.098
30100,0.036
42564,0.966
39773,0.91
81067,0.074
74957,0.132
38643,0.944
86298,0.078
54383,0.964
104950,0.46
18576,0.884
63485,0.962
102456,0.766
64454,0.992
123292,0.7
121975,0.676
33213,0.09
2988,0.994
63102,0.974
54983,0.246
32105,0.83
72997,0.992
65271,0.448
112193,0.174
50622,0.588
70183,0.51
92774,0.358
108996,0.094
14720,0.996
118982,0.156
40462,0.978
106600,0.366
50709,0.832
116546,0.624
92882,0.978
111732,0.624
12894,0.224
100874,0.544
88957,0.138
48263,0.094
38842,0.982
25856,0.304
49570,0.66
6053,0.546
109015,0.13
47059,0.226
60109,0.954
46929,0.902
4873,0.924
119681,0.63
14261,0.134
91658,0.054
74207,0.23
64355,0.89
20974,0.7
99494,0.08
42473,0.938
31727,0.98
7375,0.268
61116,0.968
75047,0.224
18325,0.004
98991,0.356
119956,0.198
91627,0.142
91757,0.048
45771,0.776
123114,0.962
14154,1.0
41676,0.232
65020,0.974
123207,0.992
55798,0.962
105931,0.984
60487,0.948
89740,0.016
44386,0.996
93092,0.998
73904,0.098
38771,0.97
35496,0.998
16869,0.632
111796,0.366
34923,0.982
30058,0.108
117048,0.57
76311,0.04
3225,0.67
52553,0.334
59551,0.996
114136,0.276
111797,0.206
86611,0.052
113055,0.74
99186,0.366
53382,0.96
63172,0.998
4379,0.998
48991,0.934
76690,0.018
73305,0.31
90244,0.04
66944,0.14
102250,0.904
32623,0.986
73622,0.21
40207,0.964
78899,0.13
42570,0.982
71048,0.278
66723,0.96
44425,0.994
23270,0.986
97714,0.754
51082,0.296
92189,0.226
31854,1.0
25043,0.998
10101,0.484
118365,0.648
16418,0.192
116039,0.53
121021,0.534
58787,0.996
102953,0.366
74187,0.3
26524,0.532
67351,0.452
17039,0.19
76790,0.132
58345,0.984
88101,0.032
17583,0.808
11166,0.124
13669,0.798
52328,0.47
103772,0.564
36370,0.992
16972,0.956
125142,0.912
113756,0.402
40356,0.994
19060,0.262
47756,0.26
33008,0.002
93218,0.622
109004,0.106
84487,0.088
116931,0.87
30230,0.928
4036,0.238
54189,0.232
57594,0.906
51185,0.93
104370,0.486
116013,0.728
13805,0.826
62050,0.8
26340,0.778
95685,0.372
29939,0.0
58931,0.978
5561,0.96
24641,0.274
54984,0.832
76588,0.148
121156,0.432
1388,0.188
99399,0.776
114457,0.81
75699,0.002
46,0.852
88031,0.086
67122,0.218
118290,0.138
44966,0.986
58460,0.986
50043,0.178
34440,0.978
6520,0.068
70808,0.346
103388,0.452
5970,0.076
12126,0.288
86539,0.042
51231,0.388
31549,0.986
11592,0.67
88388,0.018
16463,0.47
93998,0.812
37319,0.99
102065,0.248
12421,0.074
49298,0.308
97429,0.972
64793,0.476
65461,0.84
116961,0.792
2225,0.804
71909,0.408
22929,0.5
11967,0.05
29367,0.508
110549,0.2
98422,0.218
87118,0.044
31682,0.936
8128,0.64
5413,0.92
87797,0.134
5640,0.928
21175,0.0
114486,0.196
72287,0.55
31088,0.814
37138,0.994
30635,0.978
11223,0.894
38899,0.398
22954,0.976
46211,1.0
28940,0.352
106357,0.996
52608,0.418
63410,0.968
120211,0.794
36332,0.88
18315,0.002
49496,0.1
113662,0.84
2991,0.994
23442,0.272
68010,0.416
75549,0.07
238,0.258
71871,0.12
47869,0.894
58166,0.852
32485,0.484
60386,0.95
107307,0.962
94800,0.076
29848,0.078
49430,0.658
14747,0.99
17006,0.604
98803,0.148
116196,0.658
26894,0.49
77931,0.052
44610,0.992
60046,0.412
95343,0.41
32647,0.978
73113,0.226
71006,0.656
36857,0.532
96599,0.772
116023,0.924
44671,0.954
104402,0.688
120857,0.316
15338,0.188
49410,0.932
29760,0.942
40048,0.474
75071,0.22
15434,0.992
40134,0.898
44291,0.668
102074,0.538
87141,0.042
42031,0.984
72368,0.72
82450,0.114
19940,0.908
68831,0.012
60380,0.946
46654,0.964
31556,0.98
66584,0.186
94126,0.824
109702,0.036
6005,0.06
98322,0.53
51398,0.85
114444,0.866
4878,0.998
52743,0.776
86081,0.168
36926,0.88
119532,0.642
94875,0.236
8620,0.976
93812,0.792
79016,0.09
42494,0.996
65054,0.976
108768,0.134
14504,0.99
46013,0.958
91324,0.03
70468,0.31
44299,0.956
90737,0.022
108937,0.184
11109,0.082
21889,0.974
31306,0.192
57370,0.774
107091,0.99
29778,0.764
4510,0.578
115074,0.9
24580,0.056
29043,0.976
40552,0.706
3677,0.188
9922,0.25
14293,0.344
97730,0.094
111897,0.834
2496,0.31
3078,0.296
84098,0.03
62064,0.99
24745,0.956
35287,0.994
30685,0.988
104776,0.166
67792,0.258
109213,0.086
77977,0.012
120513,0.828
124351,0.876
83103,0.036
53026,0.97
2700,0.03
41232,0.698
89886,0.048
101659,0.904
75255,0.12
111729,0.812
26934,0.956
39175,0.956
15760,0.06
38094,0.994
15512,0.834
55949,0.972
96759,0.552
20910,0.85
58533,0.832
91164,0.102
106453,0.55
17896,0.99
62799,0.414
52186,0.718
92330,0.22
109354,0.022
87773,0.044
74942,1.0
94670,0.088
63162,0.948
94461,0.068
105124,0.554
13487,0.308
111360,0.626
76312,0.088
92209,0.336
121231,0.474
13991,0.936
7188,0.506
104719,0.282
73319,0.136
103752,0.274
66742,0.528
67532,0.778
75360,0.062
28804,0.952
2237,0.924
23083,0.576
82784,0.11
4516,0.952
23443,0.664
67499,0.408
55498,0.92
82555,0.026
35931,0.99
71804,0.262
2119,0.376
105884,0.91
41309,0.84
56430,0.932
92511,0.34
108512,0.588
58806,0.712
105927,0.902
91776,0.036
33152,0.518
97776,0.878
70749,0.226
105229,0.308
119013,0.684
10959,0.64
19717,0.19
122897,0.504
60570,0.884
76743,0.134
325,0.22
12335,0.4
22729,0.406
74992,0.188
104335,0.804
48796,0.968
11930,0.13
84550,0.156
108042,0.442
54488,0.28
113704,0.46
39145,0.984
117458,0.534
112713,0.634
112094,0.65
33916,0.984
38621,0.986
62084,0.964
62286,0.94
39467,0.55
71650,0.176
79843,0.06
84676,0.018
60302,0.948
94518,0.526
117850,0.07
110975,0.13
74728,0.216
36991,0.944
15669,0.044
102013,0.708
46072,0.088
31026,0.968
25775,0.198
83511,0.032
17165,0.532
19831,0.782
111618,0.254
23293,0.978
74309,0.51
31589,0.94
75383,0.206
20805,0.83
56338,0.984
25446,0.91
46938,0.922
27387,0.29
60332,0.444
90866,0.024
73932,0.324
90969,0.034
65735,0.87
31402,0.764
99197,0.102
62696,0.808
78182,0.05
80549,0.022
23286,0.942
16519,0.746
16063,0.248
43989,0.99
55187,0.794
40103,0.212
51614,0.32
89619,0.116
93024,0.922
94517,0.53
76071,0.02
124608,0.952
16699,0.624
98597,0.742
63111,0.844
27363,0.376
108987,0.09
69028,0.622
119259,0.324
20542,0.282
6900,0.244
93263,0.314
114144,0.252
79784,0.082
36224,0.526
37143,1.0
73925,0.434
69956,0.494
84893,0.008
2582,0.554
46697,0.998
30944,0.988
10589,0.21
19895,0.046
118581,0.096
88615,0.02
12103,0.802
95568,0.604
45235,0.396
23848,0.0
21299,0.238
52259,0.684
92294,0.116
124448,0.964
64344,0.88
14867,0.902
113356,0.04
99612,0.826
117085,0.156
103943,0.744
31761,0.988
73985,0.174
124768,0.378
63012,0.97
81874,0.142
4973,0.938
54519,0.474
90916,0.02
75318,0.11
50200,0.426
28520,0.61
65464,0.436
20164,0.936
18089,0.992
63833,0.512
80061,0.11
36543,0.962
53243,0.98
103213,0.128
67374,0.47
108466,0.292
91712,0.056
1479,0.902
96995,0.694
35497,0.984
12406,0.898
74941,1.0
68192,0.682
114708,0.68
123387,0.886
20780,0.936
122815,0.51
123893,0.904
71124,0.492
73479,0.358
38934,0.916
110794,0.074
119965,0.642
82825,0.026
2227,0.886
20485,0.636
18408,0.314
14431,0.976
121319,0.718
112961,0.294
37749,0.99
102892,0.684
46974,0.786
13854,0.434
53181,0.61
116458,0.688
42410,0.876
99577,0.948
45575,0.564
101488,0.714
48430,0.998
122167,0.858
94675,0.292
54876,0.964
122880,0.374
28332,0.028
64203,0.742
103440,0.682
66619,0.186
65808,0.486
119217,0.652
85117,0.102
1868,0.944
94241,0.974
7206,0.152
81099,0.104
41920,0.99
101602,0.402
76468,0.056
71301,0.794
25129,0.998
86827,0.058
119000,0.762
65802,0.544
7490,0.098
48945,0.194
118930,0.364
2422,0.452
112537,0.47
103714,0.488
109509,0.188
51022,0.816
30365,0.996
27806,0.124
12485,0.134
27460,0.366
20000,0.99
26700,0.414
105029,0.268
118055,0.814
24134,0.008
80466,0.038
59434,0.982
72464,0.256
20130,0.004
90984,0.096
36434,0.944
117846,0.422
33433,0.312
102513,0.064
106848,0.946
54386,0.954
96,0.982
5717,0.076
95752,0.352
75105,0.18
7131,0.224
58826,0.868
25131,0.894
67207,0.192
117913,0.116
96424,0.232
18666,0.656
43881,0.984
50069,0.26
63426,0.998
86134,0.246
119101,0.304
1069,0.406
76277,0.016
9578,0.794
56490,0.914
58850,0.46
14757,0.972
103387,0.084
46936,0.834
80630,0.04
60287,0.96
122254,0.384
93979,0.1
31110,0.962
49604,0.914
33442,0.29
78359,0.048
66493,0.332
57837,0.884
102869,0.212
24530,0.004
72665,0.282
41466,1.0
33036,0.698
102415,0.246
103696,0.204
59122,0.42
85688,0.03
91833,0.0
20622,0.994
79152,0.126
58066,0.86
79257,0.036
124262,0.936
61611,0.156
20718,0.08
22177,0.974
110507,0.286
39980,0.92
115694,0.348
88046,0.186
48003,0.336
32593,0.986
70106,0.474
20589,0.068
71463,0.504
124381,0.446
82791,0.044
36848,0.99
73981,0.348
55353,0.962
92949,0.99
66059,0.31
18441,0.224
108032,0.204
55925,0.734
9545,0.61
103883,0.718
50401,0.226
102421,0.278
111679,0.266
28807,0.7
64400,0.948
56690,0.97
18302,0.142
94318,0.492
80553,0.044
121775,0.46
95728,0.684
7249,0.58
122870,0.76
77039,0.052
3089,0.342
44357,0.964
35676,0.996
68603,0.4
38997,0.994
122053,0.604
68112,0.782
8393,0.144
53131,0.982
36737,0.992
5755,0.354
98123,0.364
13358,0.376
103155,0.198
43280,0.72
64999,0.982
118779,0.446
102374,0.238
19259,0.818
33956,0.974
12299,0.47
109160,0.192
11528,0.038
82885,0.132
4600,0.958
88199,0.074
58508,0.896
35057,0.992
72058,0.202
114082,0.26
28908,0.96
80059,0.072
49609,0.906
35972,0.97
104094,0.364
13644,0.19
70486,0.24
12268,0.304
52915,0.074
124830,0.984
110418,0.034
21441,0.988
40965,0.952
82770,0.196
76792,0.152
14578,0.996
66580,0.108
27707,0.43
28450,0.094
121922,0.824
39770,0.98
33503,0.948
48620,0.988
22793,0.814
92387,0.324
36967,0.95
360,0.676
67943,0.208
560,0.63
71638,0.716
106752,0.71
19078,0.842
63642,0.97
38501,0.134
8063,0.108
109745,0.056
110388,0.102
4791,0.92
57775,0.354
118654,0.784
73350,0.182
11545,0.024
59363,0.864
101933,0.654
74996,0.216
11105,0.106
95363,0.044
93051,0.762
85191,0.034
104411,0.25
105394,0.848
57290,0.934
7335,0.858
69211,0.548
102381,0.432
119938,0.412
73174,0.45
53914,0.182
70989,0.38
13511,0.864
10271,0.266
891,0.98
91676,0.048
89013,0.122
8798,0.298
108286,0.664
16940,0.454
46817,0.472
61762,0.934
79501,0.048
121161,0.554
18213,0.944
65917,0.704
46868,0.966
55215,0.632
86846,0.062
121418,0.478
26858,0.986
71764,0.066
56050,0.986
60458,0.74
87942,0.038
39540,0.25
98820,0.144
123383,0.964
50855,0.61
117507,0.622
62342,1.0
115012,0.902
38297,0.994
12637,0.382
83586,0.106
106203,0.996
41052,0.962
99692,0.262
7835,0.3
53578,0.754
67185,0.112
34165,0.98
68406,0.404
99065,0.706
13230,0.208
95528,0.366
27202,0.38
113115,0.14
46212,0.996
81834,0.042
82700,0.212
79379,0.166
49757,0.874
48156,0.898
94175,0.99
86947,0.166
41392,0.942
84384,0.032
69332,0.364
71243,0.212
42130,0.988
59599,0.986
9632,0.99
20880,0.056
28149,0.708
3393,0.124
51620,0.502
105979,0.966
9741,0.446
113776,0.286
122227,0.128
89204,0.02
100586,0.2
94806,0.076
800,0.982
41691,0.866
30349,0.966
67282,0.7
3157,0.328
51764,0.474
101079,0.664
57205,0.932
15606,0.952
11700,0.718
40374,0.98
16485,0.698
115966,0.31
89201,0.06
24529,0.002
72846,0.178
79793,0.134
102861,0.316
91465,0.074
11591,0.368
93014,0.978
36457,0.948
33085,0.97
113789,0.576
106641,0.514
72985,0.988
13072,0.958
106868,0.968
57561,0.916
81815,0.106
118890,0.834
37401,0.972
123584,0.852
84534,0.058
55307,0.964
108280,0.542
119009,0.702
41867,0.394
45732,0.588
31512,0.962
66908,0.58
26676,0.976
51509,0.712
76222,0.178
56432,0.962
106903,0.978
62885,0.858
185,0.978
40567,0.886
97903,0.094
101880,0.718
66738,0.556
56958,0.974
11939,0.74
79146,0.168
121244,0.78
75396,0.1
83041,0.064
30731,1.0
16029,0.086
98581,0.272
43610,0.978
27750,0.65
89574,0.07
116589,0.802
117616,0.904
31010,0.978
68943,0.256
124213,0.906
122157,0.51
17899,0.348
79739,0.034
120595,0.91
105110,0.23
84732,0.01
124604,0.984
7639,0.794
19057,0.204
45690,0.996
114530,0.748
58681,0.952
26050,0.492
11329,0.714
88966,0.084
49224,0.94
56825,0.82
75401,0.036
62534,0.944
76125,0.006
3899,0.07
42930,0.988
119535,0.43
45143,0.174
8442,0.76
60936,0.864
27971,0.842
102402,0.342
119975,0.798
116806,0.79
4329,0.99
59074,0.984
12691,0.122
64833,0.33
107322,0.972
61713,0.548
44260,0.984
104959,0.134
117146,0.858
40711,0.974
66668,0.442
54019,0.786
69972,0.218
66729,0.978
105833,0.166
82934,0.092
18764,0.908
114365,0.834
81027,0.11
122443,0.774
5121,1.0
19286,0.74
70725,0.17
3631,0.412
7391,0.2
111066,0.106
45419,0.986
56741,0.98
94656,0.258
64970,0.23
58979,0.918
74154,0.18
112223,0.644
70068,0.218
84369,0.02
86497,0.032
77442,0.056
42673,0.96
20134,0.006
108922,0.09
117438,0.086
84316,0.044
6260,0.406
62241,0.996
28542,0.068
73316,0.288
57460,0.686
48140,0.818
84834,0.132
114450,0.39
10180,0.254
55440,0.9
23480,0.338
96346,0.376
62928,0.43
62807,0.14
52284,0.342
93287,0.274
34358,0.212
71167,0.84
51984,0.13
9658,0.896
74302,0.196
88671,0.03
97305,0.96
109978,0.11
87721,0.028
52163,0.212
26723,0.726
107725,0.342
5933,0.092
77327,0.046
11890,0.156
61830,0.62
116782,0.554
10641,0.174
93808,0.918
25710,0.692
18771,0.984
8666,0.184
28052,0.122
70900,0.38
78621,0.028
10353,0.546
32137,0.976
5483,0.142
105476,0.166
105155,0.69
19829,0.2
4427,0.828
54118,0.932
61120,0.984
62876,0.258
102052,0.406
93870,0.128
106770,0.996
17939,0.97
8032,0.12
12771,0.31
84344,0.094
32501,0.748
31629,0.908
113869,0.704
33905,0.746
77223,0.006
92828,0.356
89687,0.02
122638,0.38
9413,0.304
41032,0.986
105395,0.224
14403,0.996
123247,0.988
74030,0.138
89812,0.028
102635,0.61
14048,0.798
2981,0.868
37426,0.934
4726,0.972
23681,0.992
30798,0.996
8360,0.492
93814,0.754
45467,0.992
20027,0.974
59195,0.976
50992,0.262
47428,0.714
89571,0.086
86223,0.032
111113,0.33
45688,0.996
42652,0.83
114340,0.202
19018,0.314
103357,0.036
30066,0.01
86740,0.032
46306,0.994
11477,0.47
99994,0.532
13963,0.05
123895,0.792
53240,0.952
62664,0.866
27949,0.654
92139,0.148
37903,0.974
45882,0.988
41693,0.856
76183,0.14
26637,0.97
58710,0.956
82297,0.044
69251,0.912
95469,0.242
92143,0.598
78295,0.204
39821,0.984
113581,0.342
40680,0.994
102986,0.182
46867,0.998
20062,0.03
30701,0.994
110977,0.152
28044,0.106
77104,0.074
123045,0.922
79126,0.05
50843,0.51
55200,0.498
62037,0.982
24631,0.726
99960,0.524
61488,0.936
96739,0.996
61173,0.98
6412,0.872
61370,0.618
55540,0.82
48228,0.978
53668,0.22
95558,0.58
28009,0.166
122329,0.826
36785,0.952
69409,0.51
74316,0.136
5634,0.986
120589,0.864
16158,0.488
59534,0.996
13089,1.0
45214,0.188
82079,0.038
43251,0.956
17271,0.256
85745,0.02
30604,0.976
105592,0.548
122786,0.302
58480,0.954
67551,0.464
89396,0.06
120091,0.102
26357,0.892
50046,0.204
109470,0.086
123735,0.954
75718,0.002
784,0.372
105170,0.472
99671,0.534
116593,0.548
87801,0.014
63032,0.558
70908,0.976
68188,0.686
111935,0.186
94689,0.03
25604,0.072
47148,0.196
21839,0.976
99452,0.304
23953,0.444
80543,0.006
99382,0.66
71520,0.516
36501,0.98
19164,0.994
25536,0.928
15245,0.244
67492,0.444
48965,0.868
90181,0.054
91160,0.062
4020,0.436
6100,0.116
47718,0.846
2054,0.814
18444,0.502
41832,0.82
87895,0.02
113721,0.444
22564,0.0
7723,0.252
4899,0.982
81662,0.134
18313,0.0
105981,0.974
28786,0.992
124297,0.944
33291,0.64
61558,0.876
1351,0.894
74199,0.418
110610,0.148
33449,0.252
80379,0.044
94204,0.998
92052,0.116
51971,0.23
38299,0.98
124905,0.942
98402,0.156
60485,0.938
63991,0.22
29825,0.842
30932,0.24
3976,0.73
5882,0.092
56099,0.976
36473,0.122
111055,0.108
37662,0.97
77529,0.022
17276,0.244
50958,0.778
79849,0.034
22367,0.816
75080,0.068
93573,0.232
50732,0.158
106297,0.982
61532,0.928
68158,0.602
92957,0.992
12920,0.47
9618,0.99
123678,0.758
73919,0.36
9206,0.518
18800,0.9
30945,0.988
54467,0.3
88037,0.052
75835,0.066
53062,0.99
28347,0.006
117151,0.154
23267,0.91
77623,0.036
88210,0.056
76033,0.06
118565,0.048
63795,0.27
59940,0.964
119592,0.672
33732,0.186
101890,0.664
12503,0.18
109551,0.008
41228,0.978
71235,0.242
123414,0.972
66486,0.7
120357,0.414
23577,0.998
69887,0.228
95978,0.3
86490,0.008
59446,0.984
29590,0.976
6548,0.19
45200,0.046
10158,0.124
104340,0.444
107611,0.342
110342,0.126
1781,0.544
26621,0.602
17777,0.878
26892,0.69
37813,0.988
9444,0.628
72051,0.08
46413,0.972
92595,0.158
6107,0.168
59643,0.998
55644,0.312
27280,0.266
43681,0.962
22307,0.976
42501,0.988
11236,0.764
113288,0.03
111702,0.214
49067,0.912
83983,0.028
102710,0.254
52692,0.218
100796,0.15
19105,0.228
86617,0.208
101152,0.348
24813,0.306
81082,0.016
20921,0.086
70886,0.56
86159,0.05
114088,0.69
88873,0.024
34832,0.956
95827,0.146
50454,0.384
100597,0.56
68128,0.358
118112,0.748
42726,0.982
69065,0.622
100151,0.326
94798,0.232
114872,0.558
3121,0.17
122354,0.488
54226,0.46
100464,0.138
38866,0.996
34445,0.994
65281,0.48
62381,0.998
81060,0.028
43691,0.822
97607,0.444
124113,0.754
48727,0.992
5120,0.996
88993,0.042
41226,0.994
27658,0.122
109749,0.036
42078,0.242
84607,0.096
75806,0.062
11221,0.766
51646,0.15
2121,0.362
118564,0.06
117694,0.414
102934,0.526
47107,0.174
34553,0.82
79197,0.08
6730,0.45
27778,0.19
120226,0.838
95582,0.73
32436,0.996
45078,0.988
6355,0.602
5161,0.984
66217,0.212
31239,0.908
25421,0.966
97940,0.716
18747,0.89
115674,0.742
112505,0.32
64577,0.078
31041,0.682
22066,0.99
66005,0.274
16097,0.626
26328,0.682
110809,0.03
21918,0.726
105944,0.944
99833,0.16
5555,0.406
74344,0.206
35634,0.992
110940,0.436
113778,0.522
59348,0.95
80486,0.062
22445,0.948
29660,0.768
68988,0.164
67228,0.632
120501,0.786
95923,0.14
81186,0.028
38617,0.802
12254,0.886
11994,0.046
48080,0.282
40587,0.392
14039,0.542
17468,0.992
71080,0.484
28691,0.78
109771,0.112
31857,0.994
5848,0.352
18657,0.796
122583,0.852
79212,0.22
2805,0.148
82485,0.072
3573,0.412
93610,0.426
16110,0.654
7665,0.4
39014,0.984
84318,0.054
72436,0.776
81694,0.048
116204,0.38
87194,0.004
124489,0.966
64974,0.286
14717,1.0
101310,0.452
68463,0.142
118349,0.426
43630,0.958
102050,0.658
113459,0.286
113848,0.55
70573,0.6
246,0.142
27847,0.352
17784,0.232
62158,0.86
52119,0.156
59431,0.968
114468,0.768
8153,0.838
35347,0.698
42830,0.136
107442,0.286
114707,0.886
15851,0.138
41077,0.57
43871,0.998
62836,0.704
98221,0.068
97790,0.612
108649,0.52
118532,0.152
97823,0.638
39554,1.0
66546,0.408
48012,0.17
91953,0.064
46931,0.958
56630,0.726
29686,0.88
83824,0.072
70168,0.354
105538,0.678
29384,0.714
48157,0.692
68169,0.602
30430,0.984
122691,0.564
57609,0.796
107679,0.5
40516,0.996
89878,0.026
98986,0.184
34890,0.128
25121,0.902
117555,0.686
98562,0.292
60268,0.984
8060,0.542
105626,0.208
87162,0.058
28365,0.768
70125,0.594
103021,0.144
11920,0.82
58983,0.988
51388,0.43
9094,0.268
41510,0.998
17056,0.238
25319,0.24
101172,0.442
87545,0.022
52551,0.472
15369,0.116
69601,0.982
18731,0.746
56331,0.978
119795,0.41
108111,0.172
25187,1.0
14636,0.994
43214,0.974
49676,0.774
55334,0.858
60100,0.914
91204,0.102
14493,0.988
13399,0.5
83868,0.044
67886,0.174
123251,0.968
9869,0.88
31771,0.888
92084,0.298
30179,0.354
77965,0.008
94494,0.432
54552,0.364
29157,0.986
121666,0.98
2355,0.602
25259,0.562
8283,0.698
21298,0.102
20165,0.936
105365,0.99
47514,0.812
28186,0.182
104581,0.506
13818,0.678
62426,0.994
89052,0.052
1145,0.998
10710,0.214
32631,0.964
10015,0.224
18045,0.882
40206,0.956
84018,0.048
111058,0.184
63824,0.948
60580,0.962
118202,0.19
35354,0.592
104285,0.456
70875,0.188
113593,0.278
27928,0.086
24931,0.64
66353,0.358
47537,0.998
112373,0.648
124127,0.93
121140,0.678
48103,0.94
1694,0.84
113120,0.496
104053,0.574
98751,0.114
49153,0.162
19317,0.336
13296,0.894
61118,0.964
2495,0.386
114775,0.74
85547,0.08
11231,0.608
81058,0.044
74638,0.194
37259,1.0
58526,0.938
7370,0.558
30902,0.808
80485,0.128
106020,0.326
60547,0.914
6462,0.454
30347,0.99
56645,0.986
119608,0.664
92695,0.246
17504,0.294
72914,0.33
55105,0.91
16538,0.61
86360,0.018
100396,0.234
62655,0.288
28695,0.704
15772,0.526
63785,0.748
54571,0.464
117547,0.94
59814,0.978
45085,0.994
117001,0.142
112524,0.44
89222,0.256
18847,0.726
53219,0.976
100764,0.658
109750,0.01
24213,0.846
24634,0.964
103420,0.258
81817,0.026
110553,0.234
72150,0.384
76136,0.014
112669,0.292
41238,0.992
37222,0.998
104206,0.308
1929,0.666
80438,0.116
15356,0.72
100352,0.16
38879,0.868
57733,0.792
103069,0.2
110905,0.144
1020,0.862
26246,0.7
70376,0.662
93082,0.984
11140,0.396
122986,0.764
43726,0.918
25260,0.404
84425,0.128
13304,0.84
10757,0.226
8434,0.466
34222,0.952
2539,0.046
998,0.976
74627,0.986
30420,0.902
121016,0.73
94955,0.294
18468,0.7
81447,0.004
109464,0.09
71409,0.254
99639,0.842
26680,0.986
26872,0.958
109136,0.072
17406,0.306
72552,0.33
67843,0.176
45517,0.192
40069,0.994
108143,0.988
91557,0.036
25212,0.652
37049,0.998
49304,0.438
64033,0.802
111112,0.316
23826,0.782
93689,0.88
57347,0.716
60635,0.708
22269,0.958
49194,0.786
2542,0.066
73415,0.646
77619,0.034
113619,0.13
27056,0.42
118120,0.56
77242,0.05
49352,0.22
52179,0.346
2944,0.924
81087,0.022
59433,0.988
37901,0.99
116765,0.82
122823,0.966
70045,0.944
111855,0.348
84891,0.052
57952,0.988
14429,0.998
80970,0.08
90603,0.092
87917,0.024
12781,0.354
109074,0.158
110775,0.154
10648,0.712
57726,0.876
45522,0.47
56457,0.47
102875,0.21
70204,0.384
111431,0.314
93594,0.268
102231,0.316
55924,0.384
85496,0.27
106851,0.986
71115,0.294
82875,0.226
79943,0.08
48224,0.988
111874,0.162
25082,0.996
25410,0.936
75550,0.072
75713,0.088
11679,0.856
111865,0.604
107857,0.184
99137,0.528
23592,0.902
58575,0.958
34892,0.912
39793,0.992
34217,0.998
46110,0.424
46820,0.154
6377,0.896
46258,0.996
78430,0.22
57024,0.96
53572,0.334
10862,0.664
5613,0.998
65870,0.966
55263,0.916
68354,0.802
49485,0.278
17265,0.4
62421,0.974
119783,0.48
7185,0.144
56231,0.944
110595,0.026
24995,0.59
90314,0.146
36449,0.946
31894,0.944
36782,0.958
82538,0.108
22477,0.954
88104,0.024
36267,0.252
38651,0.982
26625,0.606
12591,0.198
87597,0.006
69143,0.478
55737,0.972
49042,0.902
21344,0.98
102632,0.94
24884,0.068
39921,0.968
62505,0.994
77868,0.056
121216,0.69
82737,0.028
46580,0.982
117997,0.202
37427,0.436
114473,0.734
30017,0.14
21012,0.982
108661,0.234
97321,0.934
25211,0.708
117991,0.084
55348,0.98
82120,0.052
531,0.836
26112,0.68
40268,0.514
45170,0.58
28599,0.706
98435,0.368
38892,0.986
4965,0.89
66765,0.136
8003,0.596
111684,0.736
77154,0.15
24263,0.972
97787,0.848
77257,0.048
107859,0.27
75389,0.062
34092,0.178
125050,0.458
27865,0.1
121655,0.944
109688,0.084
4290,0.962
11580,0.866
89526,0.024
57704,0.878
112209,0.728
1983,0.38
21030,0.348
14796,0.996
79356,0.066
69331,0.36
88416,0.012
107058,0.994
73896,0.378
66763,0.208
31867,0.998
122550,0.438
72156,0.53
33285,0.2
60917,0.282
1290,0.256
109897,0.126
116185,0.96
74237,0.636
90241,0.03
88784,0.062
85549,0.108
109634,0.044
63228,0.936
36766,0.978
67449,0.586
4520,0.96
102701,0.83
69151,0.824
97736,0.068
82036,0.074
7235,0.744
19243,0.81
3993,0.644
73356,0.222
121990,0.854
12257,0.522
56212,0.128
44785,0.33
58786,0.54
66895,0.38
70528,0.602
15322,0.586
76681,0.058
103159,0.158
21164,0.056
10362,0.142
14669,0.996
32500,0.65
105507,0.256
93550,0.254
90096,0.016
14485,0.996
81703,0.046
32540,0.994
116804,0.776
3813,0.614
124651,0.918
75069,0.088
45745,0.072
2641,0.252
67869,0.11
11047,0.04
8805,0.2
87859,0.098
9546,0.644
46694,0.99
76829,0.024
41827,0.898
98021,0.96
101041,0.872
65009,0.942
96875,0.626
26579,0.644
64634,0.828
86569,0.038
86357,0.002
93634,0.954
12222,0.83
47087,0.906
98139,0.43
77023,0.058
50704,0.904
49756,0.922
48733,0.942
13116,0.596
19878,0.0
107391,0.326
92814,0.216
117343,0.848
100252,0.236
87069,0.032
60699,0.97
940,0.686
71715,0.44
53000,0.962
82426,0.02
84308,0.026
62189,0.824
60008,0.13
63790,0.506
111773,0.188
37948,1.0
122857,0.74
26983,0.822
114721,0.256
20668,0.5
21900,0.994
61896,0.586
38663,0.974
102039,0.312
108554,0.492
57637,0.824
32863,0.984
81895,0.026
64992,0.968
32946,0.03
18039,0.922
76015,0.242
67095,0.626
40386,0.304
47777,0.922
46589,0.992
108008,0.468
104462,0.194
26011,0.642
9666,0.808
118832,0.662
7308,0.854
19264,0.646
120246,0.614
89110,0.02
15274,0.096
2909,0.196
38487,0.242
66841,0.364
10696,0.148
78536,0.074
97857,0.02
81392,0.134
112652,0.304
54915,0.486
116409,0.044
84362,0.228
11734,0.63
55904,0.524
84972,0.018
50850,0.538
110202,0.034
57771,0.218
50806,0.252
20539,0.65
67989,0.4
28870,0.964
64743,0.87
38908,0.984
122024,0.906
58769,0.866
92398,0.216
10980,0.43
1724,0.306
28438,0.128
73663,0.2
67992,0.394
1513,0.894
43290,0.968
100114,0.6
64813,0.504
113423,0.932
84767,0.008
1603,0.706
48989,0.992
113733,0.234
123487,0.948
19284,0.788
27857,0.272
71785,0.27
103189,0.562
61816,0.974
51058,0.29
87265,0.034
69427,0.606
100849,0.294
98396,0.35
68499,0.594
100692,0.14
75865,0.18
90738,0.006
119269,0.628
118305,0.38
471,0.148
5975,0.106
56900,0.994
57405,0.826
67484,0.546
84134,0.05
3068,0.708
34061,0.096
111539,0.072
20499,0.558
101238,0.174
80987,0.124
49165,0.916
97516,0.97
78118,0.058
8205,0.796
90803,0.006
17829,0.966
65685,0.666
68924,0.32
4211,0.892
10293,0.332
74557,0.962
90696,0.022
88622,0.054
107841,0.246
80910,0.04
120480,0.262
105829,0.12
46969,0.988
78582,0.03
97293,0.492
46470,0.826
111928,0.208
14826,0.994
122519,0.602
114498,0.266
16401,0.136
116576,0.748
8752,0.71
119790,0.226
9798,0.456
29117,0.936
98585,0.182
96191,0.196
7420,0.396
4283,0.978
82174,0.036
98887,0.154
107348,0.912
4051,0.404
66951,0.316
67231,0.394
29397,0.338
72636,0.442
43188,0.978
99049,0.384
59903,0.87
113096,0.224
115645,0.86
121566,0.998
98823,0.176
124884,0.97
27754,0.274
97244,0.448
103567,0.492
65295,0.97
71037,0.266
53877,0.57
113358,0.006
32021,0.996
22229,0.214
2194,0.564
99641,0.666
65260,0.146
105899,0.752
67764,0.42
123839,0.906
2001,0.876
86409,0.022
37726,0.942
3298,0.64
103984,0.316
65410,0.022
57624,0.452
28902,0.846
2615,0.404
122353,0.386
8425,0.254
52422,0.604
26574,0.706
46405,0.998
44344,0.922
124847,0.92
110304,0.07
115587,0.558
68203,0.564
105198,0.724
47661,0.986
98306,0.578
13622,0.65
38863,0.994
68974,0.074
18080,0.93
5844,0.104
116524,0.348
69705,0.992
102926,0.58
29123,0.96
102825,0.296
56247,0.948
1487,0.888
118219,0.47
19925,0.722
15142,0.388
44395,0.918
114399,0.742
44397,0.982
26805,0.992
49048,0.974
48286,0.236
122323,0.764
71816,0.686
100921,0.82
58185,0.94
19582,0.802
65677,0.946
12831,0.512
113727,0.502
3461,0.458
35206,0.864
77713,0.268
52926,0.268
103074,0.356
19703,0.48
102510,0.4
68701,0.1
61064,0.962
47241,0.712
64915,0.858
37114,0.998
17238,0.194
122526,0.818
77601,0.056
9470,0.456
48113,0.984
58470,0.804
39471,0.508
52120,0.582
107280,0.146
34917,0.996
60035,0.888
89121,0.068
48264,0.07
87587,0.024
107107,0.874
109696,0.044
118002,0.05
116116,0.932
88157,0.06
26880,1.0
96333,0.37
60016,0.77
100913,0.904
71334,0.172
19326,0.508
1906,0.928
110801,0.062
113863,0.564
71975,0.714
20265,0.71
67604,0.434
26448,0.918
78924,0.296
21467,0.91
72000,0.384
74636,0.382
26817,0.992
35222,0.994
104558,0.888
71961,0.142
5162,0.994
11133,0.158
20717,0.08
45139,0.376
118119,0.694
35870,0.98
18619,0.22
7912,0.204
92851,0.308
49831,0.658
118822,0.482
62792,0.484
25555,0.816
44472,0.996
52065,0.98
118091,0.528
76987,0.048
53271,0.406
96175,0.126
78114,0.002
1048,0.982
29474,0.568
83110,0.168
108702,0.056
115657,0.704
1657,0.416
73469,0.106
85472,0.15
93180,0.8
48861,0.952
14069,0.258
36902,0.962
75108,0.06
37070,0.986
24488,0.008
26592,0.814
57186,0.918
101613,0.246
38855,0.97
43964,0.928
96785,0.494
5173,0.99
99099,0.748
105603,0.14
27635,0.41
23658,0.99
23291,0.998
83501,0.022
54277,0.416
81235,0.042
44403,0.964
90754,0.016
123574,0.804
66614,0.124
93683,0.54
59410,0.982
83984,0.024
47891,0.932
8907,0.69
55417,0.702
16719,0.608
38394,0.94
116557,0.586
109801,0.496
112088,0.312
31071,0.814
99436,0.106
61848,0.908
23864,0.82
62789,0.784
71887,0.304
114982,0.366
100228,0.574
109371,0.07
43100,0.802
98862,0.552
108560,0.75
93465,0.21
26603,0.744
100824,0.476
115544,0.726
120121,0.254
93067,1.0
101800,0.524
122725,0.848
51052,0.292
113355,0.04
117520,0.78
18379,0.0
46530,0.97
31892,0.998
112215,0.274
93567,0.524
85468,0.078
7868,0.568
36937,0.738
82832,0.044
111461,0.772
20794,0.38
116859,0.37
28354,0.04
75601,0.068
89203,0.052
25821,0.004
53913,0.252
125054,0.476
73206,0.318
34853,0.984
124855,0.926
85865,0.028
77592,0.124
41517,0.448
79563,0.1
22153,0.97
43398,0.992
93029,0.98
89269,0.008
107600,0.22
47301,0.36
45110,0.958
14056,0.628
73213,0.338
35080,0.93
60042,0.294
76221,0.116
96864,0.448
38398,0.658
28091,0.602
67131,0.39
22759,0.192
26377,0.518
97688,0.156
41421,0.994
124498,0.738
68952,0.152
36603,0.988
91811,0.0
79660,0.046
15115,0.198
6532,0.248
56305,0.984
10185,0.188
6269,0.72
75291,0.244
37008,0.692
113942,0.506
108100,0.312
34953,0.858
36416,0.958
23659,1.0
16494,0.394
25169,0.998
28506,0.604
30387,0.984
76098,0.058
39242,0.976
56802,0.51
72471,0.478
4627,0.728
46325,0.204
41791,0.226
115413,0.512
20963,0.748
63605,0.996
36234,0.424
121932,0.384
99831,0.162
21127,0.576
11174,0.652
8705,0.058
14593,0.994
28222,0.212
24110,0.0
88983,0.086
97677,0.548
22956,0.938
98537,0.262
108003,0.484
1159,0.97
37942,0.942
49363,0.096
83001,0.02
109380,0.022
48746,0.854
26121,0.914
81733,0.036
36935,0.57
3048,0.936
30864,0.718
6813,0.364
32830,0.966
44857,0.97
12498,0.706
54673,0.916
64185,0.444
46227,0.976
45505,0.126
26132,0.394
84302,0.054
76076,0.004
50081,0.192
50837,0.27
91009,0.186
107545,0.996
7988,0.272
594,0.938
117531,0.776
17779,0.804
119609,0.8
46592,0.956
70572,0.296
79912,0.122
120776,0.628
112265,0.53
85959,0.23
39413,0.992
42015,0.984
51730,0.282
30997,0.97
104608,0.192
5779,0.444
66596,0.06
17133,0.61
30802,0.984
99011,0.416
84267,0.044
25341,0.962
109092,0.124
50848,0.744
77936,0.026
80184,0.194
22303,0.998
71510,0.484
12562,0.66
21636,0.956
24361,0.218
102379,0.746
124435,0.986
16677,0.59
124335,0.76
45382,0.438
455,0.214
29701,0.0
65502,0.76
47333,0.862
108476,0.248
28070,0.488
75368,0.18
88052,0.088
16797,0.258
107230,1.0
82184,0.092
35252,0.972
79823,0.046
56040,0.834
118858,0.14
62973,0.51
26326,0.778
50832,0.392
26792,0.986
112807,0.286
44632,0.972
39986,0.952
120025,0.816
112322,0.78
73038,0.966
43235,0.666
12733,0.314
19391,0.386
90808,0.084
104601,0.204
79246,0.058
26144,0.518
73450,0.686
21665,0.282
79929,0.126
109288,0.056
44243,0.964
505,0.992
44358,0.992
83058,0.01
106918,0.85
72872,0.746
75410,0.178
33342,0.978
82133,0.152
33504,0.944
82127,0.02
9264,0.34
25450,0.852
12112,0.106
7935,0.262
95776,0.314
110196,0.028
7545,0.338
109008,0.15
97575,0.144
122144,0.616
107087,0.99
48295,0.926
108403,0.58
69980,0.704
82049,0.094
64712,0.908
47336,0.73
4308,0.998
83999,0.058
103053,0.176
15884,0.432
42115,0.984
106035,0.386
53522,0.196
16219,0.806
62270,0.996
44430,1.0
34228,0.994
58358,0.896
90419,0.068
56796,0.696
57644,0.44
97829,0.638
101937,0.746
94052,0.954
108016,0.408
108320,0.544
10314,0.472
104209,0.36
51926,0.974
97024,0.814
110891,0.068
9443,0.616
6514,0.216
11831,0.046
105073,0.29
47375,0.992
101207,0.178
56510,0.896
68457,0.24
26354,0.266
115519,0.204
40020,0.914
9096,0.758
102262,0.884
58071,0.938
104075,0.154
83128,0.004
3322,0.74
97467,0.802
105305,0.532
78896,0.064
40210,0.95
89434,0.006
116086,0.882
124683,0.51
78342,0.116
106270,0.996
29492,0.494
27152,0.808
55457,0.924
84336,0.074
9480,0.774
63660,0.974
2914,0.756
34729,0.7
82657,0.08
56542,0.932
2690,0.418
79386,0.106
27633,0.162
77357,0.048
7326,0.858
30237,0.984
122637,0.502
122894,0.278
98947,0.164
67788,0.274
72577,0.644
29467,0.474
124249,0.946
49125,0.39
41807,0.814
26466,0.804
59670,0.974
100113,0.148
78354,0.032
112978,0.452
16779,0.788
104966,0.246
94062,0.986
544,1.0
69843,0.39
120733,0.554
108472,0.172
16058,0.05
40060,0.994
110216,0.218
123674,0.244
1713,0.776
18823,0.978
13388,0.756
75102,0.13
74123,0.462
92769,0.322
13748,0.768
118050,0.8
103720,0.562
61298,0.958
85857,0.044
8925,0.152
122754,0.558
52527,0.194
67797,0.29
5886,0.144
5804,0.08
83431,0.042
119406,0.46
34263,0.218
86407,0.03
103618,0.288
60551,0.978
81505,0.024
13272,0.23
75158,0.022
20117,0.002
11036,0.024
90383,0.1
124967,0.562
60591,0.826
50618,0.346
20052,0.814
79820,0.072
4801,0.942
18980,0.018
66845,0.31
87050,0.096
28376,0.122
95717,0.572
40385,0.938
99305,0.658
24660,0.934
39158,0.864
63522,0.852
11540,0.082
29893,0.12
8166,0.35
17306,0.228
92059,0.076
22312,0.976
124670,0.552
62806,0.904
1200,0.92
95781,0.722
95280,0.238
3624,0.476
10679,0.516
25080,0.97
81445,0.052
23282,0.99
109133,0.062
40312,0.986
93892,0.148
32459,0.984
45446,0.978
13073,0.998
84894,0.006
38162,0.906
113085,0.404
109705,0.118
99312,0.164
42340,0.924
94941,0.876
21008,0.638
86943,0.086
78564,0.056
8033,0.086
123823,0.23
114206,0.144
8536,0.948
52112,0.568
36107,0.98
69347,0.46
60814,0.904
56350,0.634
117853,0.61
100348,0.202
66443,0.434
79322,0.078
76114,0.084
18329,0.05
78031,0.086
116362,0.402
107908,0.304
21563,0.99
107191,1.0
26673,0.88
5754,0.392
27899,0.196
41744,0.148
104791,0.206
27249,0.334
8628,0.88
91646,0.12
2179,0.898
50831,0.358
90849,0.01
69977,0.334
59277,0.904
64926,0.906
67825,0.488
88698,0.03
52175,0.484
83751,0.07
121586,0.968
119753,0.794
95704,0.074
95642,0.624
106696,0.62
107854,0.896
81729,0.032
416,0.838
65479,0.166
68046,0.62
61291,0.75
35630,0.992
89195,0.128
79377,0.15
68942,0.164
38558,0.964
55728,0.37
117307,0.66
51636,0.398
77108,0.018
27099,0.386
113194,0.246
56524,0.964
112147,0.434
66078,0.518
21519,0.99
88267,0.06
109319,0.014
15432,0.998
7673,0.256
60122,0.884
34859,0.966
82814,0.058
102342,0.24
104028,0.252
589,0.358
87552,0.008
1974,0.818
2852,0.37
39348,0.962
80250,0.192
48593,1.0
7635,0.2
27292,0.33
95773,0.324
45845,0.96
64111,0.654
30223,0.836
9051,0.146
64284,0.434
43693,0.342
71442,0.27
16768,0.51
7759,0.568
63837,0.35
39663,0.972
79464,0.036
113853,0.306
14559,1.0
106446,0.574
97622,0.184
55562,0.428
41849,0.962
61384,0.94
45624,0.914
85987,0.046
36803,0.986
96152,0.218
103066,0.374
47004,0.948
72039,0.77
37508,0.844
27165,0.938
34180,0.986
90278,0.064
36572,1.0
38970,0.982
39077,0.992
40400,0.96
26774,0.976
82361,0.136
15361,0.222
58184,0.996
3859,0.466
96116,0.77
110464,0.036
65363,0.988
16906,0.376
19069,0.286
39255,0.998
32015,0.986
68110,0.204
119818,0.21
114605,0.664
18601,0.486
6654,0.182
55389,0.796
2156,0.644
42336,0.178
4349,0.934
35390,0.696
12620,0.24
69643,0.96
56604,0.828
13792,0.656
93252,0.71
3681,0.23
116954,0.956
53095,0.982
116672,0.81
26172,0.73
123312,0.488
72410,0.552
117535,0.734
69892,0.236
30780,0.972
30958,0.988
70947,0.982
82639,0.046
12789,0.774
60596,0.812
10937,0.616
58629,0.998
46149,1.0
117813,0.8
6071,0.666
76733,0.05
98376,0.06
10573,0.11
111558,0.166
86948,0.036
35448,0.986
121998,0.95
99115,0.616
75863,0.08
124834,0.982
122086,0.376
43603,0.998
12729,0.288
6235,0.424
1740,0.72
70631,0.306
23598,0.986
45238,0.69
75785,0.122
61238,0.172
42681,0.934
66576,0.7
80628,0.03
100193,0.682
40932,0.888
31662,0.978
113891,0.696
72837,0.124
52606,0.26
101828,0.58
6966,0.448
19865,0.02
36069,0.956
121387,0.368
62605,0.998
68678,0.676
7789,0.504
89274,0.03
90502,0.012
10270,0.332
83387,0.02
97414,0.976
54695,0.91
104360,0.162
71938,0.086
104618,0.752
9033,0.342
8200,0.718
13201,0.942
60652,0.948
51152,0.418
61275,0.98
65079,0.884
91960,0.17
16671,0.906
122692,0.51
111903,0.706
14927,0.374
102131,0.842
109531,0.062
69432,0.218
95775,0.428
81575,0.038
7401,0.186
56540,0.886
38463,0.882
104767,0.276
30704,0.982
119887,0.592
101676,0.198
78016,0.032
9424,0.15
36435,0.988
15584,0.99
18011,0.356
66439,0.62
39041,0.988
49092,0.41
78973,0.058
41780,0.206
58943,0.98
97709,0.052
75062,0.042
2255,0.846
124079,0.204
25045,0.986
23675,1.0
108000,0.332
115351,0.786
47179,0.868
99747,0.334
22264,0.952
2018,0.572
124875,0.95
84861,0.102
96053,0.24
70680,0.506
78379,0.04
82846,0.022
22746,0.608
118100,0.148
26457,0.892
94950,0.174
12334,0.822
45457,0.992
64557,0.636
20262,0.784
70110,0.498
64080,0.14
86951,0.136
51259,0.218
57946,0.912
25304,0.85
108059,0.312
122654,0.242
25580,0.894
55959,0.926
96942,0.876
85720,0.026
73141,0.782
81743,0.146
99510,0.2
45436,0.966
95246,0.028
124603,0.604
33879,0.034
67271,0.618
78566,0.058
55445,0.99
115868,0.652
112980,0.704
31957,0.566
93992,0.184
8924,0.334
54424,0.612
16210,0.292
113610,0.152
124586,0.974
39781,0.904
50536,0.952
124121,0.488
123607,0.856
45389,0.434
31126,0.428
74640,0.468
35882,0.936
85590,0.056
83443,0.056
62022,0.994
94683,0.082
81606,0.024
84337,0.038
37373,0.904
12845,0.68
88060,0.01
98119,0.256
11962,0.096
47725,0.868
122112,0.392
8085,0.458
66650,0.224
122512,0.428
20784,0.602
24381,0.212
112229,0.778
52479,0.728
28843,0.156
59234,0.978
51533,0.378
107745,0.288
94905,0.256
44500,0.982
104803,0.198
36158,0.77
71690,0.286
41178,0.996
8383,0.272
56423,0.936
100265,0.122
107512,0.194
95464,0.598
68740,0.032
79645,0.08
5316,1.0
11885,0.582
108495,0.778
20058,0.012
90761,0.012
32347,0.998
92927,0.996
50739,0.384
76962,0.074
82397,0.046
47,0.418
80253,0.07
93223,0.942
66197,0.226
15007,0.164
114921,0.714
113905,0.186
100566,0.098
33161,0.822
41571,0.962
67456,0.728
27425,0.874
69055,0.47
114100,0.288
43958,0.972
95824,0.114
7549,0.526
62221,0.994
108839,0.082
38870,0.998
92976,0.992
18177,0.994
44426,0.996
117076,0.626
68748,0.058
14937,0.88
103381,0.304
13482,0.502
98261,0.786
43386,0.972
12104,0.462
2362,0.924
60272,0.95
20961,0.832
92540,0.558
36244,0.464
87702,0.066
88010,0.082
48943,0.14
111258,0.096
67985,0.426
109272,0.078
5160,0.992
103086,0.274
121149,0.59
19068,0.626
616,0.974
28877,0.972
16844,0.388
25667,0.682
71904,0.346
55919,0.868
56501,0.97
32793,0.77
82324,0.062
108401,0.668
48997,0.996
24418,0.002
108527,0.658
76606,0.018
81393,0.134
84808,0.102
66298,0.506
68553,0.942
63419,0.99
85825,0.104
113399,0.716
41865,0.278
43847,0.86
54150,0.284
58974,0.936
60110,0.958
7341,0.85
72868,0.268
94988,0.202
80906,0.03
108585,0.914
72213,0.112
30399,0.99
102072,0.712
12746,0.306
115547,0.718
122843,0.874
123694,0.39
121357,0.622
73855,0.298
28013,0.492
37252,0.972
55840,0.71
102079,0.674
81621,0.02
52948,0.838
118218,0.852
17212,0.134
125016,0.516
60026,0.308
41479,0.994
53925,0.786
10066,0.642
67591,0.26
121650,0.942
52026,0.248
53127,0.978
26607,0.72
22417,0.992
71174,0.2
118818,0.844
93488,0.14
68418,0.136
27742,0.346
122553,0.33
6056,0.378
25353,0.812
30089,0.024
12611,0.622
55690,0.26
39775,0.972
20392,0.956
69895,0.31
69936,0.486
36068,0.906
81825,0.074
51049,0.138
104449,0.168
117118,0.504
73056,0.972
23719,0.996
122118,0.568
120134,0.814
9297,0.382
72398,0.412
61925,0.956
16126,0.792
80988,0.15
56473,0.908
42687,0.828
37654,0.982
124426,0.746
107872,0.442
80816,0.108
118456,0.702
9757,0.33
25235,0.352
51562,0.6
10396,0.882
11640,0.792
101214,0.184
21685,0.974
15600,0.97
12203,0.298
52601,0.48
75245,0.122
75642,0.002
63689,0.99
73125,0.276
109990,0.134
21837,0.924
23666,0.99
80280,0.07
63402,0.726
26346,0.18
101671,0.916
123910,0.902
23536,0.984
49687,0.412
112025,0.732
52480,0.836
98604,0.21
5039,0.986
85898,0.076
39283,0.998
121500,0.922
57346,0.53
79226,0.038
50925,0.234
89435,0.04
36023,0.97
32597,0.59
39548,0.966
42713,0.814
66441,0.708
59707,0.978
70304,0.61
31196,0.974
124969,0.7
9967,0.064
23012,0.382
18139,0.988
45936,0.996
58853,0.472
31117,0.166
73384,0.754
54589,0.872
234,0.636
104385,0.338
104975,0.438
93268,0.56
20015,0.978
93711,0.234
17619,0.922
103454,0.366
97861,0.11
84538,0.008
44303,0.89
104990,0.698
95797,0.164
95424,0.292
20986,0.828
101789,0.984
15372,0.28
108664,0.46
14483,1.0
44548,0.982
124571,0.684
81338,0.046
117104,0.184
32839,0.88
69971,0.41
48514,0.95
6342,0.462
108938,0.266
27316,0.278
10590,0.366
99315,0.718
58973,0.992
31847,0.908
29404,0.444
38461,0.902
13905,0.53
63542,0.934
75575,0.09
29452,0.28
54719,0.718
74549,0.998
8613,0.856
10052,0.732
112039,0.522
52791,0.904
47067,0.118
117315,0.306
102688,0.24
79522,0.032
44219,0.984
30051,0.066
76882,0.002
93245,0.978
25071,0.948
68415,0.42
80757,0.008
58061,0.934
59868,0.982
117704,0.37
48815,0.962
53362,0.966
70258,0.406
116173,0.952
75362,0.146
114621,0.876
67893,0.706
35195,0.966
85485,0.162
45285,0.986
84148,0.026
99638,0.6
13026,0.364
80779,0.062
52418,0.43
118658,0.924
22644,0.854
40418,0.998
92187,0.308
41051,0.93
56402,0.986
43160,0.968
9552,0.754
8134,0.514
105660,0.662
123019,0.626
5799,0.532
38808,0.98
55806,0.948
108899,0.134
92955,0.962
79462,0.038
58592,1.0
105683,0.218
58591,0.976
25152,0.994
121867,0.88
57699,0.442
109888,0.178
96937,0.908
87360,0.138
21882,0.756
42026,0.966
99492,0.174
123726,0.978
17048,0.132
72565,0.432
116396,0.094
61182,0.792
47530,0.992
67108,0.338
116477,0.586
109394,0.08
37462,0.986
11008,0.052
38982,0.808
13446,0.09
61117,0.922
100076,0.132
111261,0.198
5215,0.984
106142,0.98
13414,0.642
72948,0.994
65471,0.242
26972,0.724
102409,0.4
125069,0.616
1875,0.902
79168,0.044
65512,0.33
28547,0.55
98857,0.78
68840,0.028
118843,0.802
46547,0.962
97795,0.552
86190,0.138
109100,0.064
115731,0.862
76753,0.152
39285,0.942
115956,0.728
33054,0.832
67349,0.206
60182,0.954
124471,0.694
32971,0.008
46353,0.746
9677,0.722
39904,0.974
7077,0.468
123229,0.98
73966,0.69
63200,0.946
2676,0.186
100379,0.24
23851,0.76
41738,0.16
89029,0.11
49868,0.696
89232,0.082
43268,0.892
99036,0.35
60482,0.98
65824,0.412
113220,0.474
61744,0.196
7749,0.274
21996,0.556
22947,0.926
14758,1.0
74164,0.668
65865,0.996
33325,0.282
9295,0.326
109948,0.162
97967,0.11
35438,0.912
110787,0.144
110770,0.052
117544,0.954
110269,0.354
72202,0.614
119361,0.962
54772,0.512
20941,0.952
19989,0.244
88732,0.062
91714,0.108
38456,0.96
36539,0.974
19501,0.918
107664,0.584
1065,0.428
28099,0.274
11448,0.55
28956,0.768
2466,0.354
52159,0.714
43475,0.868
63976,0.4
28556,0.106
52866,0.324
9233,0.882
10290,0.546
12091,0.82
12021,0.088
74809,0.152
114965,0.698
10388,0.504
117928,0.688
51542,0.15
1001,0.998
89416,0.024
33399,0.674
102888,0.412
41204,0.992
27435,0.834
2334,0.648
23466,0.316
75989,0.168
33404,0.304
31347,0.894
30961,0.904
43359,0.998
42434,0.954
114779,0.676
28683,0.644
27494,0.384
71918,0.198
78417,0.048
93562,0.634
9522,0.232
24788,0.476
15216,0.904
50644,0.82
109303,0.092
69955,0.42
109429,0.044
113587,0.502
86474,0.028
35839,0.358
27426,0.762
31379,0.976
1314,0.888
7944,0.654
16837,0.582
2780,0.086
101466,0.056
85411,0.216
29224,0.854
45237,0.408
120671,0.658
87878,0.058
64313,0.828
79365,0.102
80632,0.058
8699,0.506
9389,0.154
50186,0.31
100244,0.216
69992,0.276
32885,1.0
3773,0.264
119434,0.506
107299,0.848
87388,0.03
109403,0.038
55723,0.33
113362,0.02
54818,0.668
113613,0.212
112331,0.496
55944,0.99
87759,0.028
88166,0.02
26378,0.812
27565,0.1
110689,0.072
60925,0.462
104178,0.608
107335,0.72
13481,0.344
2888,0.596
37329,0.962
38861,0.964
74180,0.27
52734,0.596
75494,0.152
27170,0.388
27926,0.366
15929,0.95
52683,0.734
8514,0.184
70462,0.536
51300,0.206
119602,0.702
59022,0.942
66586,0.092
88894,0.166
46828,0.556
41025,0.964
89190,0.066
109026,0.112
77700,0.038
3348,0.474
93949,0.608
10571,0.048
44103,0.994
1109,0.99
25997,0.164
59890,0.992
104373,0.576
6544,0.156
46481,0.78
90136,0.084
47786,0.978
79596,0.02
54523,0.384
95340,0.218
18865,0.888
104444,0.56
95186,0.11
27415,0.92
63846,0.466
96886,0.254
57638,0.59
33463,0.232
64192,0.42
77342,0.054
15167,0.58
32395,0.98
7346,0.68
36499,0.998
10638,0.45
58808,0.95
41367,0.66
100791,0.366
89791,0.014
59586,0.97
117061,0.922
75729,0.042
70657,0.21
99086,0.914
111711,0.588
23854,0.8
96271,0.304
80524,0.114
101355,0.17
11771,0.578
7607,0.67
14614,0.99
78667,0.01
44616,0.986
117275,0.248
109645,0.08
61850,0.98
44465,0.994
8141,0.3
21510,0.998
605,0.958
74231,0.534
118824,0.534
49794,0.614
113846,0.548
93647,0.718
98078,0.28
2371,0.902
46872,0.992
124943,0.916
30589,0.968
120617,0.964
121604,0.702
60221,0.642
118799,0.486
24290,0.986
38508,0.112
60897,0.478
115761,0.69
55057,0.282
39276,0.956
39866,0.984
28927,0.774
96366,0.496
42409,0.856
50044,0.254
46272,0.996
123521,0.964
30099,0.006
34450,0.996
111321,0.138
45556,0.464
102218,0.43
48562,0.994
47939,0.992
53636,0.152
54225,0.46
61351,0.89
63309,0.9
45125,0.988
49761,0.936
29565,0.96
36493,0.978
103243,0.284
100618,0.22
25657,0.754
38206,0.4
104690,0.788
88426,0.016
111447,0.822
27721,0.13
9337,0.572
83799,0.238
92564,0.806
11308,0.24
75756,0.092
25386,0.986
38053,0.998
114270,0.498
106624,0.238
7268,0.294
103183,0.19
24661,0.986
50381,0.446
26845,0.974
19758,0.36
115142,0.664
73112,0.37
47619,1.0
85945,0.048
54512,0.172
41160,0.994
42858,0.954
53260,0.38
90036,0.13
49586,0.972
33581,0.734
94590,0.234
63144,0.996
86477,0.01
28561,0.826
98365,0.18
40289,0.924
63768,0.864
21405,0.996
10228,0.394
15551,0.996
71216,0.602
18390,0.0
55194,0.896
3949,0.182
123052,0.516
7736,0.832
59768,0.826
7080,0.28
15082,0.534
74349,0.228
11026,0.012
75332,0.116
90219,0.018
41135,0.996
115846,0.724
102977,0.21
3823,0.284
109633,0.01
103571,0.506
22781,0.396
30873,0.802
95596,0.322
1380,0.28
8756,0.126
106636,0.292
64599,0.822
22779,0.21
44098,0.994
79768,0.072
38470,0.562
75881,0.238
14408,1.0
83928,0.056
74938,1.0
30151,0.004
5363,0.974
45501,0.026
83513,0.048
69173,0.164
94189,0.992
50349,0.418
13529,0.882
104048,0.18
20009,0.724
21775,0.814
63802,0.898
79940,0.11
84125,0.094
110894,0.106
52421,0.482
95102,0.166
41379,0.236
82779,0.02
47977,0.964
105222,0.3
11373,0.4
115679,0.834
14162,0.958
99468,0.21
9583,0.952
123183,0.852
86503,0.046
100012,0.288
1238,0.992
25099,0.998
102645,0.218
45224,0.19
52750,0.458
11657,0.746
51099,0.372
51160,0.038
19849,0.482
44528,0.982
111368,0.334
48409,0.962
26162,0.956
79248,0.09
111131,0.174
95765,0.304
92216,0.354
46124,0.992
87660,0.016
57416,0.578
50099,0.912
17121,0.5
108898,0.134
75999,0.124
8035,0.698
76611,0.01
6524,0.286
88349,0.204
99743,0.166
98889,0.192
72502,0.344
19341,0.838
116795,0.312
52518,0.542
82112,0.022
82496,0.036
69772,0.77
18357,0.032
32072,0.974
55465,0.882
22885,0.928
54936,0.942
44195,0.918
82070,0.08
63226,0.922
63563,0.996
102580,0.356
2749,0.228
17683,0.434
84272,0.02
70150,0.55
59238,0.99
44796,0.904
57036,0.986
118925,0.514
71675,0.1
64507,0.938
27919,0.216
50976,0.68
83649,0.122
108891,0.148
122466,0.194
33972,0.978
44584,0.986
38901,0.188
4771,0.7
59633,0.986
57642,0.88
124837,0.922
82178,0.108
56628,0.41
95094,0.04
94801,0.184
39525,0.972
23364,0.664
60899,0.526
45396,0.946
124222,0.938
42013,0.92
101862,0.368
123357,0.602
71947,0.028
123748,0.88
72337,0.314
56353,0.98
67602,0.212
104441,0.684
16789,0.394
20507,0.406
107196,0.996
67778,0.11
56176,0.988
19122,0.01
61074,0.99
85891,0.114
119589,0.084
58898,0.966
83677,0.054
7255,0.28
19644,0.992
509,0.868
87427,0.026
66212,0.32
82023,0.028
76472,0.066
48243,0.978
26946,0.874
79670,0.084
23556,0.996
39476,0.97
121816,0.766
65646,0.664
30580,0.99
53927,0.722
113511,0.536
25538,0.918
116245,0.624
41908,0.98
82179,0.07
12368,0.802
105119,0.458
120129,0.424
78328,0.078
26127,0.898
69920,0.864
90786,0.006
46069,0.068
9503,0.432
37109,1.0
18421,0.25
8070,0.11
43762,0.56
87372,0.036
29570,0.422
82155,0.064
21081,0.57
80649,0.078
61465,0.91
11942,0.286
108122,0.254
9214,0.454
104150,0.162
74832,0.072
18081,0.976
37934,0.996
11547,0.508
78526,0.28
45563,0.412
42587,0.976
117692,0.53
103756,0.556
70305,0.606
83627,0.04
66156,0.568
113607,0.086
30937,0.44
53246,0.97
71141,0.554
1289,0.56
62717,0.712
114890,0.592
103245,0.328
103729,0.104
69163,0.708
75920,0.1
117565,0.874
18859,0.958
6320,0.566
117809,0.376
28854,0.45
123201,0.96
48724,0.996
102142,0.498
39455,0.902
30340,0.98
31615,0.982
8664,0.052
39236,0.888
70577,0.224
69685,0.99
124465,0.724
39956,0.864
25575,0.762
76282,0.032
96551,0.166
20398,0.986
53538,0.432
47137,0.834
45192,0.536
31855,0.952
19762,0.57
90139,0.014
54997,0.36
12951,0.838
48001,0.194
114038,0.744
85508,0.132
1993,0.254
88311,0.07
110500,0.054
38930,0.846
60710,0.504
74642,0.432
69899,0.446
102123,0.688
73119,0.21
43545,0.796
9095,0.802
8542,0.96
65765,0.352
121509,0.866
109961,0.246
74660,0.476
79028,0.194
19431,0.94
95931,0.196
90090,0.018
23269,0.934
20160,0.718
17334,0.848
78563,0.1
109318,0.048
99669,0.724
17036,0.198
94856,0.196
101397,0.242
59353,0.922
75474,0.014
11974,0.662
72233,0.122
114538,0.564
20338,0.952
76860,0.05
15723,0.314
6876,0.936
115905,0.63
48790,0.99
24375,0.834
40760,0.852
33999,0.956
30619,1.0
35648,0.984
75803,0.016
57380,0.922
939,0.752
99739,0.784
28492,0.17
57616,0.982
91854,0.0
6570,0.01
123491,0.894
66761,0.102
61399,0.984
24694,0.984
38077,1.0
55680,0.588
22266,0.996
28016,0.176
29049,0.858
35541,0.996
51030,0.812
79465,0.004
92219,0.272
67149,0.262
110850,0.616
85351,0.03
1468,0.23
113035,0.474
49600,0.9
79481,0.012
78833,0.082
3633,0.342
30068,0.014
22132,0.98
9426,0.236
36569,1.0
26212,0.728
11806,0.192
94843,0.59
90248,0.008
88120,0.044
42644,0.938
59916,0.75
106344,0.952
42813,0.226
106013,0.4
36134,0.992
6611,0.104
8131,0.794
97240,0.438
96362,0.32
32878,0.776
74357,0.094
107377,0.524
10020,0.714
56318,0.992
124227,0.974
13964,0.024
14025,0.9
15996,0.142
43118,0.102
20709,0.832
40750,0.91
105558,0.368
83535,0.002
95106,0.056
74011,0.304
47232,0.228
60937,0.924
108931,0.2
89701,0.078
84761,0.16
123230,0.97
89882,0.054
121045,0.796
81141,0.05
52848,0.318
105892,0.818
2120,0.418
55692,0.476
44057,0.928
7261,0.402
7997,0.504
84989,0.024
99349,0.266
9819,0.914
35002,0.994
43027,0.99
112185,0.2
15592,1.0
33641,0.744
33042,0.908
27159,0.732
16773,0.222
79982,0.03
47084,0.93
2929,0.342
45521,0.528
162,0.986
46861,0.522
37124,1.0
58502,0.97
42040,0.986
116793,0.554
86295,0.044
26068,0.378
3547,0.482
10027,0.572
113782,0.536
71892,0.528
5230,0.968
39407,0.984
59892,0.944
108651,0.246
104954,0.234
97601,0.404
57056,0.992
118970,0.826
27605,0.076
44226,0.988
43336,0.97
2876,0.09
109473,0.248
44073,0.972
76120,0.006
96102,0.55
7537,0.808
53027,0.972
17761,0.08
93450,0.19
38553,0.774
49797,0.958
52744,0.592
18174,0.996
82056,0.014
114722,0.402
20839,0.404
24230,0.844
76542,0.028
121917,0.78
118953,0.908
20432,0.978
13921,0.734
30714,0.998
107154,0.99
24795,0.79
72601,0.218
83124,0.018
98333,0.41
26274,0.35
36852,1.0
35318,0.658
113656,0.818
79775,0.044
98946,0.364
83579,0.058
19202,0.956
101499,0.614
118163,0.614
96124,0.75
80501,0.14
84059,0.082
55932,0.416
5641,0.99
2388,0.25
6026,0.08
124727,0.78
3435,0.742
34906,0.984
45341,0.548
73935,0.242
57989,0.958
89481,0.046
49561,0.918
7119,0.088
76958,0.028
49499,0.486
53222,0.958
115524,0.804
39258,0.96
34628,0.986
4816,0.954
95393,0.242
62631,0.304
108397,0.654
65446,0.84
92867,0.212
116373,0.904
78478,0.114
67999,0.228
2130,0.688
29304,0.698
29502,0.768
91135,0.026
101947,0.392
568,0.332
6168,0.24
42420,0.982
95862,0.482
97020,0.972
114963,0.43
82020,0.094
98235,0.158
16086,0.748
116277,0.54
20548,0.266
96312,0.48
49228,0.934
68382,0.432
92176,0.262
107393,0.434
3929,0.196
40958,0.908
56083,0.98
60196,0.9
97750,0.62
53754,0.252
65543,0.646
24316,0.934
833,0.962
93653,0.986
62877,0.312
86921,0.07
43384,0.94
51176,0.708
3551,0.546
45548,0.394
40173,0.84
19377,0.072
91344,0.002
65567,0.764
43944,0.982
3112,0.16
94969,0.796
120057,0.612
70118,0.584
114556,0.962
84614,0.016
115226,0.656
79491,0.116
108373,0.52
37168,0.992
114286,0.688
3766,0.176
100328,0.21
109659,0.028
64552,0.51
59686,0.978
63943,0.718
72443,0.38
98263,0.62
121853,0.91
109666,0.03
19741,0.57
13867,0.448
122328,0.898
68214,0.534
115058,0.56
53647,0.086
96758,0.51
81612,0.058
124650,0.922
2930,0.304
47502,0.99
38700,0.99
69985,0.512
107616,0.654
5853,0.764
37369,0.998
75779,0.114
43673,0.816
85588,0.056
123768,0.942
91022,0.026
114440,0.874
43519,0.96
33522,0.832
66935,0.324
61512,0.772
44573,0.964
85526,0.034
60555,0.966
104656,0.172
2896,0.438
19797,0.896
86595,0.016
58814,0.952
13454,0.098
112454,0.642
17419,0.082
60381,0.966
11803,0.076
47125,0.414
120168,0.87
18893,0.01
124360,0.74
48645,0.98
103265,0.264
104989,0.602
41293,0.902
19412,0.962
36323,0.996
5623,0.988
67727,0.122
117371,0.912
97635,0.486
11023,0.078
56116,0.976
68985,0.138
85856,0.05
77617,0.126
34402,0.97
11560,0.518
95488,0.194
15713,0.25
65123,0.48
52088,0.986
14508,1.0
52603,0.3
24528,0.014
109275,0.008
89924,0.046
98011,0.98
51575,0.128
61129,0.968
60353,0.832
104283,0.578
57241,1.0
98816,0.558
116987,0.872
116568,0.656
57971,0.978
80262,0.076
51549,0.804
102350,0.416
108142,0.98
80673,0.114
109763,0.094
102325,0.374
72325,0.448
9543,0.554
83274,0.056
21143,0.742
111068,0.202
3272,0.968
21487,0.99
84139,0.014
22392,0.952
55808,0.61
4593,0.942
76091,0.074
50285,0.248
89317,0.036
62165,0.974
25439,0.954
108411,0.234
116399,0.064
116799,0.834
8445,0.23
65695,0.796
98911,0.228
49175,0.444
31334,0.87
74650,0.478
100406,0.53
102535,0.414
42127,0.986
88141,0.014
114449,0.692
79022,0.046
95907,0.166
12264,0.3
103065,0.312
78476,0.072
2463,0.224
90322,0.042
18255,0.994
77807,0.034
68563,0.76
50198,0.06
47271,0.318
10292,0.442
28368,0.064
57276,0.948
31638,0.946
22619,0.468
100196,0.132
3730,0.3
100407,0.324
604,0.92
71666,0.378
113637,0.468
101375,0.354
295,0.128
55174,0.46
50683,0.16
32473,0.95
65560,0.75
32741,0.832
18745,0.89
30810,0.992
104746,0.492
123311,0.832
114943,0.852
47968,0.976
50412,0.344
14733,0.984
33767,0.276
56115,0.982
25622,0.08
49545,0.712
111917,0.35
120382,0.554
25055,0.998
13881,0.764
122762,0.37
61014,0.298
56048,0.998
73655,0.354
115918,0.354
69954,0.14
101140,0.392
30844,0.806
71454,0.262
54970,0.9
22633,0.18
39280,1.0
55599,0.536
102593,0.27
22782,0.506
95541,0.326
125084,0.654
120739,0.826
48742,0.95
40921,0.994
112508,0.528
53885,0.506
124258,0.914
107849,0.636
34011,0.438
7072,0.264
22361,0.986
79597,0.034
98665,0.612
89115,0.062
66672,0.412
105872,0.2
117148,0.386
61523,0.36
47581,0.988
14858,0.06
98481,0.22
25665,0.71
98864,0.286
67659,0.356
94499,0.49
40584,0.958
93103,0.886
43769,0.204
115256,0.564
68301,0.356
32785,0.614
83430,0.076
72448,0.25
119175,0.342
120420,0.692
21220,0.0
63885,0.048
97625,0.544
106777,0.978
9074,0.306
17190,0.252
104436,0.694
48970,0.98
24287,0.918
39504,0.312
43196,0.944
101495,0.236
78975,0.066
27416,0.888
48231,0.994
98764,0.086
86294,0.056
23799,0.66
61778,0.952
113936,0.26
116192,0.948
49395,0.412
67807,0.494
42221,0.978
102725,0.832
114737,0.612
20774,0.566
69491,0.484
42951,0.946
78898,0.076
39634,0.968
31783,0.992
52529,0.54
8935,0.824
25007,0.898
35115,0.986
73062,0.642
103954,0.512
27046,0.392
77835,0.064
97040,0.868
30840,0.844
7177,0.118
25751,0.922
85312,0.064
6252,0.602
114867,0.626
78145,0.102
61543,0.774
22796,0.734
19859,0.046
124736,0.342
68539,0.944
79075,0.1
62828,0.832
116384,0.842
30318,0.886
15817,0.338
36824,0.976
46123,0.994
99784,0.344
37490,0.934
122130,0.466
16167,0.06
109313,0.086
103560,0.678
19760,0.326
91231,0.098
76694,0.022
64870,0.63
111514,0.324
43578,0.702
56774,0.988
54587,0.86
74113,0.08
54292,0.966
56784,0.666
52366,0.966
93095,0.502
88751,0.038
58523,0.85
45106,0.996
74148,0.126
114367,0.696
117469,0.352
59390,0.868
91259,0.088
56088,0.994
23377,0.884
109880,0.13
39690,0.978
110405,0.078
112656,0.33
12641,0.712
76498,0.104
76986,0.186
101112,0.268
14029,0.918
110726,0.08
86934,0.024
84199,0.026
5154,1.0
