ID,TARGET
74916,0.232
74923,0.26
74924,0.462
74933,0.834
74934,0.832
74935,0.81
74938,0.952
74941,0.856
74942,0.968
74954,0.148
74957,0.184
74960,0.164
74962,0.068
74968,0.102
74973,0.06
74983,0.018
74984,0.03
74985,0.018
74990,0.076
74992,0.098
74996,0.106
75002,0.118
75003,0.044
75013,0.052
75017,0.048
75018,0.234
75024,0.058
75026,0.06
75028,0.102
75032,0.058
75033,0.114
75047,0.144
75056,0.11
75061,0.046
75062,0.034
75068,0.124
75069,0.196
75071,0.098
75080,0.044
75100,0.114
75102,0.148
75103,0.162
75105,0.126
75108,0.018
75109,0.084
75110,0.07
75112,0.17
75125,0.11
75137,0.176
75138,0.064
75144,0.186
75152,0.044
75155,0.012
75158,0.028
75160,0.044
75168,0.042
75178,0.044
75185,0.074
75188,0.13
75193,0.146
75195,0.132
75198,0.106
75199,0.054
75206,0.096
75211,0.092
75224,0.114
75228,0.114
75231,0.09
75233,0.084
75236,0.04
75240,0.106
75245,0.202
75253,0.096
75255,0.14
75264,0.08
75273,0.134
75274,0.018
75278,0.134
75282,0.202
75285,0.05
75291,0.134
75301,0.072
75303,0.194
75317,0.148
75318,0.092
75321,0.08
75322,0.132
75327,0.07
75328,0.106
75332,0.084
75339,0.042
75345,0.112
75349,0.044
75352,0.106
75356,0.104
75360,0.052
75362,0.082
75364,0.058
75368,0.12
75371,0.104
75375,0.048
75376,0.086
75380,0.106
75381,0.14
75382,0.198
75383,0.17
75384,0.05
75385,0.104
75389,0.048
75396,0.1
75399,0.056
75401,0.074
75402,0.036
75410,0.09
75411,0.158
75426,0.182
75427,0.08
75429,0.084
75430,0.094
75439,0.054
75443,0.032
75451,0.056
75454,0.09
75459,0.04
75461,0.062
75462,0.082
75467,0.05
75470,0.026
75474,0.05
75479,0.036
75484,0.098
75485,0.01
75494,0.06
75498,0.032
75506,0.14
75511,0.1
75518,0.03
75520,0.066
75522,0.116
75524,0.068
75531,0.062
75536,0.084
75537,0.192
75549,0.052
75550,0.11
75558,0.088
75559,0.028
75564,0.076
75569,0.06
75575,0.028
75597,0.06
75601,0.076
75620,0.06
75622,0.112
75642,0.05
75648,0.128
75649,0.018
75654,0.016
75657,0.026
75666,0.034
75667,0.072
75675,0.046
75676,0.018
75684,0.078
75693,0.064
75699,0.022
75710,0.108
75711,0.074
75713,0.088
75718,0.024
75722,0.006
75729,0.072
75730,0.092
75731,0.082
75738,0.116
75748,0.114
75756,0.062
75757,0.07
75766,0.048
75768,0.026
75769,0.038
75770,0.058
75775,0.052
75779,0.052
75785,0.154
75787,0.072
75797,0.052
75803,0.078
75806,0.07
75810,0.16
75811,0.062
75815,0.07
75818,0.06
75822,0.05
75833,0.04
75835,0.12
75840,0.086
75854,0.06
75855,0.14
75857,0.112
75861,0.174
75863,0.044
75865,0.244
75879,0.088
75881,0.21
75886,0.058
75889,0.1
75894,0.098
75895,0.11
75899,0.046
75907,0.026
75910,0.088
75918,0.054
75919,0.096
75920,0.144
75933,0.052
75938,0.016
75940,0.072
75941,0.018
75952,0.04
75953,0.102
75964,0.122
75966,0.15
75973,0.07
75980,0.168
75982,0.104
75985,0.158
75989,0.196
75999,0.102
76005,0.142
76010,0.118
76012,0.12
76014,0.098
76015,0.176
76019,0.08
76021,0.108
76026,0.048
76028,0.156
76029,0.054
76032,0.064
76033,0.096
76035,0.1
76036,0.056
76053,0.074
76058,0.046
76059,0.098
76069,0.096
76071,0.02
76073,0.044
76075,0.028
76076,0.004
76077,0.03
76078,0.008
76086,0.058
76094,0.09
76090,0.068
76091,0.072
76098,0.07
76106,0.074
76112,0.154
76114,0.204
76119,0.12
76120,0.018
76125,0.012
76136,0.028
76141,0.08
76145,0.052
76158,0.018
76166,0.058
76169,0.088
76177,0.048
76178,0.07
76182,0.112
76183,0.094
76184,0.106
76187,0.052
76189,0.044
76194,0.038
76196,0.082
76199,0.09
76200,0.088
76207,0.042
76220,0.07
76221,0.08
76222,0.11
76227,0.05
76237,0.14
76239,0.122
76242,0.022
76246,0.034
76265,0.06
76266,0.038
76272,0.082
76273,0.058
76276,0.098
76277,0.05
76280,0.064
76282,0.066
76289,0.068
76293,0.106
76297,0.03
76304,0.054
76311,0.028
76312,0.086
76316,0.02
76322,0.076
76331,0.044
76336,0.03
76338,0.078
76342,0.07
76360,0.082
76377,0.066
76379,0.116
76380,0.086
76384,0.054
76392,0.018
76401,0.034
76410,0.064
76411,0.028
76416,0.058
76418,0.086
76422,0.05
76423,0.074
76437,0.088
76439,0.082
76444,0.052
76445,0.082
76454,0.04
76467,0.14
76468,0.054
76472,0.062
76485,0.03
76498,0.094
76506,0.028
76529,0.032
76531,0.02
76536,0.06
76541,0.072
76542,0.058
76547,0.012
76551,0.052
76553,0.03
76560,0.024
76572,0.088
76574,0.06
76577,0.13
76579,0.046
76578,0.06
76582,0.08
76586,0.094
76588,0.104
76598,0.13
76601,0.056
76603,0.146
76606,0.016
76607,0.058
76609,0.024
76611,0.006
76614,0.072
76623,0.01
76634,0.032
76642,0.06
76645,0.11
76653,0.11
76659,0.052
76668,0.066
76673,0.044
76675,0.108
76679,0.022
76680,0.032
76681,0.068
76682,0.032
76687,0.02
76690,0.044
76694,0.02
76699,0.068
76703,0.032
76705,0.09
76710,0.04
76719,0.036
76725,0.078
76726,0.028
76728,0.058
76729,0.102
76733,0.036
76737,0.112
76739,0.07
76741,0.044
76743,0.142
76745,0.186
76748,0.044
76751,0.232
76753,0.096
76762,0.042
76772,0.052
76775,0.032
76774,0.048
76777,0.008
76778,0.038
76780,0.008
76790,0.102
76792,0.084
76794,0.092
76803,0.08
76816,0.084
76819,0.03
76829,0.026
76831,0.052
76833,0.038
76835,0.092
76837,0.106
76849,0.04
76851,0.04
76852,0.006
76860,0.06
76867,0.056
76873,0.046
76877,0.024
76882,0.016
76884,0.038
76887,0.084
76893,0.068
76904,0.032
76919,0.006
76922,0.042
76925,0.076
76927,0.114
76936,0.046
76941,0.012
76945,0.056
76951,0.09
76954,0.074
76958,0.058
76962,0.032
76964,0.158
76968,0.048
76974,0.042
76977,0.204
76985,0.144
76986,0.182
76987,0.12
76989,0.014
76991,0.118
76993,0.1
76995,0.148
76996,0.016
76997,0.05
76998,0.108
77003,0.042
77017,0.052
77018,0.04
77023,0.06
77039,0.072
77044,0.012
77047,0.072
77055,0.096
77064,0.072
77068,0.028
77069,0.084
77071,0.022
77080,0.016
77083,0.054
77085,0.076
77086,0.006
77087,0.046
77091,0.086
77104,0.034
77108,0.036
77115,0.066
77120,0.004
77124,0.034
77127,0.006
77141,0.042
77154,0.182
77162,0.064
77163,0.072
77175,0.024
77176,0.046
77181,0.032
77183,0.042
77184,0.062
77190,0.014
77191,0.028
77199,0.086
77202,0.046
77203,0.058
77208,0.018
77214,0.038
77217,0.07
77223,0.024
77224,0.02
77225,0.076
77228,0.09
77232,0.02
77237,0.02
77242,0.042
77252,0.02
77253,0.118
77257,0.036
77264,0.076
77266,0.076
77270,0.064
77279,0.084
77290,0.088
77295,0.066
77296,0.064
77301,0.048
77302,0.036
77313,0.01
77315,0.036
77319,0.076
77327,0.036
77333,0.012
77338,0.028
77340,0.11
77342,0.042
77351,0.094
77356,0.076
77357,0.044
77362,0.09
77367,0.176
77371,0.01
77377,0.082
77385,0.12
77418,0.01
77423,0.04
77428,0.082
77442,0.04
77448,0.136
77453,0.056
77458,0.176
77460,0.186
77481,0.102
77485,0.028
77490,0.016
77497,0.176
77503,0.012
77507,0.176
77508,0.116
77512,0.018
77515,0.072
77519,0.062
77521,0.11
77523,0.018
77529,0.02
77543,0.088
77553,0.028
77555,0.046
77560,0.074
77566,0.138
77570,0.04
77576,0.032
77579,0.126
77580,0.04
77588,0.004
77592,0.09
77601,0.04
77602,0.14
77607,0.052
77608,0.056
77610,0.128
77611,0.084
77612,0.044
77614,0.056
77616,0.01
77617,0.104
77618,0.074
77619,0.034
77620,0.018
77623,0.026
77625,0.008
77645,0.226
77646,0.206
77647,0.18
77663,0.202
77666,0.104
77667,0.164
77674,0.12
77677,0.064
77686,0.07
77687,0.056
77689,0.134
77697,0.044
77700,0.026
77703,0.01
77705,0.11
77706,0.058
77707,0.04
77710,0.028
77712,0.14
77713,0.168
77714,0.108
77715,0.032
77727,0.056
77733,0.17
77732,0.106
77734,0.128
77737,0.102
77738,0.126
77744,0.062
77749,0.09
77750,0.064
77755,0.112
77760,0.058
77762,0.092
77773,0.106
77780,0.05
77794,0.01
77795,0.066
77801,0.034
77804,0.034
77807,0.086
77814,0.052
77815,0.028
77835,0.036
77837,0.064
77851,0.038
77853,0.044
77859,0.08
77860,0.03
77865,0.068
77868,0.058
77875,0.134
77876,0.074
77882,0.038
77888,0.088
77892,0.092
77900,0.108
77904,0.106
77905,0.17
77910,0.152
77911,0.198
77913,0.158
77931,0.044
77935,0.09
77936,0.034
77940,0.012
77953,0.116
77959,0.032
77963,0.064
77965,0.03
77971,0.056
77976,0.018
77977,0.014
77978,0.118
77979,0.054
77981,0.02
77984,0.068
77989,0.168
77992,0.106
77994,0.092
78000,0.04
78002,0.024
78003,0.052
78005,0.092
78008,0.126
78010,0.09
78016,0.066
78031,0.058
78035,0.052
78037,0.01
78040,0.02
78044,0.136
78046,0.11
78053,0.026
78058,0.044
78068,0.034
78069,0.062
78070,0.072
78072,0.016
78078,0.026
78080,0.008
78082,0.002
78094,0.024
78100,0.058
78102,0.048
78107,0.002
78108,0.044
78112,0.044
78113,0.018
78114,0.006
78117,0.02
78118,0.078
78122,0.066
78125,0.058
78128,0.084
78130,0.272
78133,0.054
78140,0.054
78141,0.036
78145,0.074
78157,0.13
78158,0.188
78161,0.132
78164,0.074
78168,0.082
78174,0.11
78180,0.086
78182,0.13
78185,0.124
78184,0.118
78186,0.064
78187,0.204
78188,0.174
78191,0.036
78201,0.062
78202,0.074
78207,0.18
78211,0.14
78213,0.16
78215,0.148
78223,0.154
78224,0.166
78225,0.18
78231,0.022
78242,0.064
78243,0.01
78245,0.056
78254,0.078
78267,0.094
78268,0.034
78279,0.036
78289,0.038
78294,0.016
78295,0.206
78296,0.112
78298,0.044
78302,0.064
78317,0.11
78318,0.152
78321,0.148
78324,0.046
78326,0.058
78328,0.04
78329,0.068
78333,0.074
78334,0.052
78336,0.088
78342,0.03
78343,0.03
78344,0.092
78346,0.092
78348,0.076
78349,0.068
78354,0.048
78359,0.076
78366,0.042
78379,0.06
78384,0.12
78394,0.082
78396,0.142
78417,0.088
78420,0.078
78423,0.086
78426,0.084
78430,0.126
78465,0.088
78474,0.086
78476,0.08
78478,0.102
78482,0.068
78487,0.12
78490,0.124
78493,0.124
78497,0.166
78498,0.134
78502,0.02
78509,0.072
78510,0.07
78522,0.096
78524,0.17
78526,0.284
78530,0.098
78536,0.076
78538,0.048
78555,0.094
78556,0.012
78563,0.144
78564,0.052
78566,0.066
78569,0.078
78572,0.024
78578,0.062
78582,0.182
78587,0.132
78590,0.164
78595,0.188
78596,0.04
78609,0.052
78611,0.062
78615,0.026
78619,0.072
78618,0.0
78621,0.052
78623,0.116
78629,0.018
78628,0.018
78627,0.004
78636,0.012
78657,0.084
78661,0.004
78667,0.018
78668,0.146
78669,0.018
78676,0.032
78679,0.006
78686,0.042
78690,0.036
78691,0.082
78695,0.048
78699,0.034
78705,0.004
78707,0.112
78723,0.088
78734,0.04
78762,0.028
78773,0.044
78781,0.062
78782,0.094
78791,0.05
78803,0.044
78804,0.128
78812,0.038
78821,0.066
78822,0.038
78828,0.068
78833,0.082
78835,0.096
78836,0.018
78840,0.046
78841,0.212
78875,0.04
78880,0.106
78893,0.078
78896,0.068
78898,0.094
78899,0.07
78903,0.206
78915,0.128
78917,0.148
78918,0.164
78919,0.08
78922,0.148
78924,0.218
78934,0.174
78944,0.188
78951,0.138
78956,0.094
78971,0.226
78973,0.144
78975,0.152
78984,0.074
78988,0.086
78990,0.096
78996,0.172
79007,0.044
79014,0.172
79016,0.102
79019,0.07
79022,0.018
79024,0.022
79028,0.108
79033,0.052
79035,0.178
79039,0.06
79045,0.042
79067,0.068
79075,0.062
79080,0.042
79081,0.066
79083,0.06
79086,0.02
79092,0.058
79098,0.03
79102,0.02
79107,0.082
79110,0.052
79126,0.106
79129,0.046
79133,0.012
79141,0.028
79142,0.06
79146,0.074
79150,0.094
79152,0.068
79153,0.058
79154,0.104
79157,0.08
79159,0.19
79166,0.078
79168,0.034
79175,0.162
79176,0.072
79187,0.096
79195,0.034
79197,0.05
79200,0.162
79204,0.086
79207,0.06
79212,0.058
79216,0.012
79218,0.052
79226,0.034
79238,0.05
79242,0.014
79246,0.08
79248,0.028
79249,0.046
79254,0.052
79257,0.056
79258,0.02
79261,0.058
79262,0.144
79275,0.044
79279,0.052
79284,0.062
79290,0.034
79295,0.044
79296,0.048
79299,0.048
79306,0.06
79310,0.05
79315,0.058
79318,0.036
79322,0.066
79332,0.032
79336,0.094
79353,0.038
79357,0.03
79356,0.072
79365,0.112
79374,0.07
79377,0.108
79376,0.07
79379,0.062
79381,0.152
79386,0.06
79388,0.112
79393,0.064
79411,0.024
79421,0.044
79428,0.042
79435,0.04
79453,0.034
79454,0.016
79462,0.032
79464,0.018
79465,0.04
79466,0.122
79467,0.062
79472,0.096
79476,0.052
79481,0.042
79489,0.052
79490,0.042
79491,0.068
79495,0.1
79501,0.064
79505,0.054
79515,0.032
79519,0.05
79520,0.034
79522,0.048
79529,0.06
79533,0.056
79538,0.182
79546,0.318
79563,0.098
79576,0.08
79596,0.052
79597,0.038
79619,0.06
79620,0.084
79621,0.022
79623,0.044
79631,0.044
79632,0.042
79644,0.048
79645,0.11
79648,0.04
79649,0.07
79657,0.052
79659,0.076
79660,0.04
79664,0.026
79670,0.08
79671,0.02
79679,0.094
79681,0.044
79687,0.064
79688,0.166
79694,0.046
79698,0.018
79706,0.026
79711,0.032
79720,0.032
79730,0.106
79734,0.026
79737,0.03
79739,0.046
79742,0.076
79745,0.072
79748,0.158
79749,0.08
79762,0.026
79764,0.022
79766,0.05
79767,0.104
79768,0.052
79775,0.042
79784,0.138
79787,0.208
79793,0.168
79794,0.06
79797,0.172
79800,0.04
79808,0.058
79814,0.064
79820,0.018
79823,0.02
79829,0.016
79831,0.062
79834,0.072
79837,0.094
79840,0.034
79842,0.022
79843,0.06
79849,0.046
79850,0.076
79871,0.142
79889,0.072
79898,0.036
79899,0.276
79903,0.07
79908,0.054
79910,0.072
79912,0.08
79920,0.038
79926,0.062
79929,0.112
79939,0.064
79940,0.146
79943,0.052
79946,0.042
79958,0.212
79966,0.04
79982,0.02
79983,0.032
79984,0.042
79987,0.056
79995,0.058
80005,0.048
80018,0.052
80023,0.038
80026,0.124
80035,0.116
80038,0.18
80045,0.044
80048,0.142
80049,0.054
80054,0.104
80059,0.074
80061,0.054
80063,0.104
80066,0.142
80074,0.05
80075,0.064
80082,0.062
80088,0.174
80096,0.046
80113,0.052
80125,0.032
80128,0.122
80133,0.074
80134,0.014
80138,0.062
80147,0.034
80150,0.046
80153,0.042
80158,0.034
80159,0.042
80161,0.046
80162,0.108
80166,0.046
80171,0.016
80172,0.04
80175,0.028
80184,0.038
80192,0.114
80194,0.168
80197,0.064
80198,0.012
80203,0.028
80216,0.168
80219,0.198
80227,0.254
80229,0.166
80230,0.154
80232,0.116
80235,0.104
80236,0.12
80239,0.192
80245,0.212
80246,0.118
80250,0.212
80253,0.168
80262,0.038
80268,0.03
80273,0.246
80276,0.196
80280,0.106
80284,0.074
80285,0.044
80289,0.054
80294,0.128
80310,0.042
80311,0.018
80314,0.038
80321,0.084
80327,0.06
80329,0.082
80342,0.042
80365,0.036
80369,0.086
80371,0.038
80379,0.134
80381,0.082
80388,0.038
80387,0.15
80391,0.046
80415,0.142
80414,0.038
80420,0.068
80430,0.032
80428,0.084
80435,0.188
80438,0.042
80446,0.044
80447,0.068
80452,0.098
80457,0.01
80466,0.044
80471,0.142
80476,0.052
80478,0.04
80485,0.144
80486,0.064
80489,0.062
80501,0.09
80505,0.208
80506,0.058
80508,0.056
80516,0.038
80524,0.064
80541,0.078
80543,0.012
80547,0.024
80549,0.024
80551,0.01
80552,0.036
80553,0.07
80561,0.1
80571,0.078
80572,0.066
80583,0.048
80594,0.182
80599,0.03
80608,0.028
80609,0.02
80624,0.142
80628,0.08
80630,0.098
80631,0.032
80632,0.05
80639,0.088
80641,0.084
80644,0.026
80649,0.064
80658,0.026
80659,0.046
80665,0.054
80669,0.032
80667,0.062
80673,0.18
80675,0.01
80689,0.038
80693,0.05
80696,0.138
80699,0.044
80700,0.206
80711,0.036
80722,0.114
80725,0.066
80726,0.058
80731,0.084
80739,0.1
80757,0.018
80762,0.03
80763,0.018
80765,0.058
80771,0.02
80782,0.08
80784,0.054
80781,0.066
80779,0.05
80795,0.036
80800,0.062
80816,0.074
80820,0.062
80822,0.136
80828,0.02
80831,0.062
80835,0.038
80844,0.026
80849,0.026
80862,0.026
80873,0.026
80889,0.06
80893,0.038
80896,0.05
80901,0.05
80902,0.072
80906,0.024
80910,0.052
80928,0.03
80937,0.044
80939,0.02
80943,0.064
80958,0.02
80963,0.074
80971,0.042
80970,0.102
80973,0.03
80974,0.016
80980,0.114
80987,0.072
80988,0.136
80990,0.068
80995,0.196
80997,0.046
81001,0.056
81009,0.104
81014,0.06
81016,0.022
81023,0.084
81027,0.096
81033,0.036
81035,0.022
81041,0.018
81045,0.04
81048,0.026
81050,0.01
81051,0.044
81057,0.066
81060,0.062
81058,0.096
81067,0.122
81065,0.102
81069,0.132
81072,0.046
81074,0.116
81080,0.062
81082,0.046
81084,0.066
81085,0.028
81087,0.018
81088,0.026
81093,0.03
81096,0.024
81099,0.042
81106,0.034
81107,0.028
81118,0.044
81122,0.102
81125,0.036
81127,0.05
81129,0.05
81130,0.024
81135,0.012
81141,0.098
81143,0.046
81147,0.032
81156,0.1
81162,0.018
81165,0.11
81169,0.012
81175,0.034
81181,0.062
81186,0.04
81188,0.036
81204,0.086
81207,0.18
81212,0.066
81219,0.068
81220,0.064
81221,0.044
81222,0.016
81232,0.096
81235,0.022
81240,0.034
81243,0.054
81250,0.046
81255,0.1
81254,0.08
81256,0.036
81262,0.068
81271,0.148
81280,0.01
81292,0.088
81293,0.048
81299,0.146
81303,0.2
81309,0.132
81323,0.046
81334,0.1
81338,0.042
81340,0.052
81341,0.028
81348,0.036
81352,0.026
81355,0.052
81356,0.022
81357,0.044
81374,0.04
81376,0.088
81386,0.154
81390,0.106
81392,0.106
81393,0.19
81409,0.044
81411,0.042
81412,0.032
81419,0.032
81437,0.05
81456,0.182
81505,0.042
81481,0.102
81459,0.09
81483,0.078
81447,0.01
81512,0.068
81433,0.036
81439,0.026
81518,0.03
81445,0.036
81524,0.082
81507,0.034
81448,0.05
81440,0.15
81462,0.02
81539,0.07
81559,0.058
81563,0.076
81574,0.02
81575,0.032
81577,0.16
81592,0.046
81595,0.016
81597,0.052
81599,0.028
81601,0.04
81605,0.06
81606,0.042
81612,0.056
81613,0.028
81620,0.03
81621,0.024
81622,0.042
81625,0.07
81626,0.02
81641,0.026
81646,0.018
81661,0.018
81662,0.132
81667,0.046
81675,0.018
81676,0.058
81689,0.058
81692,0.034
81694,0.032
81703,0.02
81707,0.104
81712,0.028
81726,0.038
81729,0.022
81730,0.024
81732,0.05
81733,0.046
81735,0.054
81737,0.034
81740,0.016
81743,0.09
81746,0.058
81752,0.044
81772,0.056
81768,0.022
81776,0.068
81783,0.044
81785,0.156
81788,0.062
81794,0.05
81796,0.078
81806,0.114
81813,0.028
81815,0.06
81817,0.022
81818,0.048
81825,0.078
81834,0.05
81852,0.05
81856,0.068
81857,0.03
81858,0.034
81866,0.024
81868,0.048
81874,0.112
81876,0.092
81878,0.11
81882,0.028
81884,0.07
81886,0.032
81890,0.032
81891,0.1
81895,0.034
81898,0.11
81910,0.06
81912,0.064
81913,0.058
81916,0.03
81935,0.024
81937,0.03
81943,0.032
81955,0.08
81956,0.098
81984,0.034
81987,0.034
81995,0.018
82000,0.086
82001,0.04
82002,0.042
82020,0.042
82022,0.104
82023,0.028
82033,0.078
82036,0.068
82039,0.1
82049,0.058
82054,0.08
82056,0.022
82070,0.062
82075,0.028
82079,0.05
82081,0.014
82083,0.062
82089,0.038
82095,0.03
82111,0.02
82112,0.014
82114,0.032
82115,0.038
82120,0.014
82126,0.01
82127,0.014
82133,0.17
82137,0.03
82139,0.016
82140,0.06
82141,0.024
82150,0.126
82155,0.022
82161,0.11
82162,0.034
82164,0.054
82169,0.024
82172,0.042
82174,0.096
82178,0.018
82179,0.042
82184,0.052
82194,0.042
82196,0.036
82213,0.028
82227,0.148
82231,0.136
82239,0.068
82240,0.274
82260,0.046
82270,0.028
82274,0.01
82293,0.062
82294,0.13
82297,0.05
82303,0.038
82304,0.102
82309,0.142
82316,0.008
82318,0.014
82324,0.056
82326,0.092
82327,0.028
82331,0.034
82334,0.09
82335,0.024
82336,0.112
82342,0.026
82344,0.074
82348,0.042
82349,0.108
82350,0.026
82351,0.136
82352,0.066
82355,0.094
82360,0.006
82361,0.046
82363,0.01
82374,0.032
82386,0.012
82389,0.016
82397,0.038
82398,0.02
82404,0.014
82406,0.016
82410,0.03
82419,0.008
82426,0.02
82434,0.024
82442,0.082
82443,0.054
82445,0.05
82450,0.102
82462,0.096
82463,0.042
82466,0.042
82478,0.024
82485,0.07
82496,0.018
82501,0.048
82504,0.008
82503,0.006
82497,0.156
82514,0.016
82519,0.038
82525,0.028
82527,0.004
82529,0.042
82538,0.042
82542,0.076
82554,0.044
82555,0.062
82556,0.024
82557,0.038
82564,0.012
82569,0.034
82571,0.04
82575,0.03
82576,0.016
82580,0.048
82589,0.088
82598,0.026
82600,0.046
82606,0.042
82611,0.042
82613,0.004
82618,0.058
82622,0.028
82639,0.054
82649,0.008
82653,0.024
82657,0.05
82661,0.032
82674,0.028
82681,0.072
82683,0.028
82700,0.12
82705,0.06
82706,0.036
82708,0.052
82709,0.052
82715,0.028
82718,0.02
82722,0.04
82732,0.04
82734,0.026
82737,0.034
82745,0.11
82761,0.022
82770,0.118
82772,0.042
82779,0.022
82784,0.096
82787,0.046
82791,0.028
82792,0.082
82793,0.036
82795,0.018
82801,0.03
82809,0.058
82814,0.022
82816,0.014
82825,0.02
82829,0.028
82832,0.03
82833,0.022
82835,0.038
82841,0.014
82846,0.034
82852,0.03
82864,0.028
82867,0.05
82870,0.046
82873,0.244
82875,0.108
82877,0.058
82882,0.042
82885,0.118
82887,0.042
82890,0.076
82924,0.026
82925,0.018
82932,0.052
82934,0.05
82942,0.028
82944,0.046
82946,0.054
82953,0.08
82955,0.096
82956,0.116
82970,0.052
82972,0.006
82973,0.05
82981,0.098
82982,0.066
82985,0.132
82998,0.006
83000,0.056
83001,0.016
83009,0.016
83019,0.034
83041,0.058
83044,0.026
83058,0.014
83067,0.034
83069,0.028
83071,0.088
83082,0.134
83087,0.014
83088,0.098
83098,0.052
83103,0.04
83107,0.05
83110,0.18
83112,0.038
83120,0.158
83123,0.048
83124,0.022
83128,0.022
83131,0.04
83132,0.06
83146,0.042
83148,0.04
83154,0.1
83159,0.012
83162,0.058
83164,0.028
83166,0.078
83172,0.072
83174,0.054
83177,0.162
83194,0.078
83206,0.032
83208,0.036
83209,0.074
83210,0.02
83219,0.078
83220,0.02
83229,0.006
83233,0.04
83246,0.008
83253,0.046
83258,0.052
83260,0.04
83274,0.03
83282,0.054
83287,0.058
83290,0.034
83297,0.044
83298,0.024
83302,0.02
83305,0.072
83315,0.04
83323,0.134
83325,0.018
83327,0.054
83334,0.096
83336,0.044
83337,0.136
83338,0.038
83344,0.056
83349,0.07
83355,0.018
83365,0.022
83366,0.036
83384,0.066
83387,0.032
83391,0.048
83404,0.118
83406,0.052
83407,0.046
83413,0.036
83416,0.046
83422,0.03
83423,0.018
83430,0.026
83431,0.014
83435,0.028
83436,0.024
83442,0.198
83443,0.046
83444,0.03
83446,0.028
83455,0.1
83458,0.03
83461,0.038
83473,0.048
83487,0.024
83501,0.032
83511,0.036
83513,0.05
83512,0.028
83514,0.034
83517,0.028
83520,0.044
83522,0.074
83533,0.022
83535,0.032
83544,0.036
83548,0.044
83550,0.004
83560,0.032
83563,0.036
83565,0.034
83566,0.016
83574,0.176
83581,0.052
83579,0.066
83586,0.082
83571,0.058
83588,0.152
83592,0.03
83595,0.044
83596,0.052
83598,0.062
83623,0.09
83626,0.056
83627,0.03
83628,0.05
83629,0.024
83632,0.064
83633,0.086
83641,0.064
83644,0.016
83645,0.054
83650,0.034
83649,0.076
83654,0.046
83675,0.07
83677,0.084
83683,0.046
83688,0.06
83693,0.034
83697,0.018
83699,0.066
83701,0.106
83703,0.038
83711,0.064
83715,0.046
83732,0.134
83745,0.048
83750,0.028
83751,0.022
83760,0.022
83761,0.03
83765,0.008
83769,0.082
83771,0.112
83787,0.046
83797,0.064
83799,0.202
83811,0.06
83814,0.082
83824,0.062
83844,0.124
83855,0.06
83864,0.038
83868,0.032
83870,0.026
83875,0.044
83878,0.038
83882,0.032
83894,0.08
83898,0.06
83902,0.014
83922,0.042
83926,0.042
83928,0.046
83930,0.052
83949,0.038
83954,0.042
83963,0.064
83973,0.036
83970,0.048
83980,0.026
83982,0.06
83983,0.028
83984,0.018
83992,0.064
83994,0.068
83997,0.064
83998,0.058
83999,0.052
84000,0.058
84004,0.028
84011,0.048
84013,0.048
84018,0.054
84021,0.044
84034,0.016
84035,0.038
84041,0.06
84043,0.068
84058,0.012
84059,0.066
84061,0.022
84068,0.046
84069,0.046
84071,0.04
84081,0.008
84083,0.024
84084,0.086
84085,0.03
84094,0.038
84098,0.046
84102,0.02
84103,0.02
84104,0.034
84105,0.026
84107,0.036
84111,0.044
84116,0.034
84120,0.112
84125,0.072
84128,0.032
84132,0.028
84134,0.018
84136,0.086
84139,0.014
84141,0.02
84143,0.046
84148,0.018
84150,0.144
84157,0.04
84174,0.018
84175,0.034
84178,0.08
84180,0.026
84193,0.134
84199,0.014
84204,0.05
84206,0.036
84208,0.026
84209,0.028
84211,0.042
84221,0.118
84233,0.044
84234,0.06
84242,0.026
84246,0.036
84247,0.028
84249,0.018
84262,0.08
84267,0.042
84272,0.016
84277,0.052
84279,0.032
84292,0.032
84302,0.062
84328,0.074
84336,0.094
84330,0.058
84310,0.062
84303,0.082
84301,0.03
84316,0.05
84337,0.036
84344,0.082
84318,0.066
84308,0.034
84323,0.046
84322,0.066
84319,0.064
84352,0.014
84358,0.048
84359,0.036
84361,0.052
84362,0.18
84369,0.03
84373,0.032
84374,0.06
84384,0.034
84387,0.026
84388,0.024
84390,0.02
84398,0.016
84408,0.18
84417,0.028
84420,0.018
84421,0.14
84425,0.086
84426,0.104
84427,0.098
84431,0.066
84456,0.018
84464,0.072
84468,0.092
84471,0.082
84469,0.094
84472,0.018
84478,0.044
84487,0.072
84489,0.054
84493,0.042
84503,0.05
84515,0.002
84526,0.042
84534,0.052
84538,0.012
84546,0.02
84557,0.056
84568,0.03
84556,0.034
84567,0.066
84571,0.14
84578,0.062
84570,0.08
84550,0.086
84584,0.032
84588,0.034
84589,0.044
84598,0.054
84603,0.066
84607,0.112
84609,0.052
84614,0.012
84622,0.068
84648,0.106
84653,0.06
84655,0.044
84657,0.022
84660,0.006
84664,0.036
84666,0.06
84667,0.032
84676,0.026
84684,0.082
84690,0.084
84698,0.002
84699,0.02
84704,0.044
84716,0.024
84717,0.034
84719,0.024
84722,0.028
84725,0.098
84731,0.046
84732,0.02
84736,0.056
84742,0.088
84747,0.038
84752,0.056
84757,0.016
84759,0.024
84761,0.162
84767,0.016
84771,0.094
84772,0.01
84785,0.044
84796,0.06
84797,0.034
84798,0.106
84802,0.114
84808,0.106
84809,0.028
84813,0.042
84818,0.048
84820,0.038
84822,0.03
84824,0.066
84828,0.036
84833,0.056
84834,0.108
84838,0.046
84847,0.022
84854,0.024
84859,0.056
84860,0.116
84861,0.07
84864,0.12
84870,0.088
84872,0.086
84881,0.072
84882,0.028
84891,0.058
84892,0.048
84893,0.028
84894,0.03
84900,0.122
84905,0.022
84907,0.03
84923,0.03
84926,0.1
84927,0.034
84929,0.04
84935,0.024
84939,0.028
84949,0.056
84966,0.028
84971,0.034
84972,0.086
84976,0.004
84982,0.036
84987,0.056
84989,0.03
84993,0.084
85009,0.14
85021,0.06
85033,0.024
85039,0.068
85047,0.06
85066,0.062
85081,0.026
85094,0.032
85097,0.056
85101,0.042
85102,0.02
85115,0.07
85117,0.134
85120,0.062
85121,0.028
85123,0.032
85137,0.114
85144,0.062
85149,0.064
85156,0.06
85171,0.014
85178,0.058
85186,0.024
85191,0.02
85199,0.04
85203,0.018
85210,0.034
85217,0.026
85218,0.024
85225,0.056
85228,0.028
85255,0.02
85259,0.03
85276,0.018
85282,0.092
85289,0.05
85299,0.038
85308,0.06
85312,0.05
85315,0.05
85332,0.036
85336,0.098
85340,0.044
85344,0.066
85348,0.004
85349,0.184
85351,0.03
85369,0.084
85374,0.02
85396,0.07
85397,0.006
85399,0.13
85402,0.058
85411,0.1
85420,0.074
85426,0.136
85430,0.082
85434,0.078
85435,0.08
85440,0.092
85443,0.142
85448,0.392
85451,0.072
85452,0.254
85456,0.044
85461,0.032
85464,0.056
85468,0.048
85472,0.098
85473,0.102
85477,0.074
85481,0.054
85485,0.092
85487,0.056
85493,0.07
85494,0.238
85496,0.298
85501,0.122
85506,0.16
85508,0.24
85513,0.192
85514,0.068
85516,0.014
85517,0.06
85526,0.058
85532,0.036
85541,0.022
85549,0.092
85547,0.096
85557,0.08
85564,0.044
85581,0.082
85588,0.082
85590,0.08
85595,0.034
85597,0.042
85600,0.048
85603,0.15
85620,0.108
85633,0.05
85637,0.046
85641,0.026
85647,0.028
85658,0.174
85663,0.046
85667,0.04
85668,0.05
85672,0.092
85673,0.122
85675,0.082
85683,0.224
85684,0.004
85688,0.018
85689,0.058
85693,0.014
85697,0.04
85698,0.056
85705,0.05
85707,0.03
85720,0.02
85727,0.122
85736,0.03
85742,0.194
85743,0.072
85744,0.016
85745,0.04
85748,0.014
85752,0.072
85758,0.014
85761,0.022
85766,0.014
85768,0.034
85776,0.02
85793,0.058
85805,0.052
85812,0.05
85819,0.036
85824,0.058
85825,0.036
85829,0.016
85832,0.024
85842,0.08
85851,0.052
85852,0.082
85853,0.07
85856,0.028
85857,0.054
85878,0.072
85869,0.124
85893,0.124
85865,0.02
85879,0.126
85868,0.03
85891,0.102
85894,0.06
85898,0.044
85901,0.12
85902,0.076
85907,0.066
85910,0.026
85912,0.084
85915,0.082
85937,0.124
85943,0.04
85945,0.044
85947,0.106
85952,0.086
85958,0.068
85959,0.112
85961,0.06
85970,0.012
85980,0.018
85983,0.016
85987,0.032
85990,0.042
85992,0.022
85993,0.03
85994,0.042
86007,0.048
86011,0.046
86012,0.048
86016,0.02
86025,0.02
86024,0.044
86032,0.022
86033,0.032
86036,0.06
86046,0.02
86057,0.048
86047,0.04
86040,0.056
86062,0.222
86066,0.06
86073,0.064
86075,0.074
86078,0.03
86081,0.098
86083,0.054
86088,0.038
86089,0.03
86092,0.092
86095,0.014
86097,0.156
86103,0.06
86118,0.032
86119,0.102
86134,0.166
86149,0.06
86159,0.046
86162,0.074
86168,0.2
86169,0.068
86187,0.078
86189,0.1
86190,0.1
86193,0.046
86194,0.08
86196,0.026
86201,0.04
86203,0.036
86209,0.022
86218,0.058
86221,0.028
86223,0.026
86225,0.006
86231,0.09
86232,0.074
86233,0.088
86235,0.046
86249,0.032
86254,0.06
86256,0.046
86278,0.048
86292,0.048
86298,0.104
86293,0.03
86295,0.07
86294,0.052
86302,0.054
86313,0.064
86331,0.15
86338,0.016
86342,0.076
86346,0.028
86347,0.048
86349,0.044
86351,0.02
86357,0.004
86358,0.002
86360,0.018
86361,0.056
86363,0.032
86368,0.028
86375,0.108
86377,0.064
86380,0.062
86386,0.052
86387,0.028
86392,0.062
86396,0.012
86401,0.068
86407,0.044
86409,0.018
86418,0.02
86419,0.158
86427,0.042
86435,0.04
86439,0.024
86441,0.13
86443,0.012
86444,0.016
86446,0.014
86447,0.05
86450,0.03
86454,0.028
86456,0.054
86459,0.016
86461,0.006
86462,0.15
86468,0.05
86473,0.028
86474,0.03
86477,0.03
86490,0.018
86492,0.04
86495,0.022
86497,0.072
86500,0.04
86503,0.068
86510,0.038
86519,0.078
86520,0.102
86526,0.008
86532,0.12
86539,0.024
86542,0.024
86552,0.056
86556,0.064
86561,0.03
86568,0.04
86569,0.064
86573,0.062
86576,0.048
86579,0.02
86580,0.042
86583,0.028
86585,0.05
86590,0.014
86591,0.012
86593,0.1
86595,0.126
86603,0.042
86611,0.012
86617,0.106
86618,0.042
86636,0.028
86640,0.058
86645,0.02
86659,0.026
86661,0.026
86663,0.05
86664,0.042
86672,0.016
86674,0.058
86676,0.064
86678,0.03
86699,0.016
86700,0.052
86701,0.026
86703,0.106
86705,0.026
86722,0.034
86727,0.076
86734,0.014
86740,0.084
86748,0.082
86750,0.042
86752,0.086
86754,0.056
86757,0.022
86759,0.018
86760,0.038
86782,0.04
86794,0.038
86804,0.046
86814,0.032
86819,0.042
86822,0.022
86824,0.03
86827,0.062
86829,0.116
86830,0.042
86836,0.052
86838,0.078
86844,0.042
86845,0.062
86846,0.068
86849,0.038
86851,0.05
86853,0.092
86859,0.03
86862,0.018
86870,0.07
86872,0.034
86875,0.038
86877,0.018
86878,0.042
86880,0.0
86882,0.026
86883,0.058
86884,0.018
86891,0.01
86892,0.016
86897,0.07
86900,0.046
86901,0.042
86903,0.026
86910,0.078
86915,0.05
86917,0.016
86921,0.036
86934,0.014
86943,0.066
86947,0.08
86948,0.022
86950,0.086
86951,0.176
86953,0.032
86968,0.02
86970,0.034
86983,0.018
86987,0.056
86992,0.082
86996,0.036
87009,0.036
87024,0.028
87026,0.098
87028,0.138
87029,0.04
87033,0.038
87038,0.056
87040,0.042
87044,0.088
87050,0.044
87052,0.06
87061,0.09
87069,0.024
87072,0.086
87075,0.122
87078,0.036
87099,0.006
87103,0.084
87105,0.076
87107,0.058
87112,0.09
87118,0.094
87121,0.056
87124,0.022
87127,0.016
87141,0.036
87146,0.052
87158,0.03
87160,0.034
87162,0.032
87169,0.054
87171,0.03
87175,0.02
87173,0.06
87187,0.012
87194,0.006
87205,0.04
87210,0.104
87211,0.054
87213,0.02
87214,0.056
87218,0.048
87220,0.012
87222,0.05
87227,0.052
87234,0.072
87242,0.094
87250,0.052
87258,0.11
87265,0.08
87271,0.054
87272,0.122
87280,0.01
87305,0.13
87311,0.058
87315,0.04
87319,0.018
87329,0.016
87331,0.05
87337,0.012
87338,0.048
87360,0.118
87362,0.06
87364,0.032
87372,0.062
87388,0.026
87391,0.018
87398,0.04
87399,0.02
87403,0.068
87408,0.014
87416,0.07
87420,0.068
87423,0.056
87427,0.092
87428,0.058
87429,0.05
87432,0.118
87435,0.022
87442,0.102
87449,0.084
87451,0.048
87453,0.164
87454,0.062
87457,0.044
87459,0.044
87463,0.018
87466,0.036
87476,0.1
87485,0.05
87486,0.032
87488,0.022
87490,0.028
87493,0.04
87499,0.024
87511,0.032
87512,0.022
87513,0.042
87516,0.038
87522,0.118
87525,0.076
87545,0.058
87549,0.06
87552,0.03
87557,0.026
87558,0.026
87563,0.058
87567,0.062
87569,0.016
87571,0.024
87575,0.008
87584,0.04
87587,0.018
87593,0.016
87597,0.03
87598,0.018
87600,0.02
87609,0.028
87621,0.102
87623,0.052
87627,0.06
87640,0.024
87660,0.026
87675,0.074
87680,0.096
87682,0.014
87683,0.076
87699,0.08
87702,0.056
87705,0.028
87706,0.028
87715,0.062
87721,0.02
87722,0.108
87727,0.022
87731,0.05
87744,0.056
87749,0.004
87748,0.078
87750,0.07
87755,0.03
87756,0.022
87759,0.064
87762,0.042
87765,0.07
87770,0.042
87773,0.03
87780,0.016
87782,0.082
87788,0.048
87789,0.036
87790,0.048
87797,0.084
87800,0.022
87801,0.006
87814,0.05
87826,0.088
87841,0.046
87843,0.018
87847,0.058
87853,0.038
87859,0.082
87864,0.062
87875,0.166
87878,0.052
87884,0.072
87894,0.086
87895,0.016
87903,0.148
87908,0.06
87912,0.018
87916,0.064
87917,0.07
87920,0.032
87924,0.066
87925,0.074
87926,0.044
87929,0.112
87940,0.032
87942,0.066
87944,0.094
87952,0.072
87956,0.02
87961,0.026
87972,0.08
87974,0.064
87977,0.034
87978,0.032
87981,0.032
87994,0.098
88005,0.076
88010,0.08
88013,0.086
88018,0.028
88024,0.082
88027,0.01
88031,0.086
88032,0.044
88033,0.04
88037,0.026
88039,0.15
88046,0.108
88048,0.048
88049,0.13
88051,0.012
88052,0.014
88056,0.014
88057,0.062
88060,0.02
88063,0.018
88076,0.054
88078,0.076
88092,0.052
88101,0.044
88104,0.014
88109,0.022
88118,0.04
88120,0.018
88122,0.056
88129,0.022
88136,0.018
88135,0.026
88141,0.028
88152,0.038
88157,0.05
88163,0.062
88166,0.026
88182,0.046
88197,0.042
88199,0.044
88200,0.116
88204,0.028
88210,0.03
88223,0.046
88234,0.046
88240,0.024
88245,0.048
88247,0.044
88249,0.032
88252,0.03
88262,0.01
88264,0.02
88265,0.022
88267,0.02
88277,0.032
88282,0.072
88284,0.026
88290,0.046
88304,0.006
88311,0.024
88329,0.032
88349,0.11
88355,0.182
88357,0.012
88363,0.018
88364,0.034
88366,0.026
88373,0.044
88376,0.116
88388,0.032
88392,0.048
88412,0.064
88414,0.072
88416,0.032
88426,0.02
88431,0.048
88437,0.008
88445,0.028
88454,0.084
88461,0.066
88470,0.096
88471,0.022
88474,0.04
88486,0.138
88505,0.138
88508,0.088
88517,0.122
88522,0.1
88523,0.11
88524,0.08
88531,0.018
88539,0.05
88553,0.058
88556,0.008
88561,0.03
88562,0.024
88565,0.05
88566,0.122
88567,0.078
88571,0.072
88572,0.042
88580,0.084
88583,0.034
88589,0.058
88603,0.038
88604,0.082
88608,0.028
88615,0.058
88622,0.042
88624,0.054
88641,0.094
88643,0.03
88645,0.016
88650,0.036
88663,0.04
88665,0.118
88670,0.018
88671,0.008
88677,0.028
88680,0.058
88686,0.106
88692,0.054
88695,0.028
88698,0.026
88699,0.05
88700,0.104
88704,0.078
88708,0.022
88709,0.022
88722,0.034
88726,0.058
88732,0.062
88745,0.038
88750,0.036
88751,0.104
88758,0.102
88759,0.016
88763,0.122
88767,0.062
88770,0.088
88776,0.032
88777,0.026
88781,0.052
88782,0.008
88784,0.026
88786,0.016
88789,0.088
88790,0.09
88791,0.13
88807,0.082
88817,0.2
88818,0.216
88823,0.092
88830,0.082
88832,0.064
88838,0.044
88843,0.036
88847,0.046
88863,0.012
88873,0.06
88872,0.018
88880,0.086
88883,0.114
88889,0.14
88890,0.078
88891,0.098
88894,0.082
88897,0.064
88900,0.102
88903,0.286
88910,0.062
88924,0.002
88925,0.124
88926,0.276
88928,0.104
88930,0.08
88946,0.104
88951,0.038
88954,0.044
88955,0.13
88957,0.108
88963,0.094
88966,0.156
88973,0.036
88976,0.026
88977,0.128
88981,0.106
88983,0.088
88985,0.046
88988,0.048
88993,0.066
88996,0.014
88999,0.04
89013,0.074
89034,0.018
89029,0.23
89045,0.02
89047,0.082
89052,0.016
89063,0.042
89064,0.092
89066,0.042
89073,0.078
89087,0.012
89098,0.026
89100,0.05
89106,0.014
89109,0.022
89110,0.016
89112,0.016
89115,0.038
89121,0.042
89125,0.02
89130,0.028
89131,0.056
89137,0.1
89138,0.034
89141,0.034
89142,0.014
89143,0.026
89145,0.054
89152,0.076
89158,0.044
89162,0.022
89168,0.02
89179,0.034
89190,0.044
89200,0.016
89195,0.094
89201,0.036
89203,0.026
89204,0.026
89210,0.03
89222,0.164
89224,0.058
89232,0.1
89243,0.034
89251,0.112
89254,0.046
89259,0.064
89262,0.026
89269,0.02
89270,0.032
89274,0.094
89282,0.022
89286,0.11
89288,0.04
89290,0.038
89296,0.008
89297,0.01
89298,0.032
89299,0.022
89302,0.006
89304,0.014
89311,0.062
89317,0.034
89318,0.016
89327,0.01
89346,0.058
89350,0.008
89353,0.072
89355,0.026
89359,0.128
89362,0.158
89364,0.056
89376,0.122
89378,0.03
89394,0.206
89396,0.13
89398,0.058
89404,0.122
89405,0.09
89413,0.046
89416,0.046
89430,0.058
89434,0.068
89435,0.026
89446,0.176
89448,0.034
89452,0.028
89455,0.042
89458,0.05
89460,0.068
89468,0.034
89471,0.164
89480,0.01
89481,0.04
89497,0.096
89508,0.056
89510,0.05
89514,0.088
89516,0.046
89524,0.098
89526,0.018
89531,0.08
89532,0.062
89537,0.03
89538,0.122
89541,0.022
89545,0.09
89546,0.064
89547,0.104
89551,0.128
89560,0.072
89564,0.042
89565,0.032
89571,0.032
89574,0.082
89576,0.022
89583,0.044
89587,0.042
89588,0.108
89608,0.044
89612,0.094
89613,0.154
89617,0.024
89619,0.076
89622,0.102
89631,0.036
89636,0.05
89641,0.048
89644,0.026
89656,0.048
89672,0.016
89677,0.016
89687,0.02
89688,0.02
89693,0.052
89698,0.054
89701,0.044
89703,0.018
89704,0.016
89715,0.03
89723,0.202
89720,0.134
89744,0.046
89740,0.06
89747,0.034
89748,0.078
89752,0.07
89753,0.072
89756,0.03
89767,0.07
89766,0.072
89789,0.018
89783,0.018
89787,0.036
89782,0.028
89773,0.038
89788,0.14
89791,0.034
89812,0.034
89817,0.034
89816,0.084
89811,0.046
89823,0.03
89831,0.076
89847,0.096
89842,0.034
89868,0.04
89878,0.058
89882,0.034
89886,0.066
89904,0.088
89894,0.13
89907,0.032
89924,0.008
89933,0.024
89934,0.006
89916,0.05
89914,0.07
89941,0.092
89944,0.072
89949,0.04
89952,0.084
89959,0.1
89963,0.07
89966,0.06
89970,0.084
89973,0.098
89980,0.114
89981,0.076
89989,0.074
89996,0.02
90000,0.084
90003,0.14
90004,0.24
90016,0.104
90017,0.11
90018,0.102
90027,0.12
90029,0.034
90036,0.13
90043,0.11
90053,0.042
90054,0.064
90067,0.05
90077,0.052
90082,0.172
90090,0.02
90095,0.03
90096,0.02
90103,0.044
90104,0.056
90111,0.022
90113,0.046
90120,0.05
90124,0.044
90134,0.036
90136,0.066
90139,0.026
90147,0.028
90159,0.072
90161,0.11
90162,0.066
90165,0.046
90173,0.098
90179,0.114
90181,0.034
90182,0.042
90214,0.072
90217,0.076
90219,0.03
90232,0.008
90241,0.036
90242,0.054
90243,0.034
90244,0.064
90248,0.012
90252,0.06
90259,0.048
90262,0.014
90270,0.094
90272,0.032
90273,0.024
90275,0.032
90278,0.056
90284,0.012
90288,0.018
90289,0.034
90295,0.02
90299,0.026
90314,0.06
90319,0.126
90321,0.052
90322,0.036
90349,0.052
90366,0.068
90369,0.04
90372,0.056
90373,0.038
90376,0.032
90383,0.022
90389,0.014
90393,0.036
90403,0.022
90419,0.072
90422,0.032
90425,0.044
90427,0.022
90429,0.034
90433,0.116
90440,0.124
90445,0.088
90446,0.022
90450,0.03
90451,0.026
90456,0.03
90458,0.074
90462,0.01
90468,0.074
90469,0.138
90474,0.036
90475,0.02
90482,0.04
90487,0.046
90493,0.01
90501,0.052
90502,0.016
90504,0.048
90505,0.038
90513,0.086
90521,0.144
90534,0.188
90535,0.04
90548,0.026
90553,0.048
90556,0.038
90563,0.16
90569,0.05
90592,0.026
90594,0.096
90596,0.032
90598,0.008
90600,0.02
90602,0.086
90603,0.124
90605,0.074
90615,0.034
90634,0.022
90640,0.038
90643,0.184
90644,0.222
90645,0.282
90648,0.074
90659,0.044
90674,0.218
90675,0.262
90687,0.218
90696,0.02
90694,0.052
90699,0.016
90707,0.03
90716,0.022
90718,0.05
90722,0.05
90726,0.058
90727,0.036
90732,0.048
90729,0.082
90737,0.086
90738,0.034
90751,0.052
90754,0.034
90758,0.03
90761,0.048
90762,0.034
90767,0.016
90777,0.038
90784,0.066
90786,0.044
90787,0.034
90792,0.024
90799,0.052
90803,0.02
90808,0.09
90830,0.054
90837,0.012
90839,0.03
90849,0.02
90855,0.028
90862,0.054
90866,0.026
90869,0.01
90871,0.028
90875,0.072
90881,0.218
90885,0.062
90888,0.054
90893,0.03
90895,0.098
90897,0.018
90902,0.038
90916,0.018
90935,0.086
90945,0.048
90946,0.016
90950,0.044
90960,0.032
90968,0.052
90969,0.044
90973,0.032
90984,0.076
91000,0.016
91006,0.122
91009,0.088
91011,0.076
91018,0.028
91022,0.034
91026,0.166
91028,0.044
91029,0.032
91031,0.066
91033,0.04
91037,0.016
91043,0.02
91052,0.046
91060,0.032
91062,0.17
91064,0.082
91067,0.108
91069,0.092
91077,0.04
91087,0.034
91100,0.134
91112,0.036
91123,0.09
91135,0.032
91137,0.034
91141,0.048
91145,0.07
91147,0.062
91160,0.05
91164,0.076
91169,0.034
91171,0.092
91180,0.118
91194,0.062
91204,0.048
91205,0.168
91212,0.13
91215,0.16
91217,0.024
91219,0.034
91220,0.048
91222,0.054
91230,0.072
91225,0.062
91231,0.064
91235,0.064
91237,0.098
91245,0.058
91248,0.106
91256,0.092
91259,0.076
91260,0.072
91261,0.124
91271,0.048
91273,0.03
91275,0.048
91276,0.108
91278,0.06
91281,0.094
91283,0.16
91284,0.024
91290,0.076
91294,0.06
91297,0.082
91313,0.046
91317,0.118
91319,0.066
91324,0.024
91332,0.036
91333,0.052
91344,0.024
91346,0.118
91351,0.098
91356,0.022
91362,0.028
91365,0.028
91374,0.036
91376,0.198
91378,0.072
91383,0.022
91384,0.022
91389,0.094
91391,0.05
91402,0.06
91408,0.024
91409,0.026
91411,0.028
91413,0.028
91415,0.06
91420,0.026
91422,0.05
91423,0.144
91424,0.1
91429,0.08
91431,0.078
91436,0.038
91437,0.114
91441,0.032
91446,0.06
91465,0.064
91473,0.13
91487,0.162
91488,0.212
91498,0.08
91509,0.054
91524,0.194
91534,0.106
91536,0.106
91546,0.108
91555,0.026
91557,0.048
91561,0.098
91562,0.096
91564,0.084
91572,0.042
91588,0.106
91596,0.156
91609,0.1
91627,0.108
91628,0.052
91629,0.128
91636,0.062
91637,0.07
91645,0.034
91646,0.066
91649,0.024
91653,0.036
91655,0.066
91658,0.018
91662,0.03
91666,0.022
91669,0.09
91676,0.03
91677,0.064
91686,0.166
91688,0.032
91712,0.046
91714,0.088
91717,0.06
91731,0.124
91737,0.05
91741,0.044
91746,0.052
91753,0.052
91757,0.038
91764,0.186
91766,0.08
91767,0.062
91768,0.018
91771,0.106
91776,0.064
91778,0.004
91781,0.036
91782,0.03
91788,0.078
91795,0.02
91800,0.008
91806,0.014
91811,0.002
91812,0.014
91814,0.02
91815,0.094
91826,0.06
91833,0.014
91836,0.01
91837,0.03
91840,0.012
91849,0.146
91852,0.02
91854,0.008
91855,0.028
91865,0.044
91873,0.056
91885,0.014
91888,0.082
91896,0.032
91915,0.032
91921,0.01
91922,0.108
91928,0.016
91929,0.098
91931,0.08
91935,0.072
91936,0.02
91940,0.094
91942,0.026
91952,0.094
91953,0.042
91960,0.096
91961,0.04
91969,0.054
91973,0.072
91974,0.138
91981,0.07
91982,0.056
91996,0.018
92004,0.036
92010,0.044
92018,0.208
92022,0.066
92034,0.074
92036,0.168
92039,0.028
92043,0.216
92052,0.066
92053,0.064
92054,0.038
92059,0.072
108681,0.094
108702,0.076
108706,0.092
108710,0.104
108711,0.084
108725,0.112
108727,0.206
108734,0.052
108740,0.154
108744,0.128
108753,0.118
108768,0.094
108771,0.406
108774,0.17
108775,0.238
108780,0.21
108783,0.056
108784,0.244
108786,0.098
108787,0.168
108789,0.074
108793,0.044
108804,0.08
108808,0.246
108814,0.146
108836,0.074
108839,0.09
108846,0.086
108849,0.148
108851,0.066
108870,0.128
108882,0.146
108883,0.144
108890,0.172
108891,0.142
108897,0.298
108898,0.08
108899,0.252
108902,0.086
108903,0.04
108910,0.04
108912,0.178
108917,0.104
108922,0.072
108931,0.146
108932,0.124
108933,0.176
108935,0.058
108937,0.188
108938,0.2
108943,0.136
108950,0.238
108956,0.064
108962,0.148
108967,0.154
108974,0.158
108975,0.126
108981,0.148
108987,0.088
108989,0.116
108991,0.102
108996,0.158
108995,0.21
108999,0.134
109004,0.128
109008,0.122
109011,0.206
109015,0.146
109022,0.134
109026,0.132
109036,0.136
109041,0.122
109044,0.174
109047,0.18
109073,0.288
109072,0.218
109071,0.084
109074,0.16
109097,0.208
109101,0.216
109096,0.162
109100,0.06
109091,0.066
109086,0.144
109115,0.158
109114,0.016
109080,0.122
109092,0.098
109082,0.128
109088,0.49
109090,0.126
109112,0.204
109087,0.214
109117,0.094
109122,0.204
109124,0.224
109125,0.208
109129,0.16
109131,0.082
109133,0.066
109136,0.094
109139,0.126
109143,0.058
109144,0.124
109141,0.118
109147,0.06
109157,0.15
109160,0.178
109168,0.108
109163,0.1
109173,0.138
109174,0.134
109178,0.148
109179,0.218
109182,0.094
109181,0.132
109184,0.208
109209,0.04
109222,0.078
109202,0.018
109230,0.364
109196,0.07
109212,0.024
109213,0.086
109236,0.078
109233,0.102
109248,0.102
109263,0.048
109264,0.074
109265,0.04
109272,0.106
109273,0.056
109275,0.046
109278,0.104
109281,0.136
109284,0.028
109286,0.102
109288,0.09
109303,0.092
109306,0.07
109310,0.03
109313,0.07
109319,0.132
109318,0.136
109354,0.088
109371,0.132
109347,0.1
109365,0.094
109351,0.168
109376,0.118
109364,0.118
109374,0.264
109390,0.112
109393,0.106
109380,0.158
109394,0.214
109403,0.132
109415,0.148
109434,0.194
109438,0.266
109429,0.078
109428,0.064
109436,0.148
109416,0.124
109427,0.104
109447,0.08
109465,0.032
109466,0.1
109460,0.132
109454,0.12
109456,0.042
109464,0.066
109461,0.034
109474,0.112
109473,0.282
109471,0.18
109470,0.088
109495,0.258
109500,0.064
109502,0.178
109501,0.074
109505,0.148
109509,0.256
109512,0.046
109514,0.242
109522,0.116
109525,0.154
109530,0.118
109533,0.14
109531,0.066
109536,0.19
109547,0.16
109548,0.148
109551,0.038
109556,0.104
109566,0.066
109562,0.11
109578,0.172
109581,0.1
109593,0.134
109594,0.204
109596,0.132
109597,0.088
109598,0.082
109599,0.18
109600,0.116
109615,0.232
109617,0.226
109620,0.108
109623,0.034
109624,0.056
109634,0.058
109642,0.042
109633,0.034
109645,0.132
109651,0.05
109650,0.042
109659,0.054
109668,0.024
109666,0.066
109676,0.152
109678,0.096
109681,0.122
109688,0.098
109692,0.044
109693,0.096
109696,0.04
109698,0.15
109699,0.132
109700,0.184
109702,0.032
109705,0.092
109724,0.13
109730,0.062
109731,0.092
109738,0.008
109742,0.148
109745,0.15
109748,0.174
109749,0.104
109750,0.052
109763,0.196
109771,0.106
109778,0.124
109784,0.264
109788,0.048
109801,0.404
109808,0.44
109816,0.094
109817,0.516
109819,0.088
109823,0.058
109831,0.352
109839,0.18
109840,0.214
109843,0.212
109851,0.132
109861,0.168
109862,0.086
109863,0.118
109864,0.084
109874,0.102
109878,0.08
109880,0.12
109883,0.206
109882,0.146
109888,0.084
109894,0.29
109897,0.216
109902,0.146
109917,0.066
109920,0.126
109926,0.342
109938,0.27
109945,0.148
109948,0.326
109956,0.338
109958,0.076
109961,0.112
109962,0.456
109978,0.102
109973,0.218
109979,0.16
109985,0.252
109989,0.124
109990,0.118
109993,0.136
109994,0.288
110011,0.116
110023,0.088
110025,0.096
110032,0.104
110038,0.148
110046,0.1
110051,0.036
110062,0.038
110070,0.048
110071,0.2
110073,0.298
110085,0.128
110087,0.098
110097,0.32
110110,0.268
110120,0.15
110121,0.174
110126,0.128
110130,0.054
110135,0.138
110159,0.392
110166,0.17
110185,0.15
110195,0.204
110196,0.124
110201,0.11
110202,0.098
110207,0.13
110211,0.106
110213,0.336
110216,0.164
110230,0.218
110232,0.112
110233,0.13
110239,0.124
110243,0.048
110264,0.17
110273,0.378
110269,0.394
110281,0.046
110283,0.078
110287,0.446
110304,0.206
110317,0.51
110322,0.11
110325,0.082
110326,0.046
110328,0.094
110333,0.164
110342,0.208
110343,0.22
110347,0.148
110349,0.11
110350,0.292
110351,0.1
110355,0.186
110365,0.136
110372,0.112
110374,0.166
110388,0.122
110399,0.106
110405,0.17
110408,0.34
110416,0.224
110418,0.032
110427,0.064
110429,0.126
110438,0.046
110450,0.098
110451,0.068
110464,0.104
110489,0.122
110492,0.078
110494,0.072
110500,0.116
110505,0.254
110507,0.142
110509,0.018
110510,0.088
110515,0.06
110516,0.064
110517,0.088
110518,0.024
110519,0.1
110529,0.078
110533,0.114
110541,0.164
110543,0.188
110544,0.08
110548,0.026
110549,0.318
110550,0.114
110551,0.27
110553,0.38
110556,0.054
110557,0.06
110563,0.082
110565,0.08
110568,0.12
110575,0.13
110583,0.028
110586,0.062
110592,0.164
110595,0.036
110606,0.134
110609,0.116
110610,0.158
110615,0.154
110616,0.066
110618,0.042
110625,0.046
110645,0.054
110646,0.044
110648,0.104
110649,0.068
110662,0.07
110665,0.04
110671,0.06
110674,0.04
110675,0.048
110676,0.106
110689,0.066
110692,0.058
110694,0.146
110698,0.158
110705,0.07
110710,0.096
110713,0.068
110716,0.312
110717,0.194
110721,0.1
110723,0.176
110726,0.086
110732,0.44
110731,0.518
110736,0.02
110737,0.126
110738,0.138
110742,0.164
110770,0.11
110775,0.084
110779,0.084
110787,0.246
110792,0.152
110794,0.052
110797,0.082
110801,0.062
110803,0.306
110804,0.282
110805,0.182
110809,0.044
110810,0.082
110811,0.128
110813,0.038
110817,0.096
110820,0.038
110830,0.162
110836,0.128
110839,0.108
110845,0.154
110848,0.066
110850,0.646
110862,0.176
110863,0.226
110865,0.098
110868,0.1
110874,0.13
110881,0.302
110891,0.126
110894,0.048
110905,0.192
110910,0.12
110924,0.034
110928,0.194
110940,0.316
110942,0.168
110943,0.156
110947,0.106
110949,0.088
110952,0.268
110954,0.174
110966,0.074
110970,0.106
110972,0.16
110975,0.092
110977,0.23
110995,0.148
110998,0.184
110999,0.238
111013,0.378
111021,0.094
111024,0.072
111032,0.108
111043,0.214
111055,0.044
111056,0.144
111058,0.246
111066,0.112
111068,0.184
111084,0.118
111094,0.104
111099,0.152
111106,0.106
111112,0.32
111113,0.364
111114,0.338
111118,0.09
111120,0.218
111131,0.184
111141,0.13
111140,0.246
111144,0.144
111147,0.272
111152,0.068
111160,0.138
111186,0.204
111192,0.182
111193,0.574
111211,0.206
111215,0.224
111219,0.378
111221,0.426
111226,0.292
111230,0.29
111232,0.156
111247,0.084
111258,0.074
111261,0.102
111265,0.226
111271,0.294
111274,0.256
111294,0.072
111297,0.082
111319,0.606
111321,0.262
111322,0.128
111332,0.136
111336,0.14
111343,0.472
111344,0.046
111345,0.176
111350,0.18
111355,0.064
111360,0.398
111363,0.688
111368,0.152
111369,0.148
111370,0.326
111376,0.076
111380,0.14
111386,0.072
111400,0.198
111404,0.14
111408,0.184
111411,0.188
111413,0.098
111417,0.228
111423,0.172
111426,0.13
111431,0.274
111437,0.164
111441,0.402
111443,0.188
111447,0.406
111453,0.272
111454,0.29
111459,0.388
111460,0.764
111461,0.682
111473,0.128
111477,0.478
111495,0.202
111502,0.222
111504,0.55
111509,0.38
111514,0.134
111516,0.362
111517,0.18
111522,0.216
111525,0.578
111526,0.65
111528,0.316
111532,0.332
111535,0.256
111536,0.254
111539,0.252
111549,0.13
111551,0.168
111552,0.176
111553,0.088
111555,0.264
111558,0.162
111561,0.664
111563,0.354
111567,0.282
111580,0.136
111581,0.492
111582,0.398
111605,0.288
111607,0.644
111617,0.288
111618,0.152
111621,0.334
111631,0.196
111633,0.348
111637,0.522
111638,0.624
111642,0.412
111644,0.338
111646,0.32
111647,0.136
111657,0.222
111663,0.384
111669,0.22
111677,0.318
111675,0.364
111679,0.192
111683,0.292
111684,0.554
111692,0.258
111700,0.282
111702,0.19
111706,0.276
111709,0.4
111711,0.55
111723,0.586
111727,0.738
111728,0.74
111729,0.812
111732,0.46
111745,0.596
111750,0.62
111751,0.788
111752,0.742
111767,0.248
111770,0.194
111773,0.17
111780,0.288
111784,0.526
111785,0.364
111789,0.5
111795,0.148
111796,0.302
111797,0.21
111799,0.34
111803,0.48
111805,0.872
111807,0.332
111817,0.178
111826,0.202
111836,0.476
111838,0.194
111847,0.236
111848,0.252
111849,0.238
111855,0.202
111854,0.47
111863,0.288
111865,0.678
111870,0.206
111874,0.14
111880,0.194
111885,0.146
111888,0.19
111891,0.828
111897,0.482
111903,0.434
111906,0.428
111908,0.286
111913,0.206
111917,0.202
111918,0.376
111928,0.276
111932,0.544
111935,0.14
111942,0.432
111951,0.288
111952,0.468
111953,0.696
111962,0.412
111963,0.666
111977,0.218
111979,0.512
111989,0.418
111999,0.362
112000,0.648
112002,0.688
112012,0.608
112018,0.47
112025,0.488
112028,0.624
112029,0.814
112032,0.572
112039,0.254
112044,0.786
112046,0.48
112067,0.46
112076,0.456
112073,0.524
112088,0.218
112090,0.352
112093,0.306
112094,0.478
112095,0.178
112098,0.25
112103,0.266
112112,0.314
112133,0.344
112138,0.288
112146,0.654
112147,0.33
112150,0.226
112157,0.18
112158,0.636
112162,0.288
112167,0.256
112183,0.348
112185,0.202
112191,0.334
112193,0.212
112194,0.578
112202,0.412
112201,0.17
112209,0.31
112213,0.436
112215,0.166
112226,0.312
112223,0.648
112229,0.814
112240,0.512
112246,0.31
112263,0.36
112265,0.504
112279,0.346
112283,0.278
112284,0.388
112287,0.136
112289,0.402
112290,0.262
112302,0.34
112309,0.232
112310,0.364
112312,0.274
112314,0.694
112322,0.85
112326,0.3
112331,0.316
112337,0.392
112342,0.552
112345,0.76
112357,0.4
112362,0.452
112373,0.562
112374,0.408
112379,0.276
112386,0.392
112392,0.368
112393,0.206
112400,0.398
112406,0.234
112416,0.336
112421,0.47
112422,0.204
112424,0.856
112426,0.504
112436,0.6
112434,0.766
112439,0.67
112441,0.544
112443,0.182
112447,0.278
112451,0.25
112454,0.568
112459,0.288
112462,0.194
112463,0.242
112478,0.51
112491,0.408
112497,0.716
112505,0.234
112508,0.39
112510,0.432
112524,0.362
112531,0.444
112533,0.43
112537,0.508
112545,0.462
112546,0.392
112550,0.108
112551,0.154
112554,0.336
112561,0.254
112567,0.174
112578,0.234
112591,0.392
112593,0.278
112598,0.398
112603,0.31
112616,0.384
112617,0.468
112623,0.516
112624,0.44
112625,0.444
112634,0.47
112635,0.148
112638,0.456
112639,0.306
112642,0.668
112643,0.764
112645,0.868
112652,0.414
112656,0.256
112657,0.822
112661,0.322
112662,0.214
112668,0.262
112669,0.144
112675,0.176
112684,0.178
112687,0.718
112689,0.65
112694,0.53
112699,0.216
112702,0.6
112713,0.37
112715,0.278
112726,0.304
112748,0.21
112750,0.156
112756,0.736
112759,0.916
112766,0.186
112767,0.196
112769,0.154
112797,0.398
112798,0.464
112804,0.29
112807,0.176
112809,0.17
112832,0.4
112838,0.78
112845,0.372
112848,0.328
112852,0.672
112865,0.23
112875,0.15
112876,0.344
112879,0.192
112884,0.548
112885,0.582
112886,0.334
112892,0.27
112895,0.828
112899,0.384
112900,0.816
112901,0.722
112906,0.338
112923,0.366
112927,0.21
112932,0.332
112936,0.27
112937,0.242
112947,0.24
112957,0.142
112961,0.098
112968,0.304
112978,0.272
112980,0.788
112988,0.346
112993,0.544
112998,0.59
112999,0.322
113019,0.51
113031,0.228
113034,0.25
113035,0.366
113038,0.49
113055,0.554
113059,0.574
113085,0.148
113096,0.214
113105,0.494
113108,0.2
113109,0.148
113111,0.216
113114,0.158
113115,0.3
113119,0.308
113120,0.542
113121,0.334
113125,0.546
113126,0.204
113129,0.132
113155,0.466
113156,0.634
113167,0.388
113169,0.778
113176,0.216
113188,0.29
113192,0.656
113194,0.204
113197,0.38
113215,0.312
113217,0.392
113220,0.406
113224,0.454
113225,0.548
113226,0.686
113235,0.612
113254,0.258
113257,0.104
113262,0.44
113263,0.102
113267,0.064
113282,0.164
113288,0.182
113291,0.11
113289,0.122
113292,0.172
113295,0.094
113302,0.154
113303,0.136
113307,0.122
113312,0.104
113322,0.158
113323,0.108
113331,0.192
113334,0.112
113343,0.064
113344,0.128
113349,0.07
113351,0.072
113356,0.136
113355,0.092
113358,0.024
113362,0.156
113369,0.108
113381,0.318
113382,0.314
113384,0.176
113393,0.632
113397,0.756
113399,0.756
113407,0.636
113412,0.532
113413,0.354
113421,0.464
113422,0.696
113423,0.9
113420,0.894
113445,0.698
113448,0.284
113452,0.282
113459,0.23
113468,0.846
113487,0.374
113488,0.774
113500,0.234
113511,0.418
113512,0.258
113517,0.268
113518,0.498
113519,0.492
113522,0.39
113524,0.214
113528,0.326
113532,0.53
113534,0.278
113539,0.244
113542,0.442
113541,0.262
113545,0.398
113555,0.464
113559,0.254
113565,0.464
113575,0.364
113581,0.184
113587,0.41
113593,0.168
113601,0.118
113602,0.302
113606,0.138
113607,0.116
113609,0.174
113610,0.142
113611,0.346
113613,0.152
113618,0.158
113619,0.148
113624,0.188
113628,0.208
113633,0.174
113637,0.288
113643,0.378
113646,0.172
113650,0.488
113656,0.62
113658,0.816
113661,0.9
113662,0.862
113668,0.216
113670,0.304
113672,0.788
113673,0.802
113676,0.484
113703,0.432
113704,0.726
113711,0.362
113712,0.454
113719,0.202
113721,0.252
113723,0.244
113727,0.318
113729,0.186
113733,0.136
113737,0.122
113740,0.166
113741,0.528
113742,0.66
113751,0.238
113756,0.222
113761,0.89
113766,0.93
113776,0.138
113778,0.832
113782,0.258
113784,0.102
113789,0.302
113790,0.61
113791,0.338
113804,0.312
113805,0.846
113817,0.268
113820,0.56
113836,0.292
113839,0.424
113844,0.404
113846,0.55
113847,0.826
113848,0.78
113853,0.158
113861,0.152
113862,0.336
113863,0.404
113864,0.754
113869,0.276
113870,0.374
113880,0.374
113884,0.358
113886,0.506
113888,0.26
113891,0.308
113892,0.516
113905,0.184
113908,0.19
113910,0.178
113912,0.286
113929,0.364
113933,0.798
113936,0.122
113937,0.888
113942,0.618
113951,0.386
113971,0.388
113972,0.798
113973,0.496
113981,0.14
113984,0.084
113988,0.268
113996,0.15
113997,0.162
113999,0.114
114010,0.122
114011,0.252
114015,0.064
114016,0.182
114027,0.398
114030,0.14
114034,0.656
114038,0.886
114042,0.22
114044,0.234
114048,0.262
114058,0.376
114065,0.504
114074,0.204
114082,0.3
114088,0.456
114090,0.308
114100,0.17
114104,0.438
114107,0.194
114111,0.31
114114,0.364
114116,0.22
114119,0.316
114123,0.216
114136,0.278
114144,0.22
114163,0.308
114166,0.176
114178,0.12
114181,0.824
114183,0.43
114194,0.116
114197,0.144
114206,0.13
114210,0.362
114212,0.156
114215,0.156
114239,0.424
114242,0.402
114257,0.252
114258,0.64
114260,0.904
114264,0.522
114266,0.56
114267,0.734
114269,0.374
114270,0.524
114274,0.826
114279,0.366
114280,0.664
114283,0.514
114286,0.398
114288,0.758
114291,0.486
114295,0.334
114300,0.66
114316,0.292
114322,0.772
114330,0.436
114327,0.786
114332,0.108
114335,0.192
114340,0.156
114342,0.094
114349,0.208
114365,0.478
114367,0.78
114375,0.248
114376,0.516
114379,0.16
114384,0.312
114389,0.298
114399,0.436
114406,0.22
114408,0.726
114409,0.73
114413,0.34
114425,0.394
114429,0.89
114430,0.69
114431,0.85
114434,0.89
114435,0.882
114437,0.96
114440,0.92
114444,0.91
114449,0.226
114450,0.544
114455,0.874
114457,0.794
114462,0.148
114468,0.652
114473,0.706
114486,0.172
114487,0.21
114488,0.352
114498,0.262
114502,0.158
114510,0.408
114520,0.424
114530,0.364
114538,0.378
114541,0.382
114543,0.862
114556,0.342
114568,0.452
114581,0.218
114605,0.268
114610,0.794
114613,0.768
114622,0.85
114621,0.934
114640,0.244
114644,0.396
114646,0.73
114652,0.764
114656,0.194
114663,0.588
114671,0.424
114674,0.168
114678,0.658
114689,0.16
114690,0.324
114694,0.21
114696,0.128
114700,0.642
114707,0.498
114708,0.762
114709,0.808
114710,0.952
114721,0.122
114722,0.418
114729,0.428
114731,0.638
114734,0.896
114737,0.652
114740,0.22
114742,0.554
114748,0.236
114755,0.594
114759,0.512
114789,0.432
114775,0.748
114787,0.586
114779,0.83
114782,0.408
114783,0.306
114795,0.506
114792,0.886
114836,0.296
114798,0.796
114822,0.86
114821,0.552
114825,0.512
114805,0.748
114824,0.424
114820,0.33
114811,0.91
114839,0.392
114845,0.302
114851,0.256
114861,0.448
114862,0.456
114867,0.666
114872,0.514
114890,0.332
114891,0.208
114901,0.304
114898,0.51
114897,0.922
114914,0.46
114921,0.766
114922,0.54
114935,0.368
114927,0.612
114932,0.68
114940,0.544
114943,0.802
114951,0.8
114958,0.582
114963,0.208
114965,0.702
114968,0.36
114982,0.226
114985,0.37
114993,0.352
114995,0.84
115000,0.654
115009,0.924
115010,0.838
115012,0.5
115022,0.332
115028,0.182
115038,0.382
115039,0.732
115045,0.2
115047,0.428
115054,0.302
115058,0.384
115064,0.466
115074,0.806
115081,0.938
115097,0.438
115107,0.216
115114,0.618
115119,0.672
115130,0.254
115134,0.126
115135,0.198
115139,0.556
115142,0.436
115144,0.772
115150,0.144
115151,0.564
115152,0.836
115157,0.914
115158,0.884
115162,0.068
115169,0.192
115177,0.326
115178,0.796
115191,0.332
115199,0.434
115200,0.778
115207,0.45
115211,0.414
115214,0.306
115219,0.318
115223,0.266
115222,0.82
115225,0.86
115226,0.772
115228,0.844
115230,0.904
115232,0.83
115233,0.818
115245,0.402
115247,0.178
115249,0.168
115256,0.318
115261,0.778
115271,0.588
115289,0.264
115297,0.326
115299,0.262
115300,0.354
115311,0.184
115324,0.274
115331,0.238
115335,0.238
115336,0.752
115340,0.826
115351,0.372
115355,0.42
115366,0.356
115367,0.5
115368,0.25
115369,0.314
115374,0.392
115377,0.398
115383,0.45
115408,0.554
115413,0.31
115417,0.298
115422,0.236
115426,0.424
115430,0.38
115436,0.408
115449,0.558
115451,0.656
115455,0.37
115456,0.534
115457,0.734
115462,0.252
115476,0.38
115483,0.188
115484,0.644
115487,0.958
115488,0.874
115494,0.114
115495,0.678
115498,0.412
115503,0.19
115504,0.418
115516,0.396
115519,0.12
115524,0.754
115526,0.71
115528,0.926
115538,0.244
115540,0.14
115544,0.284
115545,0.742
115547,0.468
115549,0.432
115575,0.278
115582,0.352
115583,0.87
115584,0.14
115586,0.318
115587,0.734
115588,0.364
115600,0.408
115601,0.844
115603,0.928
115607,0.524
115637,0.534
115640,0.832
115645,0.406
115648,0.908
115650,0.88
115657,0.472
115656,0.902
115674,0.246
115679,0.776
115685,0.826
115686,0.796
115694,0.22
115698,0.198
115702,0.32
115705,0.9
115709,0.904
115715,0.286
115717,0.796
115724,0.474
115731,0.284
115746,0.39
115748,0.39
115752,0.256
115753,0.48
115755,0.884
115756,0.862
115758,0.894
115761,0.308
115780,0.336
115786,0.506
115796,0.272
115801,0.368
115811,0.56
115819,0.6
115820,0.688
115845,0.294
115846,0.568
115849,0.938
115863,0.424
115867,0.376
115868,0.714
115872,0.418
115878,0.648
115881,0.682
115880,0.79
115885,0.866
115887,0.188
115888,0.488
115891,0.24
115896,0.376
115899,0.196
115905,0.334
115906,0.536
115912,0.154
115914,0.354
115916,0.592
115918,0.306
115921,0.368
115928,0.22
115936,0.45
115952,0.516
115956,0.796
115960,0.91
115959,0.922
115964,0.296
115966,0.238
115968,0.412
115972,0.504
115974,0.534
115976,0.852
115981,0.83
115985,0.89
115989,0.956
115990,0.946
115995,0.766
116013,0.5
116019,0.45
116020,0.6
116023,0.356
116026,0.662
116030,0.848
116039,0.628
116044,0.892
116046,0.922
116052,0.948
116059,0.854
116062,0.884
116064,0.894
116080,0.572
116084,0.414
116086,0.582
116096,0.758
116107,0.802
116114,0.584
116115,0.814
116116,0.918
116121,0.328
116126,0.176
116132,0.28
116133,0.348
116139,0.24
116150,0.362
116157,0.236
116163,0.41
116172,0.364
116173,0.898
116174,0.848
116176,0.88
116182,0.88
116185,0.98
116188,0.972
116192,0.93
116193,0.956
116197,0.924
116196,0.728
116198,0.88
116204,0.714
116208,0.96
116212,0.892
116216,0.978
116230,0.38
116231,0.818
116236,0.482
116242,0.274
116243,0.296
116244,0.682
116245,0.798
116263,0.53
116271,0.192
116277,0.26
116278,0.676
116283,0.432
116286,0.318
116291,0.382
116295,0.36
116300,0.796
116312,0.378
116319,0.376
116324,0.298
116342,0.4
116343,0.342
116346,0.212
116354,0.57
116357,0.832
116359,0.272
116362,0.376
116371,0.464
116373,0.934
116374,0.764
116381,0.502
116384,0.566
116386,0.566
116396,0.266
116399,0.36
116402,0.328
116403,0.522
116406,0.212
116409,0.228
116414,0.166
116428,0.414
116434,0.252
116437,0.89
116438,0.914
116442,0.39
116446,0.488
116453,0.43
116457,0.562
116458,0.654
116461,0.23
116463,0.856
116464,0.968
116477,0.286
116480,0.738
116483,0.824
116495,0.402
116491,0.762
116497,0.766
116505,0.57
116507,0.632
116508,0.876
116511,0.236
116514,0.674
116516,0.162
116524,0.256
116529,0.23
116533,0.254
116536,0.844
116544,0.508
116546,0.658
116547,0.844
116554,0.356
116556,0.724
116557,0.866
116563,0.26
116568,0.284
116569,0.25
116576,0.28
116581,0.35
116582,0.374
116587,0.476
116588,0.72
116589,0.946
116593,0.908
116597,0.44
116599,0.432
116600,0.424
116601,0.862
116615,0.538
116619,0.354
116620,0.338
116627,0.212
116629,0.746
116635,0.128
116644,0.192
116645,0.41
116646,0.482
116649,0.424
116655,0.606
116659,0.796
116672,0.778
116673,0.514
116685,0.656
116699,0.214
116711,0.23
116721,0.402
116723,0.708
116724,0.812
116733,0.376
116734,0.83
116739,0.336
116740,0.192
116747,0.62
116748,0.504
116749,0.734
116751,0.328
116753,0.34
116758,0.614
116760,0.828
116765,0.536
116774,0.15
116782,0.398
116784,0.596
116789,0.5
116793,0.52
116794,0.472
116795,0.172
116797,0.378
116799,0.844
116801,0.832
116802,0.878
116804,0.856
116806,0.84
116807,0.692
116811,0.428
116815,0.208
116822,0.228
116840,0.25
116844,0.822
116848,0.186
116849,0.36
116854,0.158
116856,0.104
116859,0.274
116866,0.33
116874,0.332
116876,0.576
116884,0.28
116890,0.166
116893,0.13
116905,0.204
116909,0.25
116912,0.096
116914,0.21
116915,0.328
116917,0.184
116922,0.432
116931,0.758
116932,0.878
116940,0.588
116953,0.42
116954,0.828
116956,0.886
116961,0.862
116987,0.396
116995,0.71
117001,0.15
117006,0.228
117016,0.136
117018,0.144
117024,0.106
117031,0.2
117035,0.396
117036,0.096
117040,0.324
117048,0.408
117054,0.258
117056,0.472
117061,0.79
117072,0.126
117074,0.132
117076,0.304
117083,0.56
117085,0.206
117092,0.382
117104,0.132
117108,0.802
117113,0.342
117117,0.21
117118,0.51
117120,0.202
117123,0.874
117125,0.604
117131,0.216
117133,0.438
117134,0.742
117146,0.51
117148,0.238
117150,0.182
117151,0.264
117152,0.318
117163,0.402
117176,0.44
117177,0.616
117183,0.318
117191,0.368
117194,0.166
117203,0.222
117206,0.214
117223,0.342
117238,0.484
117242,0.832
117248,0.122
117253,0.224
117256,0.514
117267,0.24
117272,0.258
117273,0.338
117275,0.178
117276,0.476
117283,0.45
117284,0.288
117288,0.132
117301,0.326
117302,0.174
117307,0.59
117308,0.69
117309,0.896
117311,0.732
117315,0.268
117324,0.354
117334,0.626
117337,0.872
117343,0.45
117351,0.488
117354,0.396
117361,0.228
117365,0.81
117369,0.69
117371,0.862
117373,0.852
117377,0.528
117385,0.332
117387,0.164
117391,0.394
117395,0.26
117398,0.378
117415,0.254
117418,0.132
117421,0.16
117423,0.596
117427,0.21
117435,0.25
117438,0.2
117441,0.384
117442,0.292
117444,0.338
117454,0.194
117458,0.308
117462,0.456
117469,0.414
117478,0.44
117479,0.732
117482,0.356
117485,0.56
117496,0.43
117498,0.174
117500,0.246
117507,0.372
117508,0.606
117520,0.496
117526,0.412
117531,0.442
117532,0.778
117535,0.728
117544,0.936
117547,0.926
117550,0.432
117555,0.566
117565,0.464
117585,0.446
117589,0.294
117602,0.338
117612,0.698
117613,0.584
117616,0.874
117617,0.788
117620,0.482
117626,0.488
117630,0.824
117633,0.342
117634,0.232
117640,0.82
117642,0.746
117641,0.738
117653,0.444
117655,0.734
117657,0.74
117658,0.786
117661,0.76
117664,0.262
117671,0.406
117674,0.4
117675,0.246
117692,0.472
117694,0.306
117697,0.472
117698,0.316
117704,0.16
117706,0.532
117711,0.796
117707,0.71
117725,0.156
117728,0.216
117735,0.508
117736,0.854
117739,0.892
117744,0.836
117745,0.928
117746,0.762
117758,0.648
117760,0.19
117761,0.254
117763,0.342
117798,0.394
117800,0.406
117805,0.276
117809,0.294
117810,0.51
117811,0.256
117813,0.426
117827,0.404
117841,0.592
117846,0.46
117850,0.266
117852,0.73
117853,0.654
117858,0.398
117877,0.42
117899,0.41
117900,0.758
117901,0.784
117902,0.724
117912,0.322
117913,0.178
117916,0.222
117928,0.482
117936,0.282
117937,0.328
117938,0.204
117965,0.24
117967,0.342
117969,0.258
117971,0.256
118005,0.254
117977,0.208
118002,0.216
118006,0.244
118028,0.414
117980,0.414
117982,0.318
118023,0.23
117997,0.398
118024,0.562
117991,0.1
117994,0.2
118055,0.772
118061,0.19
118050,0.87
118064,0.734
118065,0.168
118100,0.194
118091,0.65
118098,0.196
118077,0.22
118112,0.576
118118,0.252
118119,0.782
118120,0.674
118130,0.184
118140,0.204
118146,0.192
118151,0.226
118152,0.376
118155,0.162
118156,0.284
118162,0.306
118163,0.744
118166,0.244
118175,0.17
118194,0.384
118195,0.494
118202,0.238
118203,0.158
118204,0.36
118210,0.308
118213,0.158
118218,0.47
118219,0.542
118220,0.316
118235,0.236
118238,0.558
118239,0.22
118241,0.214
118249,0.276
118260,0.146
118267,0.202
118270,0.152
118275,0.302
118290,0.15
118293,0.308
118300,0.314
118301,0.16
118305,0.216
118315,0.158
118318,0.202
118319,0.16
118330,0.174
118334,0.206
118336,0.77
118341,0.384
118345,0.236
118349,0.238
118365,0.334
118371,0.158
118374,0.44
118382,0.368
118384,0.802
118388,0.206
118390,0.166
118392,0.352
118411,0.334
118412,0.462
118413,0.304
118417,0.772
118422,0.414
118437,0.628
118446,0.524
118452,0.724
118455,0.512
118456,0.584
118462,0.324
118464,0.528
118474,0.206
118476,0.41
118477,0.366
118478,0.32
118485,0.504
118492,0.352
118499,0.182
118514,0.196
118517,0.176
118518,0.716
118532,0.208
118534,0.258
118536,0.376
118545,0.18
118557,0.2
118559,0.504
118564,0.216
118574,0.4
118583,0.138
118586,0.33
118580,0.604
118581,0.23
118584,0.342
118565,0.112
118566,0.228
118589,0.41
118579,0.2
118594,0.84
118596,0.476
118638,0.252
118645,0.338
118649,0.756
118654,0.8
118657,0.85
118658,0.922
118659,0.792
118660,0.68
118663,0.834
118664,0.8
118668,0.352
118681,0.76
118686,0.344
118687,0.294
118689,0.142
118699,0.206
118711,0.386
118715,0.22
118716,0.462
118717,0.192
118727,0.188
118733,0.462
118737,0.47
118750,0.19
118755,0.214
118758,0.216
118756,0.536
118779,0.466
118763,0.77
118800,0.302
118787,0.218
118775,0.252
118809,0.252
118810,0.632
118765,0.762
118795,0.256
118794,0.38
118799,0.48
118789,0.762
118813,0.292
118816,0.258
118818,0.646
118822,0.378
118824,0.322
118830,0.364
118832,0.716
118839,0.332
118840,0.372
118843,0.816
118842,0.838
118858,0.154
118864,0.422
118872,0.584
118876,0.668
118885,0.764
118890,0.708
118900,0.4
118902,0.804
118904,0.548
118910,0.218
118913,0.24
118914,0.474
118925,0.412
118926,0.376
118927,0.6
118929,0.538
118930,0.178
118933,0.276
118941,0.38
118946,0.636
118948,0.906
118953,0.832
118956,0.728
118962,0.88
118965,0.386
118970,0.87
118982,0.152
118988,0.35
119000,0.424
119003,0.712
119004,0.43
119008,0.428
119009,0.764
119013,0.504
119042,0.248
119047,0.444
119051,0.234
119056,0.146
119065,0.154
119069,0.73
119074,0.438
119084,0.31
119086,0.07
119095,0.334
119100,0.34
119101,0.41
119103,0.352
119114,0.134
119119,0.196
119125,0.228
119131,0.168
119133,0.252
119135,0.31
119143,0.204
119147,0.764
119163,0.438
119164,0.79
119166,0.792
119172,0.388
119175,0.21
119178,0.606
119183,0.15
119184,0.726
119192,0.528
119201,0.544
119208,0.166
119217,0.438
119228,0.406
119231,0.374
119234,0.254
119232,0.402
119245,0.172
119246,0.334
119252,0.308
119253,0.166
119259,0.312
119264,0.37
119268,0.65
119269,0.262
119272,0.078
119281,0.226
119286,0.136
119294,0.236
119305,0.698
119320,0.886
119324,0.86
119341,0.802
119361,0.884
119366,0.942
119380,0.236
119381,0.33
119393,0.21
119394,0.22
119406,0.172
119409,0.432
119417,0.414
119428,0.35
119429,0.718
119430,0.346
119434,0.678
119439,0.136
119442,0.106
119458,0.158
119460,0.126
119480,0.292
119482,0.21
119483,0.926
119491,0.286
119502,0.39
119505,0.892
119521,0.374
119523,0.706
119529,0.23
119532,0.274
119535,0.422
119538,0.364
119541,0.732
119544,0.858
119546,0.924
119549,0.44
119550,0.292
119571,0.128
119572,0.362
119578,0.144
119583,0.282
119586,0.722
119588,0.372
119589,0.154
119592,0.498
119596,0.684
119602,0.264
119606,0.434
119608,0.738
119609,0.844
119612,0.728
119620,0.156
119621,0.194
119622,0.762
119625,0.76
119626,0.844
119630,0.882
119636,0.474
119638,0.632
119645,0.384
119647,0.174
119654,0.336
119664,0.092
119673,0.478
119677,0.74
119681,0.318
119682,0.14
119685,0.684
119696,0.748
119697,0.876
119703,0.904
119705,0.892
119714,0.918
119718,0.562
119724,0.274
119726,0.264
119729,0.348
119732,0.264
119740,0.488
119742,0.806
119746,0.382
119753,0.304
119761,0.132
119775,0.168
119776,0.62
119778,0.528
119779,0.418
119783,0.236
119785,0.184
119786,0.262
119790,0.126
119795,0.32
119797,0.328
119800,0.286
119799,0.544
119801,0.634
119806,0.22
119809,0.688
119810,0.452
119811,0.284
119817,0.246
119818,0.18
119819,0.216
119820,0.25
119824,0.36
119839,0.356
119846,0.6
119852,0.52
119860,0.25
119867,0.226
119885,0.308
119887,0.406
119892,0.27
119899,0.478
119904,0.234
119905,0.428
119909,0.372
119910,0.182
119915,0.316
119927,0.364
119929,0.33
119935,0.358
119938,0.758
119944,0.444
119946,0.142
119947,0.736
119954,0.288
119956,0.206
119959,0.206
119964,0.298
119965,0.348
119972,0.13
119975,0.512
119979,0.85
119982,0.3
119996,0.126
120000,0.17
120006,0.338
120025,0.242
120029,0.706
120034,0.228
120035,0.66
120037,0.21
120054,0.392
120057,0.554
120074,0.346
120084,0.218
120089,0.38
120090,0.336
120091,0.202
120093,0.222
120100,0.356
120102,0.152
120109,0.34
120111,0.138
120114,0.306
120115,0.222
120118,0.166
120121,0.17
120129,0.232
120131,0.128
120134,0.724
120143,0.264
120144,0.79
120150,0.378
120168,0.666
120180,0.828
120195,0.88
120197,0.818
120198,0.726
120202,0.468
120203,0.396
120211,0.484
120226,0.476
120246,0.36
120249,0.57
120250,0.88
120261,0.436
120265,0.776
120266,0.846
120268,0.75
120279,0.75
120286,0.298
120302,0.306
120308,0.5
120312,0.332
120336,0.25
120352,0.314
120354,0.452
120357,0.296
120373,0.536
120380,0.46
120382,0.42
120383,0.178
120390,0.154
120391,0.274
120399,0.182
120400,0.442
120407,0.212
120420,0.508
120430,0.372
120438,0.448
120452,0.246
120466,0.17
120469,0.396
120472,0.186
120476,0.182
120480,0.258
120487,0.394
120482,0.732
120484,0.828
120500,0.526
120501,0.746
120502,0.902
120506,0.734
120511,0.816
120513,0.72
120515,0.81
120528,0.288
120530,0.298
120535,0.31
120543,0.416
120548,0.448
120552,0.254
120555,0.472
120559,0.5
120560,0.598
120566,0.312
120568,0.818
120571,0.78
120572,0.304
120577,0.574
120583,0.682
120589,0.448
120595,0.594
120596,0.54
120608,0.402
120617,0.46
120621,0.67
120622,0.77
120626,0.74
120632,0.838
120633,0.852
120640,0.858
120663,0.534
120666,0.804
120671,0.262
120673,0.24
120680,0.38
120682,0.456
120690,0.4
120710,0.338
120712,0.162
120719,0.35
120722,0.662
120723,0.346
120728,0.198
120733,0.394
120735,0.24
120739,0.834
120743,0.276
120745,0.322
120753,0.128
120758,0.334
120764,0.392
120765,0.404
120769,0.14
120772,0.29
120775,0.238
120776,0.806
120795,0.236
120782,0.776
120785,0.806
120793,0.92
120847,0.802
120809,0.776
120825,0.818
120835,0.918
120810,0.926
120830,0.878
120804,0.856
120822,0.352
120848,0.578
120853,0.236
120857,0.544
120859,0.732
120862,0.81
120867,0.792
120874,0.376
120879,0.402
120900,0.53
120902,0.446
120913,0.896
120891,0.73
120889,0.864
120906,0.8
120928,0.352
120923,0.334
120937,0.704
120947,0.37
120967,0.344
120968,0.85
120970,0.874
120973,0.87
120974,0.93
120979,0.488
120981,0.388
120984,0.544
120994,0.198
120996,0.16
121003,0.49
121008,0.672
121009,0.726
121011,0.136
121016,0.758
121021,0.328
121024,0.708
121025,0.306
121034,0.186
121036,0.332
121037,0.322
121041,0.198
121042,0.398
121044,0.88
121045,0.8
121059,0.292
121060,0.442
121061,0.414
121069,0.16
121074,0.18
121088,0.264
121090,0.582
121095,0.434
121099,0.296
121100,0.704
121098,0.804
121106,0.258
121107,0.192
121124,0.308
121128,0.414
121140,0.352
121144,0.314
121138,0.24
121147,0.352
121148,0.186
121149,0.442
121156,0.198
121158,0.48
121161,0.558
121162,0.702
121167,0.304
121174,0.338
121175,0.478
121177,0.24
121179,0.178
121207,0.25
121209,0.328
121213,0.446
121216,0.702
121223,0.274
121230,0.416
121231,0.638
121232,0.794
121240,0.386
121244,0.502
121246,0.81
121251,0.41
121261,0.414
121267,0.388
121276,0.47
121277,0.204
121283,0.39
121289,0.33
121291,0.19
121293,0.204
121304,0.456
121312,0.26
121318,0.52
121319,0.294
121332,0.292
121333,0.82
121349,0.472
121357,0.484
121378,0.388
121381,0.586
121387,0.27
121389,0.592
121399,0.22
121401,0.516
121402,0.484
121410,0.316
121413,0.726
121418,0.49
121426,0.534
121433,0.87
121434,0.822
121445,0.228
121454,0.208
121457,0.528
121463,0.574
121467,0.806
121483,0.448
121500,0.456
121504,0.904
121505,0.894
121509,0.798
121508,0.948
121511,0.592
121518,0.772
121519,0.888
121530,0.778
121532,0.594
121536,0.816
121537,0.964
121540,0.42
121546,0.49
121548,0.854
121549,0.944
121551,0.9
121558,0.944
121561,0.98
121562,0.86
121566,0.994
121568,0.762
121582,0.948
121585,0.97
121586,0.982
121588,0.992
121592,0.876
121596,0.484
121604,0.304
121608,0.446
121609,0.888
121613,0.192
121619,0.494
121627,0.218
121650,0.586
121653,0.866
121655,0.846
121658,0.9
121666,0.954
121670,0.948
121675,0.74
121715,0.948
121716,0.872
121718,0.896
121722,0.89
121723,0.888
121726,0.49
121727,0.514
121743,0.426
121748,0.482
121755,0.41
121759,0.422
121761,0.582
121765,0.506
121768,0.688
121775,0.412
121774,0.574
121778,0.856
121782,0.582
121783,0.724
121793,0.576
121788,0.752
121796,0.37
121806,0.182
121816,0.64
121813,0.874
121815,0.89
121799,0.736
121814,0.844
121810,0.836
121817,0.884
121821,0.908
121824,0.934
121828,0.218
121831,0.406
121832,0.372
121837,0.312
121851,0.22
121853,0.828
121854,0.662
121858,0.876
121867,0.428
121875,0.266
121878,0.558
121882,0.574
121888,0.694
121892,0.49
121895,0.782
121917,0.392
121922,0.876
121924,0.208
121928,0.228
121931,0.086
121932,0.508
121936,0.896
121941,0.936
121954,0.194
121956,0.274
121961,0.55
121973,0.488
121975,0.534
121977,0.756
121985,0.496
121987,0.812
121990,0.9
121998,0.946
122003,0.934
122017,0.532
122015,0.716
122024,0.788
122027,0.848
122026,0.874
122037,0.802
122051,0.618
122053,0.518
122061,0.256
122065,0.704
122064,0.706
122071,0.486
122086,0.234
122090,0.166
122104,0.466
122108,0.208
122109,0.494
122112,0.29
122115,0.274
122117,0.678
122118,0.524
122120,0.158
122126,0.182
122128,0.296
122130,0.72
122131,0.686
122144,0.336
122152,0.462
122153,0.468
122157,0.236
122164,0.794
122167,0.808
122173,0.848
122178,0.75
122187,0.876
122190,0.912
122192,0.91
122202,0.52
122204,0.73
122207,0.582
122215,0.226
122223,0.354
122227,0.25
122228,0.228
122229,0.578
122232,0.282
122236,0.136
122241,0.474
122243,0.662
122252,0.31
122254,0.334
122255,0.324
122263,0.63
122269,0.416
122278,0.46
122281,0.398
122306,0.382
122308,0.698
122311,0.696
122316,0.8
122323,0.8
122328,0.88
122329,0.868
122332,0.888
122333,0.91
122334,0.258
122349,0.47
122351,0.298
122353,0.472
122354,0.8
122357,0.536
122366,0.356
122373,0.27
122391,0.366
122395,0.716
122396,0.952
122400,0.33
122405,0.318
122412,0.418
122415,0.244
122416,0.75
122417,0.348
122420,0.266
122421,0.754
122425,0.212
122432,0.536
122434,0.758
122436,0.89
122441,0.738
122443,0.9
122458,0.888
122459,0.446
122465,0.444
122466,0.244
122471,0.884
122479,0.534
122481,0.336
122494,0.534
122495,0.822
122508,0.44
122509,0.864
122512,0.184
122513,0.31
122519,0.396
122522,0.446
122526,0.84
122528,0.732
122529,0.878
122531,0.4
122535,0.444
122540,0.23
122544,0.522
122546,0.482
122550,0.23
122553,0.394
122571,0.216
122580,0.58
122583,0.756
122584,0.904
122597,0.538
122600,0.748
122604,0.834
122617,0.778
122623,0.856
122626,0.866
122628,0.418
122633,0.612
122637,0.31
122638,0.328
122640,0.236
122654,0.156
122657,0.77
122658,0.756
122662,0.456
122667,0.414
122674,0.352
122677,0.91
122691,0.568
122692,0.674
122709,0.216
122712,0.318
122714,0.528
122720,0.064
122718,0.8
122725,0.664
122733,0.388
122735,0.7
122742,0.298
122744,0.456
122752,0.594
122754,0.398
122760,0.466
122762,0.198
122770,0.246
122773,0.39
122783,0.394
122786,0.228
122788,0.592
122790,0.576
122792,0.87
122793,0.426
122796,0.304
122798,0.56
122805,0.614
122810,0.546
122815,0.284
122817,0.662
122818,0.814
122823,0.888
122825,0.944
122830,0.942
122834,0.588
122843,0.766
122845,0.918
122853,0.298
122857,0.824
122870,0.504
122875,0.526
122877,0.736
122880,0.206
122894,0.308
122897,0.312
122900,0.754
122904,0.39
122913,0.466
122914,0.494
122919,0.342
122946,0.61
122950,0.686
122952,0.788
122956,0.83
122962,0.466
122964,0.438
122971,0.362
122973,0.404
122976,0.538
122983,0.536
122986,0.464
122991,0.256
122993,0.22
122996,0.34
122997,0.874
123011,0.276
123015,0.202
123019,0.366
123030,0.53
123034,0.762
123043,0.618
123045,0.906
123052,0.452
123054,0.862
123057,0.864
123063,0.83
123068,0.88
123070,0.916
123078,0.878
123079,0.838
123082,0.888
123099,0.648
123103,0.826
123102,0.812
123106,0.502
123114,0.85
123116,0.918
123122,0.874
123123,0.934
123127,0.926
123132,0.976
123138,0.93
123143,0.928
123144,0.876
123151,0.488
123157,0.642
123163,0.702
123165,0.91
123177,0.936
123179,0.896
123182,0.844
123183,0.918
123184,0.896
123186,0.924
123190,0.918
123192,0.972
123200,0.984
123201,0.964
123203,0.978
123207,0.984
123210,0.934
123209,0.984
123217,0.804
123222,0.602
123229,0.842
123230,0.898
123232,0.876
123233,0.964
123247,0.96
123251,0.934
123253,0.938
123258,0.968
123264,0.918
123272,0.986
123284,0.972
123292,0.784
123297,0.474
123305,0.822
123311,0.566
123312,0.542
123315,0.462
123324,0.37
123330,0.472
123333,0.766
123334,0.93
123338,0.902
123341,0.912
123344,0.654
123349,0.276
123355,0.458
123356,0.754
123357,0.804
123364,0.514
123372,0.54
123374,0.828
123383,0.902
123387,0.908
123391,0.902
123396,0.894
123398,0.892
123409,0.884
123412,0.904
123414,0.932
123415,0.94
123419,0.9
123424,0.926
123434,0.932
123445,0.634
123447,0.804
123450,0.538
123460,0.598
123467,0.84
123475,0.86
123476,0.906
123484,0.896
123487,0.916
123491,0.632
123499,0.696
123500,0.802
123501,0.83
123509,0.44
123513,0.768
123521,0.916
123532,0.75
123543,0.88
123544,0.818
123563,0.944
123565,0.856
123570,0.426
123574,0.6
123576,0.898
123584,0.83
123599,0.58
123607,0.81
123609,0.804
123616,0.828
123638,0.552
123642,0.762
123649,0.448
123654,0.698
123672,0.604
123674,0.192
123678,0.714
123684,0.3
123691,0.454
123692,0.818
123694,0.34
123695,0.6
123699,0.496
123701,0.252
123709,0.422
123713,0.536
123719,0.436
123723,0.888
123726,0.89
123729,0.922
123730,0.88
123732,0.882
123733,0.95
123735,0.936
123742,0.856
123744,0.904
123748,0.882
123750,0.91
123760,0.584
123768,0.824
123772,0.296
123788,0.306
123798,0.35
123799,0.356
123804,0.41
123818,0.09
123823,0.204
123826,0.112
123827,0.232
123829,0.178
123836,0.584
123839,0.874
123841,0.554
123847,0.572
123848,0.892
123850,0.958
123853,0.972
123865,0.486
123866,0.254
123869,0.254
123877,0.298
123881,0.26
123884,0.866
123889,0.866
123893,0.948
123895,0.928
123905,0.954
123910,0.978
123924,0.974
123927,0.884
123926,0.974
123930,0.962
123938,0.996
123941,0.946
123942,0.938
123944,0.972
123946,0.962
123979,0.506
123982,0.83
123985,0.888
123989,0.968
123990,0.936
123991,0.966
123996,0.252
124003,0.176
124013,0.576
124015,0.22
124018,0.384
124020,0.48
124032,0.382
124037,0.886
124049,0.312
124053,0.83
124055,0.56
124067,0.516
124070,0.8
124072,0.922
124079,0.232
124091,0.264
124104,0.438
124106,0.726
124113,0.424
124116,0.758
124121,0.438
124131,0.57
124127,0.92
124128,0.606
124132,0.66
124124,0.92
124134,0.794
124136,0.328
124135,0.674
124140,0.488
124151,0.532
124159,0.764
124180,0.93
124181,0.886
124157,0.928
124165,0.938
124193,0.934
124185,0.85
124171,0.946
124175,0.964
124213,0.496
124215,0.848
124219,0.892
124222,0.918
124227,0.908
124228,0.944
124230,0.884
124239,0.662
124242,0.34
124243,0.49
124245,0.502
124249,0.944
124250,0.942
124256,0.938
124258,0.92
124261,0.912
124262,0.89
124269,0.216
124279,0.534
124283,0.874
124285,0.928
124291,0.936
124290,0.892
124293,0.882
124296,0.97
124297,0.98
124300,0.958
124305,0.97
124306,0.978
124308,0.964
124318,0.58
124335,0.608
124340,0.184
124349,0.658
124350,0.724
124351,0.768
124360,0.764
124361,0.778
124370,0.398
124378,0.536
124381,0.218
124387,0.51
124393,0.528
124396,0.564
124400,0.466
124403,0.356
124405,0.594
124409,0.564
124415,0.634
124426,0.668
124427,0.782
124429,0.866
124435,0.954
124440,0.922
124441,0.854
124448,0.958
124451,0.918
124460,0.972
124465,0.608
124469,0.83
124471,0.896
124486,0.768
124489,0.646
124494,0.672
124498,0.756
124502,0.906
124504,0.952
124509,0.686
124514,0.882
124521,0.94
124525,0.886
124541,0.72
124547,0.64
124551,0.642
124570,0.794
124571,0.778
124578,0.942
124581,0.77
124582,0.922
124586,0.972
124595,0.918
124596,0.978
124603,0.572
124604,0.76
124608,0.648
124610,0.82
124612,0.824
124618,0.924
124619,0.936
124624,0.928
124628,0.946
124634,0.972
124640,0.88
124643,0.918
124650,0.916
124651,0.928
124653,0.868
124657,0.916
124670,0.29
124675,0.742
124681,0.606
124682,0.314
124683,0.53
124684,0.802
124703,0.26
124711,0.342
124715,0.238
124718,0.392
124721,0.426
124727,0.358
124728,0.516
124733,0.512
124735,0.174
124736,0.312
124764,0.402
124748,0.354
124760,0.718
124768,0.254
124772,0.62
124779,0.472
124783,0.524
124786,0.848
124787,0.798
124788,0.79
124798,0.362
124800,0.874
124808,0.95
124810,0.48
124820,0.478
124821,0.806
124830,0.948
124831,0.964
124832,0.958
124834,0.96
124837,0.926
124838,0.978
124846,0.916
124847,0.9
124855,0.944
124872,0.954
124874,0.984
124875,0.952
124881,0.988
124884,0.992
124885,0.982
124886,0.976
124896,0.55
124904,0.534
124905,0.772
124909,0.242
124918,0.298
124922,0.432
124924,0.72
124928,0.282
124938,0.792
124943,0.882
124967,0.524
124969,0.64
124970,0.636
124984,0.516
124982,0.654
124981,0.63
124977,0.766
124996,0.298
125006,0.256
125008,0.57
125012,0.242
125016,0.446
125018,0.634
125019,0.704
125028,0.316
125036,0.454
125040,0.356
125042,0.492
125050,0.214
125054,0.256
125063,0.296
125068,0.316
125069,0.672
125077,0.302
125078,0.82
125080,0.796
125084,0.356
125088,0.524
125101,0.194
125111,0.3
125115,0.428
125118,0.484
125121,0.618
125132,0.636
125139,0.548
125142,0.914
125147,0.494
125152,0.738
125159,0.74
125160,0.83
125166,0.758
125172,0.918
125175,0.836
125177,0.83
125180,0.904
49402,0.97
49405,0.978
49410,0.976
49412,0.892
49420,0.938
49423,0.354
49427,0.82
49430,0.42
49431,0.27
49463,0.418
49470,0.768
49471,0.634
49473,0.79
49474,0.452
49481,0.22
49482,0.272
49485,0.134
49486,0.268
49487,0.196
49488,0.318
49494,0.134
49496,0.132
49499,0.41
49501,0.386
49515,0.162
49518,0.768
49521,0.38
49530,0.254
49532,0.318
49539,0.532
49542,0.842
49545,0.724
49552,0.384
49561,0.46
49565,0.722
49570,0.618
49581,0.3
49586,0.766
49595,0.704
49596,0.87
49600,0.802
49604,0.84
49605,0.836
49609,0.9
49612,0.356
49616,0.888
49630,0.454
49634,0.148
49646,0.58
49647,0.782
49658,0.46
49669,0.312
49673,0.774
49675,0.27
49676,0.596
49677,0.448
49679,0.89
49687,0.414
49689,0.412
49695,0.474
49702,0.534
49703,0.77
49705,0.94
49710,0.196
49713,0.122
49717,0.196
49721,0.214
49729,0.258
49730,0.182
49736,0.298
49737,0.188
49738,0.266
49744,0.152
49752,0.422
49754,0.726
49753,0.898
49756,0.938
49757,0.83
49760,0.958
49761,0.982
49763,0.2
49770,0.578
49780,0.42
49789,0.158
49791,0.898
49794,0.946
49795,0.876
49797,0.926
49798,0.95
49810,0.77
49820,0.844
49827,0.544
49831,0.444
49832,0.278
49833,0.198
49837,0.332
49838,0.634
49839,0.672
49852,0.586
49856,0.29
49859,0.198
49861,0.726
49867,0.282
49868,0.706
49869,0.9
49870,0.82
49892,0.224
49891,0.718
49898,0.104
49899,0.148
49905,0.102
49912,0.254
49915,0.21
49919,0.156
49918,0.28
49926,0.232
49927,0.38
49937,0.296
49941,0.156
49945,0.158
49950,0.142
49951,0.312
49953,0.54
49954,0.33
49958,0.516
49968,0.144
49973,0.4
49979,0.14
49983,0.31
49991,0.164
49998,0.178
49999,0.754
50004,0.51
50006,0.716
50007,0.884
50027,0.3
50028,0.608
50031,0.204
50033,0.14
50036,0.09
50043,0.12
50044,0.238
50045,0.228
50046,0.396
50055,0.132
50056,0.764
50059,0.15
50060,0.322
50068,0.248
50069,0.242
50081,0.118
50083,0.372
50084,0.246
50092,0.132
50098,0.416
50099,0.864
50102,0.35
50104,0.406
50107,0.266
50120,0.59
50124,0.768
50129,0.926
50141,0.5
50143,0.104
50150,0.35
50152,0.144
50169,0.598
50171,0.73
50182,0.182
50186,0.112
50190,0.122
50198,0.112
50200,0.342
50203,0.186
50209,0.712
50218,0.836
50219,0.88
50226,0.714
50227,0.668
50229,0.874
50232,0.878
50235,0.838
50243,0.964
50252,0.928
50256,0.952
50268,0.492
50271,0.874
50281,0.486
50283,0.238
50285,0.488
50292,0.432
50294,0.31
50295,0.404
50297,0.348
50298,0.268
50301,0.244
50306,0.458
50309,0.2
50322,0.164
50329,0.156
50332,0.284
50340,0.492
50342,0.254
50344,0.218
50349,0.244
50352,0.576
50354,0.534
50362,0.42
50363,0.654
50372,0.39
50381,0.5
50384,0.124
50388,0.234
50391,0.574
50393,0.486
50401,0.214
50402,0.342
50409,0.258
50411,0.272
50412,0.234
50414,0.096
50417,0.176
50419,0.26
50421,0.164
50422,0.536
50425,0.472
50427,0.13
50428,0.238
50446,0.248
50448,0.4
50450,0.232
50452,0.822
50454,0.33
50469,0.55
50477,0.768
50481,0.848
50486,0.864
50496,0.674
50506,0.528
50513,0.878
50514,0.952
50519,0.972
50521,0.91
50527,0.978
50531,0.94
50533,0.956
50536,0.892
50537,0.964
50545,0.556
50552,0.604
50555,0.854
50556,0.328
50561,0.084
50568,0.618
50583,0.42
50591,0.082
50602,0.078
50618,0.174
50619,0.478
50622,0.342
50626,0.558
50627,0.806
50628,0.826
50635,0.828
50638,0.812
50644,0.53
50649,0.134
50653,0.312
50656,0.256
50658,0.22
50660,0.322
50663,0.344
50668,0.624
50672,0.312
50679,0.67
50681,0.196
50683,0.202
50704,0.588
50709,0.844
50711,0.35
50719,0.576
50721,0.652
50725,0.626
50730,0.376
50731,0.586
50732,0.164
50737,0.166
50739,0.292
50742,0.42
50747,0.284
50757,0.578
50760,0.886
50762,0.814
50765,0.848
50768,0.864
50784,0.476
50797,0.266
50798,0.5
50803,0.36
50802,0.382
50806,0.256
50812,0.512
50815,0.574
50819,0.496
50823,0.74
50827,0.246
50831,0.178
50832,0.436
50835,0.19
50836,0.204
50837,0.35
50848,0.666
50850,0.586
50843,0.74
50855,0.63
50849,0.942
50860,0.738
50863,0.89
50874,0.292
50876,0.552
50879,0.602
50886,0.29
50894,0.146
50902,0.218
50904,0.11
50906,0.11
50912,0.532
50925,0.302
50928,0.466
50929,0.464
50936,0.836
50950,0.388
50954,0.772
50958,0.428
50967,0.276
50973,0.224
50976,0.508
50977,0.55
50978,0.48
50986,0.33
50990,0.568
50992,0.132
51004,0.214
51005,0.672
51010,0.224
51022,0.566
51030,0.6
51039,0.526
51041,0.458
51049,0.174
51052,0.214
51054,0.314
51058,0.234
51067,0.472
51068,0.368
51070,0.346
51071,0.706
51073,0.442
51078,0.41
51082,0.164
51097,0.362
51098,0.316
51099,0.622
51108,0.09
51109,0.078
51114,0.408
51117,0.4
51123,0.202
51125,0.742
51139,0.522
51146,0.728
51150,0.302
51152,0.276
51160,0.134
51163,0.276
51176,0.348
51179,0.53
51185,0.438
51188,0.698
51191,0.938
51192,0.926
51197,0.64
51200,0.426
51207,0.524
51213,0.138
51216,0.35
51220,0.126
51228,0.32
51231,0.264
51236,0.236
51237,0.202
51238,0.214
51250,0.23
51251,0.412
51259,0.266
51272,0.392
51277,0.41
51287,0.308
51291,0.414
51300,0.316
51322,0.288
51332,0.328
51342,0.134
51344,0.192
51348,0.144
51366,0.15
51374,0.576
51377,0.22
51385,0.494
51388,0.284
51390,0.794
51391,0.67
51394,0.844
51396,0.134
51398,0.388
51404,0.208
51419,0.154
51441,0.186
51442,0.454
51446,0.768
51447,0.81
51453,0.776
51457,0.832
51461,0.908
51469,0.358
51470,0.754
51474,0.868
51483,0.212
51487,0.262
51489,0.396
51494,0.438
51495,0.682
51499,0.138
51500,0.438
51504,0.24
51511,0.362
51509,0.718
51525,0.16
51532,0.104
51533,0.576
51539,0.066
51542,0.152
51546,0.104
51547,0.308
51549,0.926
51558,0.182
51562,0.368
51563,0.91
51574,0.392
51575,0.492
51579,0.2
51586,0.262
51590,0.424
51592,0.256
51596,0.342
51609,0.552
51610,0.262
51614,0.194
51615,0.33
51620,0.502
51636,0.206
51640,0.84
51642,0.352
51644,0.2
51646,0.1
51648,0.212
51654,0.166
51656,0.194
51663,0.434
51666,0.464
51673,0.2
51674,0.182
51675,0.598
51676,0.206
51678,0.244
51679,0.24
51686,0.18
51687,0.402
51689,0.188
51690,0.158
51693,0.18
51696,0.262
51698,0.06
51707,0.23
51716,0.672
51718,0.742
51720,0.62
51724,0.534
51730,0.112
51733,0.228
51737,0.628
51762,0.566
51764,0.314
51768,0.148
51770,0.578
51773,0.788
51776,0.578
51778,0.84
51787,0.876
51789,0.846
51799,0.59
51802,0.798
51806,0.91
51810,0.858
51818,0.88
51824,0.928
51835,0.952
51845,0.972
51849,0.934
51851,0.95
51856,0.95
51859,0.98
51867,0.98
51885,0.166
51887,0.256
51890,0.17
51900,0.474
51907,0.78
51910,0.856
51923,0.9
51925,0.92
51926,0.976
51930,0.942
51936,0.964
51946,0.906
51947,0.968
51948,0.982
51950,0.98
51963,0.6
51971,0.172
51975,0.394
51977,0.594
51978,0.332
51981,0.23
51982,0.396
51984,0.168
51993,0.196
51997,0.406
51998,0.344
51999,0.37
52005,0.228
52006,0.27
52008,0.632
52009,0.796
52010,0.674
52015,0.392
52017,0.244
52020,0.308
52021,0.224
52022,0.278
52025,0.402
52026,0.292
52030,0.512
52042,0.628
52057,0.788
52064,0.614
52065,0.9
52069,0.87
52074,0.944
52075,0.968
52077,0.914
52078,0.94
52080,0.916
52081,0.94
52084,0.926
52088,0.99
52089,0.944
52090,0.978
52091,0.942
52095,0.968
52105,0.616
52112,0.43
52119,0.09
52120,0.566
52123,0.6
52138,0.666
52142,0.22
52145,0.226
52146,0.586
52154,0.222
52156,0.126
52159,0.596
52160,0.47
52161,0.184
52163,0.14
52164,0.408
52166,0.298
52175,0.392
52177,0.182
52179,0.28
52183,0.554
52186,0.382
52201,0.51
52203,0.648
52205,0.644
52218,0.478
52221,0.746
52225,0.608
52239,0.114
52240,0.296
52250,0.5
52256,0.368
52259,0.352
52261,0.176
52264,0.622
52266,0.83
52267,0.856
52269,0.542
52274,0.92
52277,0.458
52284,0.232
52288,0.644
52296,0.572
52301,0.274
52302,0.37
52323,0.156
52324,0.262
52326,0.466
52328,0.31
52341,0.544
52340,0.806
52345,0.662
52349,0.754
52354,0.932
52358,0.758
52360,0.928
52362,0.952
52363,0.946
52366,0.964
52372,0.884
52377,0.946
52378,0.452
52380,0.504
52386,0.768
52390,0.24
52401,0.196
52416,0.328
52418,0.742
52419,0.55
52421,0.482
52422,0.466
52423,0.85
52428,0.258
52429,0.198
52435,0.45
52441,0.204
52443,0.794
52448,0.498
52453,0.264
52462,0.244
52465,0.276
52472,0.244
52479,0.54
52480,0.662
52481,0.74
52483,0.778
52485,0.724
52508,0.508
52507,0.374
52510,0.246
52518,0.452
52527,0.316
52528,0.316
52529,0.406
52549,0.266
52551,0.374
52552,0.258
52553,0.428
52555,0.334
52556,0.286
52574,0.568
52576,0.77
52589,0.416
52598,0.274
52601,0.26
52602,0.264
52603,0.282
52606,0.192
52608,0.54
52614,0.478
52616,0.546
52628,0.238
52633,0.204
52642,0.318
52646,0.314
52647,0.85
52648,0.928
52651,0.964
52656,0.316
52659,0.18
52663,0.23
52668,0.194
52669,0.446
52673,0.27
52674,0.298
52676,0.242
52683,0.406
52680,0.382
52682,0.298
52681,0.702
52692,0.118
52699,0.304
52701,0.392
52703,0.354
52704,0.546
52711,0.302
52713,0.264
52714,0.556
52733,0.544
52734,0.772
52744,0.47
52737,0.61
52755,0.882
52760,0.39
52759,0.654
52750,0.646
52743,0.93
52742,0.728
52777,0.516
52780,0.62
52782,0.758
52791,0.336
52811,0.642
52819,0.518
52832,0.284
52835,0.264
52842,0.304
52848,0.174
52855,0.194
52862,0.45
52866,0.318
52875,0.586
52879,0.414
52890,0.284
52891,0.18
52903,0.092
52913,0.114
52915,0.124
52926,0.298
52928,0.204
52932,0.464
52939,0.558
52940,0.624
52942,0.404
52945,0.428
52948,0.454
52966,0.35
52970,0.572
52976,0.766
52978,0.93
52983,0.908
52987,0.892
52988,0.94
52998,0.91
53000,0.91
53002,0.936
53003,0.944
53005,0.896
53008,0.944
53010,0.964
53018,0.976
53019,0.998
53020,0.986
53027,0.982
53026,0.984
53032,0.948
53037,0.986
53043,0.666
53059,0.848
53062,0.932
53072,0.822
53071,0.918
53074,0.874
53084,0.912
53086,0.938
53095,0.93
53100,0.96
53098,0.952
53102,0.972
53106,0.976
53112,0.958
53118,0.946
53119,0.968
53125,0.95
53126,0.956
53127,0.962
53129,0.964
53131,0.96
53133,0.954
53136,0.998
53141,0.984
53144,0.994
53158,0.974
53164,0.924
53172,0.894
53174,0.878
53181,0.518
53183,0.326
53186,0.55
53188,0.61
53192,0.338
53194,0.422
53197,0.214
53199,0.4
53204,0.358
53205,0.502
53206,0.616
53207,0.896
53209,0.512
53212,0.772
53215,0.95
53218,0.864
53219,0.932
53222,0.956
53224,0.96
53231,0.962
53233,0.948
53240,0.972
53243,0.972
53246,0.968
53256,0.886
53260,0.352
53264,0.218
53265,0.89
53267,0.924
53269,0.89
53270,0.48
53271,0.682
53276,0.2
53287,0.366
53290,0.742
53292,0.874
53299,0.49
53306,0.882
53308,0.95
53317,0.852
53322,0.55
53325,0.81
53333,0.934
53335,0.858
53337,0.906
53336,0.778
53347,0.942
53351,0.942
53360,0.938
53362,0.946
53374,0.42
53375,0.888
53379,0.906
53380,0.904
53381,0.926
53382,0.88
53387,0.952
53394,0.508
53396,0.802
53407,0.428
53412,0.848
53416,0.9
53418,0.962
53419,0.934
53422,0.914
53434,0.908
53436,0.96
53449,0.948
53452,0.922
53453,0.942
53457,0.984
53463,0.974
53465,0.982
53469,0.984
53470,0.968
53474,0.392
53475,0.574
53483,0.45
53490,0.358
53497,0.504
53499,0.738
53503,0.82
53508,0.89
53513,0.614
53522,0.206
53525,0.782
53530,0.866
53537,0.262
53538,0.464
53539,0.568
53543,0.312
53552,0.356
53554,0.5
53563,0.284
53572,0.23
53578,0.51
53587,0.456
53608,0.234
53625,0.162
53598,0.246
53626,0.3
53634,0.312
53636,0.194
53643,0.17
53647,0.128
53648,0.258
53653,0.192
53657,0.776
53656,0.744
53681,0.162
53668,0.352
53685,0.328
53688,0.334
53712,0.132
53717,0.174
53780,0.508
53742,0.416
53784,0.488
53753,0.862
53739,0.392
53766,0.618
53729,0.426
53790,0.374
53754,0.274
53724,0.584
53777,0.51
53807,0.848
53806,0.408
53805,0.806
53811,0.874
53818,0.512
53821,0.284
53828,0.274
53835,0.246
53873,0.256
53847,0.394
53877,0.82
53850,0.36
53844,0.326
53871,0.376
53841,0.25
53840,0.362
53875,0.27
53879,0.282
53842,0.2
53874,0.264
53885,0.342
53905,0.536
53906,0.382
53900,0.244
53909,0.34
53913,0.174
53914,0.406
53919,0.302
53923,0.644
53922,0.42
53927,0.798
53916,0.818
53920,0.736
53918,0.73
53925,0.81
53930,0.266
53941,0.116
53937,0.246
53940,0.394
54007,0.184
53935,0.192
53985,0.416
53954,0.25
53967,0.49
53934,0.25
54019,0.44
54017,0.348
54020,0.452
54021,0.468
54025,0.532
54044,0.204
54069,0.398
54043,0.442
54027,0.464
54071,0.298
54055,0.376
54072,0.21
54074,0.254
54041,0.232
54075,0.214
54037,0.74
54032,0.558
54051,0.338
54082,0.43
54085,0.316
54080,0.332
54103,0.382
54104,0.87
54118,0.374
54126,0.288
54128,0.482
54137,0.404
54139,0.142
54140,0.252
54141,0.338
54147,0.192
54148,0.342
54150,0.38
54154,0.478
54164,0.388
54179,0.216
54181,0.158
54189,0.134
54206,0.34
54215,0.54
54216,0.276
54225,0.356
54226,0.52
54227,0.212
54231,0.368
54235,0.314
54236,0.198
54241,0.42
54259,0.258
54260,0.368
54269,0.544
54270,0.724
54277,0.216
54278,0.434
54288,0.478
54292,0.534
54304,0.796
54306,0.812
54308,0.868
54313,0.888
54322,0.97
54328,0.83
54343,0.63
54352,0.83
54357,0.836
54361,0.454
54368,0.528
54369,0.82
54383,0.878
54384,0.932
54386,0.904
54401,0.538
54402,0.802
54403,0.896
54404,0.926
54405,0.924
54413,0.398
54420,0.504
54423,0.658
54424,0.646
54428,0.494
54429,0.292
54432,0.558
54444,0.292
54447,0.458
54453,0.192
54456,0.208
54466,0.368
54467,0.396
54469,0.298
54474,0.17
54488,0.244
54489,0.46
54495,0.448
54499,0.292
54503,0.396
54512,0.156
54516,0.192
54519,0.384
54523,0.158
54527,0.16
54533,0.522
54534,0.888
54537,0.162
54539,0.176
54547,0.466
54552,0.158
54556,0.204
54571,0.348
54576,0.868
54587,0.536
54589,0.79
54591,0.87
54593,0.38
54594,0.228
54601,0.35
54605,0.24
54606,0.47
54607,0.438
54617,0.408
54618,0.856
54626,0.622
54632,0.498
54637,0.598
54638,0.658
54640,0.796
54642,0.722
54657,0.962
54660,0.942
54667,0.944
54673,0.96
54674,0.9
54675,0.984
54686,0.978
54695,0.856
54696,0.874
54700,0.898
54704,0.92
54709,0.894
54712,0.818
54719,0.282
54729,0.442
54733,0.592
54747,0.396
54750,0.308
54763,0.27
54765,0.776
54768,0.726
54769,0.562
54772,0.422
54774,0.292
54786,0.482
54789,0.466
54790,0.56
54793,0.288
54799,0.762
54803,0.798
54807,0.844
54818,0.412
54822,0.174
54827,0.24
54835,0.164
54836,0.262
54839,0.578
54840,0.392
54848,0.534
54850,0.812
54870,0.556
54876,0.852
54906,0.426
54909,0.812
54910,0.752
54913,0.87
54914,0.756
54915,0.702
54936,0.92
54938,0.948
54943,0.952
54949,0.988
54952,0.992
54958,0.956
54963,0.956
54967,0.16
54970,0.816
54971,0.816
54983,0.258
54984,0.816
54995,0.512
54997,0.418
55014,0.416
55017,0.51
55019,0.328
55020,0.458
55026,0.364
55027,0.738
55031,0.376
55032,0.334
55036,0.418
55049,0.25
55057,0.286
55061,0.272
55062,0.676
55069,0.278
55073,0.58
55080,0.938
55082,0.962
55105,0.616
55107,0.868
55109,0.884
55110,0.926
55111,0.866
55112,0.912
55116,0.9
55118,0.964
55124,0.75
55136,0.606
55137,0.908
55140,0.168
55154,0.226
55155,0.466
55157,0.316
55164,0.236
55170,0.292
55173,0.256
55174,0.282
55178,0.524
55187,0.608
55194,0.572
55198,0.72
55199,0.656
55200,0.21
55207,0.466
55213,0.538
55214,0.548
55215,0.76
55217,0.522
55225,0.374
55235,0.79
55236,0.908
55248,0.492
55253,0.252
55256,0.806
55259,0.886
55263,0.904
55265,0.962
55270,0.54
55274,0.91
55286,0.902
55303,0.912
55307,0.956
55321,0.644
55334,0.61
55340,0.914
55348,0.908
55349,0.884
55350,0.936
55351,0.91
55353,0.958
55354,0.904
55355,0.964
55365,0.944
55374,0.498
55377,0.846
55381,0.942
55389,0.572
55394,0.402
55396,0.324
55397,0.31
55405,0.722
55406,0.7
55410,0.45
55416,0.652
55417,0.844
55440,0.392
55443,0.682
55444,0.916
55445,0.914
55447,0.836
55448,0.952
55451,0.942
55457,0.916
55460,0.466
55465,0.8
55471,0.938
55484,0.91
55490,0.918
55493,0.874
55494,0.924
55498,0.96
55501,0.968
55502,0.966
55524,0.548
55528,0.894
55540,0.83
55545,0.838
55549,0.962
55553,0.97
55555,0.928
55560,0.884
55562,0.43
55564,0.62
55570,0.252
55571,0.34
55585,0.274
55590,0.41
55591,0.868
55592,0.682
55598,0.86
55599,0.664
55601,0.532
55620,0.304
55627,0.186
55642,0.316
55644,0.472
55645,0.912
55654,0.19
55655,0.294
55657,0.258
55665,0.592
55666,0.186
55668,0.228
55669,0.85
55671,0.87
55672,0.464
55680,0.39
55684,0.422
55689,0.48
55690,0.526
55692,0.392
55694,0.162
55697,0.436
55705,0.488
55714,0.446
55719,0.164
55723,0.316
55725,0.464
55727,0.356
55728,0.278
55730,0.524
55737,0.576
55746,0.878
55748,0.842
55756,0.902
55760,0.898
55774,0.58
55783,0.886
55784,0.916
55786,0.948
55792,0.928
55794,0.948
55796,0.68
55798,0.928
55800,0.838
55804,0.766
55806,0.938
55808,0.804
55814,0.954
55821,0.416
55823,0.468
55840,0.48
55852,0.63
55855,0.91
55857,0.82
55860,0.838
55884,0.45
55889,0.392
55900,0.464
55903,0.226
55904,0.374
55905,0.888
55914,0.612
55917,0.392
55919,0.59
55924,0.3
55925,0.548
55932,0.376
55935,0.786
55944,0.934
55946,0.86
55948,0.962
55949,0.96
55953,0.988
55954,0.97
55959,0.94
55962,0.956
55966,0.5
55975,0.632
55980,0.84
55997,0.454
55998,0.79
56000,0.852
56015,0.558
56020,0.912
56024,0.696
56025,0.412
56038,0.564
56040,0.762
56043,0.884
56044,0.966
56048,0.942
56050,0.968
56057,0.974
56061,0.962
56063,0.98
56070,0.966
56083,0.982
56086,0.99
56087,0.992
56088,0.988
56099,0.976
56104,0.992
56115,0.992
56116,0.978
56118,0.998
56124,1.0
56127,0.922
56134,0.892
56141,0.444
56148,0.606
56152,0.918
56166,0.718
56168,0.906
56171,0.726
56174,0.96
56175,0.974
56176,0.972
56192,0.934
56194,0.88
56195,0.612
56204,0.336
56205,0.336
56212,0.578
56231,0.612
56237,0.634
56247,0.57
56250,0.568
56256,0.46
56257,0.828
56258,0.54
56260,0.676
56261,0.656
56266,0.536
56267,0.858
56277,0.864
56280,0.62
56285,0.638
56289,0.784
56295,0.908
56304,0.916
56305,0.932
56310,0.944
56318,0.98
56328,0.982
56331,0.96
56336,0.912
56338,1.0
56350,0.484
56353,0.888
56363,0.674
56370,0.792
56381,0.506
56385,0.942
56391,0.66
56400,0.932
56402,0.948
56403,0.944
56405,0.964
56416,0.146
56417,0.572
56421,0.594
56422,0.846
56423,0.842
56426,0.918
56428,0.92
56430,0.946
56432,0.934
56433,0.908
56444,0.95
56455,0.926
56457,0.336
56463,0.78
56473,0.868
56484,0.252
56490,0.848
56492,0.924
56493,0.93
56499,0.948
56500,0.958
56501,0.982
56510,0.954
56511,0.892
56520,0.474
56524,0.832
56525,0.902
56535,0.902
56537,0.908
56540,0.918
56542,0.944
56543,0.958
56548,0.7
56551,0.466
56559,0.912
56565,0.592
56571,0.47
56576,0.918
56578,0.618
56579,0.586
56585,0.5
56591,0.396
56596,0.33
56598,0.72
56602,0.852
56601,0.846
56604,0.868
56612,0.862
56615,0.928
56617,0.924
56622,0.404
56628,0.274
56630,0.458
56636,0.268
56639,0.924
56645,0.948
56655,0.914
56665,0.95
56675,0.974
56677,0.976
56688,0.964
56690,0.998
56698,0.308
56713,0.742
56714,0.9
56729,0.584
56740,0.554
56741,0.942
56750,0.656
56751,0.966
56757,0.956
56761,0.648
56771,0.912
56774,0.944
56775,0.852
56780,0.424
56782,0.724
56784,0.618
56790,0.728
56791,0.898
56795,0.63
56796,0.38
56802,0.216
56812,0.186
56816,0.32
56818,0.292
56825,0.56
56836,0.18
56837,0.282
56840,0.21
56845,0.238
56852,0.274
56853,0.292
56855,0.312
56860,0.432
56861,0.446
56867,0.408
56868,0.342
56872,0.428
56879,0.578
56881,0.886
56883,0.926
56884,0.946
56888,0.994
56895,0.984
56896,0.97
56898,0.97
56900,0.994
56904,0.992
56907,0.988
56909,0.908
56912,0.998
56917,0.994
56920,0.994
56925,0.994
56933,0.996
56935,0.982
56945,0.978
56952,0.932
56956,0.53
56958,0.892
56962,0.906
56965,0.906
56970,0.952
56974,0.616
56976,0.96
56985,0.632
56987,0.93
56989,0.89
56998,0.85
57000,0.908
57004,0.988
57007,0.878
57024,0.96
57036,0.996
57045,0.99
57049,0.974
57051,0.982
57056,0.506
57059,0.908
57061,0.94
57068,0.956
57071,0.982
57075,0.982
57077,0.978
57083,0.974
57088,0.644
57091,0.406
57102,0.5
57103,0.642
57104,0.836
57109,0.47
57145,0.518
57169,0.544
57175,0.656
57180,0.8
57182,0.524
57184,0.864
57186,0.912
57194,0.62
57205,0.396
57207,0.79
57208,0.856
57214,0.91
57221,0.118
57229,0.666
57230,0.948
57241,0.942
57242,0.802
57248,1.0
57262,0.986
57266,0.998
57272,0.766
57273,0.924
57276,0.868
57277,0.884
57278,0.944
57281,0.902
57284,0.836
57290,0.782
57295,0.908
57300,0.17
57307,0.232
57318,0.454
57320,0.85
57332,0.73
57340,0.41
57339,0.628
57335,0.696
57334,0.876
57346,0.276
57347,0.81
57352,0.738
57370,0.632
57373,0.918
57380,0.744
57384,0.818
57387,0.918
57405,0.62
57408,0.872
57413,0.402
57415,0.506
57416,0.758
57418,0.268
57429,0.586
57430,0.876
57433,0.82
57434,0.704
57442,0.716
57451,0.802
57454,0.574
57460,0.678
57466,0.576
57474,0.566
57488,0.588
57506,0.616
57507,0.838
57516,0.588
57522,0.37
57529,0.518
57536,0.454
57561,0.83
57553,0.844
57565,0.916
57568,0.912
57575,0.938
57576,0.626
57578,0.874
57581,0.962
57582,0.856
57592,0.94
57594,0.968
57602,0.834
57609,0.932
57612,0.964
57616,0.996
57623,0.57
57624,0.564
57636,0.466
57637,0.908
57638,0.384
57642,0.498
57644,0.326
57645,0.55
57651,0.522
57668,0.562
57673,0.46
57677,0.406
57679,0.648
57684,0.908
57688,0.582
57696,0.426
57699,0.26
57702,0.514
57704,0.858
57714,0.49
57717,0.834
57719,0.91
57724,0.59
57725,0.756
57726,0.716
57730,0.758
57733,0.746
57738,0.864
57743,0.912
57748,0.938
57753,0.962
57754,0.874
57771,0.224
57775,0.35
57778,0.834
57779,0.52
57781,0.46
57788,0.566
57789,0.466
57792,0.472
57799,0.346
57800,0.382
57804,0.724
57813,0.922
57815,0.954
57817,0.898
57819,0.846
57830,0.822
57832,0.888
57834,0.884
57837,0.92
57840,0.918
57842,0.918
57847,0.886
57851,0.964
57859,0.496
57864,0.88
57871,0.826
57869,0.872
57879,0.532
57887,0.848
57913,0.864
57915,0.968
57922,0.908
57931,0.474
57932,0.928
57933,0.952
57936,0.604
57945,0.442
57946,0.798
57947,0.772
57948,0.88
57952,0.874
57957,0.908
57967,0.892
57971,0.918
57974,0.932
57984,0.894
57989,0.884
57992,0.976
58001,0.97
58011,0.978
58012,0.934
58021,0.984
58077,0.458
58089,0.716
58055,0.868
58110,0.868
58066,0.866
58067,0.834
58105,0.892
58058,0.894
58103,0.818
58106,0.932
58081,0.928
58071,0.944
58061,0.958
58060,0.916
58084,0.944
58120,0.542
58122,0.778
58124,0.828
58134,0.432
58139,0.356
58147,0.68
58154,0.572
58156,0.28
58159,0.284
58164,0.406
58166,0.582
58180,0.402
58183,0.906
58184,0.962
58185,0.882
58188,0.982
58198,0.974
58203,0.99
58210,0.978
58212,0.856
58224,0.994
58225,0.996
58230,0.996
58232,0.992
58243,1.0
58250,0.994
58256,0.972
58259,0.992
58264,0.992
58273,0.94
58279,0.998
58285,0.812
58286,0.93
58308,0.628
58318,0.936
58321,0.946
58320,0.958
58324,0.946
58327,0.996
58328,0.988
58337,0.906
58336,0.992
58345,0.996
58352,0.994
58354,0.72
58356,0.538
58358,0.842
58364,0.484
58367,0.442
58368,0.882
58376,0.62
58375,0.468
58377,0.57
58382,0.702
58385,0.412
58391,0.724
58393,0.81
58395,0.662
58403,0.656
58404,0.7
58412,0.332
58445,0.438
58446,0.806
58444,0.59
58441,0.502
58457,0.732
58460,0.638
58461,0.78
58470,0.814
58478,0.802
58480,0.87
58496,0.882
58497,0.908
58498,0.888
58502,0.546
58506,0.742
58507,0.904
58508,0.928
58522,0.564
58523,0.842
58525,0.818
58526,0.914
58527,0.908
58533,0.83
58534,0.906
58540,0.942
58543,0.932
58545,0.914
58547,0.894
58555,0.998
58564,0.908
58572,0.99
58575,0.994
58585,0.96
58591,0.986
58592,1.0
58598,0.864
58603,0.99
58617,0.99
58620,0.996
58621,0.992
58622,0.994
58624,0.992
58629,0.998
58634,0.998
58636,0.98
58637,0.956
58645,0.992
58653,0.994
58655,0.972
58656,0.982
58657,0.998
58667,0.71
58671,0.616
58673,0.648
58680,0.77
58681,0.842
58682,0.688
58690,0.934
58697,0.912
58700,0.95
58701,0.94
58708,0.946
58710,0.974
58712,0.916
58715,0.976
58717,0.962
58718,0.968
58757,0.378
58760,0.818
58762,0.928
58769,0.854
58771,0.54
58776,0.624
58777,0.756
58781,0.312
58786,0.478
58787,0.898
58792,0.832
58802,0.842
58806,0.438
58808,0.872
58814,0.93
58816,0.884
58817,0.572
58826,0.536
58837,0.416
58842,0.866
58850,0.384
58852,0.648
58853,0.632
58854,0.584
58870,0.52
58866,0.264
58869,0.498
58873,0.46
58898,0.702
58911,0.476
58925,0.884
58927,0.904
58931,0.944
58936,0.956
58943,0.98
58951,0.896
58953,0.956
58956,0.91
58972,0.93
58973,0.934
58974,0.916
58976,0.944
58979,0.964
58980,0.992
58983,0.986
58994,0.958
59008,0.984
59011,0.982
59012,0.958
59013,0.954
59014,0.97
59015,0.98
59016,0.932
59022,0.97
59023,0.984
59037,0.994
59040,0.984
59049,0.982
59054,0.976
59055,0.994
59056,0.992
59060,0.978
59065,0.948
59071,0.984
59072,0.918
59074,0.99
59085,0.42
59092,0.37
59100,0.358
59102,0.82
59103,0.93
59108,0.768
59109,0.942
59115,0.866
59116,0.858
59117,0.854
59122,0.314
59139,0.542
59145,0.49
59147,0.76
59158,0.62
59160,0.856
59181,0.37
59186,0.9
59188,0.93
59193,0.844
59195,0.984
59202,0.952
59204,0.928
59211,0.536
59212,0.82
59215,0.962
59214,0.918
59223,0.968
59231,0.906
59229,0.966
59234,0.978
59238,0.978
59242,0.278
59250,0.57
59254,0.472
59256,0.572
59259,0.628
59263,0.526
59265,0.278
59272,0.544
59276,0.85
59277,0.896
59295,0.812
59294,0.81
59296,0.88
59297,0.89
59301,0.834
59303,0.858
59305,0.884
59306,0.87
59311,0.936
59318,0.966
59319,0.966
59323,0.95
59330,0.956
59334,0.308
59337,0.54
59350,0.456
59348,0.86
59363,0.934
59353,0.91
59344,0.876
59342,0.506
59368,0.4
59370,0.836
59387,0.41
59390,0.89
59395,0.928
59406,0.9
59409,0.506
59410,0.592
59418,0.792
59421,0.868
59420,0.918
59424,0.922
59431,0.542
59433,0.928
59434,0.912
59437,0.972
59459,0.472
59446,0.902
59445,0.966
59444,0.94
59453,0.91
59467,0.938
59461,0.994
59462,0.898
59478,0.972
59486,0.98
59484,0.986
59501,0.53
59505,0.948
59514,0.878
59517,0.924
59520,0.936
59527,0.942
59532,0.896
59534,0.972
59537,0.944
59542,0.988
59548,0.99
59550,0.996
59551,0.994
59562,0.99
59565,0.95
59570,0.992
59571,0.996
59585,0.998
59586,0.95
59595,0.99
59599,0.988
59607,0.988
59615,0.99
59616,0.99
59618,0.986
59625,0.962
59626,0.986
59633,0.972
59640,1.0
59642,0.932
59643,0.996
59649,0.97
59659,0.994
59664,0.558
59667,0.91
59668,0.786
59670,0.648
59672,0.77
59686,0.87
59688,0.92
59700,0.96
59707,0.924
59708,0.916
59716,0.882
59719,0.934
59723,0.94
59724,0.94
59731,0.938
59738,0.726
59740,0.548
59751,0.596
59766,0.508
59768,0.858
59780,0.294
59786,0.474
59791,0.824
59793,0.94
59798,0.888
59814,0.568
59818,0.844
59821,0.866
59824,0.902
59834,0.976
59838,0.936
59840,0.988
59857,0.978
59863,0.586
59864,0.966
59866,0.984
59868,0.984
59873,0.962
59890,0.988
59892,0.976
59900,0.41
59901,0.878
59902,0.954
59903,0.448
59904,0.784
59906,0.92
59916,0.61
59917,0.396
59925,0.312
59938,0.74
59940,0.936
59950,0.29
59951,0.3
59961,0.636
59980,0.226
59987,0.424
59994,0.296
60001,0.35
60006,0.274
60008,0.21
60011,0.12
60016,0.538
60023,0.42
60024,0.48
60026,0.232
60031,0.18
60035,0.658
60039,0.38
60042,0.214
60043,0.182
60044,0.32
60046,0.346
60049,0.216
60050,0.62
60051,0.776
60054,0.914
60055,0.878
60065,0.402
60067,0.728
60071,0.872
60077,0.974
60081,0.968
60083,0.988
60087,0.524
60098,0.624
60097,0.806
60100,0.72
60105,0.626
60109,0.876
60110,0.906
60122,0.836
60123,0.976
60131,0.99
60135,0.962
60141,0.978
60151,0.978
60164,0.602
60165,0.782
60173,0.644
60180,0.542
60182,0.86
60196,0.492
60197,0.598
60201,0.242
60204,0.9
60213,0.212
60215,0.608
60217,0.894
60220,0.918
60221,0.892
60224,0.418
60230,0.402
60249,0.354
60250,0.834
60251,0.97
60258,0.512
60268,0.87
60272,0.85
60273,0.966
60279,0.978
60287,0.972
60289,0.952
60291,0.982
60296,0.98
60302,0.63
60307,0.342
60310,0.596
60313,0.458
60314,0.838
60320,0.612
60324,0.522
60326,0.58
60332,0.432
60343,0.494
60350,0.66
60353,0.8
60356,0.484
60364,0.68
60366,0.814
60365,0.946
60376,0.598
60378,0.634
60380,0.796
60381,0.92
60382,0.95
60391,0.968
60385,0.954
60386,0.966
60396,0.662
60407,0.474
60416,0.398
60421,0.572
60429,0.506
60430,0.872
60431,0.464
60440,0.374
60454,0.224
60456,0.3
60458,0.576
60464,0.334
60476,0.654
60482,0.85
60484,0.858
60485,0.932
60487,0.958
60492,0.88
60494,0.912
60496,0.826
60513,0.524
60519,0.634
60526,0.846
60551,0.924
60547,0.916
60536,0.96
60537,0.986
60539,0.87
60530,0.932
60535,0.92
60555,0.924
60564,0.944
60560,0.982
60558,0.99
60556,0.98
60570,0.486
60571,0.892
60574,0.924
60575,0.806
60577,0.79
60580,0.948
60586,0.292
60591,0.492
60596,0.83
60603,0.336
60607,0.646
60614,0.44
60621,0.824
60622,0.884
60627,0.362
60630,0.46
60632,0.354
60635,0.58
60648,0.614
60652,0.882
60659,0.248
60668,0.82
60673,0.524
60676,0.892
60682,0.952
60686,0.926
60687,0.602
60688,0.952
60692,0.668
60693,0.822
60694,0.958
60695,0.928
60698,0.922
60699,0.93
60701,0.982
60710,0.332
60712,0.37
60718,0.622
60720,0.192
60724,0.368
60725,0.77
60743,0.712
60755,0.478
60756,0.794
60761,0.506
60764,0.606
60777,0.91
60792,0.588
60801,0.584
60806,0.848
60808,0.892
60813,0.92
60811,0.946
60814,0.968
60824,0.71
60825,0.924
60829,0.914
60831,0.924
60845,0.98
60851,0.936
60864,0.92
60872,0.59
60874,0.824
60880,0.894
60886,0.934
60892,0.466
60897,0.36
60899,0.468
60903,0.508
60917,0.24
60925,0.386
60927,0.222
60931,0.33
60936,0.792
60937,0.474
60944,0.466
60948,0.544
60966,0.622
60972,0.5
60978,0.846
60980,0.942
61005,0.254
61014,0.418
61024,0.412
61029,0.278
61031,0.254
61045,0.564
61061,0.932
61064,0.92
61073,0.92
61074,0.962
61076,0.926
61079,0.956
61084,0.968
61087,0.97
61092,0.968
61107,0.99
61111,0.968
61116,0.974
61117,0.986
61118,0.974
61120,0.994
61122,0.986
61128,0.988
61129,0.988
61135,0.952
61136,0.984
61145,0.98
61166,0.986
61165,0.982
61168,0.992
61169,0.97
61171,0.988
61173,0.956
61177,1.0
61178,0.886
61181,0.428
61182,0.81
61185,0.3
61191,0.538
61202,0.796
61203,0.236
61205,0.406
61221,0.39
61214,0.792
61237,0.894
61232,0.704
61238,0.242
61246,0.72
61251,0.262
61252,0.364
61256,0.586
61262,0.862
61263,0.868
61275,0.662
61276,0.892
61279,0.974
61283,0.948
61287,0.956
61289,0.978
61291,0.95
61293,0.186
61294,0.908
61295,0.948
61297,0.912
61298,0.918
61299,0.414
61302,0.266
61304,0.106
61315,0.25
61321,0.136
61322,0.302
61329,0.12
61330,0.36
61337,0.548
61346,0.614
61351,0.812
61350,0.874
61352,0.93
61358,0.972
61364,0.93
61363,0.94
61370,0.398
61377,0.498
61384,0.498
61387,0.864
61392,0.594
61399,0.91
61400,0.962
61411,0.512
61412,0.39
61413,0.926
61419,0.966
61423,0.968
61425,0.974
61428,0.338
61442,0.52
61448,0.876
61449,0.848
61453,0.944
61458,0.902
61463,0.872
61465,0.924
61469,0.904
61488,0.426
61490,0.194
61493,0.602
61497,0.896
61502,0.952
61503,0.912
61510,0.904
61512,0.318
61514,0.232
61523,0.272
61525,0.872
61530,0.524
61532,0.91
61533,0.892
61535,0.246
61541,0.51
61543,0.816
61551,0.578
61558,0.478
61559,0.822
61569,0.84
61571,0.886
61575,0.884
61577,0.88
61579,0.95
61582,0.934
61583,0.964
61590,0.712
61599,0.542
61602,0.896
61606,0.28
61607,0.404
61609,0.62
61611,0.126
61618,0.176
61624,0.184
61625,0.136
61637,0.166
61645,0.642
61654,0.38
61666,0.554
61668,0.164
61669,0.178
61673,0.16
61684,0.15
61724,0.588
61685,0.892
61706,0.344
61719,0.78
61701,0.652
61697,0.954
61709,0.776
61713,0.796
61726,0.94
61741,0.23
61746,0.842
61733,0.432
61744,0.476
61749,0.454
61751,0.782
61762,0.738
61776,0.576
61778,0.91
61787,0.232
61788,0.326
61789,0.296
61790,0.408
61799,0.294
61801,0.294
61821,0.61
61808,0.32
61816,0.938
61813,0.94
61826,0.55
61827,0.556
61830,0.392
61848,0.388
61859,0.844
61837,0.832
61865,0.932
61845,0.914
61850,0.942
61851,0.756
61883,0.578
61884,0.452
61896,0.856
61897,0.62
61905,0.262
61908,0.84
61915,0.38
61918,0.884
61925,0.908
61931,0.896
61938,0.858
61939,0.796
61955,0.556
61958,0.874
61963,0.946
61964,0.938
61972,0.832
61971,0.91
61969,0.928
61977,0.964
61979,0.32
61980,0.92
61983,0.908
61990,0.402
61992,0.926
61994,0.93
62014,0.58
62016,0.666
62022,0.954
62033,0.922
62037,0.914
62046,0.654
62049,0.92
62050,0.666
62054,0.798
62057,0.77
62064,0.956
62067,0.96
62070,0.976
62079,0.984
62081,0.982
62083,0.956
62084,0.984
62096,0.534
62100,0.89
62101,0.91
62104,0.936
62109,0.932
62111,0.968
62121,0.982
62122,0.96
62131,0.93
62155,0.554
62158,0.818
62159,0.966
62160,0.878
62165,0.488
62174,0.916
62189,0.856
62192,0.658
62193,0.898
62198,0.932
62199,0.946
62207,0.564
62213,0.896
62221,0.944
62223,0.934
62225,0.97
62227,0.958
62235,0.62
62241,0.584
62253,0.884
62269,0.868
62271,0.958
62270,0.982
62283,0.424
62282,0.896
62286,0.89
62288,0.84
62289,0.888
62295,0.918
62298,0.906
62311,0.96
62316,0.956
62326,0.95
62329,0.952
62330,0.958
62331,0.956
62340,0.988
62342,0.998
62343,0.998
62358,0.99
62361,0.98
62362,0.998
62378,0.994
62379,0.996
62380,0.99
62381,0.998
62390,0.338
62403,0.876
62404,0.934
62407,0.926
62415,0.97
62421,0.948
62422,0.964
62423,0.978
62426,0.97
62438,0.978
62440,0.972
62445,0.982
62449,0.988
62448,0.996
62455,0.986
62463,0.89
62470,0.592
62473,0.896
62481,0.408
62482,0.658
62484,0.5
62486,0.896
62492,0.88
62493,0.952
62505,0.732
62516,0.95
62518,0.946
62522,0.966
62523,0.776
62530,0.984
62533,0.94
62534,0.982
62541,0.992
62543,0.75
62556,0.31
62566,0.328
62567,0.91
62568,0.422
62571,0.212
62573,0.838
62578,0.494
62591,0.802
62594,0.754
62599,0.474
62600,0.474
62604,0.608
62605,0.946
62613,0.764
62616,0.906
62625,0.42
62626,0.73
62628,0.494
62631,0.44
62655,0.354
62661,0.54
62664,0.63
62673,0.3
62680,0.628
62687,0.4
62695,0.51
62696,0.854
62703,0.378
62706,0.812
62714,0.38
62715,0.87
62717,0.792
62719,0.86
62734,0.29
62736,0.902
62740,0.804
62750,0.63
62759,0.288
62761,0.732
62768,0.21
62777,0.614
62787,0.634
62789,0.736
62791,0.74
62792,0.644
62793,0.946
62795,0.942
62799,0.39
62800,0.318
62806,0.6
62807,0.272
62811,0.426
62813,0.792
62823,0.692
62824,0.928
62829,0.77
62833,0.828
62828,0.874
62834,0.786
62836,0.522
62835,0.804
62843,0.334
62851,0.146
62854,0.782
62860,0.83
62865,0.188
62867,0.27
62868,0.328
62875,0.222
62876,0.22
62877,0.622
62879,0.28
62881,0.89
62885,0.906
62890,0.316
62891,0.282
62892,0.462
62893,0.266
62906,0.358
62908,0.9
62913,0.534
62916,0.46
62921,0.3
62928,0.286
62934,0.848
62938,0.42
62956,0.576
62959,0.916
62973,0.338
62974,0.512
62975,0.846
62978,0.216
62981,0.548
62982,0.444
62984,0.504
62993,0.316
63009,0.462
63010,0.71
63012,0.92
63023,0.552
63024,0.866
63027,0.706
63029,0.872
63030,0.754
63032,0.262
63045,0.468
63053,0.816
63056,0.462
63059,0.146
63066,0.572
63071,0.164
63077,0.896
63078,0.942
63081,0.976
63088,0.944
63091,0.952
63097,0.98
63102,0.954
63108,0.628
63111,0.696
63118,0.416
63121,0.426
63125,0.606
63128,0.496
63130,0.848
63144,0.866
63146,0.92
63152,0.842
63157,0.686
63159,0.962
63162,0.934
63171,0.952
63172,0.974
63175,0.956
63184,0.51
63189,0.876
63190,0.702
63194,0.838
63197,0.892
63198,0.9
63200,0.86
63202,0.842
63204,0.916
63208,0.97
63210,0.938
63215,0.928
63219,0.926
63220,0.972
63224,0.97
63225,0.966
63226,0.96
63228,0.976
63229,0.966
63232,0.48
63234,0.492
63238,0.334
63251,0.76
63255,0.864
63256,0.602
63258,0.738
63275,0.536
63293,0.854
63303,0.63
63309,0.494
63312,0.842
63313,0.888
63319,0.9
63324,0.94
63327,0.874
63331,0.66
63347,0.898
63349,0.288
63353,0.27
63361,0.69
63378,0.948
63390,0.574
63396,0.852
63397,0.876
63402,0.748
63404,0.922
63410,0.96
63419,0.676
63426,0.944
63427,0.938
63433,0.288
63435,0.26
63449,0.604
63462,0.472
63466,0.86
63473,0.558
63477,0.336
63479,0.922
63485,0.868
63498,0.906
63499,0.936
63508,0.928
63509,0.858
63511,0.954
63516,0.952
63518,0.946
63522,0.924
63532,0.602
63542,0.632
63544,0.9
63546,0.914
63547,0.976
63553,0.944
63562,0.968
63563,0.982
63567,0.98
63569,0.982
63577,0.994
63588,0.468
63591,0.846
63593,0.918
63594,0.964
63600,0.964
63602,0.982
63605,0.956
63611,0.978
63612,0.978
63613,0.976
63620,0.888
63623,0.986
63625,0.99
63628,0.986
63636,0.998
63640,0.998
63642,0.994
63643,0.994
63647,0.994
63655,0.978
63656,0.986
63660,0.99
63661,0.958
63663,0.478
63671,0.558
63680,0.288
63689,0.92
63691,0.946
63695,0.904
63699,0.968
63714,0.982
63717,0.984
63731,0.752
63738,0.956
63746,0.954
63748,0.592
63754,0.94
63760,0.946
63768,0.566
63770,0.808
63772,0.864
63773,0.414
63777,0.854
63781,0.852
63786,0.69
63785,0.852
63788,0.728
63790,0.35
63795,0.214
63802,0.59
63817,0.308
63818,0.768
63821,0.46
63824,0.892
63826,0.184
63831,0.358
63833,0.424
63837,0.422
63846,0.478
63847,0.288
63849,0.614
63860,0.586
63863,0.554
63869,0.25
63870,0.194
63879,0.704
63885,0.292
63887,0.21
63888,0.648
63894,0.762
63899,0.568
63900,0.376
63901,0.38
63910,0.628
63916,0.804
63918,0.516
63919,0.564
63923,0.542
63924,0.678
63925,0.386
63926,0.512
63927,0.568
63934,0.266
63939,0.424
63941,0.766
63943,0.802
63968,0.328
63976,0.318
63978,0.224
63988,0.25
63991,0.18
63995,0.406
64001,0.224
64018,0.312
64025,0.326
64024,0.778
64027,0.83
64041,0.268
64040,0.788
64033,0.722
64049,0.574
64059,0.434
64062,0.832
64071,0.356
64080,0.16
64092,0.172
64101,0.214
64103,0.17
64111,0.276
64122,0.788
64123,0.234
64126,0.212
64129,0.564
64131,0.856
64135,0.324
64136,0.738
64141,0.422
64142,0.696
64145,0.114
64154,0.228
64159,0.276
64161,0.254
64162,0.204
64176,0.154
64180,0.29
64183,0.156
64184,0.182
64185,0.666
64189,0.178
64190,0.342
64192,0.356
64194,0.842
64196,0.23
64198,0.21
64203,0.524
64214,0.634
64216,0.598
64219,0.506
64221,0.672
64230,0.558
64237,0.362
64301,0.358
64283,0.452
64244,0.858
64272,0.868
64241,0.958
64284,0.684
64242,0.884
64251,0.91
64249,0.912
64292,0.394
64252,0.728
64304,0.176
64318,0.184
64313,0.852
64325,0.866
64309,0.878
64319,0.802
64312,0.548
64324,0.904
64326,0.448
64330,0.29
64332,0.828
64334,0.778
64335,0.858
64340,0.858
64344,0.476
64351,0.522
64353,0.33
64355,0.774
64384,0.328
64386,0.856
64387,0.938
64389,0.884
64391,0.894
64392,0.958
64400,0.56
64403,0.91
64422,0.97
64424,0.968
64431,0.98
64436,0.984
64437,0.996
64448,0.988
64445,0.992
64447,0.992
64446,0.992
64451,0.996
64454,0.998
64479,0.994
64481,0.998
64484,1.0
64492,0.988
64493,0.984
64507,0.982
64510,1.0
64514,0.994
64518,0.654
64522,0.852
64537,0.962
64548,0.466
64550,0.752
64552,0.698
64555,0.244
64557,0.738
64563,0.196
64564,0.296
64566,0.362
64567,0.178
64577,0.118
64582,0.124
64584,0.69
64590,0.626
64593,0.216
64594,0.272
64599,0.478
64613,0.276
64627,0.282
64628,0.822
64634,0.922
64635,0.308
64641,0.254
64646,0.428
64650,0.882
64651,0.836
64654,0.796
64666,0.49
64679,0.484
64686,0.93
64691,0.348
64695,0.858
64703,0.902
64705,0.51
64712,0.642
64725,0.598
64726,0.674
64732,0.368
64739,0.478
64743,0.912
64744,0.362
64747,0.4
64748,0.752
64753,0.392
64756,0.47
64773,0.464
64784,0.26
64788,0.274
64793,0.452
64795,0.17
64813,0.362
64814,0.784
64821,0.556
64827,0.834
64830,0.762
64831,0.254
64833,0.196
64843,0.182
64847,0.164
64852,0.294
64853,0.358
64858,0.624
64865,0.878
64870,0.282
64871,0.7
64879,0.346
64888,0.386
64889,0.51
64905,0.292
64912,0.344
64913,0.918
64915,0.888
64918,0.938
64919,0.94
64925,0.374
64926,0.728
64929,0.696
64935,0.208
64939,0.25
64942,0.26
64943,0.318
64948,0.32
64954,0.608
64957,0.196
64961,0.24
64970,0.202
64974,0.236
64976,0.378
64986,0.6
64987,0.622
64992,0.692
64993,0.772
64998,0.91
64999,0.938
65000,0.664
65004,0.908
65008,0.93
65009,0.918
65018,0.938
65020,0.946
65021,0.906
65028,0.234
65031,0.374
65032,0.406
65053,0.618
65054,0.822
65064,0.882
65065,0.696
65079,0.398
65086,0.72
65091,0.88
65097,0.898
65101,0.952
65117,0.176
65123,0.302
65125,0.76
65126,0.87
65128,0.372
65143,0.442
65152,0.576
65154,0.188
65165,0.328
65186,0.418
65188,0.41
65189,0.542
65191,0.606
65192,0.492
65197,0.64
65212,0.364
65214,0.854
65215,0.944
65219,0.166
65223,0.584
65235,0.114
65242,0.12
65248,0.158
65255,0.12
65257,0.102
65259,0.21
65260,0.318
65269,0.152
65270,0.79
65271,0.704
65276,0.216
65281,0.34
65282,0.648
65283,0.76
65287,0.78
65295,0.958
65303,0.97
65309,0.978
65317,0.956
65337,0.664
65344,0.296
65350,0.912
65353,0.948
65354,0.958
65359,0.944
65363,0.922
65376,0.478
65387,0.246
65393,0.46
65402,0.462
65404,0.23
65405,0.476
65410,0.134
65415,0.046
65422,0.1
65430,0.06
65431,0.192
65433,0.066
65437,0.07
65443,0.15
65445,0.366
65446,0.884
65452,0.482
65457,0.832
65458,0.89
65461,0.494
65464,0.364
65466,0.21
65471,0.25
65472,0.18
65479,0.116
65483,0.256
65485,0.27
65488,0.434
65492,0.858
65495,0.732
65497,0.694
65502,0.44
65509,0.224
65511,0.318
65512,0.266
65524,0.492
65535,0.148
65540,0.158
65543,0.554
65545,0.864
65547,0.238
65556,0.444
65558,0.528
65560,0.74
65563,0.782
65564,0.826
65565,0.866
65567,0.478
65568,0.388
65570,0.454
65572,0.786
65576,0.228
65599,0.336
65608,0.46
65615,0.504
65630,0.45
65631,0.726
65636,0.768
65639,0.736
65642,0.502
65646,0.672
65647,0.82
65652,0.468
65655,0.548
65657,0.898
65660,0.934
65661,0.946
65667,0.864
65677,0.98
65678,0.978
65681,0.98
65683,0.844
65684,0.848
65685,0.85
65689,0.944
65693,0.928
65695,0.488
65702,0.23
65704,0.448
65706,0.27
65711,0.294
65721,0.51
65725,0.756
65735,0.88
65739,0.922
65741,0.422
65746,0.262
65748,0.314
65752,0.482
65763,0.4
65765,0.244
65790,0.476
65793,0.478
65799,0.412
65802,0.468
65807,0.4
65808,0.424
65811,0.512
65813,0.272
65818,0.512
65821,0.576
65823,0.438
65824,0.268
65831,0.628
65834,0.524
65835,0.408
65840,0.586
65844,0.78
65850,0.908
65851,0.938
65856,0.938
65865,0.942
65868,0.918
65870,0.954
65871,0.936
65875,0.962
65877,0.92
65882,0.41
65883,0.41
16471,0.2
16472,0.812
16473,0.83
16477,0.278
16485,0.338
16494,0.308
16498,0.192
16505,0.506
16516,0.512
16519,0.47
16521,0.4
16523,0.186
16538,0.328
16542,0.196
16547,0.776
16548,0.836
16572,0.212
16577,0.4
16594,0.56
16599,0.204
16605,0.272
16607,0.256
16608,0.276
16609,0.51
16613,0.33
16620,0.396
16625,0.258
16627,0.37
16632,0.306
16637,0.72
16640,0.866
16641,0.83
16651,0.488
16655,0.106
16658,0.26
16662,0.342
16663,0.558
16666,0.19
16668,0.412
16671,0.446
16675,0.386
16677,0.354
16678,0.576
16680,0.22
16686,0.412
16697,0.498
16699,0.424
16705,0.256
16706,0.268
16716,0.266
16719,0.436
16723,0.434
16743,0.484
16747,0.318
16756,0.304
16757,0.786
16761,0.878
16768,0.34
16773,0.292
16779,0.442
16784,0.712
16789,0.3
16797,0.234
16798,0.178
16816,0.318
16831,0.46
16836,0.676
16837,0.242
16844,0.286
16847,0.768
16854,0.172
16864,0.472
16867,0.458
16868,0.354
16869,0.702
16871,0.38
16876,0.202
16878,0.124
16879,0.184
16885,0.382
16888,0.248
16891,0.224
16897,0.11
16905,0.204
16906,0.276
16911,0.132
16916,0.166
16920,0.304
16940,0.112
16942,0.25
16943,0.754
16952,0.246
16966,0.47
16972,0.412
16974,0.594
16981,0.804
16982,0.532
16986,0.9
16987,0.912
17006,0.376
17014,0.374
17028,0.306
17030,0.688
17035,0.1
17036,0.26
17039,0.132
17041,0.464
17048,0.162
17050,0.598
17056,0.168
17060,0.334
17067,0.18
17068,0.224
17081,0.516
17088,0.216
17092,0.194
17096,0.628
17107,0.402
17113,0.45
17117,0.176
17121,0.312
17122,0.492
17124,0.85
17127,0.818
17133,0.25
17140,0.226
17141,0.22
17144,0.356
17150,0.234
17151,0.69
17153,0.148
17159,0.502
17165,0.494
17177,0.226
17178,0.628
17183,0.152
17185,0.672
17190,0.178
17212,0.128
17220,0.152
17226,0.178
17231,0.466
17234,0.712
17238,0.136
17247,0.406
17255,0.196
17263,0.202
17265,0.572
17269,0.23
17271,0.26
17276,0.188
17283,0.498
17286,0.384
17298,0.18
17301,0.466
17303,0.43
17306,0.196
17312,0.248
17313,0.172
17316,0.426
17319,0.566
17321,0.784
17331,0.594
17334,0.438
17340,0.622
17351,0.47
17354,0.308
17357,0.104
17358,0.862
17361,0.098
17366,0.104
17368,0.11
17369,0.134
17372,0.192
17374,0.108
17383,0.24
17406,0.264
17407,0.118
17419,0.054
17420,0.18
17421,0.192
17425,0.138
17431,0.336
17444,0.876
17447,0.884
17465,0.976
17467,0.952
17468,0.986
17476,0.976
17478,0.98
17479,0.988
17482,0.988
17488,0.988
17495,0.986
17499,0.338
17501,0.358
17504,0.122
17510,0.178
17522,0.276
17530,0.21
17541,0.214
17543,0.316
17544,0.38
17552,0.292
17554,0.178
17565,0.28
17571,0.24
17575,0.192
17576,0.172
17583,0.508
17592,0.546
17596,0.684
17611,0.372
17619,0.916
17618,0.91
17624,0.268
17626,0.22
17631,0.352
17633,0.506
17636,0.832
17640,0.398
17644,0.508
17662,0.654
17653,0.854
17659,0.802
17673,0.28
17674,0.758
17677,0.18
17678,0.406
17683,0.364
17695,0.218
17698,0.426
17700,0.412
17706,0.448
17722,0.048
17729,0.04
17735,0.056
17742,0.442
17743,0.578
17745,0.408
17746,0.36
17752,0.08
17759,0.424
17760,0.54
17761,0.162
17776,0.424
17777,0.868
17779,0.412
17780,0.056
17784,0.126
17794,0.296
17806,0.538
17813,0.536
17816,0.816
17822,0.42
17829,0.88
17835,0.558
17843,0.462
17864,0.42
17865,0.898
17873,0.96
17878,0.874
17880,0.976
17888,0.95
17894,0.414
17896,0.884
17899,0.59
17911,0.482
17917,0.114
17920,0.514
17925,0.906
17927,0.94
17929,0.97
17937,0.89
17939,0.934
17946,0.994
17958,0.98
17961,0.998
17970,0.99
17974,0.992
17982,0.434
17990,0.584
18000,0.734
17989,0.458
17997,0.28
17983,0.826
18005,0.206
18009,0.21
18011,0.366
18021,0.398
18039,0.474
18045,0.864
18046,0.846
18054,0.856
18056,0.836
18073,0.906
18080,0.828
18081,0.9
18088,0.922
18089,0.96
18096,0.956
18099,0.944
18102,0.906
18103,0.936
18110,0.986
18113,0.958
18115,0.922
18127,0.974
18131,0.99
18135,0.974
18138,0.988
18139,0.976
18145,0.952
18147,0.952
18149,0.984
18153,0.984
18163,0.948
18174,0.996
18175,0.95
18177,0.996
18182,0.996
18187,0.982
18194,0.98
18197,0.88
18200,0.986
18202,0.968
18212,0.966
18213,0.888
18216,0.966
18219,0.92
18220,0.986
18224,0.998
18223,0.976
18225,0.98
18228,0.988
18230,0.986
18244,0.988
18245,0.974
18255,0.992
18270,0.996
18276,0.994
18278,0.996
18279,0.992
18281,0.994
18282,0.992
18286,0.978
18297,0.988
18298,0.878
18299,0.982
18302,0.232
18313,0.002
18314,0.036
18315,0.022
18322,0.02
18325,0.014
18329,0.074
18330,0.014
18332,0.042
18350,0.064
18352,0.016
18357,0.04
18360,0.024
18362,0.008
18363,0.042
18364,0.0
18366,0.014
18369,0.006
18371,0.016
18379,0.004
18381,0.032
18390,0.016
18393,0.012
18397,0.03
18408,0.076
18413,0.188
18421,0.178
18422,0.628
18427,0.218
18433,0.308
18436,0.34
18439,0.15
18441,0.136
18444,0.338
18447,0.48
18453,0.194
18455,0.3
18460,0.262
18462,0.564
18463,0.676
18466,0.832
18468,0.838
18469,0.93
18473,0.176
18478,0.156
18485,0.63
18495,0.264
18504,0.368
18514,0.16
18520,0.524
18523,0.27
18530,0.242
18539,0.334
18546,0.478
18554,0.214
18558,0.522
18562,0.264
18563,0.624
18568,0.37
18575,0.388
18576,0.84
18579,0.136
18581,0.484
18584,0.284
18588,0.184
18589,0.222
18599,0.426
18601,0.402
18605,0.212
18619,0.268
18633,0.178
18637,0.348
18647,0.158
18649,0.134
18657,0.412
18666,0.448
18667,0.71
18677,0.434
18688,0.436
18692,0.398
18701,0.354
18722,0.686
18730,0.838
18731,0.776
18742,0.378
18745,0.544
18747,0.848
18750,0.946
18751,0.97
18762,0.98
18763,0.964
18764,0.914
18771,0.656
18784,0.918
18786,0.12
18795,0.406
18798,0.876
18800,0.952
18814,0.982
18816,0.966
18820,0.528
18823,0.912
18838,0.534
18843,0.188
18847,0.388
18854,0.538
18855,0.906
18859,0.546
18861,0.958
18865,0.96
18877,0.604
18883,0.346
18884,0.282
18888,0.082
18893,0.004
18897,0.008
18899,0.03
18908,0.006
18909,0.014
18910,0.03
18922,0.05
18926,0.016
18933,0.044
18942,0.016
18946,0.024
18948,0.058
18951,0.024
18955,0.02
18964,0.018
18965,0.02
18969,0.008
18970,0.154
18973,0.004
18975,0.03
18980,0.02
19028,0.188
19019,0.704
19020,0.824
19018,0.416
19038,0.442
19057,0.144
19060,0.3
19063,0.216
19069,0.226
19068,0.742
19074,0.824
19073,0.27
19078,0.906
19075,0.744
19091,0.372
19092,0.776
19104,0.282
19105,0.218
19109,0.43
19112,0.712
19118,0.538
19121,0.226
19122,0.214
19124,0.264
19139,0.562
19155,0.902
19158,0.658
19162,0.97
19164,0.986
19194,0.546
19201,0.884
19202,0.952
19205,0.848
19215,0.492
19217,0.862
19218,0.954
19219,0.962
19244,0.572
19225,0.708
19239,0.436
19228,0.942
19243,0.936
19221,0.356
19227,0.902
19256,0.596
19258,0.698
19259,0.814
19261,0.38
19264,0.53
19286,0.426
19279,0.766
19282,0.838
19283,0.676
19284,0.83
19290,0.862
19291,0.866
19293,0.086
19295,0.294
19300,0.918
19304,0.106
19309,0.52
19324,0.24
19317,0.434
19326,0.406
19330,0.772
19333,0.44
19336,0.206
19338,0.402
19341,0.828
19351,0.592
19347,0.904
19353,0.974
19359,0.108
19361,0.092
19377,0.036
19386,0.536
19401,0.318
19406,0.464
19395,0.54
19399,0.4
19391,0.444
19394,0.518
19412,0.674
19422,0.536
19428,0.776
19431,0.922
19436,0.92
19438,0.858
19440,0.57
19452,0.4
19454,0.778
19457,0.878
19458,0.94
19464,0.904
19473,0.906
19478,0.936
19483,0.902
19487,0.974
19489,0.988
19490,0.948
19501,0.906
19510,0.962
19513,0.968
19520,0.972
19529,0.528
19534,0.278
19536,0.92
19554,0.938
19566,0.956
19570,0.93
19581,0.674
19582,0.824
19583,0.838
19587,0.826
19588,0.938
19589,0.934
19594,0.322
19599,0.256
19605,0.244
19606,0.7
19612,0.88
19609,0.95
19615,0.944
19618,0.91
19632,0.968
19643,0.492
19644,0.852
19647,0.872
19650,0.52
19651,0.862
19652,0.888
19653,0.95
19666,0.628
19670,0.896
19671,0.884
19672,0.928
19689,0.28
19703,0.324
19701,0.418
19710,0.22
19711,0.69
19713,0.232
19717,0.296
19722,0.242
19725,0.312
19727,0.504
19736,0.212
19740,0.182
19741,0.43
19743,0.272
19745,0.412
19750,0.378
19752,0.704
19755,0.264
19757,0.228
19758,0.142
19760,0.386
19762,0.298
19772,0.338
19786,0.178
19793,0.5
19797,0.89
19800,0.188
19806,0.716
19808,0.222
19809,0.696
19810,0.746
19829,0.212
19831,0.482
19839,0.322
19841,0.916
19844,0.468
19849,0.498
19852,0.356
19859,0.062
19862,0.008
19865,0.01
19868,0.02
19874,0.048
19878,0.002
19879,0.084
19892,0.002
19895,0.076
19907,0.05
19908,0.286
19917,0.178
19925,0.318
19926,0.278
19940,0.51
19964,0.542
19978,0.27
19979,0.31
19985,0.172
19989,0.22
19992,0.284
19996,0.518
20000,0.934
20002,0.974
20006,0.976
20007,0.938
20009,0.74
20011,0.972
20015,0.984
20027,0.988
20031,0.986
20042,0.612
20047,0.884
20052,0.67
20058,0.024
20062,0.03
20063,0.002
20064,0.016
20066,0.008
20087,0.048
20091,0.0
20116,0.002
20117,0.004
20122,0.07
20124,0.044
20127,0.022
20130,0.01
20131,0.052
20134,0.02
20138,0.016
20157,0.436
20160,0.76
20164,0.62
20165,0.778
20168,0.304
20172,0.362
20174,0.316
20177,0.762
20180,0.846
20185,0.228
20189,0.222
20194,0.436
20196,0.204
20199,0.392
20201,0.414
20202,0.4
20204,0.102
20212,0.428
20215,0.242
20216,0.894
20223,0.474
20242,0.602
20246,0.594
20248,0.798
20262,0.562
20265,0.408
20268,0.404
20286,0.584
20298,0.89
20300,0.932
20305,0.898
20315,0.97
20314,0.968
20325,0.922
20326,0.972
20329,0.91
20336,0.986
20338,0.948
20347,0.968
20350,0.47
20351,0.892
20353,0.898
20360,0.926
20362,0.84
20375,0.864
20381,0.954
20390,0.906
20392,0.882
20398,0.928
20399,0.808
20402,0.954
20403,0.95
20412,0.96
20414,0.96
20432,0.542
20434,0.912
20444,0.942
20446,0.916
20447,0.922
20461,0.352
20465,0.162
20468,0.466
20471,0.644
20475,0.244
20476,0.61
20477,0.408
20484,0.46
20485,0.492
20487,0.904
20497,0.476
20499,0.266
20507,0.23
20513,0.416
20519,0.076
20523,0.118
20533,0.5
20536,0.182
20539,0.488
20542,0.398
20546,0.524
20548,0.496
20558,0.512
20560,0.698
20576,0.918
20589,0.082
20607,0.548
20612,0.844
20615,0.902
20622,0.918
20637,0.964
20640,0.944
20647,0.968
20648,0.99
20654,0.97
20656,0.952
20658,0.93
20661,0.966
20664,0.98
20668,0.362
20672,0.648
20674,0.826
20675,0.916
20690,0.974
20691,0.884
20696,0.962
20698,0.97
20701,0.976
20709,0.882
20718,0.11
20717,0.166
20721,0.138
20733,0.102
20736,0.324
20742,0.162
20755,0.512
20760,0.51
20766,0.406
20768,0.694
20773,0.472
20774,0.402
20780,0.918
20784,0.4
20794,0.214
20803,0.674
20805,0.574
20816,0.22
20818,0.214
20819,0.208
20831,0.38
20839,0.33
20842,0.122
20852,0.094
20858,0.094
20859,0.118
20867,0.1
20871,0.076
20876,0.096
20880,0.12
20884,0.364
20898,0.152
20910,0.714
20889,0.818
20921,0.232
20887,0.93
20906,0.17
20908,0.736
20917,0.83
20941,0.474
20937,0.388
20927,0.898
20950,0.286
20962,0.372
20955,0.884
20953,0.642
20972,0.868
20964,0.624
20949,0.902
20961,0.916
20951,0.688
20963,0.846
20987,0.254
20986,0.77
20989,0.798
20974,0.884
21006,0.55
21030,0.412
21044,0.892
21038,0.566
21017,0.28
21039,0.77
21054,0.756
21012,0.916
21010,0.324
21008,0.71
21018,0.424
21013,0.974
21070,0.116
21081,0.262
21074,0.594
21085,0.268
21088,0.524
21089,0.178
21090,0.186
21096,0.47
21098,0.314
21099,0.598
21101,0.342
21103,0.214
21106,0.232
21118,0.332
21127,0.49
21128,0.506
21129,0.47
21136,0.426
21139,0.176
21143,0.418
21149,0.146
21154,0.042
21161,0.018
21164,0.034
21172,0.0
21173,0.048
21175,0.004
21188,0.012
21204,0.008
21207,0.008
21208,0.01
21220,0.0
21226,0.002
21236,0.008
21237,0.008
21243,0.002
21244,0.02
21249,0.03
21256,0.048
21257,0.192
21258,0.038
21271,0.056
21283,0.044
21286,0.022
21290,0.084
21292,0.12
21298,0.084
21299,0.258
21305,0.118
21309,0.144
21313,0.154
21316,0.158
21320,0.076
21327,0.094
21333,0.406
21337,0.498
21339,0.296
21342,0.492
21344,0.822
21349,0.934
21355,0.884
21362,0.954
21369,0.936
21405,0.564
21415,0.492
21420,0.848
21426,0.628
21431,0.948
21433,0.924
21437,0.964
21441,0.96
21444,0.942
21449,0.93
21455,0.972
21467,0.532
21478,0.81
21484,0.964
21487,0.934
21490,0.936
21497,0.972
21499,0.95
21501,0.974
21508,0.988
21510,0.984
21519,0.984
21525,0.98
21530,0.994
21531,0.95
21533,0.978
21536,0.984
21537,0.966
21539,0.992
21540,0.964
21556,0.986
21557,0.988
21563,0.988
21564,0.962
21567,0.986
21574,0.968
21585,0.962
21588,0.974
21592,0.968
21594,0.982
21611,0.986
21613,0.99
21615,0.958
21618,0.984
21619,0.984
21621,0.992
21624,0.934
21627,0.932
21628,0.98
21629,0.824
21636,0.984
21637,0.972
21641,0.402
21643,0.74
21656,0.92
21665,0.602
21668,0.608
21675,0.86
21680,0.944
21685,0.884
21686,0.84
21689,0.442
21693,0.736
21712,0.928
21713,0.944
21716,0.92
21718,0.978
21724,0.97
21740,0.972
21746,0.978
21747,0.98
21749,0.954
21758,0.98
21765,0.992
21769,0.468
21771,0.472
21775,0.828
21781,0.87
21787,0.516
21788,0.268
21793,0.536
21796,0.2
21799,0.216
21800,0.184
21813,0.214
21824,0.142
21826,0.292
21832,0.492
21835,0.884
21837,0.826
21839,0.974
21843,0.928
21847,0.922
21857,0.87
21866,0.986
21872,0.982
21878,0.97
21881,0.974
21882,0.858
21889,0.974
21892,0.988
21899,0.99
21900,0.974
21903,0.878
21906,0.958
21910,0.846
21918,0.356
21924,0.526
21933,0.348
21936,0.266
21938,0.0
21962,0.004
21967,0.018
21975,0.006
21976,0.002
21993,0.004
21994,0.672
21996,0.53
21999,0.148
22006,0.55
22005,0.788
22007,0.766
22013,0.604
22014,0.674
22016,0.328
22032,0.47
22036,0.842
22040,0.932
22041,0.846
22059,0.788
22058,0.52
22066,0.49
22074,0.854
22076,0.898
22081,0.588
22082,0.388
22084,0.84
22090,0.852
22098,0.942
22108,0.95
22110,0.932
22113,0.974
22120,0.96
22126,0.992
22124,0.974
22130,0.988
22132,0.97
22133,0.986
22144,0.988
22143,0.968
22147,0.986
22149,0.974
22153,0.972
22169,0.986
22171,0.982
22178,0.984
22177,0.982
22184,0.442
22205,0.886
22209,0.866
22212,0.9
22216,0.882
22218,0.954
22219,0.964
22235,0.368
22229,0.244
22230,0.37
22231,0.74
22251,0.584
22254,0.904
22257,0.908
22258,0.972
22264,0.956
22266,0.976
22269,0.978
22274,0.978
22276,0.95
22277,0.978
22282,0.968
22285,0.716
22287,0.938
22288,0.98
22290,0.958
22292,0.96
22297,0.968
22301,0.982
22303,0.988
22307,0.958
22312,0.992
22314,0.972
22316,0.966
22326,0.978
22342,0.978
22346,0.978
22348,0.994
22353,0.976
22356,0.968
22359,0.99
22361,0.964
22366,0.994
22367,0.874
22371,0.712
22372,0.996
22383,0.996
22391,0.994
22392,0.984
22393,0.99
22410,0.996
22413,0.992
22417,0.996
22419,0.996
22423,0.982
22430,0.998
22438,0.99
22439,1.0
22444,0.998
22443,0.994
22447,0.994
22445,0.996
22453,0.992
22466,1.0
22474,0.872
22476,0.966
22477,0.988
22480,0.548
22483,0.54
22485,0.65
22495,0.91
22496,0.834
22499,0.944
22503,0.55
22517,0.016
22519,0.024
22536,0.016
22539,0.022
22541,0.0
22546,0.0
22547,0.01
22560,0.0
22564,0.004
22596,0.016
22598,0.006
22601,0.048
22603,0.06
22604,0.002
22607,0.002
22616,0.432
22618,0.654
22619,0.696
22620,0.198
22621,0.57
22625,0.362
22633,0.106
22636,0.606
22644,0.672
22646,0.888
22662,0.308
22673,0.484
22681,0.658
22682,0.286
22684,0.284
22687,0.266
22693,0.5
22703,0.54
22707,0.282
22711,0.372
22714,0.748
22717,0.824
22718,0.812
22726,0.322
22729,0.498
22731,0.16
22736,0.148
22744,0.41
22746,0.288
22748,0.786
22758,0.146
22759,0.374
22760,0.782
22764,0.134
22768,0.36
22771,0.804
22779,0.1
22781,0.574
22782,0.698
22785,0.558
22787,0.93
22793,0.496
22796,0.446
22797,0.696
22800,0.446
22805,0.532
22806,0.252
22811,0.158
22818,0.35
22827,0.328
22829,0.716
22845,0.284
22855,0.696
22846,0.846
22850,0.934
22848,0.904
22865,0.39
22875,0.546
22880,0.71
22882,0.84
22883,0.91
22885,0.92
22886,0.908
22908,0.564
22912,0.942
22913,0.866
22918,0.978
22917,0.962
22925,0.972
22926,0.938
22929,0.228
22932,0.722
22937,0.978
22940,0.962
22942,0.958
22947,0.978
22954,0.968
22956,0.558
22966,0.286
22968,0.358
22970,0.264
22973,0.184
22983,0.132
22989,0.138
22992,0.522
22998,0.582
23002,0.42
23004,0.934
23012,0.176
23013,0.964
23014,0.93
23015,0.97
23036,0.972
23040,0.974
23043,0.984
23046,0.99
23050,0.482
23052,0.314
23079,0.168
23072,0.302
23071,0.806
23069,0.526
23103,0.176
23095,0.536
23087,0.916
23100,0.412
23083,0.798
23091,0.896
23085,0.886
23113,0.404
23114,0.664
23129,0.3
23130,0.194
23133,0.338
23139,0.258
23145,0.49
23149,0.59
23153,0.344
23154,0.842
23158,0.452
23165,0.326
23168,0.342
23169,0.51
23172,0.238
23187,0.52
23202,0.79
23205,0.836
23221,0.88
23232,0.4
23239,0.856
23241,0.94
23255,0.848
23267,0.812
23269,0.94
23270,0.9
23279,0.93
23282,0.972
23286,0.886
23290,0.904
23291,0.982
23293,0.964
23311,0.98
23330,0.884
23331,0.892
23336,0.938
23340,0.974
23341,0.872
23342,0.552
23347,0.418
23352,0.786
23364,0.54
23373,0.486
23377,0.7
23393,0.616
23403,0.836
23407,0.258
23408,0.508
23414,0.146
23418,0.308
23434,0.19
23435,0.022
23441,0.206
23442,0.39
23443,0.766
23444,0.398
23447,0.118
23449,0.172
23461,0.198
23466,0.136
23480,0.134
23485,0.198
23488,0.404
23492,0.29
23504,0.526
23508,0.548
23513,0.964
23514,0.946
23516,0.972
23524,0.964
23527,0.996
23530,0.986
23532,0.992
23536,0.996
23538,1.0
23542,0.998
23544,0.6
23546,0.912
23549,0.892
23552,0.988
23556,0.972
23565,0.91
23568,0.998
23573,0.994
23577,0.994
23580,0.994
23582,1.0
23592,0.564
23596,0.97
23597,0.976
23598,0.966
23622,0.564
23626,0.904
23634,0.972
23636,0.934
23649,0.998
23651,0.996
23656,0.998
23658,0.998
23659,1.0
23666,0.994
23669,0.998
23670,0.996
23671,1.0
23675,1.0
23679,0.99
23681,0.996
23683,0.994
23685,0.996
23689,0.986
23691,0.996
23695,0.996
23697,0.998
23703,1.0
23706,0.998
23712,0.994
23713,1.0
23719,1.0
23725,1.0
23730,0.992
23733,0.986
23732,0.996
23740,0.99
23748,0.992
23753,0.628
23758,0.938
23759,0.832
23762,0.392
23768,0.222
23773,0.152
23782,0.46
23784,0.46
23787,0.272
23789,0.73
23797,0.242
23799,0.474
23800,0.64
23807,0.442
23808,0.592
23811,0.586
23812,0.266
23814,0.258
23820,0.816
23826,0.506
23832,0.562
23848,0.002
23866,0.358
23864,0.784
23858,0.356
23857,0.334
23851,0.89
23854,0.872
23871,0.128
23882,0.244
23884,0.22
23894,0.404
23898,0.266
23909,0.326
23920,0.316
23936,0.616
23939,0.83
23940,0.696
23942,0.148
23943,0.77
23944,0.704
23951,0.918
23953,0.546
23959,0.488
23991,0.522
23997,0.632
23999,0.218
24006,0.218
24010,0.142
24015,0.566
24037,0.528
24044,0.018
24047,0.038
24051,0.048
24056,0.008
24057,0.01
24059,0.03
24060,0.076
24062,0.006
24063,0.224
24074,0.014
24083,0.044
24093,0.012
24094,0.014
24095,0.024
24100,0.008
24101,0.0
24110,0.004
24111,0.004
24118,0.026
24119,0.018
24132,0.012
24134,0.018
24136,0.038
24137,0.016
24150,0.422
24149,0.902
24154,0.94
24158,0.934
24160,0.922
24174,0.352
24179,0.868
24180,0.946
24181,0.97
24186,0.872
24189,0.818
24190,0.946
24194,0.47
24196,0.886
24200,0.378
24213,0.514
24219,0.894
24230,0.904
24233,0.944
24236,0.972
24245,0.196
24253,0.452
24263,0.464
24266,0.942
24273,0.652
24274,0.562
24276,0.21
24287,0.5
24290,0.898
24291,0.966
24313,0.974
24315,0.936
24316,0.962
24324,0.302
24338,0.18
24341,0.234
24342,0.124
24348,0.476
24368,0.146
24361,0.296
24360,0.8
24357,0.748
24358,0.34
24371,0.356
24375,0.456
24380,0.798
24381,0.37
24389,0.414
24382,0.386
24401,0.344
24406,0.17
24408,0.3
24414,0.046
24418,0.02
24421,0.014
24427,0.016
24431,0.004
24435,0.024
24444,0.006
24450,0.012
24453,0.036
24456,0.004
24457,0.03
24464,0.008
24467,0.004
24479,0.042
24485,0.03
24488,0.016
24492,0.008
24500,0.0
24502,0.01
24510,0.002
24522,0.068
24528,0.018
24529,0.012
24530,0.012
24536,0.0
24550,0.038
24554,0.008
24555,0.026
24558,0.01
24580,0.04
24585,0.016
24594,0.008
24595,0.01
24596,0.032
24601,0.018
24605,0.016
24623,0.382
24628,0.336
24614,0.818
24631,0.772
24611,0.788
24629,0.334
24634,0.578
24638,0.888
24640,0.506
24641,0.278
24644,0.402
24660,0.964
24661,0.92
24671,0.982
24677,0.972
24685,0.64
24688,0.974
24690,0.956
24691,0.988
24694,0.99
24698,0.958
24701,0.994
24709,0.978
24712,0.994
24736,0.674
24737,0.876
24741,0.962
24745,0.942
24748,0.698
24751,0.4
24752,0.784
24770,0.592
24785,0.186
24788,0.216
24795,0.566
24802,0.166
24801,0.392
24813,0.35
24820,0.562
24827,0.392
24832,0.31
24833,0.3
24840,0.418
24843,0.86
24848,0.216
24849,0.494
24852,0.394
24854,0.274
24861,0.306
24869,0.154
24871,0.184
24872,0.02
24881,0.04
24884,0.086
24894,0.048
24899,0.024
24901,0.016
24907,0.008
24920,0.346
24924,0.462
24927,0.652
24923,0.656
24930,0.396
24931,0.576
24933,0.78
24935,0.59
24936,0.928
24946,0.338
24947,0.852
24950,0.9
24958,0.24
24968,0.28
24985,0.57
24994,0.608
24995,0.448
25007,0.42
25016,0.302
25021,0.398
25030,0.15
25035,0.766
25040,0.246
25041,0.616
25043,0.67
25045,0.942
25055,0.98
25063,0.962
25064,0.982
25069,0.968
25070,0.976
25071,1.0
25072,0.986
25080,0.646
25082,0.968
25085,0.91
25089,0.968
25099,0.8
25107,0.742
25106,0.974
25111,0.974
25113,0.976
25115,0.994
25121,0.89
25125,1.0
25129,0.99
25131,0.904
25137,0.998
25144,0.996
25145,0.986
25152,0.996
25157,0.99
25163,0.99
25168,0.996
25169,0.996
25171,1.0
25173,0.994
25175,0.998
25178,0.996
25182,0.994
25184,0.996
25187,0.982
25188,0.99
25190,1.0
25191,0.988
25194,1.0
25195,1.0
25207,0.448
25213,0.432
25211,0.81
25212,0.666
25223,0.744
25224,0.852
25228,0.528
25235,0.44
25254,0.318
25259,0.456
25260,0.626
25264,0.286
25279,0.58
25283,0.706
25287,0.944
25290,0.906
25294,0.932
25296,0.944
25298,0.236
25303,0.304
25304,0.516
25319,0.244
25328,0.766
25331,0.528
25341,0.886
25353,0.49
25362,0.936
25363,0.936
25366,0.972
25365,0.838
25386,0.974
25396,0.984
25399,0.982
25402,0.992
25410,0.982
25412,0.99
25418,0.998
25421,0.986
25422,0.996
25427,0.554
25434,0.668
25437,0.938
25439,0.866
25438,0.964
25446,0.658
25448,0.928
25450,0.822
25456,0.984
25460,0.926
25467,0.982
25471,0.904
25470,0.972
25478,0.972
25485,0.948
25490,0.972
25496,0.986
25500,0.996
25501,0.994
25504,0.96
25506,0.992
25511,0.978
25517,0.992
25521,0.986
25522,0.994
25524,0.996
25523,0.994
25527,0.878
25538,0.562
25536,0.78
25540,0.9
25541,0.906
25551,0.412
25555,0.344
25563,0.514
25570,0.066
25575,0.806
25578,0.784
25579,0.836
25580,0.82
25582,0.078
25594,0.08
25603,0.144
25604,0.178
25610,0.054
25618,0.112
25619,0.112
25620,0.048
25622,0.058
25628,0.132
25637,0.296
25638,0.36
25642,0.042
25645,0.076
25650,0.052
25651,0.03
25665,0.552
25657,0.716
25676,0.496
25669,0.844
25679,0.574
25667,0.804
25685,0.33
25704,0.38
25716,0.824
25694,0.872
25710,0.836
25723,0.28
25747,0.444
25727,0.594
25750,0.736
25751,0.862
25740,0.52
25754,0.894
25770,0.4
25775,0.208
25783,0.022
25787,0.052
25789,0.076
25818,0.026
25821,0.032
25827,0.056
25829,0.036
25835,0.038
25856,0.252
25844,0.756
25841,0.298
25857,0.472
25870,0.29
25873,0.682
25875,0.872
25881,0.328
25883,0.326
25894,0.174
25896,0.17
25897,0.188
25899,0.186
25900,0.202
25902,0.502
25908,0.396
25910,0.146
25913,0.242
25916,0.408
25918,0.592
25930,0.514
25934,0.374
25940,0.172
25941,0.384
25944,0.334
25945,0.324
25946,0.286
25947,0.28
25948,0.212
25950,0.206
25954,0.378
25966,0.304
25980,0.114
25986,0.36
25989,0.22
25993,0.116
25997,0.134
25998,0.25
26002,0.152
26012,0.292
26011,0.728
26017,0.52
26024,0.552
26033,0.508
26037,0.23
26043,0.302
26050,0.516
26051,0.33
26059,0.57
26068,0.278
26069,0.374
26077,0.21
26082,0.218
26087,0.538
26088,0.284
26095,0.438
26097,0.822
26098,0.948
26105,0.772
26108,0.494
26109,0.43
26112,0.504
26114,0.172
26121,0.458
26125,0.886
26127,0.942
26132,0.444
26133,0.882
26135,0.928
26139,0.926
26142,0.408
26144,0.32
26149,0.504
26146,0.75
26148,0.338
26158,0.41
26162,0.892
26166,0.11
26172,0.55
26178,0.228
26186,0.18
26190,0.822
26209,0.328
26212,0.828
26223,0.518
26224,0.852
26225,0.356
26234,0.606
26240,0.382
26246,0.35
26254,0.158
26260,0.318
26267,0.52
26268,0.322
26272,0.464
26273,0.626
26274,0.36
26286,0.452
26287,0.772
26288,0.866
26310,0.246
26318,0.382
26324,0.33
26326,0.334
26328,0.382
26331,0.85
26332,0.762
26340,0.54
26341,0.88
26346,0.17
26352,0.208
26353,0.112
26354,0.158
26356,0.506
26357,0.872
26360,0.296
26361,0.278
26362,0.266
26363,0.212
26365,0.262
26375,0.314
26377,0.288
26378,0.888
26399,0.202
26402,0.364
26403,0.346
26405,0.42
26408,0.442
26412,0.872
26415,0.248
26428,0.454
26429,0.682
26431,0.828
26432,0.856
26440,0.35
26442,0.424
26448,0.878
26455,0.886
26457,0.882
26466,0.53
26469,0.412
26471,0.222
26477,0.208
26482,0.374
26485,0.31
26490,0.138
26495,0.436
26496,0.814
26498,0.364
26507,0.826
26508,0.256
26510,0.802
26512,0.86
26514,0.898
26522,0.384
26524,0.564
26527,0.28
26540,0.228
26543,0.266
26547,0.364
26555,0.286
26556,0.166
26560,0.46
26561,0.124
26565,0.498
26574,0.408
26573,0.858
26576,0.314
26579,0.392
26582,0.45
26587,0.834
26592,0.52
26593,0.292
26590,0.372
26607,0.41
26606,0.786
26595,0.848
26603,0.64
26621,0.38
26622,0.576
26623,0.466
26625,0.378
26630,0.608
26633,0.494
26637,0.896
26649,0.438
26662,0.89
26664,0.956
26669,0.942
26670,0.826
26673,0.91
26675,0.966
26676,0.972
26679,0.958
26680,0.944
26682,0.982
26700,0.378
26705,0.22
26715,0.41
26723,0.436
26727,0.194
26739,0.426
26745,0.876
26752,0.872
26761,0.89
26772,0.87
26774,0.9
26776,0.896
26777,0.906
26788,0.846
26792,0.95
26796,0.902
26801,0.926
26805,0.934
26817,0.916
26818,0.812
26821,0.942
26830,0.962
26842,0.942
26845,0.952
26850,0.936
26854,0.912
26858,0.962
26859,0.892
26871,0.88
26872,0.956
26880,0.972
26887,0.864
26892,0.38
26894,0.604
26898,0.322
26931,0.318
26934,0.548
26941,0.652
26943,0.7
26946,0.846
26952,0.87
26958,0.826
26967,0.864
26968,0.928
26972,0.762
26975,0.896
26983,0.898
26994,0.392
26999,0.442
27003,0.518
27009,0.552
27011,0.898
27029,0.29
27041,0.244
27046,0.218
27047,0.39
27056,0.31
27062,0.204
27072,0.22
27084,0.266
27086,0.346
27088,0.276
27093,0.528
27099,0.246
27108,0.566
27123,0.422
27113,0.552
27120,0.566
27119,0.39
27128,0.586
27132,0.318
27134,0.232
27136,0.234
27142,0.478
27145,0.746
27147,0.808
27152,0.386
27157,0.468
27158,0.346
27159,0.866
27165,0.512
27166,0.822
27170,0.25
27173,0.306
27174,0.536
27182,0.322
27179,0.326
27192,0.778
27194,0.71
27187,0.434
27193,0.806
27202,0.314
27208,0.27
27213,0.228
27217,0.218
27223,0.264
27236,0.29
27230,0.322
27229,0.26
27249,0.208
27258,0.276
27264,0.284
27268,0.224
27280,0.396
27274,0.16
27281,0.332
27277,0.368
27271,0.282
27299,0.34
27292,0.51
27322,0.426
27321,0.65
27316,0.192
27311,0.398
27328,0.462
27347,0.398
27364,0.384
27354,0.21
27342,0.314
27345,0.454
27339,0.242
27363,0.444
27371,0.14
27376,0.306
27387,0.29
27388,0.206
27390,0.152
27392,0.18
27395,0.264
27407,0.42
27409,0.328
27411,0.45
27410,0.818
27415,0.816
27416,0.82
27425,0.574
27426,0.854
27430,0.494
27435,0.666
27441,0.29
27445,0.428
27449,0.202
27455,0.5
27460,0.232
27459,0.618
27465,0.156
27472,0.174
27477,0.424
27481,0.2
27489,0.208
27494,0.246
27495,0.408
27505,0.352
27548,0.174
27531,0.304
27514,0.298
27527,0.164
27550,0.116
27520,0.514
27538,0.442
27506,0.14
27523,0.132
27511,0.1
27512,0.126
27515,0.332
27513,0.068
27557,0.092
27605,0.154
27601,0.184
27598,0.16
27597,0.33
27565,0.214
27590,0.16
27574,0.126
27622,0.342
27631,0.184
27630,0.34
27635,0.452
27641,0.122
27633,0.192
27638,0.16
27647,0.528
27658,0.224
27663,0.316
27673,0.152
27675,0.198
27676,0.28
27678,0.244
27681,0.116
27705,0.376
27707,0.332
27702,0.794
27713,0.468
27715,0.34
27721,0.14
27742,0.42
27744,0.202
27750,0.37
27751,0.632
27754,0.15
27772,0.248
27758,0.406
27769,0.166
27776,0.42
27778,0.294
27785,0.17
27789,0.206
27816,0.218
27815,0.644
27806,0.312
27807,0.522
27834,0.674
27833,0.664
27847,0.334
27854,0.178
27857,0.252
27863,0.156
27865,0.234
27876,0.254
27887,0.144
27965,0.238
27935,0.18
27926,0.29
27971,0.872
27919,0.218
27949,0.86
27963,0.822
27906,0.368
27948,0.782
27928,0.11
27983,0.832
27972,0.174
27898,0.288
27899,0.25
27975,0.752
27967,0.28
27900,0.396
27915,0.638
27905,0.826
28003,0.202
28013,0.598
28021,0.83
28009,0.192
28016,0.264
28007,0.262
28010,0.302
28041,0.454
28042,0.906
28044,0.152
28052,0.204
28053,0.368
28045,0.236
28048,0.288
28059,0.228
28066,0.38
28068,0.824
28065,0.332
28070,0.492
28076,0.79
28084,0.488
28090,0.432
28089,0.784
28091,0.828
28102,0.58
28092,0.364
28093,0.826
28095,0.926
28096,0.316
28099,0.304
28097,0.436
28115,0.904
28118,0.358
28124,0.308
28136,0.806
28129,0.45
28146,0.342
28149,0.722
28157,0.538
28158,0.298
28162,0.184
28170,0.274
28176,0.218
28190,0.302
28203,0.376
28186,0.316
28193,0.272
28206,0.536
28211,0.204
28215,0.184
28234,0.334
28232,0.32
28222,0.348
28243,0.276
28244,0.478
28260,0.32
28251,0.568
28263,0.368
28254,0.224
28255,0.42
28265,0.22
28267,0.362
28282,0.342
28285,0.192
28286,0.168
28294,0.116
28290,0.42
28291,0.226
28306,0.056
28313,0.176
28308,0.104
28315,0.192
28327,0.118
28332,0.164
28333,0.158
28347,0.252
28354,0.126
28356,0.208
28359,0.164
28361,0.174
28365,0.828
28368,0.148
28372,0.862
28373,0.808
28376,0.116
28389,0.182
28394,0.21
28395,0.316
28429,0.226
28438,0.318
28427,0.24
28407,0.348
28410,0.14
28441,0.228
28432,0.292
28409,0.124
28412,0.274
28411,0.336
28480,0.104
28467,0.804
28483,0.802
28474,0.254
28463,0.162
28450,0.114
28491,0.504
28462,0.082
28492,0.168
28501,0.222
28506,0.346
28511,0.622
28520,0.546
28510,0.648
28525,0.76
28534,0.022
28552,0.174
28545,0.752
28558,0.24
28542,0.212
28560,0.392
28539,0.22
28556,0.142
28547,0.76
28624,0.748
28610,0.234
28579,0.784
28599,0.808
28576,0.454
28616,0.766
28620,0.284
28611,0.596
28587,0.638
28561,0.73
28645,0.408
28641,0.37
28661,0.87
28683,0.774
28691,0.826
28667,0.356
28684,0.738
28689,0.808
28695,0.382
28701,0.344
28702,0.376
28703,0.56
28711,0.312
28718,0.546
28722,0.818
28727,0.894
28729,0.842
28733,0.67
28737,0.644
28754,0.554
28770,0.87
28777,0.954
28786,0.912
28794,0.968
28803,0.972
28804,0.91
28807,0.808
28809,0.748
28811,0.968
28812,0.914
28833,0.356
28842,0.39
28843,0.298
28849,0.476
28854,0.272
28858,0.224
28864,0.438
28865,0.372
28868,0.898
28870,0.89
28873,0.492
28875,0.812
28877,0.928
28880,0.928
28883,0.946
28891,0.916
28893,0.904
28902,0.762
28908,0.928
28920,0.986
28921,0.906
28922,0.954
28927,0.502
28930,0.836
28936,0.922
28937,0.908
28940,0.392
28945,0.866
28949,0.2
28951,0.454
28953,0.142
28956,0.358
28957,0.572
28962,0.362
28971,0.168
28975,0.428
28979,0.492
28980,0.412
28985,0.256
28988,0.426
28993,0.558
28995,0.4
28999,0.494
29000,0.596
29009,0.174
29019,0.214
29020,0.288
29026,0.15
29029,0.532
29031,0.37
29032,0.478
29043,0.534
29048,0.874
29049,0.392
29060,0.42
29069,0.26
29072,0.444
29077,0.232
29078,0.634
29080,0.396
29082,0.734
29088,0.622
29090,0.822
29096,0.486
29100,0.858
29103,0.954
29106,0.96
29114,0.78
29117,0.93
29118,0.972
29121,0.966
29123,0.934
29124,0.978
29129,0.98
29139,0.978
29142,0.67
29147,0.906
29157,0.958
29158,0.964
29163,0.856
29165,0.358
29174,0.494
29181,0.518
29182,0.784
29184,0.248
29185,0.288
29207,0.17
29209,0.786
29215,0.936
29224,0.958
29229,0.54
29230,0.242
29232,0.89
29236,0.906
29247,0.626
29248,0.872
29253,0.674
29281,0.528
29282,0.888
29284,0.884
29285,0.946
29287,0.322
29299,0.372
29304,0.396
29314,0.376
29321,0.544
29324,0.478
29326,0.852
29328,0.296
29331,0.148
29342,0.098
29353,0.114
29367,0.274
29372,0.536
29374,0.722
29375,0.602
29384,0.288
29386,0.336
29387,0.57
29397,0.208
29398,0.122
29401,0.124
29404,0.332
29423,0.216
29425,0.168
29428,0.166
29438,0.11
29444,0.258
29450,0.252
29452,0.14
29453,0.674
29462,0.272
29464,0.27
29467,0.422
29471,0.344
29474,0.26
29486,0.312
29487,0.58
29488,0.83
29489,0.596
29491,0.432
29492,0.456
29494,0.778
29502,0.49
29522,0.23
29535,0.414
29539,0.874
29545,0.35
29546,0.238
29557,0.228
29559,0.162
29565,0.844
29570,0.356
29575,0.432
29582,0.52
29584,0.814
29590,0.942
29596,0.396
29615,0.458
29616,0.872
29617,0.428
29624,0.346
29625,0.71
29628,0.964
29638,0.33
29639,0.372
29640,0.138
29645,0.592
29649,0.928
29659,0.15
29660,0.934
29674,0.208
29675,0.606
29676,0.624
29684,0.388
29686,0.412
29687,0.37
29688,0.458
29691,0.366
29701,0.002
29710,0.008
29712,0.02
29729,0.488
29727,0.916
29737,0.356
29765,0.668
29739,0.574
29747,0.37
29750,0.472
29754,0.502
29760,0.898
29744,0.956
29771,0.416
29778,0.484
29780,0.216
29785,0.288
29786,0.458
29791,0.154
29796,0.108
29799,0.554
29807,0.394
29817,0.644
29823,0.88
29825,0.862
29838,0.176
29847,0.122
29848,0.296
29852,0.046
29853,0.06
29859,0.066
29870,0.044
29873,0.086
29875,0.098
29878,0.118
29882,0.108
29885,0.046
29889,0.092
29893,0.138
29894,0.128
29895,0.072
29903,0.08
29908,0.016
29914,0.032
29919,0.048
29922,0.002
29924,0.054
29926,0.002
29939,0.004
29941,0.002
29943,0.03
29945,0.022
29950,0.036
29952,0.024
29958,0.01
29959,0.056
29965,0.028
29981,0.01
29991,0.016
29992,0.006
29994,0.038
30004,0.096
30008,0.084
30017,0.124
30020,0.12
30023,0.27
30025,0.128
30028,0.584
30029,0.714
30030,0.8
30032,0.564
30043,0.184
30051,0.08
30053,0.192
30054,0.174
30058,0.088
30065,0.018
30066,0.014
30068,0.01
30075,0.02
30085,0.016
30086,0.038
30089,0.046
30093,0.002
30095,0.022
30099,0.018
30100,0.208
30103,0.01
30104,0.04
30124,0.04
30126,0.018
30131,0.018
30138,0.018
30142,0.02
30143,0.01
30144,0.008
30147,0.0
30151,0.016
30154,0.034
30156,0.052
30158,0.024
30165,0.202
30168,0.18
30171,0.182
30175,0.512
30179,0.142
30186,0.414
30187,0.918
30188,0.7
30198,0.5
30205,0.176
30207,0.936
30212,0.182
30218,0.634
30219,0.9
30221,0.898
30223,0.864
30224,0.938
30230,0.93
30235,0.986
30237,0.996
30240,0.956
30264,0.518
30280,0.994
30283,0.968
30285,0.846
30288,0.984
30292,0.894
30301,0.982
30304,0.936
30307,0.946
30309,0.696
30313,0.48
30314,0.906
30316,0.92
30318,0.838
30323,0.95
30324,0.968
30325,0.872
30330,0.972
30334,0.99
30338,0.99
30340,0.988
30344,0.988
30346,0.976
30348,0.996
30347,0.992
30349,0.98
30355,0.996
30365,0.984
30369,0.996
30370,0.972
30380,0.992
30385,0.992
30387,0.988
30393,0.964
30399,0.998
30405,0.998
30411,0.986
30416,0.996
30420,0.922
30421,1.0
30430,0.994
30434,0.99
30436,0.998
30439,0.99
30449,0.982
30454,0.996
30453,0.994
30471,0.996
30481,0.992
30482,0.996
30487,0.988
30494,0.996
30493,0.996
30496,0.99
30510,0.962
30515,0.996
30530,0.996
30535,0.992
30559,0.198
30562,0.826
30563,0.902
30566,0.954
30567,0.96
30580,0.964
30582,0.968
30581,0.986
30588,0.982
30589,0.984
30596,0.98
30604,0.986
30608,0.994
30609,0.986
30610,0.89
30615,0.994
30619,0.994
30622,0.99
30635,0.992
30636,1.0
30641,0.928
30643,0.994
30649,0.982
30648,0.998
30654,0.982
30653,0.984
30658,0.992
30666,0.992
30669,0.992
30670,0.998
30678,0.996
30685,0.994
30688,0.994
30689,0.996
30690,0.992
30699,0.994
30701,1.0
30704,0.99
30708,0.998
30714,1.0
30716,0.992
30721,0.64
30728,0.94
30731,0.964
30734,0.934
30751,0.96
30763,0.99
30766,0.996
30769,0.998
30773,0.884
30774,0.986
30779,1.0
30780,0.964
30785,0.99
30786,0.996
30788,1.0
30795,0.998
30798,0.994
30800,0.996
30802,0.998
30807,0.988
30808,1.0
30810,0.994
30811,0.996
30813,0.99
30819,0.626
30824,0.954
30826,0.922
30831,0.922
30836,0.972
30837,0.976
30840,0.778
30843,0.902
30844,0.928
30846,0.718
30851,0.178
30864,0.622
30870,0.94
30873,0.86
30876,0.846
30875,0.914
30882,0.644
30883,0.852
30885,0.934
30897,0.762
30898,0.714
30902,0.854
30906,0.882
30915,0.11
30920,0.52
30923,0.2
30929,0.154
30930,0.372
30932,0.178
30934,0.156
30937,0.342
30945,0.942
30944,0.934
30948,0.908
30946,0.944
30959,0.994
30958,0.994
30960,0.93
30961,0.962
30964,0.994
30966,0.986
30968,0.974
30967,1.0
30970,0.978
30973,0.984
30990,0.988
30992,1.0
30995,0.38
30997,0.94
31001,0.936
31004,0.954
31010,0.96
31011,0.986
31013,0.99
31026,0.98
31033,0.582
31038,0.484
31041,0.502
31045,0.842
31048,0.838
31051,0.936
31060,0.356
31063,0.32
31064,0.424
31071,0.536
31076,0.92
31080,0.476
31081,0.35
31086,0.88
31088,0.902
31092,0.472
31098,0.222
31110,0.628
31112,0.272
31114,0.39
31117,0.062
31125,0.214
31126,0.394
31131,0.41
31137,0.284
31138,0.468
31143,0.346
31152,0.222
31154,0.644
31157,0.126
31166,0.514
31168,0.252
31178,0.402
31182,0.838
31189,0.956
31190,0.95
31192,0.94
31193,0.97
31195,0.968
31196,0.95
31199,0.974
31204,0.982
31207,0.98
31211,0.988
31220,0.988
31229,0.976
31235,0.596
31239,0.8
31240,0.762
31246,0.834
31249,0.95
31250,0.846
31262,0.582
31284,0.154
31286,0.16
31287,0.166
31301,0.208
31306,0.196
31307,0.352
31308,0.162
31309,0.118
31312,0.216
31319,0.586
31333,0.186
31334,0.926
31347,0.738
31351,0.902
31350,0.974
31352,0.9
31361,0.596
31367,0.946
31372,0.948
31378,0.93
31379,0.992
31380,0.774
31386,0.892
31395,0.944
31396,0.99
31402,0.772
31409,0.59
31411,0.412
31412,0.238
31441,0.474
31443,0.426
31450,0.456
31453,0.322
31456,0.288
31457,0.58
31469,0.278
31473,0.39
31478,0.634
31479,0.932
31481,0.946
31484,0.98
31486,0.988
31488,0.996
31490,0.99
31497,1.0
31508,0.348
31512,0.962
31517,0.972
31534,0.56
31549,0.576
31548,0.956
31551,0.932
31556,0.42
31558,0.916
31564,0.926
31565,0.928
31575,0.494
31577,0.966
31578,0.956
31579,0.934
31586,0.53
31587,0.942
31589,0.944
31591,0.99
31593,0.922
31598,0.99
31601,0.576
31606,0.95
31615,0.738
31617,0.93
31629,0.634
31638,0.88
31640,0.606
31642,0.63
31647,0.394
31648,0.304
31655,0.9
31656,0.962
31662,0.956
31667,0.228
31668,0.29
31682,0.642
31684,0.82
31686,0.762
31689,0.952
31693,0.622
31697,0.536
31705,0.638
31709,0.732
31710,0.964
31712,0.966
31713,0.972
31718,0.976
31719,1.0
31724,0.994
31727,1.0
31732,0.966
31733,0.998
31750,0.784
31761,0.934
31765,0.972
31771,0.78
31774,0.986
31776,0.988
31777,0.996
31785,0.998
31783,0.998
31794,0.994
31798,0.998
31800,0.994
31805,0.996
31813,1.0
31827,0.944
31832,0.998
31834,1.0
31835,0.99
31836,0.988
31843,0.736
31845,0.978
31847,0.826
31853,0.978
31854,0.97
31855,0.908
31857,0.986
31862,0.816
31867,0.93
31869,0.994
31876,0.986
31880,0.99
31882,0.972
31884,0.994
31888,0.994
31892,0.998
31894,0.992
31905,0.338
31912,0.164
31915,0.17
31930,0.67
31935,0.954
31939,0.738
31942,0.67
31952,0.948
31957,0.422
31962,0.234
31983,0.176
31987,0.514
31995,0.65
32015,0.578
32021,0.964
32028,0.964
32032,0.986
32038,0.872
32039,0.964
32041,0.986
32049,0.94
32051,0.996
32055,1.0
32064,0.496
32066,0.948
32071,0.936
32072,0.962
32074,0.954
32079,0.974
32083,0.99
32085,0.926
32104,0.59
32105,0.704
32111,0.872
32115,0.952
32122,0.978
32124,0.98
32127,0.994
32128,0.99
32137,0.616
32142,0.89
32141,0.938
32146,0.922
32145,0.974
32148,0.996
32158,0.984
32167,0.986
32184,0.986
32189,0.99
32199,0.954
32201,0.988
32215,0.342
32222,0.25
32233,0.672
32235,0.968
32240,0.236
32244,0.684
32247,0.914
32250,0.822
32254,0.954
32256,0.678
32261,0.498
32264,0.33
32265,0.54
32273,0.38
32275,0.24
32281,0.21
32285,0.356
32287,0.398
32288,0.35
32290,0.264
32302,0.83
32332,0.844
32338,0.98
32343,0.938
32347,0.978
32353,0.99
32354,0.984
32357,0.994
32358,0.984
32362,0.686
32365,0.95
32372,0.92
32375,0.96
32378,0.984
32380,0.968
32382,0.996
32386,0.952
32388,0.988
32395,0.988
32406,0.99
32416,0.992
32418,0.998
32422,0.996
32429,0.98
32434,0.996
32436,0.864
32439,0.796
32442,0.96
32450,0.974
32453,0.964
32459,0.994
32467,0.978
32473,0.98
32472,0.984
32480,0.968
32481,0.47
32485,0.226
32493,0.504
32500,0.372
32501,0.798
32508,0.482
32509,0.208
32516,0.138
32519,0.154
32529,0.542
32530,0.168
32531,0.42
32535,0.628
32540,0.964
32556,0.874
32558,0.974
32559,0.976
32565,0.966
32566,0.906
32583,0.968
32587,0.994
32593,0.994
32596,0.994
32597,0.888
32598,0.958
32599,0.286
32614,0.942
32615,0.928
32619,0.974
32621,0.978
32623,0.996
32627,0.988
32629,0.994
32631,0.986
32633,0.962
32632,0.984
32634,0.972
32635,0.988
32643,0.996
32646,1.0
32647,0.984
32658,0.998
32663,0.974
32667,0.46
32671,0.486
32672,0.42
32702,0.53
32703,0.804
32707,0.216
32708,0.93
32713,0.62
32721,0.582
32732,0.498
32741,0.592
32744,0.808
32748,0.61
32758,0.242
32766,0.69
32768,0.25
32770,0.77
32774,0.878
32779,0.65
32785,0.44
32790,0.158
32793,0.55
32805,0.46
32812,0.85
32815,0.91
32820,0.928
32822,0.898
32830,0.942
32832,0.926
32834,0.948
32839,0.954
32849,0.962
32850,0.974
32863,0.984
32868,0.936
32869,0.256
32878,0.59
32885,0.922
32893,0.488
32905,0.666
32907,0.918
32918,0.69
32922,0.692
32929,0.244
32931,0.086
32932,0.068
32933,0.034
32937,0.04
32941,0.034
32946,0.076
32950,0.04
32952,0.018
32960,0.05
32962,0.086
32963,0.106
32967,0.152
32971,0.018
32988,0.014
33008,0.02
33014,0.09
33015,0.146
33023,0.036
33024,0.136
33025,0.152
33028,0.05
33029,0.04
33030,0.028
33036,0.626
33037,0.904
33042,0.604
33048,0.936
33054,0.93
33062,0.322
33063,0.924
33064,0.968
33066,0.96
33084,0.728
33085,0.976
33086,0.988
33090,0.978
33092,0.492
33093,0.412
33098,0.054
33099,0.088
33104,0.356
33107,0.62
33111,0.29
33112,0.918
33113,0.936
33114,0.878
33116,0.184
33119,0.546
33120,0.528
33139,0.282
33142,0.698
33145,0.834
33146,0.362
33147,0.922
33152,0.304
33159,0.182
33160,0.448
33161,0.93
33173,0.214
33180,0.484
33181,0.17
33195,0.194
33196,0.574
33198,0.898
33199,0.886
33202,0.214
33204,0.242
33213,0.228
33221,0.218
33224,0.124
33225,0.162
33228,0.124
33235,0.23
33237,0.312
33239,0.18
33261,0.11
33268,0.214
33272,0.156
33279,0.262
33284,0.7
33285,0.176
33287,0.514
33291,0.58
33309,0.266
33317,0.63
33325,0.15
33326,0.318
33355,0.734
33338,0.854
33342,0.938
33336,0.588
33368,0.42
33367,0.848
33371,0.862
33381,0.724
33389,0.26
33390,0.648
33399,0.51
33400,0.33
33401,0.676
33403,0.372
33404,0.386
33408,0.236
33409,0.182
33411,0.858
33415,0.778
33416,0.794
33418,0.154
33429,0.282
33432,0.628
33433,0.272
33439,0.206
33442,0.184
33449,0.192
33453,0.614
33456,0.948
33457,0.506
33460,0.208
33463,0.138
33465,0.358
33467,0.296
33470,0.47
33490,0.556
33497,0.422
33498,0.472
33503,0.73
33504,0.784
33512,0.096
33522,0.394
33524,0.228
33529,0.204
33542,0.12
33546,0.244
33550,0.256
33566,0.252
33572,0.298
33581,0.482
33586,0.526
33600,0.21
33605,0.068
33613,0.158
33615,0.498
33626,0.212
33627,0.1
33631,0.16
33641,0.442
33647,0.262
33655,0.182
33656,0.552
33676,0.47
33675,0.9
33690,0.604
33712,0.594
33715,0.502
33716,0.3
33732,0.296
33737,0.166
33741,0.784
33747,0.53
33748,0.202
33749,0.872
33756,0.078
33758,0.088
33759,0.224
33762,0.2
33767,0.182
33770,0.082
33778,0.588
33802,0.56
33812,0.112
33814,0.564
33816,0.934
33823,0.186
33826,0.194
33829,0.106
33836,0.108
33837,0.15
33841,0.432
33844,0.876
33845,0.658
33846,0.474
33850,0.118
33854,0.122
33858,0.188
33861,0.186
33865,0.082
33867,0.682
33868,0.562
33869,0.316
33873,0.268
33874,0.068
33875,0.102
33879,0.1
33884,0.068
33887,0.11
33888,0.058
33892,0.09
33895,0.154
33905,0.562
33916,0.906
33917,0.844
33919,0.94
33924,0.978
33929,0.866
33930,0.986
33934,0.946
33942,0.978
33944,0.928
33945,0.992
33952,0.996
33954,0.926
33956,0.988
33971,0.996
33972,0.996
33975,0.986
33976,0.984
33978,0.998
33977,0.966
33995,0.714
33997,0.896
33998,0.9
33999,0.932
34001,0.986
34000,0.988
34006,0.206
34007,0.432
34011,0.252
34018,0.288
34022,0.292
34024,0.414
34025,0.26
34027,0.066
34031,0.102
34038,0.08
34041,0.032
34045,0.04
34051,0.058
34058,0.036
34060,0.094
34061,0.02
34063,0.146
34065,0.128
34067,0.034
34069,0.104
34075,0.148
34092,0.344
34097,0.172
34108,0.092
34110,0.41
34114,0.522
34119,0.928
34121,0.888
34122,0.968
34133,0.122
34136,0.214
34140,0.57
34165,0.68
34175,0.766
34177,0.952
34180,0.67
34182,0.956
34186,0.456
34187,0.978
34190,0.97
34193,0.954
34194,0.984
34214,0.612
34216,0.922
34217,0.942
34222,0.988
34223,0.946
34226,0.576
34228,0.94
34238,0.982
34241,0.964
34244,0.982
34247,0.986
34249,0.992
34256,0.184
34258,0.286
34259,0.096
34263,0.168
34266,0.132
34267,0.346
34285,0.46
34290,0.424
34291,0.406
34302,0.178
34317,0.132
34320,0.618
34330,0.142
34331,0.82
34332,0.842
34342,0.116
34353,0.258
34354,0.132
34358,0.306
34373,0.314
34380,0.116
34383,0.526
34387,0.558
34393,0.602
34399,0.642
34402,0.95
34413,0.94
34427,0.982
34431,0.99
34437,0.98
34440,0.992
34445,0.992
34450,0.998
34456,0.978
34467,0.994
34468,0.35
34472,0.46
34474,0.858
34479,0.906
34486,0.886
34490,0.288
34499,0.52
34503,0.478
34506,0.876
34519,0.94
34523,0.78
34530,0.956
34534,0.96
34540,0.968
34544,0.984
34546,0.984
34550,0.436
34553,0.726
34563,0.958
34567,0.982
34578,0.978
34580,0.98
34581,0.938
34590,0.97
34594,0.974
34595,0.982
34608,0.99
34607,0.956
34614,0.976
34625,0.982
34628,0.994
34631,0.992
34634,0.994
34636,0.964
34645,0.994
34655,0.982
34657,0.912
34659,0.99
34667,0.996
34673,0.998
34674,0.98
34675,0.972
34683,0.97
34687,0.976
34706,0.988
34708,0.992
34712,0.978
34714,1.0
34718,0.994
34729,0.426
34745,0.136
34748,0.1
34754,0.088
34758,0.108
34770,0.206
34780,0.552
34790,0.544
34803,0.476
34807,0.132
34809,0.732
34810,0.914
34821,0.56
34822,0.648
34824,0.936
34825,0.96
34829,0.438
34832,0.916
34836,0.944
34845,0.984
34847,0.914
34853,0.982
34858,0.996
34859,0.988
34860,0.984
34863,0.406
34865,0.676
34874,0.598
34877,0.948
34882,0.16
34885,0.504
34888,0.642
34890,0.132
34892,0.888
34906,0.694
34909,0.938
34915,0.586
34917,0.95
34918,0.582
34923,0.962
34935,0.96
34939,0.974
34948,0.494
34953,0.368
34955,0.874
34958,0.82
34964,0.954
34967,0.852
34977,0.99
34981,0.956
34982,0.99
34985,0.984
34989,0.988
34997,0.988
35002,0.998
35008,0.992
35011,0.992
35012,0.994
35013,0.988
35015,1.0
35020,0.992
35029,0.978
35030,0.996
35042,0.616
35044,0.906
35046,0.95
35052,0.988
35057,0.988
35060,0.99
35061,0.994
35080,0.7
35091,0.902
35092,0.922
35096,0.916
35099,0.98
35100,0.968
35105,0.996
35115,0.998
35118,1.0
35116,0.99
35120,0.996
35128,0.992
35127,0.996
35140,0.996
35145,0.996
35149,0.24
35153,0.248
35173,0.408
35159,0.152
35174,0.394
35157,0.58
35158,0.806
35160,0.3
35179,0.286
35185,0.48
35195,0.756
35196,0.954
35197,0.956
35200,0.992
35203,0.966
35206,0.962
35216,0.544
35217,0.954
35222,0.96
35226,0.976
35229,0.96
35230,0.976
35240,0.986
35241,0.958
35246,0.994
35252,0.996
35261,0.998
35271,0.994
35279,0.526
35281,0.976
35287,0.962
35289,0.94
35315,0.322
35318,0.476
35327,0.28
35331,0.152
35339,0.178
35343,0.416
35347,0.65
35352,0.41
35354,0.486
35362,0.512
35370,0.116
35371,0.242
35375,0.432
35380,0.544
35389,0.462
35390,0.414
35394,0.316
35396,0.508
35400,0.878
35401,0.882
35405,0.96
35406,0.974
35426,0.808
35432,0.814
35435,0.948
35437,0.968
35438,0.924
35442,0.984
35447,1.0
35448,0.996
35449,0.996
35450,0.932
35455,1.0
35456,0.96
35458,0.56
35473,0.638
35474,0.548
35481,0.93
35491,0.926
35493,0.98
35495,0.984
35496,0.994
35497,0.986
35508,0.222
35513,0.626
35519,0.548
35523,0.964
35526,0.916
35534,0.9
35539,0.994
35541,0.99
35542,0.528
35544,0.978
35568,0.714
35570,0.826
35573,0.952
35577,0.962
35578,0.994
35598,0.998
35607,0.992
35611,0.994
35617,0.998
35622,0.996
35630,0.996
35634,0.998
35644,0.968
35648,0.996
35660,0.996
35676,0.996
35678,1.0
35688,0.6
35693,0.814
35694,0.928
35721,0.944
35732,0.976
35733,0.994
35739,0.994
35741,0.996
35743,1.0
35747,1.0
35759,0.998
35764,1.0
35766,0.986
35776,0.996
35777,0.99
35791,0.74
35803,0.762
35804,0.934
35811,0.992
35816,0.994
35828,0.978
35834,0.686
35839,0.304
35844,0.59
35851,0.93
35855,0.742
35856,0.962
35861,0.946
35863,0.948
35870,0.558
35876,0.688
35880,0.95
35882,0.984
35890,0.948
35912,0.448
35917,0.88
35918,0.948
35922,0.97
35931,0.976
35940,0.992
35945,0.994
35952,0.996
35953,0.998
35956,1.0
35960,1.0
35966,1.0
35970,0.998
35972,0.994
35973,1.0
35977,0.994
35978,0.996
35981,0.996
35983,0.998
35986,0.606
35997,0.53
35999,0.958
36001,0.924
36004,0.946
36023,0.512
36032,0.882
36045,0.722
36046,0.87
36050,0.878
36049,0.968
36051,0.862
36054,0.986
36057,0.972
36068,0.936
36069,0.988
36072,0.822
36103,0.248
36107,0.976
36115,0.664
36116,0.672
36124,0.836
36130,0.792
36134,0.972
36137,0.954
36142,0.95
36143,0.976
36151,0.534
36158,0.536
36169,0.634
36181,0.302
36184,0.84
36189,0.5
36190,0.79
36203,0.192
36206,0.438
36209,0.954
36224,0.228
36228,0.472
36230,0.312
36231,0.484
36234,0.288
36244,0.212
36248,0.618
36264,0.26
36267,0.24
36273,0.438
36275,0.294
36278,0.726
36280,0.216
36281,0.344
36283,0.28
36290,0.764
36294,0.968
36299,0.944
36302,0.722
36304,0.972
36306,0.956
36315,0.896
36323,0.99
36326,0.6
36325,0.972
36332,0.752
36339,0.902
36342,0.876
36353,0.98
36358,0.982
36359,1.0
36362,0.994
36364,0.998
36366,0.99
36370,0.998
36372,0.998
36373,0.982
36376,0.996
36416,0.77
36417,0.962
36434,0.732
36435,0.964
36439,0.85
36447,0.964
36449,0.942
36451,0.976
36456,0.972
36457,0.992
36463,0.488
36468,0.12
36469,0.386
36473,0.112
36482,0.404
36485,0.944
36488,0.938
36493,0.91
36499,0.728
36501,0.964
36509,0.972
36512,0.96
36515,0.962
36516,0.99
36533,0.606
36536,0.444
36538,0.458
36539,0.948
36543,0.948
36544,0.634
36547,0.222
36549,0.93
36553,0.91
36557,0.962
36569,0.972
36572,0.99
36575,0.996
36578,0.992
36582,0.444
36583,0.94
36597,0.934
36599,0.928
36601,0.974
36603,0.99
36612,0.998
36615,0.998
36618,0.998
36623,0.728
36625,0.554
36628,0.98
36630,0.94
36632,0.986
36635,0.97
36639,0.994
36645,0.958
36652,0.992
36654,0.998
36657,1.0
36664,0.556
36666,0.172
36670,0.766
36677,0.912
36678,0.932
36684,0.934
36686,0.962
36688,0.984
36690,0.93
36691,0.98
36694,0.74
36696,0.868
36700,0.54
36717,0.972
36721,0.94
36723,0.966
36725,0.986
36733,0.972
36737,0.99
36741,0.988
36750,0.61
36752,0.988
36753,0.964
36758,0.574
36759,0.97
36761,0.938
36766,0.966
36767,0.966
36773,0.98
36783,0.972
36782,0.996
36785,0.986
36787,0.988
36795,0.99
36796,0.984
36797,0.996
36803,0.984
36804,0.56
36807,0.52
36811,0.948
36825,0.61
36824,0.868
36830,0.942
36846,0.564
36848,0.928
36852,0.958
36855,0.812
36857,0.322
36859,0.87
36891,0.714
36893,0.93
36902,0.884
36905,0.324
36907,0.948
36916,0.628
36920,0.502
36923,0.236
36924,0.154
36925,0.768
36926,0.932
36927,0.884
36935,0.3
36937,0.794
36945,0.404
36950,0.636
36960,0.552
36967,0.816
36973,0.95
36975,0.962
36974,0.986
36982,0.986
36990,0.998
36991,0.996
37002,0.47
37007,0.678
37008,0.772
37025,0.988
37026,0.974
37029,0.998
37030,0.994
37032,0.996
37033,1.0
37046,0.994
37049,1.0
37052,1.0
37056,0.998
37055,0.998
37070,0.996
37071,0.984
37081,0.976
37096,0.658
37102,0.956
37106,0.986
37109,0.956
37108,0.98
37111,0.992
37114,0.83
37124,0.984
37129,0.95
37128,0.98
37138,0.996
37143,0.998
37149,0.998
37158,0.988
37168,0.986
37170,0.998
37174,0.728
37175,0.834
37181,1.0
37183,0.99
37193,0.998
37195,1.0
37222,1.0
37233,0.964
37234,0.984
37236,1.0
37240,1.0
37242,1.0
37252,0.98
37254,0.998
37257,0.996
37259,1.0
37260,0.956
37272,1.0
37276,0.96
37275,1.0
37286,0.994
37289,0.998
37297,0.558
37306,0.948
37312,0.93
37313,0.982
37319,0.976
37321,0.994
37329,0.996
37335,0.966
37341,0.996
37344,0.454
37345,0.936
37355,0.912
37357,0.458
37363,0.844
37362,0.982
37361,0.97
37366,0.988
37369,0.994
37370,0.996
37373,0.886
37381,1.0
37401,0.696
37407,0.946
37411,0.928
37412,0.986
37418,0.96
37419,0.882
37426,0.652
37427,0.548
37428,0.954
37442,0.856
37444,0.97
37447,0.986
37446,0.978
37456,0.986
37462,0.986
37468,0.962
37469,0.986
37472,0.988
37474,0.984
37477,0.894
37486,0.966
37488,0.964
37490,0.958
37492,0.948
37498,0.984
37506,0.99
37508,0.922
37509,0.538
37510,0.862
37512,0.952
37516,0.976
37522,0.994
37524,0.994
37530,0.978
37532,0.988
37546,0.448
37551,0.574
37593,0.548
37596,0.964
37602,0.41
37615,0.776
37617,0.938
37623,0.97
37625,0.976
37624,0.988
37627,0.99
37629,0.968
37631,0.988
37636,0.988
37638,0.996
37642,0.992
37641,0.996
37645,0.996
37653,0.39
37654,0.962
37658,0.954
37659,0.968
37662,0.954
37663,0.98
37670,0.99
37705,0.22
37712,0.644
37714,0.898
37719,0.96
37722,0.952
37726,0.966
37729,0.97
37738,0.992
37741,0.996
37743,0.994
37742,1.0
37749,0.996
37761,0.724
37773,0.666
37793,0.95
37799,0.958
37803,0.954
37813,0.7
37814,0.928
37833,0.546
37858,0.98
37863,0.602
37865,0.902
37867,0.962
37873,0.932
37878,0.974
37901,0.474
37903,0.988
37910,0.638
37915,0.766
37928,0.654
37934,0.946
37938,0.634
37939,0.934
37940,0.982
37942,0.982
37941,0.96
37946,0.968
37948,0.996
37951,0.99
37952,1.0
37953,0.998
37961,0.998
37963,0.996
37971,0.992
37976,0.984
37995,1.0
38000,0.998
38007,1.0
38017,0.998
38020,0.998
38025,0.996
38028,0.992
38035,0.998
38045,0.996
38053,1.0
38059,1.0
38068,0.992
38072,1.0
38077,1.0
38080,0.99
38083,0.998
38094,0.992
38102,0.998
38111,0.318
38113,0.68
38121,0.614
38122,0.824
38130,0.592
38132,0.258
38139,0.964
38143,0.352
38148,0.684
38153,0.492
38155,0.902
38157,0.858
38159,0.978
38162,0.944
38173,0.768
38200,0.538
38201,0.142
38206,0.312
38209,0.564
38226,0.206
38230,0.514
38232,0.976
38234,0.944
38237,0.97
38245,0.992
38244,0.978
38258,0.99
38263,0.228
38270,0.552
38272,0.922
38276,0.93
38278,0.98
38290,0.936
38296,0.99
38297,0.984
38299,0.982
38313,0.88
38315,0.786
38344,0.61
38349,0.806
38350,0.916
38352,0.966
38359,0.58
38369,0.58
38373,0.964
38374,0.946
38383,0.958
38384,0.958
38387,0.94
38391,0.996
38394,0.632
38395,0.208
38399,0.974
38398,0.938
38406,0.432
38420,0.308
38425,0.142
38432,0.522
38435,0.94
38439,0.964
38445,0.98
38456,0.64
38459,0.964
38461,0.496
38463,0.758
38470,0.318
38476,0.334
38478,0.908
38481,0.732
38487,0.1
38499,0.19
38501,0.162
38502,0.24
38508,0.174
38525,0.874
38532,0.716
38553,0.374
38557,0.638
38558,0.972
38563,0.964
38566,0.974
38582,0.622
38586,0.88
38591,0.972
38603,0.614
38617,0.958
38621,0.778
38623,0.974
38625,0.514
38631,0.952
38633,0.976
38636,0.964
38638,0.93
38639,0.988
38640,0.992
38643,1.0
38651,0.98
38652,0.996
38653,1.0
38654,0.99
38659,0.992
38663,0.994
38668,0.99
38678,0.67
38677,0.972
38679,0.922
38685,0.964
38700,0.952
38699,0.99
38707,0.902
38713,0.45
38716,0.724
38718,0.836
38730,0.71
38732,0.95
38741,0.408
38734,0.718
38751,0.688
38763,0.928
38770,0.952
38771,0.98
38780,0.556
38781,0.828
38785,0.774
38787,0.896
38790,0.466
38794,0.744
38797,0.924
38804,0.916
38808,0.93
38810,0.968
38817,0.964
38819,0.99
38836,0.444
38842,0.946
38846,0.954
38849,0.956
38850,0.972
38853,0.938
38855,0.95
38860,0.994
38861,0.976
38863,0.976
38866,0.998
38870,1.0
38879,0.822
38881,0.994
38883,0.774
38886,0.996
38892,0.994
38896,0.582
38899,0.516
38901,0.252
38908,0.686
38911,0.856
38918,0.62
38930,0.586
38931,0.886
38934,0.858
38940,0.954
38952,0.976
38956,0.996
38960,0.978
38969,0.98
38970,0.992
38973,0.634
38976,0.938
38975,0.966
38982,0.84
38987,0.6
38992,0.68
38997,0.976
39002,0.86
39003,0.958
39004,0.96
39012,0.99
39014,0.996
39017,0.986
39023,0.98
39026,0.992
39028,0.996
39040,0.978
39041,0.988
39050,0.98
39055,1.0
39058,0.998
39060,0.998
39062,0.996
39070,0.986
39072,0.998
39077,0.984
39079,0.998
39083,0.996
39094,0.998
39107,0.994
39110,0.992
39115,0.996
39126,0.994
39131,0.99
39142,0.998
39141,0.998
39145,0.994
39147,0.996
39149,0.962
39152,0.986
39158,0.926
39174,0.55
39175,0.836
39176,0.94
39178,0.964
39187,0.954
39190,0.936
39195,0.582
39203,0.26
39206,0.9
39211,0.618
39212,0.396
39214,0.526
39217,0.984
39219,0.53
39221,0.986
39234,0.99
39236,0.986
39237,0.924
39241,0.98
39242,0.992
39255,0.996
39258,0.986
39261,0.994
39271,0.996
39272,0.988
39274,0.996
39275,0.994
39276,0.984
39280,1.0
39283,0.998
39285,0.998
39291,0.966
39292,0.996
39298,1.0
39303,0.622
39306,0.518
39309,0.712
39318,0.482
39330,0.304
39346,0.928
39348,0.928
39350,0.972
39354,0.902
39371,0.536
39374,0.952
39376,0.93
39383,0.97
39393,0.234
39396,0.936
39402,0.942
39407,0.562
39411,0.938
39412,0.942
39413,0.978
39422,0.982
39423,0.978
39427,0.416
39428,0.44
39431,0.524
39435,0.522
39436,0.88
39448,0.876
39453,0.508
39454,0.652
39455,0.762
39460,0.92
39467,0.608
39471,0.32
39472,0.348
39476,0.946
39482,0.95
39486,0.982
39491,0.828
39492,0.432
39495,0.578
39504,0.278
39517,0.686
39518,0.744
39525,0.952
39532,0.944
39538,0.974
39540,0.758
39542,0.992
39548,0.988
39550,0.992
39553,0.994
39554,0.994
39556,0.996
39563,0.998
39568,0.954
39573,0.666
39575,0.934
39578,0.948
39583,0.938
39585,0.988
39593,0.99
39596,1.0
39597,0.996
39604,0.998
39603,0.998
39608,0.996
39616,0.394
39617,0.706
39618,0.916
39634,0.484
39644,0.696
39650,0.38
39657,0.302
39660,0.956
39662,0.976
39663,0.98
39664,0.918
39672,0.99
39690,0.982
39693,0.994
39697,1.0
39723,0.172
39725,0.618
39726,0.908
39728,0.968
39749,0.938
39751,0.978
39760,0.36
39768,0.974
39770,0.98
39773,0.86
39774,0.966
39775,0.988
39781,0.984
39779,0.998
39786,0.542
39787,0.954
39791,0.708
39793,0.956
39794,0.962
39796,0.98
39800,0.98
39802,0.994
39804,0.996
39806,1.0
39809,0.996
39818,0.998
39821,0.594
39822,0.164
39825,0.122
39827,0.206
39837,0.614
39839,0.834
39845,0.948
39861,0.958
39863,0.97
39864,0.94
39867,0.968
39866,0.982
39869,0.98
39874,0.978
39879,0.978
39877,0.976
39885,0.998
39888,0.99
39900,0.998
39904,0.984
39905,0.998
39918,0.99
39920,0.678
39921,0.93
39925,0.884
39930,0.942
39937,0.978
39944,0.98
39951,0.594
39952,0.282
39956,0.594
39958,0.29
39960,0.436
39971,0.96
39974,0.964
39977,0.98
39980,0.46
39986,0.872
39989,0.932
39994,0.348
39995,0.884
40011,0.55
40016,0.924
40020,0.404
40021,0.942
40026,0.32
40033,0.598
40040,0.268
40042,0.502
40044,0.782
40047,0.604
40048,0.256
40049,0.938
40060,0.636
40069,0.934
40070,0.89
40076,0.934
40080,0.952
40082,0.978
40084,0.974
40085,0.986
40088,0.984
40092,0.982
40101,0.64
40103,0.204
40106,0.51
40108,0.982
40116,0.55
40128,0.332
40130,0.186
40134,0.52
40137,0.552
40141,0.226
40143,0.442
40144,0.192
40152,0.422
40155,0.36
40156,0.97
40163,0.96
40165,0.87
40173,0.974
40181,0.876
40196,0.462
40206,0.468
40207,0.97
40210,0.942
40219,0.986
40227,0.784
40230,0.968
40231,0.988
40236,0.986
40237,0.976
40238,0.994
40239,0.982
40241,0.696
40243,0.928
40247,0.954
40255,0.978
40268,0.25
40271,0.294
40276,0.836
40280,0.96
40282,0.968
40283,0.962
40288,0.996
40289,0.976
40297,1.0
40300,0.994
40302,0.994
40306,0.996
40312,1.0
40327,0.998
40326,0.994
40330,0.998
40342,0.984
40345,0.996
40348,1.0
40352,1.0
40353,1.0
40356,0.996
40372,0.998
40374,0.998
40380,0.574
40381,0.938
40385,0.474
40386,0.276
40400,0.544
40401,0.946
40407,0.974
40418,0.986
40422,0.982
40429,0.496
40431,0.914
40434,0.246
40435,0.958
40444,0.612
40447,0.934
40450,0.988
40455,0.994
40457,0.842
40462,0.696
40463,0.976
40464,0.972
40474,0.848
40495,0.976
40496,0.95
40505,0.984
40509,0.978
40516,0.998
40526,1.0
40529,1.0
40530,0.986
40531,0.998
40547,0.99
40550,0.994
40552,0.496
40553,0.528
40567,0.852
40573,0.878
40581,0.962
40584,0.972
40585,0.916
40587,0.712
40597,0.778
40600,0.968
40604,0.338
40612,0.128
40626,0.198
40628,0.912
40632,0.954
40640,0.954
40647,0.65
40652,0.948
40655,0.96
40662,0.986
40667,0.9
40668,0.992
40674,0.976
40680,0.99
40682,0.992
40688,0.8
40693,0.872
40701,0.982
40711,0.974
40719,0.994
40727,0.966
40728,0.986
40732,0.928
40746,0.494
40747,0.908
40749,0.898
40750,0.522
40751,0.25
40753,0.696
40754,0.276
40757,0.814
40759,0.864
40760,0.602
40761,0.532
40762,0.96
40771,0.12
40774,0.958
40783,0.292
40798,0.668
40800,0.852
40801,0.894
40803,0.972
40812,0.982
40814,0.954
40815,0.994
40830,0.794
40832,0.922
40837,0.976
40843,0.966
40866,0.984
40868,0.974
40871,0.896
40872,0.854
40873,0.934
40874,0.868
40877,0.988
40884,0.97
40891,0.94
40897,0.914
40900,0.996
40902,0.996
40906,0.998
40920,0.986
40921,0.994
40925,0.992
40929,0.996
40932,0.93
40936,0.984
40940,0.994
40948,0.994
40958,0.998
40961,0.996
40965,0.99
40973,0.986
40975,0.994
40979,0.98
40980,0.996
40981,0.998
40987,0.992
41012,0.552
41025,0.422
41032,0.452
41043,0.224
41045,0.578
41051,0.836
41053,0.948
41052,0.954
41057,0.98
41060,0.996
41065,0.912
41077,0.41
41078,0.444
41083,0.1
41085,0.108
41101,0.442
41107,0.944
41110,0.892
41111,0.95
41115,0.936
41119,0.982
41127,0.962
41129,0.938
41135,0.988
41138,0.998
41139,0.994
41140,0.99
41143,0.998
41145,0.996
41149,0.962
41151,0.96
41156,0.998
41160,0.998
41161,0.994
41164,0.954
41178,0.986
41181,0.994
41189,1.0
41197,0.996
41204,0.98
41207,0.998
41208,0.996
41211,0.99
41213,0.978
41223,0.998
41225,0.998
41226,0.998
41228,0.996
41229,0.996
41232,0.842
41238,0.638
41243,0.928
41256,0.956
41257,0.962
41262,0.682
41266,0.376
41272,0.85
41275,0.976
41277,0.962
41279,0.98
41280,0.984
41286,0.464
41290,0.244
41293,0.49
41297,0.48
41309,0.486
41313,0.864
41317,0.966
41320,0.978
41324,0.928
41327,0.984
41330,0.55
41331,0.544
41335,0.948
41344,0.924
41343,0.97
41345,0.958
41347,0.978
41367,0.606
41370,0.096
41373,0.53
41379,0.222
41384,0.638
41392,0.664
41395,0.938
41396,0.528
41400,0.646
41403,0.962
41408,0.326
41418,0.754
41421,0.966
41426,0.794
41433,0.818
41437,0.908
41450,0.944
41454,0.974
41466,0.984
41468,0.992
41477,0.996
41479,0.992
41481,0.976
41487,0.958
41492,0.994
41494,0.952
41510,0.996
41513,0.99
41517,0.348
41518,0.334
41519,0.962
41523,0.982
41525,0.978
41542,0.672
41557,0.9
41561,0.956
41567,0.958
41571,0.978
41591,0.09
41593,0.23
41599,0.24
41604,0.066
41607,0.162
41618,0.092
41629,0.2
41638,0.128
41639,0.578
41640,0.868
41641,0.852
41649,0.73
41652,0.952
41653,0.958
41665,0.176
41669,0.124
41676,0.18
41677,0.206
41682,0.844
41684,0.906
41689,0.994
41691,0.976
41693,0.99
41707,0.65
41713,0.202
41714,0.636
41718,0.432
41726,0.408
41727,0.93
41730,0.502
41735,0.514
41738,0.194
41741,0.202
41744,0.194
41750,0.27
41757,0.498
41760,0.268
41763,0.184
41767,0.33
41772,0.534
41773,0.518
41776,0.086
41780,0.118
41791,0.264
41804,0.402
41807,0.552
41812,0.224
41814,0.43
41827,0.6
41830,0.296
41832,0.574
41839,0.944
41848,0.92
41849,0.978
41855,0.118
41858,0.134
41859,0.246
41864,0.534
41865,0.154
41866,0.512
41867,0.482
41882,0.158
41885,0.178
41907,0.618
41908,0.948
41917,0.976
41918,0.822
41919,0.682
41920,0.978
41927,0.998
41930,1.0
41932,0.996
41934,0.97
41942,0.438
41946,0.784
41954,0.856
41962,0.966
41964,0.986
41975,0.964
41977,0.97
41984,0.468
41990,0.852
41996,0.964
41999,0.536
42000,0.454
42013,0.952
42015,0.964
42016,0.974
42026,0.416
42031,0.946
42034,0.982
42040,0.872
42044,0.986
42049,0.998
42053,0.988
42062,0.994
42067,1.0
42072,0.976
42077,0.198
42078,0.084
42079,0.188
42080,0.204
42084,0.212
42089,0.304
42093,0.93
42102,0.914
42109,0.944
42115,0.932
42123,0.992
42127,0.984
42130,0.986
42132,0.948
42133,0.99
42138,0.554
42139,0.956
42147,0.748
42148,0.956
42151,0.64
42159,0.588
42161,0.622
42165,0.97
42169,0.896
42179,0.882
42183,0.558
42190,0.936
42196,0.984
42201,0.944
42206,0.972
42207,0.994
42221,0.986
42238,0.974
42252,0.12
42264,0.114
42266,0.268
42269,0.142
42278,0.156
42282,0.174
42285,0.104
42300,0.122
42302,0.514
42304,0.12
42317,0.146
42323,0.462
42324,0.92
42326,0.2
42330,0.11
42336,0.074
42340,0.63
42357,0.17
42358,0.18
42359,0.9
42379,0.59
42385,0.156
42395,0.112
42402,0.738
42405,0.918
42409,0.536
42410,0.886
42420,0.98
42421,0.792
42423,0.958
42427,0.952
42426,0.984
42434,0.962
42449,0.996
42451,0.992
42453,0.994
42459,0.988
42463,0.862
42473,0.68
42475,0.95
42492,0.96
42494,0.944
42501,0.94
42504,0.984
42514,0.992
42516,0.968
42517,0.978
42519,0.976
42522,0.956
42528,0.94
42534,0.968
42537,1.0
42541,0.988
42549,0.964
42550,0.526
42557,0.76
42564,0.492
42570,0.862
42574,0.936
42583,0.914
42587,0.978
42615,0.642
42620,0.878
42636,0.564
42644,0.53
42647,0.132
42651,0.768
42652,0.894
42656,0.98
42666,0.978
42670,0.966
42673,0.558
42674,0.946
42676,0.926
42678,0.98
42679,0.984
42681,0.988
42687,0.92
42688,0.996
42689,0.994
42692,0.988
42696,1.0
42701,0.986
42713,0.638
42717,0.31
42718,0.878
42721,0.938
42726,0.972
42739,0.158
42745,0.564
42751,0.8
42756,0.884
42759,0.954
42765,0.846
42773,0.932
42783,0.562
42805,0.422
42806,0.346
42813,0.184
42815,0.132
42830,0.1
42831,0.064
42837,0.178
42838,0.194
42841,0.128
42844,0.218
42858,0.626
42860,0.846
42870,0.916
42875,0.868
42878,0.878
42880,0.916
42886,0.964
42885,0.938
42899,0.922
42901,0.98
42908,0.968
42917,0.586
42916,0.824
42920,0.896
42921,0.882
42930,0.966
42945,0.95
42949,0.982
42951,0.944
42959,0.938
42965,0.992
42988,0.968
42991,0.982
42990,0.988
42993,0.968
42996,0.44
43002,0.758
43003,0.936
43004,0.92
43008,0.888
43012,0.93
43013,0.938
43015,0.956
43017,0.736
43018,0.886
43024,0.974
43027,0.92
43030,0.982
43031,0.956
43036,0.968
43041,0.936
43052,0.992
43055,0.982
43071,0.08
43074,0.076
43077,0.164
43081,0.504
43085,0.154
43086,0.188
43089,0.236
43100,0.49
43101,0.89
43106,0.364
43108,0.29
43112,0.52
43118,0.118
43123,0.194
43129,0.862
43130,0.958
43134,0.934
43136,0.93
43155,0.514
43160,0.828
43166,0.54
43167,0.27
43172,0.954
43179,0.844
43188,0.908
43191,0.948
43196,0.918
43197,0.908
43214,0.958
43219,0.954
43225,0.98
43227,0.746
43231,0.318
43235,0.698
43237,0.92
43250,0.916
43251,0.912
43256,0.93
43261,0.912
43264,0.962
43266,0.546
43268,0.798
43274,0.932
43280,0.384
43289,0.78
43290,0.916
43295,0.898
43298,0.834
43307,0.398
43315,0.688
43316,0.922
43317,0.878
43326,0.914
43331,0.974
43336,0.942
43346,0.968
43348,0.986
43359,0.97
43360,0.952
43365,0.892
43373,0.968
43376,0.974
43384,0.93
43386,0.522
43391,0.884
43393,0.924
43396,0.92
43398,0.912
43401,0.916
43406,0.386
43405,0.658
43416,0.958
43419,0.92
43425,0.772
43429,0.988
43438,0.83
43440,0.916
43447,0.446
43455,0.862
43470,0.9
43474,0.898
43475,0.702
43478,0.566
43479,0.876
43490,0.974
43492,0.952
43503,0.938
43512,0.968
43519,0.942
43521,0.916
43522,0.978
43524,0.974
43532,0.97
43534,0.334
43537,0.716
43545,0.886
43556,0.858
43566,0.558
43576,0.73
43578,0.764
43586,0.652
43597,0.836
43604,0.954
43603,0.978
43605,0.966
43610,0.948
43612,0.978
43616,0.538
43617,0.908
43619,0.956
43621,0.914
43620,0.906
43628,0.98
43627,0.942
43630,0.968
43633,0.972
43634,0.976
43640,0.974
43641,0.976
43649,0.988
43656,0.786
43657,0.916
43662,0.33
43664,0.484
43671,0.676
43673,0.53
43681,0.944
43685,0.964
43689,0.964
43691,0.874
43693,0.238
43699,0.876
43703,0.95
43706,0.978
43709,0.984
43719,0.556
43726,0.86
43727,0.944
43730,0.212
43734,0.942
43751,0.44
43762,0.278
43765,0.1
43769,0.152
43778,0.102
43779,0.076
43790,0.518
43804,0.69
43809,0.732
43812,0.786
43815,0.926
43817,0.734
43825,0.192
43826,0.364
43827,0.608
43834,0.1
43835,0.124
43846,0.636
43847,0.82
43857,0.45
43871,0.75
43881,0.93
43883,0.968
43888,0.982
43892,0.986
43914,0.96
43915,0.988
43919,0.978
43923,0.99
43944,0.476
43953,0.966
43958,0.918
43961,0.966
43964,0.936
43969,0.996
43978,0.76
43983,0.898
43989,0.976
43995,0.988
43996,0.992
44005,0.378
44010,0.302
44009,0.802
44021,0.904
44022,0.962
44023,0.982
44035,0.402
44043,0.208
44047,0.92
44057,0.532
44058,0.956
44062,0.548
44064,0.896
44067,0.856
44073,0.98
44086,0.992
44098,0.998
44099,0.892
44102,0.984
44103,0.998
44104,0.94
44108,0.99
44112,0.992
44113,0.992
44123,0.972
44127,0.98
44128,0.994
44146,0.374
44151,0.928
44158,0.122
44175,0.238
44187,0.364
44193,0.69
44195,0.942
44200,0.89
44205,0.736
44215,0.64
44219,0.932
44220,0.408
44226,0.964
44228,0.968
44242,0.392
44243,0.966
44252,0.962
44253,0.984
44260,0.988
44263,0.99
44268,0.894
44272,0.936
44282,0.94
44287,0.53
44291,0.852
44299,0.582
44303,0.858
44306,0.952
44319,0.98
44331,0.98
44330,0.958
44336,0.976
44344,0.996
44354,0.992
44357,0.998
44358,0.996
44362,0.942
44363,0.998
44369,0.99
44373,0.998
44376,1.0
44384,0.998
44386,0.994
44390,0.99
44393,0.956
44395,0.982
44397,0.996
44403,0.994
44410,0.998
44425,0.992
44426,0.998
44430,1.0
44449,0.994
44451,1.0
44458,0.998
44465,1.0
44466,0.998
44472,1.0
44476,1.0
44489,0.196
44500,0.508
44507,0.952
44509,0.934
44517,0.958
44528,0.97
44531,0.996
44535,0.992
44543,0.884
44544,0.998
44545,0.996
44548,0.976
44572,0.956
44573,0.988
44576,0.994
44577,1.0
44582,0.982
44583,0.986
44584,0.994
44599,0.992
44601,0.996
44605,0.994
44610,1.0
44615,0.998
44614,1.0
44616,0.992
44621,0.988
44625,0.612
44626,0.884
44632,0.934
44638,0.666
44648,0.566
44657,0.654
44663,0.884
44664,0.85
44667,0.978
44671,0.986
44680,0.992
44694,0.28
44703,0.092
44704,0.222
44707,0.144
44711,0.15
44717,0.108
44723,0.112
44751,0.408
44752,0.276
44763,0.898
44778,0.222
44785,0.128
44786,0.428
44793,0.642
44796,0.788
44802,0.61
44806,0.886
44810,0.906
44812,0.788
44813,0.352
44821,0.864
44825,0.932
44827,0.958
44828,0.93
44830,0.354
44839,0.562
44842,0.946
44851,0.886
44853,0.974
44857,0.974
44859,0.964
44862,0.844
44863,0.998
44868,0.98
44872,0.986
44877,0.994
44878,0.984
44880,0.998
44881,0.998
44887,0.982
44886,0.998
44889,0.996
44897,0.998
44916,0.994
44927,0.994
44929,0.97
44933,0.976
44935,0.976
44949,0.552
44966,0.7
44967,0.95
44970,0.942
44972,0.95
44975,0.964
44983,0.34
44989,0.632
44990,0.896
44994,0.722
45004,0.208
45019,0.324
45022,0.874
45023,0.92
45026,0.962
45028,0.904
45033,0.384
45044,0.508
45046,0.918
45052,0.984
45054,0.98
45055,0.902
45057,0.98
45058,0.994
45059,0.87
45061,1.0
45063,0.996
45075,0.992
45078,0.998
45085,0.986
45094,0.994
45106,0.996
45105,0.998
45108,0.988
45110,0.996
45112,1.0
45114,0.988
45121,0.988
45123,0.998
45125,0.546
45129,0.94
45137,0.21
45139,0.242
45141,0.502
45142,0.272
45143,0.184
45145,0.164
45147,0.136
45151,0.404
45162,0.166
45167,0.162
45169,0.842
45170,0.854
45171,0.164
45177,0.202
45183,0.45
45187,0.106
45190,0.188
45192,0.276
45194,0.152
45200,0.066
45207,0.238
45210,0.094
45212,0.154
45214,0.11
45215,0.162
45224,0.262
45225,0.344
45231,0.382
45233,0.788
45235,0.166
45237,0.282
45238,0.278
45252,0.482
45261,0.322
45265,0.49
45276,0.09
45284,0.706
45285,0.926
45296,0.942
45299,0.93
45300,0.974
45317,0.222
45325,0.14
45341,0.34
45345,0.536
45365,0.874
45366,0.456
45380,0.228
45382,0.206
45383,0.662
45389,0.174
45395,0.498
45396,0.934
45397,0.84
45400,0.968
45401,0.45
45409,0.52
45412,0.886
45416,0.972
45419,0.982
45436,0.95
45437,0.98
45444,0.772
45446,0.966
45453,0.862
45457,0.974
45462,0.664
45463,0.916
45467,0.952
45470,0.936
45471,0.878
45475,0.398
45479,0.21
45481,0.412
45482,0.524
45483,0.478
45490,0.286
45501,0.116
45505,0.168
45514,0.172
45517,0.124
45518,0.706
45521,0.238
45522,0.274
45526,0.17
45531,0.148
45548,0.22
45556,0.338
45559,0.248
45563,0.248
45568,0.776
45575,0.43
45576,0.23
45589,0.372
45610,0.95
45611,0.964
45623,0.702
45622,0.976
45624,0.968
45633,0.98
45637,0.978
45642,0.982
45647,0.206
45649,0.91
45655,0.666
45658,0.276
45662,0.384
45663,0.596
45665,0.942
45668,0.444
45669,0.778
45672,0.916
45674,0.964
45687,0.974
45688,0.986
45690,0.994
45692,0.988
45694,0.588
45705,0.226
45707,0.67
45710,0.93
45711,0.796
45725,0.13
45727,0.126
45730,0.124
45731,0.108
45732,0.886
45744,0.066
45745,0.11
45749,0.066
45755,0.262
45758,0.886
45762,0.332
45771,0.314
45781,0.142
45785,0.12
45786,0.314
45791,0.918
45794,0.894
45803,0.704
45804,0.898
45818,0.78
45820,0.964
45829,0.98
45832,0.958
45836,0.32
45845,0.882
45847,0.952
45849,0.964
45848,0.992
45850,0.968
45861,0.97
45866,0.986
45865,0.99
45877,0.998
45882,0.996
45884,0.998
45885,0.916
45887,0.99
45894,0.968
45904,0.932
45906,1.0
45909,0.992
45912,0.984
45915,0.996
45925,1.0
45936,0.996
45937,0.998
45938,0.902
45939,0.996
45940,0.996
45951,0.986
45957,0.996
45956,0.992
45980,0.47
45982,0.306
45985,0.936
45997,0.978
45998,0.984
46010,0.142
46012,0.212
46013,0.552
46018,0.2
46025,0.24
46033,0.198
46027,0.64
46031,0.62
46046,0.176
46054,0.334
46064,0.46
46069,0.064
46071,0.072
46072,0.426
46080,0.416
46086,0.156
46087,0.214
46089,0.904
46094,0.33
46102,0.91
46106,0.482
46107,0.152
46110,0.24
46121,0.46
46122,0.976
46123,0.974
46124,0.99
46140,0.698
46147,0.928
46149,0.988
46155,0.956
46159,0.952
46170,0.994
46171,0.996
46178,0.988
46187,0.998
46203,0.99
46206,0.998
46210,1.0
46211,1.0
46212,0.996
46219,0.996
46224,1.0
46226,0.528
46227,0.958
46229,0.876
46245,0.988
46246,0.876
46250,0.994
46254,0.998
46257,0.994
46258,0.996
46259,0.95
46267,1.0
46268,0.996
46272,0.994
46274,0.998
46273,1.0
46281,0.998
46290,0.936
46292,0.998
46306,0.998
46307,1.0
46318,1.0
46325,0.156
46331,0.198
46353,0.504
46358,0.936
46360,0.98
46362,0.962
46372,0.516
46374,0.766
46381,0.54
46389,0.552
46390,0.556
46391,0.774
46395,0.9
46398,0.978
46405,0.986
46413,0.992
46417,0.994
46424,0.998
46433,0.992
46446,0.984
46449,0.3
46456,0.506
46458,0.964
46465,0.722
46470,0.89
46472,0.16
46473,0.9
46481,0.544
46480,0.908
46487,0.944
46491,0.844
46493,0.982
46496,0.978
46498,0.984
46499,0.986
46501,0.996
46505,0.994
46510,0.958
46514,0.996
46516,0.944
46530,0.994
46537,0.994
46547,0.35
46549,0.974
46550,0.966
46552,0.964
46554,0.978
46556,0.982
46570,0.99
46580,0.99
46582,0.99
46584,0.934
46585,0.98
46589,0.996
46592,0.996
46611,0.392
46615,0.946
46617,0.942
46618,0.976
46624,0.61
46626,0.874
46633,0.958
46636,0.964
46642,0.98
46648,0.984
46649,0.972
46651,0.992
46654,0.996
46667,0.988
46673,0.994
46678,0.988
46686,0.988
46692,0.994
46693,0.998
46694,0.998
46697,0.998
46703,0.996
46712,0.996
46717,0.99
46728,1.0
46754,0.394
46755,0.348
46756,0.448
46760,0.278
46762,0.628
46765,0.772
46768,0.22
46772,0.104
46788,0.19
46791,0.202
46792,0.436
46794,0.8
46798,0.33
46799,0.442
46802,0.33
46812,0.23
46814,0.404
46817,0.172
46818,0.412
46820,0.208
46828,0.398
46831,0.446
46835,0.9
46838,0.11
46847,0.142
46851,0.474
46853,0.218
46859,0.132
46861,0.194
46863,0.322
46864,0.348
46867,0.982
46868,0.956
46872,0.926
46884,0.972
46895,0.988
46898,0.562
46902,0.934
46907,0.672
46909,0.844
46914,0.966
46926,0.86
46929,0.876
46931,0.948
46936,0.408
46938,0.826
46941,0.938
46969,0.786
46974,0.408
46980,0.88
46981,0.98
46986,0.982
46991,0.974
46996,0.846
46998,0.998
47004,0.964
47005,0.78
47029,0.182
47035,0.106
47041,0.218
47042,0.224
47050,0.084
47052,0.19
47053,0.438
47059,0.158
47060,0.374
47062,0.24
47063,0.242
47064,0.264
47067,0.102
47075,0.618
47084,0.866
47087,0.988
47091,0.976
47099,0.632
47100,0.892
47104,0.85
47107,0.106
47116,0.144
47119,0.514
47125,0.36
47126,0.936
47132,0.946
47138,0.974
47137,0.908
47148,0.102
47150,0.168
47163,0.722
47167,0.496
47171,0.156
47176,0.432
47179,0.606
47184,0.766
47188,0.928
47214,0.134
47220,0.244
47223,0.606
47227,0.316
47232,0.248
47234,0.194
47236,0.282
47241,0.734
47243,0.9
47246,0.204
47269,0.524
47271,0.172
47280,0.512
47281,0.436
47290,0.356
47296,0.272
47301,0.474
47309,0.128
47317,0.436
47325,0.5
47333,0.31
47334,0.366
47336,0.83
47338,0.488
47340,0.906
47346,0.994
47352,0.956
47353,0.962
47356,0.978
47358,0.998
47361,0.996
47365,0.996
47367,0.992
47370,0.994
47368,0.986
47373,0.99
47375,0.996
47387,0.57
47393,0.876
47396,0.908
47398,0.988
47401,0.982
47409,0.354
47410,0.736
47411,0.768
47413,0.136
47418,0.174
47427,0.354
47428,0.76
47431,0.306
47432,0.208
47435,0.488
47450,0.208
47456,0.108
47459,0.176
47458,0.698
47460,0.736
47464,0.58
47466,0.856
47471,0.954
47475,0.944
47480,0.546
47482,0.918
47487,0.978
47494,0.98
47502,0.986
47503,0.988
47508,0.99
47514,0.55
47518,0.98
47521,0.958
47526,0.994
47528,0.964
47530,0.984
47535,0.996
47536,0.996
47537,1.0
47544,0.992
47546,0.986
47550,0.992
47551,0.992
47568,0.97
47571,0.3
47573,0.934
47581,0.554
47591,0.57
47593,0.936
47594,0.954
47601,0.95
47602,0.97
47604,0.614
47611,0.98
47619,0.994
47630,1.0
47633,0.984
47652,0.694
47654,0.882
47657,0.936
47658,0.984
47661,0.98
47665,0.984
47671,0.99
47670,0.792
47674,0.986
47678,0.982
47679,0.436
47680,0.274
47682,0.974
47683,0.966
47705,0.742
47712,0.17
47718,0.402
47725,0.378
47729,0.074
47730,0.09
47734,0.478
47737,0.546
47740,0.16
47756,0.162
47760,0.73
47761,0.716
47765,0.89
47770,0.476
47777,0.866
47778,0.82
47779,0.89
47783,0.932
47785,0.976
47786,0.984
47788,0.978
47796,0.538
47802,0.642
47824,0.962
47825,0.992
47839,0.442
47841,0.9
47842,0.472
47848,0.57
47858,0.882
47864,0.398
47869,0.682
47877,0.536
47878,0.394
47879,0.238
47886,0.542
47891,0.898
47893,0.876
47900,0.886
47904,0.536
47906,0.394
47907,0.712
47919,0.218
47923,0.36
47928,0.182
47931,0.138
47935,0.512
47938,0.286
47939,0.91
47943,0.984
47948,0.952
47949,0.944
47952,0.996
47964,0.62
47966,0.162
47967,0.97
47968,0.978
47971,0.884
47973,0.968
47977,0.962
47976,0.996
47984,0.984
47989,1.0
47995,0.942
48001,0.114
48003,0.136
48012,0.19
48018,0.648
48020,0.388
48022,0.596
48036,0.154
48038,0.194
48045,0.338
48059,0.204
48063,0.19
48066,0.312
48068,0.168
48072,0.294
48080,0.236
48081,0.196
48086,0.194
48087,0.402
48088,0.56
48090,0.246
48097,0.118
48099,0.166
48102,0.364
48103,0.892
48104,0.932
48108,0.876
48109,0.97
48113,0.974
48125,0.99
48128,0.984
48131,0.492
48137,0.598
48140,0.858
48146,0.93
48156,0.45
48157,0.702
48161,0.504
48162,0.862
48172,0.428
48175,0.79
48183,0.99
48184,0.958
48185,0.988
48187,0.986
48211,0.756
48212,0.96
48213,0.95
48218,0.97
48220,0.99
48224,0.996
48225,0.99
48228,0.996
48231,0.992
48237,0.968
48240,0.992
48243,0.998
48244,1.0
48249,1.0
48262,0.274
48263,0.052
48264,0.148
48267,0.158
48271,0.068
48274,0.14
48284,0.404
48285,0.422
48286,0.442
48290,0.554
48295,0.6
48296,0.766
48299,0.586
48301,0.484
48304,0.826
48310,0.126
48319,0.112
48320,0.736
48325,0.814
48338,0.682
48346,0.59
48354,0.688
48357,0.232
48360,0.768
48361,0.906
48365,0.114
48366,0.934
48372,0.982
48375,0.966
48389,0.958
48401,0.984
48404,0.998
48410,0.994
48409,0.99
48417,0.992
48425,0.994
48423,0.994
48430,0.998
48438,0.998
48441,0.996
48446,0.998
48450,1.0
48451,1.0
48475,0.992
48477,0.956
48491,0.976
48499,0.714
48498,0.942
48505,0.988
48509,0.496
48513,0.96
48514,0.87
48517,0.98
48519,0.998
48523,0.988
48527,0.992
48526,0.986
48528,0.996
48532,0.476
48543,0.976
48557,0.986
48556,0.978
48562,0.994
48565,0.996
48577,0.994
48584,0.97
48593,0.996
48591,0.998
48597,0.95
48599,1.0
48608,0.998
48611,1.0
48620,1.0
48624,0.996
48627,0.46
48632,0.948
48633,0.972
48635,0.99
48637,0.946
48641,0.938
48645,0.994
48651,0.964
48655,0.996
48659,0.994
48661,0.974
48669,0.994
48672,0.996
48675,0.996
48697,0.69
48706,0.96
48708,0.956
48714,0.936
48715,0.996
48721,0.956
48722,0.994
48724,0.994
48727,1.0
48729,0.98
48731,0.996
48733,0.544
48737,0.444
48742,0.612
48746,0.786
48751,0.588
48758,0.162
48761,0.272
48767,0.728
48775,0.628
48773,0.984
48790,0.946
48792,0.97
48796,0.932
48799,0.966
48806,0.992
48807,0.982
48809,0.998
48815,0.992
48817,0.998
48826,0.978
48827,0.964
48829,0.964
48831,0.918
48835,0.696
48842,0.958
48854,0.98
48861,0.95
48863,0.372
48868,0.162
48872,0.158
48876,0.792
48877,0.854
48880,0.404
48897,0.606
48901,0.966
48903,0.982
48907,0.932
48923,0.98
48926,0.986
48934,0.504
48938,0.606
48943,0.112
48945,0.24
48946,0.214
48947,0.266
48949,0.32
48960,0.522
48964,0.874
48965,0.808
48970,0.946
48971,0.972
48974,0.924
48989,0.986
48991,0.936
48993,0.994
48992,0.98
48997,0.992
49006,0.97
49009,0.994
49015,0.976
49034,0.968
49038,0.998
49042,0.936
49046,0.992
49048,0.986
49047,0.972
49055,0.994
49067,0.542
49075,0.91
49083,0.156
49092,0.424
49096,0.358
49097,0.824
49101,0.616
49104,0.808
49106,0.298
49108,0.344
49111,0.072
49118,0.596
49120,0.838
49125,0.268
49138,0.098
49141,0.124
49142,0.19
49147,0.128
49153,0.198
49165,0.386
49175,0.178
49176,0.824
49178,0.9
49181,0.608
49182,0.952
49194,0.506
49206,0.188
49210,0.442
49224,0.57
49227,0.79
49228,0.886
49232,0.678
49239,0.278
49242,0.504
49248,0.404
49254,0.548
49270,0.33
49272,0.882
49273,0.892
49279,0.492
49284,0.702
49288,0.426
49290,0.924
49298,0.152
49304,0.288
49311,0.45
49318,0.56
49320,0.866
49324,0.528
49334,0.366
49337,0.49
49342,0.832
49346,0.324
49352,0.29
49359,0.14
49363,0.11
49368,0.188
49378,0.35
49385,0.624
49386,0.74
49391,0.774
49393,0.858
49395,0.262
49399,0.296
5,0.426
4,0.778
22,0.408
26,0.552
31,0.48
32,0.476
40,0.444
43,0.65
44,0.432
45,0.71
46,0.83
47,0.554
54,0.342
57,0.226
63,0.382
66,0.37
70,0.382
72,0.532
77,0.468
78,0.392
80,0.584
96,0.496
101,0.894
103,0.882
106,0.916
109,0.982
111,0.916
118,0.84
123,0.966
129,0.936
138,0.956
149,0.97
162,0.994
167,0.972
177,0.994
183,0.996
185,0.326
187,0.86
193,0.7
198,0.962
200,0.95
219,0.144
225,0.062
233,0.552
234,0.732
235,0.06
237,0.128
238,0.132
245,0.082
246,0.336
247,0.202
253,0.082
254,0.182
259,0.452
260,0.8
265,0.206
271,0.162
273,0.328
279,0.306
283,0.858
291,0.108
295,0.16
302,0.254
307,0.132
308,0.122
313,0.348
325,0.18
326,0.27
327,0.64
328,0.828
340,0.276
347,0.278
353,0.304
356,0.236
360,0.324
361,0.224
367,0.474
369,0.196
372,0.096
376,0.144
382,0.2
384,0.126
389,0.43
390,0.736
395,0.828
396,0.914
400,0.312
403,0.19
404,0.32
409,0.412
411,0.51
412,0.488
416,0.802
425,0.116
430,0.112
435,0.124
436,0.264
437,0.152
440,0.146
441,0.114
447,0.162
448,0.116
453,0.15
454,0.084
455,0.134
467,0.158
469,0.12
471,0.142
473,0.154
475,0.18
496,0.684
498,0.888
502,0.622
505,0.924
506,0.598
507,0.832
509,0.47
512,0.342
515,0.376
516,0.428
527,0.368
528,0.374
531,0.294
532,0.532
535,0.374
543,0.728
544,0.98
551,0.952
558,0.102
560,0.826
563,0.39
564,0.484
565,0.394
568,0.214
576,0.37
580,0.264
589,0.342
594,0.908
603,0.946
604,0.944
605,0.968
606,0.978
614,0.4
616,0.842
621,0.904
626,0.468
630,0.814
629,0.926
636,0.922
643,0.968
647,0.97
653,0.984
665,0.968
667,0.976
671,0.968
676,0.424
679,0.908
682,0.906
693,0.806
695,0.978
696,0.938
709,0.382
719,0.862
744,0.412
747,0.358
765,0.434
783,0.228
784,0.448
797,0.44
798,0.882
800,0.954
806,0.952
809,0.976
815,0.992
817,0.988
820,0.994
828,0.988
829,0.908
833,0.99
834,0.976
842,1.0
848,0.98
854,0.986
867,0.994
886,0.986
889,0.99
891,0.998
898,0.498
906,0.858
909,0.962
918,0.894
924,0.968
937,0.986
938,0.784
939,0.38
940,0.78
941,0.854
947,0.792
952,0.796
954,0.898
961,0.366
965,0.776
978,0.444
980,0.416
981,0.84
984,0.894
990,0.946
991,0.98
996,0.974
995,0.922
998,0.962
1001,0.988
1005,0.984
1006,0.96
1009,0.99
1010,0.988
1020,0.98
1028,0.978
1038,0.974
1048,0.988
1052,0.994
1058,0.912
1063,0.42
1065,0.612
1069,0.306
1072,0.146
1081,0.322
1089,0.438
1093,0.81
1096,0.274
1097,0.746
1104,0.318
1108,0.458
1109,0.864
1128,0.576
1131,0.56
1132,0.882
1142,0.906
1145,0.982
1152,0.568
1159,0.98
1163,0.982
1169,0.888
1185,0.436
1188,0.798
1190,0.92
1200,0.952
1202,0.908
1204,0.966
1206,0.956
1208,0.972
1211,0.9
1214,0.986
1217,0.962
1227,0.992
1238,0.992
1243,0.996
1258,0.998
1257,0.952
1273,0.918
1281,0.986
1285,0.96
1289,0.37
1290,0.452
1302,0.26
1311,0.324
1314,0.748
1326,0.296
1329,0.872
1341,0.766
1345,0.724
1351,0.966
1356,0.962
1357,0.948
1358,0.966
1361,0.958
1375,0.362
1380,0.268
1381,0.304
1382,0.69
1388,0.258
1394,0.328
1398,0.316
1400,0.268
1414,0.242
1420,0.204
1421,0.156
1424,0.194
1425,0.336
1426,0.254
1427,0.166
1436,0.454
1442,0.234
1451,0.29
1452,0.33
1454,0.218
1466,0.316
1468,0.334
1469,0.642
1470,0.344
1472,0.302
1479,0.312
1481,0.77
1482,0.742
1487,0.36
1489,0.786
1500,0.358
1498,0.73
1497,0.72
1503,0.852
1501,0.794
1506,0.892
1505,0.694
1504,0.92
1513,0.888
1515,0.944
1516,0.934
1526,0.946
1530,0.206
1543,0.41
1545,0.192
1552,0.182
1549,0.586
1554,0.498
1556,0.324
1566,0.404
1564,0.604
1569,0.388
1581,0.348
1588,0.712
1594,0.584
1601,0.188
1603,0.416
1637,0.272
1644,0.4
1646,0.772
1649,0.51
1654,0.302
1657,0.308
1674,0.202
1681,0.23
1684,0.816
1686,0.826
1691,0.25
1694,0.764
1695,0.824
1699,0.792
1709,0.242
1713,0.182
1719,0.328
1720,0.364
1724,0.264
1731,0.236
1733,0.188
1734,0.184
1740,0.35
1741,0.732
1744,0.392
1750,0.236
1763,0.462
1781,0.458
1785,0.732
1790,0.3
1797,0.36
1800,0.782
1801,0.334
1803,0.152
1812,0.424
1819,0.436
1830,0.456
1834,0.462
1838,0.884
1848,0.88
1854,0.842
1855,0.888
1862,0.896
1866,0.89
1868,0.884
1875,0.87
1887,0.916
1889,0.86
1895,0.902
1896,0.334
1899,0.77
1906,0.832
1905,0.828
1908,0.812
1912,0.916
1915,0.74
1922,0.972
1924,0.912
1929,0.712
1931,0.938
1953,0.192
1959,0.214
1964,0.208
1968,0.178
1974,0.558
1975,0.748
1979,0.392
1983,0.206
1984,0.306
1992,0.384
1993,0.302
2001,0.424
2008,0.364
2011,0.314
2018,0.458
2038,0.466
2039,0.864
2040,0.888
2044,0.83
2050,0.89
2054,0.944
2070,0.294
2074,0.766
2075,0.934
2077,0.388
2080,0.246
2093,0.206
2098,0.276
2105,0.238
2110,0.248
2117,0.382
2119,0.172
2120,0.164
2121,0.552
2128,0.324
2130,0.816
2131,0.86
2138,0.78
2139,0.736
2143,0.212
2156,0.18
2158,0.248
2159,0.318
2174,0.218
2177,0.274
2179,0.868
2193,0.276
2194,0.2
2195,0.242
2206,0.816
2205,0.826
2213,0.258
2214,0.504
2215,0.622
2220,0.246
2225,0.454
2226,0.84
2227,0.962
2230,0.728
2231,0.9
2232,0.924
2233,0.944
2237,0.896
2255,0.238
2265,0.244
2266,0.85
2269,0.866
2277,0.696
2285,0.28
2286,0.788
2292,0.912
2293,0.862
2298,0.436
2307,0.326
2324,0.208
2331,0.23
2333,0.186
2334,0.356
2335,0.108
2336,0.488
2339,0.902
2341,0.472
2342,0.178
2347,0.354
2350,0.332
2355,0.772
2362,0.894
2363,0.728
2365,0.87
2366,0.904
2369,0.942
2371,0.374
2373,0.834
2379,0.388
2388,0.198
2391,0.172
2392,0.32
2394,0.156
2397,0.2
2403,0.14
2405,0.364
2406,0.084
2422,0.254
2428,0.198
2437,0.294
2440,0.36
2448,0.166
2456,0.294
2461,0.268
2462,0.208
2463,0.528
2464,0.778
2466,0.794
2469,0.26
2479,0.29
2490,0.19
2493,0.422
2494,0.32
2495,0.224
2496,0.208
2503,0.312
2504,0.632
2515,0.46
2526,0.294
2527,0.7
2530,0.456
2539,0.098
2542,0.072
2546,0.088
2548,0.104
2549,0.332
2550,0.778
2566,0.196
2574,0.332
2578,0.284
2582,0.274
2588,0.162
2592,0.232
2600,0.38
2615,0.332
2616,0.564
2618,0.838
2619,0.464
2624,0.332
2637,0.156
2640,0.234
2641,0.216
2644,0.846
2668,0.192
2674,0.228
2676,0.186
2689,0.184
2690,0.342
2699,0.078
2700,0.076
2712,0.116
2716,0.108
2720,0.156
2722,0.114
2736,0.064
2745,0.062
2749,0.102
2769,0.342
2777,0.158
2779,0.294
2780,0.208
2786,0.176
2788,0.15
2789,0.156
2795,0.148
2800,0.206
2805,0.14
2810,0.188
2812,0.166
2816,0.132
2819,0.164
2827,0.146
2831,0.228
2835,0.466
2836,0.322
2840,0.366
2844,0.192
2849,0.244
2852,0.208
2854,0.214
2856,0.256
2863,0.104
2867,0.13
2869,0.33
2876,0.084
2883,0.102
2887,0.208
2888,0.366
2889,0.722
2891,0.264
2895,0.73
2896,0.252
2904,0.094
2906,0.168
2909,0.086
2910,0.264
2914,0.42
2918,0.17
2922,0.368
2925,0.286
2929,0.214
2930,0.246
2942,0.406
2944,0.884
2948,0.556
2949,0.898
2972,0.482
2981,0.4
2986,0.882
2988,0.9
2991,0.95
2993,0.924
3003,0.982
3006,0.542
3008,0.784
3013,0.926
3029,0.322
3030,0.752
3035,0.84
3036,0.594
3042,0.484
3048,0.526
3051,0.848
3064,0.932
3068,0.694
3071,0.422
3070,0.9
3074,0.192
3076,0.678
3077,0.684
3078,0.582
3083,0.222
3089,0.198
3093,0.386
3096,0.366
3099,0.518
3101,0.614
3103,0.172
3105,0.512
3112,0.124
3119,0.254
3121,0.144
3123,0.758
3125,0.286
3126,0.24
3127,0.202
3134,0.192
3143,0.264
3146,0.256
3151,0.138
3155,0.136
3157,0.274
3173,0.104
3180,0.188
3181,0.82
3192,0.25
3199,0.17
3205,0.26
3210,0.328
3217,0.396
3218,0.406
3223,0.376
3225,0.836
3226,0.79
3229,0.572
3231,0.812
3233,0.908
3236,0.928
3243,0.974
3244,0.91
3246,0.924
3245,0.89
3247,0.962
3261,0.97
3268,0.338
3272,0.85
3276,0.168
3277,0.35
3283,0.368
3285,0.87
3287,0.216
3292,0.52
3297,0.41
3298,0.352
3305,0.348
3306,0.724
3316,0.14
3322,0.358
3324,0.82
3329,0.208
3330,0.338
3331,0.268
3343,0.194
3345,0.174
3348,0.394
3354,0.142
3358,0.24
3376,0.498
3379,0.172
3385,0.22
3387,0.72
3393,0.178
3394,0.144
3399,0.192
3407,0.222
3415,0.442
3417,0.278
3419,0.232
3422,0.332
3427,0.328
3435,0.422
3458,0.288
3461,0.234
3462,0.404
3468,0.2
3470,0.222
3479,0.252
3484,0.428
3491,0.394
3496,0.128
3505,0.228
3506,0.268
3508,0.604
3521,0.172
3542,0.22
3547,0.242
3549,0.244
3551,0.252
3556,0.122
3566,0.368
3573,0.302
3576,0.168
3578,0.12
3580,0.192
3602,0.22
3609,0.168
3610,0.418
3624,0.228
3625,0.706
3626,0.776
3629,0.368
3631,0.24
3633,0.298
3644,0.206
3645,0.234
3648,0.104
3668,0.37
3677,0.228
3678,0.112
3681,0.268
3683,0.812
3686,0.196
3697,0.168
3701,0.824
3720,0.326
3730,0.194
3744,0.212
3748,0.208
3752,0.126
3758,0.254
3762,0.234
3766,0.212
3769,0.136
3771,0.372
3773,0.284
3776,0.308
3777,0.132
3779,0.128
3782,0.252
3788,0.15
3791,0.22
3803,0.142
3813,0.388
3823,0.202
3827,0.202
3831,0.396
3842,0.248
3843,0.202
3847,0.448
3850,0.138
3851,0.342
3854,0.254
3856,0.408
3859,0.318
3862,0.574
3866,0.334
3870,0.342
3871,0.202
3878,0.158
3881,0.14
3886,0.094
3899,0.154
3900,0.36
3905,0.482
3908,0.804
3911,0.894
3914,0.272
3916,0.38
3923,0.384
3929,0.202
3934,0.12
3937,0.202
3946,0.114
3947,0.212
3949,0.164
3952,0.156
3953,0.234
3957,0.276
3962,0.18
3964,0.462
3969,0.41
3974,0.492
3976,0.766
3993,0.412
4002,0.332
4015,0.33
4016,0.64
4020,0.13
4021,0.224
4032,0.198
4036,0.274
4039,0.26
4042,0.442
4049,0.3
4051,0.276
4058,0.26
4059,0.256
4063,0.89
4074,0.4
4078,0.906
4079,0.888
4080,0.918
4083,0.944
4084,0.914
4092,0.35
4099,0.352
4109,0.756
4114,0.88
4116,0.972
4118,0.914
4120,0.94
4125,0.436
4128,0.2
4136,0.51
4140,0.394
4144,0.096
4148,0.79
4182,0.51
4185,0.4
4186,0.204
4187,0.436
4195,0.208
4197,0.084
4210,0.42
4211,0.764
4215,0.458
4219,0.882
4221,0.948
4224,0.958
4225,0.924
4226,0.826
4229,0.436
4233,0.9
4246,0.938
4248,0.966
4256,0.784
4258,0.982
4280,0.514
4283,0.898
4290,0.894
4298,0.972
4297,0.978
4308,0.97
4316,0.964
4323,0.786
4325,0.984
4327,0.98
4329,0.998
4335,0.95
4338,0.954
4344,1.0
4349,0.964
4362,0.566
4395,0.544
4379,0.904
4378,0.824
4391,0.912
4389,0.776
4397,0.954
4396,0.938
4402,0.962
4414,0.69
4413,0.99
4420,0.994
4423,0.52
4425,0.75
4428,0.95
4427,0.86
4431,0.936
4433,0.678
4440,0.562
4443,0.824
4446,0.352
4455,0.2
4470,0.598
4471,0.856
4491,0.798
4510,0.484
4516,0.864
4520,0.936
4528,0.88
4532,0.91
4531,0.938
4534,0.898
4536,0.932
4555,0.306
4564,0.554
4567,0.854
4572,0.758
4574,0.946
4587,0.46
4591,0.918
4592,0.852
4593,0.916
4600,0.926
4606,0.974
4620,0.974
4627,0.678
4644,0.46
4646,0.834
4658,0.882
4660,0.94
4665,0.952
4674,0.98
4680,0.954
4681,0.906
4682,0.93
4685,0.964
4696,0.908
4708,0.462
4710,0.832
4711,0.842
4722,0.958
4723,0.956
4724,0.922
4726,0.946
4727,0.986
4732,0.962
4733,0.974
4736,0.978
4740,0.47
4744,0.162
4750,0.346
4754,0.418
4757,0.874
4759,0.912
4762,0.214
4764,0.858
4767,0.92
4771,0.454
4772,0.828
4773,0.91
4777,0.16
4791,0.408
4796,0.224
4801,0.568
4808,0.792
4812,0.946
4816,0.914
4825,0.568
4830,0.862
4832,0.898
4840,0.904
4846,0.912
4853,0.58
4854,0.87
4855,0.934
4857,0.936
4858,0.866
4860,0.47
4863,0.526
4864,0.704
4873,0.952
4878,0.978
4881,0.99
4882,0.92
4885,0.9
4889,0.982
4893,0.97
4899,0.98
4909,0.97
4911,0.976
4912,0.918
4913,0.968
4920,0.97
4922,0.972
4923,0.948
4927,0.992
4934,0.966
4937,0.986
4940,0.976
4949,0.996
4954,0.914
4965,0.888
4967,0.946
4973,0.978
4974,0.988
4975,0.974
4988,0.876
4990,0.998
4992,0.992
4998,0.992
5004,0.968
5003,0.992
5008,1.0
5014,0.888
5019,0.99
5021,0.962
5023,0.976
5038,0.984
5039,0.962
5046,0.972
5047,1.0
5052,0.982
5053,0.99
5057,0.992
5060,0.994
5064,0.996
5074,0.992
5080,1.0
5094,0.934
5096,0.98
5100,0.986
5113,0.992
5120,0.98
5121,0.996
5125,0.974
5127,0.992
5134,0.988
5139,0.988
5144,0.996
5153,0.982
5154,0.996
5160,0.98
5161,0.984
5162,0.998
5173,0.992
5181,0.988
5190,0.994
5191,0.988
5194,0.978
5198,1.0
5213,0.994
5215,0.676
5216,0.846
5221,0.924
5226,0.886
5230,0.94
5234,0.744
5243,0.944
5256,0.99
5269,0.498
5274,0.876
5278,0.898
5284,0.958
5288,0.934
5301,0.92
5299,0.944
5304,0.986
5313,0.982
5314,0.954
5316,0.99
5325,0.364
5326,0.416
5330,0.5
5347,0.478
5349,0.812
5353,0.892
5357,0.944
5359,0.952
5363,0.556
5364,0.936
5370,0.242
5372,0.888
5373,0.92
5380,0.444
5390,0.362
5399,0.406
5401,0.82
5406,0.928
5413,0.858
5430,0.384
5446,0.302
5447,0.172
5465,0.444
5469,0.744
5471,0.844
5483,0.268
5487,0.462
5498,0.28
5499,0.868
5504,0.398
5512,0.51
5517,0.442
5521,0.242
5524,0.544
5535,0.434
5537,0.082
5540,0.272
5545,0.162
5555,0.14
5561,0.79
5564,0.844
5581,0.936
5580,0.92
5586,0.976
5600,0.98
5601,0.946
5606,0.74
5608,0.966
5611,0.992
5613,0.998
5620,0.994
5622,0.99
5623,0.978
5634,0.984
5641,0.98
5640,0.98
5644,0.294
5656,0.306
5660,0.398
5669,0.27
5670,0.614
5674,0.242
5678,0.14
5680,0.378
5694,0.232
5702,0.126
5709,0.388
5711,0.114
5714,0.054
5717,0.08
5724,0.094
5726,0.308
5727,0.134
5733,0.194
5739,0.182
5747,0.066
5751,0.118
5753,0.288
5754,0.598
5755,0.21
5758,0.192
5759,0.366
5779,0.292
5780,0.744
5792,0.102
5793,0.12
5796,0.344
5799,0.426
5802,0.072
5804,0.104
5807,0.456
5815,0.186
5817,0.308
5819,0.154
5822,0.124
5830,0.11
5831,0.06
5834,0.118
5843,0.056
5844,0.13
5847,0.088
5848,0.23
5853,0.416
5861,0.398
5860,0.268
5862,0.35
5864,0.284
5870,0.074
5875,0.1
5876,0.088
5882,0.106
5883,0.162
5886,0.122
5887,0.214
5891,0.206
5901,0.092
5909,0.104
5912,0.416
5918,0.472
5920,0.838
5923,0.102
5933,0.06
5934,0.276
5950,0.03
5953,0.04
5957,0.062
5959,0.074
5970,0.048
5971,0.046
5975,0.114
5978,0.054
5980,0.094
5981,0.12
5991,0.08
5996,0.038
6005,0.048
6008,0.238
6011,0.1
6021,0.206
6026,0.096
6029,0.094
6033,0.09
6034,0.122
6037,0.404
6041,0.354
6046,0.412
6049,0.37
6054,0.164
6053,0.816
6056,0.238
6064,0.238
6068,0.53
6071,0.564
6074,0.532
6080,0.348
6084,0.842
6085,0.77
6086,0.736
6089,0.252
6100,0.076
6107,0.122
6108,0.176
6112,0.056
6118,0.068
6126,0.23
6131,0.064
6134,0.336
6136,0.342
6137,0.678
6152,0.182
6153,0.208
6168,0.124
6188,0.52
6217,0.078
6221,0.104
6224,0.428
6235,0.216
6243,0.46
6246,0.75
6250,0.322
6252,0.396
6253,0.624
6254,0.58
6256,0.646
6260,0.33
6262,0.234
6269,0.332
6274,0.226
6278,0.148
6283,0.426
6284,0.518
6294,0.814
6313,0.146
6318,0.084
6320,0.492
6323,0.38
6325,0.59
6331,0.534
6338,0.766
6342,0.392
6344,0.36
6348,0.538
6353,0.622
6355,0.776
6361,0.518
6366,0.282
6370,0.638
6377,0.72
6382,0.318
6386,0.348
6387,0.252
6388,0.278
6389,0.776
6397,0.492
6398,0.766
6400,0.248
6402,0.244
6403,0.642
6411,0.5
6412,0.84
6409,0.794
6414,0.428
6418,0.238
6420,0.404
6430,0.104
6435,0.48
6439,0.252
6440,0.358
6445,0.102
6446,0.12
6448,0.096
6454,0.13
6456,0.156
6458,0.788
6462,0.278
6467,0.12
6471,0.286
6473,0.124
6479,0.278
6482,0.108
6486,0.814
6499,0.076
6504,0.086
6512,0.138
6513,0.24
6514,0.3
6520,0.082
6521,0.136
6522,0.058
6523,0.21
6524,0.436
6528,0.078
6531,0.2
6532,0.32
6534,0.162
6535,0.17
6537,0.084
6544,0.118
6545,0.092
6548,0.132
6551,0.302
6554,0.086
6570,0.048
6572,0.1
6578,0.134
6589,0.616
6594,0.34
6595,0.808
6598,0.142
6611,0.09
6615,0.122
6620,0.268
6624,0.894
6634,0.228
6636,0.228
6644,0.14
6650,0.33
6652,0.14
6654,0.134
6655,0.166
6664,0.276
6665,0.404
6671,0.128
6677,0.246
6687,0.294
6692,0.824
6700,0.598
6707,0.534
6711,0.486
6713,0.494
6721,0.166
6726,0.502
6730,0.39
6733,0.368
6735,0.174
6740,0.448
6746,0.144
6754,0.252
6756,0.12
6757,0.652
6767,0.47
6768,0.368
6780,0.444
6789,0.552
6790,0.474
6799,0.208
6801,0.168
6805,0.866
6809,0.296
6813,0.242
6814,0.52
6818,0.804
6824,0.358
6825,0.772
6833,0.532
6835,0.736
6858,0.44
6861,0.744
6872,0.092
6875,0.814
6876,0.914
6888,0.072
6892,0.402
6897,0.466
6900,0.204
6909,0.264
6908,0.342
6911,0.19
6912,0.796
6913,0.516
6914,0.396
6931,0.296
6937,0.136
6957,0.218
6958,0.374
6966,0.344
6987,0.17
6989,0.28
7016,0.344
7035,0.474
7036,0.862
7041,0.926
7052,0.904
7051,0.95
7063,0.234
7069,0.564
7057,0.708
7061,0.312
7059,0.838
7072,0.21
7073,0.282
7080,0.228
7082,0.372
7077,0.608
7095,0.35
7096,0.612
7100,0.272
7104,0.192
7108,0.314
7110,0.602
7111,0.39
7113,0.46
7114,0.254
7119,0.158
7122,0.1
7127,0.178
7128,0.546
7129,0.368
7131,0.13
7134,0.242
7145,0.354
7149,0.368
7151,0.222
7155,0.53
7158,0.698
7160,0.54
7165,0.398
7166,0.52
7170,0.224
7176,0.094
7177,0.112
7178,0.148
7180,0.412
7185,0.098
7188,0.35
7190,0.72
7191,0.336
7196,0.11
7199,0.266
7204,0.78
7206,0.156
7210,0.122
7211,0.09
7227,0.132
7230,0.144
7235,0.312
7255,0.338
7252,0.726
7258,0.576
7256,0.698
7249,0.774
7261,0.68
7245,0.662
7254,0.626
7265,0.228
7266,0.342
7268,0.16
7270,0.216
7277,0.346
7299,0.12
7313,0.422
7308,0.724
7319,0.092
7340,0.27
7333,0.244
7335,0.786
7326,0.868
7341,0.79
7346,0.87
7343,0.804
7351,0.242
7356,0.708
7364,0.25
7370,0.33
7375,0.152
7377,0.364
7391,0.148
7393,0.264
7401,0.224
7406,0.774
7408,0.722
7411,0.222
7412,0.306
7420,0.234
7422,0.426
7431,0.272
7432,0.184
7435,0.356
7436,0.582
7441,0.366
7455,0.432
7457,0.356
7458,0.562
7460,0.382
7464,0.278
7469,0.462
7472,0.5
7481,0.316
7490,0.186
7491,0.096
7501,0.358
7503,0.388
7504,0.626
7506,0.292
7514,0.43
7517,0.35
7528,0.186
7534,0.23
7535,0.446
7537,0.52
7545,0.284
7549,0.336
7551,0.312
7559,0.296
7561,0.222
7574,0.514
7573,0.598
7581,0.466
7586,0.284
7603,0.186
7607,0.21
7611,0.218
7613,0.24
7616,0.346
7620,0.424
7623,0.118
7633,0.106
7634,0.518
7635,0.174
7638,0.224
7639,0.692
7652,0.164
7665,0.276
7666,0.376
7673,0.158
7674,0.748
7675,0.88
7677,0.766
7681,0.778
7687,0.404
7691,0.398
7694,0.268
7702,0.204
7707,0.682
7709,0.862
7712,0.222
7720,0.068
7721,0.414
7723,0.188
7728,0.07
7736,0.422
7745,0.624
7749,0.076
7753,0.258
7759,0.266
7767,0.48
7772,0.312
7773,0.454
7774,0.32
7775,0.732
7789,0.196
7795,0.33
7799,0.328
7801,0.266
7802,0.394
7806,0.224
7811,0.194
7817,0.196
7820,0.23
7823,0.162
7826,0.178
7829,0.208
7834,0.322
7835,0.272
7851,0.29
7853,0.806
7861,0.56
7868,0.458
7866,0.278
7869,0.342
7870,0.286
7878,0.222
7880,0.144
7882,0.152
7886,0.212
7890,0.252
7894,0.276
7896,0.166
7903,0.738
7905,0.788
7912,0.138
7916,0.432
7917,0.734
7928,0.342
7930,0.166
7935,0.21
7936,0.4
7939,0.708
7944,0.36
7943,0.734
7945,0.326
7953,0.326
7954,0.436
7967,0.348
7966,0.608
7962,0.848
7971,0.168
7974,0.368
7984,0.098
7988,0.288
7990,0.084
7991,0.14
8003,0.398
7997,0.72
7996,0.278
8007,0.744
8013,0.246
8024,0.226
8017,0.186
8025,0.3
8016,0.166
8032,0.252
8034,0.082
8030,0.576
8033,0.226
8035,0.42
8043,0.172
8049,0.6
8048,0.706
8060,0.43
8063,0.164
8068,0.716
8070,0.118
8075,0.43
8078,0.196
8082,0.268
8084,0.404
8085,0.406
8088,0.44
8094,0.362
8095,0.358
8097,0.232
8098,0.692
8114,0.306
8119,0.292
8120,0.626
8126,0.502
8128,0.73
8131,0.794
8133,0.68
8134,0.528
8137,0.406
8141,0.27
8147,0.354
8153,0.28
8166,0.468
8183,0.122
8186,0.506
8188,0.566
8200,0.37
8205,0.652
8207,0.724
8209,0.636
8210,0.558
8215,0.682
8222,0.306
8226,0.14
8230,0.076
8240,0.138
8244,0.112
8249,0.464
8251,0.266
8253,0.298
8267,0.382
8269,0.39
8278,0.394
8283,0.374
8297,0.124
8298,0.2
8303,0.318
8306,0.238
8309,0.25
8313,0.39
8315,0.44
8318,0.142
8324,0.49
8327,0.09
8331,0.32
8336,0.306
8338,0.11
8340,0.49
8351,0.342
8357,0.102
8359,0.202
8360,0.318
8361,0.158
8363,0.316
8365,0.374
8370,0.516
8374,0.186
8377,0.158
8379,0.85
8383,0.19
8393,0.192
8395,0.202
8412,0.094
8416,0.186
8422,0.164
8425,0.262
8430,0.33
8434,0.304
8436,0.214
8438,0.186
8440,0.174
8442,0.302
8445,0.098
8446,0.142
8447,0.668
8450,0.482
8460,0.25
8455,0.674
8469,0.448
8480,0.268
8479,0.25
8477,0.54
8489,0.102
8493,0.706
8496,0.36
8520,0.174
8514,0.404
8527,0.458
8531,0.712
8535,0.848
8536,0.87
8541,0.912
8542,0.874
8543,0.966
8545,0.96
8561,0.41
8572,0.796
8581,0.832
8588,0.878
8590,0.888
8591,0.94
8599,0.33
8613,0.354
8620,0.458
8625,0.708
8627,0.872
8628,0.77
8631,0.334
8633,0.422
8637,0.838
8643,0.568
8644,0.814
8653,0.334
8655,0.532
8657,0.628
8663,0.14
8664,0.198
8666,0.29
8671,0.366
8683,0.308
8692,0.424
8698,0.742
8699,0.342
8703,0.128
8705,0.096
8710,0.2
8714,0.192
8719,0.2
8724,0.25
8726,0.298
8729,0.566
8751,0.168
8752,0.81
8756,0.144
8760,0.402
8771,0.776
8766,0.896
8772,0.504
8774,0.922
8761,0.922
8783,0.86
8776,0.366
8785,0.398
8788,0.202
8791,0.55
8793,0.266
8794,0.332
8795,0.378
8796,0.384
8798,0.196
8799,0.17
8805,0.15
8818,0.318
8822,0.234
8823,0.362
8835,0.306
8841,0.208
8839,0.494
8844,0.846
8849,0.194
8855,0.324
8853,0.672
8857,0.37
8860,0.178
8858,0.746
8871,0.114
8868,0.822
8940,0.35
8909,0.332
8916,0.346
8900,0.672
8941,0.458
8924,0.562
8933,0.642
8921,0.84
8904,0.644
8925,0.282
8907,0.838
8935,0.872
8955,0.196
8956,0.672
8976,0.292
8980,0.32
8982,0.254
8992,0.05
8994,0.118
9002,0.436
9004,0.822
9009,0.088
9012,0.14
9016,0.176
9021,0.124
9022,0.176
9024,0.102
9026,0.068
9037,0.354
9033,0.502
9034,0.524
9051,0.12
9057,0.376
9060,0.612
9064,0.246
9070,0.228
9074,0.23
9083,0.408
9094,0.232
9095,0.766
9096,0.56
9098,0.114
9118,0.262
9122,0.374
9123,0.822
9119,0.744
9125,0.826
9115,0.884
9126,0.874
9110,0.798
9135,0.218
9139,0.408
9143,0.25
9142,0.806
9141,0.744
9150,0.22
9151,0.472
9155,0.152
9157,0.768
9162,0.344
9163,0.926
9166,0.254
9170,0.444
9172,0.75
9174,0.782
9176,0.862
9178,0.882
9180,0.882
9184,0.886
9190,0.328
9206,0.146
9198,0.842
9208,0.868
9205,0.922
9201,0.9
9209,0.93
9207,0.836
9213,0.188
9214,0.396
9217,0.2
9229,0.272
9231,0.128
9233,0.618
9236,0.556
9241,0.422
9259,0.222
9263,0.156
9264,0.144
9273,0.22
9275,0.378
9282,0.17
9283,0.168
9289,0.048
9295,0.242
9299,0.402
9297,0.262
9321,0.488
9334,0.674
9337,0.294
9361,0.236
9357,0.268
9359,0.424
9389,0.264
9390,0.176
9391,0.362
9400,0.258
9402,0.258
9403,0.26
9408,0.186
9409,0.492
9417,0.658
9421,0.396
9424,0.328
9416,0.74
9414,0.852
9413,0.344
9426,0.244
9427,0.284
9428,0.352
9434,0.388
9442,0.244
9443,0.806
9444,0.84
9446,0.356
9449,0.298
9454,0.196
9455,0.194
9460,0.252
9470,0.338
9471,0.42
9472,0.354
9475,0.306
9476,0.16
9480,0.228
9491,0.262
9493,0.314
9503,0.274
9522,0.25
9525,0.424
9530,0.342
9532,0.398
9536,0.386
9540,0.306
9543,0.476
9545,0.434
9546,0.79
9552,0.508
9553,0.166
9558,0.18
9576,0.55
9578,0.84
9583,0.546
9591,0.574
9596,0.682
9598,0.786
9609,0.776
9602,0.72
9614,0.91
9637,0.81
9632,0.756
9634,0.956
9621,0.98
9618,0.992
9658,0.412
9665,0.698
9666,0.818
9676,0.238
9677,0.666
9679,0.532
9691,0.79
9692,0.756
9705,0.132
9706,0.256
9720,0.018
9722,0.076
9727,0.244
9728,0.134
9741,0.42
9744,0.224
9755,0.174
9757,0.222
9759,0.432
9769,0.462
9767,0.772
9786,0.59
9772,0.55
9775,0.798
9790,0.154
9798,0.348
9800,0.358
9804,0.754
9802,0.464
9814,0.192
9819,0.928
9822,0.168
9823,0.112
9832,0.25
9836,0.108
9839,0.25
9851,0.416
9853,0.336
9862,0.264
9866,0.8
9869,0.558
9880,0.134
9881,0.686
9887,0.35
9889,0.314
9891,0.272
9892,0.192
9893,0.296
9916,0.552
9921,0.154
9922,0.252
9923,0.406
9924,0.41
9937,0.11
9946,0.112
9947,0.07
9950,0.056
9954,0.07
9956,0.038
9958,0.138
9967,0.042
9978,0.146
9987,0.304
9992,0.658
9994,0.604
9996,0.314
10005,0.512
10007,0.13
10011,0.08
10014,0.19
10015,0.232
10018,0.096
10020,0.676
10026,0.352
10022,0.602
10029,0.744
10027,0.586
10030,0.344
10044,0.196
10052,0.458
10072,0.214
10075,0.486
10068,0.692
10066,0.676
10090,0.416
10091,0.252
10095,0.308
10097,0.544
10101,0.628
10102,0.32
10104,0.846
10105,0.896
10109,0.608
10138,0.454
10140,0.332
10146,0.238
10154,0.038
10158,0.082
10163,0.532
10168,0.406
10180,0.274
10187,0.288
10185,0.336
10192,0.198
10197,0.164
10215,0.2
10212,0.21
10223,0.504
10228,0.118
10235,0.248
10237,0.682
10250,0.218
10254,0.222
10270,0.2
10271,0.26
10276,0.174
10277,0.326
10278,0.146
10282,0.304
10288,0.186
10290,0.744
10292,0.576
10293,0.47
10313,0.222
10314,0.486
10317,0.474
10328,0.146
10342,0.344
10344,0.424
10345,0.684
10347,0.408
10348,0.486
10353,0.32
10354,0.098
10360,0.196
10362,0.104
10370,0.476
10372,0.77
10386,0.256
10388,0.33
10396,0.768
10397,0.828
10408,0.464
10417,0.282
10423,0.194
10426,0.098
10429,0.304
10433,0.148
10435,0.098
10436,0.122
10439,0.112
10444,0.158
10450,0.156
10453,0.148
10460,0.114
10466,0.15
10467,0.096
10476,0.11
10482,0.434
10483,0.884
10492,0.066
10496,0.098
10505,0.43
10511,0.238
10512,0.07
10513,0.148
10523,0.114
10526,0.152
10528,0.034
10530,0.242
10536,0.092
10537,0.052
10550,0.354
10555,0.222
10560,0.066
10561,0.054
10569,0.148
10571,0.028
10573,0.058
10577,0.032
10581,0.096
10589,0.214
10590,0.392
10592,0.124
10599,0.354
10607,0.08
10610,0.052
10612,0.162
10611,0.792
10617,0.07
10622,0.428
10629,0.372
10633,0.636
10638,0.474
10641,0.372
10643,0.26
10648,0.618
10656,0.158
10661,0.482
10663,0.742
10667,0.204
10676,0.434
10678,0.384
10679,0.56
10683,0.134
10684,0.256
10685,0.184
10688,0.498
10692,0.384
10696,0.28
10699,0.222
10702,0.378
10707,0.34
10708,0.334
10710,0.172
10711,0.246
10715,0.198
10719,0.24
10721,0.136
10736,0.346
10741,0.252
10744,0.158
10755,0.274
10757,0.184
10762,0.206
10764,0.302
10765,0.652
10767,0.136
10770,0.198
10774,0.352
10778,0.206
10782,0.318
10786,0.614
10791,0.878
10799,0.88
10811,0.83
10814,0.238
10816,0.792
10829,0.332
10832,0.76
10835,0.202
10843,0.22
10845,0.402
10846,0.494
10850,0.15
10862,0.306
10864,0.198
10867,0.218
10873,0.172
10874,0.29
10875,0.524
10880,0.684
10881,0.934
10883,0.514
10893,0.318
10895,0.192
10898,0.202
10904,0.38
10913,0.392
10910,0.484
10918,0.424
10923,0.688
10929,0.474
10934,0.338
10937,0.572
10944,0.354
10945,0.3
10956,0.228
10959,0.382
10961,0.07
10968,0.248
10977,0.252
10979,0.652
10980,0.534
10989,0.136
10993,0.388
10995,0.152
10996,0.118
11000,0.048
11008,0.09
11022,0.086
11023,0.062
11024,0.074
11026,0.06
11029,0.08
11036,0.032
11037,0.074
11039,0.064
11041,0.046
11046,0.106
11047,0.15
11049,0.07
11056,0.158
11061,0.344
11066,0.284
11074,0.45
11082,0.192
11083,0.15
11084,0.168
11090,0.292
11091,0.236
11092,0.044
11105,0.062
11109,0.074
11114,0.028
11128,0.316
11129,0.244
11133,0.214
11140,0.256
11144,0.34
11166,0.154
11169,0.134
11173,0.344
11174,0.72
11179,0.216
11184,0.132
11186,0.208
11195,0.116
11205,0.534
11208,0.808
11211,0.776
11216,0.826
11219,0.844
11220,0.882
11221,0.89
11223,0.938
11228,0.1
11231,0.57
11233,0.878
11236,0.806
11237,0.892
11243,0.174
11252,0.55
11258,0.206
11259,0.234
11260,0.162
11262,0.436
11266,0.268
11270,0.734
11274,0.782
11303,0.144
11308,0.232
11311,0.372
11316,0.374
11317,0.688
11318,0.586
11326,0.266
11327,0.39
11329,0.716
11333,0.216
11334,0.198
11345,0.302
11350,0.324
11361,0.186
11365,0.192
11370,0.344
11373,0.298
11378,0.374
11391,0.36
11402,0.282
11403,0.67
11415,0.408
11419,0.518
11422,0.358
11425,0.544
11430,0.676
11433,0.498
11438,0.752
11444,0.316
11448,0.398
11452,0.234
11455,0.058
11459,0.088
11467,0.118
11472,0.368
11474,0.466
11477,0.288
11478,0.658
11497,0.076
11506,0.104
11513,0.022
11525,0.032
11528,0.066
11530,0.076
11532,0.136
11538,0.076
11539,0.086
11540,0.136
11545,0.026
11547,0.378
11551,0.384
11556,0.254
11559,0.768
11560,0.316
11565,0.046
11580,0.312
11591,0.326
11593,0.118
11592,0.854
11595,0.238
11604,0.374
11606,0.632
11613,0.382
11616,0.272
11619,0.332
11620,0.612
11639,0.208
11640,0.732
11642,0.286
11650,0.272
11652,0.272
11657,0.434
11658,0.414
11679,0.35
11682,0.232
11683,0.662
11685,0.586
11692,0.256
11700,0.372
11702,0.808
11707,0.368
11709,0.394
11711,0.228
11713,0.202
11727,0.25
11734,0.236
11736,0.306
11754,0.45
11770,0.142
11771,0.29
11772,0.27
11777,0.254
11782,0.172
11792,0.414
11803,0.03
11806,0.046
11808,0.628
11814,0.374
11822,0.048
11827,0.028
11830,0.08
11831,0.054
11832,0.034
11834,0.08
11843,0.05
11853,0.142
11854,0.096
11861,0.424
11864,0.164
11867,0.378
11877,0.162
11883,0.084
11885,0.614
11888,0.03
11890,0.032
11898,0.136
11903,0.202
11906,0.298
11919,0.142
11920,0.79
11927,0.148
11928,0.228
11930,0.07
11932,0.156
11935,0.066
11939,0.45
11942,0.202
11948,0.05
11954,0.084
11962,0.082
11967,0.086
11969,0.106
11974,0.464
11987,0.112
11989,0.06
11994,0.05
12001,0.318
12002,0.362
12011,0.118
12014,0.156
12016,0.218
12019,0.06
12021,0.156
12024,0.138
12034,0.404
12037,0.636
12039,0.87
12041,0.846
12042,0.958
12044,0.926
12047,0.938
12066,0.49
12069,0.388
12077,0.398
12080,0.436
12083,0.148
12084,0.606
12086,0.202
12091,0.348
12098,0.454
12103,0.424
12104,0.228
12108,0.192
12110,0.334
12112,0.104
12121,0.2
12124,0.178
12126,0.19
12127,0.388
12130,0.33
12134,0.482
12135,0.42
12145,0.282
12151,0.462
12161,0.45
12165,0.26
12172,0.43
12181,0.202
12190,0.298
12185,0.73
12194,0.232
12203,0.308
12201,0.706
12202,0.346
12205,0.312
12239,0.416
12249,0.788
12216,0.842
12254,0.8
12213,0.776
12222,0.82
12246,0.842
12256,0.23
12257,0.32
12261,0.376
12268,0.218
12266,0.592
12264,0.432
12278,0.428
12284,0.41
12287,0.09
12293,0.168
12295,0.158
12298,0.14
12299,0.2
12303,0.612
12315,0.192
12323,0.518
12325,0.73
12329,0.304
12330,0.468
12331,0.274
12332,0.372
12334,0.856
12335,0.694
12338,0.142
12361,0.222
12362,0.804
12364,0.214
12368,0.488
12372,0.53
12387,0.556
12388,0.582
12395,0.384
12406,0.474
12421,0.142
12426,0.116
12435,0.306
12436,0.448
12442,0.258
12444,0.646
12447,0.31
12448,0.36
12455,0.106
12456,0.386
12457,0.196
12458,0.258
12459,0.092
12463,0.17
12485,0.32
12488,0.192
12498,0.242
12503,0.15
12504,0.622
12531,0.298
12536,0.44
12543,0.362
12542,0.37
12548,0.218
12557,0.626
12562,0.418
12565,0.466
12569,0.798
12579,0.368
12577,0.638
12587,0.24
12591,0.136
12593,0.328
12595,0.322
12604,0.342
12613,0.348
12611,0.666
12616,0.498
12610,0.814
12618,0.878
12620,0.4
12628,0.85
12627,0.834
12636,0.196
12637,0.588
12641,0.286
12643,0.424
12651,0.444
12659,0.39
12666,0.38
12668,0.446
12669,0.372
12686,0.082
12688,0.082
12691,0.074
12698,0.204
12704,0.73
12719,0.242
12728,0.346
12729,0.278
12733,0.264
12736,0.248
12746,0.344
12758,0.278
12763,0.262
12769,0.174
12771,0.29
12781,0.242
12784,0.388
12785,0.166
12789,0.318
12792,0.634
12795,0.424
12798,0.532
12813,0.554
12825,0.416
12827,0.374
12830,0.512
12831,0.302
12836,0.474
12839,0.696
12845,0.404
12846,0.592
12848,0.568
12854,0.362
12856,0.688
12859,0.358
12861,0.232
12863,0.27
12871,0.352
12874,0.502
12879,0.408
12894,0.252
12904,0.184
12915,0.296
12917,0.626
12921,0.054
12920,0.378
12930,0.144
12931,0.338
12936,0.27
12939,0.332
12941,0.182
12942,0.208
12945,0.304
12951,0.416
12955,0.364
12959,0.388
12969,0.226
12970,0.444
12974,0.284
12979,0.364
12987,0.234
12988,0.196
12992,0.36
12996,0.154
12997,0.196
12998,0.278
13012,0.3
13021,0.368
13022,0.372
13026,0.186
13034,0.322
13035,0.268
13038,0.628
13041,0.952
13042,0.95
13055,0.95
13056,0.98
13059,0.99
13060,0.98
13064,0.838
13072,0.99
13073,0.986
13075,0.998
13078,0.97
13088,0.996
13089,0.996
13093,0.968
13100,0.972
13101,0.986
13115,0.996
13116,0.898
13122,1.0
13125,0.996
13126,0.992
13130,0.418
13145,0.328
13150,0.276
13153,0.442
13164,0.282
13173,0.462
13180,0.28
13183,0.43
13182,0.668
13188,0.39
13196,0.192
13197,0.564
13201,0.848
13205,0.336
13229,0.332
13230,0.202
13236,0.256
13248,0.282
13249,0.374
13250,0.664
13257,0.228
13269,0.12
13272,0.174
13285,0.282
13288,0.874
13292,0.416
13293,0.13
13296,0.4
13297,0.842
13304,0.518
13311,0.5
13324,0.45
13334,0.448
13335,0.126
13344,0.524
13345,0.842
13347,0.092
13351,0.54
13355,0.102
13356,0.416
13358,0.294
13359,0.248
13368,0.326
13378,0.406
13379,0.632
13383,0.366
13388,0.28
13397,0.324
13396,0.586
13398,0.72
13399,0.4
13405,0.376
13407,0.248
13414,0.414
13428,0.5
13431,0.512
13441,0.184
13445,0.16
13446,0.124
13454,0.128
13456,0.114
13461,0.16
13466,0.318
13468,0.118
13470,0.838
13469,0.392
13481,0.238
13482,0.492
13483,0.544
13484,0.52
13487,0.256
13488,0.35
13494,0.362
13503,0.346
13511,0.388
13514,0.934
13521,0.962
13529,0.406
13544,0.47
13546,0.256
13547,0.29
13549,0.156
13552,0.106
13572,0.394
13592,0.226
13617,0.38
13612,0.58
13615,0.386
13606,0.382
13598,0.272
13616,0.842
13622,0.41
13626,0.386
13632,0.728
13633,0.69
13643,0.114
13644,0.108
13650,0.454
13654,0.118
13656,0.836
13669,0.32
13670,0.372
13680,0.25
13676,0.22
13675,0.838
13677,0.456
13679,0.428
13674,0.394
13684,0.23
13688,0.37
13697,0.23
13698,0.146
13700,0.308
13703,0.212
13716,0.158
13719,0.216
13725,0.092
13728,0.07
13735,0.33
13748,0.386
13755,0.238
13766,0.046
13784,0.286
13792,0.684
13780,0.458
13779,0.468
13802,0.146
13804,0.072
13805,0.814
13807,0.22
13808,0.516
13818,0.478
13819,0.466
13816,0.474
13829,0.2
13830,0.224
13833,0.234
13836,0.476
13838,0.634
13841,0.676
13849,0.476
13850,0.792
13854,0.304
13865,0.366
13867,0.216
13870,0.132
13874,0.148
13879,0.296
13880,0.698
13881,0.76
13882,0.156
13885,0.18
13905,0.392
13910,0.188
13921,0.422
13922,0.178
13932,0.28
13943,0.062
13944,0.064
13946,0.108
13951,0.02
13962,0.096
13963,0.036
13964,0.096
13965,0.14
13966,0.126
13967,0.078
13977,0.034
13987,0.358
13991,0.868
13993,0.76
14004,0.926
14005,0.9
14010,0.95
14011,0.604
14020,0.282
14021,0.848
14023,0.61
14025,0.902
14029,0.676
14031,0.904
14039,0.172
14044,0.87
14048,0.52
14050,0.112
14053,0.218
14056,0.71
14062,0.244
14067,0.148
14069,0.116
14080,0.192
14084,0.192
14086,0.12
14101,0.55
14103,0.906
14105,0.978
14111,0.922
14113,0.952
14115,0.982
14119,0.998
14124,0.988
14125,0.986
14131,0.532
14135,0.926
14140,0.958
14143,0.972
14148,0.96
14154,0.984
14157,0.992
14158,0.982
14159,0.988
14162,0.97
14168,0.654
14185,0.502
14186,0.896
14196,0.388
14198,0.76
14200,0.946
14203,0.958
14209,0.882
14219,0.93
14225,0.214
14226,0.288
14234,0.096
14253,0.022
14255,0.036
14256,0.064
14258,0.05
14261,0.092
14262,0.056
14267,0.026
14275,0.062
14288,0.532
14289,0.688
14292,0.136
14293,0.228
14298,0.226
14301,0.282
14302,0.13
14311,0.068
14313,0.072
14324,0.158
14325,0.156
14330,0.558
14334,0.822
14337,0.924
14339,0.058
14341,0.064
14343,0.034
14349,0.048
14361,0.108
14362,0.062
14363,0.19
14373,0.506
14374,0.944
14379,0.974
14387,0.972
14388,0.968
14391,0.992
14394,0.99
14399,1.0
14400,0.976
14405,0.996
14403,0.994
14406,0.996
14408,0.998
14416,0.996
14419,0.66
14429,0.92
14431,0.89
14449,0.98
14451,0.992
14448,0.97
14462,0.986
14467,0.996
14469,1.0
14483,1.0
14485,0.998
14493,0.996
14496,0.998
14495,1.0
14500,0.998
14504,0.994
14508,1.0
14509,0.958
14518,0.994
14559,1.0
14560,0.994
14565,0.994
14566,1.0
14571,1.0
14573,0.918
14577,0.996
14578,1.0
14579,0.992
14585,0.988
14591,0.664
14593,0.928
14614,0.948
14616,0.97
14617,0.974
14628,0.95
14636,0.988
14638,0.986
14639,0.988
14645,0.97
14649,0.986
14661,0.632
14668,0.952
14669,0.98
14707,0.948
14712,0.978
14717,0.986
14720,0.994
14722,0.984
14727,0.996
14730,0.896
14732,0.996
14733,0.988
14734,0.942
14738,0.98
14739,0.996
14742,0.994
14743,0.85
14747,0.986
14749,0.968
14751,0.85
14753,0.998
14757,0.98
14758,1.0
14769,1.0
14767,1.0
14778,0.996
14780,0.994
14788,0.992
14794,0.998
14796,1.0
14807,0.994
14820,0.998
14824,0.992
14825,0.998
14826,0.988
14828,0.998
14836,1.0
14835,0.982
14848,0.086
14850,0.038
14857,0.056
14858,0.12
14866,0.622
14867,0.85
14872,0.176
14879,0.42
14887,0.142
14895,0.116
14897,0.064
14898,0.124
14900,0.026
14921,0.252
14924,0.36
14927,0.146
14931,0.85
14937,0.47
14949,0.318
14952,0.706
14957,0.886
14958,0.454
14965,0.076
14966,0.132
14975,0.334
14985,0.374
14990,0.296
14994,0.128
14995,0.244
14996,0.276
15003,0.386
15007,0.082
15015,0.108
15016,0.236
15033,0.36
15039,0.382
15046,0.496
15058,0.43
15062,0.118
15068,0.398
15076,0.546
15082,0.48
15088,0.056
15089,0.188
15097,0.204
15099,0.154
15111,0.088
15115,0.058
15131,0.096
15138,0.382
15142,0.196
15150,0.388
15155,0.958
15162,0.222
15164,0.052
15167,0.378
15170,0.178
15173,0.41
15174,0.682
15189,0.096
15194,0.224
15195,0.242
15197,0.442
15205,0.496
15207,0.928
15209,0.21
15211,0.16
15216,0.394
15222,0.876
15223,0.888
15228,0.472
15231,0.902
15233,0.906
15245,0.124
15247,0.098
15260,0.198
15262,0.148
15269,0.068
15270,0.062
15274,0.092
15275,0.116
15301,0.108
15306,0.252
15311,0.348
15312,0.14
15320,0.184
15322,0.404
15328,0.17
15331,0.414
15333,0.36
15338,0.264
15342,0.368
15356,0.3
15361,0.196
15369,0.04
15372,0.122
15392,0.046
15398,0.112
15402,0.886
15405,0.936
15409,0.95
15419,0.984
15430,0.972
15432,0.998
15435,0.998
15434,0.998
15447,0.998
15450,0.98
15453,0.994
15456,0.996
15466,0.996
15473,0.996
15483,0.994
15497,0.998
15512,0.994
15511,0.992
15516,0.998
15518,0.996
15527,0.994
15528,0.996
15539,1.0
15542,0.998
15548,1.0
15551,1.0
15559,1.0
15573,1.0
15584,0.996
15586,0.998
15592,1.0
15599,0.524
15600,0.842
15605,0.954
15606,0.862
15609,0.962
15619,0.992
15620,0.986
15631,0.998
15636,1.0
15637,0.994
15643,0.986
15659,0.186
15661,0.168
15669,0.066
15679,0.154
15683,0.228
15686,0.396
15695,0.266
15706,0.096
15707,0.084
15713,0.088
15720,0.088
15723,0.14
15725,0.098
15734,0.064
15739,0.1
15743,0.116
15745,0.138
15749,0.032
15753,0.058
15755,0.102
15757,0.094
15760,0.028
15763,0.808
15767,0.07
15768,0.366
15772,0.376
15783,0.498
15785,0.828
15789,0.122
15792,0.124
15795,0.264
15807,0.17
15811,0.052
15815,0.444
15816,0.138
15817,0.288
15818,0.07
15824,0.12
15833,0.098
15835,0.504
15846,0.126
15847,0.14
15851,0.1
15859,0.55
15866,0.56
15871,0.898
15875,0.56
15876,0.934
15879,0.954
15883,0.984
15884,0.7
15895,0.622
15904,0.09
15906,0.104
15923,0.558
15924,0.432
15929,0.91
15931,0.956
15936,0.976
15940,0.71
15946,0.282
15955,0.086
15960,0.318
15961,0.274
15971,0.064
15974,0.47
15983,0.184
15984,0.376
15987,0.476
15988,0.306
15996,0.116
15997,0.078
16012,0.184
16015,0.218
16024,0.32
16025,0.326
16028,0.076
16029,0.212
16032,0.084
16039,0.412
16040,0.402
16042,0.032
16043,0.134
16052,0.112
16058,0.208
16063,0.264
16073,0.35
16072,0.124
16074,0.372
16075,0.33
16076,0.496
16077,0.198
16081,0.154
16088,0.174
16086,0.768
16097,0.492
16101,0.514
16102,0.694
16103,0.766
16105,0.42
16110,0.282
16117,0.084
16126,0.486
16128,0.488
16130,0.692
16134,0.218
16144,0.556
16152,0.86
16153,0.684
16154,0.706
16158,0.296
16167,0.066
16168,0.128
16169,0.158
16174,0.1
16179,0.022
16197,0.052
16198,0.018
16206,0.22
16210,0.138
16214,0.454
16218,0.696
16219,0.76
16225,0.748
16229,0.808
16231,0.872
16232,0.914
16235,0.854
16236,0.86
16238,0.854
16251,0.472
16254,0.744
16278,0.31
16283,0.784
16287,0.82
16288,0.754
16290,0.672
16291,0.644
16304,0.532
16317,0.526
16319,0.456
16338,0.332
16340,0.282
16347,0.514
16356,0.394
16362,0.23
16363,0.226
16367,0.32
16375,0.164
16381,0.318
16401,0.102
16413,0.072
16418,0.148
16428,0.228
16431,0.218
16425,0.426
16435,0.216
16440,0.49
16445,0.262
16449,0.412
16455,0.256
16463,0.706
16467,0.338
92063,0.28
92084,0.328
92091,0.25
92107,0.176
92111,0.488
92114,0.452
92149,0.144
92143,0.606
92139,0.278
92138,0.16
92150,0.196
92128,0.2
92158,0.226
92159,0.166
92161,0.096
92165,0.276
92167,0.16
92171,0.648
92176,0.234
92177,0.54
92186,0.384
92187,0.348
92184,0.592
92189,0.224
92192,0.318
92193,0.226
92195,0.43
92198,0.18
92200,0.206
92206,0.17
92208,0.286
92209,0.308
92216,0.15
92219,0.29
92228,0.27
92230,0.286
92238,0.584
92250,0.08
92254,0.478
92256,0.762
92257,0.676
92260,0.098
92265,0.522
92278,0.396
92281,0.162
92282,0.232
92289,0.164
92290,0.786
92293,0.076
92294,0.17
92300,0.154
92302,0.108
92303,0.242
92322,0.138
92328,0.186
92330,0.264
92331,0.55
92332,0.752
92341,0.272
92352,0.206
92366,0.172
92354,0.496
92365,0.678
92376,0.14
92375,0.332
92387,0.232
92392,0.166
92398,0.134
92399,0.21
92400,0.384
92418,0.206
92428,0.18
92439,0.702
92434,0.792
92450,0.394
92451,0.218
92455,0.364
92456,0.556
92465,0.41
92467,0.074
92472,0.09
92486,0.152
92487,0.602
92491,0.228
92494,0.268
92497,0.116
92503,0.042
92507,0.392
92511,0.276
92518,0.35
92519,0.784
92522,0.2
92523,0.62
92529,0.232
92540,0.538
92539,0.606
92544,0.374
92546,0.494
92552,0.23
92555,0.38
92559,0.502
92558,0.564
92564,0.532
92567,0.612
92570,0.698
92574,0.066
92575,0.074
92578,0.07
92587,0.58
92592,0.056
92594,0.072
92595,0.164
92599,0.07
92605,0.04
92617,0.052
92637,0.334
92643,0.396
92652,0.228
92658,0.692
92663,0.432
92667,0.318
92668,0.212
92681,0.502
92686,0.59
92693,0.578
92692,0.552
92695,0.162
92701,0.214
92702,0.346
92704,0.342
92712,0.254
92735,0.344
92737,0.632
92741,0.51
92743,0.592
92753,0.23
92754,0.32
92759,0.206
92765,0.184
92766,0.202
92769,0.258
92771,0.2
92774,0.542
92776,0.612
92783,0.37
92785,0.328
92801,0.41
92805,0.474
92807,0.392
92825,0.334
92817,0.316
92816,0.362
92814,0.296
92837,0.256
92828,0.322
92856,0.246
92849,0.294
92850,0.238
92851,0.306
92852,0.47
92866,0.28
92867,0.2
92869,0.276
92873,0.528
92879,0.792
92881,0.86
92882,0.932
92887,0.96
92884,0.98
92897,0.978
92901,0.978
92899,0.994
92902,0.984
92909,0.982
92911,0.984
92927,0.988
92929,0.94
92933,0.996
92934,0.992
92945,0.634
92949,0.896
92955,0.874
92957,0.942
92975,0.916
92976,0.936
92981,0.984
92988,0.954
92992,0.964
93008,0.992
93009,0.98
93012,0.4
93014,0.85
93017,0.902
93018,0.948
93023,0.93
93024,0.808
93027,0.988
93029,0.94
93033,0.976
93037,0.988
93043,0.984
93052,0.748
93051,0.838
93053,0.846
93057,0.88
93060,0.994
93065,0.99
93067,0.988
93074,0.994
93077,0.986
93079,0.998
93080,0.986
93082,0.962
93087,0.984
93092,0.998
93093,0.966
93095,0.362
93103,0.718
93110,0.57
93113,0.372
93115,0.844
93117,0.918
93125,0.918
93128,0.972
93130,0.978
93137,0.986
93141,0.988
93147,0.994
93174,0.29
93180,0.366
93185,0.224
93187,0.416
93188,0.286
93194,0.236
93202,0.228
93206,0.348
93218,0.284
93221,0.786
93222,0.874
93223,0.878
93237,0.682
93245,0.918
93252,0.552
93261,0.238
93262,0.212
93263,0.27
93268,0.43
93272,0.29
93275,0.3
93280,0.198
93287,0.156
93289,0.158
93291,0.204
93292,0.25
93293,0.176
93295,0.406
93305,0.354
93306,0.58
93312,0.26
93313,0.428
93315,0.158
93316,0.13
93325,0.216
93334,0.43
93339,0.214
93344,0.142
93345,0.23
93350,0.34
93353,0.636
93358,0.134
93364,0.46
93376,0.198
93388,0.274
93389,0.682
93392,0.658
93400,0.3
93403,0.3
93409,0.198
93413,0.182
93419,0.266
93421,0.242
93424,0.364
93429,0.206
93437,0.258
93439,0.246
93443,0.274
93450,0.172
93454,0.24
93455,0.262
93458,0.308
93465,0.146
93466,0.29
93471,0.368
93475,0.288
93476,0.114
93483,0.35
93484,0.236
93488,0.124
93491,0.236
93494,0.32
93497,0.37
93499,0.52
93503,0.412
93512,0.266
93515,0.248
93517,0.228
93533,0.33
93542,0.154
93543,0.126
93546,0.248
93549,0.256
93550,0.338
93562,0.44
93564,0.188
93566,0.724
93560,0.474
93567,0.206
93571,0.25
93573,0.25
93592,0.394
93594,0.264
93589,0.602
93602,0.842
93610,0.318
93619,0.602
93626,0.472
93631,0.482
93634,0.594
93642,0.624
93647,0.43
93648,0.598
93653,0.67
93667,0.316
93672,0.14
93678,0.378
93683,0.34
93686,0.654
93689,0.856
93691,0.772
93698,0.468
93711,0.284
93718,0.358
93725,0.252
93733,0.388
93732,0.558
93741,0.8
93745,0.536
93750,0.86
93778,0.36
93774,0.416
93785,0.7
93775,0.736
93782,0.828
93790,0.898
93796,0.85
93797,0.598
93798,0.25
93803,0.29
93808,0.824
93812,0.79
93814,0.468
93815,0.806
93827,0.158
93832,0.112
93834,0.192
93844,0.144
93849,0.242
93868,0.156
93870,0.174
93873,0.11
93881,0.524
93887,0.192
93890,0.134
93892,0.158
93911,0.104
93917,0.072
93922,0.224
93926,0.466
93940,0.56
93944,0.818
93948,0.802
93949,0.338
93951,0.09
93958,0.176
93968,0.452
93973,0.11
93974,0.158
93978,0.268
93979,0.132
93986,0.11
93992,0.128
93993,0.216
93998,0.554
93999,0.74
94002,0.836
94003,0.96
94009,0.93
94040,0.948
94051,0.39
94052,0.746
94056,0.958
94059,0.876
94062,0.96
94076,0.982
94081,0.978
94084,0.846
94086,0.994
94088,0.86
94104,0.622
94123,0.796
94126,0.762
94132,0.972
94139,0.982
94146,0.982
94148,0.968
94152,0.968
94161,0.994
94163,0.982
94166,0.996
94175,0.992
94184,0.964
94190,0.992
94189,1.0
94204,0.996
94207,0.918
94210,0.926
94218,0.992
94219,0.992
94226,0.978
94224,0.972
94238,0.998
94241,0.986
94252,1.0
94261,0.996
94258,0.992
94278,0.996
94312,0.462
94318,0.34
94337,0.514
94341,0.196
94344,0.322
94348,0.312
94352,0.326
94358,0.594
94361,0.332
94368,0.318
94370,0.162
94382,0.228
94388,0.288
94390,0.422
94392,0.89
94404,0.376
94409,0.388
94406,0.378
94413,0.45
94422,0.388
94430,0.122
94431,0.488
94433,0.296
94429,0.258
94461,0.14
94437,0.274
94456,0.216
94445,0.072
94434,0.768
94473,0.466
94483,0.23
94484,0.198
94498,0.508
94494,0.308
94500,0.418
94499,0.258
94490,0.234
94503,0.31
94517,0.278
94518,0.452
94526,0.734
94529,0.4
94540,0.306
94541,0.3
94557,0.28
94547,0.38
94555,0.234
94556,0.264
94566,0.234
94568,0.318
94573,0.708
94574,0.718
94590,0.472
94586,0.34
94593,0.346
94599,0.322
94595,0.61
94614,0.166
94641,0.34
94634,0.238
94622,0.164
94659,0.148
94656,0.25
94668,0.134
94670,0.192
94675,0.238
94689,0.064
94693,0.246
94703,0.14
94714,0.09
94715,0.136
94707,0.08
94706,0.138
94683,0.12
94713,0.138
94734,0.07
94760,0.182
94748,0.404
94739,0.228
94751,0.142
94720,0.304
94727,0.182
94804,0.2
94798,0.168
94811,0.108
94808,0.162
94806,0.14
94799,0.178
94779,0.036
94786,0.194
94800,0.106
94791,0.062
94810,0.478
94801,0.148
94773,0.106
94774,0.086
94787,0.164
94821,0.152
94880,0.192
94859,0.218
94866,0.314
94843,0.772
94884,0.2
94849,0.25
94890,0.146
94858,0.13
94889,0.096
94824,0.204
94875,0.298
94845,0.282
94887,0.06
94844,0.09
94836,0.818
94839,0.436
94838,0.738
94856,0.204
94901,0.722
94905,0.21
94907,0.222
94922,0.28
94916,0.24
94913,0.214
94917,0.344
94909,0.202
94933,0.764
94932,0.822
94937,0.692
94941,0.85
94944,0.24
94955,0.31
94952,0.304
94949,0.202
94950,0.188
94976,0.804
94969,0.688
94980,0.526
94971,0.116
94974,0.694
94988,0.216
94989,0.642
94991,0.768
95017,0.904
95014,0.872
95016,0.804
95022,0.872
95024,0.832
95026,0.408
95043,0.372
95035,0.156
95027,0.336
95034,0.136
95029,0.202
95031,0.178
95057,0.296
95058,0.616
95065,0.784
95074,0.536
95079,0.574
95080,0.652
95089,0.198
95093,0.202
95094,0.156
95102,0.162
95106,0.082
95108,0.592
95116,0.086
95118,0.346
95121,0.574
95124,0.822
95126,0.846
95132,0.572
95133,0.576
95134,0.624
95143,0.604
95146,0.768
95159,0.132
95161,0.108
95166,0.142
95171,0.328
95173,0.1
95186,0.102
95187,0.254
95188,0.168
95191,0.464
95192,0.328
95201,0.25
95207,0.172
95209,0.154
95217,0.182
95221,0.272
95225,0.446
95228,0.586
95232,0.262
95233,0.252
95235,0.264
95246,0.066
95254,0.17
95257,0.13
95259,0.184
95265,0.134
95277,0.164
95280,0.148
95284,0.268
95288,0.166
95294,0.204
95302,0.064
95305,0.344
95310,0.164
95312,0.134
95319,0.238
95322,0.174
95327,0.182
95329,0.326
95339,0.414
95340,0.224
95343,0.328
95345,0.106
95346,0.132
95349,0.294
95350,0.184
95354,0.274
95361,0.098
95370,0.602
95362,0.146
95363,0.142
95369,0.242
95377,0.302
95383,0.15
95384,0.36
95388,0.184
95391,0.496
95393,0.236
95395,0.584
95396,0.386
95402,0.21
95407,0.136
95420,0.314
95424,0.458
95425,0.54
95431,0.278
95442,0.226
95443,0.252
95445,0.22
95463,0.29
95464,0.65
95468,0.24
95469,0.186
95470,0.536
95474,0.428
95475,0.466
95479,0.404
95481,0.428
95488,0.19
95489,0.82
95497,0.32
95501,0.29
95502,0.48
95512,0.198
95517,0.398
95524,0.198
95528,0.228
95537,0.266
95541,0.28
95554,0.136
95558,0.664
95560,0.086
95563,0.108
95567,0.318
95568,0.616
95569,0.628
95572,0.186
95577,0.332
95579,0.38
95583,0.388
95591,0.706
95582,0.646
95605,0.51
95597,0.302
95608,0.668
95604,0.722
95600,0.772
95606,0.708
95596,0.33
95615,0.602
95618,0.206
95619,0.464
95621,0.298
95624,0.646
95645,0.28
95642,0.636
95641,0.332
95647,0.256
95644,0.644
95639,0.282
95634,0.262
95650,0.224
95675,0.424
95658,0.464
95685,0.382
95689,0.338
95690,0.244
95691,0.224
95692,0.236
95701,0.338
95705,0.156
95704,0.176
95712,0.42
95723,0.222
95717,0.554
95726,0.182
95733,0.124
95728,0.776
95737,0.304
95738,0.614
95735,0.312
95760,0.344
95752,0.366
95757,0.278
95765,0.27
95766,0.266
95770,0.494
95775,0.312
95778,0.274
95776,0.284
95773,0.182
95772,0.254
95781,0.506
95797,0.13
95798,0.286
95805,0.156
95811,0.134
95824,0.222
95825,0.142
95827,0.15
95828,0.08
95829,0.286
95842,0.43
95854,0.236
95859,0.424
95861,0.748
95862,0.67
95873,0.19
95883,0.398
95885,0.576
95887,0.464
95915,0.22
95907,0.162
95897,0.256
95898,0.642
95906,0.318
95901,0.166
95923,0.188
95931,0.28
95933,0.35
95961,0.242
95953,0.188
95968,0.178
95971,0.24
95974,0.198
95977,0.18
95978,0.208
95979,0.232
95984,0.358
95993,0.2
95999,0.474
96010,0.304
96020,0.396
96026,0.14
96027,0.506
96029,0.46
96033,0.162
96046,0.254
96043,0.578
96047,0.7
96048,0.228
96053,0.166
96070,0.256
96069,0.216
96075,0.428
96082,0.284
96083,0.206
96097,0.158
96101,0.236
96102,0.41
96105,0.24
96130,0.346
96124,0.71
96116,0.69
96151,0.288
96152,0.29
96150,0.358
96163,0.438
96170,0.346
96175,0.214
96176,0.5
96186,0.228
96190,0.208
96191,0.228
96195,0.312
96197,0.194
96204,0.31
96209,0.28
96213,0.578
96247,0.384
96250,0.18
96255,0.272
96262,0.21
96264,0.26
96271,0.21
96281,0.332
96291,0.234
96293,0.164
96306,0.346
96307,0.322
96309,0.512
96312,0.306
96316,0.302
96319,0.182
96321,0.28
96331,0.388
96333,0.59
96336,0.236
96339,0.532
96340,0.374
96346,0.296
96360,0.212
96362,0.376
96365,0.306
96366,0.334
96381,0.258
96393,0.26
96397,0.168
96398,0.308
96399,0.36
96413,0.24
96414,0.224
96424,0.258
96425,0.324
96434,0.408
96442,0.174
96449,0.24
96451,0.258
96453,0.232
96455,0.238
96456,0.154
96458,0.43
96464,0.22
96480,0.208
96481,0.48
96483,0.502
96489,0.486
96492,0.268
96505,0.144
96512,0.164
96513,0.176
96519,0.088
96535,0.226
96551,0.172
96554,0.188
96558,0.208
96561,0.204
96564,0.166
96566,0.594
96574,0.198
96578,0.378
96580,0.368
96583,0.366
96589,0.174
96592,0.208
96594,0.232
96595,0.538
96599,0.86
96631,0.45
96637,0.416
96638,0.702
96639,0.696
96653,0.564
96664,0.856
96668,0.942
96669,0.662
96673,0.494
96674,0.876
96689,0.634
96690,0.928
96705,0.382
96711,0.808
96717,0.868
96725,0.96
96734,0.912
96739,0.938
96748,0.91
96756,0.818
96754,0.97
96758,0.432
96759,0.464
96763,0.336
96764,0.202
96769,0.184
96776,0.224
96785,0.388
96815,0.158
96824,0.326
96832,0.554
96838,0.756
96840,0.444
96841,0.204
96842,0.702
96849,0.146
96854,0.252
96858,0.34
96862,0.226
96864,0.264
96865,0.532
96870,0.372
96875,0.718
96877,0.416
96889,0.49
96886,0.302
96895,0.696
96890,0.416
96899,0.21
96901,0.168
96902,0.14
96907,0.176
96910,0.242
96918,0.61
96920,0.68
96922,0.566
96926,0.782
96928,0.768
96934,0.838
96933,0.66
96937,0.89
96938,0.702
96939,0.83
96940,0.884
96942,0.894
96946,0.77
96957,0.334
96969,0.294
96971,0.52
96974,0.302
96986,0.392
96987,0.268
96995,0.402
96999,0.202
97006,0.392
97008,0.664
97016,0.794
97020,0.81
97021,0.79
97024,0.8
97028,0.72
97029,0.812
97040,0.884
97039,0.824
97050,0.828
97067,0.308
97081,0.124
97082,0.154
97084,0.194
97086,0.292
97091,0.236
97111,0.212
97112,0.502
97114,0.098
97117,0.474
97123,0.214
97127,0.44
97135,0.152
97137,0.292
97143,0.184
97144,0.468
97146,0.444
97147,0.702
97151,0.382
97154,0.35
97166,0.14
97167,0.26
97170,0.144
97175,0.092
97176,0.236
97178,0.178
97179,0.352
97181,0.198
97182,0.12
97186,0.562
97188,0.12
97191,0.26
97202,0.332
97205,0.272
97211,0.256
97212,0.262
97214,0.298
97216,0.842
97217,0.768
97218,0.43
97238,0.174
97240,0.326
97243,0.542
97244,0.37
97255,0.166
97264,0.222
97277,0.268
97278,0.278
97279,0.212
97281,0.166
97293,0.338
97303,0.424
97305,0.692
97312,0.574
97313,0.576
97318,0.712
97321,0.74
97322,0.746
97326,0.726
97334,0.746
97335,0.718
97340,0.804
97346,0.564
97354,0.912
97363,0.942
97385,0.942
97399,0.718
97405,0.846
97410,0.904
97411,0.924
97412,0.914
97414,0.942
97415,0.646
97417,0.94
97422,0.664
97426,0.928
97429,0.888
97441,0.902
97446,0.898
97451,0.914
97450,0.886
97452,0.934
97458,0.694
97464,0.628
97467,0.622
97470,0.746
97475,0.938
97482,0.916
97487,0.938
97493,0.924
97496,0.672
97497,0.64
97508,0.712
97513,0.97
97514,0.96
97516,0.948
97519,0.864
97523,0.914
97532,0.916
97543,0.32
97544,0.4
97548,0.248
97549,0.404
97557,0.21
97558,0.1
97562,0.132
97571,0.094
97575,0.168
97577,0.364
97579,0.31
97584,0.072
97585,0.338
97591,0.368
97594,0.186
97601,0.19
97602,0.624
97607,0.302
97613,0.232
97615,0.294
97617,0.17
97618,0.756
97623,0.5
97625,0.706
97622,0.24
97635,0.316
97646,0.132
97649,0.224
97662,0.414
97665,0.396
97670,0.406
97672,0.824
97677,0.538
97682,0.106
97695,0.094
97697,0.75
97687,0.256
97688,0.138
97703,0.1
97705,0.578
97709,0.064
97711,0.176
97712,0.234
97714,0.788
97717,0.71
97719,0.15
97724,0.17
97730,0.108
97732,0.59
97731,0.682
97736,0.084
97745,0.442
97744,0.198
97747,0.324
97750,0.312
97753,0.764
97752,0.304
97754,0.822
97755,0.16
97758,0.108
97762,0.238
97765,0.12
97769,0.224
97770,0.458
97771,0.566
97775,0.156
97776,0.312
97779,0.71
97782,0.168
97783,0.766
97787,0.234
97790,0.31
97795,0.34
97797,0.17
97801,0.176
97822,0.342
97823,0.66
97825,0.764
97829,0.7
97832,0.056
97833,0.072
97834,0.08
97837,0.05
97840,0.086
97843,0.03
97857,0.026
97860,0.044
97861,0.112
97869,0.028
97872,0.08
97890,0.11
97900,0.09
97901,0.15
97902,0.082
97903,0.144
97910,0.134
97911,0.144
97931,0.434
97935,0.684
97930,0.712
97939,0.282
97940,0.77
97944,0.228
97946,0.676
97947,0.922
97952,0.326
97955,0.57
97960,0.08
97967,0.09
97988,0.052
97989,0.108
97990,0.16
97998,0.418
97997,0.822
98001,0.886
98007,0.944
98008,0.962
98011,0.972
98019,0.964
98021,0.972
98023,0.944
98026,0.936
98030,0.97
98032,0.962
98040,0.072
98045,0.134
98047,0.184
98062,0.108
98075,0.09
98076,0.136
98078,0.284
98079,0.064
98086,0.138
98089,0.088
98091,0.088
98093,0.32
98096,0.058
98098,0.068
98101,0.082
98108,0.21
98109,0.048
98119,0.074
98123,0.418
98129,0.322
98128,0.136
98139,0.174
98130,0.228
98136,0.766
98143,0.358
98159,0.704
98169,0.898
98180,0.918
98177,0.964
98184,0.956
98185,0.888
98190,0.974
98199,0.91
98200,0.988
98205,0.56
98212,0.62
98215,0.408
98219,0.224
98221,0.076
98231,0.158
98233,0.204
98235,0.106
98237,0.124
98241,0.08
98244,0.612
98249,0.122
98250,0.154
98258,0.498
98259,0.68
98260,0.586
98261,0.732
98262,0.726
98263,0.754
98280,0.4
98282,0.062
98286,0.516
98287,0.824
98295,0.754
98303,0.204
98299,0.474
98306,0.37
98312,0.286
98311,0.596
98322,0.658
98309,0.678
98325,0.506
98316,0.64
98330,0.248
98331,0.616
98333,0.602
98336,0.242
98338,0.214
98352,0.342
98362,0.172
98364,0.164
98365,0.252
98366,0.194
98368,0.316
98376,0.078
98389,0.262
98395,0.428
98396,0.38
98398,0.558
98402,0.156
98406,0.142
98420,0.22
98422,0.126
98428,0.514
98434,0.568
98435,0.256
98450,0.178
98452,0.566
98458,0.35
98460,0.662
98478,0.304
98480,0.196
98481,0.176
98486,0.292
98496,0.17
98499,0.17
98522,0.114
98524,0.382
98535,0.188
98537,0.144
98544,0.278
98553,0.272
98557,0.15
98560,0.16
98561,0.198
98562,0.188
98565,0.69
98566,0.166
98567,0.174
98572,0.13
98574,0.108
98576,0.366
98581,0.18
98582,0.162
98585,0.144
98589,0.646
98595,0.27
98596,0.6
98597,0.786
98600,0.19
98604,0.18
98608,0.154
98612,0.16
98623,0.142
98630,0.174
98632,0.386
98638,0.156
98659,0.168
98665,0.332
98676,0.332
98682,0.16
98684,0.848
98693,0.332
98701,0.47
98702,0.16
98724,0.088
98733,0.074
98739,0.096
98746,0.068
98751,0.07
98753,0.054
98764,0.068
98769,0.26
98770,0.194
98772,0.192
98787,0.14
98802,0.15
98803,0.12
98807,0.208
98809,0.17
98813,0.474
98816,0.596
98818,0.144
98819,0.138
98820,0.19
98823,0.13
98832,0.386
98835,0.16
98838,0.3
98842,0.084
98844,0.186
98846,0.21
98848,0.148
98852,0.124
98853,0.252
98857,0.486
98859,0.62
98858,0.718
98862,0.636
98864,0.166
98876,0.246
98887,0.154
98889,0.118
98891,0.074
98901,0.196
98902,0.104
98908,0.234
98911,0.12
98916,0.224
98921,0.274
98924,0.058
98927,0.18
98934,0.364
98936,0.18
98942,0.154
98943,0.226
98946,0.298
98947,0.168
98951,0.266
98952,0.092
98954,0.246
98972,0.188
98976,0.142
98965,0.238
98962,0.804
98977,0.478
98978,0.666
98986,0.182
98987,0.232
98991,0.084
98997,0.146
98998,0.296
99001,0.194
99003,0.504
99002,0.346
99004,0.696
99006,0.24
99009,0.5
99011,0.508
99013,0.764
99028,0.466
99032,0.286
99036,0.284
99048,0.2
99046,0.486
99049,0.306
99050,0.38
99058,0.346
99065,0.672
99075,0.478
99086,0.672
99084,0.308
99096,0.364
99093,0.568
99104,0.69
99099,0.762
99112,0.208
99109,0.464
99110,0.574
99115,0.71
99116,0.738
99117,0.648
99137,0.28
99138,0.808
99139,0.706
99140,0.594
99144,0.47
99147,0.848
99150,0.314
99163,0.454
99165,0.84
99167,0.604
99175,0.346
99178,0.602
99186,0.184
99188,0.134
99189,0.176
99190,0.194
99197,0.132
99213,0.168
99219,0.218
99220,0.266
99223,0.222
99226,0.086
99245,0.234
99243,0.196
99250,0.218
99256,0.262
99253,0.154
99262,0.15
99267,0.152
99268,0.168
99271,0.226
99272,0.064
99281,0.14
99286,0.212
99296,0.224
99305,0.232
99311,0.206
99312,0.256
99315,0.362
99316,0.174
99327,0.08
99332,0.2
99345,0.118
99349,0.052
99352,0.532
99355,0.062
99371,0.044
99375,0.054
99380,0.27
99381,0.8
99382,0.184
99390,0.038
99393,0.08
99395,0.086
99396,0.808
99399,0.786
99409,0.328
99436,0.106
99445,0.178
99447,0.608
99452,0.276
99457,0.266
99464,0.17
99465,0.212
99467,0.122
99468,0.172
99475,0.078
99477,0.286
99485,0.582
99486,0.854
99490,0.078
99492,0.148
99494,0.072
99497,0.188
99510,0.224
99513,0.392
99523,0.29
99527,0.424
99528,0.26
99534,0.21
99538,0.294
99542,0.238
99543,0.19
99546,0.152
99554,0.398
99555,0.628
99552,0.702
99557,0.532
99564,0.182
99563,0.198
99567,0.156
99574,0.32
99571,0.576
99580,0.648
99577,0.782
99594,0.72
99592,0.808
99596,0.35
99601,0.85
99612,0.812
99616,0.352
99624,0.35
99621,0.306
99619,0.684
99641,0.678
99639,0.738
99643,0.78
99632,0.672
99640,0.8
99638,0.636
99669,0.402
99671,0.39
99677,0.69
99682,0.622
99684,0.808
99683,0.844
99685,0.654
99686,0.28
99699,0.498
99694,0.24
99692,0.246
99691,0.632
99689,0.36
99711,0.714
99709,0.776
99714,0.694
99701,0.458
99722,0.202
99727,0.658
99726,0.318
99733,0.168
99739,0.71
99741,0.692
99743,0.16
99747,0.17
99751,0.224
99756,0.366
99783,0.102
99784,0.23
99791,0.254
99792,0.314
99793,0.334
99800,0.314
99808,0.326
99809,0.138
99814,0.166
99821,0.238
99831,0.138
99832,0.176
99833,0.326
99842,0.078
99849,0.152
99856,0.18
99861,0.152
99864,0.76
99871,0.28
99872,0.736
99880,0.218
99881,0.684
99890,0.118
99891,0.656
99893,0.33
99902,0.388
99903,0.222
99906,0.678
99909,0.184
99916,0.166
99919,0.126
99928,0.194
99936,0.212
99937,0.226
99948,0.408
99953,0.402
99960,0.358
99961,0.506
99967,0.228
99970,0.326
99973,0.186
99983,0.172
99985,0.228
99986,0.35
99993,0.262
99994,0.422
99996,0.336
100001,0.288
100002,0.226
100006,0.32
100007,0.184
100010,0.276
100012,0.214
100025,0.186
100034,0.038
100041,0.122
100051,0.294
100052,0.172
100069,0.114
100071,0.104
100075,0.186
100076,0.158
100087,0.428
100104,0.366
100107,0.846
100146,0.346
100144,0.214
100114,0.724
100153,0.276
100151,0.284
100140,0.634
100111,0.284
100113,0.33
100157,0.688
100161,0.298
100164,0.762
100244,0.498
100179,0.322
100208,0.684
100214,0.638
100231,0.598
100224,0.198
100181,0.64
100185,0.564
100228,0.65
100196,0.204
100172,0.7
100194,0.612
100193,0.714
100250,0.744
100252,0.214
100255,0.162
100258,0.356
100263,0.38
100265,0.134
100267,0.116
100268,0.15
100295,0.274
100303,0.274
100296,0.698
100300,0.484
100306,0.716
100320,0.36
100344,0.734
100343,0.774
100336,0.22
100342,0.704
100328,0.504
100380,0.252
100369,0.152
100372,0.302
100373,0.226
100376,0.368
100367,0.3
100379,0.166
100357,0.69
100354,0.324
100352,0.252
100355,0.368
100348,0.188
100370,0.234
100365,0.236
100396,0.158
100401,0.406
100404,0.308
100405,0.312
100406,0.37
100407,0.31
100411,0.298
100417,0.256
100422,0.44
100425,0.34
100432,0.37
100436,0.196
100437,0.204
100448,0.242
100456,0.372
100458,0.522
100464,0.16
100467,0.234
100468,0.676
100469,0.556
100475,0.306
100528,0.122
100540,0.31
100550,0.194
100477,0.52
100501,0.188
100552,0.222
100553,0.43
100498,0.254
100503,0.202
100486,0.742
100529,0.176
100521,0.128
100520,0.234
100484,0.464
100526,0.542
100494,0.544
100535,0.144
100493,0.572
100565,0.206
100626,0.696
100624,0.232
100600,0.738
100597,0.696
100618,0.186
100566,0.336
100585,0.26
100617,0.572
100574,0.108
100586,0.286
100629,0.266
100643,0.264
100648,0.298
100650,0.194
100659,0.206
100667,0.334
100668,0.3
100679,0.426
100680,0.684
100692,0.086
100698,0.238
100702,0.274
100704,0.294
100710,0.264
100719,0.22
100721,0.34
100727,0.096
100728,0.238
100729,0.112
100740,0.164
100741,0.098
100743,0.106
100753,0.122
100754,0.196
100758,0.12
100762,0.268
100764,0.404
100767,0.418
100774,0.218
100783,0.29
100788,0.144
100789,0.294
100790,0.204
100791,0.302
100796,0.156
100830,0.242
100824,0.548
100837,0.374
100838,0.72
100849,0.266
100850,0.268
100851,0.31
100852,0.576
100862,0.762
100872,0.438
100874,0.36
100878,0.624
100880,0.87
100884,0.786
100886,0.846
100892,0.826
100895,0.932
100905,0.514
100906,0.818
100913,0.88
100917,0.878
100921,0.84
100926,0.102
100927,0.394
100947,0.334
100945,0.516
100995,0.306
101002,0.668
100964,0.686
100955,0.304
100954,0.23
100968,0.464
100998,0.67
100973,0.354
101014,0.5
101016,0.318
101019,0.076
101020,0.318
101024,0.11
101026,0.088
101029,0.086
101036,0.354
101040,0.312
101041,0.77
101048,0.406
101055,0.548
101061,0.384
101064,0.422
101069,0.148
101071,0.358
101075,0.23
101079,0.384
101096,0.112
101101,0.466
101104,0.806
101106,0.772
101112,0.124
101121,0.444
101127,0.456
101128,0.85
101138,0.5
101140,0.25
101173,0.202
101201,0.634
101195,0.478
101171,0.41
101159,0.288
101193,0.312
101162,0.61
101152,0.316
101186,0.31
101161,0.616
101172,0.48
101160,0.682
101165,0.718
101176,0.14
101187,0.782
101207,0.182
101210,0.562
101211,0.682
101214,0.246
101216,0.214
101227,0.1
101237,0.132
101238,0.188
101244,0.096
101246,0.148
101249,0.07
101250,0.082
101274,0.108
101283,0.128
101304,0.146
101310,0.252
101314,0.118
101317,0.12
101327,0.2
101328,0.178
101329,0.14
101330,0.174
101332,0.206
101334,0.096
101339,0.206
101342,0.138
101345,0.212
101346,0.27
101351,0.208
101352,0.336
101355,0.154
101364,0.266
101373,0.374
101375,0.306
101384,0.506
101385,0.316
101386,0.444
101393,0.192
101394,0.446
101397,0.194
101400,0.192
101410,0.54
101414,0.144
101436,0.304
101438,0.746
101439,0.614
101441,0.416
101449,0.182
101455,0.172
101463,0.356
101466,0.124
101469,0.248
101488,0.38
101491,0.104
101494,0.67
101495,0.378
101499,0.394
101501,0.128
101502,0.522
101508,0.324
101511,0.366
101520,0.206
101521,0.176
101529,0.322
101530,0.27
101534,0.748
101540,0.212
101546,0.286
101550,0.214
101568,0.514
101571,0.286
101573,0.268
101574,0.324
101579,0.26
101580,0.25
101596,0.534
101602,0.26
101603,0.178
101608,0.176
101611,0.224
101613,0.266
101637,0.578
101644,0.65
101647,0.916
101654,0.928
101659,0.912
101668,0.606
101669,0.788
101671,0.874
101673,0.452
101676,0.146
101680,0.094
101681,0.27
101684,0.094
101686,0.31
101696,0.128
101710,0.372
101724,0.136
101733,0.512
101736,0.786
101756,0.48
101757,0.864
101758,0.876
101761,0.918
101774,0.916
101787,0.596
101789,0.54
101795,0.412
101799,0.522
101800,0.338
101801,0.25
101803,0.336
101809,0.17
101819,0.28
101821,0.196
101828,0.292
101830,0.234
101832,0.21
101835,0.19
101841,0.204
101846,0.746
101850,0.176
101854,0.106
101860,0.314
101862,0.184
101866,0.248
101870,0.208
101871,0.374
101873,0.502
101880,0.346
101883,0.244
101890,0.398
101891,0.49
101907,0.44
101915,0.17
101932,0.528
101933,0.684
101937,0.89
101940,0.708
101944,0.298
101947,0.232
101959,0.184
101965,0.286
101966,0.754
101968,0.31
101974,0.538
101978,0.288
101980,0.398
101991,0.356
101995,0.294
102007,0.424
102008,0.386
102013,0.476
102015,0.222
102028,0.274
102032,0.414
102035,0.568
102039,0.19
102050,0.232
102052,0.234
102061,0.224
102062,0.37
102065,0.274
102067,0.328
102068,0.46
102071,0.51
102072,0.47
102074,0.476
102077,0.388
102079,0.426
102092,0.202
102095,0.222
102096,0.626
102100,0.356
102101,0.198
102109,0.27
102112,0.172
102113,0.824
102123,0.246
102129,0.232
102131,0.758
102134,0.708
102137,0.354
102138,0.336
102142,0.394
102143,0.244
102146,0.25
102150,0.444
102153,0.744
102161,0.86
102164,0.826
102173,0.918
102176,0.922
102179,0.842
102183,0.926
102198,0.338
102203,0.356
102208,0.276
102218,0.242
102231,0.306
102235,0.188
102237,0.46
102250,0.48
102251,0.096
102262,0.464
102273,0.116
102279,0.072
102282,0.258
102296,0.048
102298,0.116
102305,0.072
102320,0.154
102325,0.24
102327,0.138
102331,0.09
102339,0.132
102342,0.332
102346,0.242
102350,0.3
102356,0.396
102366,0.1
102370,0.28
102372,0.218
102374,0.164
102375,0.454
102379,0.294
102380,0.198
102381,0.318
102394,0.256
102402,0.308
102407,0.584
102409,0.276
102413,0.186
102414,0.334
102415,0.126
102421,0.16
102433,0.464
102448,0.054
102456,0.67
102463,0.746
102469,0.33
102470,0.818
102472,0.688
102477,0.51
102478,0.69
102482,0.24
102495,0.614
102499,0.342
102510,0.252
102513,0.05
102516,0.608
102524,0.116
102525,0.48
102527,0.11
102528,0.774
102534,0.138
102535,0.514
102537,0.374
102542,0.192
102543,0.76
102546,0.224
102547,0.3
102551,0.18
102552,0.774
102553,0.78
102555,0.344
102563,0.34
102571,0.552
102580,0.184
102584,0.196
102593,0.086
102609,0.386
102613,0.262
102614,0.556
102621,0.286
102632,0.512
102633,0.844
102635,0.61
102639,0.802
102645,0.098
102646,0.842
102652,0.134
102662,0.302
102688,0.094
102689,0.354
102690,0.346
102693,0.152
102696,0.208
102701,0.376
102702,0.482
102703,0.222
102710,0.164
102714,0.842
102715,0.374
102724,0.214
102725,0.856
102731,0.238
102735,0.218
102739,0.554
102751,0.446
102752,0.248
102754,0.228
102760,0.58
102765,0.326
102773,0.284
102791,0.208
102798,0.248
102806,0.388
102815,0.382
102819,0.452
102824,0.726
102825,0.524
102826,0.682
102831,0.272
102832,0.202
102840,0.27
102848,0.13
102861,0.24
102862,0.662
102867,0.19
102869,0.192
102875,0.2
102885,0.23
102887,0.698
102888,0.344
102889,0.292
102892,0.572
102894,0.33
102909,0.414
102926,0.51
102930,0.444
102934,0.488
102937,0.46
102941,0.418
102943,0.206
102951,0.422
102953,0.282
102956,0.544
102962,0.14
102968,0.154
102970,0.168
102971,0.226
102977,0.216
102983,0.2
102986,0.242
102992,0.33
102996,0.342
103000,0.362
103004,0.342
103017,0.268
103021,0.182
103023,0.21
103030,0.124
103036,0.262
103040,0.196
103041,0.184
103042,0.266
103050,0.184
103051,0.094
103053,0.266
103058,0.212
103059,0.328
103062,0.402
103063,0.3
103065,0.238
103066,0.266
103067,0.254
103068,0.27
103069,0.354
103071,0.256
103074,0.298
103078,0.284
103086,0.254
103096,0.436
103097,0.258
103099,0.238
103101,0.232
103102,0.23
103109,0.212
103113,0.264
103128,0.298
103130,0.492
103135,0.208
103149,0.312
103155,0.238
103156,0.262
103159,0.118
103166,0.174
103169,0.168
103174,0.39
103183,0.2
103189,0.528
103201,0.194
103203,0.658
103205,0.164
103206,0.174
103207,0.174
103211,0.132
103213,0.144
103216,0.264
103229,0.5
103240,0.27
103242,0.27
103243,0.224
103245,0.236
103246,0.248
103247,0.208
103250,0.27
103256,0.434
103263,0.34
103265,0.258
103283,0.352
103286,0.726
103287,0.304
103291,0.316
103301,0.3
103312,0.194
103326,0.244
103336,0.16
103338,0.21
103343,0.262
103344,0.114
103347,0.258
103350,0.384
103352,0.138
103357,0.116
103365,0.134
103367,0.106
103370,0.154
103376,0.09
103377,0.188
103379,0.398
103381,0.416
103387,0.15
103388,0.45
103399,0.114
103400,0.162
103402,0.098
103403,0.182
103405,0.32
103407,0.29
103416,0.186
103417,0.624
103420,0.386
103421,0.49
103432,0.136
103440,0.428
103443,0.172
103446,0.332
103448,0.422
103454,0.344
103457,0.164
103458,0.164
103459,0.294
103481,0.222
103482,0.254
103485,0.164
103488,0.168
103494,0.236
103496,0.316
103498,0.168
103499,0.194
103500,0.268
103508,0.166
103512,0.12
103515,0.698
103516,0.74
103517,0.73
103519,0.274
103536,0.35
103541,0.356
103547,0.448
103560,0.498
103561,0.402
103567,0.384
103571,0.358
103574,0.354
103578,0.128
103579,0.154
103592,0.346
103595,0.796
103597,0.296
103604,0.258
103608,0.132
103615,0.198
103617,0.15
103618,0.224
103621,0.22
103630,0.544
103634,0.218
103658,0.2
103662,0.462
103668,0.192
103669,0.47
103671,0.21
103674,0.566
103676,0.716
103683,0.16
103684,0.174
103685,0.256
103687,0.32
103691,0.298
103696,0.246
103711,0.176
103712,0.352
103714,0.388
103720,0.494
103723,0.43
103724,0.702
103725,0.794
103729,0.222
103730,0.474
103739,0.212
103741,0.224
103751,0.366
103752,0.316
103756,0.434
103757,0.52
103764,0.238
103765,0.406
103772,0.424
103781,0.238
103783,0.52
103799,0.506
103810,0.918
103816,0.842
103822,0.914
103826,0.964
103832,0.964
103835,0.966
103838,0.98
103843,0.194
103844,0.172
103862,0.122
103880,0.26
103882,0.682
103883,0.612
103890,0.564
103905,0.19
103914,0.42
103926,0.436
103934,0.298
103943,0.38
103952,0.282
103954,0.244
103959,0.238
103961,0.126
103971,0.32
103980,0.432
103984,0.318
103989,0.17
103995,0.204
103996,0.224
103997,0.32
103999,0.212
104022,0.254
104023,0.31
104026,0.186
104028,0.16
104029,0.276
104033,0.156
104037,0.238
104042,0.338
104048,0.15
104053,0.326
104056,0.274
104057,0.288
104063,0.23
104065,0.168
104069,0.33
104075,0.21
104083,0.238
104086,0.31
104087,0.296
104088,0.342
104091,0.214
104094,0.306
104096,0.14
104103,0.244
104104,0.282
104108,0.276
104110,0.29
104114,0.288
104115,0.402
104126,0.36
104128,0.514
104143,0.292
104144,0.65
104149,0.212
104150,0.254
104155,0.092
104156,0.318
104157,0.356
104158,0.272
104166,0.228
104167,0.188
104169,0.604
104177,0.234
104178,0.418
104185,0.122
104192,0.332
104194,0.204
104206,0.242
104209,0.426
104227,0.236
104228,0.16
104243,0.182
104245,0.694
104254,0.208
104262,0.23
104268,0.276
104269,0.73
104276,0.262
104283,0.404
104284,0.626
104285,0.54
104292,0.764
104301,0.338
104304,0.152
104309,0.292
104310,0.732
104318,0.404
104320,0.71
104323,0.312
104335,0.382
104338,0.32
104340,0.442
104342,0.866
104356,0.296
104360,0.168
104363,0.24
104364,0.584
104370,0.196
104373,0.628
104375,0.686
104376,0.63
104385,0.522
104387,0.462
104389,0.434
104393,0.64
104396,0.36
104402,0.3
104405,0.348
104411,0.168
104429,0.268
104431,0.246
104436,0.736
104441,0.334
104444,0.34
104449,0.218
104451,0.16
104462,0.134
104468,0.332
104479,0.282
104482,0.254
104492,0.272
104495,0.326
104496,0.244
104499,0.166
104500,0.29
104501,0.16
104513,0.234
104521,0.168
104525,0.422
104532,0.31
104537,0.29
104538,0.51
104542,0.418
104551,0.258
104556,0.792
104558,0.834
104565,0.344
104568,0.76
104577,0.38
104580,0.456
104581,0.336
104599,0.224
104601,0.188
104608,0.294
104618,0.394
104619,0.706
104621,0.746
104624,0.356
104627,0.708
104633,0.336
104644,0.664
104654,0.218
104655,0.214
104656,0.16
104671,0.414
104672,0.238
104679,0.174
104681,0.216
104683,0.668
104687,0.19
104690,0.52
104691,0.414
104694,0.214
104696,0.814
104701,0.308
104703,0.544
104709,0.29
104717,0.186
104719,0.138
104721,0.318
104743,0.298
104744,0.544
104746,0.548
104767,0.238
104771,0.244
104772,0.256
104776,0.28
104778,0.358
104785,0.226
104791,0.21
104802,0.328
104803,0.178
104809,0.252
104814,0.382
104819,0.174
104820,0.544
104836,0.48
104846,0.354
104851,0.22
104854,0.428
104860,0.178
104875,0.24
104878,0.212
104880,0.302
104883,0.774
104895,0.552
104896,0.166
104905,0.292
104917,0.11
104922,0.23
104924,0.31
104928,0.416
104930,0.246
104932,0.248
104938,0.3
104948,0.326
104950,0.27
104954,0.216
104956,0.286
104957,0.248
104959,0.188
104966,0.214
104969,0.22
104973,0.272
104975,0.286
104980,0.308
104988,0.312
104989,0.504
104990,0.442
104997,0.344
105012,0.16
105015,0.33
105019,0.222
105023,0.19
105025,0.244
105028,0.194
105029,0.222
105031,0.17
105033,0.216
105034,0.174
105044,0.142
105072,0.378
105073,0.352
105075,0.162
105077,0.224
105078,0.544
105094,0.138
105100,0.17
105106,0.39
105109,0.18
105110,0.272
105113,0.422
105114,0.714
105117,0.188
105119,0.336
105122,0.236
105124,0.546
105125,0.698
105133,0.77
105136,0.502
105140,0.376
105148,0.242
105151,0.296
105153,0.854
105155,0.804
105158,0.912
105160,0.3
105166,0.31
105167,0.388
105170,0.258
105183,0.348
105198,0.356
105203,0.398
105214,0.528
105215,0.506
105218,0.164
105222,0.266
105224,0.178
105226,0.462
105229,0.286
105241,0.4
105243,0.532
105247,0.756
105260,0.56
105261,0.238
105273,0.16
105275,0.448
105276,0.258
105278,0.142
105281,0.266
105287,0.716
105293,0.794
105294,0.842
105297,0.428
105302,0.306
105305,0.238
105308,0.286
105309,0.596
105310,0.318
105322,0.27
105329,0.322
105331,0.298
105332,0.418
105339,0.262
105346,0.632
105348,0.796
105352,0.852
105358,0.566
105365,0.57
105371,0.86
105373,0.886
105375,0.704
105377,0.942
105386,0.954
105394,0.438
105395,0.2
105406,0.97
105410,0.406
105412,0.664
105424,0.276
105426,0.706
105428,0.642
105439,0.348
105451,0.208
105461,0.306
105476,0.206
105477,0.254
105479,0.356
105485,0.348
105493,0.35
105497,0.666
105501,0.252
105502,0.322
105507,0.282
105538,0.488
105558,0.33
105560,0.64
105561,0.616
105564,0.342
105568,0.328
105572,0.202
105577,0.156
105590,0.174
105592,0.142
105595,0.224
105597,0.552
105600,0.192
105603,0.208
105604,0.202
105610,0.178
105612,0.288
105614,0.288
105626,0.246
105629,0.656
105631,0.272
105636,0.302
105654,0.322
105657,0.368
105660,0.372
105663,0.362
105670,0.334
105672,0.306
105673,0.566
105683,0.218
105688,0.504
105697,0.26
105699,0.646
105708,0.66
105716,0.312
105717,0.298
105723,0.216
105732,0.44
105744,0.228
105751,0.212
105752,0.162
105754,0.256
105761,0.386
105770,0.286
105773,0.394
105778,0.494
105787,0.188
105794,0.336
105807,0.18
105811,0.142
105818,0.126
105820,0.196
105821,0.264
105824,0.138
105829,0.148
105833,0.188
105839,0.162
105853,0.328
105854,0.076
105867,0.19
105871,0.324
105872,0.292
105880,0.476
105882,0.646
105884,0.792
105888,0.752
105891,0.82
105892,0.768
105893,0.75
105895,0.75
105899,0.732
105914,0.444
105927,0.474
105928,0.646
105931,0.96
105933,0.97
105944,0.566
105955,0.93
105957,0.866
105969,0.97
105976,0.842
105979,0.914
105981,0.978
105984,0.98
105990,0.99
105995,0.474
105996,0.404
106008,0.444
106012,0.456
106013,0.444
106020,0.404
106021,0.394
106030,0.068
106035,0.488
106040,0.442
106041,0.376
106045,0.324
106046,0.204
106050,0.692
106051,0.728
106062,0.288
106077,0.268
106084,0.388
106090,0.27
106092,0.322
106093,0.848
106096,0.878
106108,0.162
106114,0.876
106125,0.828
106126,0.904
106142,0.386
106157,0.334
106161,0.638
106168,0.266
106172,0.488
106177,0.426
106178,0.206
106179,0.272
106183,0.37
106186,0.238
106188,0.45
106193,0.75
106201,0.918
106203,0.968
106207,0.938
106208,0.968
106212,0.764
106217,0.948
106218,0.924
106222,0.382
106223,0.484
106228,0.942
106230,0.914
106242,0.966
106243,0.964
106246,0.486
106249,0.806
106251,0.9
106253,0.946
106262,0.98
106264,0.964
106270,0.988
106271,0.974
106272,0.846
106276,0.988
106283,0.968
106286,0.992
106293,0.506
106297,0.848
106299,0.914
106305,0.97
106320,0.96
106325,0.966
106328,0.96
106330,0.972
106332,0.994
106338,0.964
106339,0.976
106342,0.936
106344,0.884
106350,0.896
106357,0.996
106369,0.422
106394,0.228
106395,0.334
106399,0.106
106403,0.286
106404,0.298
106406,0.176
106409,0.176
106411,0.416
106416,0.2
106419,0.44
106420,0.302
106431,0.182
106432,0.302
106434,0.656
106439,0.226
106444,0.39
106446,0.492
106450,0.252
106453,0.404
106455,0.546
106469,0.192
106470,0.358
106478,0.284
106482,0.33
106484,0.238
106485,0.202
106487,0.24
106491,0.226
106493,0.236
106499,0.38
106516,0.216
106518,0.288
106519,0.25
106529,0.284
106535,0.534
106536,0.458
106543,0.298
106546,0.328
106549,0.192
106560,0.126
106565,0.244
106570,0.386
106580,0.238
106593,0.254
106599,0.432
106600,0.158
106606,0.212
106607,0.302
106619,0.338
106623,0.256
106624,0.346
106626,0.1
106628,0.298
106630,0.314
106632,0.192
106635,0.214
106636,0.396
106640,0.246
106641,0.638
106643,0.358
106646,0.354
106649,0.546
106653,0.162
106661,0.244
106662,0.692
106665,0.204
106666,0.21
106679,0.326
106683,0.27
106685,0.432
106689,0.172
106693,0.346
106696,0.646
106700,0.372
106705,0.312
106706,0.33
106707,0.232
106711,0.376
106712,0.564
106713,0.458
106739,0.268
106742,0.292
106752,0.314
106758,0.534
106761,0.526
106762,0.864
106763,0.96
106766,0.914
106770,0.946
106773,0.972
106774,0.982
106777,0.96
106782,0.988
106800,0.524
106799,0.832
106805,0.93
106807,0.936
106814,0.936
106818,0.946
106817,0.962
106821,0.918
106837,0.98
106845,0.974
106840,0.93
106844,0.974
106851,0.966
106850,0.99
106848,0.958
106858,0.884
106862,0.982
106866,0.982
106868,0.988
106871,0.94
106889,0.962
106891,0.974
106894,0.988
106903,0.988
106905,0.976
106906,0.962
106918,0.962
106922,0.79
106924,0.32
106928,0.578
106931,0.866
106940,0.87
106945,0.904
106949,0.942
106956,0.948
106966,0.238
106967,0.232
106969,0.272
106979,0.386
106996,0.446
107012,0.86
107013,0.9
107020,0.878
107023,0.988
107022,0.948
107034,0.342
107043,0.898
107049,0.888
107052,0.736
107054,0.112
107057,0.912
107058,0.954
107064,0.938
107068,0.934
107072,0.818
107071,0.982
107073,0.78
107081,0.978
107087,0.966
107088,0.988
107090,0.99
107091,0.996
107092,0.986
107095,0.184
107102,0.87
107107,0.85
107112,0.946
107117,0.908
107129,0.966
107134,0.974
107154,0.994
107156,0.96
107158,0.986
107164,0.996
107170,0.972
107181,0.966
107185,0.856
107187,0.984
107190,0.996
107191,1.0
107194,0.99
107196,0.994
107198,0.914
107203,0.998
107207,0.992
107214,0.998
107213,0.99
107216,1.0
107223,0.99
107224,0.998
107226,0.988
107229,0.994
107230,1.0
107234,1.0
107238,1.0
107252,0.994
107262,0.992
107274,0.304
107278,0.48
107279,0.454
107280,0.154
107285,0.24
107289,0.506
107290,0.496
107293,0.908
107298,0.91
107299,0.864
107307,0.952
107312,0.996
107320,0.984
107324,0.992
107322,0.98
107335,0.814
107342,0.994
107346,0.994
107348,0.97
107351,0.996
107365,0.98
107364,0.976
107366,0.332
107373,0.298
107377,0.208
107378,0.328
107391,0.306
107392,0.584
107393,0.298
107398,0.254
107401,0.302
107407,0.332
107410,0.288
107422,0.31
107427,0.528
107428,0.32
107439,0.108
107442,0.25
107443,0.336
107447,0.37
107455,0.31
107456,0.18
107461,0.254
107462,0.296
107463,0.21
107464,0.21
107470,0.272
107471,0.53
107472,0.166
107475,0.272
107499,0.21
107500,0.292
107508,0.192
107510,0.336
107512,0.21
107530,0.474
107543,0.804
107542,0.934
107545,0.966
107546,0.974
107549,0.968
107550,0.78
107556,0.99
107555,0.986
107558,0.944
107557,0.992
107560,0.984
107567,0.856
107571,0.802
107575,0.988
107581,0.982
107589,0.302
107590,0.516
107594,0.086
107597,0.072
107600,0.206
107604,0.1
107605,0.246
107607,0.164
107609,0.328
107611,0.462
107616,0.598
107643,0.402
107644,0.746
107664,0.436
107667,0.376
107675,0.422
107679,0.26
107702,0.402
107703,0.21
107705,0.598
107712,0.312
107717,0.338
107721,0.342
107725,0.342
107733,0.328
107735,0.246
107737,0.204
107745,0.298
107753,0.426
107757,0.432
107760,0.44
107775,0.266
107784,0.306
107786,0.594
107795,0.354
107797,0.216
107798,0.396
107801,0.23
107815,0.192
107833,0.276
107840,0.532
107841,0.276
107848,0.422
107849,0.654
107853,0.26
107854,0.46
107855,0.364
107857,0.392
107859,0.548
107866,0.618
107872,0.29
107875,0.24
107880,0.374
107886,0.272
107889,0.338
107891,0.542
107892,0.564
107908,0.204
107909,0.384
107913,0.166
107928,0.354
107936,0.116
107945,0.2
107950,0.12
107960,0.38
107962,0.178
107975,0.266
107977,0.324
107985,0.382
107987,0.328
108000,0.292
108002,0.268
108003,0.58
108008,0.314
108016,0.18
108021,0.318
108032,0.274
108038,0.336
108039,0.404
108042,0.338
108045,0.78
108049,0.82
108051,0.31
108059,0.13
108060,0.128
108063,0.44
108077,0.398
108078,0.388
108079,0.788
108098,0.272
108100,0.25
108102,0.116
108111,0.182
108117,0.188
108122,0.258
108128,0.166
108131,0.37
108142,0.418
108145,0.844
108143,0.936
108152,0.9
108156,0.98
108163,0.08
108167,0.796
108171,0.868
108203,0.64
108201,0.566
108211,0.736
108220,0.966
108228,0.954
108227,0.968
108230,0.916
108237,0.992
108253,0.478
108262,0.8
108267,0.448
108280,0.43
108281,0.294
108286,0.354
108289,0.538
108291,0.45
108306,0.524
108310,0.402
108318,0.528
108319,0.66
108320,0.81
108331,0.306
108333,0.744
108334,0.728
108351,0.266
108352,0.6
108354,0.306
108358,0.486
108362,0.242
108373,0.312
108375,0.76
108377,0.764
108383,0.146
108388,0.214
108391,0.19
108397,0.168
108399,0.262
108401,0.208
108402,0.218
108403,0.842
108408,0.808
108409,0.816
108411,0.278
108429,0.278
108431,0.22
108433,0.304
108434,0.256
108438,0.262
108450,0.232
108462,0.4
108466,0.24
108472,0.232
108476,0.244
108477,0.372
108478,0.236
108494,0.252
108495,0.764
108498,0.288
108499,0.374
108502,0.228
108503,0.548
108508,0.426
108512,0.224
108514,0.54
108527,0.46
108528,0.578
108547,0.31
108555,0.358
108554,0.754
108559,0.404
108560,0.838
108566,0.928
108569,0.894
108585,0.894
108591,0.932
108595,0.956
108603,0.272
108612,0.252
108622,0.298
108625,0.278
108628,0.35
108630,0.426
108646,0.178
108649,0.488
108651,0.17
108659,0.368
108661,0.216
108664,0.292
108672,0.44
108675,0.456
108676,0.534
65890,0.866
65906,0.444
65914,0.47
65917,0.58
65918,0.442
65923,0.35
65927,0.298
65932,0.252
65939,0.382
65940,0.332
65941,0.234
65942,0.276
65943,0.746
65956,0.688
65965,0.312
65973,0.818
65980,0.208
65981,0.524
65987,0.476
65992,0.56
65995,0.32
65998,0.644
66002,0.228
66005,0.29
66011,0.37
66012,0.43
66019,0.402
66021,0.41
66027,0.358
66032,0.276
66037,0.628
66044,0.826
66048,0.392
66059,0.218
66064,0.362
66075,0.356
66078,0.314
66086,0.504
66093,0.738
66101,0.808
66108,0.466
66117,0.174
66125,0.266
66131,0.39
66134,0.704
66141,0.75
66156,0.424
66164,0.504
66167,0.676
66169,0.728
66176,0.836
66179,0.898
66182,0.896
66185,0.556
66193,0.352
66197,0.176
66203,0.222
66206,0.166
66212,0.22
66217,0.194
66228,0.214
66236,0.178
66238,0.356
66242,0.264
66250,0.268
66270,0.258
66276,0.32
66291,0.412
66298,0.344
66312,0.29
66314,0.744
66318,0.9
66320,0.684
66344,0.364
66348,0.314
66350,0.732
66351,0.384
66353,0.302
66370,0.264
66380,0.422
66381,0.372
66383,0.376
66385,0.78
66397,0.23
66400,0.122
66426,0.154
66435,0.262
66436,0.248
66437,0.458
66439,0.354
66441,0.572
66443,0.388
66445,0.384
66451,0.368
66472,0.25
66475,0.562
66479,0.872
66486,0.744
66493,0.194
66498,0.35
66501,0.426
66510,0.222
66518,0.226
66519,0.346
66520,0.268
66537,0.294
66543,0.36
66545,0.382
66546,0.432
66566,0.102
66568,0.058
66571,0.06
66572,0.494
66576,0.592
66578,0.052
66580,0.05
66584,0.172
66586,0.124
66590,0.156
66596,0.054
66597,0.064
66599,0.198
66613,0.476
66614,0.082
66615,0.112
66619,0.11
66629,0.146
66630,0.088
66633,0.112
66639,0.078
66650,0.164
66654,0.114
66657,0.18
66668,0.33
66669,0.396
66672,0.36
66674,0.288
66676,0.318
66688,0.216
66691,0.248
66703,0.352
66710,0.36
66716,0.464
66718,0.826
66723,0.916
66729,0.93
66738,0.412
66742,0.506
66747,0.456
66751,0.394
66754,0.276
66756,0.344
66758,0.216
66761,0.224
66763,0.206
66765,0.19
66770,0.356
66775,0.242
66810,0.392
66814,0.248
66815,0.368
66821,0.596
66822,0.348
66824,0.31
66828,0.17
66841,0.304
66842,0.24
66844,0.32
66845,0.412
66847,0.312
66853,0.346
66854,0.53
66855,0.266
66859,0.36
66860,0.394
66866,0.256
66869,0.294
66872,0.426
66877,0.23
66882,0.158
66884,0.21
66885,0.34
66886,0.366
66890,0.348
66891,0.188
66892,0.45
66895,0.282
66901,0.156
66908,0.288
66915,0.236
66925,0.21
66935,0.284
66937,0.238
66938,0.146
66944,0.156
66951,0.21
66956,0.496
66962,0.272
66964,0.518
66971,0.434
66980,0.222
66989,0.336
66990,0.354
67001,0.516
67005,0.302
67008,0.178
67009,0.208
67013,0.176
67023,0.3
67028,0.44
67035,0.416
67038,0.34
67039,0.368
67041,0.396
67043,0.348
67044,0.252
67047,0.34
67058,0.258
67081,0.19
67085,0.34
67087,0.318
67088,0.674
67091,0.516
67092,0.578
67095,0.368
67097,0.2
67099,0.212
67106,0.296
67108,0.366
67115,0.376
67122,0.29
67128,0.334
67131,0.314
67135,0.45
67149,0.262
67160,0.39
67164,0.834
67175,0.818
67181,0.362
67185,0.174
67189,0.32
67194,0.076
67199,0.148
67202,0.286
67206,0.142
67207,0.144
67217,0.17
67223,0.144
67228,0.426
67229,0.456
67231,0.182
67239,0.454
67244,0.606
67246,0.376
67249,0.278
67250,0.31
67263,0.526
67271,0.29
67276,0.398
67278,0.618
67282,0.802
67284,0.528
67285,0.428
67290,0.16
67310,0.254
67317,0.124
67319,0.162
67323,0.342
67325,0.212
67330,0.354
67334,0.318
67336,0.466
67337,0.346
67338,0.356
67344,0.39
67349,0.198
67351,0.538
67354,0.262
67359,0.45
67362,0.612
67368,0.386
67370,0.336
67374,0.406
67375,0.764
67385,0.364
67388,0.156
67397,0.21
67405,0.332
67423,0.4
67431,0.308
67432,0.42
67437,0.754
67442,0.852
67444,0.474
67449,0.482
67456,0.496
67457,0.382
67460,0.286
67473,0.346
67474,0.51
67482,0.314
67484,0.386
67488,0.248
67489,0.626
67490,0.362
67491,0.31
67492,0.582
67495,0.452
67499,0.466
67504,0.232
67516,0.462
67521,0.182
67524,0.614
67526,0.902
67525,0.88
67527,0.872
67532,0.906
67533,0.926
67536,0.914
67537,0.874
67538,0.544
67540,0.372
67543,0.648
67544,0.636
67551,0.296
67554,0.464
67564,0.268
67570,0.198
67572,0.502
67574,0.352
67581,0.462
67585,0.33
67591,0.288
67595,0.572
67598,0.216
67601,0.232
67602,0.412
67604,0.358
67605,0.338
67606,0.416
67612,0.24
67616,0.492
67624,0.354
67631,0.504
67637,0.344
67638,0.284
67643,0.304
67649,0.294
67656,0.402
67659,0.222
67665,0.484
67666,0.656
67671,0.87
67676,0.774
67679,0.222
67680,0.348
67681,0.468
67682,0.382
67693,0.542
67703,0.482
67711,0.154
67713,0.24
67725,0.288
67727,0.172
67732,0.564
67762,0.366
67764,0.23
67765,0.774
67768,0.482
67771,0.194
67773,0.772
67777,0.16
67778,0.098
67783,0.262
67786,0.076
67788,0.208
67789,0.124
67792,0.244
67796,0.166
67797,0.294
67801,0.328
67806,0.348
67807,0.324
67811,0.374
67812,0.206
67825,0.372
67828,0.434
67829,0.276
67832,0.26
67833,0.424
67837,0.612
67841,0.574
67843,0.188
67847,0.268
67848,0.482
67856,0.296
67857,0.206
67860,0.244
67861,0.252
67867,0.324
67868,0.462
67869,0.28
67882,0.178
67885,0.218
67886,0.326
67887,0.224
67893,0.45
67894,0.44
67917,0.566
67928,0.178
67935,0.232
67936,0.322
67941,0.258
67943,0.244
67945,0.418
67964,0.354
67971,0.334
67972,0.316
67975,0.24
67976,0.288
67978,0.166
67982,0.256
67985,0.4
67988,0.208
67989,0.412
67992,0.202
67995,0.386
67999,0.152
68010,0.264
68021,0.192
68035,0.398
68040,0.422
68046,0.486
68049,0.312
68054,0.39
68060,0.31
68071,0.306
68085,0.268
68088,0.374
68091,0.308
68092,0.52
68093,0.25
68097,0.812
68098,0.504
68103,0.38
68106,0.416
68110,0.154
68112,0.388
68115,0.734
68117,0.72
68128,0.364
68130,0.496
68133,0.344
68144,0.352
68158,0.474
68169,0.442
68176,0.396
68187,0.366
68188,0.846
68192,0.784
68197,0.414
68203,0.408
68204,0.45
68214,0.394
68215,0.452
68221,0.39
68222,0.46
68229,0.388
68230,0.68
68233,0.33
68242,0.588
68243,0.732
68251,0.324
68258,0.282
68263,0.592
68265,0.376
68267,0.43
68285,0.432
68290,0.422
68298,0.318
68301,0.296
68304,0.8
68306,0.69
68309,0.328
68310,0.592
68317,0.37
68331,0.362
68332,0.784
68333,0.786
68348,0.46
68353,0.418
68354,0.804
68356,0.92
68360,0.722
68364,0.3
68381,0.458
68382,0.404
68388,0.346
68392,0.376
68394,0.42
68395,0.336
68402,0.272
68403,0.272
68406,0.408
68407,0.466
68412,0.612
68415,0.414
68417,0.11
68418,0.284
68421,0.238
68422,0.324
68423,0.648
68436,0.446
68447,0.358
68451,0.266
68453,0.45
68457,0.176
68460,0.126
68462,0.384
68463,0.192
68466,0.584
68488,0.276
68490,0.228
68493,0.39
68498,0.406
68499,0.398
68509,0.406
68513,0.302
68514,0.26
68520,0.414
68521,0.168
68522,0.238
68539,0.6
68547,0.526
68553,0.758
68554,0.834
68557,0.53
68563,0.582
68568,0.656
68572,0.688
68573,0.658
68581,0.348
68588,0.42
68589,0.202
68592,0.406
68594,0.316
68597,0.454
68601,0.238
68603,0.23
68604,0.162
68607,0.412
68608,0.496
68609,0.454
68632,0.278
68633,0.498
68634,0.718
68635,0.658
68652,0.51
68653,0.458
68656,0.238
68659,0.648
68660,0.736
68661,0.754
68668,0.262
68674,0.482
68677,0.344
68678,0.39
68690,0.42
68692,0.582
68701,0.148
68718,0.482
68719,0.06
68727,0.04
68729,0.06
68734,0.046
68736,0.06
68739,0.036
68740,0.124
68748,0.036
68767,0.036
68781,0.092
68784,0.032
68785,0.03
68790,0.076
68791,0.062
68799,0.016
68831,0.034
68840,0.046
68842,0.028
68858,0.058
68863,0.064
68866,0.066
68873,0.01
68901,0.346
68905,0.368
68922,0.086
68924,0.202
68938,0.106
68942,0.1
68943,0.382
68944,0.072
68948,0.078
68952,0.098
68953,0.078
68960,0.06
68961,0.152
68972,0.064
68973,0.154
68974,0.108
68975,0.192
68982,0.108
68985,0.106
68988,0.088
68991,0.11
68999,0.092
69012,0.482
69014,0.676
69022,0.836
69024,0.254
69026,0.706
69028,0.73
69033,0.278
69037,0.336
69039,0.358
69049,0.478
69052,0.208
69054,0.404
69055,0.682
69063,0.302
69064,0.728
69065,0.772
69074,0.29
69077,0.648
69084,0.372
69093,0.362
69096,0.244
69099,0.324
69105,0.692
69106,0.22
69107,0.618
69117,0.336
69120,0.348
69124,0.454
69127,0.412
69128,0.59
69129,0.74
69131,0.728
69135,0.242
69143,0.28
69146,0.34
69147,0.322
69150,0.52
69151,0.834
69152,0.542
69155,0.504
69156,0.386
69158,0.772
69159,0.564
69163,0.426
69165,0.692
69169,0.352
69173,0.314
69177,0.178
69179,0.184
69196,0.36
69205,0.182
69206,0.23
69209,0.16
69211,0.774
69216,0.118
69219,0.214
69223,0.112
69224,0.516
69225,0.314
69234,0.23
69243,0.232
69247,0.606
69251,0.86
69269,0.386
69271,0.306
69272,0.462
69276,0.882
69282,0.19
69284,0.322
69295,0.472
69298,0.482
69301,0.2
69304,0.424
69306,0.156
69313,0.338
69316,0.49
69322,0.416
69328,0.206
69331,0.2
69332,0.284
69339,0.462
69347,0.358
69349,0.656
69352,0.252
69356,0.468
69357,0.29
69373,0.446
69380,0.188
69381,0.362
69383,0.594
69394,0.258
69400,0.43
69401,0.43
69409,0.444
69413,0.4
69415,0.42
69424,0.188
69427,0.546
69432,0.326
69434,0.388
69435,0.292
69440,0.476
69448,0.374
69455,0.244
69458,0.176
69459,0.32
69461,0.702
69478,0.336
69491,0.286
69494,0.308
69506,0.284
69513,0.406
69521,0.174
69528,0.162
69533,0.254
69544,0.254
69547,0.176
69551,0.22
69555,0.146
69556,0.182
69565,0.152
69568,0.226
69580,0.384
69583,0.37
69584,0.584
69585,0.748
69593,0.476
69595,0.69
69598,0.868
69601,0.902
69603,0.884
69602,0.832
69609,0.906
69612,0.748
69611,0.902
69639,0.958
69643,0.924
69647,0.924
69646,0.81
69654,0.914
69657,0.938
69667,0.412
69670,0.864
69674,0.788
69676,0.904
69681,0.854
69683,0.908
69685,0.956
69701,0.648
69705,0.934
69710,0.922
69738,0.952
69740,0.932
69741,0.916
69743,0.954
69756,0.966
69760,0.956
69770,0.96
69772,0.83
69780,0.952
69781,0.932
69785,0.972
69788,0.984
69794,0.498
69797,0.272
69798,0.168
69799,0.616
69802,0.102
69804,0.178
69810,0.292
69818,0.522
69823,0.512
69826,0.716
69831,0.48
69833,0.282
69841,0.168
69843,0.306
69854,0.242
69856,0.524
69859,0.476
69860,0.384
69862,0.832
69863,0.888
69865,0.59
69867,0.73
69870,0.882
69871,0.808
69873,0.414
69880,0.404
69883,0.34
69887,0.204
69888,0.374
69892,0.172
69894,0.354
69895,0.224
69899,0.272
69905,0.328
69920,0.336
69923,0.804
69936,0.46
69945,0.266
69950,0.238
69951,0.66
69953,0.614
69954,0.412
69955,0.522
69956,0.352
69969,0.336
69971,0.456
69972,0.188
69977,0.252
69979,0.68
69980,0.424
69985,0.236
69992,0.212
69995,0.226
70008,0.352
70009,0.82
70023,0.678
70030,0.428
70034,0.572
70045,0.532
70055,0.864
70068,0.346
70076,0.214
70078,0.236
70082,0.252
70086,0.146
70087,0.25
70088,0.65
70091,0.726
70099,0.562
70106,0.262
70110,0.378
70111,0.218
70112,0.384
70118,0.328
70120,0.694
70122,0.712
70125,0.564
70134,0.252
70136,0.434
70139,0.76
70140,0.798
70150,0.436
70159,0.408
70163,0.728
70168,0.256
70175,0.404
70182,0.354
70183,0.532
70195,0.458
70199,0.422
70204,0.38
70211,0.398
70212,0.342
70215,0.078
70221,0.494
70225,0.2
70240,0.71
70247,0.424
70258,0.322
70262,0.328
70267,0.228
70268,0.462
70270,0.728
70272,0.658
70278,0.458
70280,0.324
70287,0.402
70289,0.354
70295,0.304
70299,0.272
70304,0.398
70305,0.43
70310,0.17
70312,0.038
70314,0.152
70326,0.258
70329,0.214
70333,0.376
70335,0.134
70340,0.228
70343,0.21
70344,0.334
70345,0.392
70360,0.472
70362,0.854
70365,0.946
70367,0.68
70369,0.182
70370,0.716
70376,0.352
70379,0.25
70381,0.23
70392,0.128
70395,0.194
70397,0.706
70402,0.21
70422,0.606
70435,0.358
70447,0.23
70451,0.246
70452,0.59
70453,0.152
70454,0.306
70461,0.214
70462,0.622
70465,0.296
70468,0.134
70479,0.252
70486,0.202
70490,0.3
70491,0.43
70494,0.288
70495,0.722
70500,0.766
70502,0.82
70504,0.9
70506,0.834
70508,0.282
70513,0.188
70516,0.274
70525,0.52
70528,0.484
70529,0.436
70550,0.292
70551,0.52
70566,0.448
70567,0.436
70572,0.316
70573,0.566
70577,0.31
70578,0.656
70580,0.542
70583,0.23
70593,0.31
70618,0.28
70631,0.24
70632,0.322
70634,0.256
70639,0.276
70640,0.254
70642,0.28
70646,0.33
70648,0.3
70650,0.206
70654,0.22
70657,0.3
70661,0.386
70672,0.568
70674,0.568
70677,0.254
70680,0.424
70683,0.43
70686,0.318
70689,0.744
70692,0.832
70694,0.858
70698,0.798
70702,0.334
70703,0.5
70706,0.178
70708,0.216
70710,0.204
70711,0.232
70718,0.594
70725,0.33
70736,0.398
70740,0.328
70749,0.244
70753,0.342
70761,0.342
70763,0.53
70767,0.486
70785,0.53
70803,0.22
70808,0.45
70811,0.166
70824,0.274
70830,0.152
70832,0.308
70835,0.282
70842,0.156
70854,0.524
70857,0.31
70858,0.736
70874,0.25
70875,0.198
70881,0.276
70883,0.428
70886,0.304
70890,0.47
70898,0.278
70900,0.224
70901,0.466
70908,0.434
70912,0.832
70913,0.868
70914,0.934
70917,0.886
70920,0.906
70923,0.914
70924,0.906
70928,0.974
70926,0.946
70934,0.988
70938,0.966
70946,0.986
70947,0.966
70955,0.962
70956,0.94
70958,0.548
70960,0.516
70961,0.872
70962,0.45
70963,0.244
70965,0.09
70974,0.108
70975,0.162
70977,0.088
70981,0.838
70984,0.91
70988,0.19
70989,0.248
70993,0.628
71002,0.872
71006,0.644
71013,0.084
71014,0.246
71026,0.21
71027,0.312
71029,0.728
71035,0.2
71037,0.204
71048,0.184
71051,0.368
71061,0.436
71070,0.546
71072,0.748
71080,0.402
71085,0.388
71098,0.402
71113,0.32
71115,0.27
71124,0.36
71126,0.246
71127,0.202
71141,0.33
71146,0.11
71154,0.468
71156,0.376
71167,0.556
71174,0.224
71185,0.376
71193,0.3
71194,0.3
71197,0.426
71202,0.482
71206,0.242
71208,0.356
71216,0.23
71221,0.348
71225,0.448
71235,0.202
71243,0.208
71252,0.268
71254,0.252
71274,0.144
71277,0.466
71282,0.174
71285,0.258
71286,0.216
71293,0.396
71296,0.75
71301,0.828
71306,0.236
71310,0.28
71316,0.136
71318,0.19
71329,0.404
71334,0.388
71335,0.276
71337,0.53
71338,0.682
71341,0.658
71363,0.238
71364,0.63
71371,0.3
71379,0.502
71380,0.31
71383,0.55
71386,0.292
71405,0.26
71406,0.146
71407,0.19
71409,0.266
71417,0.17
71420,0.088
71421,0.202
71429,0.2
71432,0.176
71442,0.18
71454,0.2
71460,0.09
71463,0.47
71467,0.198
71484,0.088
71501,0.202
71510,0.528
71517,0.356
71518,0.384
71520,0.266
71527,0.252
71530,0.384
71535,0.286
71543,0.246
71548,0.352
71555,0.362
71564,0.352
71568,0.326
71571,0.464
71574,0.182
71576,0.364
71589,0.218
71597,0.232
71598,0.484
71599,0.452
71605,0.184
71607,0.792
71634,0.202
71637,0.696
71638,0.756
71641,0.172
71642,0.338
71646,0.478
71648,0.486
71650,0.25
71656,0.248
71665,0.538
71666,0.652
71675,0.21
71677,0.526
71687,0.186
71690,0.276
71695,0.146
71707,0.226
71709,0.68
71711,0.298
71712,0.4
71715,0.37
71716,0.516
71718,0.282
71730,0.448
71739,0.35
71741,0.78
71753,0.124
71755,0.148
71759,0.088
71764,0.064
71785,0.288
71787,0.284
71797,0.304
71798,0.428
71804,0.348
71805,0.212
71807,0.326
71812,0.174
71817,0.288
71816,0.5
71821,0.768
71834,0.2
71842,0.168
71863,0.206
71868,0.284
71871,0.146
71874,0.188
71883,0.244
71885,0.25
71887,0.23
71888,0.426
71892,0.404
71896,0.292
71897,0.35
71899,0.426
71903,0.188
71904,0.32
71909,0.43
71912,0.46
71911,0.65
71915,0.28
71917,0.114
71918,0.26
71919,0.056
71922,0.15
71923,0.332
71925,0.072
71926,0.09
71927,0.208
71932,0.074
71934,0.152
71937,0.112
71938,0.122
71947,0.1
71955,0.088
71959,0.118
71961,0.128
71967,0.15
71971,0.09
71975,0.388
71977,0.218
71995,0.234
72000,0.258
72002,0.246
72025,0.496
72026,0.316
72028,0.254
72030,0.18
72034,0.26
72038,0.146
72039,0.466
72040,0.296
72046,0.14
72048,0.394
72051,0.302
72052,0.274
72057,0.25
72058,0.264
72061,0.56
72088,0.142
72093,0.132
72103,0.226
72115,0.326
72122,0.248
72124,0.344
72129,0.206
72130,0.398
72148,0.45
72150,0.2
72154,0.19
72156,0.332
72160,0.144
72184,0.41
72188,0.338
72202,0.292
72204,0.852
72210,0.37
72212,0.616
72213,0.16
72218,0.128
72219,0.216
72225,0.42
72226,0.706
72233,0.114
72234,0.144
72250,0.124
72251,0.776
72254,0.418
72263,0.406
72269,0.18
72281,0.212
72287,0.502
72297,0.726
72303,0.512
72318,0.292
72320,0.342
72323,0.526
72325,0.518
72327,0.808
72335,0.208
72337,0.236
72341,0.212
72347,0.13
72360,0.248
72364,0.27
72367,0.33
72368,0.74
72369,0.354
72375,0.612
72376,0.44
72379,0.748
72382,0.44
72398,0.282
72403,0.264
72410,0.718
72413,0.314
72419,0.394
72426,0.362
72431,0.408
72434,0.716
72436,0.838
72443,0.384
72448,0.218
72459,0.298
72462,0.35
72464,0.27
72467,0.58
72471,0.568
72478,0.256
72485,0.412
72486,0.474
72500,0.16
72502,0.132
72504,0.204
72505,0.274
72511,0.444
72512,0.768
72521,0.296
72526,0.18
72547,0.49
72548,0.84
72549,0.764
72552,0.324
72555,0.292
72565,0.282
72573,0.438
72577,0.252
72587,0.27
72594,0.17
72597,0.768
72598,0.424
72601,0.186
72604,0.77
72617,0.768
72620,0.242
72624,0.372
72636,0.424
72640,0.388
72649,0.288
72656,0.264
72660,0.334
72661,0.202
72663,0.338
72665,0.136
72689,0.39
72694,0.392
72695,0.196
72700,0.228
72703,0.67
72712,0.302
72713,0.706
72715,0.874
72716,0.848
72718,0.388
72722,0.404
72723,0.876
72726,0.668
72732,0.854
72746,0.218
72748,0.336
72750,0.624
72752,0.344
72758,0.272
72760,0.346
72764,0.192
72772,0.194
72780,0.23
72790,0.268
72791,0.596
72799,0.506
72807,0.518
72812,0.4
72814,0.186
72819,0.332
72822,0.438
72830,0.44
72831,0.504
72837,0.246
72844,0.404
72845,0.316
72846,0.352
72850,0.206
72854,0.298
72860,0.24
72862,0.314
72868,0.234
72870,0.218
72872,0.334
72877,0.358
72880,0.448
72885,0.672
72891,0.306
72893,0.248
72894,0.334
72896,0.628
72905,0.308
72909,0.308
72912,0.232
72913,0.428
72914,0.436
72918,0.304
72926,0.444
72933,0.748
72943,0.836
72948,0.85
72959,0.922
72970,0.816
72980,0.884
72985,0.964
72989,0.828
72990,0.86
72992,0.906
72995,0.95
72996,0.896
72997,0.976
73005,0.932
73020,0.926
73022,0.86
73024,0.974
73031,0.956
73033,0.98
73038,0.96
73052,0.884
73053,0.92
73055,0.944
73056,0.97
73059,0.942
73060,0.884
73062,0.66
73074,0.226
73082,0.378
73090,0.526
73097,0.386
73101,0.23
73103,0.334
73107,0.388
73112,0.204
73113,0.234
73118,0.25
73119,0.398
73125,0.256
73141,0.268
73145,0.784
73157,0.3
73166,0.282
73168,0.234
73174,0.242
73177,0.286
73180,0.156
73182,0.248
73184,0.604
73194,0.19
73195,0.16
73200,0.194
73206,0.32
73212,0.42
73213,0.458
73219,0.228
73220,0.584
73227,0.242
73234,0.25
73235,0.226
73238,0.236
73246,0.338
73250,0.384
73252,0.182
73258,0.194
73277,0.464
73280,0.236
73281,0.668
73297,0.258
73301,0.242
73302,0.212
73305,0.3
73311,0.144
73312,0.122
73314,0.106
73315,0.284
73316,0.256
73319,0.098
73326,0.11
73336,0.192
73341,0.186
73348,0.128
73350,0.1
73356,0.116
73360,0.144
73366,0.216
73369,0.28
73370,0.154
73375,0.338
73381,0.366
73384,0.438
73387,0.422
73405,0.25
73412,0.426
73415,0.408
73436,0.248
73450,0.376
73451,0.154
73453,0.46
73454,0.342
73461,0.248
73469,0.096
73479,0.396
73480,0.204
73485,0.472
73487,0.264
73488,0.298
73498,0.378
73505,0.254
73508,0.284
73523,0.284
73525,0.198
73528,0.328
73532,0.274
73551,0.376
73554,0.216
73562,0.298
73563,0.446
73571,0.174
73573,0.18
73587,0.424
73594,0.182
73596,0.118
73604,0.366
73607,0.214
73613,0.2
73617,0.186
73622,0.262
73624,0.438
73635,0.212
73637,0.266
73647,0.274
73652,0.384
73654,0.208
73655,0.36
73663,0.282
73664,0.472
73673,0.168
73687,0.354
73690,0.65
73691,0.648
73693,0.454
73695,0.22
73700,0.142
73702,0.352
73706,0.2
73710,0.136
73711,0.608
73714,0.232
73716,0.296
73724,0.308
73760,0.31
73762,0.478
73767,0.216
73771,0.16
73777,0.152
73778,0.178
73779,0.264
73796,0.232
73808,0.294
73810,0.152
73811,0.602
73812,0.512
73816,0.78
73822,0.204
73829,0.146
73839,0.268
73850,0.132
73855,0.244
73857,0.35
73858,0.28
73864,0.27
73871,0.288
73877,0.206
73893,0.23
73896,0.286
73904,0.118
73907,0.136
73911,0.278
73913,0.308
73919,0.152
73920,0.122
73924,0.218
73925,0.298
73927,0.272
73932,0.238
73933,0.208
73935,0.23
73941,0.384
73948,0.41
73966,0.358
73967,0.272
73969,0.576
73971,0.714
73977,0.208
73981,0.272
73982,0.164
73985,0.14
73987,0.116
74005,0.104
74009,0.348
74011,0.284
74018,0.178
74024,0.262
74030,0.136
74037,0.228
74042,0.196
74044,0.298
74050,0.174
74053,0.168
74066,0.16
74081,0.242
74082,0.25
74085,0.158
74094,0.192
74104,0.17
74112,0.152
74113,0.15
74117,0.228
74123,0.206
74124,0.634
74130,0.096
74146,0.138
74147,0.088
74148,0.206
74149,0.316
74151,0.082
74152,0.058
74154,0.102
74158,0.156
74164,0.322
74180,0.188
74182,0.176
74185,0.18
74186,0.184
74187,0.296
74190,0.17
74193,0.078
74198,0.09
74199,0.566
74201,0.658
74204,0.272
74205,0.38
74207,0.124
74217,0.208
74229,0.124
74231,0.15
74232,0.574
74237,0.328
74249,0.364
74254,0.166
74260,0.134
74263,0.282
74267,0.224
74274,0.476
74279,0.184
74280,0.264
74281,0.094
74285,0.192
74292,0.33
74302,0.21
74304,0.226
74307,0.518
74308,0.164
74309,0.664
74310,0.57
74312,0.132
74313,0.168
74316,0.168
74319,0.666
74320,0.672
74336,0.232
74344,0.338
74349,0.266
74350,0.318
74357,0.086
74361,0.134
74364,0.13
74391,0.298
74393,0.25
74396,0.242
74398,0.366
74406,0.358
74415,0.296
74421,0.304
74441,0.172
74442,0.218
74448,0.378
74449,0.61
74458,0.066
74459,0.2
74468,0.126
74469,0.17
74470,0.174
74472,0.152
74489,0.176
74491,0.128
74496,0.136
74497,0.162
74506,0.036
74508,0.03
74519,0.114
74520,0.114
74524,0.096
74529,0.644
74532,0.092
74534,0.896
74542,0.912
74543,0.912
74545,0.774
74549,0.958
74551,0.932
74557,0.942
74560,0.978
74561,0.976
74570,0.988
74577,0.958
74599,0.98
74601,0.978
74603,0.954
74608,0.512
74614,0.76
74623,0.912
74627,0.864
74631,0.884
74635,0.296
74636,0.344
74638,0.182
74640,0.304
74642,0.434
74645,0.238
74650,0.34
74652,0.128
74658,0.286
74660,0.294
74666,0.188
74678,0.26
74681,0.08
74684,0.584
74690,0.236
74708,0.124
74717,0.31
74718,0.316
74719,0.192
74720,0.174
74722,0.16
74728,0.296
74731,0.286
74739,0.298
74747,0.23
74749,0.18
74758,0.218
74763,0.512
74768,0.086
74789,0.038
74793,0.27
74804,0.212
74809,0.244
74811,0.152
74813,0.088
74816,0.148
74821,0.12
74826,0.272
74828,0.488
74829,0.26
74832,0.192
74840,0.288
74841,0.524
74844,0.654
74851,0.104
74857,0.348
74862,0.144
74867,0.336
74868,0.238
74880,0.14
74888,0.336
74898,0.176
74899,0.156
74900,0.404
74901,0.316
74902,0.618
