album_name,genre
24/seven,Unknown
Me Verás Volver (Hits & Más),Unknown
Risqué,Unknown
3er Arco,Unknown
Simpatico,Unknown
Da Art of War Make'm Hear a Noiz,Unknown
C'est Chic,Unknown
Presión,Unknown
Best Of,Unknown
Smoke + Mirrors,Unknown
Metallica,Unknown
Buscando un Amor,Unknown
"""Awaken, My Love!""",Unknown
Abre,Unknown
OK Computer,Unknown
Live Is Life,Unknown
Crying in the Club,Unknown
Spinetta y Las Bandas Eternas,Unknown
Atlantic Top 60: Sweat-Soaked Soul Classics,Unknown
Four,Unknown
Libertinaje,Unknown
I Am,Unknown
Bella,Unknown
Unapologetic,Unknown
Rio,Unknown
Rhino Hi-Five: Wilson Pickett,Unknown
A$AP,Unknown
Live! from the Cantina: A Star Wars Jazz Tribute,Unknown
C90,
Donde estabas tu... en el 93?,
27,
Goats Head Soup,
The Dark Side of the Moon,
Scary Pockets,
Songs From The Big Chair,
Linda,
1984,
Vivo,
"Pretty Boy, Dirty Boy",
Climbing!,
Best of 2017,
Don't Let Me Down,
Positiva Vibración,
Sin Culpa (feat. DrefQuila),
the afterglow,
Elija Y Gane,
Algo mejor,
Year 6,
Exodus,
Bad Blood,
Vida,
Evolve,
Confrontation,
Old Town Road,
The Razors Edge,
Talking Heads '77,
Hands All Over,
Hairspray (Original Motion Picture Soundtrack),
Californication,
A Funk Odyssey,
R-Kive,
Surfing With The Alien,
Cotton Eyed Joe,
Let It Bleed,
Homework,
#Ysya2020 Vol. 6 - Un Flow de Infarto,
Split (Only U),
The Wall,
El Amor Después del Amor,
CARAVANA,
Shape of You,
Confesiones De Invierno,
Nu Funk,
Kauai,
The Very Best Of Gloria Estefan (English Version),
Visperas De Carnaval,
El Otro,
Out Of Time,
The 50th Anniversary Collection,
Circo Beat,
The Essential Journey,
A Rush of Blood to the Head,
Sí o Sí - Diario del Rock Argentino - Sui Generis,
How Deep Is Your Love,
Crowded House,
Greatest,
Metal Fingers Presents: Special Herbs Vol. 5 & 6,
News Of The World,
Melodias Lokas,
By Your Side,
Jazz Profile: Duke Ellington,
Circles,
Version,
More Life,
Máquina de Sangre,
An Evening With Silk Sonic,
Yo No Quiero Volverme Tan Loco,
Un Bar En El Sur,
This Is Acting,
Summer 08,
Historias,
Get A Grip,
Locura,
Random Access Memories,
Honestidad Brutal,
V I N C E N T,
just ask,
Shakira!,
Night Visions,
Future Nostalgia,
Peperina,
Off the Wall,
Strange Fruits Music,
Electric Ladyland,
Artaud,
BEST INTEREST,
García 87/93,
My First Car,
Latina,
The Most Hated,
Dreams,
All The Best,
American Idiot,
"Aleman: Bzrp Music Sessions, Vol. 15",
Walking on Sunshine,
Oops!... I Did It Again,
Ratatouille,
RAW,
Come and Get Your Love,
Biting The Apple,
Si Te Sentis Sola,
Simply the Best,
High School Musical,
Arrival,
El Ritmo Mundial,
The Beatles 1967 - 1970,
Red Pill Blues,
La Grasa de las Capitales: Edición 40º Aniversario,
Eternal Youth,
Eye In The Sky (Expanded Edition),
G I R L,
Use Your Illusion I,
Toto IV,
Piano Bar,
Twin Fantasy,
Little Creatures,
Jessico,
Sublime,
Discovery,
Brothers In Arms,
Pink,
Views,
Achtung Baby,
Como Conseguir Chicas,
Pomplamoose Live,
Sun Is Shining,
De Fiesta,
H2O,
Meddle,
Pink Season,
Vasos Vacíos,
Nada Personal,
Hoy Se Chicha,
Slide (feat. Frank Ocean & Migos),
Portamento,
Honky Chateau,
Soundamerica,
Relax,
El León,
The Beat Goes On,
Tokyo Drift,
beerbongs & bentleys,
Obsesionario,
"Eladio Carrion: Bzrp Music Sessions, Vol. 40",
Déjala Que Vuelva (feat. Manuel Turizo),
33 Resolutions Per Minute,
(What's The Story) Morning Glory?,
Hot Pink,
Appetite For Destruction,
Rize of the Fenix,
"Kicking Television, Live in Chicago",
Chac Tu Chac,
Graceland (25th Anniversary Deluxe Edition),
ERROR,
La Mamá de la Mamá (feat. El Cherry Scom),
Tal Vez,
From The Fires,
The Search for Everything,
The Beatles,
El Calor del Pleno Invierno,
Come On Over,
IGOR,
The Best Of Men At Work: Contraband,
Peliculas,
RENT (Original Motion Picture Soundtrack),
Chinese Wall,
Toto,
Gold - The Best of Spandau Ballet,
Hasta la Raíz,
Una Cerveza,
Soy Cordobes,
The Essential Kenny Loggins,
Starboy,
Madura (feat. Bad Bunny),
The Best Of Me,
Alta Suciedad,
This Is America,
Illuminate,
Can't Hardly Wait,
Al Green Explores Your Mind,
Making Mirrors,
El cantante,
Los Abuelos De La Nada 2,
Ego Death (feat. Steve Vai),
Power Of Peace,
We Can't Dance,
By the Way,
Kaya,
Legend,
Funk Wav Bounces Vol.1,
Eagles Live,
OUKE,
Blurryface,
Angel Dust,
Tetra,
En Vivo,
Fort Atlantic,
X&Y,
Mode. Set. Clear.,
Andres,
Te Extraño,
Vamo Batê Lata - Paralamas Ao Vivo,
A Contraluz,
Mystic Love,
Rhino Hi-Five: Foghat,
Cosmic Thing,
Sheer Heart Attack,
The Incredibles,
El Bonaerense,
The Essential Billy Joel,
"Narigón del Siglo, Yo Te Dejo Perfumado en la Esquina para Siempre",
Recess,
Be Here Now,
Born In The U.S.A.,
Anthology 1970-1974,
Funeral,
Peluson Of Milk,
Pumped Up Kicks,
Self Control,
Power Station,
El Calor Del Pleno Invierno,
Raise!,
Songs Of Innocence,
The Man Who Invented Soul,
Kamikaze,
Sweet Dreams (Are Made Of This),
Dream Your Life Away,
Playing God,
Sueño Stereo,
Igot,
Serú Girán (Remasterizado 2021),
Please Hammer Don't Hurt 'Em,
Spirits Having Flown,
"Palabras más, palabras menos",
Motown 40 Forever,
Classic Lover Covers,
Believe,
ABBA Gold,
Scorpion,
French Kiwi Juice,
The Best Of Keane,
Greatest Vol.1 - Belinda Carlisle,
A Little Bit of Mambo,
Renaissance,
The Essential Michael Jackson,
Easy Star's Lonely Hearts Dub Band,
Mondo Di Cromo,
Un Mañana,
Hot Chocolate,
The Fearless Flyers,
Let Me Love You,
Cordero Atado,
Dookie,
Dua Lipa,
Tailwinds,
Recordándote,
Espejos,
El Álbum,
18 Months,
Take Off,
Suits (Original Television Soundtrack),
I'm the One,
Hannah Montana The Movie,
Santana's Greatest Hits,
Que Sea Rock,
A Night At The Opera,
Encore,
Chet Baker Sings,
Born To Die - The Paradise Edition,
Peace Is The Mission : Extended,
Parte De La Religion,
Physical Graffiti,
Lo Mejor de Pescado Rabioso,
Romantisísmico,
Native,
DANCE CRIP,
El Milagro Argentino,
Trench,
The Getaway,
Here I Go Again,
Aire De Todos - Antología 1984 - 1986,
Machine Head - 25th Anniversary Edition,
Mi Vida Loca,
"GIT, El Album",
The Maze,
The Fats Domino Jukebox: 20 Greatest Hits The Way You Originally Heard Them,
El 1er Álbum Más los Singles,
Upside Down,
Un Finde | CROSSOVER #2,
Villa In Ibiza (feat. Stevie Appleton),
FEEL ME??,
Hacer Un Puente,
Tribute to Famous People,
La Marcha Del Golazo Solitario,
Ten Summoner's Tales,
Because the Internet,
Word Up! (The Remixes),
La Voz de los '80 (Edición 30 Años),
The Music of Red Dead Redemption 2 (Original Score),
You Were on My Mind,
A Day At The Races,
FUTURE,
Duran Duran,
POST MORTEM,
Outlandos D'Amour,
Every Great Motown Hit Of Marvin Gaye,
Imagine Dragons,
El Templo del Pop,
Magical Mystery Tour,
In Through the out Door,
TUI,
Baglietto,
The Final Cut,
The Head On The Door,
Layla And Other Assorted Love Songs,
...Nothing Like The Sun,
Morning View,
A Momentary Lapse of Reason,
Atomic/Atomix,
Blue Hawaii,
'70s Pop #1's,
Rage Against The Machine,
Doolittle,
Anthem Of The Peaceful Army,
Alone,
Take My Breath Away (as heard in Top Gun) (Re-Recorded / Remastered),
Me Niego (feat. Ozuna & Wisin),
Himno De Mi Corazon,
"Everybody Else Is Doing It, So Why Can't We?",
The Unforgettable Fire,
Sigue Tu Camino,
The Divine Feminine,
Otra Vez,
Sticky Fingers,
Funkentelechy Vs. The Placebo Syndrome,
From Elvis in Memphis,
VIVIR ASÍ ES MORIR DE AMOR,
Not Of This Earth,
1000 Forms Of Fear,
Wish You Were Here,
Vivi En Do,
Oracular Spectacular,
Jailbreak,
Synchronicity,
Vibrate: The Best Of,
"It's Not Me, It's You",
Kiss Me Kiss Me Kiss Me,
Llora Me Llama,
Felices los 4,
Grandes exitos,
Music From Party of Five,
Fire Garden,
The Definitive Collection,
Master Of Puppets,
Clubbin' With Grandpa,
Carry On Wayward Son,
Canciones del Huracan + Wonderful Noches,
PURPURA,
The Complete RCA Victor Recordings,
Hercules,
The Lion King,
Continuum,
Greatest Hits,
Cars,
"Anthology: Those Boys from Carolina, They Sure Enough Could Sing…",
Blow Your Mind (Mwah),
Clarity,
Rodrigo - El potro,
Strange Mercy,
In the Name of Love,
21,
Poison,
Por lo menos hoy,
Que No,
Overexposed Track By Track,
Unforgettable,
La Sintesis O'Konor,
Moonflower,
Falco 3 25th Anniversary Edition,
Fabulosos Exitos,
Filosofía Barata y Zapatos de Goma,
Contrareloj,
Colección Rock Nacional: Miguel Mateos,
Unorthodox Jukebox,
Castle on the Hill,
A Collection of Roxette Hits! Their 20 Greatest Songs!,
Birks Works: The Verve Big-Band Sessions,
The Pinkprint,
Piece of Mind,
Enredados,
Doble Vida,
Uptown Special,
Todo Comenzó Bailando,
Arena,
...And Justice For All,
La Probadita,
Fuerza Natural,
Seal,
3000 Vivos,
All About That Bass,
Zingalamaduni,
In Square Circle,
Just Once In My Life,
Pubis Angelical / Yendo De La Cama Al Living,
Time Out,
In A Tidal Wave Of Mystery,
Usted Señalemelo,
Convergence,
Soy Como Quiero Ser,
3 A.M.,
Mylo Xyloto,
Trading Snakeoil for Wolftickets,
Road Fever: The Complete Bearsville Recordings 1972-1975,
Mr. Big Stuff,
Hopes And Fears,
Giros,
"Calabria (feat. Fallen Roses, Lujavo & Lunis)",
"Too Weird to Live, Too Rare to Die!",
Pickin' on Bob Seger,
Your Power,
Turbo,
Zenyatta Mondatta,
Grandes Clásicos del Rock Nacional,
Songs In The Key Of Life,
A 18' Del Sol,
Them Dirty Blues,
Aftermath,
The Stranger (Legacy Edition),
Ten,
Cabeza De Chorlito!!!,
Willy And The Poor Boys,
Santana (Legacy Edition),
Innuendo,
Closer,
T-Bird Rhythm,
Van Halen,
Com Você,
Mi Único Amor,
Súper Sangre Joven,
La_Original.mp3,
Tubthumper,
Blanco y Negro,
True - The Digital E.P.,
Jazz Moods - Cool,
Ultimate Santana,
Pericos & Friends,
MONTERO (Call Me By Your Name),
Clics Modernos,
Love Shine a Light,
Mothership,
Spinetta y los Socios del Desierto,
The Beautiful Game,
Ravishing - The Best Of,
Led Zeppelin IV,
"The John Denver Collection, Vol. 1: Take Me Home Country Roads",
TERRAZA,
"Hints, Allegations & Things Left Unsaid",
Atrapando Sueños,
Stadium Arcadium,
(Pronounced 'Leh-'Nérd 'Skin-'Nérd),
Do What Thou Wilt.,
Tirate un paso,
François,
Tercer Mundo,
Nek,
Under the Covers,
dont smile at me,
Are You Experienced,
lovely (with Khalid),
Writer's Block,
"Tumbando el Club (feat. C.R.O, Obiewanshot, YSY A, Cazzu, Khea, Lucho SSJ, Coqeéin Montana, Marcianos Crew & Duki)",
Carved In Sand,
Star Wars: Attack of the Clones,
Cuartetero y Cordobés,
Ciudad De Pobres Corazones,
Cradles,
Hot Space,
Tuyo (Narcos Theme),
Friends,
Life In Cartoon Motion,
Star Wars Sampler,
Innervisions,
The Essential Daryl Hall & John Oates,
Please Please Me,
Super Hits,
"Yesterday, Today, Tomorrow - The Greatest Hits Of Kenny Loggins",
Doctor Who (Original Television Soundtrack),
Fénix,
Turraka,
Genesis,
Red (Taylor's Version),
Un Día Normal,
Handwritten,
Trumpets,
Pocket Full Of Kryptonite,
Sólo Quiero Rock & Roll,
The Lady Killer,
Sorry,
Every Beat of My Heart,
Mucha Cosa Buena,
2001,
El Cielo Puede Esperar,
New Levels New Devils,
Rockabye (feat. Sean Paul & Anne-Marie),
Obras Cumbres,
Ricardo Mollo Con la Filarmónica de Mendoza,
Departure,
Diva,
Dance To The Music,
Donda,
Come On Eileen / Dubious,
Season 2,
Outrage! Is Now,
Piano In The Background,
Currents,
Speaking in Tongues,
Blood Sugar Sex Magik,
Best of 2018,
Voicenotes,
Star Wars Episode IV: A New Hope (Original Motion Picture Soundtrack),
7,
Light As A Feather,
Abraxas,
Take Me Home: Yearbook Edition,
The Raw & The Cooked,
Rain,
Remember That You Will Die,
A Taste Of Honey,
Yo Vivo en Esta Ciudad,
Study In Brown,
Sing When You're Winning,
London Calling (Remastered),
The Supremes A' Go-Go,
Desperte Sin Ti (Remix),
Revolver,
Hot Fuss,
Los Abuelos De La Nada,
Menagerie,
Rock En Español - Otro Más,
Parachutes,
New English,
Led Zeppelin II,
No Jacket Required,
Time for a Change,
The Ultimate Jackie Wilson,
Hooked On A Feeling,
The Nat King Cole Story,
DAMN.,
21st Century Breakdown,
Sangre Nueva,
The Soft Parade,
Superunknown,
Dame Más,
Mother's Milk,
Destinologia,
Kick,
Non-Stop Erotic Cabaret,
Caballo Loco,
Bicicleta,
Songs for Moms: A Mother's Day Collection,
"At Night, Alone.",
Paradas Continuas,
Seru Giran 92,
Grateful,
La Grasa De Las Capitales,
No Es Tan Fácil,
Number Ones,
War,
"Trueno: Bzrp Music Sessions, Vol. 16",
Big Bang,
Reggatta De Blanc,
24K Magic,
Cycles,
L-Gante: RKT SESSIONS #1,
Sigamos Bailando,
Hollywood's Bleeding,
L.A. Woman,
rainy evening ep,
EXPEDITion Vol. 7: Moonloops,
Dizzy 100,
Celebration,
Durazno Sangrando,
Aspire,
Warning,
Oktubre,
80s 100 Hits,
Todos Exitos,
Girando,
Ambivalence Avenue,
Direct Hits,
Calambre,
Solo Un Momento,
The Album,
The Essential Bangles,
La Luz Del Ritmo,
The Score,
El Satánico Dr. Cadillac,
Friends Soundtrack,
Primera Cita,
First Harvest 1984-1992,
Page One,
Jagged Little Pill,
Moving Pictures,
Tarzan,
Uptown Square,
The Eternal Dance,
The Joshua Tree,
Definitely Maybe,
Escape,
Ahi Ahi,
Aerosmith,
Vol I,
Baba Booey,
Neurotica,
Road to Ruin,
Moana,
90125,
MM...FOOD,
Ey!,
Duets,
Everyday Life,
Bangarang EP,
Grandes Exitos,
River Of Dreams,
Lo Mejor De Los Violadores,
Pecado Capital,
The Mountain Has Fallen,
Songs from Movies that Rock!,
For Once In My Life,
On the Wild Side - Grammy Nominee 2004,
Coco,
Saints and Sinners,
Billionaire (feat. Bruno Mars),
Ola Mina XD,
Pronounced 'Leh-'Nérd 'Skin-'Nérd,
Traicionera,
Serú Girán,
So So Def Bass All-Stars,
I Don't Feel Like Dancin',
Brothers And Sisters,
Nena Maldición (feat. Lenny Tavárez),
All This Bad Blood,
"Lemonade (feat. Gunna, Don Toliver & NAV)",
Who Made Who,
Ah Via Musicom,
Fountains of Wayne,
I AM...SASHA FIERCE,
The Return of the Space Cowboy,
Nothing But The Best,
Angels,
Onna Come Up (feat. G Herbo) [Remix],
BUBBA,
Jamaican Rhapsody,
Rumours,
Storyteller - The Complete Anthology: 1964 - 1990,
Cosmos,
Providence,
Outside,
Mama Said,
"The Concert (Live in Essen, Germany 1978)",
Bad Girls,
The Cure,
Second Helping,
Waves,
The Boy Who Flew Away,
Talking Book,
Jamirobeegees Mashup: Stayin' Alive / Virtual Insanity,
Youthquake,
"Live From Austin, TX",
"Hitsville USA, The Motown Collection 1972-1992",
El Jardin de los Presentes,
Temporada de Reggaetón 2,
True,
Music From School Of Rock,
Move Your Body,
Stardust [Rudy Van Gelder edition],
1982-1987 - Himnos Del Corazón,
Scream,
Odyssey: 1945-1952,
Antihumano,
Classic Soul,
Sing Me to Sleep,
The Very Best Of The Jacksons and Jackson 5,
"Cuatro Babys (feat. Trap Capos, Noriel, Bryant Myers & Juhn)",
Acariciando Lo Aspero,
SremmLife 2,
Flashdance Original Soundtrack From The Motion Picture,
Past Masters,
Besides,
Llegando Los Monos,
Diles - Single,
Rockstar,
Come Taste The Band: 35th Anniversary Edition,
Who Are You,
The Captain and Me,
Whitesnake,
Armando Camaleón,
Yo Te Avisé,
El Camino Más Largo,
KC & the Sunshine Band,
The Platinum Collection,
Strangers In The Night,
Stay Hungry,
Camila,
Tiempos Dificiles,
Burn,
The Little Mermaid Special Edition,
High Times - The Singles 1992 - 2006,
If We Fall in Love Tonight,
Motion,
Tango 4,
High School Musical The Concert,
Iron Man 2,
YSYSMO,
The Age Of Plastic,
It's Your Thing: The Story Of The Isley Brothers,
Otras Canciones,
Nada Es Tarde,
Georgia on My Mind,
Aretha Now,
My Way,
Un Bossa +,
Esperando el Milagro,
Amigo,
Street Songs,
Escenas De La Vida Amorosa,
Like a Virgin,
Rivers Of The Red Planet,
I Can See Clearly Now,
Call on Me,
Sucker for Pain (with Logic & Ty Dolla $ign feat. X Ambassadors),
Pampas Reggae,
Hatful of Hollow,
My Boo,
it rained & it poured,
"Milo J: Bzrp Music Sessions, Vol. 57",
Adios Sui Generis Vol III,
Devorador De Corazones,
Cuarenta Obras Fundamentales,
Kind Of Blue,
Astro Lounge,
At The Close Of A Century,
How Can You Mend A Broken Heart,
Human After All,
Don't Suppose,
"The Best Of Earth, Wind & Fire Vol. 1",
The Game,
Mi Viejo,
Synkronized,
"The 12"" Collection And More (Funk Essentials)",
Beauty Behind The Madness,
The Sweetest Peaches,
Adan y Eva,
Vicentico,
La Máquina De Hacer Pájaros,
El Ritual De La Banana / Los Pericos,
Be the One,
Ultimate Sinatra,
QUEREME,
Hijos Del Culo,
Twist Is The New Twerk,
What Is A Jeffree?,
Boston,
Abuelos 1982 / 1987,
Un Baión para el Ojo Idiota,
V,
The Ultimate Collection,
Welcome To The Pleasuredome,
Immigrance,
Why Can't We Be Friends?,
"Nicky Jam: Bzrp Music Sessions, Vol. 41",
Despicable Me 2 (Original Motion Picture Soundtrack),
1,
Day & Age,
Fine Line,
Guitar Heaven: The Greatest Guitar Classics Of All Time (Deluxe Version),
Bajo Belgrano,
Chorus,
Pinta,
OSCURO ÉXTASIS,
Sí o Sí - Diario Del Rock Argentino - Virus,
Dead Mans Hand,
Nirvana,
Te Boté (Remix),
Afterlife,
Born To Be Yours,
Purpose,
Green River,
Master Plan,
"Trueno: Bzrp Freestyle Sessions, Vol. 6",
Bloom Box,
Invisible,
"That Was Then, This Is Now",
The Time Of Our Lives,
The Sound of Music (50th Anniversary Edition),
Live!,
The Essential Roy Orbison,
"Vivaldi: The Four Seasons - Violin Concertos RV 199 ""Il sospetto"", RV 356 & RV 347",
Sly & The Family Stone-Greatest Hits,
Too Low For Zero,
"WHEN WE ALL FALL ASLEEP, WHERE DO WE GO?",
Who's Next,
When The Lights Go Down,
20 Grandes Exitos,
"Rock Argentino en Guitarra, Vol. 1",
The Way It Is,
Maybe You've Been Brainwashed Too,
Vibes 3,
Perfect Strangers,
Back In The World,
"The 12"" Album",
Pop Food,
El Principe,
Vaina Loca,
Fuera de Sektor,
Sin Documentos,
Gyal You A Party Animal,
Beggars Banquet,
Voulez-Vous,
No Promises (feat. Demi Lovato),
Berry Is On Top,
Leftoverture,
Dressed To Kill,
St. Louis To Liverpool,
The Safety Dance,
Fore!,
Now Thats Family Reunion Music,
Mask Off,
Tales From The Brothers Gibb,
Star Wars Rebels: Season Two,
Shaman,
Tally of the Yes Men,
"Save Me, San Francisco (Golden Gate Edition)",
Never A Dull Moment,
McFly,
1989,
Dance Mix USA in the Club (Mixed by Ted the Dillenger) (Continuous DJ Mix),
Vaping in the Hood,
80s Soul,
Franz Ferdinand,
Summer Pack,
Plays Count Basie,
7 EP,
Stressed Out,
911,
Get The Knack,
El Número Imperfecto,
Kick 25,
DNCE,
Let's Dance,
Camp,
Lady Lady,
La Nube Rosa,
I Put A Spell On You,
In Utero - 20th Anniversary - Deluxe Edition,
The Fearless Flyers III,
Still Got The Blues,
Stories,
Polos,
Stop Making Sense,
Yo Bailaré (feat. Zenon Pereyra),
Swipe Right For Vintage,
Nothing Breaks Like a Heart (feat. Miley Cyrus),
Ella Swings Gently With Nelson,
El estilo de Peter la anguila,
Atrevido,
Skyfall,
The Very Best of Solomon Burke,
Apollo XXI,
"Oh, What A Life",
Naked Tracks Vol. 3 (Fire Garden / Plus - Mixes With No Lead Guitar),
Volumen 11,
GTA.mp3,
Blizzard of Ozz (Expanded Edition),
Tributo A Sandro,
Three Imaginary Boys,
The Fearless Flyers II,
I'll Be There For You (Theme From FRIENDS) / Snippets: Don't Hide Your Love / End Of The Beginning / Lovin' Me Insane / Drowning In Your Tears / This House Is Not A Home / What Will It Take [Digital 45],
Gangsta's Paradise,
Once I Was 7 Years Old,
5 Seconds Of Summer,
Fire! The Very Best of The Pointer Sisters,
Salimo de Noche,
Ladies And Gentlemen... The Best Of George Michael,
Piso,
"Kiss Me, Kiss Me, Kiss Me",
Ben L'Oncle Soul,
Motown Legends: Bernadette,
Jazz,
Juice Newton's Greatest Hits,
souljaboytellem.com,
Blue (Da Ba Dee),
The Bends,
Urban Hymns,
Now That's Family Reunion Music,
Slowhand 35th Anniversary,
Escapology,
The Rise & Fall,
Diabla,
Red Rose Speedway,
Uprising,
One Kiss (with Dua Lipa),
"Innovations in Booty Shaking Music, Vol. 1",
Willy Crook & Funky Torinos,
Mucho,
Grease,
Lalala,
PRETTYMUCH an EP,
Los 7 Delfines,
Travelling Without Moving,
En Vivo-Vol.2,
Hold The Line: The Ultimate Toto Collection,
Sauce Boyz 2,
Blur,
The Very Best of Van Halen (UK Release),
PANAMÁ,
Build Me Up Buttercup,
What A Feeling,
Película,
Bohemian Rhapsody,
A Kind Of Magic,
ASTROWORLD,
All Star Smash Hits,
Stereo Love,
Tattoos,
replica,
No Sé Si Es Baires O Madrid,
"20th Century Masters: The Millennium Collection: Best Of The Temptations, Vol. 2 - The '70s, '80s, '90s",
Hunting High and Low,
Heartbreaker,
EL NOBA | DJ TAO Turreo Sessions #7,
Iron Lion Zion (feat. Ziggy Marley & ChocQuibTown),
El Farsante (Remix),
Sam's Town,
Don't Play That Song,
Highway to Hell,
Combat Rock (Remastered),
When It's Dark Out,
Younger Now,
Evolution: The Hits,
Talk That Talk,
Espíritu,
Tenacious D,
Cover The Earth Volume II,
"Yours Truly, Angry Mob",
Ain't No Sunshine,
Phoenix,
Tengo Que Parar,
Unplugged,
Desde el Fin del Mundo,
Pronounced' Leh-'Nerd 'Skin-'Nerd,
Don Lucero,
Wild Frontier,
Hô-Bá-Lá-Lá,
Vicentico 5,
Sunday Lines,
Originales - 20 Exitos,
Flashdance,
Thrill of the Arts,
La Pregunta,
More Than You Know,
Plastic Beach,
Celebration: The Best Of Kool & The Gang (1979-1987),
Christmas Songs by Sinatra,
Jaco Pastorius,
Forever,
WWE: The Time Is Now (John Cena),
La Hija De La Lagrima,
Squad Goals,
El Chisme,
Supernatural,
TWOPOINTFIVE,
I'm with You,
Mis Favoritas,
Cuarto,
"Changes In Latitudes, Changes In Attitudes",
One Kiss (with Dua Lipa) [Remixes],
Good Vibes - The Very Best of Laid Back,
Dynasty,
Up All Night,
The Gambler,
You Reposted in the Wrong Neighborhood I Glue70 Mashup,
Besos con Fernet,
Teens of Denial,
Night & Day,
Title,
#Tocoparavos,
Run the Jewels 2,
American Beauty/American Psycho,
Sweet Caroline,
Rubber Soul,
Fatal,
La Era De La Boludez,
Voices,
One Of The Boys,
Golden,
Baby Shark & More Kids Songs,
Funk Ninja,
A Real Good Feeling,
Astronomical,
The Works,
The Very Best Of Kool & The Gang,
Opaul,
Nothing Like The Sun,
Almendra,
Supernatural (Legacy Edition),
Soul Manifesto: 1964-1970,
PMJ Is For Lovers: The Love Song Collection,
Becoming the Enemy,
West Coast Grooves,
Catch A Fire,
Roses,
Pressure Off (feat. Janelle Monáe and Nile Rodgers),
"Snow Tha Product: Bzrp Music Sessions, Vol. 39",
Storm Front,
Kitsch Funk,
Hotter Than July,
Hopes and Fears,
Knocking at the Sun,
Biggest of All Time: Rock N' Roll Hits,
"10,9,8,7,6,5,4,3,2,1",
Entre Nosotros,
"Lola Versus Powerman and the Moneygoround, Pt. One",
Dare!,
Inside In / Inside Out,
Volver A Empezar,
Wilson Pickett: A Man and a Half,
A Forest of Polarity,
Knock On Wood,
Doctor Who - Series 8 (Original Television Soundtrack),
Future Present Past,
Most of the Animals,
Tren de Amor: La Mejor Música Romántica Latina y Éxitos del Momento. Canciones Románticas en Español,
[oops],
Animal Vehicle,
Flores De Alquiler,
Good Morning Dawn,
Noche Complicada,
La Bicicleta,
Some Gave All,
Know Your Worth,
Soda Stereo,
The Sugar Hill Records Story,
The Spice Of Life,
Portrait In Jazz [Keepnews Collection],
Só Sucesso 40+,
Para Mi para Vos,
Sistema,
Is Magic Gone,
Éxitos de Oro,
Funk Walker,
I Heard It Through The Grapevine / I Heard It Through The Grapevine,
Songs About Jane,
A Head Full of Dreams,
Singles 1965-1967,
La Argentinidad Al Palo,
Plays and Sings Bossa Nova,
Somethin' Else,
Vas a Bailar?!,
Mi Cuarto,
Exodus 30th Anniversary Edition,
Love Is Only a Feeling,
Prive,
Despierta,
Billy Idol,
Saxobeats,
Toy Story,
Push,
Broadway Blues,
Memories...Do Not Open,
"Everybody Else Is Doing It, So Why Can't We? (The Complete Sessions 1991-1993)",
1995,
Elevator Music for an Elevated Mood,
NDA,
Night Train,
Turn Blue,
ANDRÓMEDA,
Superfly,
David Bowie (aka Space Oddity),
"WWE: Anthology - Now!, Vol. 3",
Piano Starts Here,
"Monsters, Inc.",
Mind Of Mine (Deluxe Edition),
Sail Out,
The Rocky Horror Picture Show: Let's Do the Time Warp Again,
Jazz Samba Encore!,
Pink Lotus,
Vuelvo A Ver,
Live in Japan 1983 - Remastered,
Mellon Collie And The Infinite Sadness,
Dangerously In Love,
Just Push Play,
Bocanada,
Trastorno Bipolar,
Me Vas a Extrañar,
Mata,
Escápate Conmigo,
The Naked Gun,
Game Over,
Back To Black,
Nothing Happens,
Un Beso,
Speakerboxxx/The Love Below,
Woodstock,
The Heist,
Amorfoda,
Descartando Miserias,
Red,
Soulection White Label - Monte Booker,
Wings,
Replay,
All Things Must Pass,
OPA,
Señales,
THIS IS... ICONA POP,
IV,
Tumba La Casa (feat. Alexio),
"Alright, Still",
Natty Dread,
100 Greatest TV Themes,
Transformer,
Purple Rain,
Sleeping With The Past,
Agents Of Fortune,
"L-Gante: Bzrp Music Sessions, Vol. 38",
Unity,
Heartbeat City,
Plastic Letters,
Tribute,
Parallel Lines,
Can't Take My Eyes Off of You,
Voragine,
Hairspray - Original Motion Picture Soundtrack,
Little Bitty Pretty One,
Moon River,
Vampire Weekend,
Los Mejores 13 - Rock Nacional Argentino,
Nine Lives,
rainy evening,
Castaways,
Spirit,
Bonito,
Salad Days,
Vol. 2,
High School Musical 3: Senior Year,
Ahí Vamos,
8,
Burning Down the House / I Get Wild / Wild Gravity,
Frank Sinatra: The Complete Capitol Singles Collection,
Wish,
The Doors,
Whenever You Need Somebody,
Remain in Light,
The New Look,
TALKING IS HARD,
Canciones Del Huracán / Wonderful Noches,
High Times: Singles 1992-2006,
Barrio Prendido,
"King for a Day, Fool for a Lifetime",
Sistema Nervioso Central,
Coming for You (feat. A1 x J1),
Resistance Radio: The Man in the High Castle Album,
El Favor,
Nova Bossa Nova,
Sunset Jazz,
Total 70s,
Justified,
100 Greatest Hits,
Dire Straits,
Ladies' Night,
"CAN'T STOP THE FEELING! (from DreamWorks Animation's ""TROLLS"")",
Legendary,
Fear of Music,
Ponchototal,
Sound & Color,
Te Pintaron Pajaritos,
Experience,
Very Necessary,
Suenan Las Alarmas,
"Ptazeta: Bzrp Music Sessions, Vol. 45",
Otis Blue: Otis Redding Sings Soul,
Lady Soul,
Rompelo Ahí,
Downtown,
Cleopatra,
Passion And Warfare,
Show Me Love,
La Dinastía Scorpio,
Venus Isle,
.mp3,
Thriller 25 Super Deluxe Edition,
Somos (En Vivo),
Travelogue: Blues Traveler Classics,
Favourite Worst Nightmare,
E-Lo (feat. Jozzy),
Total Madness (2012),
Countdown To Ecstasy,
Sunshine on Leith,
Little Dark Age,
Entren Los Que Quieran,
No me Arrepiento de Este Amor,
Funkify Your Life: The Meters Anthology,
It's Only Us,
Black Cab,
We All Are One: The Best Of Jimmy Cliff,
Moral of the Story,
Love Will Tear Us Apart,
Gap Band 3,
Chocolate Rain,
"Hello, I Must Be Going!",
Driving Songs,
My Name Is My Name,
Destiny,
Starving,
Chica Paranormal,
'80s Pop #1's,
I'm Good (Blue),
Make It Shine (Victorious Theme) (feat. Victoria Justice),
Buena Suerte,
Paranoid,
Picture This,
Hopeful,
Duro y Suave,
Mad Love The Prequel,
Tuesday Night Music Club,
Playboi Carti,
Santana,
"García, el Más Grande",
Love For Sale,
High Voltage,
The Best Music from Jamaica,
Violenta,
Odisea,
The Anthology,
"Nicki Nicole: Bzrp Music Sessions, Vol. 13",
The Singles 86-98,
September,
WandaVision: Episode 2,
Don't Kill the Magic,
"Echoes, Silence, Patience & Grace",
20000 Watt RSL - The Midnight Oil Collection,
The Mike Oldfield Collection,
Guero,
Dirty Dancing,
Strange Beautiful Music,
Classy Bougie Ratchet Volume 1,
Best Days,
The Pearl Sessions,
Falling Apart.,
New Horizon,
Me And My Gang,
Naistumichiu,
Nomzamo,
oldsoul.,
Honeymoon,
Animal Boy,
The Final Countdown (Expanded Edition),
Back To Front,
The Battle at Garden’s Gate,
"Dillom: Bzrp Music Sessions, Vol. 9",
All Directions,
Plastic Hearts,
Party Starters!,
Cosmo's Factory,
I Knew You Were Trouble (feat. KRNFX),
Voilà que tu reviens,
How You Love Me (feat. Conor Maynard & Snoop Dogg),
High School Musical 2,
No Le Llamo Rencor,
Stars,
The Very Best Of Louis Armstrong,
Me Gustas Tanto,
Fame,
Dr. Octagonecologyst,
Si Te Dejas Llevar (feat. Juanka),
All The Way Up (Remix) (feat. French Montana & Infared) - Single,
Cabalgata Deportiva,
My Boo (Running Man Challenge) - Single,
Dance Fruits Music,
In Utero,
David Lebon,
Dudosa Estrella,
Blizzard Of Ozz,
Potato Salad,
New Eyes,
Pepas,
10000 Km,
Girls Like You (feat. Cardi B),
Anoche,
Michael Jackson's This Is It,
Third Album,
Los 15 Grandes Éxitos De María Elena Walsh,
Bestival Live 2011,
Reckless,
We Are Family,
Bangerz (Deluxe Version),
Verte,
R&B: From Doo-Wop To Hip-Hop,
Confessions on a Dance Floor,
Fallen,
Be My Baby: The Very Best of The Ronettes,
"Influential Sessions, Vol. 2",
What You Won't Do for Love,
Los Reyes de la Canción,
Use Your Illusion II,
Songs For The Deaf,
Kilimanjaro,
Let It Be,
Solitude Standing,
Running in the 90s,
Inside Wants Out,
Serie De Oro,
There Is Nothing Left To Lose,
El Album,
HUMBLE.,
Vibes 2,
Wish Someone Would Care,
Solo Piano,
Alannah Myles,
Lullaby Renditions of Bruno Mars,
Police Squad - The Naked Gun - Main Theme,
Gorillaz,
El Retutu,
Suenan las Alarmas,
Rock And Roll Yo,
Animals,
The Fame,
Canciones Elegidas 93-04,
Special,
Bella (Remix),
AOR,
Rocky,
Coloring Book,
ARDIPITHECUS,
Watermelon Sugar,
TIM,
Texas Flood (Legacy Edition),
Aja,
New In Town,
Dancin (feat. Luvli),
In The Groove,
GUAU!,
Timeless,
"Chillout Pop inc. John Legend, Miley Cyrus & John Mayer",
Fresh Squeezed,
The Collection,
The Paisley Park Session,
La Paciencia De La Araña,
Completo,
How Far I'll Go,
Chef (Original Soundtrack Album),
I Created Disco,
÷,
Rabbid Love,
Money For Nothing,
Now Or Never,
Cuestión de Honor,
Nevermind,
Tower Of Power,
Helicopter,
"Ray Charles (aka: Hallelujah, I Love Her So)",
In Step,
Comedown Machine,
Bring Yer Wellies,
Phantom (Redux),
Back In Black,
On The Cover II,
"Hold On, I'm Comin'",
No Es Tan Fácil Ser el Reja,
Katrina & The Waves,
Love Tonight (Robin Schulz Remix),
Up-Tight Everything's Alright,
Dance The Night (From Barbie The Album),
Rocky IV,
Finest,
Black Caesar,
Hello Nasty,
Gold,
Otro Día en el Planeta Tierra,
Homerun,
Aurora,
Start Of Something New,
"Atlantic 60th: Soul, Sweat And Strut",
Electricity (with Dua Lipa),
Happier Than Ever,
Guaya Guaya,
Bleach: Deluxe Edition,
I'm Back! Family & Friends,
Colocao,
TRYPNOTYX,
Collected,
Enrolados,
Us - A COLORS SHOW,
Dracukeo,
Greatest Hits 1974-78,
Depression Cherry,
Sings - Back Through The Years/A Centennial Celebration,
All the Singles,
The Pros And Cons Of Hitch Hiking,
Love and Sex,
The Days / Nights,
Discography - Complete Singles Collection,
Blur: The Best Of,
El Maestro,
Pyromania,
Perro de Playa (2020 Remasterizado),
en dormir sin Madrid,
Smokin & Drinkin,
Listen Without Prejudice Vol. 1,
Boom Boom Pow,
All That You Can't Leave Behind,
The Very Best of Daryl Hall / John Oates,
Another You,
VIVES,
Beauty and the Beast,
Life,
Out Of Our Heads,
"Glee: The Music, The Power Of Madonna",
R.E.V.O.,
Parte de Mí,
Energía,
Hotel California,
Breaking Hearts,
Brindando por Nada,
Descendants 2,
Funk Wav Bounces Vol. 2,
Enfiestadisimo,
Back In The U.S.,
Tírate un Paso,
Torches,
You Gotta Be,
Rated PG,
Tu Sicaria,
Too-Rye-Ay,
We Are The World,
Crazy World,
Suena El Dembow,
Historical Misappropriation,
Troubadour,
Love Yourself 結 'Answer',
The Dance Collection,
80's Hard Rock Music Top Hits. The Greatest Best Songs 1980's,
Raro,
Nine Track Mind,
MIA (feat. Drake),
Get Behind Me Satan,
Ipanema,
Penthouse,
Living In The Background,
Moulin Rouge,
Inefable,
Last Kiss,
Dirty Dancing: Anniversary Edition,
Machine Head,
Illuminati,
Sports Anthems,
Rage Against The Machine - XX (20th Anniversary Special Edition),
Disney Summer Songs,
in heat.,
Rize Of The Fenix,
Infame,
THE E.N.D. (THE ENERGY NEVER DIES),
The Bill Evans Album,
Conjunction Junction,
KIRK,
United,
One Wild Night 2001,
Alien Boy,
The Essential Van Morrison,
Rayo McQueen,
Black Pumas,
Havana (feat. Young Thug),
Back Stabbers,
The Promise of Love,
Lonerism,
Siamese Dream,
600,
The George Benson Collection,
The Very Best of the Spinners,
Some Nights,
Big Yuyo,
In the Midnight Hour,
Hit Me Back feat. Blackbear,
Pocahontas,
The Golden Hour,
Me Extrañarás,
Spider-Man: Into the Spider-Verse,
Black Heart,
18 Classic Tracks,
Es el Amor - Single,
Sweet Disco Times,
Pana Miguel,
Star Wars Episode IV: A New Hope,
Utah Freestyle,
At What Cost,
Mario Kart 8,
Boxer,
Ashlyn,
BAD TO THE BONE,
Under The Iron Sea,
Sweetest Pie,
Batman vs Sherlock Holmes,
Natty Rebel,
Get Down With It!: The OKeh Sessions,
The Mountain Will Fall,
Learning to Crawl,
Essential,
goofy ahh beat Vol.1,
Waking Up The Neighbours,
ROXANNE,
Aleph-1,
GOSPEL,
Disappear Here,
Led Zeppelin,
Imagine,
Verano 2016,
Tirar la Casa por la Ventana,
Doctor Who - Series 3 (Original Television Soundtrack),
Turn It On Again - The Hits,
Cuando Se Pone a Bailar,
Contenidos,
Double Platinum,
Wild And Peaceful,
Antojo,
Automatic For The People,
Teen Beach Movie,
Delta,
Wiped Out!,
Serie Oro,
The Striped Album,
Back To The Future,
Even In The Quietest Moments,
Heroes (we could be),
"Glee: The Music, Volume 1",
Leave The Door Open,
Heathen Chemistry,
I Don't Want To Miss A Thing,
Nothing but the Beat,
AM,
Anthology: Through The Years,
Best Of Blondie,
Toto XIV,
The Rolling Stones In Mono,
The Best of Sade,
Raising Hell,
Is This It,
Still The Same... Great Rock Classics Of Our Time,
Chicago II,
Duotones,
The Pick Of Destiny,
WandaVision: Episode 3,
This Girl's in Love with You,
Promises (with Sam Smith),
Saturday Night with Mr. C.,
Gumbo,
Toys In The Attic,
everything i wanted,
João Gilberto Apresenta Chega de Saudade,
Abbey Road,
Steppenwolf,
The Miracle,
"Hurry up, We're Dreaming",
Songs About Jane: 10th Anniversary Edition,
Fulanos De Nadie,
Grandes Hits,
Por Lo Menos Hoy,
A Cielo Abierto - El año del tigre,
Nossa Bossa,
Summer MIX MAG Vol.8,
Singles 1968-1971,
The Chic Organization 1977-1979,
What'd I Say,
Good Morning Music: Breakfast In Bed,
Here's Little Richard,
Karmagedon,
Apollo,
Origin,
Fresh,
Bucks Fizz,
Black Holes and Revelations,
Sly & The Family Stone: The Woodstock Experience,
Colors,
It Must Have Been Love,
"Quickly Quickly, Vol. 1",
A/B,
VOL. 1,
Duvet,
Vem Quebrando,
Best Of Andy Williams,
Otra Vez (feat. J Balvin),
Sounds of Future Ocean,
Bossa Nova,
STOKELEY,
Cheap Thrills (feat. Sean Paul),
Teenage Dream: The Complete Confection,
Twist & Shout,
Lo Mejor de Vilma Palma,
"Me Reclama (Remix) [feat. Luigi 21 Plus, Alexio & Pusho]",
Lean on Me: The Best of Bill Withers,
End of the Century,
BE,
Comfort Y Musica Para Volar,
In Search Of Mona Lisa,
Pendulum,
She Don't Give a Fo,
The Purple Album (Deluxe Version),
23 (El Numero Uno),
After Midnight (Theme Song),
The Soul of the Kung Fu Fighter,
Talento de Barrio,
Pure McCartney,
Alors On Danse,
Tracks and Traces,
Around the World in a Day,
Shawn Mendes,
Habla Tu Espejo,
Ram Jam,
25,
20 Años,
Section.80,
O Descobridor Dos Sete Mares,
Sweet Tea,
Mediterráneo,
The Best of Branigan,
The Real Deal: Greatest Hits Volume 1,
Made In The A.M.,
Tarzan Original Soundtrack,
Death to the Pixies,
"TheSoundYouNeed, Vol. 2",
DUELE EL CORAZON (feat. Arcángel & Javada),
The Very Best Of Sting And The Police,
Life After Death,
Losing My Way,
Weather,
Te Amo,
Choose Your Character!,
Yellow Submarine,
I Will Survive,
Angles,
Diamonds,
Solo Éxitos,
Casa sola,
Europop,
Stranger In Town,
Música para Entrenar: La Mejor Música Motivadora para el Gimnasio. Canciones para Hacer Ejercicio Duro en el Gym,
Fake Blues,
Beautiful People (feat. Khalid),
Toda (Remix),
F*CK LOVE 3: OVER YOU,
Queen Forever,
Elephunk,
Joga O Bum Bum Tam Tam,
Crush,
Lightning McQueen's Fast Tracks,
September Of My Years,
Can You Hear Me Now?,
Malibu,
Hymn for the Weekend,
The Lucky One,
Journey 2: The Mysterious Island (Original Motion Picture Soundtrack),
Verdi: Il Trovatore,
Mothership Connection,
Spectrum,
The Ozzman Cometh,
Dancing In The Street E.P.,
Tuyo (Narcos Theme) [Extended Version],
Superficies de Placer,
Caile,
Watch The Throne,
Blowin' Your Mind!,
Can We Kiss Forever?,
Meteora,
Se Parte Sola,
La Dirección,
Happy Days,
Get Lucky (Radio Edit) [feat. Pharrell Williams and Nile Rodgers],
Standing Ovation,
Los Abuelos De La Nada 1,
Fuego en la Noche,
EL TREN,
Conducción,
Songs For Sunset Lovers,
Varra II,
Dynamite,
Hive Mind,
Climate Change,
Turbo City,
Santana (III),
"Bigger, Better, Faster, More !",
De La a a La Z,
No Está en la Flecha Sino en el Indio,
ABC (feat. Sophia Black),
As Aventuras Da Blitz,
In the Dark,
Couldn't Stand The Weather (Legacy Edition),
When The Sun Goes Down,
Soy,
TESTING,
The Joker,
#Ysya2020 Vol. 5 - Silbando,
"Narcos, Vol. 2 (More Music from the Netflix Original Series)",
Potion (with Dua Lipa & Young Thug),
Bad 25th Anniversary,
Climaxxx,
Confessions (Expanded Edition),
Kid Krow,
2,
Feel Something,
F - A - C - I - L,
Take My Breath,
"Rit, Vol. 1",
El Equivocado,
Perreología,
Fresh*squeezed,
At Last!,
Colección Rock Nacional,
Thunder,
Playboy,
On the Beach,
Tango In the Night,
Silicon Valley (Music from the HBO Original Series),
Cymande,
Muerte,
Tráeme la Noche (Bring on the Night) (with Andy Summers),
Garota de Ipanema,
Best Instrumental TV Hits,
We Sing. We Dance. We Steal Things.,
Vale la pena,
Actual,
Cosas Mïas,
Just Piano,
Mistaken Identity,
Pica Pica,
Wild Young Hearts,
All The Little Lights,
Now That's What I Call Quite Good,
Hola Mundo,
Cause We've Ended As Lovers,
Porfiado,
Light Of Worlds,
3.15.20,
Fish Outta Water,
The Complete Piano Duets,
GIVENCHY,
Orion,
Harry Styles,
Hits TV. Exitos TV,
Slippery When Wet,
Rock Of The Westies,
Viva La Vida or Death and All His Friends,
80s New Year's Party,
...Baby One More Time,
Molecules,
Random,
Come Fly With Me,
Sorry For Party Rocking,
20 Minutos,
In My Room,
Express Yourself,
Songs and Story: Mulan,
Ghostbusters (Original Motion Picture Soundtrack),
Ayy Macarena,
Russian Tour,
Amor Amarillo,
The White Stripes,
Violator (Deluxe),
a Gift & a Curse,
Overexposed,
Disraeli Gears,
Rebota,
Cualquiera Puede Cantar,
"Prune, You Talk Funny",
Bitch Lasagna,
Walk Through Fire,
The Virgin Suicides (Original Motion Picture Score),
Mellow Gold,
Fobia,
Funk Box,
Fame: The Original Soundtrack from the Motion Picture,
Roger Waters The Wall,
A Hard Day's Night,
HOPE,
Love Yourself 轉 'Tear',
Magazines or Novels,
SYRE,
Look Sharp!,
A Star Is Born Soundtrack,
08.26.18,
Al Gran Pueblo Argentino Salud,
Beethoven Greatest Hits,
Saxophone Colossus,
Dangerous Woman,
Breakfast In America,
La Modelo,
It's Hard,
Led Zeppelin III,
Bookends,
Ready For The Weekend,
Al Gendarme,
Some Girls,
Lucy,
Mi Vecinita,
El Farolito (Acústico),
Una Pasión,
See You Again (feat. Charlie Puth),
Piece Of Mind,
Spice,
Visionary,
Waterloo,
Ríos de Lava - Single,
Thriller,
Shango,
Doctor Who - The 50th Anniversary Collection (Original Television Soundtrack),
Silicon Valley,
Hello Walls,
Wave,
Drunk,
No Te Veo,
Let's Stay Together,
Vasos Y Besos,
MELÓN VINO,
Wadu Wadu,
((( 2 ))),
Young Vibes,
Ready to Die,
Blessings and Miracles,
La caffetteria,
En Conexión,
Big Band Bossa Nova,
Films About Ghosts: The Best Of...,
Beautiful,
The Inner Source,
The Marshall Mathers LP,
It's That Talk Again,
Tongue N' Cheek,
hot girl bummer,
Una Nueva Generación Para El Perú y El Mundo,
Knee Deep In The Hoopla,
TAKE TIME,
La Cumbia Que Explota,
The Magic Whip,
Curtis,
Cargo,
The Best of Talking Heads,
Midnight Mover: The Bobby Womack Story,
Je M'appelle,
Alma de Diamante,
Something Just Like This,
Burnin',
That Thing You Do! Original Motion Picture Soundtrack,
Chico Buarque De Hollanda Nº4,
Clapton Chronicles: The Best of Eric Clapton,
La Mosca y la Sopa,
Platinum & Gold Collection,
Bad Hair Day,
The Nat King Cole Trio - The Complete Capitol Transcription Sessions,
The Piper at the Gates of Dawn,
Pequenas Anécdotas Sobre Las Instituciones,
Ramones,
United We Are,
I Don't Wanna Be Your Friend (Remixes),
I Could Be The One [Avicii vs Nicky Romero],
Por cesárea,
Sin Pijama,
En Vivo en el Palacio de los Deportes - 25 Aniversario,
Play Deep,
The Fifth,
Cumbia Nena,
"Duki: Bzrp Music Sessions, Vol. 50",
Nena Maldicion (feat. Lenny Tavarez),
Dutty Love,
The Best Of The Guess Who,
Find You,
"Steven Universe, Vol. 1 (Original Soundtrack)",
The All British Top 10 1965-1987 Volume 2,
Indios,
Hits 100% B. E. King,
Terremoto Pa Tu Cola,
Trax 9 Future beats,
Minecraft - Volume Beta,
"Frijo: Bzrp Music Sessions, Vol. 10",
50 Bro's,
Vai malandra (feat. Tropkillaz & DJ Yuri Martins),
Elephant,
intoxicao,
Toulouse Street,
Levels,
80s Hits Reloaded Vol. 3 / All Time Hits,
Caress Your Soul,
"Wisin Vs Yandel ""Los Extraterrestres""",
Al Parecer Todo Ha Sido una Trampa,
Halestorm,
Fly Me To The Moon,
Science Fiction's Finest Vol. 1,
An Innocent Man,
Frozen,
¡Hasta luego!,
Mocca,
Help!,
What's Love Got to Do with It?,
Chemtrails,
Sinatra/Jobim: The Complete Reprise Recordings,
in.the.forest.we.are.wizards,
L.P.,
La Onda de Elia y Elizabeth,
La Dinastia Scorpio,
Cold Sweat & Other Soul Classics: James Brown,
Under My Skin,
Different Light,
Blow By Blow,
Cuentos Decapitados,
LalaPhonk,
Go Back Home,
Me 4 U,
Emmaar,
El Acustico,
YMCA,
Cuz I Love You,
Obras Cumbres (Parte 2),
Sí o Sí - Diario del Rock Argentino - Sumo,
Grandes Exitos / Greatest Hits,
Obras 2004 en Directo,
Changa,
Pitch Perfect Soundtrack,
Get on Your Knees,
The Best Of Joao Gilberto,
Hard-Wired,
Words,
Forever Young,
America's Least Wanted,
The Best Of The Alan Parsons Project,
Stoney,
Afrodeezia,
Tu Recuerdo,
Swan Song,
Dreamland,
Kevin Johansen + Liniers + The Nada: (Bi)vo en México,
Hotline Bling,
Just As I Am,
Disco Pirata,
Jump on Board,
No_se_ve.mp3,
Love,
Countdown To Extinction,
Disney Box Office Hits,
Gets Next to You,
Otro Nivel De Música,
Bringing Down The Horse,
Teens Of Denial,
Hybrid Theory,
Wovoka,
Killer Elite,
Trouble in Paradise,
Queen Alone,
Commodores,
Q-Lito,
Tattoo You,
Con Calma,
The Way I See It,
100 Essential Soul & Funk Classics,
Rainforest Beat,
The Lexicon Of Love,
Meet Miley Cyrus,
Interstellar (Original Motion Picture Soundtrack),
When In Rome,
Metal Health,
Vessel,
The First Family of Soul: The Best of The Five Stairsteps,
En Vivo en el Estadio Único,
Girl (feat. KAYTRANADA),
Summer Hits 2023,
Sultans Of Swing - The Very Best Of Dire Straits,
Smash Mouth,
DROPPED OUTTA COLLEGE,
Starfucker,
Pure... Electronic 80s,
Meet Danny Wilson,
Recovery,
Dusty In Memphis,
So...How's Your Girl?,
The Very Best Of,
The Dock of the Bay,
B.o.B Presents: The Adventures of Bobby Ray,
The Age of Consent,
Rocket Man,
Brothers,
What a Time To Be Alive,
Broadcast,
Rodrigo - La mano de dios,
Chapusong,
Saddle Up,
Older,
Rock and Roll Revolution,
Olha A Explosão,
Sin mirar Atrás,
Cross a la Mandíbula,
Elvis' Golden Records,
In The Zone,
"La Ocasion (feat. Arcangel, Ozuna & Anuel Aa)",
Attention,
Adictiva,
Wild Ones,
Atomic Mind,
The Very Best West End Musicals - This Century,
Gettin' Ready,
The Queen Is Dead,
Children Of The World,
Breakout,
Fabrico Cuero,
Cavalo,
Perfume,
Tangled,
Suits Soundtrack: Music Inspired by the TV Series,
Ritual De Los Pericos,
Tommy Tutone,
Schubert Dip,
Canción Animal,
We Love Disney,
Communards,
Oxymoron,
Rocanroles Sin Destino,
Peach,
Hablale,
The Life Of Pablo,
A Mí,
Panda,
Las 66 Favoritas de Jose María Íñigo y José Ramón Pardo. Vol. 1 (1958-1961) [Remastered]],
Acid Eaters,
Deepest Purple: The Very Best of Deep Purple,
Rhino Hi-Five: Arthur Conley,
Tamo Chelo,
Give and Take - The Best of The Pioneers,
Flex-Able (25th Anniversary Re-Master),
Corazón (Deluxe Version),
Fugue State,
Hey u x,
Trail Songs (Dawn),
Brasileiro,
Greatest Hits Of Reggae Vol.2,
Gucci Louis Polo,
FUTURE PAST,
"Lo Mejor de Disney, Vol. 3",
No Quiere Enamorarse,
The Best In The World Pack,
Flower Boy,
"Pappo's Blues, Vol. 2",
The TK Years,
Agora Vai Sentar,
Just a Gigolo/I Ain't Got Nobody (45 Version) / Just a Gigolo/I Ain't Got Nobody [Remix],
Alevosía,
Shake It Off,
Lux,
The Very Best of the Contours,
Serie Verde - El Gran Silencio,
Nicky Jam Hits,
She Make It Clap,
Quiero Verte Bailar,
Cold,
BeVerly Hills BoYfRiEnd,
Matters Of The Heart,
VICE VERSA,
Bossanova,
Te Vas,
Diamond Dogs,
Faith Hope Love,
It Might As Well Be Swing,
Avalon,
Pure Frosting,
Corazón (feat. Nego do Borel),
Caribs,
"Glee: The Music, Volume 2",
Un Verano Sin Ti,
"thank u, next",
World Psychedelic Classics 4: Nobody Can Live Forever: The Existential Soul of Tim Maia,
The Marshall Mathers LP2,
We got it from Here... Thank You 4 Your service,
The Hit List,
Chanel,
Fly By Night,
Disney's Greatest Volume 1,
TRON: Legacy Reconfigured,
I Would Like,
30 Years Of Funk: 1969-1999 The Anthology,
Los del Espacio,
Provider,
Volume 3,
Eleven,
Black Star Elephant,
Animal Kingdom,
No Quiere Enamorase (Remix),
El Príncipe [Ghost Edition],
All The Pain Money Can Buy,
Cloud Nine,
Inconsciente Colectivo,
Pain in My Heart,
Besame Sin Sentir,
The Beginning,
Vitamin String Quartet Performs Music From Star Wars,
En La Intimidad,
Big Bombo Mamma,
Monster,
Level Best,
The Other Side (from Trolls World Tour),
Northern Lights-Southern Cross,
Shaky Shaky,
GEMINI,
Catch & Release,
Baywatch,
Meditations,
Stull,
Colección Suprema,
De Lachende Derde,
TALKING IS HARD (Expanded Edition),
Pero No,
"HIStory - PAST, PRESENT AND FUTURE - Book I",
Across The Stars,
Smog,
Bubblin,
The Best of New Order,
Grandes Hits - Los Nemus del Pacífico,
Star Wars: The Phantom Menace,
The Essential Collection,
In My Mind,
Encontrándonos,
Azul,
Invierno De Dia,
SUBEME LA RADIO (feat. Descemer Bueno & Zion & Lennox),
Wild Cherry,
"Goin Off, Vol. 17",
Raça Humana,
Biking (Solo),
Sugar,
Kick 30,
The Singles Vol. 3: 1964-1965,
Pop Goes The World (Re-Record),
Sad (feat. Afrojack),
Lullaby Renditions of Nirvana,
Big Band Classics,
With A Little Help From My Friends,
I'm Still in Love with You,
Beautiful Cover Versions - Essential Tracks,
Ojos Tremendos,
Hill Climber,
The Temptations Sing Smokey,
What I Like About You (And Other Romantic Hits),
Magazines Or Novels,
Technical Difficulties,
Hagan Correr la Voz,
Is This The Life We Really Want?,
As I Am (Expanded Edition),
"Dance, Dance, Dance: The Best of Chic",
Tres Hombres,
The New Abnormal,
Especial,
It Won't Be Soon Before Long,
En la Piel,
Si Tu Novio Te Deja Sola,
Demon Days,
La Forma en Que Me Miras,
"Glee: The Music, Volume 4",
Nafta,
Part of Me: Celebrating the 2012 VMAs,
Holidays,
Singles,
In Time: The Best Of R.E.M. 1988-2003,
Good Days,
Any Kind of Guy,
My Cherie Amour,
54+1,
TRES PUNTOS SUSPENSIVOS,
The Innocents,
El Dorado,
Superheroe,
Essential - Girls Night In,
Alta Datax,
Cuphead (Original Soundtrack),
This Old Heart Of Mine,
It Is What It Is,
D.J. Masters: Slammin' Jams,
Pistolas al Amanecer,
Soltera,
Turtleneck & Chain,
The Lockdown Sessions,
Los Gatos,
Fly Like An Eagle,
Maggot Brain,
Coti,
Mi Primer Rock,
Daredevil: Season 3,
INXS Remastered,
MAÑANA SERÁ BONITO,
Six Feet Under,
Happy Together,
Hell N Back,
Cold Water (feat. Justin Bieber & MØ),
Don't You Worry Child,
Ojitos Chiquititos,
Chip Chrome & The Mono-Tones (Deluxe),
birds / surfers,
TV Music & Theme Songs (2015),
Solo Se Trata de Vivir / Solopiano Vol. 1,
Face Value (Deluxe Editon),
TV Theme Library - Hit TV Show Themes,
Sinfonías,
El Impulso,
Dame Bola,
Somebody’s Watching Me,
El Pechugón,
More Hits By The Supremes,
Rhythmeen,
Lobo Suelto,
The Definitive Art Tatum,
Rio Revisited,
Curtain Call,
Start of Something New,
Lighter,
Free Nationals,
Walls,
Ñoco ñoco,
Criminal,
El Perdón (w/ Enrique Iglesias),
Her,
The Perfect Valentine's Day Music: Instrumental Guitar,
Frampton,
Willy the Kid,
Barrio Estación,
Whitesnake's Greatest Hits,
Faith,
Yansıma,
The Hits--Chapter One,
Ghost In The Machine,
origami,
I Like It Like That,
The Cream Of Clapton,
Monody (feat. Laura Brehm),
Ylang Ylang EP,
The Essential Men At Work,
unexpected,
To Pimp A Butterfly,
channel ORANGE,
Can't Buy A Thrill,
"Non, je n'ai rien oublié",
Kevin Johansen + The Nada + Liniers: Vivo En Buenos Aires,
Casi Justicia Social I,
Pretty Girl,
Radical Action To Unseat the Hold of Monkey Mind (Live),
4EVER,
Evil Friends Remix EP,
Las Pastillas del Abuelo,
La Vanguardia Es Así,
Fruit Island,
Secretos (Remix),
Thrill Of A Lifetime,
Unpredictable,
Tchakabum Ao Vivo,
John Wesley Harding,
JORDI,
Midnight Sky,
31 Minutes to Takeoff,
We Are The People (feat. Bono & The Edge),
How To Save A Life,
Only Fans,
Vente Pa' Ca (feat. Maluma),
Bush Doctor,
This Is... 1986,
Pop Classics,
Compilation Football World Brazilian,
Te Boté (Clean Version),
A Todo Ritmo: I <3 Dance,
Viaje,
Score,
Lo Mejor de Fabiana Cantilo,
Everything You've Come To Expect,
Bambi,
Vivaldi: The Four Seasons,
MONTERO,
Somebody To Love,
WandaVision: Episode 7,
Something Special,
Tragic Kingdom,
Up,
Art of Love,
Vivo Paranoico,
The World Of Authentic Jewish Music Poetry,
La Jumpa,
I Don't Want To Miss A Thing EP,
Rock Nacional,
Negro Swan,
Kim Wilde,
Cars 3,
Leave My Home,
OUT OUT (feat. Charli XCX & Saweetie),
shy little frog,
Do It To It,
Jazz for Kids,
Super Trouper,
Motivational Music for the Syncopated Soul,
This Old Dog,
Roll With It,
Blondes Have More Fun,
Midnights,
Again,
American Woman,
Never Can Say Goodbye,
No Quiere Enamorarse (Remix) [feat. Daddy Yankee],
La Melodia De La Calle,
Origins,
Dancing On The Ceiling,
Move,
An Anthology,
The Very Best Of The Moody Blues,
"The Star Wars Trilogy: Episodes IV-VI - Music From Star Wars-A New Hope, The Empire Strikes Back & Return Of The Jedi",
Perro de Playa,
"Now He Sings, Now He Sobs",
Ugly is Beautiful,
Diles,
The Ellington Suites,
Life Thru A Lens,
"Yo x Ti, Tu x Mi",
What A Wonderful World,
Aladdin,
99 Luftballons,
Love?,
Oh No! It's Devo,
Drive By,
Merry Christmas,
There Goes the Neighborhood,
Indastudio,
"The Joy of Music, The Job of Real Estate",
SHE IS COMING,
"Pekeño 77: Bzrp Music Sessions, Vol. 5",
Peace Is The Mission,
Movies & TV Music,
Fly Me To The Moon...The Great American Songbook Volume V,
La Familia B Sides,
Twistin' the Night Away,
INDUSTRY BABY (feat. Jack Harlow),
Canciones Colgantes,
La Botella - Single,
Doctor Who - The Day of The Doctor / The Time of The Doctor (Original Television Soundtrack),
I Guess I Just Feel Like,
Stormbringer,
Work From Home With John Williams,
"Fronteamos Porque Podemos (feat. Daddy Yankee, Yandel & Nengo Flow)",
El Madrileño,
Isolation,
Blondie,
Vivir Asi Es Morir De Amor,
Sca Ryp Ock Ets,
Rain Makes Everything Better,
Alien Love Secrets,
Rogue One: A Star Wars Story,
Yueves,
Mundo Perfecto,
Piel a Piel,
Welcome Interstate Managers,
College Park,
La Morocha,
The Humdinger,
Arc Of A Diver,
Besarte,
Word Of Mouf,
The Graduate,
"Quevedo: Bzrp Music Sessions, Vol. 52",
"Hello, Dolly!",
"You're The First, The Last, My Everything",
Repeat After Me,
Háblate de Mí,
Ace of Spades,
"Strangeways, Here We Come",
Star Wars Episode V: The Empire Strikes Back (Original Motion Picture Soundtrack),
Sinatra & Company,
The Black Parade,
Heat,
Remixed,
Athletic Progression,
December’s Children (And Everybody’s),
The Second,
Powers Of Ten; Live!,
Cuarto de Hotel,
Modjo,
Venice,
La Flaca (feat. Juanes),
No Need To Argue,
Especial Edicion,
King Of The Electric Blues,
Every Picture Tells A Story,
Birds In The Trap Sing McKnight,
Everything Is 4,
Dime Cuantas Veces,
One More Night,
Facing Future,
Carnavalintro,
De Bailadeta,
hARAkiRi,
100 70s,
Antologia Roberto Goyeneche,
Obras-Primas,
Loving Is Easy (feat. Benny Sings),
Turning Point,
30 Aniversario 1964/1994,
Axis: Bold As Love,
"Cover Sessions, Vol. 3",
"Dani Ribba: Bzrp Freestyle Sessions, Vol. 7",
The Princess and the Frog,
Can't Feel My Face,
Spotify Singles,
Valentine's Day - R&B Love,
The Division Bell,
Secrets,
Your Favorite Songs from 100 Disney Channel Original Movies,
Welcome to Brixton Remix,
The Essential Philip Glass - Deluxe Edition,
Solo para Fiesteros,
Swell - I'm Sorry,
Turraka (Remix),
Let's Get It On,
Focus,
St. Elsewhere,
Right On Time,
Best O' Boingo,
Historias Populares,
80's Arena Rock Essentials,
Hot Sauce Committee,
Influencia,
"Milestones of Jazz Legends - Duke Ellington and the His Vocalists, Vol. 5",
Aladdin Special Edition,
Silhouette,
Somewhere in Time,
Aladdin Original Broadway Cast Recording,
Stay Awhile / I Only Want To Be With You,
Risk,
Fade Into Darkness,
Naked,
El Ultimo Concierto A,
Goosebumps,
"Cover Sessions, Vol. 2",
Hotel Lobby,
never,
A Repeated Flow From Beauty To Higher Beauty,
Millennium,
Les Plus Grands Success De Chic - Chic's Greatest Hits,
Shostakovich: Jazz Suites Nos. 1 - 2 / The Bolt / Tahiti Trot,
Symphony (feat. Zara Larsson),
blkswn,
Oro,
EL ÚLTIMO TOUR DEL MUNDO,
Blake Mills,
Y Ahora Qué Pasa EH?,
Fascination!,
Dimelo,
It Only Takes a Minute: A Lifetime with Tavares,
Colour By Numbers,
Sundown (Original Motion Picture Soundtrack),
Fulfillingness' First Finale,
Used To Love (with Dean Lewis),
'Til It's Over,
Dylanesque,
Curtain Call: The Hits,
Dub Side Of The Moon,
Brooklyn In The Summer,
Rara Vez,
Sólo Hits,
Footloose (15th Anniversary Collectors' Edition),
"Rise And Fall, Rage And Grace",
An Electrifying Evening With The Dizzy Gillespie Quintet,
"Lit Killah: Bzrp Freestyle Sessions, Vol. 3",
The Very Best of Aretha Franklin - The 70's,
I Got You (I Feel Good),
Getz/Gilberto,
"Paulo Londra: Bzrp Music Sessions, Vol. 23",
Acid Rap,
TA13OO,
TROYA,
Good for the City,
El Aguante,
DM Remix,
Calma,
The Resurrection,
Alex Gargolas Greatest Hits,
Red Hot Chili Smashup,
Cae el Sol,
Mr Finish Line,
The Best of Big Mountain,
461 Ocean Blvd.,
Playlist: Rock,
Pleasure & Pain,
Storyville Presents The A-Z Jazz Encyclopedia-E,
This Is What You Came For,
Escapism,
Anthology: Jackson 5,
Me Declaro Culpable,
Throwing Copper,
Los Leyenda Valdés Marzo '16,
"'80s & '90s Love - Power Ballads, Slow Jams & Love Songs",
Heaven on Earth (Remastered & Expanded Special Edition),
Otro Trago,
Que Esperas,
Blonde,
Piano Man: The Very Best of Billy Joel,
Untrapped,
Fifty Shades Freed,
Two Hearts,
Losing My Religion,
"¿CÓMO TE VA, QUERIDA?",
osho,
Scott 3,
Hejira,
Last Call,
"Rarities, B-Sides and Other Stuff, Volume 2",
The Never Story,
Buknas De Culiacan Con Tololoche,
Bumbum granada,
De Bichos Y Flores,
Sinatra/Basie: The Complete Reprise Studio Recordings,
Dish Of The Day,
Garage Inc.,
Abba,
Como Le Digo,
Ahora Dice,
Llama,
Bigroom Never Dies,
Bésame (Siéntelo),
El Hombre,
Could Have Been Us,
...Baby One More Time (Digital Deluxe Version),
Quien Dijo Amigos?,
Doo-Wops & Hooligans,
System Of A Down,
Home,
American Pie,
Rules,
The Very Best Of The Staple Singers,
The Aristocrats,
The Script,
Never Been Better,
Abandoned Luncheonette,
Classics from the 78RPM Shellac (Remasterizado 2022),
100 '80s Classics (Re-Recorded / Remastered Versions),
Gilbertos Samba,
Just Some Loops,
Murder on the Orient Express (Original Motion Picture Soundtrack),
50 Best Classics,
abcdefu,
Full Moon Fever,
Sweet Dreams,
Bayou Country,
Feels Like I Do,
Amartebien,
"The Composer Of Desafinado, Plays",
PELOTUDA,
JELLY,
Duke Ellington & John Coltrane,
Residente,
Animal,
Welcome To Brixton,
Todo Cambio,
Tame Impala,
Perotá Chingó,
Red Light Green Light,
The Best Of DMX,
Oohla Oohla,
Thank You,
Vivaldi: Four Seasons,
444,
Bury Me Alive,
100 Greatest Feel Good,
Emergency on Planet Earth,
La Promesa,
Objection Overruled,
Gipsy Kings,
La Dura Vida del Joven Rapero,
Quixotic,
Distorsion,
Caraluna,
Cake By The Ocean,
Twilight,
The Magic Gang EP,
Reloj,
Collateral,
MANTRA,
Kenny Dennis III,
All We Know,
Electra Heart,
Boys And Girls,
She's So Unusual: A 30th Anniversary Celebration (Deluxe Edition),
Chantaje,
Amigos,
Desenchufado,
Love Is the Same as Sadness,
Conociendo Rusia,
Human (Deluxe),
Bad Liar – Stripped,
Bipolar,
Hablo Solo - Single,
"La Discoteca, Vol. 1 (Lo Mejor de la Música Disco de los Años 70's)",
What We Live For,
Bufón,
Greatest Hits II,
Lazy Days.,
Sinatra Sings His Greatest Hits,
Agapornis - Volando Con Ritmo,
The Madcap Laughs,
Top Gun - Motion Picture Soundtrack (Special Expanded Edition),
No Es Solo Rock And Roll,
Industry Baby,
Alta Fidelidad,
Wos Papo Nacional Argentina,
La Biblia,
Xenogenesis,
Giant (with Rag'n'Bone Man),
The Last Goodbye,
Double Nickels on the Dime,
Rolex,
Too Rye Ay,
No Llores Mas,
Mi Cama,
"Wednesday Morning, 3 A.M.",
War And Peace,
Heaven Or Hell,
Tom Petty & The Heartbreakers,
"Standards, Vol. 2",
Benny Golson And The Philadelphians,
Dura,
L.H.O.N.,
Little Angels,
7/27,
Hot Girl Bummer,
Invasion of Privacy,
KHALED KHALED,
Loca,
Out of the Blue,
Strip That Down,
Pat Garrett & Billy The Kid,
Definitive Groove: Sister Sledge,
A Lonely Crowded Place,
Bésame,
The Seeds Of Love,
Secret Dreams and Forbidden Fire,
Si,
Greatest Kiss,
The Essential Cheap Trick,
Nectar,
It's America,
Naked All the Time,
Jagger.mp3,
Essential Collection: Four Tops,
Soul Men - Original Motion Picture Soundtrack,
Regenerate,
Wildflower,
Late Night Feelings,
Bad Animals,
10 Éxitos,
Como Te Gusta el Boliche,
Call on Me (Remixes),
Wings Greatest,
En El Opera,
The Best Of Saxon,
Listen Without Prejudice / MTV Unplugged,
Pockets Presents: David Ryan Harris!,
Ella Me Decía (feat. Kevin Roldan),
ZZ Top's Greatest Hits,
Double Fantasy: Stripped Down,
Fear of God II: Let Us Pray,
"Fórmula, Vol. 2 (Deluxe Edition)",
The Fame Monster,
Tchaikovsky: Violin Concerto & Sérénade mélancolique,
Honey,
Agosto 17,
All 'N All,
Encounters,
100% Reggaeton Cubano,
The Eminem Show,
BIEN O MAL,
Make It Big,
Seven Nation Army (feat. KOYSINA),
Pearl (Legacy Edition),
The Worst That Could Happen,
SATURATION,
The Real Folk Blues,
EP (2011 Re-Release),
BACH,
Black Out Days,
Beatriz,
Sensualidad,
Leave It All To Me (Theme from iCarly) (feat. Drake Bell),
Divine,
Greatest Songs for Guilty Pleasures,
Deuces Wild,
Nena,
Blinding Lights,
"Hampton Hawes Trio, Vol. 1",
Netzwerk,
Multi-Love,
Long Live Rock N Roll,
California,
Montgomery Ricky,
Doctor Who - Series 4 (Original Television Soundtrack),
American Fool,
This Is Acting (Deluxe Version),
The Complete Collection,
Calle 13 (Explicit Version),
Mother,
"New Gramophone, Who Dis?",
Riverside (Reloaded),
digital druglord,
Hotel Cabana,
"The John Denver Collection, Vol 1: Take Me Home Country Roads",
Qui ?,
En Vivo en The Theater at Madison Square Garden,
The Woman In Me,
Mundial (Deluxe Version),
Aqualung,
Be the Cowboy,
Ultimate Sports Anthems - Stadium Classics,
The London Sessions,
Chicago X,
Heartbreak Hits,
Feuer und Flamme,
BAHÍA DUCATI,
Delicate Sound of Thunder (Live),
Some,
Where Did Our Love Go,
Tired Of Hanging Around,
Desafíos,
Amelie from Montmartre,
Sol y Luna,
Handwritten (Revisited),
Part 3,
Parado no Bailão,
Verde Paisaje del Infierno,
American Beauty,
La Champions Liga,
True Genius,
No Dijeron Nada,
Reggaeton Hits #1,
wizard,
Business As Usual,
Classical Mood Boost,
In The Pocket,
Hozier,
Una en un Millón (Remix) [feat. Fonseca & Kevin Roldan],
Chitty Chitty Bang Bang (Original London Cast Recording),
La Familia,
September (sped up + slowed),
Nuh Ready Nuh Ready (feat. PARTYNEXTDOOR),
Sigo Por El Objetivo,
I'm Just Feelin' (Du Du Du),
Ring My Bell,
3MEN2 KBRN,
"PTX, Vol. 2",
Las Antenas,
Tina!,
Terapia Intensiva,
"Close Up, Vol. 2 - People & Places",
Victoria Beckham,
Real Illusions: Reflections,
Blue Neighbourhood,
Grace Under Fire,
Silk Degrees,
Yesterday's Wine,
Bad Habits,
Blue,
Brother Bear Original Soundtrack,
Tally Of The Yes Men,
cómo dormiste?,
Janis Joplin: The Woodstock Experience,
La Ciudad Liberada,
WTF,
i remember,
Live in the U.K.,
Próxima Estación: Esperanza,
It's Time,
Pieces of a Man,
Colores Santos,
Shop: A Pop Opera,
CANGURO,
1999,
Fields Of Gold - The Best Of Sting 1984 - 1994,
Soul Queen,
Diana,
Noise vs Beauty,
Alas Rotas,
Four Tops - Second Album,
Magia,
DE ESTE LADO DE LA FOTO,
Ratones Paranoicos,
Rides Again,
Michael Schenker Group,
Balance,
The Papercut Chronicles II,
Blanco Perla,
DON'T YOU WORRY,
Te Busco,
Trio 64,
Deu Onda,
Songs Of Yesterday,
The Best Of Ziggy Marley & The Melody Makers,
Don't Leave Me Lonely (feat. Yebba),
Bandera,
We Don't Talk Anymore (feat. Selena Gomez),
MAP OF THE SOUL : 7,
Mansa,
Naturally,
Milagrosa,
Echo,
Greatest Hits: God's Favorite Band,
Beautiful Loser,
Snake Jazz (feat. Ryan Elder) [From Rick and Morty: Season 4],
Infinity,
Ultima II Massage,
Limon Y Sal,
Timespace - The Best Of Stevie Nicks,
Wilder Mind,
Los Más Queridos,
Tales From The Hudson,
Elegantly Wasted,
F.A.M.E.,
S.A.D,
Notting Hill,
Toro Rojo,
John Popper & The Duskray Troubadours,
Locura Total,
Ups & Downs,
La Flaca,
Otro Día en el Planeta Tierra (15 Aniversario - Remasterizado),
Vulgar Display of Power,
Get Your Wings,
12 segundos de oscuridad,
Wildflowers,
Morrison Hotel,
Heavier Things,
Fantasmas Peleándole al Viento,
"Trilogy: Past, Present & Future",
Canciones De Cuba,
"Or Nah (feat. The Weeknd, Wiz Khalifa & DJ Mustard) [Remix]",
Slow,
Mecha,
Mi Lado B,
The Witcher: Season 2 (Soundtrack from the Netflix Original Series),
Celebrate,
Message in a Guitar,
Forever Alone,
Pa Tra Rkt,
Africa Speaks,
Live From The Royal Albert Hall,
Cuando Me Entres A Fallar,
People's Instinctive Travels and the Paths of Rhythm (25th Anniversary Edition),
Too Hot To Handle,
The Slow Rush,
Sweet Side,
0304,
"The Traveling Wilburys, Vol. 1",
Mi Vida Con Ellas,
Black Panther The Album Music From And Inspired By,
Cha Cha,
Aftermath (UK Version),
Speak and Spell (Deluxe),
Reggaeton,
The Original Misty,
Ready,
Hands On Me,
"One Love, One Rhythm - The Official 2014 FIFA World Cup Album",
The Mandalorian: Chapter 8,
Diamond Life,
The Mountain Has Fallen - EP,
The Best of KC & the Sunshine Band,
Gusttavo Lima e Você (Ao Vivo),
"Las Mejores Canciones de Disney, Vol. 2",
Chosen Few El Documental II,
Tu beso y tu piel (feat. Gustas Mio),
+Lindax,
Love Tracks,
Combustion Espontánea,
What Is Love (Remixes),
Let Love Rule,
Imparables,
I Found My Smile Again,
Ernest In Love,
Rey Azúcar,
Aleph,
Vitamina (feat. Arcángel),
90s Songs,
Quien Dijo Amigos,
Dubai,
Something to Talk About,
Kaleidoscope EP,
Dangerous,
Music From Chasing Happiness,
You Are Forgiven,
How Are You?,
高山流水静心优美轻音乐钢琴曲,
Perdido por Perdido,
Best of Jazz Fusion,
Equal Rights (Legacy Edition),
Emotion,
Sniper Gang Presents Syko Bob & Snapkatt: Nightmare Babies,
Doctor Who - Series 7 (Original Television Soundtrack),
Me Gusta (with Cardi B & Myke Towers),
Callaita,
BALLADS 1,
TV,
Te Escapas De Mis Brazos (Remix),
Mack The Knife: Ella In Berlin,
Big in Japan,
All That I Am,
Sgt. Pepper's Lonely Hearts Club Band,
Lust For Life,
El Tiempo Otra Vez Avanza,
Soul Eater,
I Like Me Better,
Liberté,
ANGELS & DEMONS,
Spinetta Los Amigo,
Colombiana,
Dreamworks Epic Collection,
Bridge Over Troubled Water,
"Ellington In Order, Volume 6 (1934-36)",
You - EP,
R.O.O.T.S. (Route of Overcoming the Struggle),
death bed (coffee for your head),
Other Things,
Te Vas - Version Cumbia,
Havana,
Say Nada (feat. JME),
The Marina,
Soy Una Gargola,
Creedence Clearwater Revival - Best Of,
"New York Candlelight Dinner: Inspirational Romantic Background, Piano Bar Collection, Sounds for Lovers, Perfect Restaurant Jazz",
Pretenders,
Houses of the Holy,
La Ley MTV Unplugged,
UWU,
Artists vs Turtles,
Mon Amour,
Shades of the Great Classical Sounds,
The Rhythm of the Night,
The Best Of The 80's,
Autenticos Exitos,
Steve Lacy's Demo,
Layers,
The Definition Of X: Pick Of The Litter,
Shape Mix,
Rock & Roll Time,
Flyers Live at Madison Square Garden,
In Person,
Think Tank,
A Question Of Balance,
Roam (Edit) / Bushfire [45 Version],
Man About Town,
Prendido Fuego,
11,
One Wayne G,
O Melhor da Parceria,
The Lost Boy,
Slide Away,
Star Wars: Revenge of the Sith,
Yo Te Amo,
Phonk Music Mix,
My Passion,
No Superstar,
deadroses,
I Found You (with Calvin Harris),
In Heat,
Fragile,
Rain On Me,
SOUR,
HECHO A MANO,
Swimming,
Jazzmatazz Volume 1,
Quiero Creer,
Goodie Bag,
"Remixton, Vol. 2",
Chances,
Después de Ver,
Leisure,
Musica Para Despues De Almuerzo,
Suspiria,
ANIMAL,
Telefone,
Vete,
Half About Being a Woman,
what i got,
Aviões Fantasy,
TV Show Karaoke,
"Save Me, San Francisco",
Rob Scallon,
iSpy,
Calabria 2007 (feat. Natasja),
my future,
Wheels Of Fire,
Imperial Bedroom,
Arthur,
The Optimist,
MOLLY,
Sounds Of Crenshaw Vol. 1,
Double Rainbow,
Tropicoso,
QUE ME FALTE TODO,
Link Start,
La Realidad (Remix),
Mala Miax,
Private Eyes (Expanded Edition),
Antezana 247 (Deluxe Edition),
Celesteacustica,
America,
My Little Pony: The Movie (Original Motion Picture Soundtrack),
Despacito Feat. Justin Bieber,
Wild Planet,
80s Dancefloor,
Castle,
Head & Heart (feat. MNEK),
bad idea!,
Make It Real,
Revolution,
Wanted on Voyage,
Chromatica,
Loca Remix,
Stop Staring At the Shadows,
Lo Mejor del Amor (Remasterizado),
The Very Best Of D.J. Jazzy Jeff & The Fresh Prince,
Si fa presto a dire... Brusco,
Te Queda Mejor,
"Harder, Better, Faster, Stronger",
Goldo Funky,
The Elusive Light & Sound,
Rock Legends eAlbum,
Elliot - EP,
Me Ama Me Odia,
#nowspinning Vivaldi,
"Beard Ballads, Vol. 1",
Reggae Classics,
Ascension (feat. Vince Staples),
Lifetime,
racine carrée,
With The Beatles,
Crystal Visions...The Very Best of Stevie Nicks,
Kidsongs: Meet The Biggles,
Penumbra (Scaled Down),
Disney-Pixar All Time Favorites,
Classical Vibes with Tchaikovsky,
Spring Has Sprung,
21334,
"Sex, Love & Pain II",
Trap & Bass,
Ryu/Strutnut,
Bananarama,
Sunny Day,
TV Top Theme Songs,
Celebrating John Williams,
Featuring Ty Dolla $ign,
Animal Crossing: New Horizons (Theme) [Marimba Remix],
help,
DÁKITI,
Funhouse (Deluxe Version),
Circología,
Lambada,
If You Can Believe Your Eyes & Ears,
After Hours,
A Guided Tour Of Madness,
Ocean Eyes,
Naturaleza Sangre,
"Nathy Peluso: Bzrp Music Sessions, Vol. 36",
Lo Mejor De Lo Mejor,
Chariots of Fire: The Motion Picture Themes of Vangelis,
The People Who Grinned Themselves To Death,
Carpenters,
Libertad,
"KHEA: Bzrp Music Sessions, Vol. 34",
Selfish,
blink-182,
Cumbia Remixada,
Civilización,
Prestige,
Disney Classics,
Na Ponta Ela Fica,
Mozart's House,
Donde Jurgaran Las Niñas?,
Visa,
Liquid Tension Experiment,
Party Of One,
Sick Boy...Everybody Hates Me,
"Pappo's Blues, Vol.8: Caso Cerrado",
Into The Light,
Gold Skies,
"CANCELLED - Background, Vol. 1",
i'll die anyway.,
Grease Live!,
Huracán,
"Disney Summer Songs , Vol. 2",
Loopified,
Doctor Who: A Musical Adventure Through Time And Space (1996-2014),
Everything Now,
Edmundo Rivero: Edmundo Rivero Canta A Discepolo / Tangos Que Hicieron Época,
Ballbreaker,
Busca Una Mujer,
John Williams - Best Of,
La Lata,
Pocket Full Of Kryptonite (Anniversary Edition),
The Shape Of Punk To Come,
"Toy Story - ""You've Got A Friend In Me"" - Solo Piano (feat. Mark Northam) - Single",
FEARLESS,
Catalogue,
Happiness Begins,
Jeans,
Not Into You,
Whitney,
DEMIDEVIL,
i'm closing my eyes,
Hamilton,
Lean (feat. Bad Bunny & Lito Kirino),
Un Amor Verdadero,
Never Been Gone,
Run The Jewels 2,
911x 2,
The Very Best Of Mountain,
Always - The Very Best of Erasure,
"Feel Me, Baby!",
Inseparable,
No Doy Mas,
Pour Some Sugar On Me / Rock of Ages 2012 (Re-Recorded Versions) - Single,
Rasputin,
Big Baby DRAM,
5,
Fiesta Nacional (Mtv Unplugged),
Marisola,
Dolar Trap,
Coffee Breath,
Mashiach,
Viaje Eterno,
Cheap Thrills,
Gira Me Verás Volver,
"Tumba La Casa (Remix) [feat. Daddy Yankee, Nicky Jam, Farruko, Arcangel, De La Ghetto, Zion & Ñengo Flow]",
Amoroso,
Old Skool Of Rock,
Bigger Than Both Of Us,
Varsovia,
I Used To Know Her,
"Dani Ribba: Bzrp Music Sessions, Vol. 24",
The Batman (Original Motion Picture Soundtrack),
Big God,
The Grid Generation,
Volver a Amarte,
La Diosa - Los 20 Éxitos Más Pedidos,
G N' R Lies,
"O!RUL8,2?",
1 1 1,
Marcha Peronista - Evita Capitana,
One Hot Minute,
Y Lo Dejamos Venir,
Sacando Canas Verdes!!!,
Please,
Back from the Edge,
Whiplash,
"Sungazer, Vol. 2",
Up from Below,
The Little Mermaid,
Loco Live,
Movie Hits,
Dirty Rotten Filthy Stinking Rich,
Hemispheres,
Pipes Of Peace,
Play & Play: B Sides,
Sinatra's Swingin' Session!!! And More,
Si No Te Quiere Remix,
BYLAW EP,
Extreme,
Rookie Of The Year,
Hasta Despertar,
Cuando Te Besé,
Si Me Tomo una Cerveza,
Folklore I,
La Velocidad de la Luz,
Rise Of An Empire,
52nd Street,
Inviolate,
I Can Feel,
Darkdancer,
Bossa Nova Classics: O Amor em Paz,
El Farsante,
Pitch Perfect 2,
Je m'voyais déjà,
Poolside,
Vintage Chic 100 - Part Two,
The Radio in My Head: Live at 54 Below,
Leche,
"and then, it swallowed me",
Gulp!,
Fantasiax,
Under The Mistletoe,
Big Bois,
The Weather,
Mujer Yo Te Amo,
Clinically Blasé,
Come to Brazil,
Rock,
The Buried Sessions of Skylar Grey,
AVĪCI,
Band On The Run,
Harto,
Me Gusta,
El Super Junte Rkt,
Strangeland,
"Crosby, Stills & Nash",
"Go Dumb (feat. blackbear, The Kid LAROI and Bankrol Hayden)",
The Life Of Pi'erre 5,
Music From The Motion Picture Like Mike,
Elvis 30 #1 Hits,
Honk,
Otra Botella,
Balensomnia,
Singles: EBX4,
Elvis (Fool),
Camp Rock 2: The Final Jam,
Corazón Valiente,
The Essential Steve Vai,
Rawville,
THE ANXIETY,
Frankie Valli...Is The Word,
ep unexpected,
Strange Satisfaction,
Pasé por tu casa (Sesión Acústica),
Little Mermaid,
Phrenology,
Orange,
Unkind,
A New Career in a New Town (1977 - 1982),
Alone With You,
Lebón & Co.,
Jovial,
Love Yourself (Cumbia),
The Smiths,
Ateo,
The Raw And The Cooked,
The Golden Rock Hits Of Jerry Lee Lewis,
Le Mistral,
Wheatus,
"Main Title (From ""Jurassic Park"")",
Whatever You Need (feat. Chris Brown & Ty Dolla $ign),
The World We Knew,
Viva el Perreo,
SATURATION III,
"Signed, Sealed And Delivered",
Same As It Never Was,
Crime Of The Century,
Laberintos Entre Aristas Y Dialectos,
Blurring The Edges,
El Big Blue,
Still Sleep?,
Black And White,
El Duende Verde,
I Get The Sweetest Feeling,
For Your Love,
Because You Move Me,
El Baile Interior,
Anthology,
Dirty Work,
REPLAY - The 8th Repackage Album,
Wong's Cafe,
Shrek 2,
Ya No Llora,
For Your Pleasure,
Poppy.Computer,
032 vs. The Universe,
Kiss,
Look Out For #1,
RE$FRIADO,
Que Va,
Live At The Hollywood Bowl,
This Year's Model,
Beethoven: The Piano Sonatas,
Water Under the Bridge,
Topo Gigio Grandes Exitos,
Glockoma,
Fuego Amigo,
Jump In,
Es,
Be Thankful for What You Got,
Staying Alive,
Disney Heroines Music Playlist,
Brumas,
Dirty Dancing (Legacy Edition),
Power Corruption and Lies,
Shoot For The Stars Aim For The Moon,
Flexin',
For My Own,
Perrito Malvado,
La Versatilidad de la Calle,
Mura Masa,
D-D-Don't Don't Stop the Beat,
70's Funk Classics,
Divenire,
The Lotus and the Swamp,
Soul Searching,
Bendición,
Los Verdugos De La Mufa,
Decade,
If I Can't Have You,
Soul of a Woman,
Celebrate!,
Violent Femmes,
Feeling Good,
When a Man Loves a Woman,
Miedito o Qué? (feat. KAROL G),
Die Cut,
Meet The Orphans,
N.O.R.E. Y La Familia,
A Space in Time,
What Is Love?,
Me And My Hammock,
TRUCHO,
Lost in Your Light (feat. Miguel),
Independiente + Demos,
Drums at the Front,
Soul Men,
Diver Down,
The Unauthorized Bash Brothers Experience,
Rise Up,
Sin Remedio,
Aquarela,
Born Sinner,
"CA7RIEL: Bzrp Music Sessions, Vol. 14",
The Winery Dogs,
Desde el Alma,
Gloria Gaynor '90,
The Best Of Clifford Brown,
Wedding Party 2020,
Music For Eighties,
Paradise Lost,
Érase,
Barack Obama vs Mitt Romney,
The Complete BBC Sessions,
Revolución,
Lo Esencial,
No Time To Die,
Wii Shop Channel,
Homero Rkt,
We Like It Here,
Letting Go,
Rain On Me (with Ariana Grande),
100 Rock,
ANTI,
Junkie,
A Little Chaos (Original Soundtrack Album),
Play That Track,
Steve McQueen,
"Unwind with Jazz – Pleasant Soundtrack for Having a Good Time, Destress After Work, Perfect Nightlife Mood with Lovers",
Rude Boy,
Deja Que el Tiempo Cure las Heridas,
Único,
Reflektor,
Rap Protesta,
Tusk,
A Teen,
The Essential Harold Melvin & The Blue Notes (feat. Teddy Pendergrass),
Maldade$,
Breeze From The East,
Heartstrings (feat. Santana),
"Travellers In Time: Anthology, Vol. 1",
Idlewild South,
Remember My Song,
Yoga Music,
Take The Heat Off Me,
Solos en América,
Dance Vault Mixes - Copacabana (At The Copa),
La Cobra,
Rattle And Hum,
Close Eyes,
Look At Me,
Kilroy Was Here,
El Efecto,
Ring of Saturn,
Cop Drama,
Here Comes The Hotstepper,
The Endless River,
And Then There Were Three,
I Was Made To Love Her,
Pull The Trigger,
Vivaldi: The Four Seasons • Concertos for Bassoon & Violin 'in tromba marina',
Remember This Time (feat. Stefan Filey) [Funk Memories],
The Silvertone Years,
Perdón,
20 anos,
Lo Mejor del Trio America,
Sixpence None the Richer,
Tieduprightnow,
Late Nights / Early Mornings,
Symphony Soldier,
Black Beatles,
Mi Primer Día Triste,
More,
Pobre Corazón,
Zelda & Chill,
Dead Man,
Liquid Liquid,
Drink A Yak,
Big Willie Style,
corals 2,
Mistaken (feat. Alex Aris),
Incredibles 2,
Pepa Y Agua Pa La Seca,
Prender un Fuego,
Hey It's Pomplamoose,
De a 2 Ke 3+10 Caídas Sin Límite de Tiempo,
x,
13,
"Tiago PZK: Bzrp Music Sessions, Vol. 48",
Through the Barricades,
Live At Pompeii,
The Best of the Proclaimers,
Maxwell's Urban Hang Suite,
The King Of Dance,
Abel,
Los chicos quieren Rock 2009,
House of Pleasure,
MONTAGEM - PR FUNK,
Daniel Powter,
Vicio,
Bette Davis Eyes,
Signos,
i am > i was,
Time for Pop 2017,
Miley Cyrus & Her Dead Petz,
Meet The Vamps,
Black Sunday,
Ignorantes,
Boombastic,
MORNING,
Eat A Peach,
Carry Me Away,
Spider-Man 2 Original Motion Picture Score,
United We Swing: Best of the Jazz at Lincoln Center Galas,
Let's Talk About Love,
Don Juan,
"Glee: The Music, The Christmas Album",
Stealers Wheel,
Otro Nivel de Música,
Welcome to the Inferno,
ZAPPAtite - Frank Zappa's Tastiest Tracks,
Rush in Rio,
Accidentally In Love (From Shrek 2 S/T),
Born and Raised,
Born This Way,
You Could Have It So Much Better,
Colores,
Smiley Smile,
Radio RKT,
Dije Que No Me Iba a Enamorar,
A Town Called Paradise,
Épico,
Meanwhile,
ORQUÍDEAS,
Claramente,
Law and Order,
5150,
Lemonade Mouth,
Still Softish,
Classic,
"YSY A: Bzrp Music Sessions, Vol. 37",
im closing my eyes (feat. shiloh),
The Rokstarr Hits Collection,
Make A Wish,
Mi Tío Snoop,
Plain Spoken,
Surfin' USA,
Riptide,
Cilvia Demo,
Goteo,
New Light,
Presentación ARTAUD - 1973 - Teatro Astral (En Vivo),
Feel Me,
MAMACITA,
De Fiesta (Deluxe Version),
Thunder / Young Dumb & Broke (with Khalid),
The Top,
Radio Insomnio,
Alive And Kicking,
The Family Jewels,
Synth Pop,
Hannah Montana 3,
Natalie Cole Anthology,
Original Motion Picture Soundtrack OVER THE TOP,
GDFR (feat. Sage the Gemini & Lookas),
Comeblack,
Ma!!,
In Technicolor,
Southern Nights,
The Gift,
Cruel (feat. ZAYN),
Ghosts V: Together,
Lodger,
Fear Of God II: Let Us Pray,
La Salvación de Solo y Juan,
Far Cry 6: The Music of Yara,
Seru Giran (En Vivo),
Just Hold On,
Let It Roll - Songs Of George Harrison,
They Only Come Out At Night,
Palenque Musical,
Entre Dos Aguas,
True Confessions,
Triple Best Of,
Quiet Riot - Greatest Hits,
Narcos (A Netflix Original Series Soundtrack),
4 Your Eyez Only,
7Summers,
La Formula,
Que Falta Você Me Faz,
Hey Na Na,
Dear Evan Hansen (Original Broadway Cast Recording),
Comfort Eagle,
A Donde Me Lleva La Vida,
Nathan East,
Pinewood Rally,
From Darkness,
Planet Her,
The 2nd Law,
Bad Liar,
Mind Over Matter,
Music From Big Pink,
Bilingual: Further Listening 1995 - 1997,
Odyssey,
Rogue Waves,
Heathens,
Night Moves,
To Black,
"The Complete National Anthems of the World (2019 Edition), Vol. 4",
Crisis,
Último Acto,
Buenas,
Beat Tape 31,
Hot Shot,
Modern Art,
Danza Kuduro TikTok (Remix),
Post-Apocalypto,
On My Mind (Jorja Smith X Preditah),
Theres Still Us - EP,
Men Amongst Mountains,
Parade - Music from the Motion Picture Under the Cherry Moon,
Moving,
Know-It-All,
Oddments,
Body Wishes,
Five Hours,
Des/Amor,
Are You Gonna Go My Way,
Harry's House,
Detrás de las Paredes,
Drip or Drown 2,
Haunt Me,
Bailaré Junto a Ti,
Ghost Stories,
You Can Do Anything,
Issa Album,
Houdini,
Ahora,
"LABRINTH, SIA & DIPLO PRESENT... LSD",
Raydiation,
Taiga Native,
Restart Your Heart,
Edge Of The Century,
Mis Recuerdos,
Disney Channel Playlist,
PUFF,
I Love You But I'm Lost,
Mansion,
Therefore I Am,
El Clavo (feat. Maluma),
Sarah Vaughan's Golden Hits,
So,
Play Me Like a Violin,
Don't Start Now,
PUAJ (sesión),
Loco Enamorado,
Down On The Upside,
Farm Machine,
These Things Happen,
Rodrigo - Lo mejor del amor,
Avengers: Infinity War,
Behind the Sun,
Bababooey,
Live Acoustic EP,
FERNET,
Codex,
Qué Placer Verte Otra Vez (Ferro 2014 en Vivo),
La Verdad,
Vivo Acá (En Directo),
Yeah Whatever,
Tipitorex,
Doo-Bop,
The Ocean (feat. Shy Martin),
Dark Lane Demo Tapes,
Under Construction,
The Cars,
The Last Don,
Rocanlover,
Liberty,
Romancing The '60s,
Narcos,
The Very Very Best Of Crowded House,
Inferno,
Ultraviolence,
El Himno de Nosotros,
Lo Mejor de Disney en Español Vol. 2,
Cruise Control,
Tourist,
Love Me Long Time,
Vital Idol,
Flashpoint,
DIE FOR MY BITCH,
Live,
Life In The Bubble,
Greatest Hits: 40 Trips Around The Sun,
Grave Dancers Union,
Still Crazy After All These Years,
Golden Pineapple,
Little Girl Blue,
Lemonade,
When You Say My Name,
"Luciano Pavarotti, Vol. 2",
Find Tomorrow (Ocarina),
Ray of Light,
Música del Alma,
Juntos,
Monkey Business,
La Sandunguera,
Shine,
Flowers,
Mad at Disney,
Vibras,
Lonely,
La Triple T,
Victory,
The Dip Delivers,
1000 Forms Of Fear (Deluxe Version),
Despacito (Featuring Daddy Yankee),
Home At Last,
¿Quién da Más ?,
Cochi Nini,
Ya No Mires Atrás,
The Last of Us,
К чёрту законы,
Justice,
Back of My Mind,
The Resistance,
The Next Voice You Hear - The Best Of Jackson Browne,
Rattle That Lock (Deluxe),
Under the Boardwalk,
"Mario Kart Wii, The Themes",
Say So (feat. Nicki Minaj),
Black Radio,
"Greatest Hits Vol. 1 ""White"" (New Extended Version)",
If I Can Dream: Elvis Presley with the Royal Philharmonic Orchestra,
Helios,
The Show,
111,
Punk Sounds,
The Singles,
First Band On The Moon,
Concepts,
Familiar,
Men's Health: Beach Body Workout,
Suck It and See,
Furtivos,
Soy Luna - Música en ti,
Are You With Me,
Puti Short,
The Colour of Spring,
Tinty Nasty,
Les Misérables: The Motion Picture Soundtrack Deluxe,
Doctor Who - A Christmas Carol (Original Television Soundtrack),
summer bump,
BoJack Horseman (Music from the Netflix Original Series),
If It Ain't Love,
Ms. Jackson,
"Musique, Vol. 1",
Quincy's Got A Brand New Bag,
Special Occasion,
Origins Vol. 1,
The Very Best of Billy Ocean,
Lola,
Mi Deseo / Las Vegas Strip,
Brujas,
Rangos,
Dance Monkey (Stripped Back) / Dance Monkey,
Seeing Sounds,
Backyard Boy,
Divididos Por La Felicidad,
Tu Arreglapenas,
"Pajaritos, Bravos Muchachitos",
Stubbs The Zombie: The Soundtrack,
So Good,
Sailing The Seas Of Cheese,
Locket,
DOU,
Más Negro Que Rojo,
II,
More Than Just a Dream,
"C'mon, C'mon",
Passing Traffic,
Quien Es Dei V?,
Electric Warrior,
High Road,
Love In The Future (Expanded Edition),
Llama Moon,
Antes de Perderte,
Loaded: Re-Loaded 45th Anniversary Edition,
ドライブが楽しくなる洋楽ヒッツ！80年代 ROCK,
No Es Real,
EL DISKO,
Onward,
Greatest Hits: Huey Lewis And The News,
99.9%,
Plata O Plomo,
Goddess In The Doorway,
Move on Up,
Tal Vez (feat. Mambo Kingz & DJ Luian),
Hold Your Fire,
No One Cares,
The Anthology 1964 - 1971,
Canzoni Tour 2008,
"Don Patricio: Bzrp Music Sessions, Vol. 25",
The Astrud Gilberto Album,
Dueles Tan Bien,
"The Very Best Of Jimmy Somerville, Bronski Beat & The Communards",
After Chabon,
Sou Favela,
Inédito,
Astronaut In The Ocean,
RITMO (Bad Boys For Life),
Ferrari,
Please Excuse Me for Being Antisocial,
Walk Away - Collector's Edition The Best Of 1977-1980,
Coming Home,
The Monster,
El Que No Hace Palmas Tiene Culo de Pato Cuak!,
Bebe (feat. Anuel AA),
The Dream Of The Blue Turtles,
The Specials,
Simple,
Certified Lover Boy,
Stained Glass,
Eco,
Overnight,
Russian Tour 3,
Breaking Free,
Tango In The Night,
I Should Coco,
Calamaro Querido!! Cantando Al Salmón Parte 1,
The Duke Plays Ellington,
The Great Escape,
El Costado Izquierdo,
25º Aniversario (En Vivo),
Stankonia,
Non Stop 60's,
Parque Acuático,
TINI (Martina Stoessel),
One Bright Day,
When the Beat Drops Out,
"Lean (feat. Towy, Osquel, Beltito & Sammy & Falsetto)",
Tchaikovsky: Swan Lake,
Rock Dust Light Star,
The Circus,
Shrek,
Buffalo Springfield,
Shape of You (feat. Zion & Lennox),
All American Girls,
New Love,
Astronautti,
Memories,
Little Queen,
Baroque Masterpieces,
Vida De Perros,
Mas Que Nada,
Permanent Vacation,
Jackass The Movie,
Culpable,
Déjate Llevar,
Seven Nation Army,
2special,
Fan,
Plumas de Cóndor al Viento,
Malo,
Long Way Down (Deluxe),
Picture You Staring,
Annie (Original Motion Picture Soundtrack),
"Ravel: Daphnis et Chloé Suite No. 2, Rapsodie espagnole, Pavane pour une infante défunte, Alborada del gracioso & Boléro",
Look At Me!,
That's Life,
The Sun's Tirade,
#3 Deluxe Version,
Báilame,
High School Musical 2: Non-Stop Dance Party,
City Club,
Last Year Was Complicated,
Trend,
Falling,
My Oasis (feat. Burna Boy),
Pistola Remix,
Half the City,
Green Naugahyde,
EL BAÑO,
Alkohol,
Bariloche Edition,
Ay Ay Ay,
The Colour And The Shape,
Ooh La La,
&burn (with Vince Staples),
Want To,
Significant Other,
Rush,
Rock Steady,
Tak Tiki Tak,
Vivo De Fiesta (En Vivo),
Apocalipsis Zombi,
Where Does This Door Go,
2nd Time Around,
HEAVY META,
Busca Oro,
Happy Camper,
I Decided.,
My Generation,
Billion,
Flow de Cuyo,
Capitao Tchaka,
Disintegration,
Moon Goes Missing,
A Fever You Can't Sweat Out,
El Encuentro,
Cartoon Songs You Know by Heart,
Borracha,
Daddy Cool,
Me Tiene Mal,
"Taki Taki (with Selena Gomez, Ozuna & Cardi B)",
Acá Estoy,
The Best of Thompson Twins Greatest Mixes,
Dios Cuida De Mí,
Workingman's Dead,
Carlos Gardel - Sus Mejores Tangos,
Fine Young Cannibals,
Barrio Fino (Bonus Track Version),
Miles In The Sky,
Tazer Up!,
SIN PRONTUARIO,
DUDADE,
In Rainbows,
Self Spiral,
Pulse (Live),
Sortilegio de Arrabal,
Every 1's a Winner,
Honesty,
Mordisco,
Error 93,
Palabras mas palabras menos + 4 temas extra,
The Chorus (Les Choristes),
Hace Que Exista,
Back to Bedlam,
Moondance,
Rompe,
Culo Pa 2 Tangas,
40 Principales Pop & Rock Nacionales,
Hear Me Now,
Chocolate Rain 2.0,
La Bicicleta (feat. Maluma),
The Best Of Focus / Hocus Pocus (Incl WC 2010 Version of 'Hocus Pocus'),
Hand On The Torch,
Latin Party,
Classic Eric Clapton,
Oye Mujer,
Lofi To Study & Sleep At Night,
Strictly Pop Classics,
Famous,
Control,
Jailhouse Rock,
Now and Later,
Corazones,
Old Times in Gotham,
Balada Boa (Tchê Tcherere Tchê Tchê),
"How Big, How Blue, How Beautiful",
A Nod Is as Good as a Wink... to a Blind Horse,
One Voice,
John Coltrane And Johnny Hartman,
Shades of Deep Purple,
Oreo,
Mike + The Mechanics,
Karmelita,
Swalla (feat. Nicki Minaj & Ty Dolla $ign),
Daft Club,
Sombra Herida,
Friends (with BloodPop®),
Dream Police,
The Best Of Cutting Crew,
Más Negro Que la Noche,
Los Exitos De Sus Peliculas,
Into The Great Wide Open,
love nwantiti (feat. Dj Yo! & AX'EL),
Not 4 Sale,
Look How Me Sexy,
The Windy City,
Sim ou não (Participação especial de Maluma),
Psychedelic Daydream,
Incandescente,
Victim To The Club,
Invisible Touch,
Mutant Disco Volume #1,
Sweetener,
Extreme Bass Boost,
Las baladas (Los singles vol II),
arrow,
Numb / Encore: MTV Ultimate Mash-Ups Presents Collision Course,
Obras Cumbres Pescado Rabioso - Invisible,
Blaster,
The Original Smokie Gold,
Creciendo,
Flowers (Say My Name),
Psycho!,
The Real Thing,
Lift,
Blind,
magenta sunset memories,
Louder,
Lo Intentamos,
"Сборник Север, Часть 4",
Call Me A Spaceman,
ONEPOINTFIVE,
Knights of the Old Republic Orchestral,
Culture III,
Not Your Muse,
The Name of This Band Is Talking Heads,
Surfer Rosa,
Keep It In The Family,
Idas Y Vueltas,
Borbulhantes - A Trilha da Sua Festa,
Zigzag,
Star Wars Jedi: Fallen Order,
Everybody Loves Somebody,
Cabildo y Juramento,
Jackpot Juicer,
Chosen,
Cada Loco Con Su Tema,
"Glee: The Music, Volume 6",
Butterfly,
Room On Fire,
Strange Days,
Lagoon,
Good Times,
Future History,
Nat King Cole,
Love Is Blue - A Collection of Easy Listening World and Latin Music with Luis Salinas and Paul Mauriat,
Malbec,
Piedras y Flores,
Spotlight on Duke Ellington,
Pablo Honey,
Nostalgia,
A Second to Forget,
Live 1977 & 1979,
Inner Secrets,
The Business,
High School Hits,
Human,
Come Softly To Me: The Very Best Of The Fleetwoods,
Messenger Of The Gods: The Singles Collection,
Give My Regards To Broad Street,
Killshot,
Tan Bien,
Circus (Deluxe Version),
Inside Friend (feat. John Mayer),
Virtual Gaming Remixes,
#1 PLAKATA,
GINGER,
Box Natiruts,
Broken Dreams,
Llamame Mas Temprano / Hicimos un Pacto,
Made In Heaven,
The Most Beautiful Moment in Life: Young Forever,
En La Vereda del Sol,
Supersonico,
"25 Jazz Blend – Cool Music, Relaxation, Vintage Cafe, Dinner for Two or Evening Out, Swing of Yesterday",
Natural Mystic,
Piojos y Piojitos 2,
Flockaveli,
The Allman Brothers Band,
What's Going On - 40th Anniversary,
"1, 2, 3 (feat. Jason Derulo & De La Ghetto)",
Gargolas 5: The Next Generation,
Lady Day: The Complete Billie Holiday On Columbia (1933-1944),
Logo,
Plakito (feat. El General Gadiel & Farruko),
Ultimate Collection,
Dark Red,
DARKNESS AND LIGHT,
Rolling Stone,
Dígame usted señorita,
Star Wars & Other Sci-Fi Themes,
Mentira,
Bite Me,
SAM GREENFIELD SUCKS,
PARTYNEXTDOOR,
"Rewind, Vol. 4",
Llegó mi bar,
Lo Que Siento,
Plastic Ono Band,
DONDE QUIERO ESTAR,
The Mandalorian: Season 2 - Vol. 2 (Chapters 13-16),
The Very Best Of The Beach Boys: Sounds Of Summer,
Super,
ye,
Music For Girls Night Out,
Para los Arqueologos del Futuro,
Ecko: Bzrp Freestyle & Music Sessions,
Sí o Sí - Diario del Rock Argentino - Spinetta,
Stronger Than Before,
The Final,
An American Prayer,
Songs For Swingin' Lovers!,
I Still Love You,
Blurred Lines,
Amen,
New Rules,
My Blood,
MAFIOSA,
La Ocasión,
Soy Peor,
Den ljusnande framtid är vår,
Animal (Expanded Edition),
"Close up, Vol. 2 - People & Places",
Followers,
Ultimate Air Supply,
Envolver,
Trav'lin' Light,
A New Music Experience,
Lost in Love,
A Mil,
Hello Louis - The Hit Years (1963-1969),
Casipegado,
The Power Station Tour (East Coast),
Play Outside,
Boulevard Of Broken Dreams,
Rock n Roll Jesus,
Low,
Smokey Joe's La La,
Pretend,
Nara Dez Anos Depois,
The Songs We Sang,
No More Tears (Expanded Edition),
Let's Skip to the Wedding,
Boonoonoonoos,
Southern Rock Masters (Deluxe Digital Version),
sniffing vicodin in paris (Danny Olson Remix) [feat. Danny Olson],
Nice For What,
Faded,
Play,
Memories (feat. Kid Cudi),
Hasta el Final,
To Die For,
The Essentials,
Low in High School,
En la Oscuridad,
De Ayer de Hoy y de Siempre,
King,
Dr. Charas,
A Donde Voy (feat. Daddy Yankee),
The Motto,
Back 2 Life,
Positions,
A Seat at the Table,
Plan A,
No Complaints,
Sundress,
Aladdin Sane,
Temporada de Reggaetón,
#HEY!,
A Lo Cubano,
LA VIDA ES UNA,
Burning Bright,
Furia Latina,
El Sentimiento del Latino En Nueva York,
Let Go,
Bolling Rampal - Suite for Flute and Jazz Piano Trio,
It Gets Better,
"Expedition, Vol. 7",
The Foundations,
O Grave Bater,
Who's Zoomin' Who? (Expanded Edition),
All the Way (I Believe In Steve),
Kids Driving Pac,
Cuarteteando,
bitches broken hearts,
The Best Of Traffic,
Curtains,
Bandolero,
Bum Bum Tam Tam,
In Tune And On Time,
Sick Boy,
23,
16 TV Shows Hits,
Good People,
"TV-Titelsongs Show-Musik, Vol. 1",
"Tango, Milonga y Candombe",
Sin Llorar,
Get On Up - The James Brown Story,
Fiesta Sudaka (Parte 1),
A Cantar Peques,
By Your Side (feat. Tom Grennan),
Jumpin' Jack Flash / Child Of The Moon,
Jersey Beat: The Music Of Frankie Valli and The Four Seasons,
This Is the Story,
Dreamer,
HUNNIDDOLLA,
Pitch Perfect 3,
Runaways,
Perfect Day,
Star Funk,
American Love Call,
On Air,
Freedom Child,
C'est Si Bon,
The Crystals,
In-A-Gadda-Da-Vida,
Fire,
Leave Home,
Caroline,
Trilogy,
Dale Que Suena,
Finchè c'è la salute,
Love Song to the Earth,
diary 001,
Steel Wheels,
Unmasked,
Rompe Tarima,
Hands,
Cheerleader (feat. Nicky Jam),
DIME SI ERES FELIZ VOL.2,
Unplugged (Deluxe Edition) (Live),
The War Years (1941-1947),
Live from Spotify London,
3G,
Music Video Hit Songs (Re-Recorded / Remastered Versions),
A mis niños de 40 años,
El Fondo del Bar - Single,
Sir Isaac Newton vs Bill Nye,
Siempre Es Hoy,
El Polaco - Agradeciendo a Dios,
In The Flesh - Live,
Graduation,
Breaking Down The Door,
The Invisible Band,
Ma Fleur,
Barry White - The Collection,
Estamos Bien,
Picture Show,
Suena la Alarma,
NO ONE EVER REALLY DIES,
Summer 2019,
True Colours,
Cumbia Baby!,
Amala,
Side 2 Side,
Elis & Tom,
Ukulele Songs,
The Visitors,
TOKYO SKA TREASURES -BEST OF TOKYO SKA PARADISE ORCHESTRA,
Por Qué Sigues Con Él (Remix),
Asfalto,
Need Nobody,
Sweet Talker,
III Sides To Every Story,
Eres la Persona Correcta en el Momento Equivocado,
Midnight Drive,
Que Perra Mi Amiga,
Want to Want Me,
Divididos,
Every Step,
Rosa,
Rebel Yell,
Tu Ritmo,
Ultimate Sinatra: The Centennial Collection,
Spotify Session,
Ambiente,
El Cartel: The Big Boss,
Wild Life,
Everybody Wants to Rule the World,
"Deep: The Baritone Sessions, Vol. 2",
You Raise Me Up - Songs of Love and Devotion,
"My Dear Melancholy,",
Skool Luv Affair (Special Edition),
Ruleta Rusa,
Be My Lover (feat. La Bouche),
Room For Squares,
Conversation Peace,
Non Stop Ecstatic Dancing,
The Heist (Deluxe Edition),
Jump N Shout,
FUEGO & MALDAD,
Yellow Tape 2,
High Mid Love,
Te De Campana,
Nick Jonas X2,
Illmatic XX,
Lockdown,
Edge Of The 80's,
GO:OD AM,
Shake The Shudder,
Exitos de gloria estefan,
Entre deux rêves,
Dame la Mano,
Sin Fronteras,
Little River Band,
No Te Hagas,
Freudian,
Un Millon de Euros,
OCEAN,
Elsewhere,
Classics at the Movies: Adventure,
Yummy,
Electracoustic (Electronic Acoustic),
Nothing Else Matters,
Fervor,
Antes de Ameri,
Super What?,
Contender,
American Teen,
Miucha & Tom Jobim Vol. 1,
Tribes Vibes And Scribes,
Tinted Eyes,
Work From Home with Oscar Peterson,
Libre,
Cuero Caliente,
Baila Morena,
Cold Heart,
"Enrique Santos Discepolo ""El poeta del tango"" - Bs As Tango -",
Broke & Famous,
El Movimiento: The Mixtape,
Me Acostumbre (feat. Bad Bunny),
the masquerade,
Justo y Necesario,
Best Of Montell Jordan,
Partly Cloudy,
Girl on Fire (Remixes) - EP,
Star Wars: Return of the Jedi,
Standing On The Shoulder Of Giants,
Kinks,
Pilgrim,
Sweet Georgia Brown,
v i d r i o,
LIVRE,
KALEB DI MASI | DJ TAO Turreo Sessions #5,
Fresko,
Guerra,
The Friends Of Mister Cairo,
I Rili Don't Care,
Caracal,
Normal People (Original Score from the Television Series),
60 Rancheras Inmortales,
¡Bang! ¡Bang!... Estás Liquidado,
Lollipop,
Bashful Creatures,
Pure Workout,
Something To Tell You,
"¡El Que No Hace Palmas Tiene Culo de Pato, Cuak!",
Big Yamo o Nada,
4:44 Am,
Show,
Looking Out for You,
"Con Mucho Ritmo, Con Mucho Sabor",
Let Me Fly,
Rey Sol,
Sexto Sentido,
"Meneaito Mania ""The Original Reggaeton Classic""",
A New World Record,
Thelonious Monk with John Coltrane,
Gods Plan,
Kazoo,
No Soy Yo,
Show Them The Way,
Get You - Single,
i wanna be your girlfriend,
Dirty Deeds Done Dirt Cheap,
Mis Disculpas,
Particles,
Animal Crossing: New Horizons Main Theme,
Diamant Noir,
You Want Some of This?,
O Passo Do Lui,
Mc Kevinho,
Rockport Espacial,
Music To Be Murdered By,
ARRANCÁRMELO,
Endemoniada,
"Escúchame Entre el Ruido, Vol. 1",
The Extremist,
My Name Is...,
Un'Estate Italiana (Notti Magiche),
The Elder Scrolls V: Skyrim: Original Game Soundtrack,
"Parsley, Sage, Rosemary And Thyme",
No Brainer,
If I Ruled the World (Originall by Big Time Rush &,
Dale,
Blackout,
Bailar en la cueva,
Gold - '80s Soul,
Golden Girl (The Columbia Recordings 1944-1966),
Ashes,
Eye 2 Eye - Live In Madrid,
Rags To Rufus,
Down Down,
Please: Further Listening 1984-1986,
Peaches,
Love on Me,
Grow,
Bad To The Bone 25 Anniversary,
Zebop!,
"No Llores Por Mí, Argentina",
Ya No Tiene Novio,
Eterno Agosto,
Ludovico Einaudi: In a time lapse,
Rotos,
El Angel Vigía,
Bass Trap,
Jackie Brown (Music from the Miramax Motion Picture),
PPP,
Summer Feelings (feat. Charlie Puth),
"O Amor, O Sorriso e a Flor",
Clandestino,
Unconquered Spirit,
Love Tonight (David Guetta Remix),
My Head Is An Animal,
Talking Back To The Night,
10cc,
XXI Century Blood,
A Moon Shaped Pool,
Lose Control,
Cara Bacana,
Higher Power,
Cono hielo,
Broadchurch - The Final Chapter,
TrapXficante,
Moon Safari,
ENOC,
High As Hope,
Jarhead,
WWE: WrestleMania - The Music 2013,
Choka Choka (feat. Ozuna),
Shapes of Rhythm/Woman Is Sweeter,
Gone With Golson,
DESARMAR,
A Go Go,
We Found Love,
Boo Boo,
Sesión - 6,
Fiesta Mariachi,
Jazz Me Outside Pt. 2,
Playlist: Domenico Modugno,
Jungle Rules,
Men,
Drunk Texting,
Prisoner (feat. Dua Lipa),
Nellyville,
777,
So Far Away (feat. Jamie Scott & Romy Dya),
XSCAPE,
Four Day Weekend,
Fandango!,
First Steps,
The Best Of 25 Years,
Holy Fire,
The Very Best Of The Alan Parsons Project,
Havana Moon,
Friday (feat. Mufasa & Hypeman),
Cucumba,
Rhino Hi-Five: The Trammps,
The 50 Greatest Love Themes,
Jack Stauber's OPAL (Original Soundtrack),
Ultimate Christmas,
"Meaty, Beaty, Big And Bouncy",
Yikes!,
Spiritual Healing (Deluxe Version),
Gorgeous George,
Changes,
The Very Best Of Ram Jam,
"Un Polvo (feat. Bad Bunny, Arcángel, Ñengo Flow & De La Ghetto)",
The Devil's Walk,
Asesina,
Lanza Internacional,
Si Te Lastimé,
Muse,
Clutching at Straws,
Volume 1,
Good For You,
Milky Way,
Delirium,
A Coup De Rêves,
Riding with the King,
The Essential Jerry Lee Lewis [The Sun Sessions],
Eye Of The Tiger,
1987,
Little Talks,
"The Big Band Era , Volume 8 - The Passing Of An Era",
Driving,
Valotte,
14F,
Pa los Gustos los Colores (Remix),
"Freak 'N' Roll...Into the Fog: The Black Crowes All Join Hands (The Fillmore, San Francisco)",
Baby Got Back,
Pibes Chorros:Discografía Completa Vol.1,
Musica Argentina I,
Mindfull Music,
Earfood,
"Best Songs of All Time "" Top Ten List""",
Brick in Yo Face,
Enganchado #TocoParaVos,
Varra,
"Young, Gifted and Black",
Fun Funk,
Secreto,
Get Born,
Midnight Love,
Mensajes Del Alma,
Vai Embrazando,
"Black Dyke Plays Greatest Movie Hits, Vol. 2",
Savage Garden,
New Wave,
Knocking At Your Back Door: The Best Of Deep Purple In The 80's,
Dick (feat. Doja Cat),
No Te Creas Tan Importante (En Vivo),
"Don't Forget About Me, Demos",
The Best Of UB40 Volume I,
Still on My Mind,
Time Further Out,
Teeth,
Versus,
Fiel,
Narrated For You,
RAYO,
Head Hunters,
Pharmacy,
SHADYXV,
Kids' Menu,
Rock en Español Otro Más,
Rising,
The Sweet Escape,
De mi puño y letra - Edicion Coleccionista,
Disney/Pixar Greatest,
Carnavalintro Remixes,
50 Years - Don't Stop,
Playlist: 70s Pop,
Introducing...,
Work Song,
Soles,
Flash Gordon,
Red Bull Music Sessions,
LemonChamp,
4am,
Nudy Land,
Autopista al Horno - Single,
Worlds,
Made In Japan,
We No Speak Americano,
Up Till Dawn (On The Move),
Falling for U,
Clouds,
Piano Man (Legacy Edition),
Lord Don't Slow Me Down,
Dímelo Wacho,
WALL-E,
Emanuel,
Life Could Be a Dream,
Un Mundo Diferente,
The Sensational Ike & Tina Turner,
Cambio,
Creedence Clearwater Revival,
No Me Conoce,
Dancing Alone,
Elastique (Remastered),
Mr. Saxobeat,
Marvin's Marvelous Mechanical Museum,
El Tekila,
Lento,
Tom Tom Club - Deluxe Edition,
Atraves del Mar de los Sargazos,
I Can't Tell You How Much It Hurts,
The Yardbirds Story - Pt. 3 - 1965/66 - Big Hits & America Calling,
SÚBELE EL VOLUMEN,
"Three Dollar Bill, Y'all $",
Country Grammar,
44/876,
Ali Baba,
Under Cover,
80's Retro Party,
Con el Alma,
Born to Be Alive,
Dueños Del Viento,
Árabe,
Purpendicular,
Diana Ross Presents The Jackson 5,
Flux,
Chinese New Year,
Santana IV,
The Later Years,
BRAVE,
Saquarema,
Along Came Tom Jones,
It Was Written,
Mio Fratello E' Figlio Unico,
I Wanna Know,
Pikalar,
"No Me Conocen (Remix) (Con Duki, Rei & Tiago Pzk)",
Luv Is Rage 2,
"TV Themes And Soundtracks, Vol. 1",
Who Killed The Zutons?,
Minute by Minute,
The Vocal Album,
Vida Tranquila,
Feel Your Love,
Disney Lullabyes,
Boys Ain't Shit,
Basta,
En Vivo Gran Rex,
Kevin Roldan (Special Edition),
Our Favourite Shop,
Give Me the Night,
Tren de Fugitivos,
Gunfighter Ballads And Trail Songs,
Eastern Sounds,
BUTAKA REMIX,
Greatest Golden Hits,
Inocente,
Let the Boogie-Woogie Roll: Greatest Hits 1953-1958,
I Am A Bird Now,
Original Album Classics,
Jack Johnson And Friends: Sing-A-Longs And Lullabies For The Film Curious George,
Average White Band,
Closed chapter,
Space Oddity,
Sola Otra Vez,
Vinicius De Moraes,
Stuck Up,
No Tengo,
Junk Of The Heart,
Wedding Party,
summer depression,
Midnite Vultures,
50 Años de Rock Argentino Vol. 3,
Best of Dance Disco Music Hits 80's 90's. La Mejor Música Dance Y Disco De Los 80 90,
Die Lit,
Wellerman,
Up at Night,
Good Morning,
Brasil Bossa Nova Grandes Autores Vinicius Toquinho Tom Jobin,
Baila,
Maté al Amor,
El Camino,
The Free Story,
Fuzzybrain,
Love Gun,
Change,
Cabeza de Chorlito!!! En Vivo,
Churupaca,
Award Winner,
Living Single,
Non-Stop Music Selection,
Press Start!,
Stranger Things (Soundtrack from the Netflix Original Series),
The Rhythm Of The Saints,
Wildest Dreams (Taylor's Version),
They Came From The Shadows,
Dopamine,
The Very Best of The Everly Brothers,
Lo Más Escuchado De,
To The Bone,
Gypsy Honeymoon: The Best Of Kim Carnes,
Rockin' 70's,
CNCO,
Sunny Side,
Enemigo,
What Went Down,
Square Remixes,
Animal Crossing: New Horizons (Theme) [Cover],
A Show of Hands 15,
Star Wars: The Force Awakens,
Commercial,
"Whoa, Nelly!",
"A Singles Collection 1982-1992: Six of One, Half-Dozen of the Other",
Without Me,
Perreito,
Feeling Crazy,
Return To Center,
Mulan,
Permanent Waves,
Flip Fantasia: Hits & Remixes,
Zendaya,
Black Magic,
Rhino Hi-Five: The Rembrandts,
Funky Times,
Whatever,
Remix Cumbiero,
Automotivo Bibi Fogosa,
Seu Jorge and Almaz,
Nara,
Pleaser,
High Tide in the Snake's Nest,
INTO THE UNKNOWN,
Was Ist Das,
Hands Of Love,
Is This Love,
Presentando a Julio Sosa,
Close To You And More,
Los Reyes del Perreo,
Pensacola Radio,
She's Fire,
Foundations,
EN MI PEAK,
Day Tripper - 15 Años de un Viaje Sin Escalas,
La Rompe Corazones,
Cumbia Buena,
Graviity,
Power To The People - The Hits,
Floor Seats,
Que a Pasao,
Laid,
Bloody Tourists,
Women In Technology,
"Milestones of Jazz Legends - Duke Ellington and the His Vocalists, Vol. 3",
Slap the Bass,
Nothing Breaks Like a Heart,
20 Grandes Exitos (Remasterizado 2015),
Salsa Del Barrio,
We Only Talk About Real Shit When We're Fucked Up,
Anchor EP (Tour Edition),
Forbidden Voices,
Born To Run,
Joao,
Olha a Explosão,
Dirty Bass,
Cinema Transcendental,
Con Estilo Propio,
Chemicalz,
Anjunadeep Explorations 14,
Tropical,
Te Necesito,
Fetish (feat. Gucci Mane),
BM (London View),
Confident,
Blaze Of Glory,
Enamorarnos Bailando,
EVERYBODY,
Counting Stars (feat. Time Dog),
i'd rather be with you,
The Essential Michael Bolton,
"New Acoustic Sessions, Vol. 4",
Kill 'Em All (Remastered),
Hip Hop Cardio,
Candy,
Jugador del Año,
In Blue,
BACK TO ROCKPORT,
On The 6,
OBLIVION,
Come Back Around,
iCarly - Music From and Inspired by the Hit TV Show,
Obsessed With You,
Keep The Faith,
Dr Hypenstein,
Protocolo,
I Feel Love,
Bailando,
Only The Best Of,
A Jolly Christmas From Frank Sinatra,
Fall Funk,
Donde Estan Los Ladrones,
Afrodisíaco,
Mil Siluetas,
Stairsteps,
Formentera,
Tainted Love,
Hey Ma (with Pitbull & J Balvin feat. Camila Cabello),
Rocket to Russia,
A Kid Named Cudi,
Mueve el Cucuta,
Gord's Gold,
Platonicos,
Telekon,
Keep My Cool,
Zoot Allures,
No Lo Entiendo,
El Enemy de Los Guasíbiri,
Un Nuevo Sol,
Baptism,
Alive 2007,
Café la humedad,
so sad so sexy,
Love Hurts,
Brisa,
Stars On 45 - The Very Best Of ...,
As the World Caves In,
Wired,
Bang Your Head,
Cool Jazz For Hot Nights,
Sony Jazz Portrait,
"Venid, Venid Adoremos, Vol. 2",
Bonita,
Soul,
A Legend,
Cypher V2,
Once on This Island (Original Broadway Cast Recording),
Rick & Morty,
"Lo Mejor Del '95 Boom, Vol. 3",
Los Favoritos,
Romaphonic Sessions,
Pasarla Bien,
Yield,
Colma,
The Healer,
The Later Years 1987-2019,
Idolize Yourself: The Very Best Of Billy Idol,
Cafetín de Buenos Aires,
That's The Way Of The World,
Picky Back To The Roots,
La Medicina,
Last Christmas (Glee Cast Version),
Sacred Hearts Club,
Voyager - Essential Max Richter,
Physical,
Virtual Diva,
Vuelvo a Estar Con Vos,
Sexo (feat. iLe),
mix pa llorar en tu cuarto,
"Shame, Shame",
Anaranjado,
Break Out (1983 Version - Expanded Edition),
Careless Whisper,
All My Demons Greeting Me As A Friend,
Pase Lo Que Pase,
this time i don't think i can,
Souled Out,
Una Locura,
"Oral Fixation, Vol. 2 (Expanded Edition)",
Throw Shade,
Give Me Convenience or Give Me Death,
CUJO,
Schrei (so laut du kannst),
Twelve Deadly Cyns...And Then Some,
Solo Sé,
Body And Soul,
Sin Palabra,
Phenomenon,
You Got Me,
Scary Goldings IV,
Broken,
10 Anos De É O Tchan,
La Llevo Al Cielo,
So Far So Good,
The Lead And How To Swing It,
Sing,
Funkalicious,
Hasta luego,
Una Cita,
Nocturnal,
El Grito Sagrado,
Two 1 Two,
drink bleach,
Fire & Ice,
Hoje Eu Vou Parar Na Gaiola,
Rose Tattoo,
Up!,
moonlight,
The Best Damn Thing,
Blind Melon,
All I Want for Christmas Is You,
Sex & Food,
80's,
Living Facts,
Pescado Rabioso 2,
Cupido,
Love Goes,
Trapanese,
Comerte a Besos,
Journeyman,
VEGA INTL. Night School,
Suena Migrantes!,
El Firulete,
I Can't Handle Change,
just friends,
Cereza,
Swarm,
i don't care at all,
Funhouse,
Construct,
Yes Lawd!,
Elements Of A New Life,
Turn Up The Speakers,
Cosa de Hombres,
When The World Comes Down,
Love Everybody,
Down Tonight,
"Dire Dire Docks (From ""Super Mario 64 GMB Cinematic Soundtrack"")",
Talking Dreams,
Mit Peck,
Sunday Merlot,
De La Cabeza Con Bersuit Vergarabat,
C U Girl,
Winterheart's Guild,
Crowd Pleasers,
Miami Pre-Party WMC 2013,
Jolene,
BALLIN',
Past Lives,
Klezmerson,
Raise Your Glass,
Joanne,
Aprender a Olvidar - Single,
Visualízate,
El Salmon,
Cat Scratch Fever,
La Tengo Engancha,
Core,
Lonerism B-Sides & Remixes,
Gloria Gaynor,
Aquelarre,
Characters,
Fast Car,
Don't Look Down (feat. Usher),
Glorious,
Nadie Te Pregunto,
Sh-Boom,
Forte Forte de Lacoste - Pra Começar o Final de Semana,
Greenback Boogie - Single,
Skrillex and Diplo present Jack Ü,
Drones,
Windows,
Hate Me,
DIVA- Platinum Edition,
The Jungle Book,
Canta,
In Heat.,
"Pappo's Blues, Vol. 3",
Son Cosas,
Summer Songs,
Classic Rock Radio,
Me Llamas (feat. Maluma),
Actuar Para Vivir,
Congratulations,
Bad Reputation,
Audioslave,
Viva Hate,
Te Vi na Rua Ontem,
The Moon & You,
Touch (Reissue - Deluxe Edition),
Wedding Reception,
Ay Papi,
"Canti Per La Liturgia, Vol. 5: A Collection of Christian Songs and Catholic Hymns",
Good News,
Easy Money Baby,
Baby,
Samba Nightlife Vol. 2 (Brazilian Samba for Your Warm Summer Party Nights),
Scary Goldings,
Vol. 1,
Sueños,
Text Talk,
Ella,
No Guidance (feat. Drake),
A Mi Lado,
Loud,
X,
"Glee: The Music, Journey To Regionals",
Fun Children Songs on Guitar,
Shakedown Street,
Como Yo Le Doy (Remix) [feat. Zion & J Alvarez],
Will He,
Que c'est triste Venise,
Puerto Rico,
Naranja Persa 2,
The Essential Willie Nelson,
Nick Terranova Starkillers Remixes and Originals,
Jazz Loves Disney,
A Place Like This,
"Piano Concerto No. 1 in B-Flat Minor, Op. 23, TH 55: 1. Allegro non troppo e molto maestoso",
Live Like You Were Dying,
Música Folclórica Argentina,
Armageddon - The Album,
Las Vueltas De La Vida,
No Longer In My Head,
My Beautiful Dark Twisted Fantasy,
Lofi de Fondo,
Vida Louca,
Renaissance - The Classics - Volume 2,
Harlem Shuffle,
Reggae Essentials,
Gloria Gaynor (Remastered),
Big Generator,
More Songs About Buildings and Food,
Midnight Memories (Deluxe),
Original Broadway Cast Album,
TAKE US INTO SPACE,
WAP (feat. Megan Thee Stallion),
50 Big Ones: Greatest Hits,
What Kind of Love,
Automaton,
Confessions of a Dangerous Mind,
Carte Blanche,
Bass Boosted Top Hits - Deep House Music - Car Music - Electro House - Workout Music - Sport Music,
Astronaut,
Parked Car Convos,
Weekend Love,
Cenário,
Ultrascores,
Lose Myself,
7x7,
NO voy a llorar :'),
Un Gusto,
Matters of the Heart,
Alarm,
A fuego,
The Rise and Fall of Ziggy Stardust and the Spiders from Mars,
Don Cornelio y La Zona,
Partners In Crime,
Wingspan,
Los Maleantes,
Warrior (Expanded Edition),
Minecraft: Nether Update (Original Game Soundtrack),
SremmLife,
Party Girl,
Cargar La Suerte,
Buena Vista,
Carrete Mode,
No Lo Compren,
Sour Candy (with BLACKPINK),
Una Vaina Loca,
Fire And Water,
Lady (feat. Pitbull) [The Remixes],
Ya No Llores,
XSCAPE - Track by Track Commentary,
Liszt: Scherzo and March / 3 Liebestraume / Berceuse,
Money,
We Like to Party,
CORAZÓN VACÍO,
Déjeme Ser,
Till Forever Falls Apart,
The Greatest Love Songs Vol. 1 (Collection),
Escapism: Instrumentals,
La Dicha En Movimiento,
Flakk Daniel's Lp,
La noche pide fiesta,
Late Night Tales: Music For Pleasure,
Love Is Bigger Than Anything In Its Way,
Love Will Find a Way,
Greatest Hits III,
The Southern Harmony And Musical Companion,
Versace (feat. Drake) [Remix] - Single,
Queen,
I Kissed A Girl,
Ojos Que Ladran,
Best Behaviour,
Wake Me Up,
50 Años de Rock Argentino,
The Complete Harry James And His Orchestra featuring Frank Sinatra (feat. Frank Sinatra),
Woodface,
Wir lieben Filmmusik (Music inspired by the Films),
Married to the Money II #Mttm2,
Distance,
SEP7IMO DIA,
Celebration / Morning Star,
Scent,
Gustavo Cordera en la Caravana Mágica,
Soltera (Remix),
Keep Movin,
Sun Goes Down,
SF9 4th Mini Album [ MAMMA MIA! ],
Electric Tears,
George Washington vs William Wallace,
The Ultimate Bee Gees,
Circus,
The Platters Golden Hits,
Ven A Mí,
Leave It All Behind - Single,
743,
The Legend Live - Santa Barbara County Bowl: November 25th 1979,
The Suburbs,
"Ay, DiOs Mío!",
I Robot (Expanded Edition),
Celoso,
Seve,
Blitz no Circo Voador Ao Vivo,
"Star Wars: Epic Collection, Vol. 3",
Oración Al Sol,
The Weekend,
Duet,
"Slide (Remix) (feat. Pop Smoke, A Boogie Wit da Hoodie & Chris Brown) (feat. Pop Smoke)",
The Best Yet,
The Sylvers,
Brotherhood,
The Meters,
La Flaca - Edición 10º Aniversario,
Lap Of Luxury,
See You When You Get There,
Viel Stimmiges,
Escápate Conmigo (feat. Ozuna),
Gravity,
b-sides and rarities,
You Never Walk Alone,
Kissing To Be Clever,
¡Que Empiece El Show!,
Eclipse,
Que Te Parece,
White Blood Cells,
Masters of Jazz Presents João Gilberto (1958 - 1962 Essential Works),
Treasure,
El Patrón,
Turfshow,
"Yendo No, Llegando",
Bad Company,
Victoria,
"Under the Covers, Vol. II",
Bored,
Rocky Theme - Gonna Fly Now (Disco Deluxe Mix),
The Mandalorian: Chapter 7,
Combi Nueva,
Alone In Iz World,
The Freestyles (DJ Trigga & Grz Tapez Present),
Soko,
Un Sentimiento,
The Fragile,
A Mis Amigos,
Lovebox,
Homey,
15 Grandes Exitos - Joan Sebastian,
1992 Deluxe,
Sprout,
Killing Me Softly,
Mr. Blue Sky: The Very Best of Electric Light Orchestra,
Sandinista! (Remastered),
Tango,
Positive - Negative,
In Between Dreams,
Columbia Sessions (1961-1972),
Bird - Original Motion Picture Soundtrack,
Natal Com Luciano Pavarotti,
The Soul Sessions,
The Syncopate & Motivate Tour (Set 1),
OASIS,
Carly Pearce,
Ella No Es Tuya,
Spare Tire,
OK,
Bobo,
STAY (with Justin Bieber),
Piece Of Your Heart,
Distant Light,
Project T,
Lima,
Chicago VII,
I Don't Care (with Justin Bieber),
Rock Me Amadeus 30th Anniversary,
Ayer Me Llamó Mi Ex – Remix,
Cinco Décadas de Rock Argentino: Segunda Década 1976 - 1986,
Homecoming,
Surrealistic Pillow,
Face First,
#Ysya2020 Vol. 1 - Una de Dos,
'82,
La Correcta,
Ravel's Bolero,
Ritchie Blackmore's Rainbow,
Ride It,
"Recalibrations, Vol. 1",
We Are Your Friends,
The Violent Sleep of Reason,
Mi Pueblo Se Rebela,
Over Now (with The Weeknd),
Still Ya Pusha,
Synesthesia,
On How Life Is,
Auténtico,
Yellow Hearts,
Guitar Sessions,
"Rock In Rio 30 Anos, Vol. 1",
Set Fire To The Rain,
Romeo y Violeta,
into the trees,
I,
Sun Transmission,
Time and Again: The Ultimate a-ha,
One Dance / Needed Me / Too Good (feat. Jaclyn Davies),
Deadringer: Deluxe,
Lost on You,
Take You Dancing,
Rory Gallagher,
Q.E.P.D,
Chic,
Mentira la Verdad,
Substance,
O Poeta e o Violão,
Hello Cotto,
Only A Lad,
Funkybarítico Hedónico Fantástico,
El Viaje de Copperpot,
Big Thing,
Ultra 2016,
Never Too Much,
Drugs,
Sinatra At The Sands,
"Seven Kayne: Bzrp Music Sessions, Vol. 33",
The Midsummer Station,
"Only The Poets Mixtape, Vol. 1",
En La Intimidad | CROSSOVER #1,
5x5 (En Vivo),
This Is Morrissey,
Grandes Éxitos,
Delincuentex,
Please: Further Listening 1984 - 1986,
Breaking All The Rules,
Speak Now (Taylor's Version),
Perhaps,
The Wonderful World Of Antonio Carlos Jobim,
we fell in love in october / forget her,
Mala Mujer,
B-Sides Vol.3 (2011-2015),
Tenacious D Live,
The Witcher (Music from the Netflix Original Series),
ASIN9NE,
Workin' With The Miles Davis Quintet,
Empyrean Isles,
The OF Tape Vol. 2,
Botanika,
FEMA (Finesse Elevate Motivate Achieve),
La Bohème,
Fetty Wap,
No Remorse,
True Stories,
Agua,
Harry Potter and The Sorcerer's Stone Original Motion Picture Soundtrack,
Siempre Libre (Remasterizado 2019),
Primer Avión,
Just Cosmo,
Need Your Light,
Nunca Me Olvides (feat. Don Omar),
I Don't Speak The Language,
The Reason,
Do You Wanna Go Party,
Snacks,
Chillhop Essentials Winter 2016,
Still Softish (feat. Bryce Hall),
Jogadinha do Paqueta,
Primer Tiempo,
4 ALL AGES: Disco Music,
Wild,
Ready Take One,
Panda (Remix),
Talkin' Bout a Revolution,
Lo Mas Nuevo,
ENCHASTRE,
Peter Frampton,
Ruli,
Humo en la Trampa,
Motherlode,
Tommy,
Lorenzo 1994,
Aturdido (Remix),
STELLA & STEVE,
El Madrileño (La Sobremesa),
I Love to Love,
A Grabar,
Melbourne Ska Orchestra,
Already Told You,
Todome no ichigeki (feat. Cory Wong),
Rhythm Is A Dancer (feat. Kaleena Zanders),
Caravelle,
Ballads,
La Champions Liga (Esto se va para arriba),
Tore Down House,
Across the Water,
Creatures Of The Night,
Europe '72,
Hurt (prod. AKUAUK),
Backyard Cemetery II,
Centerfield - 25th Anniversary,
Enemigos Intimos,
Dime,
La Fórmula,
Tranquila,
Whip-Smart,
Pumped Up Kid A Mashup: Pumped Up Kicks / Everything in Its Right Place,
Wow.,
Sin Codificar 10 Años,
Tchaikovsky: The Nutcracker,
Gran Turismo,
Parque De Depresiones,
Without Warning,
Care,
25 Years,
Legalize It (Legacy Edition),
Papi Shampu,
Soul Shifter,
6.18.18,
40 Éxitos: A Piano,
Emanuele (Marchio registrato),
Firestone,
Rhythm Of The Night,
Can't Be Tamed,
No Se Borra,
Terminal 3,
Foo Fighters,
Miénteme,
Gordon,
A Ella Le Gusta la Noche,
i'm sad,
The Office Theme,
Thirty Three & 1/3,
Waiting,
Hairspray,
Kissing Strangers,
Equinox,
On Your Side,
Streetsoul,
Your Love (9PM),
The Spoken and the Unspoken,
Graduation Compilation,
Beautiful People,
Bar,
Breakaway,
Cycles of Existential Rhyme,
Una Leyenda - Rodolfo Aicardi,
Tengo Razones para Seguir,
La Cama (Remix),
Golden Grain,
Beacon,
The Brasil Project Vol. II,
Perspective,
"Solos, Sessions & Encores",
"Cazzu: Bzrp Music Sessions, Vol. 32",
Highway 61 Revisited,
Dim Mak Greatest Hits 2018: Originals,
Eleanor Rigby,
Hijo De La Noche,
Kind Of Blue (Legacy Edition),
Hydra,
N.A.V.E.,
Barcos y Mariposas (Volumen 2),
Nadie Sale Vivo de Aquí,
Some Rap Songs,
Sing To Me Instead,
Drowning,
Til I Forget About You,
Harry porra,
Francis A. & Edward K.,
Player,
Forty: The Best Of Simple Minds 1979-2019,
SO WHAT!,
Extrovert,
Open Up And Say...Ahh!,
"Whatever People Say I Am, That's What I'm Not",
"Paco Amoroso: Bzrp Music Sessions, Vol. 3",
Pointbreak,
Everybody Digs Bill Evans,
Freedom,
The Back To The Future Trilogy,
TOP GUN/SOUNDTRACK,
Christmas Pop,
Agent Provocateur,
Olivia,
Crystal night,
La Vecinita,
Play (feat. Ana Tijoux),
Trap Queen,
'Bout Love,
Wild Heart,
Mission: Impossible III,
Cheryl Lynn (Expanded Edition),
New Age piano listening on Monday,
3 Originals,
Whistle For The Choir,
Destilar,
Lágrimas | CROSSOVER #4,
Rock En Espanol - Lo Mejor De Los Amantes De Lola,
Samba de Fim de Tarde,
Ni Una Ni Dos,
Aretha,
Coltrane Jazz,
Roberto Goyeneche - RCA Victor 100 Años,
Edición Crítica: Piazzolla Interpreta A Piazzolla,
No Secrets,
Lick It,
Love Me Now,
The Yngwie Malmsteen Collection,
"Ellington In Order, Volume 4 (1932)",
Sinatra's Sinatra,
Dream World (Deluxe Version),
Greetings From Imrie House,
"Elgar: Enigma Variations, Introduction & Allegro",
Colour The Small One,
Baby tell me,
Undercover,
TITAN,
Deathloop: Pitch Black (Original Trailer Soundtrack),
The Fool,
"good kid, m.A.A.d city",
Put Your Records On,
Heaven & Hell,
Boyfriend (feat. Snoop Dogg),
Herbert von Karajan - Adagio,
Vintage Vinos,
"Colección Completa, Vol. 6 (Remasterizado)",
Angelitos Culones,
coffee on the beach.,
The Ultra Zone,
SCAVENGER,
"Coming for You (feat. Loski, Bandokay & Izzpot)",
"Club Life, Vol. 4 - New York City",
GPS (feat. French Montana),
The Uplift Mofo Party Plan,
Here You Are: The Best of Billy Ocean,
Seek Bromance,
No Vendo Trap,
Shut up My Moms Calling,
Love Lockdown,
Man On The Moon: The End Of Day,
Desde Adentro - Impuesto de Fe,
Fiesta: The Genius Of Charlie Parker #6,
I See A Dreamer,
No Quiero Más,
The Karate Kid: The Original Motion Picture Soundtrack,
Makina de Armado,
Se Voce Nao Quer Passa a Vez,
70s Mix,
Spirito Italiano,
Creep,
Supermodel,
Me Llamas,
Apollo Sound 5,
There Is Only One Roy Orbison,
Cookies,
The Wonder of You: Elvis Presley with the Royal Philharmonic Orchestra,
Harvest,
"Back To Unova, Vol. II (Music From ""Pokémon Black & White"")",
Ride The Lightning,
No Need To Argue (The Complete Sessions 1994-1995),
All Summer Long,
Brick By Brick,
New Traditionalists,
The Flash TV Main Theme,
Wup wup,
Tear Up This Town,
Rapp Snitch Knishes (Live Instrumental),
La 167,
Ajena,
Gol De Mujer,
PAPI JUANCHO,
Memorial Album,
Skynyrd's Innyrds: Greatest Hits,
Take My Breath Away,
Stereotomy (Expanded Edition),
Boomerang,
Land & Sea,
Introducing the Dwights,
Aquarelle,
10 Años De Historia,
Alta Fiesta Total,
Tuxedo III,
feel something,
#EvilstreertslivE#,
Imposible,
Hot (Remix) [feat. Gunna and Travis Scott],
WALLS,
20th Century Masters: The Millennium Collection: The Best of James Brown,
Agua en la Boca,
Love At First Sting,
BLITZ (Ao Vivo e a Cores),
Live Era '87-'93,
I Lost a Friend,
Esto Recién Empieza,
Tonight I'm Yours,
J.Lo,
Major Lazer Essentials,
Chris Brown (Expanded Edition),
Gentle Boy,
"Tonight, Tonight - The Best Of",
Man VS Machine,
Me Gustaría,
Si Me Sobrara el Tiempo,
Bounce Back,
Aerosmith's Greatest Hits,
Revolucionario,
Travel Music,
Age Of The Farmer,
Musicology,
Survival,
Cool Uncle,
Roots,
The Columbia Years (1943-1952): The Complete Recordings: Volume 1,
Eat To The Beat,
Tell It to the Volcano,
My Love (feat. Jess Glynne),
Las Favoritas Del Mistico,
Luzbelito,
Latin Pop Songs Vol. 2: Bailamos,
Desde las sombras,
Sí o Sí - Diario del Rock Argentino - Ratones Paranoicos,
Depende,
Fush Yu Mang,
No Quiero Amarte (feat. Zion & Lennox),
FOUR,
The Blues Brothers Original Motion Picture Soundtrack,
Down To Earth,
Nightbirds,
Panini,
Imagination (Expanded Edition),
Téster de Violencia,
Rokstarr,
"pull up, skrt",
April In Paris: The Genius Of Charlie Parker #2,
Ashes (Remixes),
ATTENTION: MILEY LIVE,
Eliminator,
Out Of Touch,
The New Sound of the Venezuelan Gozadera,
House Party Jams,
The Sound of Rugby,
The Steven Wilson Remixes,
Groove,
Mi Cubana Remix,
Organ Freeman,
Mil Noches y un Instante,
RIP,
Heroes De Los 80,
Легенда,
The Playground,
Smooth Move,
The Interpretations Of Tal Farlow,
After House,
Cooler Than Me,
Cumbia Fresca,
Half The City,
Right Here Right Now,
Here for Now,
Sí o Sí - Diario del Rock Argentino - Virus,
The Best of Lakeside,
Watching The Sky,
GTG,
OU812,
Selfies on Kodachrome,
I Want You,
A L I E N S,
Party Girl (Remix),
Orchestra,
Ultimate,
Comethazine The Album,
Coming Out!,
Beautiful Girls,
The Singles Plus,
If I Should Fall from Grace with God,
Una y Otra Vez,
Goodies,
Plegarias A Nuestro Dios,
Can't Stop the Music,
Flight Mode (feat. Silky),
Straight Ahead,
Rasputin - Lover Of The Russian Queen,
Harvest Moon,
Bocelli,
Popular Favorites 1976 - 1992 / Sand in the Vaseline,
Summer Hits 2016,
"From Sunrise To Sunset (50 Pure ChillOut, Lounge, Beach House Tunes)",
Sigue Bailandome,
The LEGO® Movie (Original Motion Picture Soundtrack),
Chamuyar Es de los Dos,
Eaten Alive,
How Do You Do,
"The Supremes Sing Holland, Dozier, Holland",
Metal Zone,
Culture II,
sriracha,
GLAM,
The Opps,
Amor Infinito,
Shed a Light,
L'infinitamente piccolo,
Luces rojas de neón,
Stone Flower (CTI Records 40th Anniversary Edition),
Wide Awake!,
Of Skins And Heart,
"Don't Blow It, Kage",
The Less I Know the Better,
Ni Aqui Ni de Alla (feat. paulo londra),
From Time To Time - The Singles Collection,
Superheroes,
Mezzanine,
Talk About,
Signals,
La Hora De La Pavada!!!,
War Love,
origami ii,
Swass,
Star Wars: The Rise of Skywalker,
Summer In The 80s,
Seven and the Ragged Tiger,
W.A.S.P.,
The Original Hit Recording - Greased Lightning,
Wapo Traketero,
Songs Of Ponyville,
The Dude,
Tu Conmigo,
When I'm Gone,
HIGHEST IN THE ROOM,
Mix Master Edition,
Mamma Mia! The Movie Soundtrack,
Apple Crumble,
The Second Ep from,
Power,
LIT,
Agujero Interior,
QUAVO HUNCHO,
Emotional Rescue,
Freeze Frame,
Hacia Afuera,
Greatest Hits Volume II,
April In Paris,
White Pony,
I'd Like A Virgin,
Love Tonight,
El Amor de Mi Vida,
Down,
Incontinencia Verbal,
...But Seriously,
More Than Fever Night,
David Gilmour,
Ninja Mental - Unplugged MTV,
Helt Ny Varld (En) (A Whole New World) - Disney Favourites,
4 Pies,
Hypnotize Me,
Scooby Doo Pa Pa,
Time Signatures: A Career Retrospective,
On The Rocks,
Get Close,
Great Gonzos! The Best Of Ted Nugent,
Re,
Pretty One,
Very Impressive,
Hoy Volví a Verte Vs Hoy Te Vi,
Fall Apart,
Sugar at the Gate,
Índigo,
RITMADINHA DANÇANTE,
21st Century Funk,
Say So (Jax Jones Midnight Snack Remix),
Pure Heroine,
Ride The Rhode,
Curious George - A Very Monkey Christmas,
The Revival (Live),
Day 'N' Nite,
Trouble Is...,
Battle Studies,
Klezmerol,
Made In Jamaica,
Como Yo Le Doy,
Bossa Nova Soul Samba,
Mental Jewelry,
Three Little Birds,
Face to Face,
Anomalía,
Sadnecessary,
Rich Slave,
Patchanka,
Anni ottanta- Canzoni Italiane,
Chronic Sunshine,
Let Me Out (feat. Mavis Staples & Pusha T),
La mamma,
I Knew You Were Trouble,
Wonderful Wonderful,
The Complete Decca Recordings,
We Come We Rave We Love,
2000 Years - The Millennium Concert,
The World Is Yours To Take,
Se Preparó,
Atlantic Crossing,
"0 Sentimientos (Remix) [feat. Noriel, Darkiel, Lyan, Messiah & Baby Rasta]",
Snus,
Original Artist Hit List: Lakeside,
Locales Calientes,
StarStruck,
Out Of Our Heads (UK),
Mama Africa,
Chocolate Starfish And The Hot Dog Flavored Water,
Hawaii Five-O,
Lavender,
Romance,
#Update,
So Excited! (Expanded Edition),
Mercury Falling,
Complete Clapton,
Some Days,
The 20/20 Experience (Deluxe Version),
Hands Without Shadows,
untitled unmastered.,
The English Riviera,
Hoy,
Chica Real,
Gracias amor,
Apretaito,
Unbroken,
LEFT ON READ,
Transit,
Leila,
Sola,
Broadway & 52nd,
Live in San Diego,
Dancing in My Room,
All Night,
33 000 FT.,
Sing Street,
Opel,
Al Ritmo Rkt,
Let's Go,
Solo,
Finesse (Remix) [feat. Cardi B],
Santo Pecado,
Todos Quieren Ser Un Gato Jazz,
Midnight Car Scene,
Famous Last Words,
"Arcángel: Bzrp Music Sessions, Vol. 54",
S Club,
Purple,
Los Años Salvajes,
Halfway There,
The Original Hit Recording - Earth Angel,
A Bossa De Caetano,
Going Up,
Just Dance,
Let Me,
The Hobbit: An Unexpected Journey Original Motion Picture Soundtrack,
Ella Es Tan Cargosa,
Garden Party,
Back Where I Belong (feat. Avicii),
Brand New Eyes,
Desatormentándonos,
My Carousel,
Vacaciones en Mediocielo,
Joyride,
Did Too Much,
NOT ALL HEROES WEAR CAPES,
"El Ruiseñor, el Amor y la Muerte",
APRENDER A AMAR,
Whiter Shade Of Pale (feat. Steve Winwood),
Una Lady Como Tú,
Anthology - A Very British Synthesizer Group,
Bcos U Will Never B Free,
Holiday,
WILLOW,
Refugees Of The Heart,
Real and True (feat. Mr Hudson),
Só Quer Vrau,
Naranja Persa,
The Papercut Chronicles,
Eric Clapton,
cashmere noose (Deluxe),
LA FORMA DE TUS HUESOS,
Malandramente,
Fright Night: Music That Goes Bump in the Night,
Idiote je t'aime...,
Soy Sabalero,
Con Altura,
Historia de Oro,
"Love, Wanderlust and Memories",
War & Leisure,
Ring Ring,
"Squeeze Live, Vol. 1",
All Over The Place,
Ich hab garnichts gemacht,
A Bossa de Cauby Peixoto,
wannabewithu,
2026,
Grupo Play (La poesía musical),
Walt Disney Records The Legacy Collection: Aladdin,
"Sounds of Syndication, Vol. 2 (Presented by Syndicate)",
Soul Music Brasil,
Casey Abrams,
Chicago - Music From The Miramax Motion Picture,
Rapper's Delight,
Pieces,
I Need A Doctor,
Built on Glass,
Verve Jazz Masters 3: Chick Corea,
Piano Classics from the Magic Kingdom,
A Jazz Portrait Of Frank Sinatra,
"Fijación Oral, Vol. 1",
Rasta Barbie Remix,
What's Going On,
Ritmo Latino,
Ciao Adios,
Who Bit the Moon,
Themes of the Arrowverse,
The Roar Of '74,
Rock a Little,
One More Time,
Save Your Tears,
Crazy Love,
Los Fabulosos Cadillacs - Vol. V,
dead girl in the pool.,
TOXIC,
Transeúnte,
Mr. Davis,
Macadelic (Remastered Edition),
Mos Def & Talib Kweli Are Black Star,
Live At Montreux Jazz Fest,
Everything,
The Best Of 1980 - 1990,
Distractions,
Rockin' Robin,
Level 42,
Sheik Yerbouti,
Ghostbusters,
Television's Greatest Hits - Classic Comedy,
Be,
Leones Con Flow,
mono.,
Te Doy Mi Vida (Masters en Parranda),
Tú y Yo,
Dock of the Bay Sessions,
Lover,
Billionaire,
Buenas Noche,
Rodeo,
Roberto Carlos e Caetano Veloso e a música de Tom Jobim,
Get Into The Groove,
Madre En Años Luz,
Mozart: Requiem Realisations,
God's Son,
The Other Side,
Juguemos a cantar con Barney,
Turn to Gold,
Rasputin vs Stalin,
The Best of The Kingsmen,
Cuerpo y Alma,
Klezmer,
Te Quiero,
Side Effects,
Ultimate Hits: Rock And Roll Never Forgets,
Inside (The Songs),
Hagamos el Amor,
EVOL,
C.C.P.P.,
We Get Requests,
Theres Still Us,
A New Nightmare,
change ur mind,
The Little Mermaid: Original Broadway Cast Recording,
Contracauce,
City Is Ours,
Rather Be (feat. Jess Glynne),
Game Of Thrones: Season 2,
Playlist: The Very Best of A Flock of Seagulls,
Los Jaivas,
Less Is More,
Bares y Fondas,
Barking,
Muttersprache,
Emoji Antique,
Piscina,
Tender Lover,
Columbia,
80s Monster Ballads,
Make Love,
ドライブが楽しくなる洋楽ヒッツ！80年代 DANCE,
Conscience,
YHLQMDLG,
Thinking 'Bout You,
Tonight Alright,
Extreme II - Pornograffitti,
dead,
Sound Of Succes,
Skechers,
Raise Vibration,
Habits [Stay High],
Foursider,
Megamix,
2014 Forest Hills Drive,
Kool and the Gang: Greatest Hits,
London Town,
Viva! Hysteria (Original Soundtrack),
Disco Inferno,
Cryptic Writings,
Work in Progress,
Princess Bubblegum,
Chinese Democracy,
Industry Baby (Sped Up),
Nos Sobran Los Motivos,
Color Blind,
Flying,
Tusa,
Letter From Home,
Latin Hits Summer 2013,
Jinx,
X You,
Para Los Arboles,
Do It Tonight,
Excursiones,
American Woman (Expanded Edition),
The Best Karaoke Hits (April 2011),
Bright Moments,
Teenage Dream,
Cooks,
Jesus of Cool (Deluxe Edition),
The Live Mixtape [Top 5 MC’s Edition],
Frank Sinatra vs Freddie Mercury,
This Is the Sea,
Fanmail,
Lyrical Gangsta Mix,
Cool And Steady And Easy,
Merengues Vol.1,
MyBoi,
A cosa serve la guerra,
Crossing Roads: 60's & 70's Soul Rock Music Greatest Hits,
The Girl From Ipanema - The Bossa Nova Years,
"Earthbound, Vol. 1",
Remixes II,
La Trampa es Ley,
Faceless,
The Hills,
Flexible Strategies,
Kung Fu Panda,
Center Stage,
Sinatra ’65,
All My Heroes,
Primer Dia de Clases,
La Bachata,
Кис-кис,
Cheap Thrills Remix (feat. Nicky Jam),
Fiebre,
Don't Speak,
Club Future Nostalgia,
New York New York 1970-72,
Modern Primitive,
My Finest Work Yet,
Clásicos,
Dance Across The Floor,
Origin (Deluxe Edition),
Songs Of My Home,
Climax,
Letter For Poly,
Esuna,
Oda a la Sin Nombre,
Máscaras de Sal,
Black Messiah,
SEX AND LOVE,
Fashion Nugget,
Dynasties & Dystopia (from the series Arcane League of Legends),
"Friends, Themes and Poems",
Findings,
Thinking,
Prayer,
Tracy Chapman,
Honey - The Best of Bobby Goldsboro,
In the Name of Love: The Elektra Recordings 1979-1984,
Sunflower,
I Was Me,
The Best Of AC/DC,
Vanilla Ice Is Back! - Hip Hop Classics,
Where Are You?,
Raop,
Van Halen II,
Escape the Mind,
Brava,
Categoría 5 / Huracán,
LAS QUE NO IBAN A SALIR,
Carta para no llorar,
Live from the Dentist Office,
Facelift,
Como Nadie Pudo,
First Man (Original Motion Picture Soundtrack),
Entre Beso y Beso,
How Bizarre,
WITHOUT YOU (with Miley Cyrus),
The Number of the Beast,
Go To War,
La Máquina de Ser Feliz,
Speed of Night,
PRISM,
Ashes 2013 EP/I Don't Like Cricket (I Love It),
Prrum (Dale Suave),
Madonna,
Live in Gdansk,
It Will Rain,
Room For 2,
24 Cara B,
Smite and Ignite,
An Awesome Wave,
Meditation - EP,
Private Life: The Compass Point Sessions,
Tu Me Dices (Remastered),
Viva la Mamma,
Magistral,
If You Have Ghost,
Digging the Blogosphere,
Man in the Mirror,
"El Vivo, En España",
Hilda Lizarazu en Vivo,
#SELFIE,
Meditative Piano Music,
Peor Es Trabajar,
File Under Ramones,
El Paso Gigante,
Holy Diver,
All In a Night's Work (Expanded Version),
Mommy,
M.A,
Nacimos Para Morir (feat. Joryboy),
Stan Getz & Bill Evans,
La Última Curda,
Cumbia Cheta,
Veinte años,
Pepas RKT,
11:11,
Cory and the Wongnotes,
Walking on Sunshine (Original Motion Picture Soundtrack),
Family Dinner - Vol. 2,
Ticket To L.A.,
Schizophrenic,
Tv's Greatest Themes - 90's,
DiCaprio 2,
The Miseducation of Lauryn Hill,
MESITA | Mission 05,
Mine All Day,
Basta Chiudere Gli Occhi,
"Música Tropical, Vol. 2",
Ya No Vuelvas (Versión Cuarteto),
Dancing in Flames,
Departamento,
Get You The Moon (feat. Snøw),
Live at Stubb's,
Aproximaciones,
Flos,
The Very Best of the Doors,
MAÑANA SERÁ BONITO (BICHOTA SEASON),
OIL OF EVERY PEARL'S UN-INSIDES,
Enter The Wu-Tang (36 Chambers) [Expanded Edition],
Dual,
Atado A Tu Amor,
Backlash (Martin Garrix Edit),
Astronomia,
22,
No Money,
Mail on Sunday,
Te Vi,
Where It All Begins,
Solo Dance,
Screaming At The Skies,
Run Home Slow,
In the Hand of the Inevitable,
In Ghost Colours,
Luv(sic) Hexalogy,
Red Hot Chili Peppers,
Los Náufragos Cronología - Los Más Grandes Éxitos (1969-1976),
Two Princes,
High School Days Works,
Sentimientos,
Harlem Shake,
Esmeralda,
Images and Words,
"yes, and?",
Pabst & Jazz,
The Vietnam War - A Film By Ken Burns & Lynn Novick,
Kid Friendly Classic Rock,
Mueva la Carnaza,
Uber EveryWhere (OG House Mix),
Mestres da Mpb,
Unfollow,
I Do Not Want What I Haven't Got,
Canciones De La Granja 2,
Bebey,
Live In Tokyo,
Summertime '06,
"The Epic Archive, Vol. 3 (1984-1992)",
Vicious,
Flame,
Sunshine,
A New Flame,
Silhouettes,
JOSE,
La Player (Bandolera),
2 Phút Hơn,
If You Will,
The Message: The Roots of Rap,
Kurt Cobain - Single,
"Spotlite Series - 'Mainline' and 'Casino' Records, Vol. 1",
Wild Night,
Urban Renewal,
Introducing Joss Stone,
YaMeFui,
The Best Of Alice Cooper,
Did You Miss Me,
La Crisis,
EXPERIMENTO,
Life Is Good (feat. Drake),
Mosaïque,
A Roar Of Southern Clouds,
Jueves 15,
Don't,
The Presidents of The United States of America: Ten Year Super Bonus Special Anniversary Edition,
Tussi,
Can't Slow Down,
Naufragios,
AT.LONG.LAST.A$AP,
Wonderland,
Israeli Salad,
Gumbo Unplugged (Live),
Science & Faith,
Time Flies...1994-2009,
Más y Más,
Jazz Impressions Of Japan,
Born to Struggle,
Hijas Del Tomate,
The Dip,
Pibes Chorros - Criando Cuervos,
"轻音治愈:采尽世间温柔,让梦漂浮于心",
El Que Me Lleva,
PARAÍSO,
Pretzel Logic,
Uncovered,
Mining,
#willpower,
Accentuate The Positive!,
My Agenda,
Loco,
Patatin Patatero (Canciones de Cuna a los Niños del Mundo),
"My Life Is Going On (Cecilia Krull vs. Gavin Moss) (Música Original de la Serie de TV ""La Casa de Papel"")",
Meme Theme,
MAP OF THE SOUL : PERSONA,
Nunca Me Fuí,
Baby Gravy 2,
Blitzkrieg (feat. Nazaar),
Hounds Of Love,
Coffee Lounge,
'Justments,
Pizza,
Here's Love,
Confiado & Tranquilo,
Me Matas,
Pretty Girls Like Trap Music,
rockstar,
Mueve el Toto,
RUNAWAYS,
Barrilete,
Hannah Montana,
Laugh Now Cry Later (feat. Lil Durk),
Warriors,
Cuestión de tiempo,
Culture,
English Rose,
Lo mejor de Ráfaga,
Rolling Papers,
Chronicle,
A Duo Con Amigos,
Mario Kart 64,
Unica,
Christmas Songs By Sinatra,
Ô,
Another Step,
Three Times A Lady Hit Pac,
I'm Not In Love,
Coming Back,
Por Eso Canto para Bailar,
Triumph,
Verte Ir,
Want You Bad,
Confía en Mí,
Amanece,
Imagination,
Waiting for the Sun,
The Richest Man In Babylon,
Blanco,
La Tortuga Manuelita,
It's My Life,
Deep Purple in Rock,
Invincible,
English Lad,
Fair Warning,
People To People,
Without You,
Let's Go Everywhere,
Ketamine Girl,
Eternal Atake,
Rancho Texicano: The Very Best of ZZ Top,
Comfort y Música Para Volar,
Pan,
Tiimmy Turner,
De Stijl,
ARIZONA BABY,
Freaks,
SEPT 5TH,
The Main Squeeze,
Secret Room,
Rabiola,
Hits!,
Always in Between,
Cumbia Villera,
Essential Festival: Jimmy Cliff,
Resistencia,
Blue World,
Renacer,
lovestrong.,
Life Is Good,
nice to know you,
Luna Llena,
La Noche No Es para Dormir - Single,
I Wish You Lonely,
Shakin' the Ground,
So Amazing: An All-Star Tribute To Luther Vandross,
Chinese Wall (Expanded Edition),
Me Reclama,
Waking Up,
On And On,
Funky Kingston,
Last Young Renegade,
You Better Know It!!!,
Blue Sueños,
Duck Sauce - Barbra Streisand (Instrumental Version),
Give Out But Don't Give Up (Expanded Edition),
"Blunted Vato: Bzrp Music Sessions, Vol. 4",
Even,
Relish,
Damn,
Everybody Loves The Sunshine,
El Tren: Sólo Salinas,
Tea,
suffocate,
"Zaramay: Bzrp Music Sessions, Vol. 31",
Hace Calor,
Danza de Antalgia,
Fiesta,
"Hey, Soul Sister",
Para Mi,
12 Inches Of Snow,
Maquinola,
1 Am. Study Session,
Pat Benatar: The Collection,
Bi,
Fantastic,
Joytime II,
Oncemil (feat. Malú),
Body & Soul,
Q: Are We Not Men? A: We Are Devo!,
BOOM,
I'm Not Alone 2019,
My Brain Is Hanging Upside Down (Bonzo Goes to Bitburg),
En la Playa,
Pet Sounds,
Meu talismã,
Chaka,
La del Control,
Chicago V,
No Cap - A COLORS SHOW,
Exile On Main Street,
On The Road Again,
Supernova,
Whammy!,
Limitless,
Seven,
Todo Lo Perdi,
Soul Circus,
"Asan: Bzrp Music Session, Vol. 35",
Las Mas Pedidas,
La Última Vez,
Greatest Hits 1979-1990,
Bella Donna,
Diva (feat. Emilia),
Something Just Like This (Remix Pack),
Le Gustan lo' Flaites,
Don't Forget It,
Nonpalidesenchufado,
Irresistible,
Figure 8,
Missing,
Sígueme Y Te Sigo,
All The Young Dudes,
Los Juegos Del Hambre: En Llamas,
Ai Se Eu Te Pego,
B*tch I'm the Sh*t 2,
The Christmas Song (Chestnuts Roasting On An Open Fire) (duet with John Legend),
En Vivo en Pasión 2017,
Call of Duty: Black Ops III,
Você Partiu Meu Coração (feat. Anitta & Wesley Safadão),
Vibes,
Échame La Culpa,
Duty Now for the Future,
Settle,
MKTO,
Don't Let Me Down (Remixes) (feat. Daya),
Acá Estamos,
Milk And Honey,
Hysteria,
Coolant,
FRIENDS,
Sundress & Tattoos,
Broken Glass,
Esquina Impar,
Anatomy of a Murder,
Unknown Pleasures,
Aute Cuture,
When I Woke,
Pierdo la Cabeza (Remix) [feat. Farruko & Yandel],
Broken Feelings,
1999 WILDFIRE,
Straight from the Heart (Remastered),
Why Try Harder - The Greatest Hits,
The Frenz Experiment,
Chaos and Disorder,
Leveled Up,
Paganini: 24 Capricci,
Berajot,
So Much Fun,
Metamodernity,
Para Rato!,
The Girl from Ipanema,
Sola Otra Vez (Version Cumbia),
Deadpool vs Boba Fett,
Coleccion Suprema,
Blank Space,
Babel,
Sunny Outside,
Time Is Money,
Maladjusted,
I Ain’t Worried,
VIDA,
I'm Real (Expanded),
Push Barman to Open Old Wounds,
Brazilian Samurai,
Mario Bros. vs Wright Brothers,
Ahora no,
NAFTA II,
Mi Platonica,
Crazed San Francisco,
midnight love,
Born Under A Bad Sign,
Michael Bublé,
A Punta de Espada,
Put Your Hands Up 4 Detroit,
don’t miss me,
The Social Network,
No Disparen!,
Ill Communication,
Palmystery,
Farewell to the World,
Don't Wait Up,
For You,
American Cliché,
Goodbye Yellow Brick Road,
PSYCHO KILLER,
Desde Lejos No Se Ve,
Arthur - The Album [Original Soundtrack],
Toda Toda,
Te Fuiste,
"Bubblegum K.K. (From ""Animal Crossing: New Leaf"")",
Tiki,
True Democracy,
El Sueño de la Calle Nueva York,
Sigue Y Sigue,
Rev Up Best Of Mitch Ryder & Detroit Wheels,
Destinología (Black Edition),
SINVERGÜENZA - con Angela Torres,
Epic Pop 3,
Need You Here,
Good Stuff,
"Connections, Vol. 1",
French Exit,
La Vida Es una Sola,
Con Brillo Propio,
American Boyfriend: A Suburban Love Story,
Medley da Gaiola,
My Funny Valentine: The Best Of Chet Baker,
heat not hot,
