uri,duration
spotify:track:3jFfr89lnSmb4QBtfG8JBP,187120
spotify:track:09TTeexnlKewZdjOak2sV2,292573
spotify:track:0G3fbPbE1vGeABDEZF0jeG,495400
spotify:track:1NXvuBAq48QrxRFQZVmORQ,430960
spotify:track:2gYJY0sIx1ErgTIha2nPRg,214848
spotify:track:0njXuAkJVSpptzKniMBtIZ,405499
spotify:track:7Kszjzps0xbQXyo1pO4KfE,331360
spotify:track:39KmBOGkD1ztCbVeo2uspA,277560
spotify:track:0UAEHlFR79k9CJvknSGUNf,215040
spotify:track:1sWeSMifj6Z6kZyI6z3bRc,171040
spotify:track:0nLiqZ6A27jJri2VCalIUs,388266
spotify:track:1Ig4pCPanhzXl7C86MmBUc,161133
spotify:track:0WtDGnWL2KrMCk0mI1Gpwz,326933
spotify:track:326HJ8o8XJff8dSZOwe4GS,288586
spotify:track:1bSpwPhAxZwlR2enJJsv7U,229120
spotify:track:5luOvrlnzfvJQdQjrScVj4,249500
spotify:track:1SJtlNRJDeYHioymcvsqev,216391
spotify:track:06pjQCIybMiGrgtHODGa2m,225906
spotify:track:6eJlEcRmeyQfTlDQBDyqkW,156680
spotify:track:6A64S6NPQwA5KIQ0tQuEJR,280040
spotify:track:2PKkCGoCc4idF91R6RvFEN,212560
spotify:track:6ztstiyZL6FXzh4aG46ZPD,288293
spotify:track:1Ft13La2daEGqz5yWJC7lx,197120
spotify:track:6O20JhBJPePEkBdrB5sqRx,225146
spotify:track:1jH0gTCfeCuaRp8R7ZrYAy,188546
spotify:track:61w1Ry5X8UUsbNoPG7zRP1,146973
spotify:track:6TesHoNPZGdcVjllhAuKJh,184242
spotify:track:2Y0qo82mxQWaWFgpAylEqh,307266
spotify:track:6vRtwdSMrUQkdC6Db1sTmK,121038
spotify:track:4BzQlAd7QUdqRydbEnO5R5,285093
spotify:track:027NtsXW0vpDFhzxsJKmTL,256190
spotify:track:1GcVa4jFySlun4jLSuMhiq,272000
spotify:track:2TjdnqlpwOjhijHCwHCP2d,283872
spotify:track:6AEs2ArvpuFlCQrVwYauzo,158500
spotify:track:40dJCw4xU6Bd5ie9rfagNo,251480
spotify:track:5L4iwTXzuuWcV0m0sEDrgj,178464
spotify:track:7N3PAbqfTjSEU1edb2tY8j,241599
spotify:track:4ZvzXdqYc6vGtkCyOhnoTz,172251
spotify:track:6DUdDIRgLqCGq1DwkNWQTN,207306
spotify:track:4vO9dmzNRqDhFY3jD1a3P7,151293
spotify:track:7zUe9QObcvmCXTdRM2bgEP,201000
spotify:track:1i1fxkWeaMmKEB4T7zqbzK,208373
spotify:track:3208MR9tZiOoEVLNjBSL4Z,256333
spotify:track:03PZ9C7f90TLbDk3dYjBd2,244771
spotify:track:5zI6ueoYshDD99aCEs66QG,215850
spotify:track:5gUxsVRhWljyJz7pYakRL4,209160
spotify:track:46bGEqzd7anKKovVOZ9bTF,201773
spotify:track:7ptzEZfGLMLUhhgfw5ZsoT,203659
spotify:track:2HcyIzVsX45jLIxK7SH2aI,172933
spotify:track:6fNhZRFEkBfgW39W3wKARJ,214147
spotify:track:3O0yOE56Ff0dwHDaKvziWq,163666
spotify:track:0Ruvs5IxqkGqQVWCO2oRpw,213066
spotify:track:1zB4vmk8tFRmM9UULNzbLB,187146
spotify:track:7BfW1eoDh27W69nxsmRicb,255840
spotify:track:53CJANUxooaqGOtdsBTh7O,113013
spotify:track:5u5F7qLDvZjBSktaDp4HxB,225946
spotify:track:6coM176wRv49AAdIAlwINm,104266
spotify:track:0RZyUsKfiC7MtiGKatCtGc,216200
spotify:track:1sFnIec9PsPAjq9Jd018r2,231386
spotify:track:1G391cbiT3v3Cywg8T7DM1,215906
spotify:track:0upgxxew2mVAEctrz08jnf,224493
spotify:track:6DnKPMbm4KnBP16v7xde4J,263560
spotify:track:0NNep3grWO95CVGp04gMM4,202533
spotify:track:1kymcHBUwAuVbIrXFKCrnG,253451
spotify:track:6H3kDe7CGoWYBabAeVWGiD,270773
spotify:track:0ur2laF44eMFXN80gHg5Lc,193453
spotify:track:0MyY4WcN7DIfbSmp5yej5z,328680
spotify:track:2byu6eeLWaBq88ZtusqU4V,142376
spotify:track:1Q4jb2UjtWUDUojHsB8mLY,256640
spotify:track:05RgAMGypEvqhNs5hPCbMS,210226
spotify:track:5HNCy40Ni5BZJFw1TKzRsC,382296
spotify:track:4CP1f7aNCp3cJ3CKAl3XY0,257906
spotify:track:0blWPYAfbvpRLVHUcmqmmj,170302
spotify:track:210ECk1fiaC7Wfhl0IZc7K,204761
spotify:track:1aXdFFTTUBMdcKsAX2q3vq,194333
spotify:track:4IWQXV01Lp0wsXCXo09EBr,167276
spotify:track:5NhlpQ6BOIz3S5welptk1W,252026
spotify:track:0KxTWgl64TNOQXiGFJYc6t,252933
spotify:track:1qa1RJbrfCOZ8ptY73DzS1,132973
spotify:track:19CmuECYssqkPWANF4nLWM,191560
spotify:track:7zsgBOY20sX0Z8L4RTdU3Y,161000
spotify:track:5RGTrwIQ4Re4Ridh4yQ6De,219560
spotify:track:58cAopfBOtm1Sgifx99jtR,126040
spotify:track:3pOZ858QkKdCCTONxISQa8,343400
spotify:track:77NNZQSqzLNqh2A9JhLRkg,248906
spotify:track:2nvC4i2aMo4CzRjRflysah,226680
spotify:track:1A2J9qrUbsQHI0vbETIclz,222386
spotify:track:22mek4IiqubGD9ctzxc69s,212640
spotify:track:7G7tgVYORlDuVprcYHuFJh,236933
spotify:track:5zNf8MI40Us66R3zutaxvt,225840
spotify:track:0o73cSWmV0YJeHvzDbJDdn,176760
spotify:track:1lCRw5FEZ1gPDNPzy1K4zW,179200
spotify:track:6deeF2bNsPT95Si2lStWmL,188212
spotify:track:0tZkVZ9DeAa0MNK2gY5NtV,215506
spotify:track:3Jw4lBWbcznhlitliEMW0x,254906
spotify:track:0LWO6hUTJz6KBrSA2iJOpH,215893
spotify:track:2hwOoMtWPtTSSn6WHV7Vp5,209440
spotify:track:6kopmMZiyLmw7h66uXcXR7,219413
spotify:track:5mCPDVBb16L4XQwDdbRUpz,298940
spotify:track:7Gjlbz4TEoeBGH43eEd3hs,211653
spotify:track:02VBYrHfVwfEWXk5DXyf0T,242096
spotify:track:7nYOhcrbQmeetR6f4hMoVM,211186
spotify:track:1xAqwuJRyCVhlOSsB03iZr,176697
spotify:track:27SdWb2rFzO6GWiYDBTD9j,211666
spotify:track:6XxIFsqBxiUct0UK7deoJ0,190813
spotify:track:6qOBFuoFiay0tRAs5en6nB,268840
spotify:track:4SGCn3ZVXa7bepHuAdQvC9,281920
spotify:track:6beFuzSjwhOKFZp2aqYDdY,356160
spotify:track:1qWLCuCnNcQVVzJm4pu7Zv,316426
spotify:track:5CMjjywI0eZMixPeqNd75R,353893
spotify:track:6hFvPLfbASRL6DsRGCercA,196453
spotify:track:0fHTVPRRKmWaRuIwrsNTMp,261626
spotify:track:07HH4AfQlSckoG4tGxtrF4,54853
spotify:track:299vmLW2iaQxe8y9HLWNiH,173846
spotify:track:1zCQXSnLkfXq3TzMLr6pWf,149577
spotify:track:5qaEfEh1AtSdrdrByCP7qR,177506
spotify:track:62yJjFtgkhUrXktIoSjgP2,186813
spotify:track:6zrJLhslleCHby0wbUnvVy,184881
spotify:track:7pXOqR2sWcov60DjPPi7hU,346786
spotify:track:7oOOI85fVQvVnK5ynNMdW7,220626
spotify:track:69kOkLUCkxIZYexIgSG8rq,369626
spotify:track:6iXkbK1N8JKV1hLKwZkSva,133000
spotify:track:2aoo2jlRnM3A0NyLQqMN2f,240800
spotify:track:7BCQ7bfdNpCdLmlvEGUfSG,547960
spotify:track:3jHdKaLCkuNEkWcLVmQPCX,127921
spotify:track:75JFxkI2RXiU7L9VXzMkle,309600
spotify:track:5MV4J9OdmVGz63b1gnezp6,181360
spotify:track:48wH8bAxvBJO2l14GmNLz7,230676
spotify:track:1pWYnQIlqxTh5bxuPmTG4E,227693
spotify:track:3v3VFa7Dt32gNR27jfw7DG,233818
spotify:track:2tVQhBSJ1SQtb4gX0taaiR,450600
spotify:track:4OeFQtRyT7vsLnRTv7t8YT,330253
spotify:track:3ZffCQKLFLUvYM59XKLbVm,285653
spotify:track:7xRWmHZ2wt3zDgM5mAL0JU,174178
spotify:track:4no2qCaEGeaYSNIj8pDcMf,223866
spotify:track:6naxalmIoLFWR0siv8dnQQ,211160
spotify:track:3yShr5EC1pAAJcEOKj6h1R,170786
spotify:track:1nb9NqPmdH0m4v4nbZGBob,225416
spotify:track:6v9n19ha0UmgsYL4wVPqs8,211866
spotify:track:7GVUmCP00eSsqc4tzj1sDD,205933
spotify:track:4LbJFM4QRgvKoYU7nzj3Dx,529600
spotify:track:7Kf6WE45fNBoyRkAuQKfrA,178294
spotify:track:6FcQD1qOpqV8NdhY45sKyI,226880
spotify:track:5zQ1Wq6HNYjGZWkVv5P8Eg,207200
spotify:track:1WKEDO98nmcF1uYmMttw7B,250053
spotify:track:0GjEhVFGZW8afUYGChu3Rr,230400
spotify:track:198qSChSMQFuSimdeeY9gK,279986
spotify:track:5EBoNoVE7BoGQ7Hfd2uGUR,215733
spotify:track:26uCJnkToLtKwpkfD7nIWp,128500
spotify:track:5o3GnrcFtvkdf3zFznuSbA,214265
spotify:track:13dtguSlp2rssEcyxUyZVC,268320
spotify:track:1ApKMc4Rbzb77dqpcYMY0s,176222
spotify:track:39qYD4J4BKvZMQgxfXl5bv,276280
spotify:track:60nZcImufyMA1MKQY3dcCH,232720
spotify:track:7ip2lBrKUjkb69I8isyqPm,253933
spotify:track:3YRCqOhFifThpSRFJ1VWFM,536066
spotify:track:37BTh5g05cxBIRYMbw8g2T,331200
spotify:track:6Ep6BzIOB9tz3P4sWqiiAB,186813
spotify:track:7mnf5omGMUwSfpwZrt5AZ0,214760
spotify:track:1Pbs2eCcX9p2onaAvMYvhk,406934
spotify:track:0x36QYsSOfHGf7MWP97aME,284720
spotify:track:2aC1LhcoW8fgUDLJFmjlDC,160972
spotify:track:2Z2vOukzwOgqR4dkymRSWd,183160
spotify:track:1NeLwFETswx8Fzxl2AFl91,232666
spotify:track:2jvoqPDIsm5rHRLgxstX15,256240
spotify:track:3Ud6fFep5ZlXzRWw6Sm8no,249960
spotify:track:7cS8eqcw4EQraaGYcUAANo,171733
spotify:track:4uYIz9bfR9f4UjrJA1Jb2g,181000
spotify:track:1zi7xx7UVEFkmKfv06H8x0,173986
spotify:track:3G69vJMWsX6ZohTykad2AU,276186
spotify:track:5iVRdHAUDp3cW2I8d6czBS,284733
spotify:track:2p3mwCe1cBopLqGfxc9m0a,196000
spotify:track:1Gzv0cMy3xm7sgN5gd7WkU,255066
spotify:track:6Ik9aiuaoEYxsEKGdQaEJB,165266
spotify:track:7L2arBxHMxVXbWQzaHKgnY,277011
spotify:track:72m4hlEu7PK2qCy8Zk0t1R,175986
spotify:track:5jMvnSyOgGY8JpvHqeyVOg,131004
spotify:track:4aKIs5t9TqP59btlCGPrgw,271893
spotify:track:72bSY7XfA75eY33CMdUWUS,142653
spotify:track:5u7oGtNUQ29KCwA6Xw0GJY,201573
spotify:track:6uU0Hu8oVk9gBihokcrDMH,354613
spotify:track:5rRMux9vrgG0HAnW8AgFCt,188546
spotify:track:7d4pdMym8ZBOgf1oVPTiPb,275893
spotify:track:3uMYq07Kj5m564OQwdSCrD,229160
spotify:track:2Zx5CpmgjEG7lNOt4JfsBY,128425
spotify:track:6gpcs5eMhJwax4mIfKDYQk,230813
spotify:track:3VIJBrMpvimHEw5wtPh2wB,233639
spotify:track:2zvot9pY2FNl1E94kc4K8M,281613
spotify:track:6pKADEM7gx8EZ6UypMUzyd,315933
spotify:track:46lIx69EL4rkLtlfqoomyw,210426
spotify:track:1orgfjGJoycODSItcGVatE,291973
spotify:track:3vxaqEiDtYSTJmlVxVILra,285240
spotify:track:78u20OUWmrGUQawPm6h577,162992
spotify:track:0e7ipj03S05BNilyu5bRzt,218146
spotify:track:2RognU2ViRdA6HxnpAITJl,222346
spotify:track:5yI4trOBy1XAiAFWTX1LGg,266840
spotify:track:2VEZx7NWsZ1D0eJ4uv5Fym,301373
spotify:track:1VauUM5CBX7nkLcgafQL2B,164895
spotify:track:33bnxcjePIkcmNjEFTJX0l,220116
spotify:track:38XdKOWBr7U80tmK7kS0Me,272375
spotify:track:0UvCh63URrLFcPkKt99hHd,289560
spotify:track:3Dv1eDb0MEgF93GpLXlucZ,237893
spotify:track:7o2CTH4ctstm8TNelqjb51,354520
spotify:track:0mjy63zknb4SntuZRI5sDw,353600
spotify:track:2lY7R0zuSij9g7gyRiwN5I,383546
spotify:track:6vNaGz1KH44XJ9zRyCE81I,240013
spotify:track:6hiXQhwO98tEbNNbWtNS1Y,269093
spotify:track:0qxYx4F3vm1AOnfux6dDxP,280000
spotify:track:4vlRGmwwBNW8SkBMMIIlub,226843
spotify:track:2L95U6syP0bV3fkYYOzmiW,219000
spotify:track:46lvmzK8wxAy66tjzXXSh0,264483
spotify:track:24LCJ8C0D8kx6iplic9SDV,281520
spotify:track:32BEasyNQgqXQJKoVa0fUw,259893
spotify:track:5ddXMXmXZ2FN4iliTG20nO,239666
spotify:track:1gFNm7cXfG1vSMcxPpSxec,188960
spotify:track:4xEAPLGnp20PYUlhbKHuTF,186306
spotify:track:6sxptembJVty4sNtcPMAVz,234493
spotify:track:5hVghJ4KaYES3BFUATCYn0,190066
spotify:track:46RVKt5Edm1zl0rXhPJZxz,220866
spotify:track:0evTkLjoSWqhHSQrn6FCaA,372146
spotify:track:5gw8HNcrqliEw0X6pPrPvG,182746
spotify:track:7INi4pMPG4IE0Smx5y4KVf,304506
spotify:track:4aVuWgvD0X63hcOCnZtNFA,235546
spotify:track:6eDYgjKl4vUgRusxb7THDu,329146
spotify:track:3lGMtkONrZdJ8kTCg6KIFf,221800
spotify:track:27IRo2rYeizhRMDaNVplNM,289200
spotify:track:3LNZSTiwQYL7BnTfHvIOII,240853
spotify:track:5MK642wCaNr9hRDZ3kWyDX,344280
spotify:track:4YR6Dextuoc3I8nJ0XgzKI,226293
spotify:track:4UXE0ZLGIoLUOFqTECzoQe,273306
spotify:track:4RepvCWqsP6zBuzvwYibAS,269186
spotify:track:0r9d60ZYPAlFHq8qnUtkXN,190909
spotify:track:6oWpGuwokWJ4EcWgVQPdUt,212893
spotify:track:1p7m9H4H8s0Y7SgRm7j3ED,277653
spotify:track:0b9oOr2ZgvyQu88wzixux9,225773
spotify:track:79cuOz3SPQTuFrp8WgftAu,199440
spotify:track:6VSm4HuSiOGWjbt6zpPnvh,267800
spotify:track:62r1CS9zL1FL5Ilb7hLX7n,225373
spotify:track:1qDrWA6lyx8cLECdZE7TV7,244884
spotify:track:7zPfvP2sFsLxrKqezlvVm4,182120
spotify:track:4VJZMZV7U4KK2GE4sSThVM,200306
spotify:track:43hvtsou0WXnUIZo8dBjJ3,220333
spotify:track:0Qj7PB41b6XgkApKPwDy1r,350085
spotify:track:4rF24kXLF4PRBHdWntgiLl,423373
spotify:track:49colNVoLFcMszng9O8w4h,225200
spotify:track:6SsOtB41HPvZdEFjtLUhop,231906
spotify:track:3jnQcyntqZ5Btpal1Msikp,256487
spotify:track:3ZOEytgrvLwQaqXreDs2Jx,269000
spotify:track:5Uv1YNz6uBepPLDdoFANKQ,271000
spotify:track:5QTEEImISE4USGEwqAci8O,230733
spotify:track:10kXRABCL2V5t5f5oFjjdq,216386
spotify:track:7tr2za8SQg2CI8EDgrdtNl,230813
spotify:track:5JU7FgGJqgGPUaJA2nhZvm,420440
spotify:track:02vK8PPOQPDcbxNe4YHdme,178263
spotify:track:2Z8WuEywRWYTKe1NybPQEW,214506
spotify:track:4Y3WqmBWmG23thvU9xEhMv,186960
spotify:track:1SayqEg8HKK2IeIEWjdYxY,207186
spotify:track:4trP8fQrd0cmAPTarH9E2m,293226
spotify:track:0poxIvI8mH3TZcGp4T7BWs,226880
spotify:track:7clUVcSOtkNWa58Gw5RfD4,287906
spotify:track:4YA8ITC3OeIZElyLOlWdW3,249440
spotify:track:65ULaMAWzUp4wLjMe7bVQz,296973
spotify:track:0h1vfY6DdzLy1QbZLOQv64,245550
spotify:track:4Fp23GGA5WNWgoDjdhBHeK,221293
spotify:track:1wIUWGdTdhVk5gIPd0ULxX,262000
spotify:track:213x4gsFDm04hSqIUkg88w,192280
spotify:track:4LJyVZnitp3nJI3gSSFhi4,234720
spotify:track:1vGaDyAHug4rFDhTJX73pT,494533
spotify:track:4W4wYHtsrgDiivRASVOINL,320680
spotify:track:4cIPLtg1avt2Jm3ne9S1zy,179600
spotify:track:6Pc5YpUReYYToXJ23TmkLS,293213
spotify:track:45MllV1fJos1Ef6Cd13H2E,84173
spotify:track:3GUMMzUB7Kk0BSqxEDyieS,263315
spotify:track:3FCto7hnn1shUyZL42YgfO,336093
spotify:track:3EissuXjQZQrjpHh8gRCG1,286240
spotify:track:7f1aOC7sKCLj9dDM8Wqdm6,99202
spotify:track:7KtsHby5D21gJbLGH5Jymo,302600
spotify:track:0dOg1ySSI7NkpAe89Zo0b9,278680
spotify:track:2IYDtWfkouiDYi0yThRgdv,190826
spotify:track:0WZZJ0mDKIkLfL0710ssZt,288333
spotify:track:2qBirMakpTdz9ymxrZEyzg,160866
spotify:track:3Dzso9Q2WwupEclqgxBZht,145161
spotify:track:6JNJERZGJwDVgkmbohBw7u,246440
spotify:track:689lBKIELtWGHfsPWpR6rv,130080
spotify:track:5RbY8aI4RgMf4Wqaife41X,264493
spotify:track:5HWfFv6sEBnpfRgJYOSCPv,130320
spotify:track:6yAnVsBfrw3mf40jBZiQX7,294269
spotify:track:0CgpCtEPvyDizcg2p47VrU,207533
spotify:track:3koCCeSaVUyrRo3N2gHrd8,339320
spotify:track:4z5eLUR8oCbRywMw1ytNol,252162
spotify:track:2g2GkH3vZHk4lWzBjgQ6nY,125440
spotify:track:1y96w7WDPlwByq9aISEi6G,197746
spotify:track:76D8CtqEqnWBWeCDMBUdFB,206453
spotify:track:1TfqLAPs4K3s2rJMoCokcS,216933
spotify:track:7yq4Qj7cqayVTp3FF9CWbm,204280
spotify:track:6guoJhM9n5Fm7npXJ1rfsM,264840
spotify:track:3nBGFgfRQ8ujSmu5cGlZIU,205925
spotify:track:5RzXSxR7BUhEtpqh77lMbR,269760
spotify:track:5Dp8iBqAjkmh3kRX9bNPM7,195428
spotify:track:0DHhZiM50FWg2enhEtGeho,252917
spotify:track:1B75hgRqe7A4fwee3g3Wmu,257359
spotify:track:04waBn6uK4Af8udH2KqQri,303333
spotify:track:06xLo8Oa53wmBMdWcIsqPL,234800
spotify:track:7nqnMxJAtbgctaOtUpyHVK,236493
spotify:track:4E2RRctYO1FJwBK3u36xQr,168600
spotify:track:4RoVnrnE2Mk9AJlZmJVKZG,248066
spotify:track:2rgqPSIRAfaO2MGo9smdSX,231093
spotify:track:6DCZcSspjsKoFjzjrWoCdn,198973
spotify:track:6SEolIp22t0DzeBfCBo3hr,311837
spotify:track:4KIgdQHsMluyOLJk1tDDhK,239986
spotify:track:21qEwua8bpLQn1HhLkyzr7,273253
spotify:track:1ymdiBKBQ1BH3lUClFVhOP,364173
spotify:track:37Q5anxoGWYdRsyeXkkNoI,246520
spotify:track:2jEjxOyKqMpkcThWl697hf,185826
spotify:track:5UBeN0XvvIvnEjyp6uThr4,255133
spotify:track:6x4tKaOzfNJpEJHySoiJcs,220293
spotify:track:71E83jKHQ7MQ7dOsj9WBPT,240600
spotify:track:1mzn6CQ71eUmgCSfbVmicN,257240
spotify:track:0eRWi03wl5kZUYLsTfNHtr,193133
spotify:track:2NXYLpZdCZ6qaqZlaMpDMd,209893
spotify:track:72Hxj0n2B3IYx1mf4ecALh,325000
spotify:track:714hERk9U1W8FMYkoC83CO,244920
spotify:track:5JpqQMH685eFKxNkwuIqkU,168483
spotify:track:7mbbGuqfaIIFHImIwu45Xi,175000
spotify:track:7w00vSQ15P2c7YnNGC83lN,268226
spotify:track:6L89mwZXSOwYl76YXfX13s,181533
spotify:track:7jr3iPu4O4bTCVwLMbdU2i,189173
spotify:track:6VO9i1n879SKNqjZkzaPvB,193573
spotify:track:6rFtTpj8CoOmPhuS5JbGaj,235000
spotify:track:6f1qmIb4Q3UelVAktv9O1A,300181
spotify:track:47dKd4opEgipcKYEQm4CX4,226763
spotify:track:3cQjYe9lW3LNWGR52yyZJ3,208800
spotify:track:05SBRd4fXgn8FX7bf8BCAE,234506
spotify:track:0IjCJNyvBcbC2XV2mwehuO,268170
spotify:track:1rjbS5xbI3vHJMOlIP3u6k,40946
spotify:track:0O9BqfU1Cdm7YqmD0TrT9i,295826
spotify:track:7vyoW05GVoyfdmpGtNkL5T,219866
spotify:track:0RnIOg4dw5VTdeWg2hX0pJ,198608
spotify:track:7D2q9JnXzNk61lY9vDKnvt,187373
spotify:track:4YMQXzscifAREG0a7KNGhB,196466
spotify:track:1wo3UYTeizJHkwYIuLuBPF,451320
spotify:track:3G9lYI5T6INSLf78hJCv5Z,281546
spotify:track:4YJUTdZ0Pgl0ZeNyHYXeLd,217386
spotify:track:4pdPtRcBmOSQDlJ3Fk945m,205946
spotify:track:4m6OC8u2rC6LMFtFWsME7d,166760
spotify:track:3BJe4B8zGnqEdQPMvfVjuS,265427
spotify:track:2YWjW3wwQIBLNhxWKBQd16,176561
spotify:track:6dOzqs6o4DNzXs4jF2v1Yq,269053
spotify:track:2nVHqZbOGkKWzlcy1aMbE7,508200
spotify:track:2ri0lTjVeBkWAmRVkJoHXL,226226
spotify:track:40PFDsokiYouQUg4oBY1WQ,190240
spotify:track:3IQF4xCQUPicbA4hWfTxPo,234546
spotify:track:1kjs5eR4DMzyB0gm1Z8waV,165019
spotify:track:3ydweVPwq9PCEVJ8WwqT6u,313000
spotify:track:1E1uGhNdBe6Dddbgs2KqtZ,238560
spotify:track:2374M0fQpWi3dLnB54qaLX,295893
spotify:track:3swc6WTsr7rl9DqQKQA55C,221440
spotify:track:3HXutGtrrYsM5yIrWlvF11,227866
spotify:track:2oaK4JLVnmRGIO9ytBE1bt,302000
spotify:track:6xAORvvGEMK44FygUsiMQy,273146
spotify:track:5nZTz4MQic2Fnt9WxekeUF,250933
spotify:track:1Zc3IvDwhQ6rUnL69XfkB4,218346
spotify:track:6iCmgWALPSevVLad4ZEEx0,237106
spotify:track:6xaYStR8hIimvEmKLwv4Gh,238906
spotify:track:5BLV3Gm7gtpmLA1D54MRSg,368493
spotify:track:12NW2sUhBFz5VUxDZTp3Op,283053
spotify:track:16wwbTwgor5lgauAEXS2qQ,237773
spotify:track:4lmhVHC5sU5PLqpPDlcdLV,266160
spotify:track:4U2b99X9hSSDjPbHCpIeJj,150600
spotify:track:3FKbpQhczilHZD5LJOqSdR,243400
spotify:track:0aJrYfARfCKzv6gXjhs4SZ,209546
spotify:track:3tiJUOfAEqIrLFRQgGgdoY,162500
spotify:track:7dVj5UjkSMybmGDCdyVPUt,302788
spotify:track:7DvslffbBv9UsiXcSMqMXY,149989
spotify:track:4kELKaXaNP4EQR8Q8xNIID,187331
spotify:track:18Q3WTfyWX1tdS1cp42NhA,282958
spotify:track:1Q868ppOLcMxXWtAfORzHV,146204
spotify:track:7fb6cCaSVGF9lGfAg4cxFi,189893
spotify:track:05vL56xSoxthM0r7IfcQjo,270533
spotify:track:0VXfZi7XhfJnuBvF6XiypU,210673
spotify:track:1pHPpLVH2XEN0xYRoQs4wq,172666
spotify:track:3J8UPLZhNFQi3o2qIvwLjY,309081
spotify:track:3fJeJZlQVMCKZUw0BbPkSq,172893
spotify:track:2SSMbMqXcv8mECBoSSYRPV,150933
spotify:track:4rDbp1vnvEhieiccprPMdI,296480
spotify:track:0VgkVdmE4gld66l8iyGjgx,204600
spotify:track:0wokCRaKD0zPNhMRXAgVsr,340200
spotify:track:40xcrghLmBuKzRFSZ6klGZ,226763
spotify:track:1mZXYaXINB9I76OPkOXsN0,167360
spotify:track:3Nz8UyUAM78q4LoKJATtFQ,191438
spotify:track:3awlW6flEG4juGnGCduWw9,288250
spotify:track:37j56IWzpplKE5zrlQRmxc,196706
spotify:track:3Dbgo1HE3DErIBNDIO4Hyd,303433
spotify:track:0WajUW5XINeraP2w0F3F8E,183973
spotify:track:33DMB4aPkLAsBK1ZsVgJcv,133000
spotify:track:1h04XMpzGzmAudoI6VHBgA,180893
spotify:track:6hmYi0E6EBEmDeztQHaH0C,204466
spotify:track:3i25w2HOWoafnTIiWJCL71,370920
spotify:track:3CRDbSIZ4r5MsZ0YwxuEkn,202333
spotify:track:0syxBXqvW4MhO3yYGcxkuw,110445
spotify:track:6Ar3WnXnkY11zhFVy9hbOk,240933
spotify:track:0s9iofqbQdsmWZQJ1TZh1c,162825
spotify:track:4xiyq1iRdsxuU1BPUJ490Z,203266
spotify:track:3k9i7UzeSUYWIfUZFeFDUd,423840
spotify:track:4KFM3A5QF2IMcc6nHsu3Wp,267266
spotify:track:61qn7uoDsuswZs5p2DkFiP,212733
spotify:track:3ieDOGcOqVxScs2VZBzidt,292080
spotify:track:52Rp3xBJFYYdmpgzDy0Quf,232733
spotify:track:44AyOl4qVkzS48vBsbNXaC,182360
spotify:track:79Dl8iYn0PFQG2wqDxPlQU,276413
spotify:track:3FUS56gKr9mVBmzvlnodlh,313666
spotify:track:2MXqrO1RBfek6RoijghYYp,164360
spotify:track:7pYfyrMNPn3wtoCyqcTVoI,201493
spotify:track:4IvZLDtwBHmBmwgDIUbuwa,201186
spotify:track:3wPcdx0w6eEB0iv0n2lAN8,224826
spotify:track:0JiVRyTJcJnmlwCZ854K4p,161200
spotify:track:2SJf7W18D1AEpr8L9ATu0c,205113
spotify:track:28ZCSdsVrt0BCaBhRI0HXq,249249
spotify:track:6jA8JUuPCGYjFcgw0AoM5T,221653
spotify:track:6VPIaZNNJFOY9U17geQz1o,194226
spotify:track:0gEyKnHvgkrkBM6fbeHdwK,274706
spotify:track:65E62rOSbm7SZbAMYjNTJq,228426
spotify:track:6iCnJkKswtMYoSmT58HmEn,247453
spotify:track:66wkCYWlXzSTQAfnsPBptt,216000
spotify:track:4yIoVhGFl8YCTh9fMGChcc,171279
spotify:track:7H62s62eUQqYXTA3WsrTK7,133960
spotify:track:52dm9op3rbfAkc1LGXgipW,341773
spotify:track:1v1PV2wERHiMPesMWX0qmO,346666
spotify:track:1H5IfYyIIAlgDX8zguUzns,261279
spotify:track:75HnDKDqsmEzdOKFWe5FZS,257379
spotify:track:2p5LypVJCKNlnE33AqdCKL,353826
spotify:track:7JJmb5XwzOO8jgpou264Ml,199440
spotify:track:4VrWlk8IQxevMvERoX08iC,216120
spotify:track:6mFkJmJqdDVQ1REhVfGgd1,334743
spotify:track:2cIDetbjLPkhYf4r7z86WH,245055
spotify:track:4iG2gAwKXsOcijVaVXzRPW,261000
spotify:track:43DeSV93pJPT4lCZaWZ6b1,266720
spotify:track:5ynO8cYFjDwELIZfFHHeYe,300466
spotify:track:30Ku6kudnWusRFbCGtHDSA,251586
spotify:track:5st5644IlBmKiiRE73UsoZ,219893
spotify:track:5ft1GmMZA4uNX7afvQfDLn,212826
spotify:track:0aGQHMr7bc23Y9Ts84ffop,238733
spotify:track:0FE9t6xYkqWXU2ahLh6D8X,233712
spotify:track:0wtE4NhSndLd7yycnwl07B,178823
spotify:track:0qYTZCo5Bwh1nsUFGZP3zn,229848
spotify:track:4WmMZtbFw54OYKrqVKVupx,182079
spotify:track:6hs3SDnbO3f6VQuPO4KBEb,263333
spotify:track:6knhkGeI2ukHjNfo39E7y1,194306
spotify:track:45H4bWKkA4LsZcaTHZhcfM,290826
spotify:track:1h2xVEoJORqrg71HocgqXd,245493
spotify:track:6kRz6Juetg9FgBm7PB1jDl,515240
spotify:track:3RfjNN1I2g9eCROIiLXuNG,198875
spotify:track:7hhclvecTpNxNNRCk7NUoc,295400
spotify:track:0li7GMUjTRSQ8YVPn5LkXG,242506
spotify:track:1cmzlUF6CvWUFyx6gl9sVf,195000
spotify:track:39sttgETErQLwfc8SougBO,248893
spotify:track:0h9QE6kspuK23cB8AYwmjZ,270626
spotify:track:3npVUK2S6JXGkgJ4jnMULz,194181
spotify:track:5mPzrrvfsmE7f16CEpDeoO,250133
spotify:track:3KlNTAUvB8TRRXXYZ13yGL,145640
spotify:track:2jEFgL5Jaq52GC1tUHcuJN,241013
spotify:track:3SktMqZmo3M9zbB7oKMIF7,245826
spotify:track:2LD2gT7gwAurzdQDQtILds,345186
spotify:track:32YzjV133gteg9LMBGO2OA,252306
spotify:track:46eu3SBuFCXWsPT39Yg3tJ,365466
spotify:track:45dGKmN6jw7PgK6Dw2rEp2,200733
spotify:track:7qIw4D1PcDHigDohKkLB0W,235560
spotify:track:1Y47vYjd3jQwFk6XpXyB6l,188266
spotify:track:7kJlTKjNZVT26iwiDUVhRm,178583
spotify:track:2DHTBqAVrTyPTyPhs6753j,204000
spotify:track:2wcIn5fYUBBdbuqRRJDWRD,356626
spotify:track:3j5DVpcCELigVZrmwGOw3X,214986
spotify:track:23L5CiUhw2jV1OIMwthR3S,195706
spotify:track:3CKCZ9pfwAfoMZlMncA1Nc,241693
spotify:track:2YswrtCvqzD5k8AWT7irnS,356160
spotify:track:0ytvsZOerGzUWfHXVT2Sgy,205766
spotify:track:6m59VvDUi0UQsB2eZ9wVbH,261853
spotify:track:3oetlwTea7DqM0hTcmPpME,296893
spotify:track:4DAQll50JkLQMasCbExBkp,230437
spotify:track:6cpk00i5TxCqSeqNi2HuIe,219546
spotify:track:648TTtYB0bH0P8Hfy0FmkL,191973
spotify:track:4RvWPyQ5RL0ao9LPZeSouE,251488
spotify:track:0oTDAJdyXD32cvawlw4Vpd,327739
spotify:track:44JITu0xanJn3TLMQZJw0G,249026
spotify:track:4pEXlAqaJXQUKDteKRLun9,201466
spotify:track:67VY2M8IZedcXJcy8LG5EH,264026
spotify:track:5xnv9ka866mxTHdy9VHIm7,186800
spotify:track:2WKWskcwqz0KKFRDkQleda,232080
spotify:track:5q8ZKJpukh95kfte417Ce7,291920
spotify:track:3w3y8KPTfNeOKPiqUTakBh,233478
spotify:track:4kflIGfjdZJW4ot2ioixTB,285040
spotify:track:66qlqxhEMpSHOzjRK4il0b,261153
spotify:track:6A9HIvL973OLXbNIueqG5W,229920
spotify:track:5fxJzPPvuvdhHypgme9cVX,334333
spotify:track:5eqiMMbaeUZ32Q7sS00H35,260239
spotify:track:4OROzZUy6gOWN4UGQVaZMF,252733
spotify:track:5sy6pQhzcS8jarUiQoWjEu,194120
spotify:track:7J2885UBOaG6x3LLkp2YGf,346053
spotify:track:32OlwWuMpZ6b0aN2RZOeMS,269666
spotify:track:2dxRzFDDv3QcSMQ0vIgqMF,248560
spotify:track:4smbzhaRt7EYwO73SmFXyR,137190
spotify:track:4YZPNMikflNQnTs67GfKKX,258973
spotify:track:0kUBk3PnCat4oPvTlNsStp,447440
spotify:track:1wk4QwDhUYxVMD7A815LRg,155428
spotify:track:6WgUNHiMwJazeG4kWPAH1m,204920
spotify:track:3YKptz29AsOlm7WAVnztBh,288426
spotify:track:37M9wESfcmFs85bl7U8vRP,212266
spotify:track:0ifSeVGUr7py5GggttDhXw,188754
spotify:track:44X6LzQxlk16s0lK4QIdxi,338066
spotify:track:0Dm43YLUlGdePpSbI1ct8h,252560
spotify:track:2qhASBzpbFhPRtrnZ5lLnz,218013
spotify:track:2xjcDF21U2ccgE2LEeiMbf,144992
spotify:track:13tz2i3p3x2dMK9906nVFk,285213
spotify:track:1YQWosTIljIvxAgHWTp7KP,324133
spotify:track:6Z8R6UsFuGXGtiIxiD8ISb,192789
spotify:track:6mYdnKt43uGw3gmtOz4yQi,251853
spotify:track:1W7kdai05yPLgFGtZNQ6nh,353229
spotify:track:1uKjQoh8JZj9ryuYRhpd7E,191973
spotify:track:7HiCcbCUj5KmyM1vsfIUlO,219560
spotify:track:0yyZN5ASdrYu0XYWFzfxUu,183573
spotify:track:2U8g9wVcUu9wsg6i7sFSv8,240796
spotify:track:55h7vJchibLdUkxdlX3fK7,178560
spotify:track:3JOVTQ5h8HGFnDdp4VT3MP,189506
spotify:track:5p1V3RmExlxzUH5qB4UwAJ,494533
spotify:track:2Bls0igCm79XQQ95IoUbhq,164560
spotify:track:1SKPmfSYaPsETbRHaiA18G,237146
spotify:track:2PhrL2xyZCqr5OPQJirv0i,214840
spotify:track:3M89zvwwb1jtDUDKYNsdiA,128500
spotify:track:46Kcradxrva9Dny4lHU1b3,192053
spotify:track:2co8fDyaVmxv8xruQWORnC,260213
spotify:track:1H8hPvMsSvqjDZgeyK0o20,323815
spotify:track:5qNh5WtzMbfpSj2jLlBkoD,245896
spotify:track:1YPV3B1Ou3rarSL9jukfQL,244285
spotify:track:0cKrbeqLnTrJ3UvtwA0WJL,190386
spotify:track:6QbI1KSaDQhftv6aGHT5vn,406934
spotify:track:1f2V8U1BiWaC9aJWmpOARe,216933
spotify:track:0cDa0cvogF66Dl7gh8yJQI,247293
spotify:track:6zpCBu7QiIaPNZLnVR31Cf,302000
spotify:track:6RANU8AS5ICU5PEHh8BYtH,394266
spotify:track:3T5SksrlFxunlotQ0lmSwv,347960
spotify:track:2J7tTIy7b4F78HuNwNmYVv,307626
spotify:track:7cHqTmXQNneHQDDQhufJyh,336893
spotify:track:4U45aEWtQhrm8A5mxPaFZ7,214240
spotify:track:4nRyBgsqXEP2oPfzaMeZr7,231367
spotify:track:5jQcJ2st6yHWhUBjoDoZPH,247586
spotify:track:28HfcvcR8UvmOyDlUgto0i,218320
spotify:track:3yI282DoIJyERd0vGukMoB,140773
spotify:track:5tmrnhMxx39jnu3kjopMdP,238266
spotify:track:5n6RDaGFSN88oRWuGtYAIN,277826
spotify:track:2GJpeySaB1z6mJDEASkIJ4,227866
spotify:track:7BKLCZ1jbUBVqRi2FVlTVw,244960
spotify:track:4rljrNlG7pWo8xAcfBz0VH,194360
spotify:track:3KhF2YiNpJvGpfiCW45R6D,214960
spotify:track:76BVOZqKOZrTrRxMa4WJbD,207679
spotify:track:48yRazqbGXUfSpGiTPNw0r,212062
spotify:track:57kdZIOAaolxAjB67d2yU3,164457
spotify:track:6VjagyaPDsRal64aHXNIUY,140625
spotify:track:6oD0TvHIYmObKNl5Mz05ri,272000
spotify:track:22HYEJveCvykVDHDiEEmjZ,278778
spotify:track:7rocqOEREl0vp5CRYTeZFv,197386
spotify:track:0CsM8VGDi38kusMv3pxyj1,329146
spotify:track:3TO7bbrUKrOSPGRTB5MeCz,413947
spotify:track:1QlTNF43OyKK9BorIRsJ8o,422640
spotify:track:5Yp3e8RcjYevBTZYJ7OD7s,305946
spotify:track:2kkb4OYXBSBFLkNLwWhDRI,265032
spotify:track:7j74lucZ59vqN67Ipe2ZcY,273173
spotify:track:67BtfxlNbhBmCDR2L2l8qd,137875
spotify:track:3VCKdfJAL8DTDlwZw5O6Ik,208093
spotify:track:0WdBh2BQOq9U7PMk6sWzMz,187947
spotify:track:3nsUVlntPIksDvhHdZZhiu,295506
spotify:track:4sLeBVI7jCaDUd0WcxCWbg,243626
spotify:track:1oOD1pV43cV9sHg97aBdLs,213302
spotify:track:6AJlcxjEO2baFC24GPsJjg,348706
spotify:track:5CQ30WqJwcep0pYcV4AMNc,482830
spotify:track:2xYlyywNgefLCRDG8hlxZq,197813
spotify:track:4Yx9jw2hqVk00uwLRBXKxc,234949
spotify:track:77YKoNCjP5hWqiXMRG2839,306040
spotify:track:3dhjNA0jGA8vHBQ1VdD6vV,269186
spotify:track:0JjYvCcsnlJT4JjmKiGWeL,143813
spotify:track:2aibwv5hGXSgw7Yru8IYTO,334666
spotify:track:4JNi40t7xR5bO3PWxRkiPN,558933
spotify:track:09avKKLKXaJcbeaGTmLCOs,356832
spotify:track:4Bb0zvyxchESHX1gNyAfWN,184800
spotify:track:4OsZ1vrenrtSbqLJxOceKl,172933
spotify:track:2d8D7uk3tbAThjRkdfrx9c,266600
spotify:track:1bOJr9cWKEDAiJxRaHThrT,253373
spotify:track:10tzk7ZRjwnLKd3gjKLtTA,225239
spotify:track:0RVRRMb1dBHzbD00ChJiOo,173773
spotify:track:2qbw3lSGERDdUawZ736wmN,382093
spotify:track:1RGasjWLZ4qMN7wbtkLa3u,170852
spotify:track:0wJoRiX5K5BxlqZTolB2LD,170813
spotify:track:7MXVkk9YMctZqd1Srtv4MB,230453
spotify:track:0u2P5u6lvoDfwTYjAADbn4,200185
spotify:track:2o2zAjjxe2fm2c6kzMrwGW,248893
spotify:track:0uuEqOyKlABOB7hzWKcEeG,207866
spotify:track:1VD1awiRcFq5IWTbzY3C2s,135826
spotify:track:0OWcpVA83HI8Pb5DybDuoX,456939
spotify:track:2d1vGDzaGWbCkupDsPniA7,340800
spotify:track:4JvLzWw0HtcDUbOOiZmQzh,416106
spotify:track:7g8FwoWCD7MzMOVN5ZgNkz,281880
spotify:track:1PSsStvZmJsU3CiJg8hRAx,328800
spotify:track:2ekn2ttSfGqwhhate0LSR0,209320
spotify:track:18A7ha5BitZjmdHTCwXFbU,209829
spotify:track:0MylYDkfgKH9Cx32uzWBll,244533
spotify:track:2fuCquhmrzHpu5xcA1ci9x,248440
spotify:track:6Dc2tCivms1s2X9myWe4ni,89293
spotify:track:5cxOUTUno1XEkzj3jhJnvN,395333
spotify:track:0KM2y796j63t5RHhvRUxld,270000
spotify:track:791TgJcPCQPf57hhiNMFfh,234826
spotify:track:0dMd4rilfd6gPbXaLpNYhu,222600
spotify:track:169oHBed4Nj1Q073yu9bFB,247160
spotify:track:4Z1fbYp0HuxLBje4MOZcSD,155226
spotify:track:7jTKLKs3NDmDnJHan5M2A0,223040
spotify:track:34x6hEJgGAOQvmlMql5Ige,215133
spotify:track:4mj9z7C5kXlCQK57Xzkdbk,191493
spotify:track:3umS4y3uQDkqekNjVpiRUs,219506
spotify:track:2Qv0DF1us4LhzLj0Cx9cSn,210352
spotify:track:3qRO4KKfk9YBCEAnGZyZYJ,315253
spotify:track:6AtZLIzUINvExIUy4QhdjP,219760
spotify:track:4EFkvOhgAmlHEfDfvfSoh5,212853
spotify:track:129lYDVKnWtlJc2PZJviuA,205373
spotify:track:1WP1r7fuvRqZRnUaTi2I1Q,206880
spotify:track:6Ovnso88y3EQqSGpHANYtr,206400
spotify:track:4ePP9So5xRzspjLFVVbj90,256733
spotify:track:5f5b4AlzF42gLjrentic5P,235906
spotify:track:7AqISujIaWcY3h5zrOqt5v,222733
spotify:track:0XXLwO7YHHTAK3OJkWQ37b,219986
spotify:track:4pNiE4LCVV74vfIBaUHm1b,232760
spotify:track:5uHAzGa4d9j35DEbhUwGhi,176394
spotify:track:7AFYQ5pNtS4I98PvFXkvid,318533
spotify:track:2hgzokI1dOZAxs5PUG0gBT,231573
spotify:track:2u6fRGcaBhpI4uNBHpGv0b,251586
spotify:track:6ltPEsP4edATzvinHOzvk2,268004
spotify:track:6qoHBab3uXaz0qCXm04iTQ,229506
spotify:track:0BCPKOYdS2jbQ8iyB56Zns,307879
spotify:track:0YPuRrM2NwzdtuShUKkts6,215998
spotify:track:68LeIVjVDRMXPlfdFHhID6,310706
spotify:track:5knuzwU65gJK7IF5yJsuaW,251088
spotify:track:5M4Kx9qHgdTQlKovj4hK9O,144306
spotify:track:1rCvMwsNo0tDitbJHBM127,247082
spotify:track:71SvEDmsOwIWw1IozsZoMA,201693
spotify:track:4CcSw8wQAHYf4XNckayPoc,253295
spotify:track:1MQWtVcs0PKsY4PA6ZvLiy,179426
spotify:track:6Hfu9sc7jvv6coyy2LlzBF,243187
spotify:track:6nWcEzyxDozQcmxMoNJtYx,205933
spotify:track:6rg1MBZqggsQ5olFGTw0rr,212880
spotify:track:2pUixqA7RFglNUbDuMz8LX,152692
spotify:track:50jXnyrzW4mcBBqFTMEoAC,198081
spotify:track:6KBsivP3Of4z2x6uNMAyE3,331800
spotify:track:6K4t31amVTZDgR3sKmwUJJ,216320
spotify:track:6CtUsDcTVu2JYbZevtaiQ5,348786
spotify:track:3d9DChrdc6BOeFsbrZ3Is0,264306
spotify:track:3amstBuLSMUw8ywEswU6eV,160601
spotify:track:1JTKEiTpAtlK01CEwRRals,234293
spotify:track:6BqgYMoeuiXk3buXaDvfGm,215493
spotify:track:66grIvFLGrI4tNhggO2DAd,280546
spotify:track:5cF0dROlMOK5uNZtivgu50,208786
spotify:track:6VcpAyyJ8CoKTI9Z9ea0fb,248426
spotify:track:3q2gRjU2UdOYRDY1p4cNHr,206266
spotify:track:2rrWhFrcSZcZQ2SDKPGKQ6,146506
spotify:track:5RrJCusmR1J54b5ivqdWIu,590866
spotify:track:35fC3Wq3slX4OBfyvBVmHm,284800
spotify:track:4tLlULeAjB40XTzs0P5gBS,184242
spotify:track:6Nzt9EN9eLx9Noe0XZMsyT,240550
spotify:track:1xDAUafZMXVsExrKdPZAv6,157546
spotify:track:72C7aUQECOhNtnD0AC36ua,201693
spotify:track:4d6eqRtpDX7tydHJGDZUBQ,215773
spotify:track:6ziO5KeQ0QmCrrlt0LqhYO,182831
spotify:track:4iUNFztAZqeaKvxvJQ8J2V,151318
spotify:track:0y0QpmcF1G3F79rjk3fjUx,338133
spotify:track:3VqyaxpjU7TSUm8zBwLJmF,180053
spotify:track:7iOTBeLm5qR9N23fjQy8Kl,297040
spotify:track:1oXHXIB8rHgwHSsPRNjEzn,228976
spotify:track:4pbyDPjFgfPqFTcIMC8xpK,258560
spotify:track:5jzma6gCzYtKB1DbEwFZKH,200480
spotify:track:1OppEieGNdItZbE14gLBEv,167933
spotify:track:4QYQgJhBryglC2hEpVGrZU,319586
spotify:track:77f3aNeabAbOaSB32Sd5QE,126533
spotify:track:6vIqtpzUKWMAqFkV6XEBrP,194720
spotify:track:3n3Ppam7vgaVa1iaRUc9Lp,222200
spotify:track:0O2iFAReZsGoQ66UoukW0U,195400
spotify:track:0bRXwKfigvpKZUurwqAlEh,254560
spotify:track:3TB8yNtLqwugHCols5sPx3,250600
spotify:track:6UXXeFqMBGiqjkzQzkMT3E,303333
spotify:track:5RIypaRRQFO7tizTuK4iuU,167560
spotify:track:2wEjPgOCEczmjlvq60LyQi,206840
spotify:track:2YNMRnIJMCxDQWYfXRxJmB,266840
spotify:track:3FmAUR4SPWa3P1KyDf21Fu,191500
spotify:track:3AJwUDP919kvQ9QcozQPxg,266773
spotify:track:5YEOzOojehCqxGQCcQiyR4,246761
spotify:track:0hCB0YR03f6AmQaHbwWDe8,333893
spotify:track:6fybp4N6eW3bsFAvARxyVe,227800
spotify:track:4qM461TqtpnP4GLRIXwEnW,263106
spotify:track:6obKvh06VvBZP98oqU6YR7,270405
spotify:track:4TBBPZks71c60whhq0PgdP,181066
spotify:track:6Ac4NVYYl2U73QiTt11ZKd,172866
spotify:track:5QnCtH7euld6R68UwcWrte,184466
spotify:track:4JWZTNlLBlNoa5t7qn1M8i,209546
spotify:track:7KXjTSCq5nL1LoYtL7XAwS,177000
spotify:track:64yrDBpcdwEdNY9loyEGbX,321093
spotify:track:0KrNNpgu7qGQPNQAQBLGwX,162840
spotify:track:4BVE5tIIpYabZcYCbephNW,190253
spotify:track:2EoOZnxNgtmZaD8uUmz2nD,318586
spotify:track:2bo1tTjK87OHKKUDFthqHx,157626
spotify:track:6qNshH1J3PTQDRoE5fvjV3,133465
spotify:track:5arVt2Wg0zbiWwAOZef2Nl,202053
spotify:track:5iD254kX7sRNVA6mJ70Ahb,325240
spotify:track:1GjbTNFImFrjFsNdleDe78,184586
spotify:track:0cGG2EouYCEEC3xfa0tDFV,153800
spotify:track:6w57EcF0xZ9Lwvhmh9whnF,251570
spotify:track:6YAl320SfxLO4rVIZTFKqG,569453
spotify:track:1GEOSS415bZVHNuXWlCT6b,334893
spotify:track:0Pdp2gduPccg1vF4HvIcCU,186960
spotify:track:5ceR2PHE1PjDleRBqoLDO0,221000
spotify:track:0vbtURX4qv1l7besfwmnD8,197933
spotify:track:7723JnKU2R15Iv4T7OJrly,239253
spotify:track:4PCVVIrUDldF5r7RXtOB5W,160783
spotify:track:4CKGM9AIglnOMGsH0r5uAN,272733
spotify:track:1FBdUVBQsG8suMoKaF3GOi,238400
spotify:track:35QYjTTPDjsN4l3Mzgh72I,143813
spotify:track:3DXncPQOG4VBw3QHh3S817,288600
spotify:track:1Se0r96r0gnqg67kJPmESc,269360
spotify:track:1x6jPyUfLuTNQ3o5zykG2x,199600
spotify:track:0pudcmeGkwDCCRrnkbIY7W,246642
spotify:track:6JtV50W4szsOD04QREQgXk,193813
spotify:track:0Zxswuv5xzIhxDnsKJLq82,208733
spotify:track:5pTObUrwuoKLhglAaZp7yk,311386
spotify:track:0bsAe4OFg4QoRQvfzS8U3m,235666
spotify:track:300RfAPZ57B0y6YYj9n6DN,244826
spotify:track:5m578MgxuEC956dulprCe8,263800
spotify:track:6C4LXC9UFH1IKiHYOp0BiJ,279440
spotify:track:7ouulWlZPefmEIGYWNyiPH,158983
spotify:track:6Pur3hWy6Nzc27ilmsp5HA,222226
spotify:track:7Gpr3kKk4BMgItz6UbI73q,204960
spotify:track:4Xgr8IWwGSGyqLjwiwOxqk,300826
spotify:track:6b8Be6ljOzmkOmFslEb23P,225983
spotify:track:2b6i9zx3ULzKrNWmyP0ePD,316000
spotify:track:6rlyHM0v6DqG8sjFztVaGk,255077
spotify:track:4A9u8OrzFYbxdjiydkNdUi,181928
spotify:track:3MIVb9pn5cDSdK7yNDsMU1,236160
spotify:track:3kL99Fpliaj8HWigniTIp7,220280
spotify:track:1xOcRGlqLmD402tVwds2xG,217706
spotify:track:1ckLp8lCl8LipXI0ypX72m,200680
spotify:track:14XWXWv5FoCbFzLksawpEe,434720
spotify:track:7rm0dHohIn2Mnvp02CW9Ss,108000
spotify:track:0BD9XqvXSSxlHsdBlLKhqA,93635
spotify:track:38R2EViAkYOFG8ZkG3GLtW,342891
spotify:track:1XGmzt0PVuFgQYYnV2It7A,231173
spotify:track:3qT4bUD1MaWpGrTwcvguhb,295386
spotify:track:22sLuJYcvZOSoLLRYev1s5,240280
spotify:track:6pjbkrGImw09Nv5Ji3emkr,219186
spotify:track:09nXysisEErgnazac7PcpA,159685
spotify:track:4qjfQnccStTR8zNsb6Mizo,168226
spotify:track:1tW6LiJGXGlReuNP38wrKb,334600
spotify:track:48mRuZ1diKkmlsWZgJnmPq,238453
spotify:track:3pJfWEBxmRDfS3hM7lAphp,224960
spotify:track:0yfNXxlyXdmP0ue1iJijx1,256519
spotify:track:4wjbUTC312rQO7rziAONDa,238506
spotify:track:5wG4J1UECH0c42YhMhSkcS,302800
spotify:track:3JeT6Xcv6MlEHHylk8SKQ1,238640
spotify:track:4znkNgqRMCF12mY7EbklsA,258000
spotify:track:4scAsdd1L0LONlyYdusyR0,522320
spotify:track:2tAeN2TKlQLOoSPXtARzBV,102080
spotify:track:55fb0yygjCXdrCY5eJdmD1,245320
spotify:track:2my7K20Fv5OtE27cjG9sfu,240315
spotify:track:4UH2LBATmFlpN0XGRSpXoL,235733
spotify:track:5BckPAYcKEJuYs1eV1BHHe,243933
spotify:track:0XeDFZzIpnhUT4OAXsFjfx,225240
spotify:track:2LmFypafhOlB3z2WRsrHjA,222266
spotify:track:5MoDQWMDMaAGDEiWsJfeCi,238026
spotify:track:3lvAzKmRH8vzXQ4xm19v78,191226
spotify:track:7nOt7uN0iXGuvLRVfvclg5,272640
spotify:track:1MAqR81Tz28IIqMJ2KUDAO,298773
spotify:track:1GcL18n7WMpc6xRwY7D0bE,241333
spotify:track:5v5kgAeInWgM7KxwrYpBeS,315880
spotify:track:3AEZUABDXNtecAOSC1qTfo,222560
spotify:track:3F8aTQzmKovktFcR7MCGFW,235200
spotify:track:6qqK0oeBRapZn8f9hJJENw,482440
spotify:track:44YjcdgPU7zeooJmA5Qs3i,249493
spotify:track:3QZ7uX97s82HFYSmQUAN1D,276880
spotify:track:7C11GdiguhLd9j7Y6jHFm9,96533
spotify:track:1yiZZYkENgPOvgc7DKLDzN,232346
spotify:track:4aVITwfGgKsbUTJAY3IRTh,114673
spotify:track:3k9dGCm2R2Y70e87aMHYC3,255266
spotify:track:5nNmj1cLH3r4aA4XDJ2bgY,214826
spotify:track:3sbK4VHl4hxElpeO5Op2lX,261626
spotify:track:6ADSaE87h8Y3lccZlBJdXH,295515
spotify:track:03QZPaiw1N94aAFDv7k5Em,322946
spotify:track:2IxoxL1FHw0RxN5r6y5mjF,235173
spotify:track:5RKQ5NdjSh2QzD4MaunT91,249600
spotify:track:5O9IqFNUVtjRlDpdKex3YH,176796
spotify:track:5MxNLUsfh7uzROypsoO5qe,266960
spotify:track:0u5w3ehyNtTgSPvKVMU2xv,266786
spotify:track:08Fs7XDdnyWURgBggd8E8V,59872
spotify:track:4rw7OYevxF9CnWD68gyoPM,194590
spotify:track:6vvmYYUvGXtZLU8msxKvzF,149466
spotify:track:17COeLVhBWg8QMBMPyizuD,163893
spotify:track:0GTK6TesV108Jj5D3MHsYb,268506
spotify:track:5KUNwkaNf8l5A9sXZhiCgI,172893
spotify:track:0fAkoHmERNn6PuRqfK7411,209240
spotify:track:4NdzFKsviXMxchKjzPhnKW,210360
spotify:track:6mf7BNgXs8JipPr2QILnyN,257546
spotify:track:6VRhkROS2SZHGlp0pxndbJ,215253
spotify:track:3mOPEBX9NN1pBvpTlyscgU,176822
spotify:track:30qVCFYKBtAENjTIBA8FPZ,247626
spotify:track:3lpDrxUkr0tIe1kmJvdK7d,265840
spotify:track:3ZFfwUQxXspg5hhJXyFR8J,258013
spotify:track:7oPAOZI4GYl6rkPvH7wWzJ,254400
spotify:track:4B1BnoMpRbe0ps4Bs8BLk8,205000
spotify:track:3FaH21ikbgUKt21GMqC5DI,255800
spotify:track:1ObCM8mvOZ0O1RvNNvcHdI,50706
spotify:track:180Glq0E1XVnk8lugjtJu8,249025
spotify:track:6VE2189Tetcqmaxrrf4if3,265392
spotify:track:6e7IrptCjEXaRcKrVaEgO1,267333
spotify:track:4kP69y3GKHi9tXckfgp4bK,169800
spotify:track:6NnnIbTCuOhBmmm27L4pRQ,255493
spotify:track:4hmSczuXPWu7MevnpFnFgf,266466
spotify:track:74qVdEPZS5uobtyiUEKO3K,112205
spotify:track:567EwOGPAXg7Y9DQZTEFEE,308240
spotify:track:2M9ULmQwTaTGmAdXaXpfz5,211160
spotify:track:5EGtKsNi2Ad53hfRhckhol,142748
spotify:track:1gC8droK1BK3vN3Ydutyqu,200733
spotify:track:4qsAYBCJnu2OkTKUVbbOF1,558933
spotify:track:5J1c3M4EldCfNxXwrwt8mT,228466
spotify:track:1bdXMstfxFWYSkEFTnJMoN,331266
spotify:track:4T9Elo8e4WcZzWm6PF3WgW,125733
spotify:track:5bXhx2vO2N4ZwUi0QFn4HU,203406
spotify:track:2OawRn0NvWkStuemgdae4i,346840
spotify:track:1qEHgdFqUxFebMPk8s2HLY,248640
spotify:track:4FpLy5urpUHVjNWq5jE4LC,179838
spotify:track:6RVhP2FB2UNWZzs9aOOCB2,451160
spotify:track:2aMVyJSuDFFL1sTjJnvk7X,228874
spotify:track:0sooJd5WbNnnz5k6yO7FIQ,214147
spotify:track:02kDW379Yfd5PzW5A6vuGt,195428
spotify:track:263eNa0ryn0kWpKSbLXCOK,255077
spotify:track:1V15l05snHYHYVxerjMFGo,299040
spotify:track:6yl8Es1tCYD9WdSkeVLFw4,210880
spotify:track:5qm0KiVKMXW1kq6VrnIhz5,249767
spotify:track:32uXfxJERzv4RK1gMLXbOA,192493
spotify:track:5R9a4t5t5O0IsznsrKPVro,193213
spotify:track:6K53GM9W6Vle5KBwGFVnZM,386973
spotify:track:7FXj7Qg3YorUxdrzvrcY25,147520
spotify:track:03HvPZ67MP88KahsAg6WeY,290200
spotify:track:1znPMY3zq78mVuTAmOA9O7,388266
spotify:track:7CKbqqrs0AS1si1ZgaQdcj,265333
spotify:track:6bCWyr3C3ngZdwizTYWQTG,175729
spotify:track:6558wkcKLtfPf9bhOzHFXf,79688
spotify:track:41SwdQIX8Hy2u6fuEDgvWr,186680
spotify:track:4OtfbxlYMJdntydDXquQaM,367878
spotify:track:07GvNcU1WdyZJq3XxP0kZa,223613
spotify:track:2wPycOabj69Q2qMYWuU4P4,283866
spotify:track:1qqBvjXNFvV9RBz1wGDFa6,325560
spotify:track:7MiZjKawmXTsTNePyTfPyL,131271
spotify:track:4M9tqFFvkJL6e6W8GN3rvm,179512
spotify:track:3Thei3S4RI6fxQXmVDEi8Z,210160
spotify:track:3xxBAMUVusDLjLFwwL9qoY,233066
spotify:track:6iB2ZBzhgRBpKrno9KJ95v,419863
spotify:track:0UfHLE5uKDRF1M7SSPi2xw,174466
spotify:track:2Vnw8zKmjhr1jczUeaqiQg,407053
spotify:track:22QwRQ2xVPHvUvywI2UgM1,223760
spotify:track:7e89621JPkKaeDSTQ3avtg,283800
spotify:track:0FMAfHeqwXjJPy0mcCm6ur,223760
spotify:track:1HFfMOxCAT4GAwaPfCdmUs,208133
spotify:track:5Psnhdkyanjpgc2P8A5TSM,302173
spotify:track:3IgyE6k94XpXM2IG2kkDqK,208813
spotify:track:5vBnKfyFHjzX2lbeRMWdTq,123300
spotify:track:4N0TP4Rmj6QQezWV88ARNJ,266133
spotify:track:4Ha3yYGXzyBSC7LdxWXDY0,206240
spotify:track:5IIbzOldLIzlQw2xRLwdbj,172975
spotify:track:7uHO4AmKtyGa5v5fsElGoC,199666
spotify:track:4FcuBt72TphjD8jHemnEwk,373320
spotify:track:6hci8n9UowepjRmCc6CKTv,238773
spotify:track:4AFsRbaLKRWo3dDtjDFA2V,379226
spotify:track:2Xmngyu2TzYsxnleGTHq1D,308733
spotify:track:6mtqTt8w5TinfdFoifb7aN,207440
spotify:track:2LgxW2t2H6lAf7tJuOnxxj,176727
spotify:track:52RK8UVEDgUAgpecOpTQM3,233346
spotify:track:1OwpzaqhXN4fk8AyAf3Ifw,218960
spotify:track:3EAwcVzkJyIp481tAtYeR0,201290
spotify:track:6ZJdpaqHQGvJj6NQ3GuITN,461626
spotify:track:6ySWtyMprBb1YX8WAAuFBs,168344
spotify:track:6A4Jc8npNo79BOgsrPptLA,237760
spotify:track:4DqCiuOedNHRNphTIdJRTS,313640
spotify:track:6LPqphk2rbt2i63bR2o247,169506
spotify:track:2zogXcCqvKJwh3o67W3GG3,259186
spotify:track:29iIRrSuANyjnwag69PHOJ,135973
spotify:track:0ZLakHzHWqUIlkeDa4i8aC,233267
spotify:track:15ySyt38mBi1v4xMLRfD25,276198
spotify:track:7DKIXBSQqTUuvnPVXpuv1A,267906
spotify:track:2Fjz5ZC5BvFdCqcnTZ3ilH,189333
spotify:track:4YFnyF4ABLeUw2tAjBVDhg,224973
spotify:track:0JoHqmlqE0W0i9prt6kcHR,278106
spotify:track:0LTCld7MYVKCAGpi05szyV,354746
spotify:track:2ekfM9Dcslm7l9Lh7HGT0i,266386
spotify:track:2zPANzQTt5Nbkg0eBPb7HI,180626
spotify:track:21xJVN5wEbJogczYxfZhqR,291893
spotify:track:1xPSDf8z4dH46gkvlLtvDO,244706
spotify:track:0eY0YgyLAZ4gtM57wwYN7H,429933
spotify:track:38lprIyXRnXPPLKv0eQnxF,193844
spotify:track:587HW7legSOEetkhw2RoO2,197266
spotify:track:1D2hVZ8bg1pM9CNxanpjCW,134412
spotify:track:3E4ZzO4ySupnYypDPXcc3D,112273
spotify:track:2cEx6PZgsWqu3aa0JTvsho,218173
spotify:track:48UPSzbZjgc449aqz8bxox,329733
spotify:track:2BrWG3gb0eIACVPuO7uqhn,197693
spotify:track:23IJ5wLRhEZ9DOuia5mPiZ,381626
spotify:track:4nXkbcTj3nyww1cHkw5RAP,207266
spotify:track:0Cp7pkYwl4WCGRHhrfcsrg,275693
spotify:track:0C9V5jMElp7laZZdsCHufD,237546
spotify:track:7Jy41XI7wVBnXvOifdoaxG,174306
spotify:track:44m9PAUZYeOEGeaTYh6NAl,298000
spotify:track:1jji1sWxZOo7eWnXifT7yP,333666
spotify:track:57GfKwny69x61eU3oKwcbP,204640
spotify:track:6xE6ZWzK1YDDSYzqOCoQlz,270066
spotify:track:3PR79C1jVvLLLmgdyHkXl3,185106
spotify:track:7bkjJHsfX2rebJ3KZLegGt,208213
spotify:track:74VR3AkGPhbYXnxcOYa16x,157866
spotify:track:1hlveB9M6ijHZRbzZ2teyh,219666
spotify:track:1rfofaqEpACxVEHIZBJe6W,217306
spotify:track:5JQNTG6ExMEnlFZy27xRkw,284866
spotify:track:1iW2ktyrQHNKZwFTvgP0Ta,364933
spotify:track:6oYkwjI1TKP9D0Y9II1GT7,195146
spotify:track:0dCr3qIupWh36ilLjRHi4P,228333
spotify:track:077OhUjy58qkjscrXjW696,96560
spotify:track:4lsEHglVsLzILTDQ3CNESV,281200
spotify:track:7MmG8p0F9N3C4AXdK6o6Eb,227266
spotify:track:3obYcaXHdTB1EvZE3PVQhd,186466
spotify:track:6Kd2fKnrSOY45E2cSEHGEo,462400
spotify:track:52UWtKlYjZO3dHoRlWuz9S,292413
spotify:track:3pPR0tNrGOFFWyRwXvl3Ed,228600
spotify:track:5w8dx6u3KGawHWZAJoqyKM,166889
spotify:track:7o7E1nrHWncYY7PY94gCiX,252773
spotify:track:0oks4FnzhNp5QPTZtoet7c,544626
spotify:track:5TUa3AsgSh3kJIuXn42wig,267333
spotify:track:68cko9zdsKwaxgb98sF36S,202063
spotify:track:0i2elQQdEZwsDX5icf0Co8,295373
spotify:track:47mA6f44zxLtdATOoY7GjN,217414
spotify:track:3NfxSdJnVdon1axzloJgba,216773
spotify:track:3v3PFmB9g8UbaiU0JSbTEJ,214720
spotify:track:6JRLFiX9NJSoRRKxowlBYr,232200
spotify:track:3N3xHMAngaQq1htw6oSmnt,212840
spotify:track:3uz2tyLRgSzSlhOIXCz0DB,86000
spotify:track:60IzIxSuVAtU71yCmHjxHH,181826
spotify:track:17K8OejZ50IVcapMyg0z7q,219035
spotify:track:65zh1W9YBpgGlS4G98mI0v,185905
spotify:track:2dCmGcEOQrMQhMMS8Vj7Ca,205466
spotify:track:45VLmRZf4WmTSmTKt4bp53,227960
spotify:track:1ZPlNanZsJSPK5h9YZZFbZ,218626
spotify:track:32rOcuTIZZTNWdsrUWGCJ6,67943
spotify:track:519WGo9DQCtYP72a7Lmprj,264333
spotify:track:0DcrhZ12WcCqruCs8ibXSf,164733
spotify:track:1xNcBAoUw8Hz6LqK2jt4Ff,171360
spotify:track:4dASQiO1Eoo3RJvt74FtXB,243490
spotify:track:0bhzdFuUaNH7QV3c2ZKGOK,247800
spotify:track:1xaTREM89RbIxkcjlpf4Uw,215760
spotify:track:4c0rkFPszqQTyC753tsCMU,346840
spotify:track:43vw4OMZIpjQ4KKcIWKVcl,187898
spotify:track:1iLbUmb2b2btyAAcQ68a1p,189901
spotify:track:0QmhPQpdZzRqypsR7Ohndy,235000
spotify:track:2SDx0PooHZI1SQKR0y44bs,187733
spotify:track:2En6fFzzlzPLcV8sXwrx7X,248706
spotify:track:02OBnFqqRA93c8Hg5RB1c7,396413
spotify:track:7q3kkfAVpmcZ8g6JUThi3o,562400
spotify:track:3cfOd4CMv2snFaKAnMdnvK,200373
spotify:track:4tGLO7d79K5q8nNZXVK0EW,231733
spotify:track:6RNDeRnWsRMjPdNVgupZCs,262240
spotify:track:5ubvP9oKmxLUVq506fgLhk,285373
spotify:track:7LL40F6YdZgeiQ6en1c7Lk,287720
spotify:track:1F43XlPBiwAUUIhrUGzylO,212173
spotify:track:0eEncOnmSHqnm1sgXsjUSA,215093
spotify:track:1XdsvYd6wALeYhxxiJvTDx,285620
spotify:track:6xdLJrVj4vIXwhuG8TMopk,163373
spotify:track:3bWMCH2M7JWUga1WRagDzs,197960
spotify:track:6aPoVnA9UDncMyKgTAicsO,218493
spotify:track:26sQR1K5m5RGThDKXzlY8R,341560
spotify:track:2fS9GJz4o6JD884xhTmmMX,396373
spotify:track:22VdIZQfgXJea34mQxlt81,213520
spotify:track:5QC07jdKdQrH1cW7Ag3OJ2,167426
spotify:track:6FyRXC8tJUh863JCkyWqtk,258638
spotify:track:4zsDA31stWMtLveU61hejd,218440
spotify:track:28RXXdO4GZYcsTHF5MUJjk,231445
spotify:track:7BbpLe12HpkoZJcJs1A3SP,164440
spotify:track:4ddPLpcYicUAEXLFVnqp7m,220760
spotify:track:1ixphys4A3NEXp6MDScfih,202914
spotify:track:0umRfhrhFEz9jkEMTrUSkQ,226881
spotify:track:6lTTzSk1hRrxp4VMwXBp2l,274933
spotify:track:5pQsZbRuL4PIdOy8P7BqWK,274320
spotify:track:76cy1WJvNGJTj78UqeA5zr,217946
spotify:track:0bhWW1Bve1Ng6kEm8WjiQA,194840
spotify:track:0NELwHhQu4EVcmGmu8D7vV,249933
spotify:track:7dkUtpKmlXdyvAfQnIhvzL,286293
spotify:track:2Fo72bKn9VIYtdvGN5oFRN,213552
spotify:track:2B3D38o8GaXnZo6DnTyZ2m,350085
spotify:track:6Ih8jHzUdEDYmbLpg63S6K,224000
spotify:track:2wVXSc0IrQVodHESUxVUJA,268426
spotify:track:5vdp5UmvTsnMEMESIF2Ym7,214653
spotify:track:4Y8vb1uy9IjM2V1hqvrAid,256733
spotify:track:6eiNg8p7GYO7x0GXM4zplv,271400
spotify:track:1QEEqeFIZktqIpPI4jSVSF,285133
spotify:track:7rm58wSf5ubvy1ZsH4Nzr1,218093
spotify:track:375vQvrHqdZrqHb8T39RrI,285493
spotify:track:494OU6M7NOf4ICYb4zWCf5,235493
spotify:track:6cDhajs2LaXL9V6LIZEzAE,228000
spotify:track:7h4RBJBCKJnQrNKGWenr6i,168440
spotify:track:5wJcMwXuy1x6EatowWOxha,159000
spotify:track:2K22nUTdyr48JDwI5t906t,236800
spotify:track:1jYnuDUosk8KSfQc4OielX,512168
spotify:track:7Bz8yww6UMbTgTVLG6zbI4,190826
spotify:track:5bcTCxgc7xVfSaMV3RuVke,223413
spotify:track:03LfOYi0icz4souspZVVhq,158086
spotify:track:378iszndTZAR4dH8kwsLC6,224813
spotify:track:6NPVjNh8Jhru9xOmyQigds,233305
spotify:track:5wCUdBsdubZ3ZFoJoRsMrY,292266
spotify:track:4qsVPnhbvEooD1bSNqvvh0,230440
spotify:track:1sTsuZTdANkiFd7T34H3nb,245373
spotify:track:5nNZTUzinBDsnj3U76NJFC,219413
spotify:track:45S5WTQEGOB1VHr1Q4FuPl,208906
spotify:track:0u6lRvvxbrAYEdkUFKmHp6,231360
spotify:track:5BaqCOW8FaahrXIRIvU6Ad,155466
spotify:track:0SsPcietYXn1Mns3zpW4C2,235960
spotify:track:7nXutPtu8epp2VJ300iN2A,177950
spotify:track:3rbIgWZMXLqOdqpY7XuzVz,290746
spotify:track:4dyx5SzxPPaD8xQIid5Wjj,276693
spotify:track:0BTJ7QpDRjinzAy8KQMAp8,215717
spotify:track:54sBbQWMwahuXZT5kbgVor,210613
spotify:track:6UelLqGlWMcVH1E5c4H7lY,174000
spotify:track:4FVcGYFGstfGbL4aZZkqIc,255000
spotify:track:55yvzYuvJYG2RUEnMK78tr,166640
spotify:track:3V8UKqhEK5zBkBb6d6ub8i,417920
spotify:track:1SXzI5Rnid2ApgNQPmROLm,187786
spotify:track:31xVuaxFElzKPIp6Z9HT5N,285306
spotify:track:4scXF4Tcm1X248ZR7WA0Ed,123898
spotify:track:6VhCpWspvtTNlx0EifVK3v,177066
spotify:track:0kHyKhJMukHEPfeh8s7rdM,193320
spotify:track:7fOmccYDDrxF9GDwG2l608,183773
spotify:track:4B0JvthVoAAuygILe3n4Bs,205680
spotify:track:20OFwXhEXf12DzwXmaV7fj,141600
spotify:track:5EdxGeGlmv4o7dOIfUI4ZO,290533
spotify:track:06zVrIkxLx2ij0VF5IiuC1,271853
spotify:track:0zXMZx9kvFO6x58JiIh4BJ,259813
spotify:track:4jTKJOFxaqEcm558JYi4Dh,199391
spotify:track:64BbK9SFKH2jk86U3dGj2P,255373
spotify:track:6zOfIhPcwDPeQh0RyZeYSZ,226100
spotify:track:3Zu5oetXKkZUL0FiV9dxtr,521640
spotify:track:0K6yUnIKNsFtfIpTgGtcHm,259839
spotify:track:4iDH45ZVIdHzDhLYd1FyKF,79688
spotify:track:3O2RFTrcmj3flj2X2FCyLL,273306
spotify:track:3E7dfMvvCLUddWissuqMwr,202066
spotify:track:1BQh9oqKFvcRqgR4rmB536,332573
spotify:track:2mKsPUojh602HvSeNt04CB,427800
spotify:track:0HLQBvIEEdJhdl8jd2Pt1E,261773
spotify:track:2xcrseImDFEf8Urommws03,220160
spotify:track:52HAHV1j93s5B8GoTNI7DJ,176933
spotify:track:5N82c9RY2k4VeAel1pl5bJ,186040
spotify:track:2RE8yP5D4CdPhWvvl1krQK,286306
spotify:track:5iQfFljjs2rwXYe68V9VyE,157667
spotify:track:23l1kVpqMVREiwU1YAlcr4,285333
spotify:track:0eKtRqrsk4QZbfOMNg7r20,121533
spotify:track:3Fj47GNK2kUF0uaEDgXLaD,221543
spotify:track:5kc6erfW0v4PtsBtRJpf0Z,249847
spotify:track:2X59ZxwE9x4pWnxsxKhr1E,221693
spotify:track:11BAVEGi1ivJ6JWLqKUNrZ,195173
spotify:track:44ZRUhwJopErgSsvJ8iH7I,189893
spotify:track:6Vjk8MNXpQpi0F4BefdTyq,517125
spotify:track:3cXbQXDg9ETTflWVCeVrPB,182884
spotify:track:6V50MyHPGhEmwYu0Wdyf0t,297853
spotify:track:1Cwsd5xI8CajJz795oy4XF,300773
spotify:track:6ugrRFZUNIpLiqhLUgC7ix,187828
spotify:track:1CUVN2kn7mW5FjkqXTR2W1,196613
spotify:track:1q4XkQXsmgDgK2S1Umqf7D,184973
spotify:track:37Q1Ql8jgueqnmN0D4sFEb,396093
spotify:track:2mlGPkAx4kwF8Df0GlScsC,208026
spotify:track:23YEpFgAVvr0w3cDm7EQ1Q,238475
spotify:track:05uGBKRCuePsf43Hfm0JwX,226666
spotify:track:3h04eZTnmFLRMjZajbrp2R,181106
spotify:track:1s2B5cndbqK8rPJEIcKJRQ,176133
spotify:track:3nBRVxwGsrklnueJPDhLWP,261746
spotify:track:4Pk1N5mY14kO5N3JcADgb2,280920
spotify:track:0yvomNP4HdLSmqHXkhCsgS,206266
spotify:track:1AkTW13ysu0AJrwuM6UY0I,224320
spotify:track:1KgfeuVn5OlsBEtoEmBa1t,276866
spotify:track:48YvbZN5ndSIQuVorf48fM,311946
spotify:track:4sFbojhVXQv7dBC9PVCcRn,377746
spotify:track:762B4bOcXF7I2Y8UlKTyTy,326320
spotify:track:4qFBpsSVqmwf8QmaVXFRXP,631973
spotify:track:1louJpMmzEicAn7lzDalPW,223503
spotify:track:4Hbe0lRKsXtDZ2wQIovz7I,161560
spotify:track:4DMKwE2E2iYDKY01C335Uw,323000
spotify:track:6KTv0Z8BmVqM7DPxbGzpVC,168840
spotify:track:3qt3ybU6MScMxMKL2TYBvt,163000
spotify:track:3pfbQmD5xGH9Tcc7GqGfSL,184466
spotify:track:4UB3TaEGEY9WoOpxYNMgy4,164866
spotify:track:2cFl7utlqyZjCXN1G5nRvA,269573
spotify:track:6KKE28eQbjGMG5lCW0pRPh,206493
spotify:track:5rK0pyEObO4DBFLy682QvR,179200
spotify:track:43TDFuJclqZSQrHZvOpMSv,209506
spotify:track:2JwfGxkK4BrWTCw0QQjGXN,196160
spotify:track:4NkdYQzUIVnKuosW4CxctI,157942
spotify:track:41IShViF79gmulEkIHAjcb,254466
spotify:track:7LDUiraavMZ6mb8hK3mXkj,205386
spotify:track:2nQnDYrTsXtT966yrVEBmm,215266
spotify:track:4HlFJV71xXKIGcU3kRyttv,216773
spotify:track:4h7eolbGtpkN7tZc6tlnbO,193773
spotify:track:28Qkq4zVzDQpNgIb4r00lu,144014
spotify:track:4L560fic5PaTuCFm6CviKa,250093
spotify:track:2fsG4uB60Yro4wrPAeKgOV,247680
spotify:track:5JVOw3uyvIjyldy57dS592,273306
spotify:track:3PKtemUKxiDBvBo7tpQ8bG,276186
spotify:track:4sbdV8g1Hge6AxNe6meeFL,199053
spotify:track:7dKdozRcmMd2Q0XC45jv0U,312222
spotify:track:4WRFVwSoNPp1F4szghKtWf,218426
spotify:track:1DtW5CGjxRXR4ZzF16Yj46,205026
spotify:track:6ooluO7DiEhI1zmK94nRCM,237026
spotify:track:7p4vHnYXkxlzvfePJVpcTr,297404
spotify:track:54DIzLw4LLxB3n1XiiQftU,366186
spotify:track:78ntGe4xyecZHg9exQWwK6,146093
spotify:track:3jJelhat4qausO64fnYoUg,300466
spotify:track:0F7FA14euOIX8KcbEturGH,113000
spotify:track:0lAB2lC6h4YhBIdkYYbpQH,202333
spotify:track:523v8nuwdcPBsgpluw2ukl,128695
spotify:track:1HOMkjp0nHMaTnfAkslCQj,295400
spotify:track:6zielPkg61vCK5DfqqvjE9,238573
spotify:track:5oOILfJXDNwuzFEj0zvI0R,220160
spotify:track:76hfruVvmfQbw0eYn1nmeC,219146
spotify:track:0F0MA0ns8oXwGw66B2BSXm,457133
spotify:track:25ypHCQpDX2nrDFly7eZLZ,192946
spotify:track:4S0zagxseJHOL5ZVnTQA6X,205925
spotify:track:5X0VAhIXRbcnKnZi1k9orw,182906
spotify:track:28NBmftocOzTPEb6OYA9fW,327573
spotify:track:51rPRW8NjxZoWPPjnRGzHw,301893
spotify:track:1kfM4ZZgDUND726SNezoFM,185440
spotify:track:6Rqn2GFlmvmV4w9Ala0I1e,174000
spotify:track:39LLxExYz6ewLAcYrzQQyP,203807
spotify:track:6QewNVIDKdSl8Y3ycuHIei,292580
spotify:track:4OaV9UYQ3EfrBRPjoO6u7c,281160
spotify:track:7DkWnjgnnDYF7Eq47nlr9V,168454
spotify:track:0DnGfA1r8pAssJCuq4ojla,370866
spotify:track:2BVVmJQZv4fOPWavI9mkIj,232760
spotify:track:2bvP9MboEyUadosZOYC93K,267440
spotify:track:37nNjtdPywMHpMZumunVP7,96884
spotify:track:3jBM1lyzNr4Oug9WZeU7PM,205000
spotify:track:2t8GBp5kQEXVamVq4Odwe2,264933
spotify:track:0GcWf1Cc4ixN35D3O9VdcP,198066
spotify:track:2olCTYZA0iEuLVv1W4gSg0,182166
spotify:track:0rPoHB1CZjdrX5BbngzAYl,288000
spotify:track:0cqRj7pUJDkTCEsJkx8snD,219200
spotify:track:27rdGxbavYJeBphck5MZAF,217466
spotify:track:0qZo9OzKPzg58Ts9ad4Bcy,202226
spotify:track:1CBAT4X5dra5qqHc3JRVmk,235960
spotify:track:38VqUdyBdYL639GVfqTbv0,127200
spotify:track:16tcwFXBCSmSxLj5vnlsU9,198078
spotify:track:6VObnIkLVruX4UVyxWhlqm,286480
spotify:track:4NL8D4RQsC6ux6eI3m3Lg5,166066
spotify:track:4bykJp7dORR4GoLCZiQbU0,243933
spotify:track:7wNAM0qzErN5Dr9uV6B3fW,100562
spotify:track:102jaDj6ak21VsoNqKoyIm,78373
spotify:track:0ZYcjnsXrs7BxWGnU0uVeV,262000
spotify:track:0vFOzaXqZHahrZp6enQwQb,382834
spotify:track:44aPCQbuGoGIsaxbTkSEPp,202373
spotify:track:5j9iuo3tMmQIfnEEQOOjxh,194240
spotify:track:10Nmj3JCNoMeBQ87uw5j8k,282160
spotify:track:2mLYmfsNEZBaM6Tk1fGXLM,291314
spotify:track:6uPnJFeX4uQUSkDL8wXhdv,156975
spotify:track:45b36tRUIWUahcZNLjwOPm,218333
spotify:track:0wXuerDYiBnERgIpbb3JBR,326933
spotify:track:3bRWGhpeNUkJfFydelSwBk,151653
spotify:track:2b9lp5A6CqSzwOrBfAFhof,296200
spotify:track:0Du2GMK8Y5Ij5XhY8U6ine,154893
spotify:track:1QFh8OH1e78dGd3VyJZCAC,155973
spotify:track:0bmriGQUH7zqlXzoKK1i88,215520
spotify:track:6K7RT0R3rbetZr1qjYIOXn,209034
spotify:track:1lfjTOtTRUDkzcmahA4lcs,187293
spotify:track:7lQWRAjyhTpCWFC0jmclT4,240693
spotify:track:2Rmc2DplPtOOxnt2j1I7iY,237568
spotify:track:0dIOvducp7ujHTqj66cQ3X,237247
spotify:track:3AgvZyLH4sWkII5bnU80aQ,233533
spotify:track:2cGxRwrMyEAp8dEbuZaVv6,337560
spotify:track:6P096SaOzrgGxs8NWOfX7M,177857
spotify:track:2v7iJcMoQcN40fK9XEb42q,255454
spotify:track:5cOM0fTHceCkJVwuyHdMnk,200493
spotify:track:4jDmJ51x1o9NZB5Nxxc7gY,300106
spotify:track:2nxft8uvdFYovqAcaxulSz,219924
spotify:track:4NnWuGQujzWUEg0uZokO5M,212013
spotify:track:4ZSjI1s7i8ycE4weHgPoxR,186240
spotify:track:2Wmm4aEFUISjdmVuy7VGL0,278200
spotify:track:6tYIQpc9rX2wTBtb9Rh37K,177506
spotify:track:5T8EDUDqKcs6OSOwEsfqG7,209413
spotify:track:6NVB6W7G3svCKe5zB7kY8q,254000
spotify:track:66TRwr5uJwPt15mfFkzhbi,221933
spotify:track:0nHQAxZgzAcKGRxAsOISTc,221979
spotify:track:5gz38AxRkD6Ywxd4fr2pLj,253853
spotify:track:0PKmDncVOiNQLO6D1P6PXi,140226
spotify:track:57iDDD9N9tTWe75x6qhStw,357266
spotify:track:6kxtzhAuCVJZVRC3SUri7a,186693
spotify:track:7KBrpSyc5ZHjh4gobxZNlr,206493
spotify:track:2udGjDmpK1dH9VGyw7nrei,221640
spotify:track:0tGkxA0oybkQ3iR6LLXPjZ,253373
spotify:track:2Ms33RTRCT6gArrpcrPxmo,263866
spotify:track:5IX4TbIR5mMHGE4wiWwKW0,447440
spotify:track:1EXrFPfVNVsyb32yapebbM,203120
spotify:track:2OxUtaKYeahAGNaBiahXtR,331413
spotify:track:6q9JjGg7puap2DyEqfP31k,247706
spotify:track:5O4erNlJ74PIF6kGol1ZrC,237000
spotify:track:7ef4DlsgrMEH11cDZd32M6,214846
spotify:track:3hffjZSoljsXsMOyq36Tmm,142915
spotify:track:3fuEJBCK3kWnJHFTODR4cb,188960
spotify:track:3xf1ZoJPsInq7TmVfkYi7r,273600
spotify:track:61qPUnazSdkvua4wgA4L8C,240520
spotify:track:0B9x2BRHqj3Qer7biM3pU3,169840
spotify:track:7kx2rAZPHAZHfASGfxeCci,222013
spotify:track:51Fjme0JiitpyXKuyQiCDo,160626
spotify:track:5Po9Vxwr4ZowkQzCrgWlnA,223800
spotify:track:1SlkhRMOEJp97Ho0BaIOkj,124565
spotify:track:3LRJbFT9rKoKv4aW7PuBJC,233240
spotify:track:5R6aKXoPec5yIZwf2Zu8fd,201000
spotify:track:7H9YC7hkicuj0ASDn3Aati,232036
spotify:track:45XMSsd9EG7OBr3skG9eBH,299096
spotify:track:7pq9azGtGuhxLwyfy4ugz8,310733
spotify:track:6Tsu3OsuMz4KEGKbOYd6A0,230000
spotify:track:6y0Etr2KJr0sdcEp7ajoUK,244146
spotify:track:4R3o3mE370QOkl465wWyIj,226666
spotify:track:5tJjo5JDF9zhzYD7yQfATH,296000
spotify:track:503OTo2dSqe7qk76rgsbep,270586
spotify:track:1b62AO1IzcVr5SOgoguc9o,211394
spotify:track:02E4skBHp6ZyoEDgXHcQgu,179333
spotify:track:1xF5lVsHbztOhnwXzYjuDY,222200
spotify:track:6avxJ3kn6rkPE21X4fyg7q,236933
spotify:track:1FTSo4v6BOZH9QxKc3MbVM,121160
spotify:track:0MZmEMfLVAcFIvyoBiV2EU,281906
spotify:track:7fz7HrFRF4y8YEe0duWTDW,171149
spotify:track:39lSeqnyjZJejRuaREfyLL,220626
spotify:track:3XcuLPQb1LG13ZJEEa6wUI,178533
spotify:track:2EQIn7DKZbxzvOUCMsh7vp,317613
spotify:track:4EbfeFf88tna6YcInp1ugJ,296120
spotify:track:0aAR5HogGoT68EWFbyRFqx,244533
spotify:track:500Tkm3vJmVtdUwdCVxCTb,279800
spotify:track:4R8JF3mYzm28iU8AbibPJO,119632
spotify:track:4XaG9IpCXklOcuau1sIrUX,237025
spotify:track:6SYEFev24pyC4L46taMpS3,179400
spotify:track:2Fxmhks0bxGSBdJ92vM42m,194087
spotify:track:221CmvZVUNILgJwJ4KHDuE,200693
spotify:track:1ZGs4W7LBJy68hRPTsvMFc,234813
spotify:track:2xLMifQCjDGFmkHkpNLD9h,312820
spotify:track:6CKoWCWAqEVWVjpeoJXyNH,279226
spotify:track:7cwtDwkH0PHHQmfbkZM8Ox,313840
spotify:track:22c2pt75xtnDddA5Zlm0yy,200560
spotify:track:6FATmkWp2Y6neyi2VVBUuu,128500
spotify:track:4VikOud5ZmdmHH6h7uQeDB,206720
spotify:track:4Ef3ODp0REOFXMgDL4S5fM,146190
spotify:track:5l3CML2OnzfNs5RfVgbcLt,177685
spotify:track:7sd09c4dFK5dLHRsySex9L,310448
spotify:track:2Zf9qnPb1WDHPeAtSdEEHu,219853
spotify:track:6UGHk2cmbDC1oidVjXcCKo,370426
spotify:track:07nH4ifBxUB4lZcsf44Brn,212960
spotify:track:4Ft15s9T7pcG7O85VbdxVl,326213
spotify:track:7MiLmLbwNoyf47xQ4TCVYp,419640
spotify:track:4DjDTfAgyoqgiUhYBTgSzG,155613
spotify:track:2WfaOiMkCvy7F5fcp2zZ8L,225280
spotify:track:3iMLRCGHLQ135LtMjKLkO8,258266
spotify:track:1EljzqiV1RDtXj1QUbx3db,182831
spotify:track:5oLWzTgq6WsZyMF16IiN7R,129069
spotify:track:1sCfYZLKuW5OJ5AZQxIgj8,270386
spotify:track:7uYgVgRSgqluZclLS7wpp4,258000
spotify:track:70wYA8oYHoMzhRRkARoMhU,220426
spotify:track:3SdTKo2uVsxFblQjpScoHy,180055
spotify:track:2zYzyRzz6pRmhPzyfMEC8s,208400
spotify:track:39shmbIHICJ2Wxnk1fPSdz,188986
spotify:track:40YcuQysJ0KlGQTeGUosTC,251466
spotify:track:1UZOjK1BwmwWU14Erba9CZ,231906
spotify:track:1ChulFMnwxoD74Me8eX2TU,195146
spotify:track:12olSux4P0ThQXV14PWxzz,239240
spotify:track:6qn9YLKt13AGvpq9jfO8py,215226
spotify:track:50kpGaPAhYJ3sGmk6vplg0,233720
spotify:track:1QQfbfMfyzNZhT5fg3RpuS,257440
spotify:track:3i22RR1yUia5ShKujgQcX3,202360
spotify:track:6crBy2sODw2HS53xquM6us,248053
spotify:track:11ynnIIGAhoUZkmSj1Bwlf,256836
spotify:track:1O9XLPG67dHptqmOPv578s,165266
spotify:track:0N5x5UmYcbBeHFJtCCqf62,204200
spotify:track:7pGY9khUBwIjHztNaLuKQI,145449
spotify:track:0L4A8L8UUSU0lgzxGNKggH,273120
spotify:track:2wnsBaxrmkthIFAm6vqCuX,289586
spotify:track:5hHzxlOuU8ZG4ccbP5k0eE,301620
spotify:track:4rhUBIlzi7zgV7TryhVujl,268400
spotify:track:612VcBshQcy4mpB2utGc3H,280000
spotify:track:6KEb17S00Inf0v1qYDgUAj,175890
spotify:track:5EWPGh7jbTNO2wakv8LjUI,547106
spotify:track:46uMIpDYQBG6iSHDl5y2ft,316040
spotify:track:0ErrsvDylBWZeAUYbqLllv,252560
spotify:track:5WQC3PGajELM3QpHWIsbQg,354266
spotify:track:2a9RgLSgbfIQwEiwCltTSK,124682
spotify:track:74KqkyHbpneHF6JT8EwUOO,198333
spotify:track:50rdYlPClDVPWEfmHzogbb,58298
spotify:track:3CSpzkoL1XgDBZ1q9aDCUV,194866
spotify:track:1qvY1z3Wm3sAYeHfPTnrbI,161800
spotify:track:0QKfiqpEU4h9ycPSzIFwYe,244706
spotify:track:2KRQR1VK6OoJxpwVzwDv72,130770
spotify:track:5K6fJf9l8WTsscngGert0b,243266
spotify:track:6jcTvOGVULvYeiRNDNSr5z,271080
spotify:track:4b2tcjrG1qUkSdsqEFP2dB,254653
spotify:track:0q6LuUqGLUiCPP1cbdwFs3,233866
spotify:track:7d6HMhA8yAsWgavZCj5rPo,212426
spotify:track:3gdewACMIVMEWVbyb8O9sY,281613
spotify:track:4PlEBjN3ntjMWDF5gvGDSF,243266
spotify:track:2GUESfQxaSuauM5fwiRkXb,209706
spotify:track:4kKdvXD0ez7jp1296JmAts,155453
spotify:track:7DzdvXn3QNAWR05GY2m6AZ,159333
spotify:track:6OQNaX2SLvWeYsgPTj7iX0,233200
spotify:track:3zU9rdflI65tK4dkkNSp77,210013
spotify:track:0wlVropyv3VsqG5HepMfu2,176791
spotify:track:6pCZYiB2ZoLfDuapZbpKl8,186466
spotify:track:260jSxvzkFt71ksvkcy2ke,232760
spotify:track:6fOcwBhEJnk2zTPUlxJrY0,200500
spotify:track:0aWljNVWewwIAmIYTjH1y8,219997
spotify:track:3XKIUb7HzIF1Vu9usunMzc,261973
spotify:track:4Aocy7YAyOYf5YHj18Vfj3,131883
spotify:track:6Z2veOo78riaCUvrtt6bd1,259719
spotify:track:16Bf9uR4PI2dCoXDIjs0cP,251800
spotify:track:0KiZHfashmXDOeUFuxfviV,263773
spotify:track:1vqHShp5NhwxHCtkQH8FQW,173340
spotify:track:5yEPxDjbbzUzyauGtnmVEC,358426
spotify:track:4EEjMyQub6tgFVshlM9j1M,250933
spotify:track:5tsZgJv9QqdrIqxU9piCku,190866
spotify:track:5PgtCHY4EsxVzT0nXaAbfL,398493
spotify:track:1NeZxBuSEhikl0ZrOSgpuW,234760
spotify:track:0z0JSkE5Nw3i3nin3BBSuG,257666
spotify:track:07q0QVgO56EorrSGHC48y3,271240
spotify:track:6iTpV9gntzqCSkkjMOlzAi,192533
spotify:track:5KqldkCunQ2rWxruMEtGh0,214880
spotify:track:0hSzixwdKTfDQewDKq2cP5,196642
spotify:track:1gAPIjqunPXRA4y1kYZi0q,147375
spotify:track:2os0aK782bakCPmjow0SU0,374653
spotify:track:1qsRCP251NmS3o1HXlvIw9,186093
spotify:track:6gj08XDlv9Duc2fPOxUmVD,182666
spotify:track:7kK1cPOZ9RxZcgamiYysxw,155520
spotify:track:1AESnzWt4iMrEPGG7TjXAa,152253
spotify:track:0yhPEz5KxlDwckGJaMlZqM,228360
spotify:track:1vvNmPOiUuyCbgWmtc6yfm,219159
spotify:track:3zByVQLvdXUaDTubfWkpCk,203573
spotify:track:06ypiqmILMdVeaiErMFA91,148893
spotify:track:73n6qiGIOCKW8eImS71oP7,153033
spotify:track:0aad6vDkOmu9d1aFNvOwYC,313733
spotify:track:4o6BgsqLIBViaGVbx5rbRk,190626
spotify:track:1TEjSXPdAakDotj2Wji3PU,220226
spotify:track:0ERbK7qVqveCaBWIiYCrl3,204700
spotify:track:3nrVwwePAYIRzUNH9ig6mO,244146
spotify:track:25EX2whjcmDx3ik5v45PLF,121199
spotify:track:4j3GWI86JvSaF0BLdmgcfF,213600
spotify:track:1PQzZbitOJ6XPFg7FFzsKQ,311893
spotify:track:6Bb2wZjJZuMO2KJeZfxytc,560000
spotify:track:695DSBkgMYTtqNPpydvNMz,257695
spotify:track:7elKSbR44Igz7MlX8HCRXM,273760
spotify:track:6E90gq0KO6FYZVOXx8kCcC,132780
spotify:track:7lobZbZ4m1lSpcmYblbJjA,176819
spotify:track:1nQRg9q9uwALGzouOX5OyQ,348226
spotify:track:1MHNs42ZBA91ONnGjwmjyG,264120
spotify:track:1OsCKwNZxph96EkNusILRy,212906
spotify:track:2slLXFcITuhf0oSp2wVJLv,140526
spotify:track:5wVylZHmBid99XzEsz8Fk7,266960
spotify:track:6RsWqX8zABZLhZydXxEFOm,213520
spotify:track:2zN1Ew99XwEdjnSWx0MHGE,157080
spotify:track:567UAkWoLBqZ709s3Qcbze,261973
spotify:track:76lY4r2aBw8XC9BXJtKz3C,216666
spotify:track:3AW8RH8wosGLxd6ZojTGBe,141000
spotify:track:2KjEdPcKXwIXok7Qg4bV6G,259333
spotify:track:7K4jqbcjN9yJWGlPgXtyAQ,172975
spotify:track:3rOyQxrf6DbrrusQW36AzR,261626
spotify:track:34Q3Nz07QBtxl6uiIQsDtG,230728
spotify:track:3Z9PJ6xiEGmcqo2hESEB5n,357266
spotify:track:0pqnGHJpmpxLKifKRmU6WP,204346
spotify:track:4iEoUECNzIWUqBOnoRaU9y,140689
spotify:track:2gTYC7wvYeV6pweH42fKIy,235226
spotify:track:3vCHmbyOgc6pgwLUWfU4pF,296480
spotify:track:24Yi9hE78yPEbZ4kxyoXAI,176840
spotify:track:5Ouiwst9S16DLzDinM0J4R,261135
spotify:track:5hpOBmnNc1mahkYGmte4NI,177442
spotify:track:3O9zeBmAi5JRBMSpIQGx2v,217693
spotify:track:3Cx4yrFaX8CeHwBMReOWXI,287733
spotify:track:6aZOHHz5AvwM4MA6ygFjIY,186905
spotify:track:17wxjHNmOSstc6nVIe401T,219739
spotify:track:70Z9t1qhytWtG4cCmmi7mU,179760
spotify:track:0wUFXsXHZc2h6wKRcmJNWF,198706
spotify:track:5NfOFP4BJfQni2GlRbmtNa,116500
spotify:track:4NVKKVu4lMvxelWoH6G0JB,430960
spotify:track:2gEjxSKtsKStajNUXARc8z,226080
spotify:track:5EAgXGJ8Kw5QAfhQkZXYqT,307933
spotify:track:56ESY7nGHAyXC7FFBG8wB4,250774
spotify:track:5LOaKdW9D2Gl9neAN94NbR,237546
spotify:track:1lRK6JGntq8l10sUmZWOLB,222857
spotify:track:2nER3dWbyatnSAYLqZ28OM,200575
spotify:track:75SH7qKifZ0Mzl4UFmps31,339400
spotify:track:6w8yBI2vthyN9UnwO4UBWb,192352
spotify:track:0UAJH0k4k3slcE83a9UGCe,241040
spotify:track:1ewTI8EOJeLFxPM4v2i9Hh,228466
spotify:track:3L7RtEcu1Hw3OXrpnthngx,236920
spotify:track:5xoUgPXbMNUmoHU0Enwtwq,169306
spotify:track:5isvApwkWgGqhyMT7Lqw52,247120
spotify:track:7mRak6wBx9OGKXr3zStoHW,187826
spotify:track:6cSCJQcTMWpFPfBZg1gl3h,60173
spotify:track:3YJx77Xx8JSwEoxqrkQO5c,189840
spotify:track:2JKErT5WWjCl2xCG2S6M8P,453600
spotify:track:0eZvCQAK6hsPSlcfqzREvB,203000
spotify:track:37ZgsOy8t4vMnGtMExr6ah,264724
spotify:track:3XC7Jd6SfrQYKZJ6inyRHK,269906
spotify:track:3Ljj1XyVvxlTvlixZVEz2k,202034
spotify:track:7JgZbix8xDasAhbn3N7eIF,142182
spotify:track:6yk79gDdiqe76K6qOWwvFV,348533
spotify:track:2awKQgW88iq9jFM54VaCAp,228560
spotify:track:65AntDlm9TLBKoyeG2gGhX,124000
spotify:track:4f9vS74fLCma9Tc93iTQbR,211208
spotify:track:43it4kot08akLzFIEMhXNN,227457
spotify:track:3evG0BIqEFMMP7lVJh1cSf,215733
spotify:track:2EoIt9vdgFRNW03u5IvFsQ,203373
spotify:track:0TrPqhAMoaKUFLR7iYDokf,181436
spotify:track:3caBCFURBMGqZYrZUc7j8s,158293
spotify:track:2gE95JskwQ1pCACTpGe1Db,166280
spotify:track:1iuwkFGrSgBmWb7deIACq2,875640
spotify:track:0OwvrdjaJOypNsNQHyBWE5,177226
spotify:track:7JtcCde09fsajDNHmPFrX7,360546
spotify:track:0INaMqjJJe1BZpnWuCxDzt,170893
spotify:track:7upAH0ezzsThyvr33YKn4u,256555
spotify:track:0J2JAxjDi6rMnRZ4dvu7FK,267369
spotify:track:5Ld6GNzXvBl4KTsky29dWB,244741
spotify:track:7Im5F8fliiF16D2te5rYNv,265440
spotify:track:03wQrSM0nV1WyPIgWvapG4,174869
spotify:track:120tmueqvWTGdHET4u5sPP,222000
spotify:track:5F7Zv39UDlJRDbQhWxgOKu,193546
spotify:track:6YgV0EF8xJMZz0Zm6BTaT4,206200
spotify:track:2uQkPfurxt4XakuNPqenkl,472573
spotify:track:3RiPr603aXAoi4GHyXx0uy,258266
spotify:track:78Az0Z1vNJgqv9QSB0ULLV,224133
spotify:track:2YvWonOJesvP0yu9IFJY7S,202053
spotify:track:56mbNpJVn5WQhOlsOvb2A0,263933
spotify:track:0rkj31qgSEjnr88bO8P5Oo,240520
spotify:track:3CmHvyZQQAGkKkTjTBFWN6,307733
spotify:track:1y4xBpN5ExVEWHHbjpN33s,206386
spotify:track:4fJrqBOXrJ9QwaqJ9UsptN,139600
spotify:track:0X5DcGkbxCXSadgj01ZXd7,659520
spotify:track:2dR5WkrpwylTuT3jRWNufa,147146
spotify:track:3j1o2GHPuRUoXC5KkiE6oU,180182
spotify:track:1ymDJCICVjtTUlUaxu4gSp,161764
spotify:track:4xT2AOtQPjtyQgPmnygsx4,214973
spotify:track:3mHOEGxXbUpk5CZDgQhrUP,376426
spotify:track:7umZiitjVsEjMQ6HNddpUI,152041
spotify:track:2EtCfyE2YHstMQXWCw1pUO,252818
spotify:track:46TZ5rawdrjoFwsQLGlcLr,202506
spotify:track:1ff8lsrJ2kuZuofMw81EQo,333306
spotify:track:7q7XFO9av9VpNJSXKJwJxD,250357
spotify:track:4zmx3vEPgRPjRT2CszUsZo,250760
spotify:track:0NWPxcsf5vdjdiFUI8NgkP,210160
spotify:track:6lc1Rq31ILjpydczoURQPb,195105
spotify:track:3GRtME3sE1NG48uO26fSKF,124160
spotify:track:6PyBNCpOX5uOjKDNjNNgjq,260760
spotify:track:4IDdUssauEYJ9kTit6tOU6,351599
spotify:track:6RUKPb4LETWmmr3iAEQktW,247160
spotify:track:1aLNpg2kKvUncflV8xE5AA,274760
spotify:track:2aFiaMXmWsM3Vj72F9ksBl,219146
spotify:track:3tjfHRqYYYRsMTQxUJuPB5,264933
spotify:track:31AOj9sFz2gM0O3hMARRBx,268426
spotify:track:7wjmwD5nIYWVnHiR3X3PTO,212933
spotify:track:6uqyE384HDSsuwpoF4mjrL,195776
spotify:track:4aThNuFztJ15YremppiZUJ,203466
spotify:track:3Hx7RXqCS7Kzjy2ot2q1Gk,246306
spotify:track:4EwUiUOxbk2bsXmByfQh1V,209360
spotify:track:0sOpGWXWkxNDev51Dst3fQ,299960
spotify:track:4AwX8rBXlN1tFgYLHTjayO,123924
spotify:track:3hNKWD8kkxOEJ7K90PjWri,171475
spotify:track:32nRtHc478v9qD056PHeTp,304400
spotify:track:4dnI0AgaiLj6JYCuqpRB8b,299600
spotify:track:72Z17vmmeQKAg8bptWvpVG,318026
spotify:track:2mQ7KmAI8gFLH3baaDXc6o,222400
spotify:track:7b35X3DrEKpAOYQJDZluMv,171586
spotify:track:2toW1tAUAEfjdu5q29u8m9,138306
spotify:track:0t0Kl5jxxV3s8bdpILkgmd,215906
spotify:track:4lZjT7PLaWPIcm2InIDU2k,98373
spotify:track:3uqlxJGcVYMSRSlJPt2HaO,85173
spotify:track:5LhcHHGIIfW7dEqqSI5PLP,119280
spotify:track:5e0O7MjhNHq9G67qDFM8nR,126386
spotify:track:7EFMYtN7FFFNLzxOa9OgGC,208400
spotify:track:0PDUDa38GO8lMxLCRc4lL1,202746
spotify:track:0reVOVRfasuyB6IL5cWs4L,248210
spotify:track:5Ck3e6z1bcSCes5gdo0Ddt,256079
spotify:track:0ytnZPs0sP4pCKNNv21vw1,156586
spotify:track:3QxAadrRx8aSEVd6Qzr8KF,219093
spotify:track:4areFtLMjGt4GmO4IAbGo0,140487
spotify:track:3sRDOa8GQocnadHWOaFnAv,197299
spotify:track:5SGNIhAyi7o7rS4ckl9G2y,452754
spotify:track:5QLHGv0DfpeXLNFo7SFEy1,266200
spotify:track:1dv3ePjze9tPq2pk8eWJdR,270773
spotify:track:0TwBtDAWpkpM3srywFVOV5,235933
spotify:track:1V4uMdCH6aDZire0vVqnXW,169338
spotify:track:6CcJMwBtXByIz4zQLzFkKc,291796
spotify:track:2AkmdLbVKS1steeZdy8H1l,258013
spotify:track:7GiRfxnzCIGKdltC4ow2Ps,395733
spotify:track:23jMDvKil4frbTA35BVzBY,306626
spotify:track:79vy4Ma2UIfzXxJx0SXLGL,99333
spotify:track:6gwaa6ElIixNTvu6RwkMyo,273800
spotify:track:3dLmRHahSD8GqeJ6iy755G,308946
spotify:track:3CACzG9I3AoKUKA3ODE5zW,238528
spotify:track:6h8rrNrOCdBbz37IhcvApT,157080
spotify:track:3ke6it1vTmHtz2ApcIVUz5,177442
spotify:track:4aEOz6ZpXh3wF4FOdJHOPV,167418
spotify:track:5wjiZSbxaLyLpGimpwqh1H,345533
spotify:track:3EUCzTfo9USGG4rybODOXo,111084
spotify:track:71AMvL4Fey4MwxQShk4VBR,293226
spotify:track:1i4fVeR0lgSgcL9BrxInbD,212093
spotify:track:1L5tZi0izXsi5Kk5OJf4W0,213760
spotify:track:57RA3JGafJm5zRtKJiKPIm,178000
spotify:track:7ykKrodnMqNwJKSD6uAMyH,185186
spotify:track:6bUNEbXT7HovLW6BgPCBsb,369573
spotify:track:5QRAfvKPyQpwt897Jc0glg,283747
spotify:track:3qoszL1tH1tYkdJIVisYIZ,310586
spotify:track:6QgjcU0zLnzq5OrUoSZ3OK,163253
spotify:track:4YMqbFcDIFiCBd02PzUBcM,235613
spotify:track:64j3Bd62HTe0pclk8Aq9BE,187546
spotify:track:68QcquxCS39cQGTsRrJWIR,153887
spotify:track:6nU4Vf0BE7A5kWQY2Gz8ct,186853
spotify:track:1eyqSYBCTane4rl4vc6PWJ,244560
spotify:track:4IOYk6epkzXT38U4ShauZ6,177855
spotify:track:3hyyG3Rm7DdmDwG2ZHfxFR,210673
spotify:track:6KQSeSPqBa15gMWLO1fdkk,229740
spotify:track:07w6jp4Fq8GGqhLoDYoVkb,217103
spotify:track:76TpWFiK5YCgw1hy26DWZp,264413
spotify:track:0sukoSvM4zzGnToTabElJI,170320
spotify:track:25KybV9BOUlvcnv7nN3Pyo,235653
spotify:track:5Bi9Cq5oVFy1OtUgecbegZ,289760
spotify:track:2U8NXPTXZWG2O0ye2sYRiH,157152
spotify:track:46aSz462xUFxA5X4O6WlB0,247054
spotify:track:0gpxzLKnJTrRLSfZqRTuou,242259
spotify:track:79z9QkhHePTFsSeVw9uyj0,196893
spotify:track:1PS6ve1nbEWEkv3HUGwoFO,311426
spotify:track:0AUWZaBnDPZ2CVMB2fgoiO,202240
spotify:track:2mSVDEByTebOq0HI6H1TEb,221866
spotify:track:4TOMI010Sd4ZAX4aZ5TS85,225000
spotify:track:2JjB7P18oOeqpWKGsUGINy,284933
spotify:track:2cnzoggZA19R6DiWGhKU42,165706
spotify:track:54X78diSLoUDI3joC2bjMz,520786
spotify:track:4rxCQMELiiH0gk8nbTd2tR,269960
spotify:track:5QTxFnGygVM4jFQiBovmRo,308120
spotify:track:1Crj1zkRMpsEjb9NOR6Zof,192347
spotify:track:3wDryXAf7AdbqETul2bcX6,157040
spotify:track:02q7qbOYbE89NMFEtOklcc,234461
spotify:track:3wfujdbamR3Z46F4xav7LM,234493
spotify:track:0UFLbtupYWaDGMS4io94Ml,238973
spotify:track:5TbzAWWc5eJaANpA9kfGCd,239894
spotify:track:5RJI4frP6s1xr9Ma9GgRkr,211080
spotify:track:5XJ1J9QPxaOzdpkGxKU4lA,350240
spotify:track:6PgwqtSYBDezyo8AwyWDbv,248026
spotify:track:3ihF8HCf8WUA7JRRw8xRrp,226754
spotify:track:2nBOPYRoAYOwv6go12SQDs,281386
spotify:track:0VhhaYztcRWc7PEjJCjr1g,202800
spotify:track:4ev0iQn9HTKQHxcSDxklhu,166960
spotify:track:7lm7lSnrnzWh9YPRBIRoRU,312933
spotify:track:2yOXKIU9YtBSWjI3OA8tqj,143066
spotify:track:41cpvQ2GyGb2BRdIRSsTqK,188323
spotify:track:1AhDOtG9vPSOmsWgNW0BEY,354320
spotify:track:5dUFfk2cwD8GiJPS03mYN0,176466
spotify:track:2G7V7zsVDxg1yRsu7Ew9RJ,217925
spotify:track:0DiWol3AO6WpXZgp0goxAV,320357
spotify:track:3ZF8T2oaKbADMfefR8BVxR,301000
spotify:track:28ml3znkgESNLF5ZLLNnNh,322213
spotify:track:1sw0qsLl0KBJw9N52xe0dN,140226
spotify:track:74uGhWp4BYpjFj1V2DzgoO,235360
spotify:track:7woCxOw0jmj65ohlQ3x0tH,108000
spotify:track:0tF3csGFIPp5aqLw3B734F,86600
spotify:track:6LtPIXlIzPOTF8vTecYjRe,262693
spotify:track:2mKS9ECgxNSRQgmQO7CY8x,254053
spotify:track:1MJ5f5EYBC92ADD6xcz7nb,231723
spotify:track:2mHli2FuWeTotDNDjnaBPd,222079
spotify:track:1qRPlEtUnP2W3mpIykkHCa,464586
spotify:track:3oqWr0jDWNXxWufNogGREp,232026
spotify:track:3EkYPUUbOVcxim9lEhEgxH,221520
spotify:track:2VNfJpwdEQBLyXajaa6LWT,241920
spotify:track:3BTsv0FthgmDwyKlYShwJF,173240
spotify:track:5aAx2yezTd8zXrkmtKl66Z,230453
spotify:track:4gMgiXfqyzZLMhsksGmbQV,238746
spotify:track:5rLsYHAgCqKNeaj1miXVnd,239146
spotify:track:20CNpCKq1oTdvekXaboyeq,215160
spotify:track:2PkTjm1QAJCZbJ9MqC4RqA,178266
spotify:track:6ToM0uwxtPKo9CMpbPGYvM,145866
spotify:track:4uLU6hMCjMI75M1A2tKUQC,213573
spotify:track:0yhwdmbgkKdE1plV8xWdrd,285613
spotify:track:1GY8zOFi8rC39xXnD0tKO8,171026
spotify:track:3b355y8meUI0ok4bhu9OpI,240144
spotify:track:4kbj5MwxO1bq9wjT5g9HaA,199080
spotify:track:0XGYoZiVfpMj8KWzAvStKG,322213
spotify:track:0n2SEXB2qoRQg171q7XqeW,294986
spotify:track:6jGpzgCts67MiNCtrmBEvY,211760
spotify:track:184P2xStjR7RiQMtu8y1Ba,247082
spotify:track:47W6YR93MPCGLEUReLMyDm,229360
spotify:track:2I3qA0KslRCxFTfZnPyDhf,240008
spotify:track:50DAHcCqneoupFyh96P2GP,261866
spotify:track:5Z7o8zLaEBgpyOTZPp0jj9,293600
spotify:track:2N2yrmodOnVF10mKvItC9P,283733
spotify:track:5w3GTe4W2fHBC3tLnqCr1B,242932
spotify:track:1xIqDFx3KdByBnKMlTECcM,178285
spotify:track:2rU70oQ4Ioun0sujdlHlkV,193266
spotify:track:1gjX021CdXDhpKCkGM53H4,245024
spotify:track:6hZblsaUs6Y9zUXg6C8oc5,169146
spotify:track:68K8VaazzURRjLf84yaOA3,245200
spotify:track:1yvTlRUWF8L84ylkIZRqcu,78000
spotify:track:5dJdkFbQWR7wigwuvQD7AI,204680
spotify:track:2ZTCl6wQMDSMfY4s8GHZdj,189240
spotify:track:1ER1laT8sGa3uSifgRaL5u,225400
spotify:track:0k9un4VZY52tvtxNhg6XLo,266960
spotify:track:63T7DJ1AFDD6Bn8VzG6JE8,202266
spotify:track:1AWQoqb9bSvzTjaLralEkT,267266
spotify:track:1NElVCg2ZaTdPBheBne9Gl,183290
spotify:track:37Tmv4NnfQeb0ZgUC4fOJj,348400
spotify:track:1CEcG2Cqcck2gSqbDNUE4a,193844
spotify:track:1JSTJqkT5qHq8MDJnJbRE1,253920
spotify:track:2uKJxjqcFu2Pr2CEsGGYJa,385506
spotify:track:6JV2JOEocMgcZxYSZelKcc,236001
spotify:track:2toVe5hfuIi97ytDPDbQFt,229210
spotify:track:5VMTSLp2WX3dsnsVWiVGB7,252040
spotify:track:4q5ntH9Yxq3dLJ0ZHIns6I,268466
spotify:track:0kRaSFINjbeqmbvNxVaxmP,180960
spotify:track:1yMeXd08op7WK8UN07QZQ9,232546
spotify:track:419w8oZaqevgyZfdvFZEHa,172374
spotify:track:6120uJUyg6QDzaAJUosTx5,250520
spotify:track:6nLvaCZFR1wEzW3sIKpsnr,233733
spotify:track:0hRRNHeSZv2x6pHCcXPAct,176773
spotify:track:7ohR0qPH6f2Vuj2pUNanJG,255133
spotify:track:0Pu71wxadDlB8fJXfjIjeJ,248573
spotify:track:1J4xZ0r0bSc2lw2QvWULeJ,233293
spotify:track:0h8P7C86KyfkjnqC4TaDhC,257040
spotify:track:4axxCbc4tWlpqHP5UbJMc3,161485
spotify:track:5zQyqgNXKzhifkivumzxDS,175853
spotify:track:4MPwBYidOWnwpKlqQYJEzX,281533
spotify:track:2oZmMp5M6L0Rh7G84Um2tF,167066
spotify:track:4Y0wT9yQnQXUscmIRH8L6c,156502
spotify:track:3Ga6eKrUFf12ouh9Yw3v2D,193456
spotify:track:5NORWMFC27ywGSZxi8uquP,160097
spotify:track:5m5I3KcV83zf2p2qbsnr3y,363333
spotify:track:0LGWB4tRfoMrdgqB7jQ1EM,190510
spotify:track:43eBgYRTmu5BJnCJDBU5Hb,337333
spotify:track:0XYQ2iZKwBWmO0cs86fx9j,192346
spotify:track:1PZQtsLX6FKzqJ0jtFt7oO,234213
spotify:track:7qtpPSLeZMGv0vrCZu5kxu,347640
spotify:track:5XSRjw4PTJGWJOCPxEvBO2,222000
spotify:track:60tOZaaBTUXfiqxShmGEY1,217960
spotify:track:3qItYNPhAFxQp4QLN1pikP,253520
spotify:track:21i2hxJAkQCWlSWejTkN0T,292600
spotify:track:5f4mOETLngamMDTJnbF9s7,120600
spotify:track:5ChkMS8OtdzJeqyybCc9R5,293826
spotify:track:6oi4gIt6BQCRw1ZQJj21vq,328746
spotify:track:4vW456zW9nTIjlPPiA1kBU,189651
spotify:track:0ZhSQIDIv0CWVc0Vt1aiBm,288506
spotify:track:2x8evxqUlF0eRabbW2JBJd,183893
spotify:track:3eydp9rHJAskzOevEBK267,214720
spotify:track:0BTsVL5VMdq5zGNRSTHozJ,190840
spotify:track:2TNJMzB30nuEpww7EOx75L,344906
spotify:track:1HuAR7RyNWQq6vHwOFHWqx,225586
spotify:track:3td69vL9Py7Ai9wfXYnvji,263880
spotify:track:5RIKETWpcUDMc1QNVELJzf,211582
spotify:track:3kNVYo6BJE9AENxzokM9YC,189866
spotify:track:3mXLgWxNIbEFXWPppGjc6a,227373
spotify:track:7b8s4Z0abQQ4x4jpct4GjR,185226
spotify:track:4zhqMDp1VEkotnkPTDwnsc,436840
spotify:track:484SLUDMf2BmrUwtQWkvUa,276335
spotify:track:7aJZxI6TVdIvQSuWxQ4rqp,196000
spotify:track:2nC3QhMI9reBIOWutbU3Tj,201083
spotify:track:34iOH7LY3vme5rQxsVILZ4,208453
spotify:track:7HSPg09lgr8VySgmQXNfE9,333226
spotify:track:4KejRvDlbtq42GaQ0JWqfX,318626
spotify:track:3sJ1HwrSpTVosPhJHFbRLK,288247
spotify:track:4BP3uh0hFLFRb5cjsgLqDh,140773
spotify:track:4CJVkjo5WpmUAKp3R44LNb,281147
spotify:track:4YwbSZaYeYja8Umyt222Qf,175746
spotify:track:4UQDZlZhGUDoYMohwrY28v,229360
spotify:track:1WNOscEdUrRvDwHotfeAW5,268860
spotify:track:5oXO6utw8aNtgWgIX1iyS4,250213
spotify:track:3qI94hINNNeb4S7xQi18lS,214200
spotify:track:2O99aywAVBhaPrsiJ6zbSS,241986
spotify:track:2zDt2TfQbxiSPjTVJTgbwz,181880
spotify:track:7zAGi1cps7yYhAajGXlFTH,221214
spotify:track:17Ng10tIgnYmAitl0SgT3R,252226
spotify:track:4uUG5RXrOk84mYEfFvj3cK,175238
spotify:track:3AzjcOeAmA57TIOr9zF1ZW,193829
spotify:track:7derSFgBvF1MGiLL2SKokm,251053
spotify:track:3EQ3xbQizgROebPrp8mDf3,187720
spotify:track:18h2kwYu9t5dOTgkt3yife,293946
spotify:track:1sQNa9bGL0aGUU0zRonX9O,199066
spotify:track:1jzDzZWeSDBg5fhNc3tczV,168440
spotify:track:43LjRHyyetSWnPpW7CWThG,209000
spotify:track:3vkQ5DAB1qQMYO4Mr9zJN6,292613
spotify:track:3s5dXFe9vDNVhLg332B0Yy,239600
spotify:track:0CcQNd8CINkwQfe1RDtGV6,204346
spotify:track:31M5m42C3EGlbydf9XB5to,207720
spotify:track:48QmG1dfvMuYLxMPt7KSRA,221176
spotify:track:3ZpQiJ78LKINrW9SQTgbXd,272106
spotify:track:3yk7PJnryiJ8mAPqsrujzf,168783
spotify:track:2PaQVoQmO9sReQWW7lqI71,243250
spotify:track:3jarONOz6PdAJ7OIMtF3Pu,243266
spotify:track:1zehkKFttJVg6r0sKYe0n1,303000
spotify:track:2WoEycI60KSgkciFO295nD,177866
spotify:track:1BqnZOkYJbvYLOhN0qPJDm,276080
spotify:track:1dzQufqmv6DmFqKL3VHS6S,252693
spotify:track:5cE2nMYDgYj9gqG4KLafKy,258053
spotify:track:7nemcVsXVFZF01iqpIIo2Y,301226
spotify:track:3ZIHyyOifkIDqy9GygDTcZ,200946
spotify:track:0MlHLKaP5KYESK9KVXhmNS,177397
spotify:track:31ymlaZzsadVgBae5oMguM,189773
spotify:track:0eEXcw3JLVXcRxYrVYMy68,226133
spotify:track:2S93hylQBYLndMnaJuso8S,143291
spotify:track:6WK9dVrRABMkUXFLNlgWFh,255133
spotify:track:7Cuk8jsPPoNYQWXK9XRFvG,215080
spotify:track:2lD3POsCEgFZGH5F2cT46Y,53626
spotify:track:6RtPijgfPKROxEzTHNRiDp,224840
spotify:track:7x8dCjCr0x6x2lXKujYD34,269373
spotify:track:6Nabz5Gsy80XL0MJoOmgF8,258173
spotify:track:5Jc21xaya2MrHp2KOetrBq,218186
spotify:track:6uW03WHG3qv2FzxPIW6SUP,145640
spotify:track:3UasYmjz9gMZvCj6n6Z7DF,124906
spotify:track:5EBBmDDyAsyotWMPkN59Zc,209893
spotify:track:5UqqOfFa9DYXALpCCF8VwB,289680
spotify:track:2jdAk8ATWIL3dwT47XpRfu,242000
spotify:track:3k7TZbHpOwbF2bpMwwGHQK,163240
spotify:track:1oT9w5SyFTxMQfRbAP1FEN,78759
spotify:track:4VaHuI5aldUqcF5gCob4tU,180920
spotify:track:53R1uNg77R13Iz9HZu07jd,150440
spotify:track:4k3K6Ke6KfAWb7zyQWrTEA,235200
spotify:track:3Wa7YE6QqA7BbtJOP3fZbu,198000
spotify:track:5Q9dYdPo1l6ljkQCBHkFsz,123425
spotify:track:2Fs18NaCDuluPG1DHGw1XG,276320
spotify:track:1IBcN6xrhUIi5ShMrVdyDn,179746
spotify:track:2grjqo0Frpf2okIBiifQKs,215093
spotify:track:75w0Q1A27oOOAHhsdYffmS,274466
spotify:track:31qvC0CaQU3yGlrFGJ2db6,68634
spotify:track:6vFsBXYczYsP0H3lgunZOm,147350
spotify:track:2j3PFZXmenUxgjjBUIod7F,233466
spotify:track:07QlP7twNI81IsqhKLFiER,242693
spotify:track:3MrRksHupTVEQ7YbA0FsZK,310333
spotify:track:0psB5QzGb4653K0uaPgEyh,217133
spotify:track:4czNORk5MjW5WOn98bki32,258665
spotify:track:6Nd6ntkzr4t8o1FKPGOSMt,275395
spotify:track:32NJ4kh1Aqrc9XGRoXvGie,255217
spotify:track:6Vwfjz5LsHKTYY5IzhKW2A,151843
spotify:track:1IdDtg7GhWfHYEWDymq3d2,195351
spotify:track:31NAADgOqGlBU70Xg1bdwQ,704826
spotify:track:6qCsKKS7Ol63SJW3LOIX5R,205733
spotify:track:1gihuPhrLraKYrJMAEONyc,206413
spotify:track:6IzHYw4kOsoGb60cDYAtlX,202146
spotify:track:61gWgIkR2YtkIet9XjUc7X,128798
spotify:track:44l4cnTTo3BgrPtqePhJFu,215626
spotify:track:5Uf5czTkCsJM3Hkh0Ycvm6,186586
spotify:track:3bIQIx7hveYPQDdhjZ1kcq,250386
spotify:track:0cge96qsW6ifXppeiiRIGd,194285
spotify:track:6vE90mi4yKsQGY3YD2OOv1,281231
spotify:track:3waY7uu8cniaQw5Auf0MOp,147280
spotify:track:6dUfUi14QkuIpGA0GFFPyC,283786
spotify:track:1ni02cjyJTf2qU1oOIgZWc,146500
spotify:track:7dt6x5M1jzdTEt8oCbisTK,231266
spotify:track:3u59RmeSkXnVJ0RU3Wnhe7,226551
spotify:track:0Yj7WP1MbAqQVQA5Na4I7E,204266
spotify:track:76SrGtPpDkBrgJKzGM4Pn4,219821
spotify:track:38JtOksjkWmr9vAylvvqs6,319026
spotify:track:4nyOj2XfLrNhw9BdanuBIp,197400
spotify:track:3cdecPxEdxk99munEMVQ01,227996
spotify:track:2AYTGaclgKXACh13nJRVcV,284830
spotify:track:42PvpvCg7eaXJy89at6u8s,249916
spotify:track:6Prlpu5trk3YsAaapseoUj,287641
spotify:track:4Jhkq6I18Rm3a3coTIOUrQ,352654
spotify:track:6MKuYvesr8p8csU9jt5Roa,128500
spotify:track:5BJePHJ1xB0utRenbE9egm,169600
spotify:track:11LmqTE2naFULdEP94AUBa,281160
spotify:track:309Fvfv36vboTtBHzCsdEI,193320
spotify:track:5iATw0XNZujrSjI1JtK1TF,305333
spotify:track:7ACxUo21jtTHzy7ZEV56vU,293183
spotify:track:1jzIJcHCXneHw7ojC6LXiF,182493
spotify:track:61dCUoMCg28qEBzrW6htYM,227833
spotify:track:1bFgMkoazsyZGSflpCzYm6,223384
spotify:track:4ZAGKSnnEvEtX5gnj75z1r,250386
spotify:track:6FB3v4YcR57y4tXFcdxI1E,219720
spotify:track:4lg0Mlijv73SIAlH2JN9mZ,239183
spotify:track:6FRLCMO5TUHTexlWo8ym1W,235545
spotify:track:571PVMWxL6aEwyOOfRFXPF,149573
spotify:track:1zYeS19z1Ucwgj5ovzCeQT,155200
spotify:track:6pBM20jZldvNlbNcnwAX0y,257906
spotify:track:5RdhBLmB4DyFHLglRrfx63,237760
spotify:track:5qqabIl2vWzo9ApSC317sa,258773
spotify:track:3dAcK2eplbkxkceiWGvQHR,209133
spotify:track:68BTFws92cRztMS1oQ7Ewj,230386
spotify:track:7snQQk1zcKl8gZ92AnueZW,356066
spotify:track:1BmsjoP2qQjWiVpryS9H85,215298
spotify:track:0GONea6G2XdnHWjNZd6zt3,216053
spotify:track:5IKLwqBQG6KU6MP2zP80Nu,216733
spotify:track:2vwlzO0Qp8kfEtzTsCXfyE,221360
spotify:track:1rh4kDY9T4fHVDum8Foi5k,233746
spotify:track:6SdqrMAZ4kcyK38VtYB86E,158336
spotify:track:0ofHAoxe9vBkTCp2UQIavz,257800
spotify:track:2mMZAd3ol9wGI2WJl4XJCF,157418
spotify:track:7lL2lMWNtzOcf5HnEudNgn,139506
spotify:track:3850dYVgOFIXJh5U4BFEWH,337733
spotify:track:2IMHE3XJcsqTIbSGOIY6Jy,230950
spotify:track:05y860js7tl7pqqleQz1Ib,133000
spotify:track:646J2jOtUe4Jflrmh6JFjN,235893
spotify:track:2G2YzndIA6jeWFPBXhUjh5,160906
spotify:track:3oJtUnnt5uYPtzulIbLw3D,244533
spotify:track:37lV7ngxSnm9VpYC5IGkKW,257573
spotify:track:5GXAXm5YOmYT0kL5jHvYBt,269186
spotify:track:7GQlFnZpPLsXWvulydApFQ,140958
spotify:track:4d0ySS7ajnuH4FFPaf3EQK,151318
spotify:track:4iWuv4YvZZJZpx1D7QNLDy,233639
spotify:track:6wpGqhRvJGNNXwWlPmkMyO,277476
spotify:track:6Dk5fHTvH897XrVzCO64Mx,286493
spotify:track:5qBrz8HFUWesdn7yqsymbJ,162992
spotify:track:3bidbhpOYeV4knp8AIu8Xn,258342
spotify:track:58JG8W63gp2OfECMpc4dSU,186093
spotify:track:4szI7zRh7kLApCSqiB6R7b,166266
spotify:track:4JiEyzf0Md7KEFFGWDDdCr,336000
spotify:track:6y20BV5L33R8YXM0YuI38N,278746
spotify:track:4ZhRe5djCu2OKT6nfL3B9H,177946
spotify:track:0lbTkNvSWghDKnoBpN2IdN,153760
spotify:track:4MLBqAEzNN89o2M9h92Z26,189386
spotify:track:48Ej1CDmpsETlImicgiXWC,230973
spotify:track:5V1AHQugSTASVez5ffJtFo,243026
spotify:track:6c7FlTELRmMec456JPkIYL,187898
spotify:track:23OXdR7YuUBVWh5hSnYJau,324466
spotify:track:4z1OTvKWtgxqNxzAzFda79,228129
spotify:track:3EaMrRGeNLb0llMv2wylUr,227040
spotify:track:474UaEiQS5JLxwPJlHn6oa,174813
spotify:track:5OQsiBsky2k2kDKy2bX2eT,235293
spotify:track:0zRqaOGoGd4bEWq9fQ0bfE,157066
spotify:track:1CnN9udhDokm7lARZjMji2,179600
spotify:track:6AEkHilnOSyOC3WnjLy27I,152198
spotify:track:2MuWTIM3b0YEAskbeeFE1i,515386
spotify:track:3nvREfeASA91U3atMsVO3H,345528
spotify:track:65ES1qwOB577ZnTkizMXJJ,156800
spotify:track:216S5ED9SNRWaHWVjSJGyX,216520
spotify:track:5eTNdkstwKaNahHf41fJ9u,187957
spotify:track:7qrBYrivpvfXUPBMmqh3dA,136914
spotify:track:6IpxLzChgCbFSJwso2Q84D,172666
spotify:track:1M7qLcfozANPcMKfgMEHOt,215520
spotify:track:2lHY2j7UVWlD3U0AOnwSuM,173041
spotify:track:1KU5EHSz04JhGg3rReGJ0N,287440
spotify:track:5VK5QJBlOo9mxtKOe6vhM1,254745
spotify:track:2SmXJEhm1yJvXK6Hx4XAYT,165040
spotify:track:2ikof68IztELOrSnOemA0D,118870
spotify:track:1RKUoGiLEbcXN4GY4spQDx,340920
spotify:track:5DHaIx5bz44MidmwCs19mQ,178813
spotify:track:1pKYYY0dkg23sQQXi0Q5zN,429533
spotify:track:0dBadp4uxv9ugPNYy1s4jU,225746
spotify:track:09owTrI1VnYKs5i1CCMnE2,288200
spotify:track:2PpruBYCo4H7WOBJ7Q2EwM,235213
spotify:track:5qjZgLx35G3YbZkI8cKlkn,302586
spotify:track:6jmZlyf9DxcIoRrjw02YXm,171293
spotify:track:3AIW4G0ieuRcW4WsKak5WV,256839
spotify:track:2K7r0SujVkBGOj0JaOAZvg,128500
spotify:track:6ywppvpjTRk8GaBwoPueZu,257030
spotify:track:6FPw780c3azvSQXDuV5Z52,214986
spotify:track:0vT22R3ZmZ4iH4HL0OxcXn,162973
spotify:track:65G7XDGcybJiGywSCXJiL5,176120
spotify:track:4yKZACkuudvfd600H2dQie,212906
spotify:track:0Zt9fqRK58Y0onY1VwaKp7,218906
spotify:track:1QV6tiMFM6fSOKOGLMHYYg,237200
spotify:track:683JnJRZeuAb7mWGXyYpeq,222440
spotify:track:1nCCY0KmVlfn8WUmGYYwLf,149880
spotify:track:6HMtHNpW6YPi1hrw9tgF8P,191937
spotify:track:0SKhd6uBssOAqEvlLuUr3s,218360
spotify:track:45gfjPv3n6Bisve1FRL5aE,255525
spotify:track:1nqfzUiL7hyOm1hMOg6bDU,260173
spotify:track:3xKsPtA5XG91Zlh0SyycmM,205933
spotify:track:7BwwjDFcpn72BrxCCRqs7d,215040
spotify:track:7iXYRR70wewzVYzWScm99j,167533
spotify:track:3eze1OsZ1rqeXkKStNfTmi,219683
spotify:track:7FwBtcecmlpc1sLySPXeGE,241306
spotify:track:0y60itmpH0aPKsFiGxmtnh,196520
spotify:track:1e9oZCCiX42nJl0AcqriVo,174000
spotify:track:1QkfOYHvrM5U0t1Tg3uHMc,264986
spotify:track:6EBlOYNcZ8MrdEov9lEdV6,171785
spotify:track:7ep7F087jSsCVNaeDyT1HB,235973
spotify:track:0h4jHdNzUrV9eGR2PT5R8c,297373
spotify:track:2MaLglXXcouyoh03rUROQ2,240333
spotify:track:0x4GSz5C4XZDkNhFswGboC,197412
spotify:track:6WkJ2OK163XXS2oARUC9JM,198053
spotify:track:1tqT6DhmsrtQgyCKUwotiw,194293
spotify:track:4BlMZN5TUA3O1NbtnMZOEh,173866
spotify:track:1OOtq8tRnDM8kG2gqUPjAj,258040
spotify:track:0N361WhEqVunVl5ZBkfd70,237800
spotify:track:6U7GUjtamt2P0LcFod1dBT,262840
spotify:track:1A3yLIqelu1D7MCtw06Cu7,149160
spotify:track:69uxyAqqPIsUyTO8txoP2M,263786
spotify:track:2LVAYilI9yKoGMlBQgU54K,278746
spotify:track:2COBMrpsGXEagCGkjp2Siz,142727
spotify:track:1VZ04sZSpTet7wVMyZphA8,214960
spotify:track:5GK1GYXH16RdfmltogHhAk,213671
spotify:track:0lYBSQXN6rCTvUZvg9S0lU,205946
spotify:track:3nOw7kelAUE0ULnseXYMpY,582400
spotify:track:411J3pP54W1K9PMo72Fg2w,346800
spotify:track:4TGLC4nSVOHO45xbCrjHz6,213840
spotify:track:5EbX5xL3O2xT8FxCpYzgUO,175517
spotify:track:2NTrgqEHtHiGANDsnOBVcI,248613
spotify:track:78fJOZkbhtIdFvIvvO8Mu0,177853
spotify:track:1bHhtkFwH6eBNTka0DnGzU,315066
spotify:track:0CoADxj5LkAUbYulfdg1IV,219866
spotify:track:0afhq8XCExXpqazXczTSve,170826
spotify:track:0FfX0nofboxZjP0diT1eFv,262600
spotify:track:6OSRSfyBabxRu7uabvjn7g,187955
spotify:track:3bBE6dotfVu7eUeMdDe74a,248280
spotify:track:0qdQUeKVyevrbKhAo0ibxS,281226
spotify:track:70aJdpBPcnhVkJcalV2gC9,323773
spotify:track:7krtdt69mHq3MNAzRDpep9,209189
spotify:track:2WUV07tqCF5JR3bEjpYHVg,216533
spotify:track:56j4oTDbz9GbnC0br0w0B4,296533
spotify:track:1f3yAtsJtY87CTmM8RLnxf,301920
spotify:track:4sUEtsaCvQVIkzMksupERW,227093
spotify:track:4rPkN1FMzQyFNP9cLUGIIB,258004
spotify:track:66TSoVnJ1P9Tyok03zUlTr,304733
spotify:track:1CT9ebtobcouQw7G9mZ9AV,206449
spotify:track:0JtIWgsblOvJfpoyhGkFuS,250760
spotify:track:2xar08Fq5xra2KKZs5Bw9j,171466
spotify:track:6pFQLoJefvBCTXtjO2dn4t,278266
spotify:track:3Y4rUyw7XBCK6hGHCOt6rp,204773
spotify:track:0myxmqJXXImGNhmUY40MuB,303333
spotify:track:78WLDb8BOJPAOI2FN4eSJn,212413
spotify:track:0B8yu7yLe1UsXv6gewHRv2,167340
spotify:track:1Pi30Em9cF8pKqAhTSULJW,148226
spotify:track:56KqaFSGTb7ifpt16t5Y1N,222426
spotify:track:6dS3xmlNCXnq0YnElXR0I0,180053
spotify:track:0bVtevEgtDIeRjCJbK3Lmv,272026
spotify:track:6qK0PEqfuiPtdx9xMwXrab,271853
spotify:track:6AS6xExH5qqqt6HMViLIdo,154491
spotify:track:08mG3Y1vljYA6bvDt4Wqkj,255493
spotify:track:5fssPqxcWnmp2HIcCvdoMe,192040
spotify:track:6PgVDY8GTkxF3GmhVGPzoB,155706
spotify:track:3XF5xLJHOQQRbWya6hBp7d,180952
spotify:track:4Yt1FcryC8OCOHHxooWRFt,160426
spotify:track:4hRQNf8Fu1riPlMfgANckW,191805
spotify:track:05wIrZSwuaVWhcv5FfqeH0,238733
spotify:track:50R7XES8sXhv9x4GkHZH6v,385506
spotify:track:0Oii8bI6O1ZlhBrOrtJ5GF,262240
spotify:track:6VnpKLtfNH4Dk09YSGPSyR,242640
spotify:track:6MuJUSYCqA4FpMogUHzb2R,185866
spotify:track:0J07ya7WC09FaQADutoBRZ,184783
spotify:track:6iGPBcdGv5gVGFZiKAGID5,214080
spotify:track:5q5q7yDHiVkBnaivsda4TN,175066
spotify:track:1vYXt7VSjH9JIM5oRRo7vA,176579
spotify:track:2avaSeKHI5l4sLruVfLdi2,230720
spotify:track:1W5zSvAeIXlw6odInPE4m5,242693
spotify:track:66S14BkJDxgkYxLl5DCqOz,219466
spotify:track:5mhUPDWQH3s544WCsa0r9w,245360
spotify:track:6LzjgzpVl0hB3YrBU1b8Z1,194866
spotify:track:5fpizYGbi5IQoEraj6FP0R,231493
spotify:track:01kmJXmeQaNlSZFRyFlSmz,264360
spotify:track:0yac0FPhLRH9i9lOng3f81,215880
spotify:track:2ih2U8ttFzCjnQ5njF3SrR,244493
spotify:track:0ZAJ660VP57lLK4U7NlGOy,260371
spotify:track:3gNGi2iUGHXGpBQHce6Nua,220426
spotify:track:66wnTJJ7Vo0GW02CMP3etR,112533
spotify:track:4DDrWnqgD1IdMvbpJXdoO9,212515
spotify:track:2Oehrcv4Kov0SuIgWyQY9e,175200
spotify:track:2Z4FBa6hAEh7VTHYCqXy7P,169824
spotify:track:6p7yH6BmnprdygI7hP4F3U,169090
spotify:track:3VpOdSmne7ZyNIyLtNW9qf,196333
spotify:track:5AoTuHE5P5bvC7BBppYnja,142186
spotify:track:5N4erncE7kuUccm7zEmwzk,238173
spotify:track:38GBNKZUhfBkk3oNlWzRYd,195776
spotify:track:5Npw7Brk6qJgQA0lU1g0ea,194013
spotify:track:4eLSCSELtKxZwXnFbNLXT5,189840
spotify:track:3vO2BbrhKNV2PDl276BUIZ,177266
spotify:track:0zeqKbySjKbfW5jyl3PMsW,168160
spotify:track:1XvCs8az0V297Ex0I9VAPu,199426
spotify:track:7MCFjPDImfjQv7GynHgVrR,179966
spotify:track:5UPd95cVd4mIh8psFTniGL,344491
spotify:track:2je56j0xuoTi1gYkLLMlJU,211680
spotify:track:4gTAxxbwNcaB25XYXfKX4t,191413
spotify:track:5tHlKei7IIgA29Vef05NYa,373953
spotify:track:0oa9Tz96GruIbaL6borlXM,156110
spotify:track:2gUjs3Y8RoPpwozKyQDCUa,266173
spotify:track:6A9mKXlFRPMPem6ygQSt7z,180266
spotify:track:5u6y4u5EgDv0peILf60H5t,256933
spotify:track:02JIdsrod3BYucThfUFDUX,170786
spotify:track:2zI3bUYn2pcF27of6i2oqK,215666
spotify:track:1ujxjsoNvh4XgS2fUNwkZ2,320466
spotify:track:5aVhIDZmDeMt2C2ZMX5KoH,227866
spotify:track:5upOEPXEZ1TbETmY8sQkON,349533
spotify:track:1i6N76fftMZhijOzFQ5ZtL,261413
spotify:track:7Ewz6bJ97vUqk5HdkvguFQ,243360
spotify:track:2admbUc576sC6M0QeUkg2C,174489
spotify:track:41MfyUSxQoo1BgIsNj8eDS,237346
spotify:track:3JkcU2UGzdKzZ58sBdRolD,119755
spotify:track:63q7jO9YSWmClkQlX31L2q,289133
spotify:track:1DrDfpOx4P4LMxFhtOmeyD,240200
spotify:track:5Iy2Jj87Ha0C0IBlNE1I4y,278480
spotify:track:07ABETRdek3ACMpRPvQuaT,234906
spotify:track:1oYYd2gnWZYrt89EBXdFiO,290280
spotify:track:5CeL9C3bsoe4yzYS1Qz8cw,259385
spotify:track:3YCcsuRdJArE4rsAG5V3sW,250760
spotify:track:18URo35acNKRTHfEdjTcGn,247962
spotify:track:5UncbfPKpWlxsWWyhmM87l,193829
spotify:track:4DYwcMdS0ClBYzDzo0VK2l,169474
spotify:track:5l3WNlq4rag0fFP0TI9qeJ,245779
spotify:track:6WE7jSshLCuVKoCmobVKVf,254133
spotify:track:3DeZc9cOc1DM8YNoJV8lAv,137053
spotify:track:3qzMiudRTIdjoK6VV7AniN,173192
spotify:track:4e0GkgtMPZFt41Ua8PlHQL,397333
spotify:track:1wZ7o1mZysv1l26ZWawVfW,390866
spotify:track:3PQLYVskjUeRmRIfECsL0X,226240
spotify:track:4S2qrsdY4BF0T5UFQLtqoU,185413
spotify:track:5QpdTr2fHXLF0Oj8TcGHmV,253933
spotify:track:4bx0ZIQecKaet7Jtnes6KT,158500
spotify:track:0gzqZ9d1jIKo9psEIthwXe,248400
spotify:track:7zLGHdfJ3JRPxvc96mEPEi,249573
spotify:track:1u6LOWtdWA2wwa3CryIBsS,192306
spotify:track:0Gx4VrHzS7pZOEAGrmXXBH,229509
spotify:track:0aym2LBJBk9DAYuHHutrIl,425653
spotify:track:0Q4a3PdGEME9w8Jgqa0Gf3,309133
spotify:track:7MdZQXUBijQxcBkYz4G1Z5,117495
spotify:track:3i1wpsTFHfFksZYhhdRLKr,50565
spotify:track:7fSGbZLhWlAiCC3HDPAULu,222813
spotify:track:7FUNGlYkniRH0qhSHWU5HK,195093
spotify:track:31Yrfyntxf2RRKKu2L6mhQ,206500
spotify:track:6mLufFjkRHCHaV1KJAOcte,248240
spotify:track:32lQvhtbF8RHGaja4Maa6d,226175
spotify:track:6rQSrBHf7HlZjtcMZ4S4bO,205600
spotify:track:40riOy7x9W7GXjyGp4pjAv,391376
spotify:track:2LAgzgp3kmBG6uOqwms3eR,295533
spotify:track:6U4VqEHy4n5VeiH4pQPL24,163893
spotify:track:6lFZbCc7pn6Lme1NP7qQqQ,448720
spotify:track:2LPq1zhFHJsCgXXKDA4RFd,253466
spotify:track:4d7Un3MpfsWKlgkE6beuXm,252218
spotify:track:5BchaCO4QMiAIugGp5UpUX,178560
spotify:track:3XS6g6S9n0yag01Y40lAtB,189831
spotify:track:2p5YsiLsdmFlBtJOmFXDDj,185000
spotify:track:6rtVnWS23c2k09s0xO46ed,180800
spotify:track:7w87IxuO7BDcJ3YUqCyMTT,239600
spotify:track:5dX3oFSMiiA7YLgzjPiKol,262480
spotify:track:7iaCrQ6XdKKuQZTvZkd7Lq,358646
spotify:track:6fatMybX8VmHUpaxVcXzrz,146945
spotify:track:7571CUGTEd1jKijAYxXRxB,237080
spotify:track:58VaIfHQzC0jflv7zEWyoZ,205680
spotify:track:3Z2tPWiNiIpg8UMMoowHIk,427333
spotify:track:3ovjw5HZZv43SxTwApooCM,312360
spotify:track:5TysCiZtv1HnSWcTcUFusI,195813
spotify:track:6Hxe9iKvXIvR1ZQ1o2KL7m,246000
spotify:track:6G3NoUqDpqD3Rgfel2pD6s,169133
spotify:track:6DZb3JYHOAV0RR0VTEMCIn,246935
spotify:track:5cQB9fbuQCz4muQUFkv3rR,276707
spotify:track:57bgtoPSgt236HzfBOd8kj,292880
spotify:track:6RVevoPzbGygqvm6LxHAuf,400440
spotify:track:6dHr9VgzPbY4N5Yut4JBg7,398533
spotify:track:252eJWNsU86DXYvo4eJ5Pu,230082
spotify:track:059RydtQEczGAnwUdiQGtS,241560
spotify:track:06KyNuuMOX1ROXRhj787tj,217706
spotify:track:3MUr32NXC2wO7v5iFrluiC,378732
spotify:track:116H0KvKr2Zl4RPuVBruDO,210367
spotify:track:4jU7NPkz4HVnM4hweqNhI1,157560
spotify:track:6pan2rDVvM8Z0c70szJryt,153623
spotify:track:24Jk4wYlLRXI9TUMdkHoMN,143132
spotify:track:1EK5Sm4E09P1lcdyKsygoV,160574
spotify:track:273uCXd7NPrInaiNqtkOrA,378946
spotify:track:7BrsBU0BAytRDvROM4yCbn,187146
spotify:track:54BA9VfKHAj61wOITNnw1W,256240
spotify:track:7GbqE3MlkKosIaCvf50JRK,264893
spotify:track:2zXLz79gxLhpRno43wLIkQ,226843
spotify:track:4chzKVwJz3Dt0ryO3Vd9ue,207879
spotify:track:0QnONzv3TvHAWk294h6DaQ,195466
spotify:track:3hB5DgAiMAQ4DzYbsMq1IT,233720
spotify:track:6mLVtOXSp8zzUVbQGLetBA,406946
spotify:track:3uMmllZo1AfoEnVT4ENCD3,366136
spotify:track:5Br5C3ChtzRSPvUFx4gO0T,248893
spotify:track:68rhTSwbsbRUba5EufB3eM,222000
spotify:track:2RttW7RAu5nOAfq6YFvApB,207520
spotify:track:6YUTL4dYpB9xZO5qExPf05,222533
spotify:track:2Ky6OednfOVrxDiKAhCZ7I,240000
spotify:track:4pbJqGIASGPr0ZpGpnWkDn,122066
spotify:track:0MRM0KckB2MIfUFMP75mcI,278960
spotify:track:2oezpnnea1VXHpJEbqnBhw,166506
spotify:track:59WN2psjkt1tyaxjspN8fp,313573
spotify:track:5rTxkf3iYfywS4aACVjuCa,202266
spotify:track:2cF9W802SjPUiBkj3ymvI9,145400
spotify:track:4mPiTSD96K4Dha1irhqpW3,220133
spotify:track:2x0RZdkZcD8QRI53XT4GI5,157202
spotify:track:6EVHRuzEoCjYxs4uq5HH4W,282980
spotify:track:6T3sH1EuBMijU1MHe2WFJt,116376
spotify:track:5x8w4Nmvx9ATRcAWOaRGBv,305680
spotify:track:3kEGnFqRfa5Ofhayh5LeWP,135440
spotify:track:31DvHUCSioX0JD7B4kZMJ9,510933
spotify:track:0SaKhiBPgdRaQKA7Bxu3ek,225706
spotify:track:32lF1rsInDTdK6Av3KdfaY,300773
spotify:track:4kLLWz7srcuLKA7Et40PQR,289133
spotify:track:7kbTZWt7DnzIzbkyzFE1PW,206066
spotify:track:1tSzm6vk58gS0NZwYS18W0,461493
spotify:track:3EEiCf8qXklctn4OoG11Mb,276893
spotify:track:7HC3sppue0re7HPfo5zscF,233346
spotify:track:4J7CKHCF3mdL4diUsmW8lq,184280
spotify:track:6Ozh9Ok6h4Oi1wUSLtBseN,159714
spotify:track:5Fim1gaXBgsiFfsQAfQSDS,198706
spotify:track:1KtD0xaLAikgIt5tPbteZQ,247933
spotify:track:7tqhbajSfrz2F7E1Z75ASX,151666
spotify:track:3OdNuLFmrDihJ8sFmC26C3,233093
spotify:track:0TLKpkORPFKqL5DZ1YZ5qK,164312
spotify:track:5iUQMwxUPdJBFeGkePtM66,305350
spotify:track:1A7hIo1C8jacIQ5ZiCjc8g,213600
spotify:track:31tf1qEai5o5f4r66Kd0pU,379226
spotify:track:5XzVdBQbbexpDXQbwzxADj,253266
spotify:track:6IRdLKIyS4p7XNiP8r6rsx,168839
spotify:track:5yw9yHZqWYSX4AsjmnphCb,108578
spotify:track:6bZ9xnCsvwUacb29fbJ4xc,383413
spotify:track:0ofbQMrRDsUaVKq2mGLEAb,216896
spotify:track:5EUbvbjJxC2Qe3DXDix8dl,143917
spotify:track:28285KFbyCq8sJofn58qlD,178400
spotify:track:33w8iS8eFMbBHj9LpOW8Rw,210387
spotify:track:51LcPhaclbiR8EAyC76M2L,232530
spotify:track:0LtOwyZoSNZKJWHqjzADpW,192960
spotify:track:7A8caPxvrT8ZgLvQPPUCcj,196905
spotify:track:3EQmNMwcIpwUJipcRSRDqS,162966
spotify:track:4PRGxHpCpF2yoOHYKQIEwD,220560
spotify:track:62GYoGszQfROZswLee6W3O,222626
spotify:track:4Q5HmyNvQHlfylzGY7V3Wr,215109
spotify:track:67WTwafOMgegV6ABnBQxcE,277040
spotify:track:3CizlnqcWoZp9Sthem7jPM,210960
spotify:track:4NRQwaks9r58tTDvr4iEyv,157160
spotify:track:3glN1vQFIxAOqyQCmmuce2,157459
spotify:track:2FXuv68BbDVxzZq1sUiHAh,214466
spotify:track:3AFfyUXTfj12PgrOkZiiJo,187973
spotify:track:4WpmwEdc4RBos8W8icSSxW,218186
spotify:track:7iAqvWLgZzXvH38lA06QZg,223080
spotify:track:7hePUwn6gsIUe6KC4ACdXB,223672
spotify:track:17ZAZ24Eyh5fKqQ06u4R3d,249760
spotify:track:1e4PRJWfSorO7RLgqDRvYR,257808
spotify:track:47im9FzRfqAS2KYvw3NhSw,245333
spotify:track:3KkXRkHbMCARz0aVfEt68P,158040
spotify:track:0o3BzwOn5jtz9fUEVFnrP7,174688
spotify:track:4bD2LHiNWvhTdpctk2U24t,278200
spotify:track:2LchpUTiXjYoOL4RgZa02N,178933
spotify:track:6Y0Ef3nIUELh9Z3bsH6wPd,240074
spotify:track:70AkbA3iCjatcgHegF76r1,214210
spotify:track:7ydVhVEl4cRGEAhxo7X5Ic,166701
spotify:track:0Dk6z7iOJzFYywJvxjNltW,158880
spotify:track:55ZL7fjGAWfClmpnsK6Xon,422680
spotify:track:5qUlALD4x9sZ9zw2yE4mDC,123066
spotify:track:5g6wdIeJk6dIRfrCQ2ABq5,186666
spotify:track:564oa00vY05d1uYnTEAAmE,183760
spotify:track:5mOuW7wlTT0Xlm6nnFmbWe,177412
spotify:track:2Tk7IZ4XHXCGRFxSaP40qB,196400
spotify:track:7DJsL4jyXA39GDiHFQYQ0t,160226
spotify:track:4mBzAVxr3Mias8T4zWF52D,136345
spotify:track:6s0NHplywwr1IjnQpUpWJk,292173
spotify:track:2UAWYufVaO3EnUUNzl0ppO,196745
spotify:track:3LWDPEXEaLBRGNLbdcbwBR,195105
spotify:track:7falOwHJ9MjskdcNehIh79,240386
spotify:track:7mFj0LlWtEJaEigguaWqYh,201334
spotify:track:3fIULop3IoVv22Vxk3bREi,153266
spotify:track:5FgdPuK51WBYhuMhV0XIBg,211960
spotify:track:63VN1yQ8RcKMUVX4KMRsBy,194640
spotify:track:0MsrWnxQZxPAcov7c74sSo,493400
spotify:track:2A9rFFPwsnhusCh8ZMBvYY,195965
spotify:track:4cMHCRLPNoEbpnl2rz6GS9,231120
spotify:track:0USXb7vV2uLFdhjBmxAIgk,199906
spotify:track:4RXpgGM7A4Hg7cFBoH5KyF,255093
spotify:track:7pU5Seuj2sVQGgkgAChMaQ,71945
spotify:track:04bg4edMdpKhsgkSzYqj55,226746
spotify:track:1Eb90nmqTrxylKFhcUzW8P,393640
spotify:track:696DnlkuDOXcMAnKlTgXXK,163636
spotify:track:0yjDP4bbD374JKx6tnGS0t,476706
spotify:track:0YI9WT21ulMINpGPysyv1K,192067
spotify:track:4cevHqmQmzCqFer1R9NTL4,221280
spotify:track:0QwZfbw26QeUoIy82Z2jYp,166266
spotify:track:7pKfPomDEeI4TPT6EOYjn9,187866
spotify:track:5Wd3iE47FCjL43ErunmK1i,177400
spotify:track:70snghIEJGTcZx8m6bwgXM,196884
spotify:track:1HH45LCvuwf98wFc0j43VU,248026
spotify:track:0iwWlM8PNfwilQbsKUYFcS,239666
spotify:track:7cDxjUnMitNKQC5c8RQUko,319773
spotify:track:1MpKZi1zTXpERKwxmOu1PH,195274
spotify:track:5GdNoFDCP47GFRqBjhyPkB,239560
spotify:track:2jz6rWGqVCYsymwxGoaON4,215933
spotify:track:5EW7MGUv4hawkoFnXbZ6qU,30693
spotify:track:3K0SJUQNbOkUprTFcwwAKN,186533
spotify:track:5D3LDwZYEzdNdhCBv68SGj,264120
spotify:track:6PypGyiu0Y2lCDBN1XZEnP,320266
spotify:track:6BnONjR7itGMEqwxKTIlRM,192789
spotify:track:75a5fcQSduYyC93gXtgGhk,198640
spotify:track:2oKZLuxOw59t7Xkr9YaCmW,346400
spotify:track:5E30LdtzQTGqRvNd7l6kG5,260173
spotify:track:4t2a1Kh38RTOPthL66TUMh,167946
spotify:track:1nNBY2quWBB0h27OtuR9wx,178486
spotify:track:43zdsphuZLzwA9k4DJhU0I,196077
spotify:track:1zKZNmgXXz53Ox1MY6OdWj,179133
spotify:track:6XUHsYE38CEbYunT983O9G,248173
spotify:track:3BNHpCcu9BaL43SjLIi8o9,249295
spotify:track:6nek1Nin9q48AVZcWs9e9D,278719
spotify:track:2uZr0NuEwpha7kls4nsBbk,196000
spotify:track:0VYQK5I08homNvX8SRS37R,209866
spotify:track:6rjnRocdCULjLF61x2NR5e,232000
spotify:track:7MAibcTli4IisCtbHKrGMh,242096
spotify:track:5YciOakY5dB5dULkiLdCaf,303133
spotify:track:0c1gHntWjKD7QShC8s99sq,299760
spotify:track:456xBIOmLRoLzCvCzZrWge,205600
spotify:track:0PCRR19Pf4iiuvSrPxtQ0x,360960
spotify:track:2UzMpPKPhbcC8RbsmuURAZ,272386
spotify:track:75wP08AtMfGfjk0nPdvVw3,264333
spotify:track:0vLwL4xuJ3s7SeaCdvMqkY,212893
spotify:track:3sHkvWrUhdcMUysJTnAj4z,296306
spotify:track:7850OQ0rHA5J6H2HHXJQhv,223760
spotify:track:1RJeiAIwR9pZBgJA8ndZLL,204480
spotify:track:0VMxiFeuVhG3Hu7NHnge9e,150661
spotify:track:1Hv1VTm8zeOeybub15mA2R,258693
spotify:track:6jBCehpNMkwFVF3dz4nLIW,183760
spotify:track:7kzKAuUzOITUauHAhoMoxA,193506
spotify:track:2yUuusf3eBxFNxuI7ALkUu,116500
spotify:track:4f9uq4InB7lMd1VcP3m8NT,212920
spotify:track:478d70Vg2ljAG28eeDp2w5,353600
spotify:track:7GqIDx2QVGOpd4r1fZaUUW,289800
spotify:track:5a2lHMvRRwhQp2zSwtjNmq,303506
spotify:track:33bzOaDLMfnzkIRKX1Zw7c,82160
spotify:track:1QzFhzIOW7CyRJLpmq5CM0,257386
spotify:track:6qDF4wWL49CAVbgT7yuHl8,201280
spotify:track:7wy016ZmoaeapFpte30sK1,67186
spotify:track:1hQ90DXmLxPMYpIh3o0bLM,267240
spotify:track:4uCbetXW9LStYPUjCpBVp9,199266
spotify:track:4OZDQWP8vOUtwunv0yKHZm,184346
spotify:track:5N5k9nd479b1xpDZ4usjrg,213309
spotify:track:5WMt98xu4lnKVp5PgeuecD,135693
spotify:track:0loJyuSFr6vVPBQSmLLrrQ,197081
spotify:track:5SZ6zX4rOrEQferfFC2MfP,220400
spotify:track:5Vdzp8l5OgChDC2UAyJf8z,239401
spotify:track:3ZCTVFBt2Brf31RLEnCkWJ,245425
spotify:track:7dm2MG1cI9oo3kZgpjMLFz,118120
spotify:track:45yEy5WJywhJ3sDI28ajTm,185733
spotify:track:63OFKbMaZSDZ4wtesuuq6f,210373
spotify:track:1MX6kqZ8FOht5UnQuPl6Jj,242093
spotify:track:08wnOyN1wyMaNrup3m353f,151826
spotify:track:4llK75pXNWZz6KAho2Gp16,259453
spotify:track:23f2ZFcFk8I4Wjd61gKksG,204640
spotify:track:3ffNBG84PCnbs3da5y9Pub,258799
spotify:track:57e7HZdT5h6qhmaWdMFcjm,180386
spotify:track:11fiWo4sFhIo5CHLbg1X5y,146204
spotify:track:5b00r2xveYfVIOExZJJ395,256133
spotify:track:2igbKtoBMXdYgYPkCpl0V4,236453
spotify:track:6OvaSFynRNLhFWtnYLMclo,198000
spotify:track:0ugonjBFdinz73vIGaQb3m,171000
spotify:track:73YdNW4KS0qxd7HmyCoKa6,296893
spotify:track:3dHDEm95M3UJb6KBuDufvK,194597
spotify:track:0dhIHX0vU9AXiJ3YSF4wLW,219613
spotify:track:3IHO4PBa4PwMw2po8eYiLf,105000
spotify:track:3bN4tg6rnNPy9GCkGhym4T,290280
spotify:track:3BYoIJsQKpEIByzfTo2zMu,229160
spotify:track:3ClOMebBxeNTYCOfTH24YJ,331360
spotify:track:0COqiPhxzoWICwFCS4eZcp,235893
spotify:track:7i9763l5SSfOnqZ35VOcfy,234813
spotify:track:5yQ9iMZXGcr5rlO4hoLsP4,307053
spotify:track:6NqfslFfCCOyBQ0Xw8kN8E,198000
spotify:track:1wYvMlS8LI8I3gEA5CTTLs,200786
spotify:track:2iXcvnD3d1gfLBum0cE5Eg,144226
spotify:track:0T6LafTkz8hb7oKHzzSFgg,259186
spotify:track:5uImkHXfTLkNYwemtGH7kB,215226
spotify:track:7LVHVU3tWfcxj5aiPFEW4Q,295533
spotify:track:2QHKyQgP6WQasHjufqOfbX,234986
spotify:track:0rvKDCA6UTzrK5ZEd8CgCD,280250
spotify:track:2BydLQAh7CUIFvSEqAMc4x,180493
spotify:track:11L064movtyopGdLiX4sVg,206026
spotify:track:2gANywSFYF58YFMPdDSAjC,356600
spotify:track:0Azn2vpP3Sbs8qAG8e1KUc,158440
spotify:track:3lPr8ghNDBLc2uZovNyLs9,212439
spotify:track:6kdjd3IBSIjMWZEm5BFzNH,322200
spotify:track:04IFKvwCnGVIsvV7FGYysk,211039
spotify:track:6kvoHl80mfCVTv7XnZkjQn,259665
spotify:track:2RycgtfFQZOPgEGrzBGE0j,332173
spotify:track:2WDvW3o8WeGN4v4cpsYVhT,240960
spotify:track:1bloF1LHgUVvPJLxrzxgu7,186906
spotify:track:4zDfgax6Ihb0UWdour1ZEs,140573
spotify:track:0j8zA8KrITjLVoAm3H3X6u,175804
spotify:track:0wEeW8Bwr0fHXuS2zLiDXk,182792
spotify:track:75PRxVF10tp2Szd2mdHyFq,247253
spotify:track:6pyzBTIjcO2AMkKE6x2Otb,285373
spotify:track:6SJHzGBHrHhrN5nYg2QQdJ,179133
spotify:track:7Iq55toOSSBCEoGuXxQSa1,148615
spotify:track:4P3R9J5VGPyAPx9T6ZXAcF,293066
spotify:track:7MFWjE68FCWOdxXPmHpF8j,150200
spotify:track:7pk3EpFtmsOdj8iUhjmeCM,209453
spotify:track:3r0gQsTu1BDXkjXfwmvSNu,163672
spotify:track:2qjO714ruqdwKx5kkY9M3w,150613
spotify:track:5FYi5CQAVgRcxBOt66DF7K,211853
spotify:track:5hwUsRKvnO5yThjVrxHQVt,138426
spotify:track:1AYgMuI3cgL5EjnfhnZVoq,209920
spotify:track:6b3b7lILUJqXcp6w9wNQSm,224813
spotify:track:6tS3XVuOyu10897O3ae7bi,234653
spotify:track:4jY5SnGbpH6FdGCqVbhOD4,172558
spotify:track:0URp9jOJtiWKR1AfMGH2Qj,155400
spotify:track:7aOor99o8NNLZYElOXlBG1,180640
spotify:track:2PdFSWL1Zpg0lRnujLnNJJ,256278
spotify:track:0TGi4ML897zq1qDcAheMIY,306000
spotify:track:2siO5Lbu3fjfr58HSX3VbZ,276000
spotify:track:2WVz9Mtp3E8HCblGiu3nCv,228506
spotify:track:1ziWFozxLNQH76CGGizB32,169466
spotify:track:3lSfq8WiDcQXEn8sqHCTZZ,181554
spotify:track:1x0fqqM35ileHoxDC6IEpm,297733
spotify:track:29imR7dda5XqwPRFmby7HS,224560
spotify:track:4saklk6nie3yiGePpBwUoc,199053
spotify:track:060aWWmC9CrLqbhzHQifQf,294146
spotify:track:0e8Qh13f9SOm81C7wPfNeH,309466
spotify:track:0uPA6fX70cCdfG172jdcKO,243353
spotify:track:2LawezPeJhN4AWuSB0GtAU,160133
spotify:track:03a359wbiUsjN9h6yzXvmS,209531
spotify:track:6iL2EnFqZVXil41a96OefP,416173
spotify:track:62uLNJgVZaFiEiKV4LpoYJ,300826
spotify:track:3rBOkpPCniY6AxOIavGGsg,281813
spotify:track:1M8fR6bX6HzEwsay7ZBT4g,103368
spotify:track:0yvoqyZFe41Ku0t4esBLX2,49043
spotify:track:40NRm1ZLvZpUSCUXAGGZ8J,197693
spotify:track:3bkBVEmRJuJZNh5iVgJkWm,239920
spotify:track:70cTMpcgWMcR18t9MRJFjB,289133
spotify:track:2L8DpEeQgxWaGmLyDYlQLx,231573
spotify:track:1W1q2zYXgpU8G96dnvMqdE,122632
spotify:track:1nNVBuHacAZjd16ggr1wjI,182133
spotify:track:6gXrEUzibufX9xYPk3HD5p,286219
spotify:track:5jSz894ljfWE0IcHBSM39i,215173
spotify:track:7pzP0wUrUJOTteYK06nccE,73650
spotify:track:6v3KW9xbzN5yKLt9YKDYA2,190799
spotify:track:1kEoU9Dmivr2JoOf7ramyT,259839
spotify:track:6kooDsorCpWVMGc994XjWN,238973
spotify:track:4sPmO7WMQUAf45kwMOtONw,295493
spotify:track:2ePsQSomuhOyL8nlA4UtWE,276226
spotify:track:2Fw5S2gaOSZzdN5dFoC2dj,215509
spotify:track:173PnvZh4grHTf31DPXDbJ,219933
spotify:track:6wpDQGn3Gl0j9Wt6D6mYvQ,265297
spotify:track:2r6JhvSzpVZ2UaHPMptWRO,310866
spotify:track:2zfr8xbDTw3pquWSt6dswt,118800
spotify:track:0AYP9qfJJumsxSOZF3MndI,110266
spotify:track:0ipLnUeK5PODrTKyT3wVGT,248573
spotify:track:0PYldThRpqH6oEuV8gCJot,245729
spotify:track:15ob9SMGLWrexuPuyuMjKl,295066
spotify:track:1ZTdrHAfVVoij7fe3iFozS,279320
spotify:track:2K87XMYnUMqLcX3zvtAF4G,192120
spotify:track:6LBfozDVA7crIeuaPAVVlE,258146
spotify:track:0KzAbK6nItSqNh8q70tb0K,229226
spotify:track:5lctI6kFdwU558kS3CrdTX,241363
spotify:track:7CnDrJ3mlKBEcAUVAlzUQE,210546
spotify:track:16fzReMJmcLlBccnZCTZNS,251346
spotify:track:7KwZNVEaqikRSBSpyhXK2j,229826
spotify:track:3zidJjXGWgKqgQnfb6hKak,259200
spotify:track:3qVqHJswAMYuJZfxdAgQ4T,243250
spotify:track:4fvneyc3bVlvzUuvKU6MpM,111281
spotify:track:77uO9d2E8xYamW9rLw9nBI,231080
spotify:track:0RrhwwIqnfCDPZD7DfWAVj,191295
spotify:track:6d4OYlw0P9T8htn6fNLcM5,315653
spotify:track:4Y7nAGTGPq8jikscC0jIHy,235560
spotify:track:2u8yti7fZtXMbwqex7M0DZ,231213
spotify:track:5BgRSqd7xAhEfWgA9opde9,229160
spotify:track:16tn9LlieVLhbCmL2x2TRe,251693
spotify:track:2a1MrtxYybqFV1Ow8VJ1dW,250887
spotify:track:254ujtd5Avf5mwBET7FASI,170720
spotify:track:6u0x5ad9ewHvs3z6u9Oe3c,235546
spotify:track:4TA48C6sa3lRrr2hHFbePR,205560
spotify:track:6LsUo3PX3QeJmWBRcmaf5b,206654
spotify:track:2PdIJubpMZPe31CFIb7Q7z,174857
spotify:track:2yAVzRiEQooPEJ9SYx11L3,283747
spotify:track:5EOoMWIB9iK4ZpcSex9Ec7,194146
spotify:track:5vr0asPxCSc5GuKQ2hM5v7,265714
spotify:track:0BqrPorq0CUY3cvVHJzxpb,262419
spotify:track:5C0LFQARavkPpn7JgA4sLk,253250
spotify:track:7fvUMiyapMsRRxr07cU8Ef,163048
spotify:track:0BB9eUBBaaX6GALSYNcEp7,196800
spotify:track:7nD2JPaxIKUdxd2UWgnaGL,367680
spotify:track:7DCumXCLeMSqX8cnMA6ud2,190200
spotify:track:5PjdY0CKGZdEuoNab3yDmX,141805
spotify:track:0s0Ch74Y6Tfe11kUjIxiws,170786
spotify:track:5abAiLlhxqlbOCdt6smXGb,246546
spotify:track:0uqPG793dkDDN7sCUJJIVC,272533
spotify:track:5e9TFTbltYBg2xThimr0rU,270213
spotify:track:5y7IfSDhBHFVnlGj1UrlA1,226640
spotify:track:30GqVivI3eb7OgonUemcjf,155454
spotify:track:2KWQhZHxEjJQN4FgAyNGUn,208133
spotify:track:1zOaxkbS1kAY1gIi0g8sOm,224493
spotify:track:57fowGElofePum3LE7XrH7,158146
spotify:track:0qdoPqv8aWZPD25GzGGIhb,214546
spotify:track:2ID3rNM3hFBjqrLcV0Wr0y,267240
spotify:track:4Awz4ZwBGFbV9F417k5N7o,186792
spotify:track:3rUMH7i22tlkymhDPOmXUv,333346
spotify:track:1jMaB19DiVR8OihLSuYFOt,246920
spotify:track:276zciJ7Fg7Jk6Ta6QuLkp,169726
spotify:track:6s3GEN8wK0OMzzzZbXj0fu,212647
spotify:track:45nokLJzIFoDobAitHv4v3,286823
spotify:track:3FghLQlyy67L5hUxOKkvII,138202
spotify:track:61UuPxxYUvacEH6SHIK3sU,228666
spotify:track:5pn14wUhBZ4XB2V2XIjna5,169343
spotify:track:0droQM0XZC0tJKEsXNWuVD,180933
spotify:track:4XRkQloZFcRrCONN7ZQ49Y,348066
spotify:track:6ipO2COc25UhJu9tKCkNsd,396666
spotify:track:7AWeyu0x4vJp3pb2RKadBT,295133
spotify:track:6hu1f1cXSw7OAqhpSQ2zDy,386373
spotify:track:0v2boHmWtxMTD2REGN8MbK,203064
spotify:track:4SW9gHnW8NfKOdqmh0ij45,132294
spotify:track:6FnuMo55jNECTDdS1nD5H0,204786
spotify:track:6g2BiiVQqY5v1S4HIrM54F,151565
spotify:track:3282skqQXz0H4vWm3SYWGB,305093
spotify:track:626rYyBfeAeleh1F5t4B70,299586
spotify:track:0e6Gm7BKZLjSzZibCCnKQO,278000
spotify:track:4Li2WHPkuyCdtmokzW2007,219333
spotify:track:7qEKqBCD2vE5vIBsrUitpD,156370
spotify:track:3yrSvpt2l1xhsV9Em88Pul,183306
spotify:track:58wyJLv6yH1La9NIZPl3ne,187931
spotify:track:1Ud6moTC0KyXMq1Oxfien0,378146
spotify:track:2nLtzopw4rPReszdYBJU6h,187520
spotify:track:3s3WXhY9PBmPqJEF1KulVa,181420
spotify:track:4RU7rnJBOXCzWmsLDqUaFC,208000
spotify:track:0SMzXgUFqcAt0WNCsGm3tM,202933
spotify:track:0nrRP2bk19rLc0orkWPQk2,247426
spotify:track:2y4lAQpi5VTNLu2ldeTdUH,231240
spotify:track:5iCQLeTVLauWAM3N0shr4P,237636
spotify:track:1u8BiP9APkwKjtVb9L1z50,231571
spotify:track:47UFoOuvrkt4khE7c5aap6,209829
spotify:track:2Foc5Q5nqNiosCNqttzHof,248413
spotify:track:3rKYiySCDMUKTw5kGVVhaa,190453
spotify:track:3oRx6kr2B2sLQWwKM3f7Ks,292306
spotify:track:4CRpOsjhvgxjF7rQufmyZ1,177986
spotify:track:4pHdHimCLvD4nx8lh6uQyx,167213
spotify:track:69bp2EbF7Q2rqc5N3ylezZ,200786
spotify:track:3Rb3V1Fg0MFMxghbc4dtIy,326853
spotify:track:0VNgwKioO0om8n9R3oBoIj,187813
spotify:track:4zfekWBOAcyfVfUPtsOWnS,159186
spotify:track:2E5AxSvxrnRsaExLe1aaXI,215134
spotify:track:6vBeZiyYQmb0eD1Fj3RThI,179746
spotify:track:2MeifbS5zexqWQr2tJirih,237333
spotify:track:3M5dIqhYOkHLhvsjxLn05b,241786
spotify:track:5lnLxpRxCDlqedyWgkBLOh,266320
spotify:track:30raivfq7rSt5nKltiHfzG,228573
spotify:track:19ekIWUJo1O8Z0ElZp2U0E,137470
spotify:track:4wX8INH5GiFoH1EeHupY0x,301733
spotify:track:5IIq5uEYpUZoSjTEjqn7q1,207013
spotify:track:2QPUaxEdbxIQbnATYjTXLW,213706
spotify:track:4yIAcHfuAlAVkMf7J0uSAJ,186804
spotify:track:0E32W7S52AaR4ht7i7DwDq,255000
spotify:track:4qpcuaYWQGLWvpaCQBVXBl,252342
spotify:track:2kIhana7Cw57qXztsUb7NN,304746
spotify:track:5Hv1QAbRWrUSUHaT0CmnMS,222440
spotify:track:0mk3AZhlzfTQshnEysS9cB,38013
spotify:track:3pPnys7mGV0DQkQoxmovXi,331333
spotify:track:0jWgAnTrNZmOGmqgvHhZEm,295533
spotify:track:7JIUI9bHyaifT8EAyNWqBU,187933
spotify:track:1jjQ1k1jvxdXUaxoK75RV8,267933
spotify:track:347TStOSY6IOqMB84Rpxwk,130909
spotify:track:7D4lgMbSs10AQ0zX3ZldJc,152361
spotify:track:63vwtGwmDC0oogDnALUg30,184573
spotify:track:3adgAegQDmPfKP6Atr4BNI,234093
spotify:track:22USWfpCu1nemGkxoWNY65,168533
spotify:track:2WUfDeq4RhRqbg8XEjcNkA,344000
spotify:track:0mJQlCl9YgxW7kyeltNiVk,350862
spotify:track:18PhtDBBYxE0vN4YvsZnMy,111920
spotify:track:0laYHRpNTS6i8FXdupHkJ4,188453
spotify:track:0xJ9lGn4GU99BVDg0uCKxi,228800
spotify:track:7ycWLEP1GsNjVvcjawXz3z,205040
spotify:track:1bp2IO61zbQrbWNmKKxg3f,264503
spotify:track:46Izyo5Eb3pSyla18uxwtb,147280
spotify:track:6TI490muJ6RgFsYJc626BZ,119438
spotify:track:4UQ2IHYUpRv802AFj7dfmE,246440
spotify:track:3R3fcrKaeBr3U6s9R2belr,566066
spotify:track:7fYRg3CEbk6rNCuzNzMT06,214459
spotify:track:2bCQHF9gdG5BNDVuEIEnNk,257760
spotify:track:7g8YaUQABMal0zWe7a2ijz,360960
spotify:track:5rb9QrpfcKFHM1EUbSIurX,250373
spotify:track:4ZXdVls5fh3TumPtpE0v35,324706
spotify:track:01ICFoBoco3TaM5r3HthXy,515386
spotify:track:6KfoDhO4XUWSbnyKjNp9c4,185773
spotify:track:25SJaCCPiosugnlY53VhRG,173888
spotify:track:1SOClUWhOi8vHZYMz3GluK,237720
spotify:track:3JO2G1i6VzPHhx3kT2nzJb,221953
spotify:track:6OGogr19zPTM4BALXuMQpF,220196
spotify:track:72ahyckBJfTigJCFCviVN7,243373
spotify:track:4nGThHUqKDfFsQ7XRZ6IhK,269653
spotify:track:5vy1C7DD9xJ5fRB3KqV6Kq,164081
spotify:track:20fQVuio8RcGPleqONoGx6,218000
spotify:track:1QnOx0IcAE9hHbKKVswQW3,142734
spotify:track:7BFYDsAhytpITwB22KDirn,233186
spotify:track:3QnHWkNMY2mpy494Bis0ly,185626
spotify:track:2webQDZmtGioeu3zUUi9We,208720
spotify:track:22bHn42Pg4uhIqVrLekPmr,203360
spotify:track:2USlegnFJLrVLpoVfPimKB,160000
spotify:track:3ErCZ9JD52hELhqILdB6Vm,268000
spotify:track:6JoVT97G1ZLpy6KHxZpGdp,263933
spotify:track:3at6WxcwxONcdbvcW02OOY,152373
spotify:track:4jUvuCcFjZaAIFoZMh77kW,536733
spotify:track:254bXAqt3zP6P50BdQvEsq,226653
spotify:track:4gTbojLaY9zNIJMx9laS2t,251876
spotify:track:5HrxlXl6yE5PWxFkNyUOz7,306360
spotify:track:2kd0T6zgABT8P0s2h9QU5O,361978
spotify:track:0wMditvMpFP9aYzW3kDWnw,283466
spotify:track:6ORopcXNs9MKzDRixexcgb,211000
spotify:track:4J1jwrANigBc8EQvZWhguj,140201
spotify:track:0awZMpokrVSdvtYe1MdcWM,303320
spotify:track:3fMYqdMKH84KeTnSuFi4Xf,183019
spotify:track:5rTNBVlAk6mY2Ma64g0sGm,210773
spotify:track:5Is75bTGs5JHmynj29tJfb,221263
spotify:track:7B0hFbSMkWGBF4MzqDBNAF,51983
spotify:track:1jJci4qxiYcOHhQR247rEU,302840
spotify:track:1EzrEOXmMH3G43AXT1y7pA,242946
spotify:track:0cB2boMVCVfVrZYItg6Vmm,151573
spotify:track:5VGLLnxFtow1pg22ZewCAV,407840
spotify:track:7qiZfU4dY1lWllzX7mPBI3,233712
spotify:track:1HZ3cUZUw5htSFmah1V8Ko,306040
spotify:track:5HyIo3pnacOmlq1EYXARkw,221613
spotify:track:0uppYCG86ajpV2hSR3dJJ0,282906
spotify:track:5XxqAdNwNxf2JIbQoLoRem,162919
spotify:track:0odIT9B9BvOCnXfS0e4lB5,228000
spotify:track:6Xvhqh9O4ReO2QfmZpM7Na,183228
spotify:track:3I7BjZp14rKFzavKxE6sBP,193160
spotify:track:1cFNmb9qN8zIgrip9YpFhv,283506
spotify:track:0TlLq3lA83rQOYtrqBqSct,238614
spotify:track:3xxmjMvJsSR3L7mUOxP9QA,192213
spotify:track:7FMEEYbIfiEazN02exf120,221373
spotify:track:0kpmeoNfuZ0cys5tCEBCXZ,142093
spotify:track:0FboaW4LhrxOCJCVfbf29T,141827
spotify:track:0cv2LgkvEoQiGgFWcZaAMA,200466
spotify:track:6eROkuBWjIkJ9BhNgtxQWF,211626
spotify:track:2yNwd7vZNjChGXRAVXYN6S,707263
spotify:track:7xB3hSztVbX6xFvQqEGKud,242120
spotify:track:3fOTE7xglLPn15SrPj7kxq,162640
spotify:track:2PzU4IB8Dr6mxV3lHuaG34,222813
spotify:track:3IB89bAf5k60jLUFoWAmn1,479186
spotify:track:6xuqSVEcGlOO5ynyfs6YzW,209880
spotify:track:4kF394GKEnI13QdZBM9mxM,174066
spotify:track:6bTVP50bbtMtD6RGe2cUoQ,182610
spotify:track:36JI0KHc591i9liHaFqDFG,269662
spotify:track:5Ohxk2dO5COHF1krpoPigN,340706
spotify:track:2XTkpF9T2PKvcLgamGJGx1,268733
spotify:track:5Lfxg2LD3E39kpN3C9kZk7,70519
spotify:track:3U7H63zKWLjOuFZJUmTowp,223733
spotify:track:7HW5WIw7ZgZORCzUxv5gW5,275440
spotify:track:1mea3bSkSGXuIRvnydlB5b,242373
spotify:track:6zAaM3FFUaUineZXXzJlVy,236480
spotify:track:6R2Gc5UhPYeCDn1tICzw6W,222653
spotify:track:5K9KKn9ZsH85pUsKI5vTiq,141913
spotify:track:17Fd6Yb7mSbinKG8LoWfFl,197933
spotify:track:5ARYSVBXZuMCBum8zVokTN,466758
spotify:track:62L8HlrCQLvBHKfpu8iqLa,392306
spotify:track:3tM9FUE7ETqnMQJMnCKLBw,211466
spotify:track:4kjgGgDbNN4nR3OZYuRkUe,260826
spotify:track:5uTio0a7NcuYPPWIHnueNU,210360
spotify:track:1ymaji9iiLLfPOq91srHeH,212906
spotify:track:7mitXLIMCflkhZiD34uEQI,262146
spotify:track:0udUVjtkBzlCvZcfcYQzS4,329026
spotify:track:165pSI8k8A6TC8RkMxy2KO,226843
spotify:track:0JltOFgTHJ2PycjYMlIVxb,236666
spotify:track:4S4Mfvv03M1cHgIOJcbUCL,133680
spotify:track:4N5QsHoAC40TVNWKxQXjXF,116000
spotify:track:5sICkBXVmaCQk5aISGR3x1,331266
spotify:track:5fWG4JDot8nHCte7gUdMUS,171784
spotify:track:3bLevYvPNVHHeVnpBMka24,125493
spotify:track:4pW3aTX3kAmOaPJfc9UM12,233613
spotify:track:1z7WfPhK3OuTb72VB4mNZh,250500
spotify:track:3yQrGLCIYOcYopGthnfG3A,199493
spotify:track:1AAZOa85URJa2BHs4VBRGF,245493
spotify:track:6QGI6v91UlqSytTDVKZIUP,245600
spotify:track:2Bxt2qamL6iu0XN0Td484J,340906
spotify:track:64RTHdDcAWhX47bhH8nA4u,132266
spotify:track:1A0wxpuDMfnKEAYaciLryd,208000
spotify:track:14K8rV4QFVIbISh9JsheLj,221000
spotify:track:3XPQevBxsl15mKHVsV9nrR,246866
spotify:track:6Q2dk1L9uCTzYODYaYzO69,230680
spotify:track:3d00vDWramb1Ug8kuMKzZW,191093
spotify:track:1wKVB62P4Lmk7aI7GL2EXK,294106
spotify:track:0ujFmyKkSXQnlVMBz4plMM,144266
spotify:track:6Rr6wXmEx6w6dsBuqqKJa3,270186
spotify:track:7cDzJyC95jtGO9zAeZsWOg,264986
spotify:track:6pnwfWyaWjQiHCKTiZLItr,811077
spotify:track:4u7EnebtmKWzUH433cf5Qv,354320
spotify:track:53I6gvXmAL1ucWRy771Ia9,198321
spotify:track:4rXLjWdF2ZZpXCVTfWcshS,125040
spotify:track:0W1qOdPQCP5MCogLNm8cuo,219466
spotify:track:6FRwDxXsvSasw0y2eDArsz,250000
spotify:track:1nm4zzv8G7dZR5fWQCjfBs,176259
spotify:track:4vtaM6xsM7V8R1sJseCWHu,184866
spotify:track:0mXGD7XnZuuzdxnUWhBsEY,205413
spotify:track:6KKHXbJtnJPjla3V49YPac,212701
spotify:track:1AKGJQIHP3dIPuhOjdxD6a,134416
spotify:track:07FCQy2OA6dHwYOxB6gdiu,231445
spotify:track:6CgsttSWDA2sISZQp1upXK,181535
spotify:track:052z2UsE2wPrHsBJ9tly0g,211500
spotify:track:5NTZM8YYeKM2YsGSffVIge,235000
spotify:track:2EeCAQN9IKpMGKEK3dQobA,157106
spotify:track:1lcOlGIVfGB36aeheTC3GN,184273
spotify:track:7yBl8YmvcgwwYlazJcvowE,316066
spotify:track:7H7NyZ3G075GqPx2evsfeb,231723
spotify:track:3HsLzgOuBE3NTKr7nlAe7l,90520
spotify:track:7iN1s7xHE4ifF5povM6A48,243026
spotify:track:69d54YOS8TOQiUYjX57XeA,154200
spotify:track:1pjvlYOMIg1NhGQbM6iwrY,166138
spotify:track:0dPwsdhkAh8v576MPoNN3T,119293
spotify:track:4CvId64YZSB0RfRdfzPIQU,281520
spotify:track:6zoG4qagYh0UGIYwWOpE1z,199253
spotify:track:6emdJW80SbDBMuHci8PJJn,306040
spotify:track:53968oKecrFxkErocab2Al,537506
spotify:track:22nyEAEM29tcBRhukR089b,220995
spotify:track:2AVkArcfALVk2X8sfPRzya,216906
spotify:track:1Jwc3ODLQxtbnS8M9TflSP,204706
spotify:track:4vYxciR6WqYvrMD7BWoVp7,280213
spotify:track:1FreAz1lmnDi5aKLB6GdFM,272533
spotify:track:5JvsxPAHsGxwNq4xto2HtM,328093
spotify:track:7zGEU6BXl2c4TxpzIAr7BI,171726
spotify:track:2VxeLyX666F8uXCJ0dZF8B,215733
spotify:track:64zfaCPwuuPkEtoNt1jzFx,243660
spotify:track:6nDbBe96eWkowt5AF7BS2G,201466
spotify:track:3x0iG0X8O3dzDOEC7bRkuV,97733
spotify:track:0zQE77yszbyv61M4NboU2u,406266
spotify:track:44ONERBHALxftQNWq6dmyd,226160
spotify:track:1a2iF9XymafjRk56q7oCxo,219586
spotify:track:4a5pNRjwmzYQuEY1E7O6pj,159346
spotify:track:6MISU9p4qR5w7K54qSo047,185800
spotify:track:6ECp64rv50XVz93WvxXMGF,206200
spotify:track:4hHbeIIKO5Y5uLyIEbY9Gn,199093
spotify:track:4QjZ3n29YFoYBvj6BrjEFP,220218
spotify:track:6HhVHZTzhjvS5erfCm4roh,340240
spotify:track:6nsLzJfvp5OLd4mgqUJkpq,230613
spotify:track:78lgmZwycJ3nzsdgmPPGNx,146250
spotify:track:0iOZM63lendWRTTeKhZBSC,244026
spotify:track:6DpVLCKsNQXDmYdNdcNGnR,229173
spotify:track:6LboqhuekAKn9alL73M6Xu,149356
spotify:track:3hJLKtTpgct9Y9wKww0BiR,288666
spotify:track:5RxpYHVbGJPOvSEATQyg9P,142500
spotify:track:6t7HHaRoBvEMqEs29qHpdt,248266
spotify:track:24Ys3m6hKQJlftrhCYSwgP,183320
spotify:track:61dXuN3VyqGOyOeMfJXIPh,237000
spotify:track:1IC9QfsEQx2aVhsscCsbTE,302731
spotify:track:6KaxyYZhOU04b8IlJk7qOl,190506
spotify:track:2JzZzZUQj3Qff7wapcbKjc,229525
spotify:track:2pxAohyJptQWTQ5ZRWYijN,250973
spotify:track:3BUQFs6aFWh7EFNmI8bfL7,161560
spotify:track:1fJjC8C0BdgUHlKIP2ODQf,154956
spotify:track:7HmuloxW2LLiPu0lcmkjoq,271400
spotify:track:1Je1IMUlBXcx1Fz0WE7oPT,173026
spotify:track:0iqfDCsvFZr9YBwRFqnai6,236440
spotify:track:1lxswgIpzV6HhENRvkflES,197840
spotify:track:2w6JXokk0F8i241Y8C0Mn6,175000
spotify:track:0f70fllnpYQJlADzm3dkEX,223692
spotify:track:7J1uxwnxfQLu4APicE5Rnj,294226
spotify:track:1jDit1o3MxkQxFDVNdYX9v,345573
spotify:track:1NZAeh2a8Y6Ry5hGBPGP1e,261026
spotify:track:2Lde7CDJ9cw0Sj0AQUPLPd,200600
spotify:track:15InB207d8r7KNT2nPRhfI,253999
spotify:track:3h02Wb8QWcWfF8Pfp4KHyn,283066
spotify:track:2hXBS8q9rGMovfG1S8FB4F,176906
spotify:track:7CH99b2i1TXS5P8UUyWtnM,188453
spotify:track:4uErlni7Deg1CgSy3zYtN7,168000
spotify:track:6u049Z5HzmgX0zNDUPabWF,240386
spotify:track:40EDOraCqoiMf14TzODihf,255986
spotify:track:1AguHaKOuggrVTebp7cZEI,184573
spotify:track:36O7qmyKLHpUY6WdWh8M5g,220386
spotify:track:63xdwScd1Ai1GigAwQxE8y,199396
spotify:track:7uKe068f3goRFEhH6MCbun,170546
spotify:track:37BYBOeSUJ1vZXvNeXOtqq,209893
spotify:track:7xQgtdHA1NHFTmomE2XHhi,176394
spotify:track:76ibxRco0AGhgavIY4zSRh,156306
spotify:track:08rLDN1SOlN7MWTYlkaWfX,199567
spotify:track:5RzU4gY5ClDruyBpJbnlD8,92160
spotify:track:1GqlvSEtMx5xbGptxOTTyk,303586
spotify:track:2fAIfPLrPUTW1AmJRR428Q,204200
spotify:track:24NwBd5vZ2CK8VOQVnqdxr,274133
spotify:track:2g8HN35AnVGIk7B8yMucww,252746
spotify:track:3mltWYkQfuGmqV0T3jOV6i,63000
spotify:track:6i8L4CUPcLum4cfyv0tBYn,152361
spotify:track:2qEpa94CPb7kzIgln93OiK,84653
spotify:track:1C3GXYY0WsFiJWFXki0IvL,95142
spotify:track:5kgnlqi9WntIPNfHyb8M4L,238080
spotify:track:0Jw3cPBXlGnA6DEJrZSTI0,166589
spotify:track:1Qsa1hsJbInKadApuLeajJ,136200
spotify:track:7FQSD5JjWqGtS1BaQQiT6V,188386
spotify:track:61RiLhlbfYBBJDIRhokBbC,183188
spotify:track:4DyydFm2UdclqIL0k78DU7,204534
spotify:track:3yfqSUWxFvZELEM4PmlwIR,284200
spotify:track:5C8Vwr9o1WtsoDVPFqPCob,241333
spotify:track:6pTg4H8juKV9iSzrcVUbM3,204093
spotify:track:7aiClxsDWFRQ0Kzk5KI5ku,185093
spotify:track:5vgtbqkScixoKvsptWsKnS,205087
spotify:track:0SiYCPMs7GDaXMnP852DCj,176338
spotify:track:7aHRctaQ7vjxVTVmY8OhAA,296080
spotify:track:3FAJ6O0NOHQV8Mc5Ri6ENp,198370
spotify:track:6WnT7e6rPTBrBej8T6dSXg,247120
spotify:track:3dKBQtQZJ5Oqyot44b8gWF,186201
spotify:track:61JDaStnXY3vbaEjliB5WA,299133
spotify:track:01gDLZsi0j5fWC28FLPNO8,535333
spotify:track:3iA4foXIFpekwHyma7pRs1,229466
spotify:track:7rFeZg0gEp7qtyuLnjIYQU,219773
spotify:track:2zyTP97uGsIc1C4KNNEkyn,230506
spotify:track:6A3SB2C4U6JtCavQOXLYNN,139574
spotify:track:4YI74GIyptzhi4nt4zuAsA,317560
spotify:track:5WQ1hIc5d2EVbRQ8qsj8Uh,235213
spotify:track:1dNIEtp7AY3oDAKCGg2XkH,247626
spotify:track:1F6A8AHmzEyzPSrEc9aumd,199666
spotify:track:1XxCiPw07rd1ytYnE7SoJI,204973
spotify:track:1QFFUmFYKXNYhq2Akjh7HR,290089
spotify:track:7Gc9OoiYsUrByC8tzD7kYY,195965
spotify:track:4O6ZaZrRCFfiZZKjnrXqlk,166773
spotify:track:24OF9ihv97VwNXQZ2gGy8v,147840
spotify:track:5Ds0VGkTSQ1jf4KzLUpZPb,234866
spotify:track:2LGdO5MtFdyphi2EihANZG,257563
spotify:track:7hzYTORVWbYaFq7LIcHnNx,194590
spotify:track:2zhKS0sDtC1HOaNQT5jIxu,251813
spotify:track:0aQAxk0VUa03yons7PZjS1,269800
spotify:track:41zXlQxzTi6cGAjpOXyLYH,203569
spotify:track:0qBCCFfcgK8aFGaGlEWZ2F,230000
spotify:track:6kbpMfsWlfpB2zFTDUH92f,418442
spotify:track:4BFMQ15vXr626UOoZL8bUI,289066
spotify:track:3L2Nyi3T7XabH8EEZFLDdX,309800
spotify:track:5r96TaQquRrlo3Ym3ZlSL2,202920
spotify:track:7tUSJY4nsDBJTjd1UXKRsT,195493
spotify:track:3dLmWDHpYENbPmkPhWegoG,52680
spotify:track:77fcHU89KRyKKRDskWKOoY,180346
spotify:track:2E2dLZK0gSTl6vjr53BfKM,266133
spotify:track:4MYOJ2AhfzdoPAjwHg79LS,342160
spotify:track:3xyTufSSGLP3oZnomceAVW,580715
spotify:track:4Bz99HLFhEqyzVxCHKGGpA,294733
spotify:track:4KcH1ZRV2W1q7Flq0QqC76,134466
spotify:track:7dzL0Kon92A1V67jm07sPG,216466
spotify:track:6u7jPi22kF8CTQ3rb9DHE7,157066
spotify:track:75jk1LRWqhTfpQhYRoSa5A,268240
spotify:track:3XetK8TEGqiumDuBlgap24,126774
spotify:track:1qxW7VuoZFyO0UQHR8XWcB,268773
spotify:track:2bNrvWD9d5Zn9tS8XvcaMk,208316
spotify:track:0LRgY9XAxrghqLDAaJ3o1v,183975
spotify:track:5CSKbHjpqborGnlzagyaDo,258004
spotify:track:2n2PrSqZeDQB19NSgO01YP,226146
spotify:track:3EOP2LAoeiosRO0NlbbfQJ,158336
spotify:track:2ijef6ni2amuunRoKTlgww,188560
spotify:track:4wXjnoLIMTninCnKRgGsQc,234985
spotify:track:4oDZ5L8izBals6jKBJDBcX,216466
spotify:track:41jZtFqmBlC0maxnobrQtv,197680
spotify:track:2J3phqO09lgu24e82siYtt,204293
spotify:track:7MkylDYvKTSuWgrsBhHlsG,221303
spotify:track:3TnhQSRwT3AVMdXw5JPq0x,228874
spotify:track:7aCdDWPc9w3DLBNJAxnciT,285693
spotify:track:7G68g5qnUmVjHDLdzJUlO1,203406
spotify:track:3eNSdI9oriVPpuqkpO4h31,225400
spotify:track:6Ll3qUTssdGWMxbwhMud2N,197893
spotify:track:5UOXwSPgkkOf8Ba9ehmDgu,112198
spotify:track:6FW9ToV3he77NJc7dSthVw,189520
spotify:track:4VYM9hLG6qOy3X59llsSwQ,224946
spotify:track:5QqdvVeYLL1xvZ1ndUjxnO,146333
spotify:track:3VsIlzI6cROp47jmBtEuQ5,192446
spotify:track:72WZtWs6V7uu3aMgMmEkYe,448720
spotify:track:2hNaljpWGHzwcIvkPIHMk7,229360
spotify:track:1J9WTzQ3ZU6sAUdhdkTOCn,189831
spotify:track:15qhC4nfcfD0XiyrYDf9dr,267866
spotify:track:6Mdu5Su2VYBAsDDVPUAMXE,312073
spotify:track:3YJtGYHVxcUa6EMSqHtIiW,152000
spotify:track:5z2pkfNzSL9Ad87xcQQEdw,130912
spotify:track:3iTgDUuQCjScwvtKty8YgO,202285
spotify:track:6u0EAxf1OJTLS7CvInuNd7,201532
spotify:track:47wPvRG8FEwbZP22UBgTQr,231920
spotify:track:6QDbGdbJ57Mtkflsg42WV5,282746
spotify:track:2Znff2J1fAgQhXXEMW7y5V,168508
spotify:track:7Ar4G7Ci11gpt6sfH9Cgz5,227266
spotify:track:5UqCQaDshqbIk3pkhy4Pjg,199906
spotify:track:09CtPGIpYB4BrO8qb1RGsF,200786
spotify:track:34gz4EkB8fx3JMe4Qb3op1,219375
spotify:track:6paZI5MPs4O1r3FcYiwrhz,226000
spotify:track:4RdcVT8qZw3W4cHhpeSVct,202706
spotify:track:3jAoLij05OiNndX2XlSRdS,202186
spotify:track:0SunFlwqT44E0BU0yrgM7u,216840
spotify:track:1Kgyx7NLtzsa3gWV1efGHu,209680
spotify:track:6IAVxNFi1W88UhDeyvOsdo,255600
spotify:track:38Ngied9rBORlAbLYNCl4k,259906
spotify:track:1H7ktqkQx1PIuPfNtqvaBs,233839
spotify:track:2wcOAWdnv22pYwRHscYfz2,195880
spotify:track:6G7MHIvSDR3ehXPkuDFAlM,200973
spotify:track:6SNZ2mpVbVrH5JESFrik5g,47760
spotify:track:2kMVxFh1y5gow2hBtqGO4m,247000
spotify:track:4qNdNbZ2qSAQhlSYJVYu6b,196546
spotify:track:4nuUssdgKFy2QyYHHNkZQW,279440
spotify:track:5zA8vzDGqPl2AzZkEYQGKh,197706
spotify:track:7wGgAbOAfANoppmBMrzvGS,110986
spotify:track:6mOZfn6CVXsX1Tt0l3thm3,285093
spotify:track:7qSCCGYhE1Ic1hHY0qn900,102240
spotify:track:0NKoPGc72yUKTIneVhFfg1,200293
spotify:track:1dlYJGQdVWDuT5sfdONqw3,208499
spotify:track:3BQHpFgAp4l80e1XslIjNI,125666
spotify:track:6gDPf8eJIRQ73rUktH17P3,220253
spotify:track:4kOfxxnW1ukZdsNbCKY9br,226880
spotify:track:5437wibz8fEjiJ2sanxd6U,194246
spotify:track:5LMDR9OJOVfRAB99Vr96zn,163186
spotify:track:0kglaBttNwzxtNeDdWafej,154074
spotify:track:1jDJFeK9x3OZboIAHsY9k2,183440
spotify:track:15tHagkk8z306XkyOHqiip,188359
spotify:track:3EYOJ48Et32uATr9ZmLnAo,191946
spotify:track:7jmkZLUZbuiNjBCgp7BLYf,181000
spotify:track:5tbTEHxgFVHzGxDNma1raj,120533
spotify:track:4eyWiNZqatNt1KTZUpgifc,253520
spotify:track:3whRKAOlJ0M3banzcChvQv,250386
spotify:track:61nk50b5CtUxCSTlgV9qLP,230866
spotify:track:5KYoPa5akZxiCn38xelbqI,184173
spotify:track:4zoQ3EqopTIGmK2c2rPV5t,342066
spotify:track:5IgabYzzWLXtfrAp5NQ2vh,176819
spotify:track:20I8RduZC2PWMWTDCZuuAN,237026
spotify:track:3z5F0EaY9VCq9GiQPzrbDX,192240
spotify:track:0Z06gAgsGv5hsLzvC06XMP,180733
spotify:track:7dob6kK2rd3zRjXSpbI8Ex,156216
spotify:track:1B5fbRxnB26duk77yCBWvS,235000
spotify:track:7vFoFDWqTX0mHzLfrF1Cfy,180565
spotify:track:3BeIUIBDKv3dPsRblYkCsK,293720
spotify:track:26gceVsA1ybT8qsX3aYLEn,187146
spotify:track:60O1ahhzfkNuO2lSPRCFIW,276200
spotify:track:54OR1VDpfkBuOY5zZjhZAY,286800
spotify:track:0k664IuFwVP557Gnx7RhIl,195144
spotify:track:0pQWEByUsh3sbhfRYVFnAs,246773
spotify:track:6weZWR2OyNDvoOZlsPCIPf,211240
spotify:track:5D2qHZvUdSCgMuGllH0uuf,215386
spotify:track:0as7fFwcDFSn5Mz11XfEAG,308546
spotify:track:0TUW9faHNaBmi89wsYGp9y,219201
spotify:track:6g5fNZ8i23IuVXrRhnCP7E,177464
spotify:track:5DnDWdt25emVC9CLUi3Iku,217080
spotify:track:7KHwxr0oA52AmSZQpMiKfO,114533
spotify:track:3x4I4nRuZp5NdtGvCPw6Ms,180675
spotify:track:2mxByJWOajjiVsLWjNXvDJ,207240
spotify:track:7xAi7yZ9uuKSac9H87Cc8i,287164
spotify:track:2HgcLPRWFrYEgulCUqgosg,88084
spotify:track:6m7GqeOw8x6AhfAXNlA70B,330333
spotify:track:1HPJOoIVdUPuaebxzMrVaD,208000
spotify:track:4S1VYqwfkLit9mKVY3MXoo,226706
spotify:track:0nUCaKwNqO5whVAhEX1A1R,274226
spotify:track:5x9RZg7HfXGY3JayXL3seF,241893
spotify:track:3Y6RL1nc5hHnAD0LaUvpFw,276600
spotify:track:6uy3ecGI6wHK00fIuJxIg2,135087
spotify:track:16pwlVsypm4aDKMhXdOuXg,231013
spotify:track:4SYUUlkScpNR1QvPscXf8t,237146
spotify:track:49TQfrsm60j5ZFKS59JOdU,229360
spotify:track:7cZULkMqhbffSh8mIqTsHo,366560
spotify:track:5lH2ThSxHiT4jYHWxRmKJh,148987
spotify:track:5600nq7TiBraBX2jobyJ3l,182074
spotify:track:1e0hllQ23AG0QGFgezgLOq,125666
spotify:track:0wDagMyNBuGv9JGStOWjNP,118866
spotify:track:3pgainA2dH9c7e8JVYGRCN,272147
spotify:track:3iHM1S9dNhCqmgcrfcEBSt,224146
spotify:track:4IWgB25aDJJ6KhwBxufRLH,153000
spotify:track:7MWbfX0x321RmB5Ifc3eLV,134400
spotify:track:1k1Bqnv2R0uJXQN4u6LKYt,125093
spotify:track:3h5wXwYl0NNMY1KpRSBHDA,308760
spotify:track:3YaVDP7FU01JbBVG2sHJJg,272155
spotify:track:2iIBpwP4FyQ95xgVail3yr,203636
spotify:track:0wzABO1igQsSy8cQ7dIeHK,202266
spotify:track:5gwCA6eUUqFNg5VVWo2Yzo,147960
spotify:track:2P4OICZRVAQcYAV2JReRfj,230613
spotify:track:33Qw6xhfiA4Ja10lOpW9fl,151991
spotify:track:5mR858YsHYG761aUqZoGkD,241906
spotify:track:036nr5jRMRlrvtEVvld4lj,267413
spotify:track:3zKST4nk4QJE77oLjUZ0Ng,255093
spotify:track:4ou9uwQoFtFl2jT4uP6CTj,170840
spotify:track:10vkYRKw6Jjr7try1ir50G,172320
spotify:track:20HOkeup7WSNOaOVQKbDNp,237640
spotify:track:59ntOlK3iSDPfbD5mDeouS,266093
spotify:track:2E9mCzfp6z6HSUfWKQ9QZ8,269786
spotify:track:0z1b34WikhOH9ZxU8QDWcv,312626
spotify:track:75hwtYcghca6YKW4i6C6fP,374653
spotify:track:60a0Rd6pjrkxjPbaKzXjfq,216880
spotify:track:17eJyYLIlMNlOqcwHYJ9F2,308946
spotify:track:7H7uOpwz6dYrSKfCfsRq2g,182666
spotify:track:1iTb2vi8Bls7QY6CKL2gj2,439213
spotify:track:1xOXXYh6lTW8laxlW7JP2J,235560
spotify:track:3iYNJX4FTRGlfMQySjlGNr,184881
spotify:track:4AHo9T0MVpNTPybmv0ITfJ,126944
spotify:track:2x9NgGU9PsVKvZkvof20am,140573
spotify:track:3jrPIWpTMWlh4qIiDAhfPS,137320
spotify:track:1JQ6Xm1JrvHfvAqhl5pwaA,256426
spotify:track:1W9c0BUe6ETdtBfQyqeOgw,188360
spotify:track:7HKez549fwJQDzx3zLjHKC,213066
spotify:track:5w9c2J52mkdntKOmRLeM2m,193226
spotify:track:3jjujdWJ72nww5eGnfs2E7,207133
spotify:track:7maHcy8UfK8oytdiX2joW9,138426
spotify:track:4ah2I83egBRhCGRGbYNyTw,235120
spotify:track:6Cpo61jc6LkNTZ7KdYsJu8,146014
spotify:track:46EfOYq59bLsA8KU3UauRK,204266
spotify:track:7eB1V5LvAdxCc7brfGhRRo,177523
spotify:track:3AjyOYxBv8bByfBtG5o9dP,190453
spotify:track:0YsGMHid6sFq5PcToe3JZE,317293
spotify:track:2nYYsMqbbuybDaDoiFkUWH,164020
spotify:track:7KNoh3Bn4QfgkIGBywkAB0,207117
spotify:track:48p5E25cFPanxuwCTmTpuL,220960
spotify:track:3vV3cr2TpPqFk07zxYUbla,290960
spotify:track:4RdRa3qq0GBSKjomxrkh5K,273335
spotify:track:74JdR9aXE6I74oS1BVRsvb,197160
spotify:track:4rfOaTTscFBcBvIW1yA7aU,235106
spotify:track:2gvkz0Cxw7OtEh2d5G9uEC,235466
spotify:track:6M5cQCyieE1Q8YQydVLzxL,232200
spotify:track:1rENS47PLnO8c7WIjRCD46,128500
spotify:track:6pqawkYEUzzuKve6QNfBaT,346600
spotify:track:0C9jZPUv4SuaXkuEQw6L40,185306
spotify:track:6ap9lSRJ0iLriGLqoJ44cq,112493
spotify:track:4j4pPKE3xAblPIbhxScC1j,173693
spotify:track:18yuOJ4LexZb3rcCHpesSY,223960
spotify:track:2zYj9z5VyrZqqdgCCIN6ir,240333
spotify:track:6G3afsR0udhKnAU0Tut25j,234466
spotify:track:4hEl2wrneFEJbJ6SDYWd2f,248133
spotify:track:2NlTOhsAamXOaZciOXbITb,234308
spotify:track:6ek9SiEj5a65WIs2EV7qiM,148053
spotify:track:6fujklziTHa8uoM5OQSfIo,291893
spotify:track:1MuktvR6O02HLN7UBJTvpV,241933
spotify:track:4uOKFydzAejjSFqYbv1XPt,183733
spotify:track:1iEwyiSLAunPR6uouANE0O,206693
spotify:track:3zBhihYUHBmGd2bcQIobrF,163755
spotify:track:6lV2MSQmRIkycDScNtrBXO,180480
spotify:track:7gXdAqJLCa5aYUeLVxosOz,336000
spotify:track:5vmRQ3zELMLUQPo2FLQ76x,302413
spotify:track:0bV4WoGRzmYV6y7OojZvqr,275386
spotify:track:3C542UknrX76XSRXTyQ1Qg,211336
spotify:track:4VPlKUSjC9HdZdUbFZ0Y5y,195451
spotify:track:7LRMbd3LEoV5wZJvXT1Lwb,214666
spotify:track:4ByEFOBuLXpCqvO1kw8Wdm,280400
spotify:track:0BzhS74ByIVlyz8BedHaYi,393026
spotify:track:5s8onl5Lw5q1AijP5BUm7G,344186
spotify:track:0yi098OFF7nbfA6R1edWXt,197066
spotify:track:1kpHBlinMNvsOkmL8wQwBo,220182
spotify:track:6SaeXxdt0Id6ZzmX0ZGTQK,324666
spotify:track:4uqD7xFgkUrNr1c94kRf8a,128373
spotify:track:0KsGqaNIf7lR1RfJjpxEps,232400
spotify:track:6Q4foUefrAyCt8VxJFML56,162053
spotify:track:6lip7aGS7oXloGk1XFCqWH,139500
spotify:track:5Ph3nLm8TXp2jYGsjIU9bJ,165533
spotify:track:3voxukrHBXctzxdSbCycey,234626
spotify:track:73OIUNKRi2y24Cu9cOLrzM,225384
spotify:track:2q6l1okvP0VOVyQJVQmL4A,175311
spotify:track:4gphxUgq0JSFv2BCLhNDiE,146480
spotify:track:6I9VzXrHxO9rA9A5euc8Ak,198800
spotify:track:2K2M0TcglCRLLpFOzKeFZA,250400
spotify:track:498YWgZPJWIA4lphXtCNma,334924
spotify:track:4iLqG9SeJSnt0cSPICSjxv,211475
spotify:track:6dGnYIeXmHdcikdzNNDMm2,185733
spotify:track:3Tc57t9l2O8FwQZtQOvPXK,179889
spotify:track:6MJUCumnQsQEKbCy28tbCP,207853
spotify:track:1NpW5kyvO4XrNJ3rnfcNy3,232946
spotify:track:3OGqneU8xnMSmkL2i7pklR,277971
spotify:track:5QQOO2zF8vyyfICow4r5Cq,212626
spotify:track:676Rf0qIOh2gKNEl9TnCOx,164160
spotify:track:0WQiDwKJclirSYG9v5tayI,244586
spotify:track:2xiOdusRnZezQok1RgLNeS,256493
spotify:track:5ecZWU5uQOiCVSnPxBZNmT,213453
spotify:track:0LgiDJqVelKyGfpeQfTJ2X,253693
spotify:track:1xznGGDReH1oQq0xzbwXa3,173986
spotify:track:2sFiVGAVckKYAwlxa1igmR,185906
spotify:track:6uu1jwYFZucDkgXPhByQcp,182250
spotify:track:0TCt7OFRdD8PQ6vTRQxNgQ,191413
spotify:track:408q39K0rnY815TF5x52tb,185453
spotify:track:7Hpdwnoh5UwEEuAo4s157v,343440
spotify:track:5BZjrgYjBlPD2iNdFn1nOk,312933
spotify:track:5jW3rF4URMdK7tO2xjS5EI,263899
spotify:track:3uB4FD77aMRDHEbVQn1itT,198737
spotify:track:6Bj9aK0jTMmjUp1y4Z7SVz,220813
spotify:track:0VZ2rAa5ceRaMPMufTVmqd,234733
spotify:track:4TT0x1CLftPygEJUw4Xcyn,185133
spotify:track:5VYTKiOnHw4iTrB9pG3yum,209813
spotify:track:0ePI3CMwhjRV3ZWas3gTU9,246693
spotify:track:2JxTIvfbuN6ucvqOBBhk3Z,182906
spotify:track:0ire4j2mcGovF5JA1D2cTp,271066
spotify:track:0zO8ctW0UiuOefR87OeJOZ,299960
spotify:track:76t5B0ttSAje5KHmQbv88t,187973
spotify:track:5kfg05FFAsnW4ikMqSfI3g,210013
spotify:track:7ioOXFH8J3tVDyDAn8Mzqq,317760
spotify:track:2wy0QRCRgVfZ0OYTeMH6U3,282826
spotify:track:1eQBEelI2NCy7AUTerX0KS,320680
spotify:track:7MmrcXVA7A5zZ2CbDuGHNa,209680
spotify:track:6YbzhSDVIz6zG9Hf7CoNUc,177575
spotify:track:46THN9jjPWhSqFUu6YsBhv,247866
spotify:track:4x5YzxjrF9wvIIXJV7TveC,222926
spotify:track:7kl337nuuTTVcXJiQqBgwJ,451160
spotify:track:0yRbkTprsL0rYr4UId0Ryi,117492
spotify:track:78j8gwBS0Lf36M1yqRG6kJ,161400
spotify:track:2GVYPY8Sv7U7cJkDFu3Ft1,257239
spotify:track:7bnRX1ObyGzzSuOWrNFLWw,281026
spotify:track:0N9b7upoCixmvrsF0e4XN3,187546
spotify:track:79q7xFOodcfIVbpNHjE2gB,367946
spotify:track:63nTBScSLXWwyeizXi9Rmi,173946
spotify:track:0pvA063uNyGQFp7DNtmk0P,141066
spotify:track:7LyIoUsiMtelB1I0I4drEF,288466
spotify:track:2iQyygW764e9GBzJb5JgZ7,145812
spotify:track:6IZvVAP7VPPnsGX6bvgkqg,275253
spotify:track:3iyzaYid5Kb4ToMvBC7hm6,309200
spotify:track:0f1JGThR7vw00y2L4Vk8os,151200
spotify:track:55lmoCZNQDJUwWa3bb4aSe,202455
spotify:track:2y2iEADc8O0Vv5IKHSs21i,158121
spotify:track:1ikAhgGMnTl9d3iM6u3W3C,202693
spotify:track:39rHfrVqCX6A55GF7uOZSC,199639
spotify:track:3GZoWLVbmxcBys6g0DLFLf,223488
spotify:track:0ztq7vu0tEolDNptiXUd3k,205561
spotify:track:36SJ7ZFx8J1f1RsewmUwMX,216933
spotify:track:3U47M2l7TAzFisnKGPPdXg,224209
spotify:track:08o75xMKmGrKny6GsXrNJW,218040
spotify:track:2eucmvlETqs4wRhvvThfEm,191530
spotify:track:2kwBEC8sXaXlg16mFW10QH,204500
spotify:track:51EpFns3CG9taCMQz6XDom,191459
spotify:track:5blmzwJSLsdHko6PQAq6Da,181160
spotify:track:0GlXKQbR9ZRbciaBoeuIKw,235066
spotify:track:5bUVHuzQh5mkvMPjUU074i,273093
spotify:track:6UGyboFgbpQURtWAVR3jzp,141335
spotify:track:346VvQj3XuOdrqwZhtc7c3,218488
spotify:track:5ry2OE6R2zPQFDO85XkgRb,205426
spotify:track:2ZSCy3P1QzpJySCWA6NRIU,271240
spotify:track:5uSG6fUPRaehaV820zcpsK,214058
spotify:track:5WNYg3usc6H8N3MBEp4zVk,320720
spotify:track:59aLTd7j7H4kcANUyEisZI,279346
spotify:track:7JEnT0uFWcwZqNZWv7hC9N,168344
spotify:track:1zSKtBze2IReYU44W0lDzd,182613
spotify:track:4EcL6qWjlXADH370vm1X9G,158815
spotify:track:7s3FSodLpnKMzeMj17G5d0,306146
spotify:track:5KRtjHNq9aKWvE7wTMvdM9,163328
spotify:track:5Hroj5K7vLpIG4FNCRIjbP,194240
spotify:track:7CanFKpPTEgaxqIu6RXBIf,238493
spotify:track:0pDaqgIForVNO4jrtTxcWT,228922
spotify:track:0QcIphdyZIVgFvW7ijEiPX,259158
spotify:track:6Y0uoqNyqMO0LFSqX2A35C,341240
spotify:track:0WuKq2LiraBFney78dzwoc,256190
spotify:track:4DRBaZ760gyk7LWnaJFqsJ,145746
spotify:track:49TvST0pVJdZ1ZztrT7DnQ,187477
spotify:track:08p63WOoKZGWEIPis1T2KV,279480
spotify:track:5kbTSXYSlWOHbBgLTwtfL4,234600
spotify:track:0URENFI2Nk9oVMdhz4SQKM,232666
spotify:track:4Vy6DnC5CvyK3stX4DTwsU,228973
spotify:track:6rpljHv0NRZ5pH8gV2zG4U,174986
spotify:track:6vKSrqeuPqnlsqDbBj6F3n,232093
spotify:track:2BEUGCeN9FBV3pA06fjLu4,189466
spotify:track:2A8xNhG8jt8tYZwDWevox1,197433
spotify:track:0kswxxNV4DLBqJeMIqFh5n,111549
spotify:track:0itNMuBHye9fu392b4e9oa,247666
spotify:track:19SPpzI7l7Aovt7AnoHqTw,187036
spotify:track:1fI579jI5KyczOtcZADrJ4,219440
spotify:track:6aWmyJZAdn1YbQuofR2zaY,242753
spotify:track:2Cy7QY8HPLk925AyNAt6OG,202853
spotify:track:5mYIM5oLxFYgq2x589nir7,187000
spotify:track:4oP1iFJ5GSxeMMHofCg4ae,210454
spotify:track:6mmPpaltUZK7xjNlBPQQ0p,224996
spotify:track:6zjME4Vo9ze9Uk4t9kUMJZ,265312
spotify:track:2Qq7KN0newkQXwyDuypdOD,181093
spotify:track:6P6rudfmKr7FyArdyEs0Mk,263200
spotify:track:2twUPIYOTqVivev47pf7bU,196520
spotify:track:76QJgXPE3oc1cnkE4PFHEn,205533
spotify:track:4lOP4BFzkPCECQTcVJgZPL,251853
spotify:track:4OV0sRTFrZLXaZZ1sS9hLn,115280
spotify:track:2uPEp51fp572Y44T3TbMNo,217999
spotify:track:2EC9IJj7g0mN1Q5VrZkiYY,274746
spotify:track:3dopATahEqGdQMC7W7J1L2,274973
spotify:track:1iZgzgmsFsi0deffe0rleB,149640
spotify:track:25NPeIjHjQGvyp4D52Tji2,143000
spotify:track:6N7gPTru90HYLRUIVDQ185,270651
spotify:track:7wck5ORA8dJB8To9rc10gi,202733
spotify:track:4lESS6vuruP6a79KWRaQou,184066
spotify:track:1ymvyDsiAUbzEhmSkfCSYh,251520
spotify:track:77IvFp174yhWdvqwBYkphA,127228
spotify:track:4M44ezhmtmWq97SZATK9eD,146693
spotify:track:6Sq7ltF9Qa7SNFBsV5Cogx,178567
spotify:track:7u1EqRx9GVICVL1wLPvHId,158293
spotify:track:6ocbgoVGwYJhOv1GgI9NsF,178626
spotify:track:0IY5lHDP46LTWfEwu66TZd,208573
spotify:track:6or1bKJiZ06IlK0vFvY75k,363521
spotify:track:3wUX7HpXS382s1DHTRouVk,172013
spotify:track:3v1KkSyQUMeeNhhD0ACr7G,221933
spotify:track:6Nle9hKrkL1wQpwNfEkxjh,210285
spotify:track:54TaGh2JKs1pO9daXNXI5q,202200
spotify:track:2urMIG2y7CsnH206CxykV0,167013
spotify:track:3mRM4NM8iO7UBqrSigCQFH,285373
spotify:track:4lteJuSjb9Jt9W1W7PIU2U,262240
spotify:track:0HVj61S4pQJdQhgZP61G65,226720
spotify:track:1cU34sZG9kF4FYHCoAD0Ib,202733
spotify:track:1Hs1uUl8o2VtDp1DABFq0O,338000
spotify:track:0pjCkLjbgSLn5c0Ilwuv8z,211520
spotify:track:6R6ihJhRbgu7JxJKIbW57w,243238
spotify:track:1u8c2t2Cy7UBoG4ArRcF5g,231826
spotify:track:3sqZDdEO5viqNqMCNem5m5,332400
spotify:track:6KawDsALZTY6FA8CE1NLZK,429040
spotify:track:7DtHGeHEbA259WJYCUVVcK,57693
spotify:track:7LbOQt7isddrw3Bs3Czl7E,177266
spotify:track:1ToprX3cpBiXoAe5eNSk74,206360
spotify:track:1fidCEsYlaVE3pHwKCvpFZ,245866
spotify:track:7CF8JrFFjWR8BN5ShfF4GQ,272893
spotify:track:5O5bTY3AE5FEp6KK8ALFq8,171586
spotify:track:6suYoN4gFkanqOBn5yRnJC,329049
spotify:track:4f9UzrnxHsWKIheG1TRrEG,267333
spotify:track:0XC9N5n8osww4bfsPuNMpS,239205
spotify:track:774Vy9sPhpePjj0B7WHaG2,238564
spotify:track:7IsEXPk6qqt30FfQv4SZMa,257093
spotify:track:1zMSZbxk4dDAHxBS5V07KT,251026
spotify:track:5masKPHeAOVNgxdLebIcK7,223186
spotify:track:3krzcyMKlRXjVkJFZqMN4t,221083
spotify:track:4Bso1FVz1yMqVoLCk1u1O9,232826
spotify:track:1aj4GXfmEYXfdVZohCpNKu,172333
spotify:track:64BvrMFmtPSFSVK5aiJ1b6,382000
spotify:track:21qvRFmtuNS5D2EWQsSOZL,248485
spotify:track:3JA9Jsuxr4xgHXEawAdCp4,219426
spotify:track:5NKxdUx1KTPYZWEJH4WDul,278600
spotify:track:0QetVR4wwvyiTezQeFNdeZ,256130
spotify:track:0oX6hfhQ2hC4wwxWE9sFdh,270720
spotify:track:1sh6lL6cmlcwhqZKGiKBua,208316
spotify:track:3PwXsKpNs9WqJfZHwrXN1Y,129000
spotify:track:0YU17F0BlVXvmx5ytsR43w,154226
spotify:track:4Z92RMiyJpUrApZi3LtpJ6,138386
spotify:track:1pTqpcvO02DUSzdN85loMZ,236560
spotify:track:463PQggkmk5tTw8ug0ahOX,188186
spotify:track:2fx1hkMHTVdDim274rwoPa,212800
spotify:track:7gcMKL3lnDxsp4bIXyv6Zk,234320
spotify:track:2Za1AlJNvksouPPWbXpR2X,240506
spotify:track:29MwtMspIroR2wFYEJ7ps0,240466
spotify:track:5XJzh2c0roCc6GDs8PrILx,279413
spotify:track:6wjoTHhIoHMkzYQR5EkV3T,235226
spotify:track:5dJUjCuislQiRFrRTp2ul7,212739
spotify:track:14FsV2IPdUiiZOptEw6d1z,382120
spotify:track:1ahCrpeTt94LL7y1aXw0Y8,144018
spotify:track:5u6Woby9oKAF8LhhuxykH1,189626
spotify:track:68vgtRHr7iZHpzGpon6Jlo,223440
spotify:track:5bed1um8mhuD5zo2JTHdF9,132773
spotify:track:1AhQetuKoBD1gQotYeNFRL,183906
spotify:track:3Te8uLyit6X3ncNW8Fp3K2,189386
spotify:track:29b2b96jozyD9GPCkOrVLs,169000
spotify:track:0NVtxRK3nORnjrJWcGcTwD,238840
spotify:track:2HHbpBQ2DEIp0rrDzOTKJK,229800
spotify:track:7yHDSgozeHWY4uqDy65nKl,214453
spotify:track:0kzw2tRyuL9rzipi5ntlIy,199080
spotify:track:4KBtX3ZoMw6LT17JvCLz0e,180068
spotify:track:2qERxo4TOVHR3GWrSWBzsf,310160
spotify:track:0oA7AdpU9Uhg1GL7p739H6,220040
spotify:track:2OGxACVWCden7vGDSVtCjm,202706
spotify:track:5H6Jp0syB5yEPk7SWYdlmk,200733
spotify:track:68sQIehHsGohLMgcP5nlND,197120
spotify:track:76lvGdrRLYvHA4gcszAKgz,214540
spotify:track:5nDPGDOqmAeSV4hXQsAU01,460226
spotify:track:6MzXulC37YZkShGJLXYR14,201586
spotify:track:6BvtitRX5lQC87YlA6rq0n,209093
spotify:track:0NvJy5gPR591Qh2z22EAak,234360
spotify:track:1KBggReyQHdpswBCpk7Znx,181951
spotify:track:3hs2QHRGsWpDFtUJtOe8oS,236699
spotify:track:3UqSTlEwO5spY8YL3GfQGv,175773
spotify:track:3YBZIN3rekqsKxbJc9FZko,405640
spotify:track:59CLXQLZKxRPzMW8S8Gt9N,207240
spotify:track:0Qd6nAlCe5RCSpFpQVT4JI,207866
spotify:track:1rMfDvE2C8ne8UZj847rKM,233440
spotify:track:5MjAFPcmrR1DYCgZrXCN4d,269173
spotify:track:0FNRN9njTx6nJVMTnNy5dw,206133
spotify:track:4RsXR6x7MeUlPOla334ZoJ,299933
spotify:track:5OP7qq1pMmsvfrpb9iWViX,231733
spotify:track:75ri6NVvxCULgNRrbGkfzj,215386
spotify:track:1yHXl0Jfu7DtjpBNhSRT8H,162399
spotify:track:7nKBxz47S9SD79N086fuhn,207680
spotify:track:4Leh0af8QNyK3LWLuUSBkB,178000
spotify:track:0lXtlj5YlU63zkTEqHGS9U,213693
spotify:track:0l6t6VVX8b0rzetokYAl3L,232466
spotify:track:2iqwThmu1aDhJyh0HAoO1M,289413
spotify:track:6gtNiLJNLBcV0P6Juenstp,212494
spotify:track:5tf1VVWniHgryyumXyJM7w,219043
spotify:track:6oPKcllvFYlDveYlyBuYXs,156546
spotify:track:2OUU04So7WQ81bGal3seXL,126293
spotify:track:5bO9BtgCnDc27XUM3T4m91,232624
spotify:track:6mHOcVtsHLMuesJkswc0GZ,251253
spotify:track:4ESPuOrSsRcBISzcMlzmY5,161280
spotify:track:1N3RsqBPKKyunvFiS6HRjx,279479
spotify:track:4z7QGidwzfe59eny2SF8aj,228640
spotify:track:5crzhw9xiWFMF2NDZzk6eb,149986
spotify:track:1TuGxHV0NAq6lpfBLDzf45,233438
spotify:track:4cqHVuDLFbO1XCr4nmks4S,272106
spotify:track:0YZ3J8xzGwLOg4yEgST1YK,312173
spotify:track:5Ovo27BHKAcGATt5hOzJ4T,252760
spotify:track:6SMHgPgNkhe9lneNTbgtel,307062
spotify:track:1TeZv2fK7yrPPlRrrqejzz,225519
spotify:track:1hTUFqJuQAMjXVGwUPWDqi,135693
spotify:track:59mt3y7GywzfriFAndmBtF,271920
spotify:track:7s4bQphtXMsSW4CEQAqDgs,194360
spotify:track:36L4txvOPbX3X837x1g3vu,197648
spotify:track:745H5CctFr12Mo7cqa1BMH,165000
spotify:track:6NdcSEhpGGAYXNnnhGS2s6,175400
spotify:track:3Bh6uInhcVBVvLraGZdkKD,147493
spotify:track:4MflGTO2ZTcSQ12bWcyRgI,199263
spotify:track:2iuZJX9X9P0GKaE93xcPjk,235493
spotify:track:6z6hCyOaWbqYKAlgeA6U3d,260920
spotify:track:6Bne501HS96nEeNq8Gn87R,170506
spotify:track:6TGwxVbZHpRNZmMW43SRLS,196520
spotify:track:7dGY3JOczM9JLA4zUpSPMN,238986
spotify:track:7ujx3NYtwO2LkmKGz59mXp,177000
spotify:track:124qbCWKsFvtyzbu8b4HJN,267453
spotify:track:2c3jpiVWrH2l8O5HHRkJ5e,253680
spotify:track:2fIUrjjH7b5tQ5gnKDtb0C,187898
spotify:track:2BPnGcLF00y0hSXne077Qo,75293
spotify:track:0Rh04pkW5qZHKphBwsCaLw,199224
spotify:track:1dekgAFF9uTCqLsklDaCWb,221560
spotify:track:2Rr4ZOnKXUrzjhMPkmkRjK,335066
spotify:track:70YvYr2hGlS01bKRIho1HM,230480
spotify:track:5ruzrDWcT0vuJIOMW7gMnW,309053
spotify:track:0e8PSrv61OxKHx4UjMYhb6,257695
spotify:track:2kB1rqoTaZ3j6ChtIWGurm,199933
spotify:track:5MMnwYs0hIxkENRsbkWJ2G,340742
spotify:track:6WEBwvsmpaoGxka0tSh5a7,231173
spotify:track:6SQF5doygbgRqlXhwl4fxW,206400
spotify:track:3sQ9wDa9VyrvZ5YLMDGau7,183019
spotify:track:2so6WSC0kg1WOcxJt2CwbF,156546
spotify:track:0d79UTYV7bqvZ3EVZjcr07,229250
spotify:track:0RFFFGtPn6a58RHY3ccVYX,243560
spotify:track:0d28khcov6AiegSCpG5TuT,222640
spotify:track:6t94PGXYAuo9GbJEnMpPcW,307435
spotify:track:3IFo5x0HWlvRu0QIAtefor,225133
spotify:track:1DIBkKqsREnKgxpZ5RJjRf,257898
spotify:track:66CFbqJScx6zRieGllITcs,229525
spotify:track:1nvomogWZSfnw3H4Uti0eL,233586
spotify:track:6bQkGfcXzr88vQRgFUEf76,141613
spotify:track:5hKOooS6HoJopFfQRNuyho,155200
spotify:track:3CokbCZOjhD9lzrlBjukf9,202640
spotify:track:438kAOxGJQtpEkVMom9WXJ,282906
spotify:track:12axV6NUqaYH3yFUWwArzr,269000
spotify:track:3YJJjQPAbDT7mGpX3WtQ9A,279204
spotify:track:49OMJ1prsRA7ZYgrAjz70c,197213
spotify:track:6rLYsNxYB1W8pfa2nRHScA,220466
spotify:track:0NJC0FDCODpPUntRTTQq97,308333
spotify:track:5P11rW6aJErF37MTfRZS31,155506
spotify:track:5ZoDwIP1ntHwciLjydJ8X2,173306
spotify:track:6ifUES3keWjwXgae8pXI3o,205714
spotify:track:2ONADYjJvqYVwjWavuY0H1,173913
spotify:track:1P5apDJpTxWmbh4FeWSSxa,213986
spotify:track:7sBTAvJJqaGMd0VXUQPi6B,221093
spotify:track:21dOjdraFZffs2lnQObaiZ,233560
spotify:track:7D5yebasDybJ83PTpwQNfx,297999
spotify:track:0sXvAOmXgjR2QUqLK1MltU,227706
spotify:track:7DFNE7NO0raLIUbgzY2rzm,252866
spotify:track:7B1Dl3tXqySkB8OPEwVvSu,234360
spotify:track:0ib6BPTVVoBiEfPUsfFKXj,291306
spotify:track:6ssQWlLTRrPj3FQpiko9JB,206520
spotify:track:1cSb92qZ95Kp9TqCI0caPx,174986
spotify:track:3RZOCU0UB5JeLiliNqdfwm,133171
spotify:track:0loKEMa9DP6mLibdFMe6Uv,96546
spotify:track:3zD0YE28NZ9qTHvfVl6imU,225280
spotify:track:5c33j1xFVOL4G24zxYhssB,172733
spotify:track:7qaQK6Eatz1KQFs1VZx2YR,189818
spotify:track:1DckcUSLpCfYsD1htu4JnF,199391
spotify:track:7gozgbG5EBTukCFWToTRA5,277480
spotify:track:6mb69VeCGjhabqZDaws0gP,223706
spotify:track:1Dr1fXbc2IxaK1Mu8P8Khz,178000
spotify:track:20R4HfKloPKgXDqU7UKk3x,173539
spotify:track:7lLwn30rofo75OazXETBkY,265933
spotify:track:1C1ks9TTKYrsrlsS4GxhDR,266906
spotify:track:0IaR6HCEObaHxA52i0fdKU,158520
spotify:track:6JIC3hbC28JZKZ8AlAqX8h,202735
spotify:track:5XUWO8VqwE4PEkLYAtt7h7,155861
spotify:track:4J2xMy0kakU9sAin1uppxb,176000
spotify:track:3e0FzZjTXOUtiJGSClOBrI,282693
spotify:track:0Fi0yp52XmFnLwT1KdXjmI,129000
spotify:track:6QUngYwZ65et2ye7Bj85EK,171560
spotify:track:1Ev18ptTlc3CBQMmKsIfjY,207880
spotify:track:1YuZMCciBPftiGy2aBMM1m,218733
spotify:track:09d3gKb6KBI9EjwNGpHuVJ,157598
spotify:track:1jM23jASF0JrhgqYhqCZfl,317240
spotify:track:2WoqgtWEBbbBKMDN6Becs7,274773
spotify:track:3HqcNJdZ2seoGxhn0wVNDK,207626
spotify:track:21MuKxxxaah6C4fkIHTv2G,211933
spotify:track:2VlLbhGLVJgdOW7kKdWWFc,189613
spotify:track:5cc9Zbfp9u10sfJeKZ3h16,234215
spotify:track:1JO1xLtVc8mWhIoE3YaCL0,176293
spotify:track:3NRql0A1Ef4RCvT473iqgD,213573
spotify:track:6Bjtr3tPdto5nyuLYf61sN,185351
spotify:track:2V65y3PX4DkRhy1djlxd9p,212862
spotify:track:2bGEoSwvtIi5el0jyeLbmn,135069
spotify:track:4VGvosVIeFMCUwHibq7a9Z,254866
spotify:track:5J2CHimS7dWYMImCHkEFaJ,154200
spotify:track:3Wunwn44wcWRNB4zb03AvA,444800
spotify:track:0VF7YLIxSQKyNiFL3X6MmN,217026
spotify:track:5qOIk9AgLCvOFgpZBTld5p,104235
spotify:track:2z5FL3FpUI7AEMd8NIzPGl,251680
spotify:track:0m94jcFqhTHKE7gFipfXPv,298000
spotify:track:1kNIJEfefBtOAT7aKdEyIn,197533
spotify:track:2tyW1uBUnYMKAFEfKDKi9B,250306
spotify:track:6Xj6WksWmPX147s4FwNOXq,413586
spotify:track:3u8sP95YHOsYwRQfms6kgc,205798
spotify:track:50xwQXPtfNZFKFeZ0XePWc,158880
spotify:track:4U34WsyOvppOMnRfq7DuOy,189013
spotify:track:18AXbzPzBS8Y3AkgSxzJPb,336453
spotify:track:5g9buJx3kyei56AN9ypqDL,211303
spotify:track:5Kwu4keP2WQ7ikgBcIDB5g,221000
spotify:track:7egcZzCU1lMxNMwOAtqxwm,285586
spotify:track:0s8jcVqp2oDUqXqKECGrwK,183226
spotify:track:4jdSkgZQ5vLdRmu10hMhfO,171374
spotify:track:2QN9zL3SzXdGqqmXO68gFp,238786
spotify:track:4b2V2ZuTYELubat4l5qZaE,214310
spotify:track:5MKSl2ZHsImt0wOfBAs87U,255466
spotify:track:2q1zZ6AOHS4JYBvq6haaMY,185847
spotify:track:0dEIca2nhcxDUV8C5QkPYb,275386
spotify:track:68KS39sKP2B4NbM1lwTCp6,113926
spotify:track:52FlwUMMDnTK8TGkCag9Jd,172906
spotify:track:4ZIj4cVHMTT23m2lMxPLgi,186745
spotify:track:0ENGJrM4g0kODzoWGHjqOr,232760
spotify:track:1468HxMexKM5NDqglXTINM,194160
spotify:track:7fbuABzGfagLWkI54bxL6c,231533
spotify:track:1sfo2Dco2YSi9Qcz7qLhQY,226754
spotify:track:7kzag1RHJUYeY8i3KRrQKw,172066
spotify:track:4QlzkaRHtU8gAdwqjWmO8n,215160
spotify:track:6NmFRS0KQfYWvC3LrjiGzl,280192
spotify:track:1sIa27mKwinFFyXblq19ZQ,181453
spotify:track:5pBvNeOAJ54zgd5lEOmM3b,291213
spotify:track:2desihxwutc3Mfjb0dRG8y,193751
spotify:track:4FRqR3uoRzmYOXR9DZwYrU,108078
spotify:track:1UrxBDCv9kDRIBUc2oskNR,219243
spotify:track:3tCYlGxMS5ht2g3vB36SiJ,201613
spotify:track:3ODiwfEbQYGYA4abe0H42j,137586
spotify:track:6Za3190Sbw39BBC77WSS1C,232549
spotify:track:3s6eWKu4vOoRhNVg9l3yuW,162293
spotify:track:63MgFVcIldlw51imFtcgK1,207013
spotify:track:2koESjC2WBc6qmfg0dmTRt,123219
spotify:track:1Hw6Yub05J8fbi9Tzim1GP,203520
spotify:track:6kcQocf2ELT3hJiqemm8gJ,250133
spotify:track:0ZEhlT9v8CdOKu55zhYGv9,284800
spotify:track:12uaDRCVrgu4O6AyOZLrxG,246666
spotify:track:2GLqM8YTSdpaQ58NrMe274,350840
spotify:track:00qMBaXdcR66Up91ZYl2dP,160257
spotify:track:1ndGB6rvxKYN9seCYO1dTF,231933
spotify:track:6hBfF54vgIAdtb5kbbvt75,286106
spotify:track:2Th42VycrWIKjhjIfur3xO,394360
spotify:track:0HEmnAUT8PHznIAAmVXqFJ,193200
spotify:track:05mDaV9Vb3wrzjF6OPZnhq,150866
spotify:track:6DV3Y4N1dWMR2ej8TaLbUF,168571
spotify:track:6e40mgJiCid5HRAGrbpGA6,213600
spotify:track:4frelkLhC4ATqJH9VGJztu,179066
spotify:track:7tDuz2OOrUFhEmNs7Oxrov,60000
spotify:track:33sXl7ETOUGrHp1mSfr9R1,230706
spotify:track:25BSBxpCtoDbOpVd7cpqbw,370773
spotify:track:5XulFHMk0X9foui8If85qV,239986
spotify:track:6Wy3X4jSszfisnRscJCHdq,265080
spotify:track:0S2cMsSo3KgOQF8QdxgYrk,433106
spotify:track:3VvBPkc24zC7x05mgJTyGO,290467
spotify:track:1NQNIG8xxckN9xy4FEzKJm,162362
spotify:track:29r3fDexnrto7WABfpblNH,203266
spotify:track:2U42jVkNgEU6DoM64eFD7i,86571
spotify:track:2kkvB3RNRzwjFdGhaUA0tz,423840
spotify:track:7uWVT3UkCAZyANvv0bdyQn,300973
spotify:track:5ZBeML7Lf3FMEVviTyvi8l,155226
spotify:track:4L7jMAP8UcIe309yQmkdcO,234093
spotify:track:7q6HXszBhfxTPHWOxw8ehb,247336
spotify:track:2BstRQGodshjGpeDGQiNgo,356733
spotify:track:0UQOiRsZEJom6E35xajJzu,237080
spotify:track:5wrR9E8MknPpCz6Zme97p6,265146
spotify:track:4PJH0ivQdJw5MNMtg4uztn,188733
spotify:track:3dBoDJb1Q2f23FBfNilLEe,301480
spotify:track:7klCcHpOKNQlQMpPDYFhKH,339480
spotify:track:0KyAGiNGUytG5JLxJu4F6l,178352
spotify:track:6QgkSqu0r3KkuiKkzmQo3Z,521520
spotify:track:5mIOsPuQdXchVY0jB5NO9Q,159595
spotify:track:7wQB9MXmWvzrieBO481NW3,232251
spotify:track:3Azo521e0Tacq8znJWaDQO,321706
spotify:track:7DJsWO52WQMY9tR6mZexHV,239200
spotify:track:26a6rTtPAHKQ2RA0xbdB6y,227320
spotify:track:7upvgbzPZxsjsZyyaRRhbA,165680
spotify:track:7FlRiAilOR7oM1WpMKzsmw,76141
spotify:track:39PDsQABbiRYiFOA8ETtKC,161451
spotify:track:6vssRuMO2JuX0twM6Nei5H,195869
spotify:track:3tD4AR8vbvM0b9X09YBYE0,212986
spotify:track:6sJgXQ05q4PNttoWl88sXS,151066
spotify:track:4Gq2ydMKhDZmctzkmk2bYo,256240
spotify:track:5Gz1PxujU62sfecQpB0Stm,199585
spotify:track:0guD5C1NmCWcnKZKYkbVtb,230920
spotify:track:4yIXHZyba42VV7gCpec6h4,313864
spotify:track:0Fnb2pfBfu0ka33d6Yki17,151093
spotify:track:1PtL0YQRtq3qxDGUSwZPJ5,195453
spotify:track:3lKZf71jeNi14udIFPJ29V,219720
spotify:track:0NQX8uIipe2SbgjgKyfq59,237831
spotify:track:3JDclw6rJteeYfm5zdLJzD,236866
spotify:track:6Ie9yuocD61v7hrh02moc6,346666
spotify:track:5kS3Kw2elRTrodnsyQuhvI,196898
spotify:track:0qGQXQdUNwPYQadGuELgEI,182445
spotify:track:6mICuAdrwEjh6Y6lroV2Kg,195840
spotify:track:717FZ6lz3U0dCNQJCcXyyv,65410
spotify:track:27ycaQnQAxaPiyeg3nr2aB,223279
spotify:track:2HLRTfz0E3p97eL3y02kVc,153000
spotify:track:2V4bv1fNWfTcyRJKmej6Sj,213293
spotify:track:0zo4aX57COch7Wh3NRImTM,269840
spotify:track:2iL0W5qi0ivZ9WRXbZ74cS,217000
spotify:track:5fVZC9GiM4e8vu99W0Xf6J,262533
spotify:track:37ZJ0p5Jm13JPevGcx4SkF,249293
spotify:track:38bDGWuyYdSdNfrFfbCiVS,288400
spotify:track:1QaCsLoKEWVujL3owyyei4,422576
spotify:track:7DM4BPaS7uofFul3ywMe46,259195
spotify:track:3MCuDi4gQrf7Xms8lTpTAx,288600
spotify:track:2vDUqLZsaEEYmREcRo9gnn,320280
spotify:track:7w9bgPAmPTtrkt2v16QWvQ,326466
spotify:track:4EJbUXlueC2gyy1v5uLO1g,217172
spotify:track:1w9Qj4iL6JkQ66sVEr7UNa,214733
spotify:track:2ljc7AncHJ7lZ7uTxALWLZ,163186
spotify:track:42FWqCxAw5aG1FvjyVjIlH,275693
spotify:track:18hPevh8BRRawD6Ljoaj5S,236400
spotify:track:4HDYjpOMCc942x3jWXSrlx,212813
spotify:track:5QLbG1uIdSQyiKOY69SN4v,212026
spotify:track:6AwixzgVSnozHGnaDXfT22,343773
spotify:track:4zyUfatSZknqQgPqM6nSQx,247986
spotify:track:0j36CNxT4hpel4SwkndMor,245733
spotify:track:45ewhNby8MgyWw6HmT7HKJ,194400
spotify:track:27WqFiOFm2u1hax2ksdyqK,442840
spotify:track:54BsvU4woTj3frJwqY3qIP,223613
spotify:track:4gqjxYiEorFk0y9b92uFdE,107826
spotify:track:0NdTUS4UiNYCNn5FgVqKQY,193030
spotify:track:12rZsYKVX4JYYOVaitKplR,195560
spotify:track:1SC5rEoYDGUK4NfG82494W,137704
spotify:track:7AxA87dIJ1FF4l1BQ98ZCZ,141170
spotify:track:0kHsXoIt6dONEdkgKgyjoK,62613
spotify:track:6YuFv5d7iGeNnFMu6xphZl,252013
spotify:track:62AuGbAkt8Ox2IrFFb8GKV,203573
spotify:track:50tS9U1IFlGCM7TdSh9Vm8,201773
spotify:track:4Cv6ongCvJy9JfSkWVnb5D,293666
spotify:track:7H8zey5My6uNdD2TxeCb9F,263000
spotify:track:7iocNjLrxPHLl8njgRlv5U,250573
spotify:track:1oHxIPqJyvAYHy0PVrDU98,240346
spotify:track:6OZPl7bOm8EOshsVmWH5W8,189386
spotify:track:4F2QVxqYaLlsZQx70Wngct,410333
spotify:track:6kH6b7sxXoccjzBikdwCJ3,254773
spotify:track:4Kwhm5VU4huxmQtBqd1AXo,167280
spotify:track:0rPGEaVKpk7t5bb5Zof9fZ,187200
spotify:track:5MxFWjuqQIsbNWbMdMdbli,255693
spotify:track:6lEuFGrUqR9Yc6hSsHPnYP,299760
spotify:track:0O5UPTII4Q4zrMXBSVtBiD,251559
spotify:track:3bBmpVl9rQKJsFFGLFilIS,242341
spotify:track:3pcPPhPAiurm2Ior11SHrz,298320
spotify:track:2SlGWm9eQI1rjrCvq4AJdB,240500
spotify:track:1YGZyfvdgZxzipWoWYVKxi,205533
spotify:track:6OzWfv0XR2SJl9pSiUBkhG,124948
spotify:track:4RzFvh9mCLHoT9724A1d6g,130626
spotify:track:04aAxqtGp5pv12UXAg4pkq,228360
spotify:track:423hwXFgoN8RYmqLoLuVvY,427800
spotify:track:6cwrN0Go9VBDFj4n7riKPU,149812
spotify:track:769CRTJKBxN0UiVYkHFoCM,221772
spotify:track:7v9Q0dAb9t7h8gJOkcJHay,240173
spotify:track:6Dy1jexKYriXAVG6evyUTJ,162603
spotify:track:5UgT7w6zVZjP3oyawMzbiK,703373
spotify:track:7tUeh2EZdMOwN6FBmopYqm,188660
spotify:track:1MHjD8R1CGSImtGq4izTrw,310146
spotify:track:20on25jryn53hWghthWWW3,157890
spotify:track:1pBFEy8cz0Fq4Pru0c4awd,229920
spotify:track:6igsoAR6Co9u7Rq3U7mlOD,279933
spotify:track:5r5uT8pHYF3SpymLNAotON,186066
spotify:track:5kBZR12AntJUTo9UeAsKqP,294720
spotify:track:6DwUjI95sKy6K9KTQ7Bj43,184066
spotify:track:4h8VwCb1MTGoLKueQ1WgbD,247426
spotify:track:4c7k0jGOFR1OraHvE3BszV,221653
spotify:track:048rqFkWyciqQ30oUpA236,329266
spotify:track:4z7maGZkAonDlXlwo8q69f,331333
spotify:track:6OnVsxDfoaJQhC3iyU15UN,289493
spotify:track:02Zkkf2zMkwRGQjZ7T4p8f,200690
spotify:track:2tG1hIdBRuNw8tvGcSi5tw,263946
spotify:track:1wCtFQlON4dQybM6QiiKic,176338
spotify:track:5c1QJAiC3773EwiZLwHf5x,231666
spotify:track:3LQPTJEqOfljGBxmpgUnoC,307493
spotify:track:3b9Cpi8jW9jNoyx72QbfRO,179466
spotify:track:4vlbjBSMqycZk6t4HVRpnC,239151
spotify:track:6z1Xz89avh1KA7d3Ek7DQP,267333
spotify:track:6EyIkk1UbBtzm3r7UksrD8,150681
spotify:track:5ydCNFk70aZqC9jNsl2rQm,184413
spotify:track:5sOft06wJLNSza2YwnE2MO,269638
spotify:track:04evy4QQAnYPMnIPmMDq72,243040
spotify:track:2FY7b99s15jUprqC0M5NCT,189466
spotify:track:2KxRauNqahX7034OR2oAG6,225226
spotify:track:17CPezzLWzvGfpZW6X8XT0,241066
spotify:track:5gFkAC68P66ZNVKXKjYtDm,279440
spotify:track:2ZzHR2sOKAOKyN8efCa69E,156116
spotify:track:1chu8wc9zbNqTQ2ahROys1,281226
spotify:track:4qbPYIqTwAf5OIzrRLQ49q,427674
spotify:track:3D1Xnj2Q7oh7Vz3RH9fDvC,265626
spotify:track:5pInoeerKBnNzpJksuPsvR,100786
spotify:track:7jkbRhQswjoClyU9F60PJC,170344
spotify:track:12uL43MR8byTEjtg241Z7m,214026
spotify:track:0oH7QF9L9fzDy6EFWlivCC,216386
spotify:track:2PFnwW05Wh0MYkfZxSwfuf,125051
spotify:track:3OwPSJu609AMzotCEyoMiO,176658
spotify:track:6GsP3uMCd0Dn5T37C93waZ,221440
spotify:track:2FrnTVSHjgnEylKGdHRUK1,279276
spotify:track:7HW01sQy5UOxyezzZg98nd,278480
spotify:track:5iEjipYoCDjVOEnXH8gga6,30706
spotify:track:1M2nd8jNUkkwrc1dgBPTJz,265000
spotify:track:2H9sGMEd19c2XzUyigadgS,248560
spotify:track:7BlBVFwvbWvcwNcUarQmjk,201040
spotify:track:1qCQTy0fTXerET4x8VHyr9,137520
spotify:track:1zHQ1JyEOnjnWFFaNVNQ9y,160800
spotify:track:6HA97v4wEGQ5TUClRM0XLc,233000
spotify:track:6GtX0jaNL8IjVQfrDBx81z,258466
spotify:track:2kCQnWRSEPO9kHzRGbED85,170293
spotify:track:2Pp3QD3thPnk2kCxmu2MHK,213373
spotify:track:0Mbf9ilixm03aRxL3BTHbI,133000
spotify:track:7rXJAqUTO6aEYDEBBMw9ww,391013
spotify:track:3C0nOe05EIt1390bVABLyN,284866
spotify:track:3fVDyChPxGS6JqVxW24FoM,167333
spotify:track:1wAXODAAL6hY64ZdhrnjBO,196626
spotify:track:0bYg9bo50gSsH3LtXe2SQn,241106
spotify:track:19P4fwkPhE6yVAXApFWDoF,210533
spotify:track:0LobJmDKU8e8oOJVwIOl55,405666
spotify:track:5JlnjmJwRUxRHgQz6DEv0t,33506
spotify:track:51wj3WPLWSi23OIqGRFyAh,177791
spotify:track:2WyRfGeHo97VC5mP1BBSzr,219080
spotify:track:0lJp6t1xChJgEXZL7PyT1S,327066
spotify:track:4iihDHIoKZdOeOW1kFDUtR,214333
spotify:track:1j44jBqva5YwRKsbYF3tPA,178514
spotify:track:7fa9MBXhVfQ8P8Df9OEbD8,235545
spotify:track:4WjH9Bzt3kx7z8kl0awxh4,176561
spotify:track:7E8tVR0asu4vDBpTavqjaz,62731
spotify:track:5cil2aEVlljg6SICoraky8,124200
spotify:track:3X3TLnvtp1PPSEuDIKG5C9,165480
spotify:track:61zbxB39zUY5oxBvEvvMYv,202513
spotify:track:3toP91RkMRQw7M0bScJ4F9,226413
spotify:track:7FS541dJh3iQAEXEZoDhE6,159853
spotify:track:6UKb1qcw5jqmoVeln2i3ZL,255466
spotify:track:3WattXYKPa1N4sDqTvSrLS,152361
spotify:track:27NovPIUIRrOZoCHxABJwK,212000
spotify:track:0sKlV58cODrjxGFOyf9IXY,298120
spotify:track:0XzvHJ7PWe0lolPdyYGKT9,140213
spotify:track:0YFoSD5VhoVrRbrnFERpVM,150047
spotify:track:599IrnvmbLxi4VViMtkeWr,281533
spotify:track:6ankyJDm6CO7GzXJPQfjri,261946
spotify:track:2pfvx4NA4vqKWs9OvtVUWv,250386
spotify:track:4gbVRS8gloEluzf0GzDOFc,189960
spotify:track:7wo12JShmTgEdKdLy62M6u,272039
spotify:track:3ldqsToUZX4KLRD9T7VXEv,243306
spotify:track:0vAtUwwCnfrMKExDsPC0Lt,89066
spotify:track:1HNywa8Bk0TmzRwQrzhtPo,286426
spotify:track:0MKqeOVdZcUFGJvWpGCKbG,259946
spotify:track:2HVmjaLefp248iCaaYtpBR,201666
spotify:track:4l4Nvk1lzQRhAYzo8Vcv8l,252933
spotify:track:6JfCetwqknRPvDXOebgEw3,224160
spotify:track:0LQsM0KYkSyCdN6TCo63vp,315440
spotify:track:6RUr6r5OexrMOYDtgu1QtS,174480
spotify:track:1otG6j1WHNvl9WgXLWkHTo,207454
spotify:track:23yUwzz4CQ8yzQ65ATN6Ds,202826
spotify:track:4OIhukw2YKIoYgeuKwq4Yg,257549
spotify:track:4316vFthxyvBsTiFCmqrcE,210373
spotify:track:0MzXl74PtQfOth21Qts4hH,600372
spotify:track:1BpMzIbVYhLfXTQe7ob2sY,301066
spotify:track:6Gx70B5abXuudLSt4cW1Gb,200466
spotify:track:63JlIeMNO9r2y2XYo1y9dM,202906
spotify:track:0PCGfA36HrVPmsBZJ57zOU,246240
spotify:track:1Mn80408bNfNXxco5jyMMI,140666
spotify:track:4k4INIaQC2qRGV3iHTlXfH,228786
spotify:track:2q3B7GLCEA4uYvuo2g5P82,155350
spotify:track:27L8sESb3KR79asDUBu8nW,197986
spotify:track:1usziuhFGBtZkdAlUoiZzJ,155693
spotify:track:5E4mQ2mXblbeuI4tefnMZG,315102
spotify:track:7aPsseax6rNFyipHn9A5CR,134144
spotify:track:0s9COZY8wLOadAzbHka2GO,261373
spotify:track:3WWAvWDBQANpJeNbvVbjMg,269840
spotify:track:75CgD6l7K4qMzZrn4CbZqz,248599
spotify:track:5NY1Up0CdDRwKDlEmOsQ8X,253520
spotify:track:7k6ngKq1oDiHiWUGed7ZRM,309104
spotify:track:20dCnqTMdALhfI81B3avG8,227880
spotify:track:6Ar0Rcqv4AMonCshpAIheB,179544
spotify:track:3La32pFm0AKlcOqr7e4Hq2,143560
spotify:track:5fDaYFLN20hbJAcsDP660D,245386
spotify:track:77dC7dKzMm65Y9jkJs0Ssd,270866
spotify:track:2LkaNhCrNVmcYgXJeLVmsw,185440
spotify:track:2tTmW7RDtMQtBk7m2rYeSw,198937
spotify:track:1M2zeYn9S4zorVjz05oZw1,332493
spotify:track:3ZYO0HGRFFdAGeb8o7F9KC,212906
spotify:track:7bcy34fBT2ap1L4bfPsl9q,158463
spotify:track:1F9xcExF9W7m5BxTdlJLED,194260
spotify:track:4mLKx7zsUdyT4Ax7rI7KXu,287426
spotify:track:6aommJFM8i3iT4inKuDSXh,215986
spotify:track:0cKu6kqvm9cYRJT6qBtkW2,282226
spotify:track:6J5tRmK1Z3zQD1G85IwvAZ,213600
spotify:track:6EPRKhUOdiFSQwGBRBbvsZ,166360
spotify:track:01q4ccXbvPlCwZ1fPiFaeM,122760
spotify:track:18LkL654trqzWaV5snVTyH,154053
spotify:track:6dZqdIo1ZGaoVAno4yOTCY,221266
spotify:track:1I3HTXuNYqmDYWywwf2v9h,239133
spotify:track:6T7MAQCekVb3UnCykjX3BP,295000
spotify:track:1kZklN5swy3NGwOf5NTICP,244459
spotify:track:2v8j9hkx52GhrwuZlLTgL0,410893
spotify:track:3dPQuX8Gs42Y7b454ybpMR,232106
spotify:track:2cH4QYxI5DmFPJySqiXaxv,94670
spotify:track:2KH16WveTQWT6KOG9Rg6e2,245640
spotify:track:7F02x6EKYIQV3VcTaTm7oN,278440
spotify:track:1CkvWZme3pRgbzaxZnTl5X,228293
spotify:track:1oFeXti9EanzUrHvWfRrfJ,341395
spotify:track:0uKCgpKGWpk5orWsKg7t6K,143133
spotify:track:4c4jJJoaiY21t2TyRZgdWS,271573
spotify:track:59xSED9dc86bYL39V93GeV,226840
spotify:track:5uqkZsFJbZPfYGqvshOR5L,165805
spotify:track:3IvPx3BOjQdrwzMQtVtLaR,195558
spotify:track:2WlOO5UM3eoEQt7Z2z3PU1,237165
spotify:track:7Ie9W94M7OjPoZVV216Xus,248133
spotify:track:1NC5LcAmP5gJcLWVl5tJvv,251173
spotify:track:2IZZqH4K02UIYg5EohpNHF,306426
spotify:track:2vi23luhEYDrtUnNHAqF6q,157675
spotify:track:3C5OdJjudhoDye8E5mU3nI,184666
spotify:track:58PSYdY0GFg0LFb2PxYk4T,321133
spotify:track:6rovOdp3HgK1DeAMYDzoA7,350266
spotify:track:6gBFPUFcJLzWGx4lenP6h2,243836
spotify:track:7oGZAicScQt96OAW4AruYy,207719
spotify:track:5YbgcwHjQhdT1BYQ4rxWlD,292400
spotify:track:4t8YQE2FIpTIq9SxeuOuuP,213959
spotify:track:1MSrZHVGZmkeEcqVnos813,156931
spotify:track:3PG9Q89FOydXO8rJesUewH,157133
spotify:track:4UnvJ5IVrX7MPeU7wznh6w,290381
spotify:track:1yIsWGm9ofVDR1t0ppd3MA,190040
spotify:track:300xUYXWhFA6Q1sbNvVItP,173946
spotify:track:4m0ypZ1c1l0WulMk3fkVA0,169258
spotify:track:5MSdi8enkILzDF01mVTggY,359053
spotify:track:7lFgli7y2vo7sjgynHZzBP,254346
spotify:track:0qemIQjSxcKyf42VPfZnfa,212800
spotify:track:68vipq4utIVcDqT40CY4E2,276037
spotify:track:62wBEY20qXqTRYphDJmqOD,138693
spotify:track:0rQtoQXQfwpDW0c7Fw1NeM,13578
spotify:track:0yJvWbn8xQKiDZ84VN5lQG,247293
spotify:track:5TUmfePkCdoSYSavOykhau,187093
spotify:track:5EYi2rH4LYs6M21ZLOyQTx,155720
spotify:track:5xV0Czdqefft6sPDqjmFBu,249093
spotify:track:4bEcoz1OcfMgUbp2ft8ieQ,255653
spotify:track:0HpRyogDQmGBSXDQV8hJRt,172933
spotify:track:3Dy4REq8O09IlgiwuHQ3sk,168960
spotify:track:0MKGH8UMfCnq5w7nG06oM5,218920
spotify:track:1Eolhana7nKHYpcYpdVcT5,145746
spotify:track:16x2V0ZWoXD7Rjo6bSAoEK,138201
spotify:track:1jKq6jcjPAd2awwuYiPswp,137365
spotify:track:5cL0il349buZyeIxU4ZE3l,214960
spotify:track:4zn0kScuV9Oj28d4g9CQQs,211000
spotify:track:2lThYb9fCfE6STB96w4y9y,145983
spotify:track:4L0rxWhjyX0VhNbK4U9oK6,185463
spotify:track:2pX4FpOgwItRVPPUFdRcxA,294986
spotify:track:3aD8cLO0ZZTLoHwF4pTu8d,222106
spotify:track:5uvosCdMlFdTXhoazkTI5R,429760
spotify:track:4Ev1LZ4uzjnSvDHpgdyBZK,314960
spotify:track:3qQVUOHJdgIFWJd0jrG9GE,482720
spotify:track:3wuftb5ou5BGppIlhUticF,221453
spotify:track:7Gh3X8WE50LeBKMFBqzmIY,180129
spotify:track:0cOiPNg78GdIpmpZCKb26W,171226
spotify:track:2sgBTNHz9ckmqj3rx3ez4M,204200
spotify:track:6l5RJZFh6GShyNqUL6DqOh,202228
spotify:track:2k17VNNGHPmnGwXZ8KdfPt,157338
spotify:track:4c60yLpE5lXvICT0pyEaZ5,256799
spotify:track:32YkpyPZ6taMEEb8TBLcrr,317066
spotify:track:4aXicRG47bBEcKXlDaSRwW,122694
spotify:track:4cdOa74e9tBGA6FaVT5mgc,212906
spotify:track:6lJFfj7wWeKiYRjLMHN4SN,262240
spotify:track:0nJW01T7XtvILxQgC5J7Wh,213826
spotify:track:39l1UORIhuHvUWfxG53tRZ,290933
spotify:track:4iumiOcpogqo6heLMkrZkT,113580
spotify:track:2N5zMZX7YeL1tico8oQxa9,182066
spotify:track:00kvKlIvfzQLSi6T2zwXuS,299066
spotify:track:3Au6174rC3JSzZN5BhCl3D,258013
spotify:track:6Qn5zhYkTa37e91HC1D7lb,201240
spotify:track:6BD1X1PeV5UzYUdiVaD2yL,243266
spotify:track:0pNeVovbiZHkulpGeOx1Gj,182293
spotify:track:2mMN7uM1TzSJC0iEgRajTC,382000
spotify:track:1TYPUxV36h1xOeEtcT0wbt,199666
spotify:track:1lTqW89Rh71XeMpvuudM9R,217293
spotify:track:3qgrfo8pDdZPxxKaZFqmLR,186080
spotify:track:22hR7aDYKZrPKH18YLlyaV,291800
spotify:track:3aDqAwZixHsOuBG14CGfMk,298013
spotify:track:3pyjJrvYubl5klFaLTCLQg,289880
spotify:track:1I7zHEdDx8Ny5RxzYPqsU2,275466
spotify:track:2rHMbl9Jq96fRaG5O3orKN,159880
spotify:track:1hwdPQtFHISvZ9SXMkNrIK,160800
spotify:track:3Awr8U97Q3vVR3vWdQv8Ts,302788
spotify:track:3AMEq6QNhYujp6vKGerwZU,252015
spotify:track:3O9nQmCkiA2VUAqQpkJZhD,187746
spotify:track:2ItrQShUvHTeaiZiDukjNo,346666
spotify:track:2t3ooq6Q4EOhFQ9CbyEsJc,546960
spotify:track:5QYoVB8tVSo4WJm5AuBJIl,269880
spotify:track:3WRzV7wEJ9HfJJI51OzcA3,452466
spotify:track:31A3oqQxDLdG9HRx45z62d,158200
spotify:track:70XZHFxrmZgQQ5Uw7v8tPO,238834
spotify:track:1J48l5Y8USDVLR5uBfFZ5l,139354
spotify:track:0KKkJNfGyhkQ5aFogxQAPU,206693
spotify:track:5kwAIpUBwhmiBpsJlcMgO1,198133
spotify:track:2sxJd1nrbXwezsbV69ZZWZ,230493
spotify:track:67XS7eWumbLVktm0QSkks4,316826
spotify:track:6gOirCUz62z0mFhCJ6P5KC,211000
spotify:track:5uEYRdEIh9Bo4fpjDd4Na9,162802
spotify:track:132ALUzVLmqYB4UsBj5qD6,256971
spotify:track:0Ii7L9jsfbevLNHFQsdeuC,212157
spotify:track:7lBfdc6U0gQNQtW0fktnP1,138673
spotify:track:608uL3XBV8f2MHKNgm32Y3,231084
spotify:track:0jd7dO9tw7BhW8zqKVgLY8,253893
spotify:track:6s6nuBUe2alx3Rfk9JLPij,362520
spotify:track:0cz4h7EpOd1ttqKqKY2fbO,166518
spotify:track:2MP2iNgyGo1KO4qmIHp4OV,140498
spotify:track:02XnQdf7sipaKBBHixz3Zp,208306
spotify:track:47BBI51FKFwOMlIiX6m8ya,213306
spotify:track:3WsUKVmB9x7MeO8PBeQgtK,239920
spotify:track:6Lphpr9Z6H282Sguw0dUWa,215693
spotify:track:1ODANxW34eP0TVS63phHAu,211693
spotify:track:0pjCsB0XNSyqM9UazlTODC,193600
spotify:track:1BJK21KnkR7YS5NUTY4t2C,216320
spotify:track:1x5sYLZiu9r5E43kMlt9f8,212459
spotify:track:6efkcs2aUBMFKxl0cl2JWQ,169319
spotify:track:2k9phP6kKgm5lXjArSGXJC,217946
spotify:track:60GX3BzwD0n4RlntDDsnxO,197398
spotify:track:69Kuc3S2vAWbAxjXAmYg97,128500
spotify:track:1Tip6R4swhC7E6hgILBjrE,220636
spotify:track:6ibSWqU0gfg8J5qxjepe9W,184957
spotify:track:5NoQvINZLBV1wMYPdNmReL,149786
spotify:track:26w9NTiE9NGjW1ZvIOd1So,156430
spotify:track:2O4FEz7d9kbuLiUVHgWY5q,202460
spotify:track:4yN6xPLopmTLvc27pO9LIE,221026
spotify:track:12guUhwhDzAlmzccdi9Yzo,252453
spotify:track:52s6Ea6aSZMvPUIH0dSpk4,230373
spotify:track:6XR2j6791aOAjR5fiW983n,186008
spotify:track:5ekobRVHvm435Eipr1StAg,243531
spotify:track:7qQzkUWsbvoTDbNpW3FHQu,389760
spotify:track:3XDeeP9wBZzGhIPZmLfEEx,252760
spotify:track:4it4NYn9wNqGV54joA6oN0,213453
spotify:track:75UfgdiQxmIBNQeuZfuBvc,332973
spotify:track:0PhL7aecZxj0wLXIdjmNft,195105
spotify:track:1inwt0v9a4ib9yS6Y4KsdM,202706
spotify:track:6urCAbunOQI4bLhmGpX7iS,263560
spotify:track:3R5ULvRdYFfaBfkIMkiZnq,183333
spotify:track:7pWK1kMgHy5lNNiIfuRbkP,236764
spotify:track:0zYkf4pCiGAhEp5Z3iUkml,202080
spotify:track:0dVeDRYHkHvHnYPzveA7IK,226093
spotify:track:0TGd9kXFDRQG9FF0netmah,251266
spotify:track:4arQlAFMI8OHmOmGCIHGxt,110253
spotify:track:5QREkNN2kAKUsXppK9Vrcu,386213
spotify:track:4QKp53r2regsmwEBrsgjoe,169173
spotify:track:5bTysxqGHXdSGiZVgljzCY,208214
spotify:track:7MVIfkyzuUmQ716j8U7yGR,128677
spotify:track:3SXWtn3YbXOuz6s9LN8LeJ,309920
spotify:track:1WbXIpiGBJkCiv3hn40iPB,198332
spotify:track:2IHaGyfxNoFPLJnaEg4GTs,270373
spotify:track:2vz1CsL5WBsbpBcwgboTAw,226826
spotify:track:2G8IHtLBcgu2GXTwq0iB4Y,177826
spotify:track:65hcrO0589fUJwDMJSdN2h,428373
spotify:track:5SzlBJM3PRSk1ENjZ6PY05,183553
spotify:track:6ZnHrF3PTc3JEVz4tlKAJh,195573
spotify:track:5haXbSJqjjM0TCJ5XkfEaC,165800
spotify:track:6bGoOBQ8bAorlQ5LoEOdiG,176733
spotify:track:2uky0VCI2EZni0nArOPznM,258540
spotify:track:1sFstGV1Z3Aw5TDFCiT7vK,185062
spotify:track:5mexbTuWx9d8DPZk4sDGF4,210960
spotify:track:1CEdDExqYCaf9UB3nwsBZs,163173
spotify:track:6HvFnlOo1SCuKVdsOMp002,291453
spotify:track:58D0ABMaZKYR7cOrxOQuTm,261760
spotify:track:5cfYurP1XKldMBtvBBJiTs,288506
spotify:track:4xlhd0SpVU3JRULB3Q9s4L,284653
spotify:track:1QvWxgZvTU0w8rlPRE5Zrv,284840
spotify:track:0Q56LPrOBBRbh0XfyqbhXR,233866
spotify:track:3p8Gxhqy3pzCU7BRfqhqPE,137288
spotify:track:5iwz1NiezX7WWjnCgY5TH4,238200
spotify:track:2MfiUy311FNVeoI0crQDmE,306533
spotify:track:3zgFz1o1N0hMHDzXS0fpIp,222200
spotify:track:6sBgH04G1edCBg7eC8rIdl,167066
spotify:track:3Kemg5QPEhEjOiWUFrTkXX,170005
spotify:track:0g5EKLgdKvNlln7TNqBByK,220573
spotify:track:7JlTVyT4ZYyvLbIAeDeGPK,186874
spotify:track:70SvNnjvvJnzjxHFbzgDZm,217577
spotify:track:3uwehoqKSQLa5lFFvIX6M3,212444
spotify:track:3cFwuF7C0Cmde8Dg0V3Xx2,193191
spotify:track:4s3kaH1AaZKmIFOpRYjniB,211000
spotify:track:2w8wIBE9r1OmP7EUrTaCTL,180066
spotify:track:1SHA4IJyiyNobDOrQzFFXy,190801
spotify:track:1Rvl8qsKJurfFTyWLBI9ib,249520
spotify:track:0UOxp1BpnD8uPQMKU4wKjz,263746
spotify:track:5rTe42jWw9XBMwUog24we0,494573
spotify:track:70YWkfVmYyAfeID5g8r47S,166973
spotify:track:65QVpgBIutEZlpDCi6AH2F,164880
spotify:track:1UiKUFbCfgbVjwY8W657Pv,178826
spotify:track:6humwPGYVb3ckErmGbLcrv,246932
spotify:track:0azC730Exh71aQlOt9Zj3y,222160
spotify:track:7uJvH1U5rhQBEwJILAyA3D,189426
spotify:track:01gwPP2h3ajRnqiIphUtR7,177426
spotify:track:3lC4mM6NiSLttfYTv1HTNQ,178573
spotify:track:5hE3T2329sdMmIrHxjhQDL,208293
spotify:track:0HwdiT4MVRzY0OALcjq0Oh,300880
spotify:track:4vvK7kQ42AAXabZAXiGsDH,261440
spotify:track:6hcoWyIXrXGoWUwiELYBLc,184000
spotify:track:2xEs3emh11olahFv98bADs,256739
spotify:track:5PrhBYkGWarC0svMMuQzlB,292426
spotify:track:4bTZeO72FwMa6wKOiqoynL,287773
spotify:track:5JjdzGUhBRb0VcvercYG4d,213600
spotify:track:3xKsf9qdS1CyvXSMEid6g8,184516
spotify:track:5NDcOCy0nB6HyIP6b2xJ8d,231173
spotify:track:30YtmOd4KaKObRrLgSp54P,170122
spotify:track:3CvRHWTTER3tsaLPAL2Yxv,239894
spotify:track:3dD9yyYTQ73SZvyOygyKva,196706
spotify:track:4pwR0mPdJAk2CMZoyPZbao,146999
spotify:track:7yOY8qrOMxWrzl0yc3rEYX,217853
spotify:track:3kZqyRkr7n52LylSD7YYXh,315925
spotify:track:6Tzjug1Iwou2u0zzulqDEN,259799
spotify:track:6DXZiYUbrYgrVIhfX3U9Z2,194607
spotify:track:1uiX0bdc2sPHcL1k02bC2G,206943
spotify:track:3gV0E3N4uOcoNsbxLkGWkp,139684
spotify:track:2KN0Kgfb15aNLR0p2J4pkr,281306
spotify:track:2PGVr2VZzDjIkwVX8piCGb,194586
spotify:track:6u0EHlRPgUIfER7ZAE4x6Q,86333
spotify:track:3PfIrDoz19wz7qK7tYeu62,183290
spotify:track:2fCvO4vU4LLEzHLsKKrVr7,306240
spotify:track:4MhG43SWxrUPyVDSA3ffYR,488680
spotify:track:0hTbjhfpioCDEK6qwVT28n,211413
spotify:track:0vFJC16vkmxDqh5K2Hv5y6,184520
spotify:track:0DcBQ7dMhCMvk9t6L4XI7G,265882
spotify:track:10P4yS3ZSPrdDVKHSQiQD8,209027
spotify:track:4SdTyIjA6FuADAN9W8sZjq,187461
spotify:track:2ZMI0QNoqU9fQZFirR9WpK,222960
spotify:track:1n9lGvOA1TKBvwVQ4tpB2o,271346
spotify:track:62p6fF2r4NY6pwZbxxvmr8,372893
spotify:track:5XsAal7ZcWg1I5T4NcRjkv,234761
spotify:track:5p3JunprHCxClJjOmcLV8G,254173
spotify:track:7gKqjNMM4ikt7KFTRsgZgL,187066
spotify:track:6fkL9CjWmjeV6vfDxTp9OZ,199136
spotify:track:71koAFCnGnugRdGIDfS7f4,210880
spotify:track:5b7OgznPJJr1vHNYGyvxau,147000
spotify:track:4fXGWiVhlOLdhwRDP6pIFG,191026
spotify:track:6m934o04Bg3ZPlc1CSv0OO,312306
spotify:track:2nLj38A7KPJ3GhiVO6zCsJ,304693
spotify:track:2TxCwUlqaOH3TIyJqGgR91,213266
spotify:track:2fxJDRmUMatqyZ6ZOQi7RD,226100
spotify:track:2TEBad31rCkcQYcMq7pSDA,171643
spotify:track:2houIHAaaLCAa0Cdm2TJCl,219534
spotify:track:3tSi6iFO9yLGIYIqMEgjC9,179226
spotify:track:4hBW3h6FnQNh7NRmyxLLG7,213413
spotify:track:4rVpFFQ6s9uTHQOYP39JNn,169206
spotify:track:4efoEY8iDBzUqitjmNDhpN,180266
spotify:track:02zBhKZIES8MMX9lvo1WKQ,192213
spotify:track:7sV8l9oBVkyNlHXgZQZg6a,175846
spotify:track:3orSDY3UwBMgGxmNmfXLeC,133425
spotify:track:4phvdPGXE8MGXsTBhqB5ht,305526
spotify:track:3VbGCXWRiouAq8VyMYN2MI,141693
spotify:track:1w3IeWPxVHuw0gyXcGV2pN,156480
spotify:track:29FNeqjOV2kPWGS55qhtGB,186786
spotify:track:2SL8izibBIbLttLhrcxJ35,242045
spotify:track:5aawSrQxp3nRw0nOL5HA04,175960
spotify:track:3BHnkgUNKSpDUlnRdiufM8,188160
spotify:track:3MjUtNVVq3C8Fn0MP3zhXa,211066
spotify:track:1z3ugFmUKoCzGsI6jdY4Ci,342680
spotify:track:2Vjyk2WqC4MmyxwPlIwvt7,223706
spotify:track:386RUes7n1uM1yfzgeUuwp,189109
spotify:track:31RTFPrB7wmYBhlkM2ILXG,153800
spotify:track:7Izh7zLJGw1Nscd62Exxj4,204346
spotify:track:3XRALl9CNCnjjbCZid2L9w,269897
spotify:track:2EqlS6tkEnglzr7tkKAAYD,259946
spotify:track:1fDsrQ23eTAVFElUMaf38X,516893
spotify:track:5xatbZbGCMhKLvxcuLo9sw,298250
spotify:track:0JEoezwc786AUMKs2CBQRI,155920
spotify:track:4nqfdPAESHRTBLj8PL0bD1,190239
spotify:track:438leSWYiUE8X7oOYQRC33,337386
spotify:track:6xVdHfNIcWB0Bzd1obzcwj,221226
spotify:track:1iOr558nKZFEUisItQldh8,171944
spotify:track:5YLnfy7R2kueN0BRPkjiEG,196826
spotify:track:6IjNNElkvc4Z4jKTiVvPDC,302226
spotify:track:5TzCDKy1ZmFZdW8100A8p9,353666
spotify:track:04XdCMi1WhAjVyRJbAtaq0,196349
spotify:track:3ayVbzLZ8489RvVC36moWZ,364906
spotify:track:1fyysXwSGNtMeqMBLwW3SI,261426
spotify:track:423jrkQR8fzhE6APXyU7Pe,256839
spotify:track:1raQmVlPMnfSWBL7jMq4PE,235840
spotify:track:1Nkq4Ks8Q3aXlmxD3iLx9v,201933
spotify:track:3tcaltthSz9s6awB6koVRo,167733
spotify:track:76fKBwy1XNB6GaZMJyUhuI,174843
spotify:track:4jIPERh3FWrLH6w53dm0JV,295573
spotify:track:4jH2NgiLe1z17ev6z6i7Fz,191026
spotify:track:1G3tT3xLodVLyZV7MQDXin,195200
spotify:track:2YpeDb67231RjR0MgVLzsG,157066
spotify:track:4ZWZmQgNJoWIC7FCgwgtNO,303759
spotify:track:6b4HGvI1Icw1Ztgpz4pkyc,238106
spotify:track:68BzQ8inpZts9NGPFSboJD,215133
spotify:track:0ct6r3EGTcMLPtrXHDvVjc,176658
spotify:track:4fouWK6XVHhzl78KzQ1UjL,168601
spotify:track:5tVA6TkbaAH9QMITTQRrNv,256000
spotify:track:2ZMsF5LXbuGkfLMr8U0IxU,198743
spotify:track:6pxWv6GV35VGmcPf5dh6CH,187213
spotify:track:7seZkjJGrjBcfKKpI85zNe,183254
spotify:track:0cKk8BKEi7zXbdrYdyqBP5,221426
spotify:track:4L3TjNmQXBLC4zmqGCW5eM,313026
spotify:track:2eUV2WKvzMa39fLs1iLG16,205693
spotify:track:6ZMrpXuvDO8T13QVrshXlL,162200
spotify:track:5IOCJknlPFDe6CmdKIN1Rf,167914
spotify:track:4GSYsEcIHfmdVdglO8PY9j,197001
spotify:track:6Ylpg33fqhQfJrXLwSxnzh,262946
spotify:track:0vJWanOoPwLdy4sgyM1FGC,266186
spotify:track:4Yip3hds5IHyT7AqoNHfmX,199772
spotify:track:7kQUdVjev73xIuwu7W6YW9,180000
spotify:track:3EGlnkJGcwz73rT0oE0X1X,246906
spotify:track:1EPVhySScieqRoYWj8pIEN,334493
spotify:track:2cX2coZS1PYBfPs8wgbdWE,196213
spotify:track:6XbycqH9YyHfgcPLwaPR7L,149500
spotify:track:4t6vrJg7GcUELCAxHX1z5W,266626
spotify:track:1BYz7OhBUeMwjQsIDaVQv5,284202
spotify:track:1YDebgap5OFwXEBG18NJvy,159082
spotify:track:5yB4E4t77x2k0VJTvRazQq,222325
spotify:track:594a2gJwaid7KGIn9QhYJL,217146
spotify:track:2NeHnSFnwNp1Z5WYgcjJ8L,219253
spotify:track:61SyIOivHI860INeW4IpWv,308480
spotify:track:3NZLl9HoaWC5fAbJUH5kl0,189333
spotify:track:3g36KmRGI8hmnCcTFak4Wn,143280
spotify:track:1nD1EWAvkquffC0qcJmSa6,138026
spotify:track:3KwwE4sgCzMaKWq6QBebmX,181240
spotify:track:4js8kCJgiQJ0suhau4ZbTh,192066
spotify:track:4JLI9AgtAXutJvjlXgZBoR,108078
spotify:track:02ZtIbjdZKpvdeUNmY0LWp,212400
spotify:track:3IxyYgcTYye9jrZ3HQMohV,164188
spotify:track:15csTRiRz2T7fK979dE3eD,233600
spotify:track:3toXFhdNpH0Cs5vQkTrHQ3,365733
spotify:track:7cIkMEpDhT7Vpw1FHOQqKC,212161
spotify:track:67s5Cx8cn7iA5j3aJFkqnC,278973
spotify:track:101m14qrjLJtXR4IwcXYv8,183133
spotify:track:6G8TNOdTBpBPmDdJAvoVhA,213373
spotify:track:2fo6SB7TJFR4YfWVNTWNO3,161900
spotify:track:5cZva2sFzjPzbSs0x0FVXP,345762
spotify:track:6TUYIny2p8j3OmVENYFJSm,270026
spotify:track:5fSDXbY8o9pA3TKwAbfwML,237386
spotify:track:2lqFwTECuP5VNUvzzotxWo,205333
spotify:track:1DIXPcTDzTj8ZMHt3PDt8p,240693
spotify:track:7L5jgZtAyfiU7elB8DIqCx,218440
spotify:track:44otbhfbhW1zUDQ50HYwwY,230253
spotify:track:5sUe0Kil6bGZxNE7slwp64,262746
spotify:track:42qNWdLKCI41S4uzfamhFM,203600
spotify:track:1E0zfJUwEpRLrcxkg6hAYP,185454
spotify:track:7r9ZhitdQBONTFOiJW5mr8,231594
spotify:track:0ZEXvzAtZ0sHPh8f0fZACl,188331
spotify:track:2alIsNw1mqEShbWyO1HXZZ,245440
spotify:track:0gzcET27nREY6aD8LJU9wD,178291
spotify:track:731gQYKxtMGu3wINxh4Fbb,71729
spotify:track:2rizacJSyD9S1IQUxUxnsK,194080
spotify:track:6IbnUaczZBT34DhaD6S18F,154666
spotify:track:2JoZzpdeP2G6Csfdq5aLXP,245200
spotify:track:1c9dnQbOzw01ID7X2IsYOE,266333
spotify:track:1CPCDaur2BxlCW0BVsf6rH,216906
spotify:track:2zjt2hHBbiv5SuxYg8Z7eP,238120
spotify:track:1WniHvhq9zTkny0WvGXX8o,195612
spotify:track:1wYIv0ySOwjMFWLOtrgtbo,73386
spotify:track:4VbOIkKqt0gkZpC75oKSxS,304106
spotify:track:5XxFB1oX6QvX5hrWESHIa5,248466
spotify:track:55rn9bs7vZBsEK4Y4URraH,87411
spotify:track:3sObHIp9VT7btqZQsRsgTu,235963
spotify:track:3WxmlTZ85sCYFnuIXmUAEe,204770
spotify:track:6OnfBiiSc9RGKiBKKtZXgQ,296080
spotify:track:54B5QqBgdsJUnI9wMuBoNR,172637
spotify:track:58zsLZPvfflaiIbNWoA22O,200186
spotify:track:6hFi0gXP8KItwMqfBgf44b,253227
spotify:track:6lSypaQOcC6JtzfwpINLGW,239293
spotify:track:2WOJ9BjjKnYT0XCtubtR6O,246907
spotify:track:543Sv2yd15Pu7jiS5FlJzD,256399
spotify:track:2oR1y4RNIgckkl46vvIDOP,201920
spotify:track:1obisQNOcikRvTdStbW3pG,169026
spotify:track:5hRXW7bDPwj08jTI74N3gg,249840
spotify:track:52qq2T7uXlpI7Kfb4otWNk,280493
spotify:track:7FCfMXYTIiQ9b4hDYs4Iol,202914
spotify:track:25fowDvPAUn4hUkZKzudZp,177266
spotify:track:4hHoh9a1j5k4CCaMkBCqfV,146546
spotify:track:6ovp1nCwIAOSMotiCF7pjk,242500
spotify:track:37R0bQOQj5a7DOqh1TGzvB,194453
spotify:track:4zguEJ2UaLe4zbEIDWqiVP,218320
spotify:track:0Pu5tXngp1meWKE1uRSozW,163650
spotify:track:7GLmfKOe5BfOXk7334DoKt,163000
spotify:track:4amGeAvkzFunJTHZ0KJZba,203773
spotify:track:3XKKBkbIfq39PZL0tbFKmI,118666
spotify:track:1FaYEgRMilyFtxRokfA0ys,248426
spotify:track:15MJ5NThPjj6xhPcts8MiY,255733
spotify:track:5TQlPe23rDgLkgbpEgWUnI,273280
spotify:track:688td3ERdnPDqNyT80PAA8,168764
spotify:track:3md2c4Y7M40UUn6vgF9VX3,169653
spotify:track:15WsXX90PtZBR54mvD1MYS,357303
spotify:track:2sTdHOegsYoU6H2w6CdCKo,398222
spotify:track:0OpSYP9Oly3SqmeIgiRnzT,301746
spotify:track:34D19QbdMD2SL1pivaJzRX,237906
spotify:track:6QJnaTEqZYHoA1RWv9NHKS,233379
spotify:track:5itOtNx0WxtJmi1TQ3RuRd,229184
spotify:track:6GJmb404LiyqoDyyE3jDad,247360
spotify:track:0BxE4FqsDD1Ot4YuBXwAPp,253586
spotify:track:1VkRLxuW1Uiktg5gZS6enZ,209520
spotify:track:21vp1orbqySVyww9ngW44w,89666
spotify:track:6g1NlCpW7fgqDnWbCCDrHl,247426
spotify:track:59U97eTYTbjG4ibP4KPLhw,163000
spotify:track:5GF0eR0RrHMYH0gNbFf1U2,178000
spotify:track:5owFj7EOftzR9x5zciL0Bm,508226
spotify:track:72jbDTw1piOOj770jWNeaG,221506
spotify:track:0pSBuHjILhNEo55xK1zrRt,238586
spotify:track:3RKl5yjCyj1hqOJ3TeFqyQ,273720
spotify:track:5gXHReIb7HJmJnFKrlqn1n,124000
spotify:track:3BEZCNZSmVv30vsMNSOCri,289026
spotify:track:3ac2SnHk4KYjP2Au4ZL7eu,265680
spotify:track:7IgsZAnCIPwdZsNRKlS8p2,418506
spotify:track:4vewD7EZL4NELL98l8ys5A,156845
spotify:track:07GOnZWIiHWjLzUsaTv5yO,156923
spotify:track:1qdeIyGOKgDp70C5Lz5Jly,141998
spotify:track:38QmUDpkoYlNbMKvpvAsrE,196320
spotify:track:0poTQypvCOJY4IVJdWy9cr,206444
spotify:track:5y788ya4NvwhBznoDIcXwK,185413
spotify:track:1lb36bFPzVYUBER5QatHAY,244946
spotify:track:4ZEEcEMGjkWOfZNBcIB9yE,200266
spotify:track:270ieNCOt945nOdUQubFI5,245986
spotify:track:7K6xMPtAjTuLPNlJMLf5bS,192145
spotify:track:6jtsyzzGLDN5gbgKjYuMGB,252333
spotify:track:16EXxrSxvDvgOnCp56mNP6,281226
spotify:track:7AzlLxHn24DxjgQX73F9fU,154424
spotify:track:7MRyJPksH3G2cXHN8UKYzP,214733
spotify:track:0Dt1B5dNfajRczQKZA87aL,435266
spotify:track:4ojZuJ575GlwN2weuWDr8z,182426
spotify:track:0MBuFIMKjaA55mwbiPHrwZ,239557
spotify:track:6U2NuJILEOEpW2tVCuqKHb,242160
spotify:track:2cQCAvNArLep1ItyZi1rrG,118800
spotify:track:7mDONZCXYO2ksyrioHxci3,233133
spotify:track:3qebSLgUwaEqbwCM5sj5Kh,168920
spotify:track:5kTvymHsmlmcy5yQWbWO1U,231173
spotify:track:6v268hutifefARl2SBm7vq,162664
spotify:track:4tCtwWceOPWzenK2HAIJSb,214480
spotify:track:3CZhdUrdDFo0fI1xfDjpv8,204404
spotify:track:54EXj4PlQKJD5Xx2503jgu,167276
spotify:track:58q2HKrzhC3ozto2nDdN4z,253390
spotify:track:6Soxxi73U6SO4rOGJwYYxI,240013
spotify:track:5v9sKhKYamy8kMwjjxU24C,299586
spotify:track:1EJIcDYXwSqipW5dFe4uJz,236524
spotify:track:687YZan9Gol1UVvbpUSO6Y,252373
spotify:track:1ghlpxVfPbFH2jenrv9vVw,254346
spotify:track:0vnrhysrKKRdNYFKLAGzRc,246382
spotify:track:44aTAUBF0g6sMkMNE8I5kd,260573
spotify:track:7KflGu9Nlb0JFXpDOt2TRN,157667
spotify:track:2RlgNHKcydI9sayD2Df2xp,303373
spotify:track:3gxEZXUjrNbl3TlSrTGbR5,288339
spotify:track:6EpRaXYhGOB3fj4V2uDkMJ,204502
spotify:track:6HSXNV0b4M4cLJ7ljgVVeh,149880
spotify:track:2l3imSkvdlMxEzCLiZXLcM,217466
spotify:track:2DYtBXueUkZyUZAHKJAAIs,500866
spotify:track:1JUiYmsqLwaljwH9LcNXlC,180733
spotify:track:7bWD66GcIQdKxnhgs2kavQ,329728
spotify:track:1thzPqoQxXhh6YHhANIFnj,214615
spotify:track:3BjD16l0CBQxUvcRI7vLWN,290640
spotify:track:2cRYvcyWfz7jieYIBkI7JR,238640
spotify:track:6fwICn8FWouigyB8BxfljW,200866
spotify:track:69QHm3pustz01CJRwdo20z,312293
spotify:track:5Hyr47BBGpvOfcykSCcaw9,348333
spotify:track:5Hz27BjI9NLhteWbkhP2zz,280426
spotify:track:3NlLmKBJozwoi0k03Feb1N,199386
spotify:track:0yd0NF2DaG04KLqJT5LLV2,218693
spotify:track:53VHRWhYdLLkBli26hQ1hz,262760
spotify:track:1MsBRSbt5dqJSw3RxXtvCM,198773
spotify:track:5jSBnH9NyaNP5zdSB3pwgu,214557
spotify:track:6wmAHw1szh5RCKSRjiXhPe,200853
spotify:track:5zGqTc1WQUe8XqqdnrpKTV,207040
spotify:track:4LEzZn6vpMkQAQuwFInnSh,203000
spotify:track:2qpacEyFxmbxCpIEqZkqvC,172506
spotify:track:2iNmegOcdmt4peYrh9S8qI,155861
spotify:track:0PpamSdfQzIAvj5OB9Bz54,182466
spotify:track:6spiyzG5pcVZNJVGwEZ1i3,179133
spotify:track:2liDEMyPVzDDLXKUnyiznA,171560
spotify:track:3iB8eciGU9vZkaDYkz7Ir9,203333
spotify:track:0MIq5zqSNk6XH4BoinuakO,214163
spotify:track:2iSXgduBpKrwJuQcuybkxP,172933
spotify:track:3f3HHRPF5vAo90GwdpDMaQ,252800
spotify:track:2jUO4Rbw8VizhpHS63jrq4,251028
spotify:track:54b8qPFqYqIndfdxiLApea,218733
spotify:track:1iq9NA2cHcN8SVs8ZHyUrr,200028
spotify:track:7D0YmNlI9FDwodlKzHraRp,294053
spotify:track:5KlCWDbatUCBhvN7ZwyeEF,241893
spotify:track:6wdersKR7OOa53V903yStP,143933
spotify:track:1pi2NoRfO6PzvZNy67OGVt,168414
spotify:track:6jJV5fmI445qXaMACgM3D2,419863
spotify:track:14uKsvPJ0quzQvdB6f7Dur,222040
spotify:track:1MYlx4dBtiyjn7K8YSyfzT,284800
spotify:track:6AbaUu4XtHu7pGkPE94Tat,193840
spotify:track:5kRFlfWSTdQXl6AATz3xn8,197933
spotify:track:3QGsuHI8jO1Rx4JWLUh9jd,187973
spotify:track:5QEk6P5XCg98fWAKnVKcS2,297786
spotify:track:2Q6Knqq0R7baKPuo0bgMCU,242453
spotify:track:4v8jmsVox8VwU5js3JHOJZ,151720
spotify:track:0qEfiBPPu4bnAVJGcRiPtU,169343
spotify:track:3lysbLRK4bGbQRmYfN5S0o,250506
spotify:track:3tyTt5pEWblt96j1HsXiV5,390861
spotify:track:0MqcfoZmD5x9L74TM5kbXR,228391
spotify:track:6cUEnolJoWkOESxzWGU5me,246935
spotify:track:0f9h8awV1X4jSllHXXYdfX,251946
spotify:track:0GGxVTb0UwDwdaKNjBdCn3,212933
spotify:track:6uENKO9nFAdhDCwAzcSIbw,149200
spotify:track:3DKWF8is9hzp84aSxnhlag,264266
spotify:track:6PvjNYQ0cWU5zOyb3HUm7U,178546
spotify:track:0a4agFmqHXxcZl1nho1BxM,275733
spotify:track:7z2kFmHEirELsi9HUKEoGP,187466
spotify:track:0SiywuOBRcynK0uKGWdCnn,294573
spotify:track:2tMBCYj22KxtmkAACIvvk4,275695
spotify:track:61cycf26Sg1YcRZCAFujch,301586
spotify:track:0V6V6fwKxTHDrsLLmgW432,1160280
spotify:track:1hRDHWWealh2Pk3fnpIe75,290160
spotify:track:5YTR0gsen0W8Y5sz5fbZc6,189193
spotify:track:2RaN7kGPxuT3wvpdw9dyND,80146
spotify:track:4p6p7ynFrJ71chcXoR2FZq,191533
spotify:track:5er81QQ9LIfJ5uQgKPeup0,160015
spotify:track:4vGniC9BYciCivF1s9vruW,184563
spotify:track:1HikhESFRRAMpkWGhNq8Yy,216960
spotify:track:3CpoeW0cZSDzIRv5z34F87,339546
spotify:track:34B8hkeah9EcOTvIvACJxL,248297
spotify:track:0VV8wkOM4w78A2OHZOTzNP,192773
spotify:track:3lkiTKxSDxOqZkQnf9FUEo,233214
spotify:track:0ikz6tENMONtK6qGkOrU3c,231333
spotify:track:2fzqpmKuYcNQS7clW1XxAS,133000
spotify:track:1IqFh00G2kvvMm8pRMpehA,271333
spotify:track:23LEAN1OErucG7zBw8OEnu,168494
spotify:track:7HRv1sYuwgoea1m0JRvChV,266000
spotify:track:2dp14VWbIxOVNmaWKkVB1r,184960
spotify:track:3hVaK0zn3sVWWY8TvN1Te5,236413
spotify:track:4sy3B9TPNMIze8oFrDJnUN,280869
spotify:track:6fE7ffZWTeeyLdYyQccx5S,235866
spotify:track:3kxkjirben9RVm9NqYa6rm,248346
spotify:track:0D1OY0M5A0qD5HGBvFmFid,194160
spotify:track:4yFh5okeS2u5iO5vAsBsHc,302613
spotify:track:0SjDwpPrGWZDaEMhg5Quq0,202400
spotify:track:5hcisvFMidkMJlElTO9Qmw,297485
spotify:track:7CMIy0uwXyeBv2MvaEUJM1,158413
spotify:track:1xBNJg2dvZsmUM4yoBag9N,77346
spotify:track:5Hlc3Et7eFLX1Lr3ohzPXg,83621
spotify:track:7hc8MAObhk85700QV7kBdK,175193
spotify:track:7B8W8kfQwcVubGo2EGosID,330840
spotify:track:4Ntf1cj7wRNrSHjxguobHY,161436
spotify:track:2DRW68rSFwwd7YCT4T54x9,186080
spotify:track:3jypIprWefCT4UME5z9Jur,305880
spotify:track:3cg0dJfrQB66Qf2YthPb6G,301133
spotify:track:6hfsIlwOxJ0cX8v2SNntBQ,177826
spotify:track:4ZhPLoMzZwewHLLjV1J15c,232466
spotify:track:0cQJGoRki2avKVodXEmr0d,147368
spotify:track:5KTGOxbL6BYlQ7uSlp3VwM,144666
spotify:track:1RTVBt6wWtWs2qiRVnlzLM,360146
spotify:track:7990Xs9HQx7FXVIDVPEwj9,168733
spotify:track:6llmLUCZzHIg2lY4NzyZBN,307070
spotify:track:0PEXp5yk0sx9dJ8JzwvjJb,250800
spotify:track:60ULIaqUiKqdfiAAxWnQuB,228306
spotify:track:76SEZdYnMNnUqi43anI14r,406746
spotify:track:51pQ7vY7WXzxskwloaeqyj,478173
spotify:track:1fE4SgPXL3CifVltWjdcLb,191142
spotify:track:5NvOZCjZaGGGL597exlQWv,249586
spotify:track:7dxP1Ax38suEhbWSWXSrVG,67000
spotify:track:6LOvBuAV5KqwnNyPIVx79u,218960
spotify:track:5tppih5lpALVyHnWbRnMTo,38013
spotify:track:5fwSHlTEWpluwOM0Sxnh5k,287120
spotify:track:2QrG2FcBnplaioOxxUeRCN,254546
spotify:track:7xHWNBFm6ObGEQPaUxHuKO,210226
spotify:track:1tlnGHQgnznu6P3va54s9s,361106
spotify:track:1ZPMK5UTafelYEQXmckRgN,240360
spotify:track:7hDVYcQq6MxkdJGweuCtl9,200379
spotify:track:6iO0CP8x5AWYCeqgzVDryZ,309706
spotify:track:3pzjHKrQSvXGHQ98dx18HI,205680
spotify:track:1q8NdCAQ9QUjpYiqzdd3mv,239306
spotify:track:6rVNnvyNeibts1uOqdSNIw,162864
spotify:track:2eqUcTh5EnGGZmLDTiesQF,208804
spotify:track:2ysyo6wAa26wuyx6Y6Z8AB,276401
spotify:track:6Ew4raE2TqVLWjWspybOFt,300181
spotify:track:4yn4T3wztHmguBIeSVwWie,175238
spotify:track:3llShuOEPUsctqV14zlbI8,184500
spotify:track:3wPPWcVuinAU7dXcJXtCID,222200
spotify:track:39q7xibBdRboeMKUbZEB6g,197813
spotify:track:3gsuZUokwyaWm5tdSN5kv3,184020
spotify:track:7xx7mUGAPcMd6gGqHzoec9,139506
spotify:track:4iANWBwzvghdYmR8jv1x3u,315746
spotify:track:0pdfN7nOHMYmKykzu1cyfm,246760
spotify:track:1nRTH500HbZX8PYwT4ZMby,202666
spotify:track:0Riv3ZAFLrVjhLBzEGOjUM,173626
spotify:track:5UuikgHTxSRFRnC0zXx10i,396186
spotify:track:6bTn1ovliI0OkjUNkiMBJq,193429
spotify:track:6viFwYWKQrRc49vmg8Sqod,294000
spotify:track:7sFk2PA3NsrrSsGa4CM3rs,148329
spotify:track:1TdaQqgKRbiFdO15q1kv6e,239626
spotify:track:0tGAPnTFwRJA6FZgYZ0BAe,190040
spotify:track:32NqW4lERGa0uTQLXeXh65,281666
spotify:track:0KMGxYKeUzK9wc5DZCt3HT,235373
spotify:track:4tJWwimA5XbsffRg2gC759,248920
spotify:track:3gaQbhacVKwcsatM0FlSa9,201503
spotify:track:61OMeme3atDikStS4QxGIE,437160
spotify:track:0e9qBjdQuQjy3Uhlb4hCwI,244546
spotify:track:0O6y19p9Mj6hcwD5cOQaMI,333293
spotify:track:2qMkCVnNcP6E5tCTR0yzZ1,439400
spotify:track:4riDfclV7kPDT9D58FpmHd,118393
spotify:track:36rqjSUBaArtMBLWrzwInc,227653
spotify:track:5uES1C2NgkdrNHiCwf9jRr,158040
spotify:track:2LuJkoxMlLQshNTVa8oCXW,236266
spotify:track:1wLYrmTo3HtsoTzfQnRZUY,257600
spotify:track:2AkcjsKlRbIBYGAgpQVFii,140733
spotify:track:1Tnw0ItH1Macok8gblnPPd,226906
spotify:track:3xqF04FdMK7gpIPG3SPFpY,237986
spotify:track:02dRkCEc8Q5ch4TTcnLxOn,217099
spotify:track:1WMMrUKNFsnEG2csDURxhb,163621
spotify:track:7crplFzt7spG80NCbpmuCp,223826
spotify:track:4mn7iv4DYJxPYbPy5R0nPE,185640
spotify:track:3Hb9kUdm4yf839Fle4RIdT,171692
spotify:track:1ylWNC8zMjZTExszCerenj,42662
spotify:track:3m6KkYKdnbffMpGd9Pm9FP,231920
spotify:track:3cTcRPhf3Kal3UOmtVpwKo,256386
spotify:track:1I6l01BaBgBCVkfQCpIlR6,306973
spotify:track:305ayg5E2vWAIeIPLR4qJJ,181320
spotify:track:5dUMh0ugelpKfoFp3qChuK,119880
spotify:track:66YgptYp9124vxw9yFsIGn,186782
spotify:track:0tVCuKAApSOnNujdxUdzcm,165680
spotify:track:2OLMjGIhCNI6j34ysPscbp,141693
spotify:track:0Q0IVlqMV64kNLlwjPj0Hl,298666
spotify:track:0OGw7V8wAI6OsZIQ12JkTP,209573
spotify:track:3ZZq9396zv8pcn5GYVhxUi,222320
spotify:track:5aJEh9Oqdz7PRLKTpH25pB,172213
spotify:track:5x1pP5JAGoQPDU1TT9UQTC,194066
spotify:track:5CLozJK4pKWoPpFf2Z1Mye,293226
spotify:track:55Chg7nOmtoHQc0gILtuHJ,128500
spotify:track:3dYD57lRAUcMHufyqn9GcI,241688
spotify:track:53AvuxvXPycM8U8MpDPIVV,243933
spotify:track:2BesEfIHzUb7viZwUkSAhE,207023
spotify:track:3NnkHiK15YDibo0l6CnxXd,159685
spotify:track:1oTLAGqjOZpkQ41Wr8UqSy,138240
spotify:track:42I00IkQyvYKdF7oIXPYS1,220853
spotify:track:4dHbvCkrv6E5Wx4tvfp4FW,206920
spotify:track:3kXoKlD84c6OmIcOLfrfEs,216022
spotify:track:6R2pHq4pApqWlnoUoms9KX,222380
spotify:track:2rYyq0b3XWwmWl0k727OVG,184172
spotify:track:3tddzXTgneWrkV2cYNUBZe,146240
spotify:track:73ThEGwF5i9GrsXXGyZBRa,164884
spotify:track:7GK2KVYH8FrTC9zehmjVMd,491933
spotify:track:5N0fCfFgNKqoxIUPWvAMcV,223973
spotify:track:481S5BKOolPHU4VDkDBHqn,261760
spotify:track:0PB0O24JqAuNdOAFVJljMS,208125
spotify:track:5x5JM1BSB6vollcIzDocqT,234520
spotify:track:3zYpRGnnoegSpt3SguSo3W,246000
spotify:track:6ukvsBzq4d1vBsAUmz7ZVt,248560
spotify:track:4Pa73QAWSryyKavXNyVbUA,171475
spotify:track:7yXSsBfB6qvBJhmK1irhf3,230950
spotify:track:2aAALxIZNSc7FN6aQ086yj,271720
spotify:track:19jo0UT2vqD4pNVfIqTy4R,244160
spotify:track:4DlbQucG6lkTBPLEQaGrVp,171000
spotify:track:3baESV24ilV6meyqLUh0WU,224253
spotify:track:6wXy0MosS6KGV8yowVradf,193400
spotify:track:2GcAqQbqBhBh2SwsOq3REu,199880
spotify:track:5DCMyrfFZd5Fnmmb42qnMC,357893
spotify:track:3pYKJaLiixRcDFfcNhxZKK,165960
spotify:track:3JmHVFAJcOkHT3BlIQSXXA,298120
spotify:track:0nhBKubnVz9yFNNprBniWz,185194
spotify:track:53sEFsMb2mC7T33uYBgbYf,274887
spotify:track:0nlZjTPzW6S9JIESuGfImT,315640
spotify:track:4vcDnnuHUmombz20IRkzRO,228560
spotify:track:5SMrj1rNpRkEZb1bkyRMrc,240000
spotify:track:0GRvnYqlnh7ttq9NS6s3Ta,301626
spotify:track:670dXRMKr9vVtGk01dYeSr,254666
spotify:track:3P3pw6C19j31Rnzgo3JG7o,196613
spotify:track:5YGiUpFW6utZId0ajHQxrg,216338
spotify:track:42kerBqtoDrU4GNdTLMsAM,258986
spotify:track:0dAXVSXDvLLbUHehwKhA7b,174933
spotify:track:37C8Uj8uwV4rlmt9II7mM8,226046
spotify:track:2ftXrFRLlI9ULnwzde2hJK,226240
spotify:track:26WtMfXOn1PgMDZYudeoVV,244160
spotify:track:6ml6iL8HUdQKgtMaehAZc8,213066
spotify:track:6IvfeQJb680VY5f88udEv3,215266
spotify:track:3fjN3y5x4hN53rykAN2LHQ,112572
spotify:track:76ZExGgO2njBAqvPAeh1x4,219240
spotify:track:3UA8Vjo0hQXGJnoeQF1SOL,252867
spotify:track:43dHKkhLDn3eJrhJtPuGfg,148000
spotify:track:3qiyyUfYe7CRYLucrPmulD,300400
spotify:track:59526I0d4raugRW8MHNxXy,251013
spotify:track:4MWFPLrhkekG6gcix2l3vJ,203346
spotify:track:2FsKAVOxpmnxhxmEsqrZOD,127973
spotify:track:4ZgSq5ESV0qXmp7vglud5v,535061
spotify:track:6b37xrsNCWYIUphFBazqD6,239986
spotify:track:1AM8QdDFZMq6SrrqUnuQ9P,237333
spotify:track:0TUK4LKkHVHdsLwscQckX6,208570
spotify:track:7uY3xheR58xt98wb8BIz21,360853
spotify:track:2zmo93xTzKTP0lztR9iy9H,58868
spotify:track:4wyNKAZe82BNlp2lHiR1FX,196745
spotify:track:3L60Vu9qmY6fg2QroRIxgi,238600
spotify:track:05mAIVLkIWc2d1UBYZBCp8,189000
spotify:track:5G3xgricwwcLyH30mVvMcG,267226
spotify:track:0jkBzn7J5jc889TYxwvXy6,138720
spotify:track:57Y3UccJEJqT8w8RWkUAz0,244826
spotify:track:6JAtYFDUmBpKkr6nlsLUNI,188889
spotify:track:4kAJawkLZj4Q7N5521ofP6,295520
spotify:track:0MF391cptMRWJwkIynqf5V,212571
spotify:track:4BjBOHYl0ySaVyfGMrAnWc,136476
spotify:track:6b6IMqP565TbtFFZg9iFf3,160280
spotify:track:00HFAcQH3J6J5CUO3UDU7I,174973
spotify:track:3qukYaYSxIUBcq5UIUIsPf,187331
spotify:track:0owg35QIrNQkqAs6NDb37s,223692
spotify:track:35qpbFU4HXSoERLSM25End,170580
spotify:track:5HkF4wdtGZkskTOpp0UwOH,202706
spotify:track:5h6SovHOYpIMlAkafxcbq3,246293
spotify:track:21CvmkU9C4GXrl1KZBl0FF,251320
spotify:track:3c8EwK5UNcCU6bfTQPMkYr,203906
spotify:track:72hpTHMLFrO4ErhSQl2FhZ,247466
spotify:track:5uuJruktM9fMdN9Va0DUMl,300000
spotify:track:0qOnSQQF0yzuPWsXrQ9paz,210960
spotify:track:7lKP7GE00s56ude4dGvULy,228662
spotify:track:3gkplKYZJ3hLOtorXT1sso,170293
spotify:track:0gYXw7aPoybWFfB7btQ0eM,196363
spotify:track:2M2WWJE863upPYUrzCRjN6,233559
spotify:track:5JfaOWtjZp3blXwvExWtjl,264360
spotify:track:0HiOQzcBkMLj2t5m3ghcbm,143800
spotify:track:5Yuvfj0aCUvWE01bnMWtjV,208933
spotify:track:3xFWmNLkqRjo08IOj1UTW8,216106
spotify:track:1lrxKnhETdtGBk5BecESRD,215593
spotify:track:0pDooPTaMUaDQfnBdbPdYo,234675
spotify:track:0Ipbnpn89nxSZQDb8wbeTc,218426
spotify:track:37TSJmYKLxXmx8OehFpqMN,237540
spotify:track:14BNlprhNMYVRUROXn6N87,197586
spotify:track:13kQtNjYG23i7MLWWmJhQz,252288
spotify:track:113bLFbp3F9MVN0w2KJ1ma,243760
spotify:track:4cxuuCiFnXPFpwBtYcF7Ts,250880
spotify:track:4CVhywni3QwalKLZgwFi58,140288
spotify:track:2GH5jo15wbTv1Ll7zXEzSg,277413
spotify:track:75nfBEym8AMCfjM5qCVWv1,252266
spotify:track:53oEpGga4UriwcOKc35LpM,156247
spotify:track:5PkcQSAfcsA14rq6pKZ9bz,207429
spotify:track:74irxdVWstNlEQjsvArITq,316693
spotify:track:4dUJl3Dnrh3igJTtSkxpuK,60227
spotify:track:215wUTQQUo2PElJFEFoB0d,252240
spotify:track:5m8G1UCUFq3aVvVrM2Zr1N,243452
spotify:track:100Tm6z29RfHTdUQ6NIs0s,187520
spotify:track:6sleEAnBH0sZMe0pOQNidG,297093
spotify:track:1OAh8uOEOvTDqkKFsKksCi,204173
spotify:track:59Djq0zGIu8HDZ8QXs2oiz,212133
spotify:track:3SvIbcr7uvjRp5PuPN47eo,248546
spotify:track:2sqZfX3pEda59tqZNPJMaS,167391
spotify:track:5Rb1YFwlxt1AgMaqbOpZzf,203600
spotify:track:3qf5hNUHntfOl8UTRiYWWc,73560
spotify:track:3fpVWegR6YOS1Yk5HSMYIq,221786
spotify:track:1RHMpZW3K13jPLk5gKPBa9,272506
spotify:track:1RouRzlg8OKFeqc6LvdxmB,230000
spotify:track:0ZGNuav3HfUf1iOLoF3CaO,128375
spotify:track:3vBCidtb2COLLFOYv9ngxV,223468
spotify:track:1AH28vdykcFi8iqPD1TCpg,361173
spotify:track:688QpQAwqsLdBR6lr13wK1,212466
spotify:track:6iPy2jaqzxXa8SpHQkiDCZ,146440
spotify:track:3nnDwYz3dEd4p2ESdpS1G0,250173
spotify:track:6TdoDstYM40wBaBmIzArij,255986
spotify:track:4a9uKJwgBJpWsSum1LHjwb,242720
spotify:track:6uCXSYj5CZyCo6YQpaLB8J,178793
spotify:track:4keAoywVf4jxRvXU7ON0hV,145893
spotify:track:2LsbizbOeNa4x6qsi2jAMb,261200
spotify:track:3Njm5POmE3Bc9P7LzhIbG8,237360
spotify:track:7fcfNW0XxTWlwVlftzfDOR,315120
spotify:track:2ATTIE0sKIXysApJPlR3sB,233160
spotify:track:2n0NCtkvHx1oPqgiAvexiB,208813
spotify:track:0upLyFR8Rr52ZpMp5esQoq,156146
spotify:track:1VZrP6Bn5AjyhkXi8Ql7Wg,121133
spotify:track:7zSggUUKw2fc4HWtYcw17u,112941
spotify:track:3s1WVs0g8pUZEjOZyY0lHD,256720
spotify:track:5GCB9mqJzKN4kDKvmqQ03X,164946
spotify:track:7MooGz4ZPE4bNxjFegR6Jx,289440
spotify:track:1Q5kgpp4pmyGqPwNBzkSrw,243826
spotify:track:6atVS7UZBxoyJkkteM62u5,271426
spotify:track:0yxyblN8AAiOuSSktlLzMx,298520
spotify:track:5odaVZOxf5RNGLwhXY5OAg,212158
spotify:track:3QksrtI9VFCBHWA4rgvcV8,206066
spotify:track:6P1G10gbwxKXYI23LzxkSN,183626
spotify:track:7t2bFihaDvhIrd2gn2CWJO,242983
spotify:track:5IWMe58cuEQrM71D3fsseN,135463
spotify:track:1ni8ZTAY1GHXEFOGHl7fdg,179172
spotify:track:5rXJ0E8dz1IGkNf6JPTSIB,189355
spotify:track:2Q7LpkYrS0PBpoq3iCqypa,288160
spotify:track:5OLMh2sENS3c0MVrsV3W0z,214857
spotify:track:6Hp57iv0VLGgmWyOFx8iUm,159430
spotify:track:6Fq4ZwH0pvyLbngrg1bVag,177240
spotify:track:2u96akbqgCRtkjfLMYrgZo,260773
spotify:track:6fkzh6BmIgpBhFOUzihZ5I,212803
spotify:track:3hkFFtJqJOXAlEPVWl15zS,152553
spotify:track:5JzyAzMJ6FalCnci84A6sM,141999
spotify:track:5NPzbTzFxIQPaheZuPhn4f,215962
spotify:track:1CpRJLarXSUho5AopXxNQj,191124
spotify:track:1OWSsdbAXFyPDo6khogqAW,214986
spotify:track:1m1LLmkOjPC7Scdt3WIMtn,287986
spotify:track:2oUVvxbmqWUNOxfMWvwvaJ,259826
spotify:track:3Jnxngdff0lVu2rza1GVx6,167720
spotify:track:0pqSEV47UwxAQr6ukAavfO,354586
spotify:track:1S7Izc2QH2pYFIC0uK4et7,250573
spotify:track:5TXXLQV8R5LwuIQoYPXSiK,189666
spotify:track:1I40L32fTSSkBkPeArX9Ul,273864
spotify:track:3QRQwnaENDNslrc5tNUGgE,178569
spotify:track:4lAYMPLPFOovwTCmtTt9b5,185306
spotify:track:1zpVlLyFpSpf1aZEnBXgk5,206293
spotify:track:2zF7IDI6UsLXpwl3FjukPS,166973
spotify:track:0I9M3okWVRJXWT6G7cbIdx,241066
spotify:track:1TKTiKp3zbNgrBH2IwSwIx,469224
spotify:track:6ZyuNGpj7FQDT9vklQlmJA,189383
spotify:track:3Ti0GdlrotgwsAVBBugv0I,251573
spotify:track:20zOIoex7YchUh87d8tlvg,303533
spotify:track:5hM5arv9KDbCHS0k9uqwjr,237800
spotify:track:2Zw38N3Z6ICjkMF5pSv3Lq,193351
spotify:track:1DQEvkPTtRJ4E0Lmk6sfIc,228893
spotify:track:26CD6boN0gB1Y2zXgQrfhw,220115
spotify:track:4wdvkTP86WAvmr1pB01KFw,199586
spotify:track:7KmRz1oKEwgj9qpfn72OfO,131866
spotify:track:2jIQJJSo8lWtyZqk1rY47V,236666
spotify:track:0FGxPM1IiyR5gR9r1vdaAt,316200
spotify:track:3GCdLUSnKSMJhs4Tj6CV3s,232186
spotify:track:1vvBUZseJ7fwYPX1NedOLd,173937
spotify:track:3xGJuHvSxFJxxYlHj5BIoT,209956
spotify:track:6miUySWi347iIJyz7ETo6m,317289
spotify:track:5RFYhFsx88Ged9UNmv5ORj,336893
spotify:track:0qi4b1l0eT3jpzeNHeFXDT,220893
spotify:track:5WqeyAYAhvNwMPXC6WsFt2,172306
spotify:track:75KRlncgTKRWd9CjqPZgcx,169373
spotify:track:6zPShdSv4OhuqBEVi1pbvO,174429
spotify:track:31X185MlGFhRbVTE9wuo5T,381173
spotify:track:2GC8vo2NO9u28G7kBIuP0j,256240
spotify:track:6PijBqDTCJtL6VlFO0orTm,262317
spotify:track:35ljOibZSLEjOEPGrbaJsH,387560
spotify:track:1F6oGPF75u9RuHH4BGx9Bf,193146
spotify:track:6KfHckJBq4qo0wlDR3iDCV,201200
spotify:track:5mphdlILgAq3vh1MSvAJTS,200746
spotify:track:3HuJDcOWx0gE9Yng2uWY7K,196840
spotify:track:2hpBErFRab0qwNSzgglCNk,200760
spotify:track:7pLuEMFougkSHXrPBtNxTR,298893
spotify:track:7yeGffuVRpM2R10caG2Pvl,205000
spotify:track:7sm3orGGwNFqmWFSPRl8eT,245800
spotify:track:300YN8ebGB90nDuzgz0f3O,179355
spotify:track:5X4R93Qcw54yp9Utwy7Mlr,308546
spotify:track:4XTMj7kd8DHLl0r7ghmEAr,266160
spotify:track:0zZnBbRW4Dt4cJKVtUQFwF,201840
spotify:track:2QM5gBm9Q8VZ7UamMIMLb1,189901
spotify:track:3p8mahS6RiuMYE1HUoEEyI,183760
spotify:track:7Fmf6fTY42XwGIgQQR69CU,183133
spotify:track:4hv85vV0sGiDgzDtbPr7bp,222320
spotify:track:3ZP18us6p6LHOZMG1LLUjF,241093
spotify:track:4UAOg9taUlU427e5PYxPM2,140736
spotify:track:6EQCfRkVNVa9OsMWN6eQ4f,137606
spotify:track:7rIovIsXE6kMn629b7kDig,296106
spotify:track:5fbxAxS1osFC5eJvqyE1M1,263076
spotify:track:2ahnofp2LbBWDXcJbMaSTu,270373
spotify:track:29SkFrotMPQH88drC646sy,230800
spotify:track:2bu6DacVuCax3jfAN5Cnh1,76680
spotify:track:6BONcD1jQAWbgtOaU0wPwM,221093
spotify:track:3uq6qe8ouF012GLOcLyWcH,240453
spotify:track:0saWD81Ft02huESs8lTxjj,136138
spotify:track:2RgDiVVZrBDL81IV2AOxPe,178426
spotify:track:2jJIxT6WAIVWzDo3Ou53Q0,247603
spotify:track:5W9oqM9MkYU0DVBic748ZJ,270093
spotify:track:5iRVNYbhfWNO2VzBykX7GS,233379
spotify:track:0N5sEb6FBgnxIsudnngwm4,278960
spotify:track:663ECPnDZHerSuXmgMHBP0,160496
spotify:track:4LRuYjrhMEhiuo5wa4XfYL,234093
spotify:track:0iZO13BcjGGBuJzQ8Fj9R8,157732
spotify:track:1HolEM19cRkzVKgunPtYZ8,178491
spotify:track:6n4ZzVvzIrCGlrFJzPMdsZ,165800
spotify:track:2bS2ADg123NZWfTUsjra8a,282426
spotify:track:07L1pzoVerhRSSaDGZHrKy,300106
spotify:track:7EsjkelQuoUlJXEw7SeVV4,254933
spotify:track:0lMbuWUpfTWhEmOKxppEau,272653
spotify:track:0M4XhhlpLOuASct8J8MZe5,307800
spotify:track:3spdoTYpuCpmq19tuD0bOe,276800
spotify:track:4zP7ADsgJgHGY6VzxbNp1z,201960
spotify:track:0uuE2usj5bvRqfKlfOu1NZ,233293
spotify:track:1vQxicuNSODoBECPMFjHMG,199586
spotify:track:4IVwPArUA9Sg3iW9u5kDgj,148543
spotify:track:1oic0qAzeaITo1hB8YeGRL,70953
spotify:track:6JIZUvHmk2jjv5IU4q3970,272386
spotify:track:7hKwIbp68CYkCCQ12hGgfu,343400
spotify:track:4Mxv1tOYFoqkL73qKZ5gyP,215200
spotify:track:4YBuxnsFvQRMQfdjCMmxLC,184612
spotify:track:4A8cWXxKfIL3lAyUDzXbCF,200547
spotify:track:2epk3knUmHPPAH6w8aD8Oz,125973
spotify:track:7e1VoRlNumuEkXlITMHKLE,180788
spotify:track:2TH65lNHgvLxCKXM3apjxI,250533
spotify:track:39oeKRgsLeynDIbWuXyA47,107076
spotify:track:3x3zpgARBROubRhsmpmr4s,213900
spotify:track:6Vp8EcHAHjC9u7Qnsn2kob,217826
spotify:track:13V42foSPRVccg7Ksh9Pnx,164000
spotify:track:5zF2zGPkL6Ipsn9AfAK6RP,206200
spotify:track:7hQkMPgmXpEBZP4YRjPdCZ,168462
spotify:track:3zUbjsIeGP3EXnLM0ayy73,298225
spotify:track:3uBcbK8ztChsXB4uZNKh0S,252706
spotify:track:7k1gXoiBTddulMBVlKuJIs,180693
spotify:track:6gEB2mGLCfOeAoMLKGqgLA,378724
spotify:track:21YxK0klhpfLW8budkJaMF,313925
spotify:track:0hLYgViWwz8tJqKOhcj9oH,218333
spotify:track:3cbRgbBpxgonbSa6EX4nNR,113658
spotify:track:1wjzFQodRWrPcQ0AnYnvQ9,197436
spotify:track:0WqOMmoXQfnELL4KQOwCqX,212926
spotify:track:166rewIZXHJR10nu6wveNh,109772
spotify:track:6ONkAvyCKH6Q4eNrv6FXNS,155611
spotify:track:3kopEPvNa2EONY8vxVsrJ7,206800
spotify:track:1Uoa1hfThZUSvoKTEXsHcm,207000
spotify:track:2ZXWOCdQ2IJ63RBOjuQVR3,234640
spotify:track:7FlQX45ji6ePDLgz1AhKr0,183439
spotify:track:55OjNE2lCUX19YsiwjmtYX,204413
spotify:track:6l8EbYRtQMgKOyc1gcDHF9,293120
spotify:track:4gb5jPLDzsGAVCZ2KPem8g,196344
spotify:track:4VufLyPu7oh14igddi90lT,246840
spotify:track:6lm1702fGAl2W60o3Iswet,289170
spotify:track:527k23H0A4Q0UJN3vGs0Da,167915
spotify:track:6BBfG9FiwJhRVMCd9IYl6c,181632
spotify:track:3GpbwCm3YxiWDvy29Uo3vP,204640
spotify:track:1COp5397k3jF9muVv3LRr7,180693
spotify:track:2bL2gyO6kBdLkNSkxXNh6x,231013
spotify:track:7eJMfftS33KTjuF7lTsMCx,173333
spotify:track:75HcVj6oHEKUajYqTi2u6W,183903
spotify:track:3PXmPgSq5PNeK7y6KsxfNO,156933
spotify:track:5BDhQ0nr4kdRkOhfPIkgMu,175804
spotify:track:2ImdDUP4iFkJKLh0r6fKl8,145142
spotify:track:6AGh8CJ0jhJXmNgxzCH6P8,239674
spotify:track:3OR8GVakIXV3KXnOyu0EaB,252053
spotify:track:4IoyLDOH7XO0citBklLgA2,214578
spotify:track:2y0w6lpY8SGTuY8LglChi6,144044
spotify:track:06wOQGz4bGB7HETrIjpIep,290226
spotify:track:6TfBA04WJ3X1d1wXhaCFVT,177826
spotify:track:171PWhxgdrIOgcAiBPO3Gr,194594
spotify:track:1IF5UcqRO42D12vYwceOY6,211960
spotify:track:1jH5o2y13mHzwLmJwLJexS,148394
spotify:track:5qhbJhRw3Q5s41Jt6JmFw0,233066
spotify:track:3gIUs7otHPiqAa2ATxRZnx,76680
spotify:track:0p7XG1IR45G58cK76j1jNu,207272
spotify:track:2hvOsGJc6qll4WzW8Ljqc3,185960
spotify:track:3JLrri1xSCui3bzITDJbkk,459093
spotify:track:5XH286garUg3tcciTKR50O,298800
spotify:track:5w7wuzMzsDer96KqxafeRK,194711
spotify:track:64j54c4izWGwfHuONWtqDw,142309
spotify:track:3mjd47Nsjbbt2uEBBiWvk7,133962
spotify:track:3j6O7F7MUVHuB1spTBy4se,272426
spotify:track:4cQJ27R11K634x5qCOwKW5,215106
spotify:track:4HWxlbYT6oipT3k2iyeuCb,121121
spotify:track:5TMLavqGRKNxgzMBrVpC9R,179940
spotify:track:1bADvsvOP7cE0fRTB2TKrQ,364065
spotify:track:5XxTsqcnzD0xplCB8xhepU,184412
spotify:track:0ofMkI3jzmGCElAOgOLeo3,264280
spotify:track:2CVqF1sLhwut4NiZxzNUnC,211626
spotify:track:5MtN38MGEWJt60LwtBmFNP,320906
spotify:track:5qB3PI9jSWCQW6xNeTtdwy,239988
spotify:track:7ln5pWPHd21hIKkUKj9nzF,218266
spotify:track:3FkTxVBsQHrwMh3IyfKO81,173104
spotify:track:4tyl9OMKMG8F2L0RUYQMH3,249960
spotify:track:6SqX9J8tXk7rXaspk7GWX1,206960
spotify:track:2HYBwFYy7NfbSOrZqmWHkf,133000
spotify:track:1zzxoZVylsna2BQB65Ppcb,217586
spotify:track:13v3siPyvy5TTEZYmGPPse,248133
spotify:track:5x6Tfjx0MIITiw4bJWS5rm,152040
spotify:track:3wZSiCZfnCeaQtaYWvCb9i,204893
spotify:track:6NCZcw0ycxbhA0egE0WQMs,175013
spotify:track:6lq8W3gvMW3qAhP2M23vFf,219021
spotify:track:4HMWw4uQBzqXq0Y8uye9J8,86571
spotify:track:6PFR2aa6vZ6BIeRAEifQux,55026
spotify:track:5aPj4JAtKbDl8vRtvQ9fHu,261066
spotify:track:79PrPZu9zWyc1qwUwXchVl,233373
spotify:track:10iVtp83V7n1nvCJcqJITZ,213386
spotify:track:0jfONt56vckywtWwm8wjki,246853
spotify:track:6StiOY6Tz422q4pVPnscbv,193845
spotify:track:2pmN85k5m9nO1rWaCDdrNE,342160
spotify:track:5GGE5nSxR1ShoueTc9QOUi,256715
spotify:track:1DVsb3BmLLmJBKLpRhLIsj,197265
spotify:track:6unIOeUaYgBZ8TgCWNGDPX,70097
spotify:track:6NAsiy8bVS2hx95ofthfSV,160080
spotify:track:5lw8Mgb4LyhriPIC86gV6e,175827
spotify:track:49Y7HyMsxQegZqry19Ev9N,334555
spotify:track:3qZHUZTQiTMfJXcUYzY5mT,288480
spotify:track:44ADyYoY5liaRa3EOAl4uf,233654
spotify:track:6FrupTuM75OigTEtTDpwQs,229000
spotify:track:5RYLa5P4qweEAKq5U1gdcK,264253
spotify:track:1XWaewKXJh2BemQTerZdYI,198000
spotify:track:3gxxLjbC0tkhtRiO2FCPmr,216973
spotify:track:0LIEDX1qDrcsFbWCUsYJmR,284600
spotify:track:6ZaHaxkEVP73v3DXmjK3AS,146259
spotify:track:0iJJ67mEvbvaLZYV9AhfDY,194480
spotify:track:4Ulqu89XempybuL8ApUeqL,209583
spotify:track:4VafeKdGv02CsqY73cmlvJ,129852
spotify:track:3Mk9gXpijocBDudBUWXqYR,213600
spotify:track:4Gn4b1qJ12rowCNRw5DHM9,207693
spotify:track:65DBZofI0b79kfHTcWWDuU,200800
spotify:track:3djksanOn8sJGbAtm2TMeN,243773
spotify:track:3f4yzIUaqTVN6N1PK9BAjE,148954
spotify:track:0Ma4illoFg3z4bYdSRxkJP,176756
spotify:track:2h1IPjP471JJRSShTHRUhi,235946
spotify:track:5sdb5pMhcK44SSLsj1moUh,191495
spotify:track:2cBGl1Ehr1D9xbqNmraqb4,316693
spotify:track:7fRvtXvJMpGfTLdF0M09a1,236625
spotify:track:7gC6Rbllqf1yXNC02e5jz2,634440
spotify:track:0dj5O3Nc6ONKWNd8mErvND,238048
spotify:track:0MMyJUC3WNnFS1lit5pTjk,173160
spotify:track:2wK7D7i9bfVt3uLjFsZSEU,160078
spotify:track:5p7GiBZNL1afJJDUrOA6C8,245640
spotify:track:4qq145s4bJ329tG95ZXH3G,171000
spotify:track:6YmFvc5wFYxKldjVCfHdUp,226736
spotify:track:1XgPdnl82laGQuCegYD0dd,178893
spotify:track:1VzhfMEGIIkn5hFITMJzW1,279640
spotify:track:2CuUB5MbfRShtunR8g5hjR,213000
spotify:track:7HdEUquZzUzPjgSllvlJGl,145054
spotify:track:5RStjc42UAYI2NMY3cYpgz,180893
spotify:track:3yHJs5NmQk2ROAWCfjniXV,221053
spotify:track:4vHNeBWDQpVCmGbaccrRzi,146390
spotify:track:6ZSUt72jHKkGRxpwMJwavb,166112
spotify:track:4DhpTdM0TgJ6vv1zUAuFXl,243893
spotify:track:6GLb1EIm6sc3M3HWu0FJpR,279652
spotify:track:7qk4uPeLpaKhp8lwas1sBb,204866
spotify:track:2vpkN5aSgZSgGynF9RG3bI,259000
spotify:track:1Ld431kjETM1EcSpuicA8d,166465
spotify:track:0rUeyAypoUUFzobbSWOe0U,73650
spotify:track:06b0Au6pvZiO03eKTCvgWh,170981
spotify:track:6JvfBzqZmSiEG5MjM7OcSY,208000
spotify:track:2rZB6indPhp8C5AZK1PpkS,182183
spotify:track:6qZjm61s6u8Ead9sWxCDro,211226
spotify:track:2V2vVpwhShaEGXNYtX5QZF,205386
spotify:track:3DmOWG8OD9eR12180fmJqf,231333
spotify:track:0iB2sc8UVkFTArbpDE4C0F,236225
spotify:track:0A4PZuepTcIQVvA5m7R0M1,263973
spotify:track:3YYKrn3iGOAel605Znt3ai,140733
spotify:track:1RkpXLUzD8xQd7pgQAyaNI,166217
spotify:track:7t8GPseDK7PNLd688xztTw,202346
spotify:track:1llI9jbivjrvfvgDKIGYFR,194893
spotify:track:2UWtGfLb1hNqmqMQ5rGTFc,161217
spotify:track:24YvUQnuPL8gObCfSnAobH,216773
spotify:track:4qE2MphVHtBglZY0LYqE1e,249000
spotify:track:4Na0xuy2otAgGZaftWz6Aa,133000
spotify:track:6mEgPWpsHHUBxTkuIMAHUu,180034
spotify:track:2k1EVfFrmknX3I1deoPjQQ,275640
spotify:track:3LdUeHCpm9bheUPtbC3cTK,189428
spotify:track:49ou9vBZLTCi4TYoYzR3F9,233480
spotify:track:6caEkrittbfy0jsKjPT1bq,210053
spotify:track:2ygvZOXrIeVL4xZmAWJT2C,208155
spotify:track:3Xls4cNOwy01dtrNXb1inG,298333
spotify:track:1CKtxKqyFsFITCH4SpDrWj,233346
spotify:track:23MrkN7g6Q5U7GLIxNHN1B,198773
spotify:track:5qIWEtVAzylkR5zzMEk5uA,154586
spotify:track:34UnzNK51PfiYFrEgc9lrD,220053
spotify:track:3cjF2OFRmip8spwZYQRKxP,240653
spotify:track:7iQzzNzwTCHNW0NO9EVRCO,215520
spotify:track:2jPZOCvdFKpyffZuuayX3L,178064
spotify:track:0gfqPK6VtyXjBrhjqUmieg,239851
spotify:track:6UrF9LIhffllzblKlEVYxm,184253
spotify:track:0E0EAgEgdVDqzPtouCOqQk,284133
spotify:track:44kT6XsCkSGb9wNQ5qGXvg,152600
spotify:track:5lA3pwMkBdd24StM90QrNR,238733
spotify:track:1NMbORRsowjN8q000xlJ8l,165918
spotify:track:7AxVfivrTXXPXW83QqFGoD,275573
spotify:track:0gWa0Y7I6Y78QWjuudv58R,245055
spotify:track:4Ft0391aLVNtCPPseh98lp,229386
spotify:track:2PgsOTPkF25VJ9cZmUjSKE,262600
spotify:track:7cv2myewOsdyz4B4cCEXdh,156050
spotify:track:41dDygR3r7e926oGUXfrLt,307306
spotify:track:2aJngxwtH6SfODBfUTug6D,166356
spotify:track:15JIAJtVW9FJe7q9BYIAsE,233826
spotify:track:3Zuf70897YkrVRAsrBMMSF,168466
spotify:track:54eZmuggBFJbV7k248bTTt,252239
spotify:track:1EkrLhI0P5Iml6qYHHKk30,234753
spotify:track:6ZVLfXr015ogdhov4FW4pG,181043
spotify:track:5pesEzqM17nlKhmMMhdneA,174426
spotify:track:5CtI0qwDJkDQGwXD1H1cLb,228826
spotify:track:7rpUsVjQyitDQ27NRybgZl,382266
spotify:track:1y5V5qja332UyMeUurFhDS,216360
spotify:track:5rTkIEmFhL2ree96hudd8D,269280
spotify:track:3nAq2hCr1oWsIU54tS98pL,181573
spotify:track:0cgnzVKyKyMtSne3wPXPuJ,171202
spotify:track:6cx06DFPPHchuUAcTxznu9,166028
spotify:track:1M4Ud66z18wuIq3oOxqVHa,219638
spotify:track:6LydaE2SBPmj21fYc1Bi1l,213972
spotify:track:36cmM3MBMWWCFIiQ90U4J8,222186
spotify:track:01z2fBGB8Hl3Jd3zXe4IXR,161840
spotify:track:5jHBLO5C5UuVAq76vow5L9,335617
spotify:track:3THFKx88trZuOFlssVLJ5G,197053
spotify:track:7GJClzimvMSghjcrKxuf1M,200720
spotify:track:7ju97lgwC2rKQ6wwsf9no9,182200
spotify:track:0StAEjjOUGf52L5X3uBEqH,157293
spotify:track:2CRbiMK0W14l71SpDKqKZM,346460
spotify:track:30QR0ndUdiiMQMA9g1PGCm,168489
spotify:track:41lsb5Fp1P96Ou9UdNZe2R,187320
spotify:track:6HxBuCzeutRKZOBb9My8XT,242050
spotify:track:5cFcWAWIcnV38t4YCWQiZZ,237093
spotify:track:4Hff1IjRbLGeLgFgxvHflk,244999
spotify:track:1gqcqbJY50ort83GWbenPY,186013
spotify:track:1fDgUR23FEiMKaFx5Ostiq,89306
spotify:track:4E5P1XyAFtrjpiIxkydly4,182306
spotify:track:0J1RXYG9kpnZxytWhJ0MuB,260328
spotify:track:4FS903jCn9gnop6tlTA2aq,161408
spotify:track:3dd7sReSGh1ZQyGUAMXbQA,174146
spotify:track:0EpjMv1Vf9zhbw3CBA82f2,148538
spotify:track:6OZF55fVSCHaXeLWW22M64,426960
spotify:track:7dusTBYUt5sTKbOm2FelFW,292306
spotify:track:5maosvba9QkQP14u6vtxog,236335
spotify:track:6041gM9Th1ViQcnzkIxnuv,325265
spotify:track:66ggNhGinVQLTYJODy6P74,233560
spotify:track:4nISKMNTbWKrZpGFI44pIz,289946
spotify:track:3tQFthLmtBuc0XPL2b8nnu,292866
spotify:track:1PO00P4nhEWWcW0spjRcRM,200093
spotify:track:0av9XNj59dF1dOtRJ5eHiT,143185
spotify:track:3QuReyFIrOgChU9ymTHby9,161375
spotify:track:1G88BbuMts7HC0nHGoHmhv,247466
spotify:track:4xmauQDU8n3QZ2kzfa3wTH,155973
spotify:track:0DJnqFhVWoTDs58JPem5Zh,240706
spotify:track:3zQpGaH50HeMjxurMZVF6q,186805
spotify:track:1tysyj3CY2KPpf7ksz01xi,148695
spotify:track:2RVrdr062uLFxXwIxwdXPH,201122
spotify:track:34dx8DACTJsc3rsJdaEIQw,232146
spotify:track:0ORp8JlYkPejmeL4X0Fu7r,186973
spotify:track:5IIBY9M2GxHcVja6DA6wsF,154160
spotify:track:2id8E4WvczfKHB4LHI7Np3,329680
spotify:track:1q4MThZFUQDn9tO7zTU1sm,97893
spotify:track:3IPJg1sdqLj12kFIndaonN,199733
spotify:track:1fGYb40sbDsmZXhB7sxFzG,161750
spotify:track:0qtK3XwbuG153dmwB8iepL,224893
spotify:track:49b4kcSzO6CjOJlVzBUeKq,118573
spotify:track:1fQxtJ2yrBn6l20VVuGuJF,460226
spotify:track:3Y73QVt9Rvh2Khop8d1pfW,35961
spotify:track:2wotylLBtyH2phGNhVhmUv,201546
spotify:track:4sv5gOSHHFY0dvNPt3hrJL,189626
spotify:track:27eNXsa98VXWLk4TQAj5nr,293946
spotify:track:4MJZSCObbe4cmjdgYufNg1,178584
spotify:track:2ktks2pRbdctBbec5EFUzw,157866
spotify:track:7lLedmf60WiIDLOmSbc5O3,177250
spotify:track:3oTSYUibGfRaBPa7YypKJD,318506
spotify:track:4SE1kjgRulcwjNcc7oFFg4,312533
spotify:track:1fYkgSqYV8dABL8ZDIzaVM,95370
spotify:track:6rwPahSYqKDjUZEJHFk355,464766
spotify:track:2EGaDf0cPX789H3LNeB03D,215326
spotify:track:6THgs1AHUoccDUycFDUF5J,96000
spotify:track:5sZHyICRNoPy6srasI0eUv,163226
spotify:track:2SI93EcZeVyGbXj5MkWJ2o,263800
spotify:track:7Hgsi71JFjg8ITWYzvDrD3,205113
spotify:track:5IUtvfNvOyVYZUa6AJFrnP,143375
spotify:track:0O0M44llUQuPdJAkROQRch,219026
spotify:track:5zVriMg94GkFE4NAGbGqVf,54000
spotify:track:5EId1m4DNwTf3at31w8bPJ,233826
spotify:track:0IHjY58S1OdnealEbadJQ1,213134
spotify:track:5mEAAS0o9oQU7xZWbeheP7,158626
spotify:track:6RjKVXi31fui9m4dbiGRrL,219720
spotify:track:7CZiDzGVjUssMSOXrDNYHL,189680
spotify:track:47EiUVwUp4C9fGccaPuUCS,205090
spotify:track:4LyvsPgJtjUQQtw0FJ6Jys,215160
spotify:track:1MgAlKWp9ntSF5DRG6vKYl,346026
spotify:track:20j3mg8wGS2d3HbTrYWLsk,142186
spotify:track:1JyRjcUxnDd0TaR5Sd0V3c,186666
spotify:track:4s6LhHAV5SEsOV0lC2tjvJ,162373
spotify:track:0VjIjW4GlUZAMYd2vXMi3b,200040
spotify:track:2pmHBQiIjVfTyn3p1rRbSB,248600
spotify:track:3ix6K4wZY29bCujrSznwFZ,457675
spotify:track:2j3g68OQNQKEmQW7kDJeKO,166402
spotify:track:2wwp7vBI2TUGhIbwa3GBSH,269013
spotify:track:5VCoXlVT7w3Am5WHnPik1Q,149426
spotify:track:3rOD3MfHaXawznE0vrjM5B,203120
spotify:track:3DamFFqW32WihKkTVlwTYQ,228346
spotify:track:3x5tVFj4o4nty3S11K3VpJ,183213
spotify:track:69NsH50CIBvJiJE1jyzIYt,206000
spotify:track:78SeXVRJ7KCqVmOwTiFjnI,171215
spotify:track:5FVd6KXrgO9B3JPmC8OPst,272394
spotify:track:6wWLC6V7TJ7NEygWHc1CFh,192075
spotify:track:52a52yIz8cKpj1j0L7BcW4,232185
spotify:track:3oC29LLhQc5e7c62KVXpF9,161933
spotify:track:0a8a8EzWXxSExS9fnTyYb3,218893
spotify:track:7cJ8yUXYVKJ9vSr0kSD75b,237920
spotify:track:7bidsoy3nzCDNYzAzrV7NN,198703
spotify:track:59N1SRTEPcBvHIGFrkm9aU,173233
spotify:track:4PV0uE5pZSh44E3NqNNDEH,223270
spotify:track:1TxgZRcy3kZ7JaEp88MDbC,210600
spotify:track:0dRdb2IIRJil2IW0Q9rYZC,227250
spotify:track:70riGucKBcpIzM2wP9A3ip,146093
spotify:track:6foSfrFYLPekiRCv2UAYwf,126040
spotify:track:2AYIo5FvDElHysOX3in6Yp,356186
spotify:track:6oyl7ELfrMqXLhGmIjXY9R,218413
spotify:track:7pDwsbaKgXOi7RqBONfdoI,45120
spotify:track:3UKu8xeF4BWppnANkuMCau,198586
spotify:track:10w7qo77ONvVlszaudxUOe,281933
spotify:track:6pi8MHD4mXo0ZsL3efLvqq,217560
spotify:track:6qO9X9A8iEZJrlHP1IhIIX,253226
spotify:track:1OtZIaJBXo3Pe6nfaMsjKT,154026
spotify:track:1h3xCwLzTMw9KVCEnJrRHo,270246
spotify:track:2BlNyI35idBaI6BN6WGZeQ,217386
spotify:track:2QxZd0Hud7GDrFSWyz5l9o,178333
spotify:track:5bXSUGOuM8KAVcUcvux0ZD,184000
spotify:track:7kBt0eZQkaaLAbvIhCcipu,301973
spotify:track:7EzkFnIt0pJ420BqhcyZ6W,214266
spotify:track:3pIigjAWkzwAonXpJ1fmSF,224026
spotify:track:3TDVu80AX1ajC3BRJYlmeJ,186906
spotify:track:1GeNWyZtCHbcp3ZWp8GTOO,256173
spotify:track:3Z7amA2hdlxrNRTHTKFXiU,274520
spotify:track:6AE0G24YXnDyEgE4L0efpB,294466
spotify:track:0CwHi2fcqFUpK0UB1johNp,360853
spotify:track:1ciwomW011cbP1GxNxJWDI,252306
spotify:track:7yyJF1BYBaCifNmO1RGhv7,192612
spotify:track:1McSXw7b1UEVqpoHP6ALPy,218240
spotify:track:76qB2ZEZlEJAMqMqUjKusp,393640
spotify:track:0LO25x6ME7wcnafsnObpDL,203946
spotify:track:5KgbyD2lQQlIupAaPjgiXg,212253
spotify:track:7dLUn1VT1rrtcrZWzTOH5P,138933
spotify:track:1A8j067qyiNwQnZT0bzUpZ,195546
spotify:track:0rTkE0FmT4zT2xL6GXwosU,165800
spotify:track:3eZm9VhoiEdLXUXV0FXZds,214106
spotify:track:52lhNRar6eRdHwcO4u5KkY,166040
spotify:track:1GelvXCuNRJkSTV8UwAAGw,229146
spotify:track:3YmHNOqtLsyg2nTlrapWcd,266706
spotify:track:7ipo1nr26QBtoW5EOeBo7e,45509
spotify:track:7KsZHCfOitA5V9oQYVdltG,303013
spotify:track:1GcHjWCh0E59HACNNbp2G4,200306
spotify:track:70mDYrZvjz9LGWAt6NFLWm,211626
spotify:track:1gij27s31tFKcTHa8f1u4g,271000
spotify:track:3ZRUhvuUE2lwZF19puKM8P,215066
spotify:track:48fcSRCuGmMUoTZLkXrLGq,233293
spotify:track:12rV4fh9cnftIXXmTtjhhI,214120
spotify:track:0cuq829zRNq4AEdmDJA4aw,256946
spotify:track:35iLpqqQg4KrfYAzbvN1vH,310200
spotify:track:6yCvs623RQx0el1fGmntrB,203978
spotify:track:09KgY8uVxLIVSOPRgr4FBh,184241
spotify:track:73LjriGJyUfbAzygL9kCpu,194960
spotify:track:7JF65QwbU9rtZrLYLLnNE7,232546
spotify:track:53qhh1kdcX4gRBShoW4LK8,278000
spotify:track:22vgEDb5hykfaTwLuskFGD,181026
spotify:track:7BqBn9nzAq8spo5e7cZ0dJ,220734
spotify:track:32k2TAk4Ppij5xqCP3Udv2,239600
spotify:track:01Wkw6daSjXsEytfViU23u,155420
spotify:track:5f4oy73KathdqPVm746x9x,276893
spotify:track:7w7MUVLI4UhOAWYuV5jDOq,270826
spotify:track:4ZJwt3yb5gVCufioOQHBKS,157800
spotify:track:31tOevM1bUvS2eCNwTlfUw,270760
spotify:track:2tUBqZG2AbRi7Q0BIrVrEj,291293
spotify:track:1qxjyEmiKqgcukhqEawmqK,206500
spotify:track:1uBMgVAUYLnzVL5uQT88FP,329760
spotify:track:11ZulcYY4lowvcQm4oe3VJ,178404
spotify:track:3NsuucK8qXpIJf7KPZX7vq,118302
spotify:track:3lXyAQ0kekAvY5LodpWmUs,106646
spotify:track:2Md1O4FicMiqzteZ3zXzjb,210050
spotify:track:6jisUocgGRsKygGWbZ9NcS,227373
spotify:track:3McvK4b1x9B7z9Rjc45oyG,196240
spotify:track:0umcSPWEPsJUBfgG4g8jiB,214426
spotify:track:0buwKzLBzNTjDYcV7iXLEF,143986
spotify:track:5jQYkYhoOlBW4vJ2l4TCxl,152253
spotify:track:6d54EZXi3V7qpqudX2yxav,191424
spotify:track:5fx7fRMsdrj56XSbY2iudA,150053
spotify:track:1QUJIJ9ed09o0CVOaPaanv,219760
spotify:track:3lkNCZqp4TcoUTLCFG2K8n,227573
spotify:track:0HzbfAwJ5S2Jy41kOeUOHm,236640
spotify:track:6mS6KMNeDndPdIbaOQYeEw,340450
spotify:track:0PDCewmZCp0P5s00bptcdd,171960
spotify:track:1jrj9ACVugyGkOLxDi9zX5,185290
spotify:track:2ngA8S3mtw27byZIA9cMpd,261532
spotify:track:0b18g3G5spr4ZCkz7Y6Q0Q,186209
spotify:track:61ny12xki8cVUKP46nXp6Z,187586
spotify:track:7yyRTcZmCiyzzJlNzGC9Ol,225205
spotify:track:4LU3LpgFCNdi8PE9PgnTZM,384133
spotify:track:0639sfoRA7sW4fGS1EzcQu,249306
spotify:track:7ESKEiE8LRLrDwdS2ZgUiR,285306
spotify:track:4DNJmjigm4hFMmtsFwBNUI,196573
spotify:track:0NO2zL0kw8sGGnaMvHKAZF,237473
spotify:track:7F3uo3304R2CTvOseU3H7u,201240
spotify:track:1cHSh1LloUZ7roEffOERtI,128710
spotify:track:2I9zHCCeKJRKMgJ6UJFN9W,163902
spotify:track:4WDUNVROWNQ0NPjwAohvXb,163693
spotify:track:4IbkodOOYItE5khzWMcxZZ,267826
spotify:track:7nGNA6rZNgsdMPI5TJ7y2b,170939
spotify:track:1yyoXvegrF9Q0PIL0eLPDU,150426
spotify:track:5NtIprYDaflAuu3Pko0rjR,165019
spotify:track:0gMpULrVyvPX3rWGfQUfea,175800
spotify:track:61GH5nDlNqP1CbVUCh3J3H,261120
spotify:track:4p82bj8UyPQbGRTJpZQpcq,347640
spotify:track:4SkrM1VbSImbGTTBuXwPls,65513
spotify:track:6n5hSi8Mdyee0XvsmIffeV,477675
spotify:track:54nMyXP7zFHWc2nrThkZ6v,220360
spotify:track:2lPACBENza3HRYBvQPOdWT,225160
spotify:track:0qRR9d89hIS0MHRkQ0ejxX,142786
spotify:track:5GimLDorbksq5esfDXNI2z,388400
spotify:track:7f0jXNMu2xjQUtmKMuWhGA,295493
spotify:track:4jPy3l0RUwlUI9T5XHBW2m,140533
spotify:track:13M8xp3wbWRokLL1sc1fvv,174857
spotify:track:6oEVnWKgPqIEPc53OYDNqG,252746
spotify:track:6TNuRFdNazLbbVQTRE8pZg,173251
spotify:track:1NkI8DtCnjcWVCVLF0gB71,407533
spotify:track:1fOIO5n2EWauEgItRF2OP4,168000
spotify:track:1ROMiOUtmyuSOZdmQrVSNc,241760
spotify:track:2MraLDwx9pw6lNb8RQmIIn,530280
spotify:track:0psCd4ntI6P1lrTZI6TRP2,285680
spotify:track:7xQAfvXzm3AkraOtGPWIZg,149546
spotify:track:3aCKAkMx3yfaj3AO5Gz47e,319879
spotify:track:3hCR6xOgdAJPwcMu3JTRKZ,187611
spotify:track:2yRrIJC1lt410rMywkRngv,194253
spotify:track:2ctvdKmETyOzPb2GiJJT53,169534
spotify:track:4OIp3u67j4xFlsTRlDmpKf,99106
spotify:track:6Es8Sk3xe1HiJ2MXCfHHwR,140625
spotify:track:7D5n2kpYH2WSqIyEO9MeXf,354400
spotify:track:6XDGgRpwrMH6cG090N3UvE,247510
spotify:track:6K7gGdiXiKHTaA5M98uT1F,183890
spotify:track:0GICqwFn4y0OIQCUw19L3A,237466
spotify:track:6dtdFWroDcxfNgv184UfB2,152215
spotify:track:5K9kCwY1e68H7JxU6893Uv,307093
spotify:track:4pblxS3qejw5i0qbSJLDNt,206493
spotify:track:5cHrP0XKv8TeVhrXVtwSdI,198040
spotify:track:7A27Rj3872xK0LcUMI8aAl,289360
spotify:track:3TXG80JVE6mY0f7M2IVSIR,183173
spotify:track:2yzPBlE5UXK2sqvnNM9QQ0,285733
spotify:track:25ugoarRZ6IaZegrjNxGOx,197666
spotify:track:55Am8neGJkdj2ADaM3aw5H,208826
spotify:track:2RzlTcvW7Um8GiTTNWhxcr,554889
spotify:track:06TOkR7dO7PLwhToEMB48x,206828
spotify:track:7w5cxTEzp1rfV3KCy0Bd5N,303200
spotify:track:7pAwFD2HMqGxTnDq8ujxMZ,108000
spotify:track:4qqfI5oNO53a6W7nWfutKH,195146
spotify:track:6yLAAFAwq6klV86SiHASe7,173600
spotify:track:5YVSASVd5aD1v0RzW7dMBk,188080
spotify:track:2dEgwtRjYl6TJkIwjRwn6z,236866
spotify:track:4CyElmiM9EF9aURGWlPZLi,574733
spotify:track:1db0gbTSKdRQum8VlbNkiO,235693
spotify:track:7oaEjLP2dTJLJsITbAxTOz,498960
spotify:track:4l9gNfeexV0FJ7traSwtNf,209266
spotify:track:2UKYMN7VnsQo40n0qCt6Sa,241173
spotify:track:4v79iygQ4tRn5GDwxDEN45,120333
spotify:track:7gDmPRpv9oLHbTLwicn4Zl,305753
spotify:track:4iYrHuW4C4IsjE7s9HbnxS,230093
spotify:track:4vv1KjUzPwrtDbozizSfQc,229146
spotify:track:5ULRlgiSPSKTaJN1vU9yso,223573
spotify:track:02eyUrxu8saTFZoxzNHtHz,370680
spotify:track:27YP211Rr8RezhiFVDLFI8,247504
spotify:track:6hpPAOftKbe1YghyTtJuCq,211440
spotify:track:6p8lCOvTbSI4eijtyw6pW4,176840
spotify:track:1sDM6RyofDWeLLLS6SJzYc,171149
spotify:track:5y0YreEOnQiKFAnCrcFIXz,236546
spotify:track:7aVjnFsARHuTBZzkR6rYOR,120110
spotify:track:3Jzu2CpFC6zki3PjDwppR9,200250
spotify:track:22L3ZHy0Uju1AoHyxVbqpQ,134037
spotify:track:2Xr3NXOz1qg5Jddkm8k4fr,310426
spotify:track:2XXMDz7SPZ4mSFN1PXfHUy,254383
spotify:track:4qMzPtAZe0C9KWpWIzvZAP,258466
spotify:track:0809RpHic1xrZzh9CT4wXo,178360
spotify:track:3lCbsHaN1wCxyDzcNN2x4N,182198
spotify:track:2mjXihA6FeLzXnhdvYH248,180893
spotify:track:1wGNjZQoO4Ac5zotF3aZTb,267826
spotify:track:28w7CPWQCqQxt0YCzDN75b,288226
spotify:track:6HfOzLLjsaXsehIFEsrxTk,188320
spotify:track:34E0Higz6fFVXlbVsn6TIW,233506
spotify:track:4mGigKCuAXQot4xkmhate9,312536
spotify:track:2siKpBqjCCIsOFf5L4AqoR,173360
spotify:track:3VFJvyA0NFjK8Fg6IfFumf,223466
spotify:track:6PC6ZoR8qXqDKUQoUO8yW3,121627
spotify:track:0suLngfo7rJoetk7Ub6N8l,170720
spotify:track:0aPs3kmiqmt9QG7gWXdefA,151468
spotify:track:2LW4Zu7FcrwjWm3t5Rv3Oq,233826
spotify:track:6BEzGx1y1tA9eWPmweMdS4,163053
spotify:track:4eea4bKE9G2rl8FQ3oH7dw,200445
spotify:track:3PAmkwQ0DsYNU4Z9sGlwiB,204786
spotify:track:6PdSHLOLTqIt0INbVJLUL9,345933
spotify:track:3YCetzfW3z5CrlJziglaKY,203000
spotify:track:0VwNdo84DaVYLIkbVO86ND,193146
spotify:track:6TTTJZRCUIm6yxPS9jyDto,290533
spotify:track:7G7CveTF706x0PYxnpDsM5,247120
spotify:track:3wNiMUFSp0H7zF7QH4vCPq,202268
spotify:track:75WFyYrXPMAWyN6jOBB7IC,187680
spotify:track:6v9ppW1kJDc1KkjAw7bvUV,546960
spotify:track:7yDh4GJAoiAJJg2lPaSt4X,127560
spotify:track:7dI2aYLZuGZYLcxVOtL3pq,190914
spotify:track:5HPn3pqbSkm4GR8JFVfWtb,185128
spotify:track:25Zdss38DUxvpNwSyNHTzQ,105600
spotify:track:5WeBnrDPyLhxruxVryHCkn,247066
spotify:track:1wYDz3NuqlGxPnQDX8OuV6,277560
spotify:track:2Heh0PiDG6F9fUHID8XV0Z,171039
spotify:track:4PjR5ejV2WrE6cXIHIns7r,136656
spotify:track:32OWobmyAz8J2qA8iWekyS,182946
spotify:track:4aVyRWtmzjKMeV6cubYJTR,106999
spotify:track:6jPFzz3Jd5x8IhsU4qhMnp,224973
spotify:track:6zBg8wBiwVHSYefCZHYx7z,216000
spotify:track:2qPSa6HXjzwa9sLhNGpA1T,195358
spotify:track:286McqIBnnR9NDN9KakbbX,151916
spotify:track:17vQTNbvhpvi92qOnDOFHB,329207
spotify:track:2mjQyE54ImvUjp65LPsBeq,383662
spotify:track:4zdfSHNKKKdSt0TB6I4ibg,150945
spotify:track:4t2NSQrP4CnuQ2Ur0qCfsp,312026
spotify:track:1i8TVeZA6ZiSyrdLKQ4DEd,241000
spotify:track:3spWfMlB39jSkstIslYnvG,292173
spotify:track:4EROxQ47IZNf5fOFC3MbA0,106948
spotify:track:7jPumBvn7m7l3nolkML3cZ,249933
spotify:track:75NhhYjHO43mvZgYtnXgti,181812
spotify:track:1H4idkmruFoJBg1DvUv2tY,313026
spotify:track:77oU2rjC5XbjQfNe3bD6so,265173
spotify:track:5uzZ97GBhaZyfeSCjroUl5,164040
spotify:track:2hNwoBCLppnljA7HVvwZns,197293
spotify:track:0SUIDQChUyNkU9JmC1otEw,240786
spotify:track:2qTMefSpJHIdep3aC4RMR4,586506
spotify:track:1dtFrIzrr4DJZOHHESVwbt,383369
spotify:track:017PF4Q3l4DBUiWoXk4OWT,221820
spotify:track:25GlFJq5QNAXyVgJvCZ4Mf,312360
spotify:track:4QRkCwqwHFaZ7xeoR9CHL6,218840
spotify:track:2PuUFT13yCzUOZun94WOXv,444053
spotify:track:64YAQSR4jfmtHeJudcQix2,186459
spotify:track:1lAJUXyP5S2dUYHer1xBas,299970
spotify:track:2SrXt0JJEX9PfVSZuJ6dqg,198373
spotify:track:7FNIEfhhBlzsZFxCwI5Nwh,213240
spotify:track:4rdKHsTNobIX225sg8GVSO,278639
spotify:track:2WH26XlMjUamdUwG56ZqWf,199585
spotify:track:1vWWJKXt6TGw0eFfVO2Xs7,194120
spotify:track:6BjMngmseW8ftFagIsGETc,135853
spotify:track:1qfW2xub6sR38gJNq2vwca,140639
spotify:track:1l5cHCPvmMkbIWBhIktRzE,236640
spotify:track:29xCtSYAzSKilDBAtJtLLg,126386
spotify:track:7zMUCLm1TN9o9JlLISztxO,170293
spotify:track:5xaZtThStjYVrv7vCs6mSQ,382093
spotify:track:1vXqnmQbFd4DAUmjgrlkTn,191493
spotify:track:74tQaH4CxM5Rs9BzerEbHr,186893
spotify:track:6wmpw1ZAHEQcfykKSI977I,158014
spotify:track:3jxP1S0xXvPBry3scDZj6h,182973
spotify:track:0VLdJcQUsqHBBwqPp4CIKJ,285066
spotify:track:3NwdgGybH9vn3FOMXd7Oih,205200
spotify:track:0kJg1vDAXOvuPUe4bLii7F,249200
spotify:track:592nTDJAy8AucV4KKIDCmA,227560
spotify:track:4iALA6dAUWWjONe6pPPSGs,348488
spotify:track:07MDkzWARZaLEdKxo6yArG,162680
spotify:track:6FDKYM0lBf6zqrg8cFokPd,164224
spotify:track:4D7ZvtLOG19HmtqKC8l0BI,153133
spotify:track:5Vrczz39CvlD3OGCa6utoA,207306
spotify:track:2WA45qtWo0GBuMJPXhVkh7,198857
spotify:track:569uHYIB0X324FZOBEhvit,239133
spotify:track:6QIOzVmSfjMLWuur4e3BAv,236146
spotify:track:6sQExeEKRsLnaB9XsuZBjb,212426
spotify:track:1gBwd9jcSzhSELn0IwDCFl,72093
spotify:track:4uEiX9I9589UXK2wXxlPzJ,195493
spotify:track:6HxweNytuEQdmGeVtZPZz3,267933
spotify:track:6NJQpFNkDCMaRBogIi9sOI,317986
spotify:track:67oBHPaoiXS9rifTrjaECn,120000
spotify:track:2NtS0rZ8MdnsJbLNRME6pg,223173
spotify:track:40HGoSHn9gELCcJu8TLakq,248720
spotify:track:0uZd8cKaTyNogTREourFY5,189973
spotify:track:0W7brFokN6QtGRNp32RCQP,195200
spotify:track:67iAlVNDDdddxqSD2EZhFs,219466
spotify:track:0OnQj8a27DzuNnTXSgOtq6,314880
spotify:track:4IFkhBbLHK01yJRFT9Noql,145408
spotify:track:0KaL92TyWMq1Lkhd1dlgC8,142872
spotify:track:1P706JYiQg7kyJhwDMd7EU,186000
spotify:track:6TRp2628QKH3kY6KrCnjqp,207866
spotify:track:1FvDJ9KGxcqwv1utyPL3JZ,162920
spotify:track:5xiAfKzE3mbxYbOkUZPR11,239925
spotify:track:76ZnyGfjQZSM8GPfR7OqiJ,201866
spotify:track:5UvE5QlINnvEc7aFO14DVL,109706
spotify:track:6cIGfLHJg3pD7OF0tLZH2V,241000
spotify:track:1eFYbcVZBTKcE0iFIYU5qk,157800
spotify:track:1ry2PK9F2CztuMg1edcVXl,289173
spotify:track:5QQ2pX7NqNl6rVS6aqCwGA,161368
spotify:track:25FTMokYEbEWHEdss5JLZS,241666
spotify:track:4XgTRBW2bQIut4Mq4QbJBJ,236560
spotify:track:5F6nH9kNbB48FusY2hFH01,235868
spotify:track:72Hca258e4JBSHUnLlhJTu,165386
spotify:track:4OGtI1KIcVjaUqOw6NsVmV,227240
spotify:track:4scS449npSaFolwj9b4RJD,168826
spotify:track:2jnZUvhw2LTvDI6YidRVcO,239920
spotify:track:6GPkBUXMrGSkwK3TrrHHXN,184480
spotify:track:3GgT5Au03iV45iGfTpzdhu,206343
spotify:track:6aLmYwLuSOA9WowYrwgfcK,190346
spotify:track:4SE7wJ6HNrxGf7RpAVyTwm,154398
spotify:track:0dWOFwdXrbBUYqD9DLsoyK,273151
spotify:track:2eF8pWbiivYsYRpbntYsnc,161160
spotify:track:7hd408UPMmaYtFfq1GAewf,275013
spotify:track:0tgVpDi06FyKpA1z0VMD4v,263400
spotify:track:0ldE7rHWykc9OUViCzdviV,409889
spotify:track:23e29alilKhIYF88ifp7We,216880
spotify:track:0O8RjwNco465s5o9Ix9IYj,292400
spotify:track:5HnzCCUCScRKGrWAAqiqtL,224000
spotify:track:3ixzqclumr9K5ZY8xcdo0O,200533
spotify:track:3i6qNxyVgIdUZTTi5m25EM,252760
spotify:track:7KccdUP4IslFXUNNseqBc7,284533
spotify:track:4X3CV9rXo3hQrkb0fzRAux,247973
spotify:track:1h1ryRXPpMLgXeYdq9qylK,192880
spotify:track:5cEXnGN9BNKOgvbrC1wMgr,45586
spotify:track:4XvcHTUfIlWfyJTRG0aqlo,123986
spotify:track:0OFknyqxmSQ42SoKxWVTok,112205
spotify:track:7pU7xdjTwZyDW1XoZpV5Dl,252066
spotify:track:4VOTF9Cnw0paixB9X0KUMh,191524
spotify:track:2XhBBZ3vxsR57OwkNn5hQc,599560
spotify:track:7F1eoVZd2ySSJ70iP3PN1m,178373
spotify:track:0uVmFg5PZuqsZ0tT5QuqDe,220320
spotify:track:6viAMV0RuBb5nmzpPlYMAJ,184390
spotify:track:2X485T9Z5Ly0xyaghN73ed,467586
spotify:track:05GvwwTLLID738BbKN1ze0,196375
spotify:track:2W4IBFcQkWdPi4AB2zHOrP,425893
spotify:track:1YHfsDfy98vwFiYODAfYCt,178663
spotify:track:6N7F4BzfCpAN8uUkOWIFxB,191026
spotify:track:2T3blUc9Jnui2a0ZhuNOag,209266
spotify:track:2StkuotzPgX5FpSjMpTvlw,204426
spotify:track:4OYGHze5MiMkgozardIRxU,281457
spotify:track:2VVqxQhALecXvaArlZSVXr,226183
spotify:track:1yTQ39my3MoNROlFw3RDNy,235973
spotify:track:4GIjp1eGGrQ6KQntapW2pE,75057
spotify:track:15VYSZucjnsox96gm9WhR7,548266
spotify:track:4uTvPEr01pjTbZgl7jcKBD,182000
spotify:track:04j67XNNVu1HI7JrIlMM3S,188893
spotify:track:6aMgqUHmyLs5vnyaV98HID,120638
spotify:track:4fwLpbdoNnBhhvgSi2JhXA,268826
spotify:track:4WOaqWNbVKI9zwbPulGSFV,411373
spotify:track:0zyFMqIS8zWHncTvL03rKw,171747
spotify:track:28KGeQtcDAxHFQi6v68NP0,134269
spotify:track:0UCg6lnG2MXpuEpf8Pk1MV,190866
spotify:track:00PLtXXER1XcTRZvs3LioS,147000
spotify:track:5WwKzyAOGvnNqTIs0Tk8ei,162306
spotify:track:4191RXFPa7Ge9XkA4cWlna,212496
spotify:track:5VKSZDsidOFHrtlJb33Syo,204346
spotify:track:6LFqa5xaiIP7mz7FRSUZfx,368493
spotify:track:1daDRI9ahBonbWD8YcxOIB,196453
spotify:track:6cAkTF6SBU0RJOEqJKNzD0,203506
spotify:track:7ofxPmTNMj2GP07g1VZa0O,238160
spotify:track:6b8lhQ86u5MddlmXulslpD,124653
spotify:track:2VEaoe7WmwS5oPG2RDjaLw,249625
spotify:track:4bFm79yfwt8CLDFpuBELtP,196680
spotify:track:3dLiBBKbeUIhzGNeuo5JGS,244771
spotify:track:27JpiXdW4QmLwYQaQYymY2,256105
spotify:track:0QiRZzoDkUitzg3evBXvF8,234600
spotify:track:630zE7N1xPxdK2Zz4S3rPA,403333
spotify:track:4g3IrwIgcR2NIaO1h10orQ,149888
spotify:track:4XslW1jnOkgtKa4rs4KZSW,170880
spotify:track:3rTF4xvF6xKI9WiLg8LFWn,240439
spotify:track:4zFsWCNhgRga6zUH8znbS8,59200
spotify:track:2N6i2WbS3phc0i9BSoZlXC,135674
spotify:track:6gbiTbclnHlmSIPfmF2zEc,131600
spotify:track:0dNQTrGocrvMXXdGT6KQ0F,232773
spotify:track:1dzLiXZuNm8GD01JPfPAyf,278200
spotify:track:2qrIYZgaDvCdUVt7yXMmQY,206880
spotify:track:1KNu5fqNZvVpWN0vSxB1UN,194173
spotify:track:66hLU2UVizenMcI7JpWDQ4,180813
spotify:track:2dDuHXxFxLsdYdBBtgjoEi,235837
spotify:track:5MnNa1vp5X73OF53pQ0Mt9,273440
spotify:track:5g2sPpVq3hdk9ZuMfABrts,221733
spotify:track:4UDmDIqJIbrW0hMBQMFOsM,92866
spotify:track:6cgFDOCBsj54GPH5A6djQC,207777
spotify:track:4BWtaaeVIRsR5HgLfuJAB9,354773
spotify:track:21oDYN3bR8KAukLCByn3KL,372440
spotify:track:2g3JAKjKruTL40VffoGLmg,132949
spotify:track:4igqISYL1uFKbhfjaLbtPE,406746
spotify:track:7eFDGp8iE3e3UTjEoNBHxA,265560
spotify:track:5rZlwNFl01HqLWBQGryKSm,213333
spotify:track:0hwEhPxCBLKiqeBMZavGAv,179383
spotify:track:4e1UY04HNzsDh33fZffzpY,139265
spotify:track:1sZ39ZxvFo8FyMz4s7iVlf,280895
spotify:track:4H8uyGio3kOgc5b1eMyEUQ,156107
spotify:track:5RYNIOcQWJZuh5vnUujQt4,240040
spotify:track:076JYdl5qNn0Mz4bChoFwL,218226
spotify:track:7nhWtCc3v6Vem80gYPlppQ,209106
spotify:track:3sTN90bIP2cJ1783ctHykO,192160
spotify:track:70lnL3QaSOIIyMa2X9aVRL,195213
spotify:track:5IYqKwZBJQfcLaQjwa4ofN,112076
spotify:track:37PJvlIfYWqEX6fgjHlnTf,171800
spotify:track:3Au9cY1ZM8trJ1lgFZ7LPw,129600
spotify:track:6Q0VK2IqOmsElZmLFnHzxJ,54653
spotify:track:4DX82Vc8qAH4jJPvKxvwg6,181826
spotify:track:3asj3OMn7BkuWOxsdkYybG,236253
spotify:track:6hpmTwgNCz81H2bFEREx29,318800
spotify:track:4O0Yww5OIWyfBvWn6xN3CM,404253
spotify:track:0NHEX3ZoJKkD9KtzCme0ek,199493
spotify:track:5q9E3jb5rjHBcDtDWFxtbM,234545
spotify:track:2X9fsxb6O6bYEopJYmUbNC,231480
spotify:track:4a6q8CR2hzLk2plDkSxkfD,165714
spotify:track:7tRIPKbancNUovnqBfv7Px,133000
spotify:track:76hhfwZpMKGO3phNusrquG,252162
spotify:track:54LxLkCDvShuYKRtTUQ2G4,185988
spotify:track:2dgrYdgguVZKeCsrVb9XEs,288640
spotify:track:3XmpHN0jwCV1unk8ygs1Ku,238533
spotify:track:2Up0otbgwsByG1rNe0KEQD,193164
spotify:track:6I4snLrVOrJsLdd43isc27,217693
spotify:track:7zDBEnKc93ymjjQY4CJLk3,131860
spotify:track:6LsAAHotRLMOHfCsSfYCsz,190800
spotify:track:2vyxCz7ixvER0Zxh02Bk9x,176560
spotify:track:3K7Q9PHUWPTaknlbFPThn2,298866
spotify:track:4LB5cNN7f18wIJA2RU4iIO,182306
spotify:track:5TM2eqdzfWPHklI7YnBmsD,144333
spotify:track:7rc6L3UtM0uvwfpsl07GBL,230424
spotify:track:79IvkNRpQnV1j5aOU0oGSd,588760
spotify:track:33z0dFwTNUTJpihryYZP1a,303720
spotify:track:51FpzuGkRYXFgsE2zXt9av,173866
spotify:track:7MoZgM6AsQaZw14WnKopuy,209905
spotify:track:1WSlv7SGjBpf6ZKxbEkDlz,148946
spotify:track:5mGI9cWHzNHGZG8RhzorWT,254546
spotify:track:0HZgYFimoJG9Ijy8InUWcV,205416
spotify:track:0rliTXrA8nLBuJcxDuueWU,181600
spotify:track:2a1o6ZejUi8U3wzzOtCOYw,198773
spotify:track:0KEIQZAfVTGVyVxEW7tgFj,290186
spotify:track:19HjHUjCfDrEYhVSIKG6nK,224133
spotify:track:2hrUO4drrO63i7FYbCLBl2,251173
spotify:track:1E8xXiDyunCAFasfwrZoF5,109500
spotify:track:2kzEEsKiUPTvct5pGflQVF,298000
spotify:track:6h5PAsRni4IRlxWr6uDPTP,203000
spotify:track:4AKK4j6sYhOO1r6My2qqWO,144000
spotify:track:1v3bR4v6SruaE8efrTUqqp,203769
spotify:track:29csiYMOfBmLmGwxmISrMy,265306
spotify:track:3AjTJYrzYrLPJOhwHZ6ifw,82397
spotify:track:2K2wcAKqVD8b010s6wzdPq,277506
spotify:track:4eGHlplaq1ME8oetnTuFFf,159000
spotify:track:18fIsTimWvKXA2whjHYON3,227630
spotify:track:0jnFDxgNhS156vu6roUVco,192440
spotify:track:3KAGr9jL9DNJgisQKHiYmy,115333
spotify:track:0EfsDEYaSjGYd66Pr881nq,235160
spotify:track:53X7Zs8VZ4J7u9dVGbGIep,224693
spotify:track:4B9xwFIN58Nn8ZtvssOqKf,230680
spotify:track:5CmYHW6tHT8tPbLef7mjBP,299426
spotify:track:4LhxdvP3lfgH3ciOyO1BX1,258506
spotify:track:3oaQZ7uuFH6RVUnUg2ooqm,454773
spotify:track:0Fs9cdPDhptWEDJmiCbkEW,296520
spotify:track:2pYAhk8ZjDIsNgoKJdldUT,264693
spotify:track:0qYRQHFvcav8qBhmr7uKlx,169142
spotify:track:2zZ7CLOW5nERFhOUnQIAfv,272162
spotify:track:7s5JZk7wLiypuZtSHCu64Q,178426
spotify:track:1ip1ULxxvAzaqH3VqKObdu,316000
spotify:track:0sQ9ee2jJNTQgjy55Pse5H,198800
spotify:track:4T24xO6NYB3u5QZD6qHuv8,172306
spotify:track:6nDYB3K8k5w12WqvxkK1JQ,133426
spotify:track:7oX2VrT1LwzJqhYJZuxPkR,234680
spotify:track:0yNF0v2ozoM1qoCCMzZjlv,183120
spotify:track:5gEwaR9d6Zc8WMbkH9H7xK,178293
spotify:track:1vxhsOrJNb4gpZtc54LCpg,187500
spotify:track:00xjXIoyDIQYSYve03VsXf,252016
spotify:track:26PwuMotZqcczKLHi4Htz3,233560
spotify:track:03ybzRUwX9zWK69fSAAROH,370733
spotify:track:3OiQTpkHlgmAhvt4ILgHJv,313413
spotify:track:1H8klgXxJ89BhmtVxfI0WJ,205424
spotify:track:3saHmHGSuye9ysBOlv3Pkx,197000
spotify:track:73SpzrcaHk0RQPFP73vqVR,242265
spotify:track:2Gt4JNKAkmNBEOv79Y4xGt,61100
spotify:track:54hG4dU5HO23Bo1x0JtXxu,172079
spotify:track:777AYWQa3pltTbbXdqEZaB,304750
spotify:track:4itcO1xCYnwkxsuEBsnaoL,234826
spotify:track:1BWsQm7kOBjK2aSFYg5HQZ,393053
spotify:track:2bwxqGKS5GPXfNanAIRe2p,237866
spotify:track:1bQJHs55iJ5DDPR1MjPQzG,222222
spotify:track:24ySl2hOPGCDcxBxFIqWBu,182200
spotify:track:4umhOuCRpFSt1lITBU5Tp7,203686
spotify:track:14WWzenpaEgQZlqPq2nk4v,219320
spotify:track:6UFdyfsfQn9Z1kuj2Uiq3D,236733
spotify:track:2Cd1F6yd5GSYFU4lPVEwqT,201293
spotify:track:6OPQw3E008UIy26o1QwMoT,152548
spotify:track:5nujrmhLynf4yMoMtj8AQF,203064
spotify:track:7ufCVmSc4Ies2gsEXfabHe,239146
spotify:track:7AN22wQYwiCG49qYosygFq,451160
spotify:track:1m69ELEgE6k5ZWsap40ozt,188080
spotify:track:3LwGkoogej2cfcihNMpMeG,210265
spotify:track:2tLpG2RccTO6yImFMZbkb0,201127
spotify:track:4qE6RE4iEFGVvY2S6DxdwJ,182068
spotify:track:1Ugy5gWjsh7326P8X3pRII,242893
spotify:track:6iLnSogwTQBmWs9l188QII,236813
spotify:track:7uMZy0bALAdneerERyr7Ks,450983
spotify:track:6zbFTYeqNvZdms60HouEFT,317160
spotify:track:2mzAAMtGE079GozyadssBq,159738
spotify:track:4oyTO9WcwCyu9z33PEY32E,250933
spotify:track:0iINibMKtoS8duvexsqnm5,217573
spotify:track:6hv8hai0yo19JF2c6pppj6,151653
spotify:track:5KGWIK40aR6eLLMiLQZd5M,276198
spotify:track:1Cn0PV22mVbUlwQJ8XcEQz,280406
spotify:track:3N23avLnmgSKQEfMPub95G,201290
spotify:track:2sRlynMtS89ewDIh44qgVu,383533
spotify:track:45jxyiCA6E13w75wW1oixN,200944
spotify:track:1Xrlr0CvpV1dFakpGJDzLI,192200
spotify:track:0W35nxtHtFlseSojmygEsf,474400
spotify:track:0c7q7JTyegl4PS8jnIqFdH,256000
spotify:track:2bmkjGqnnbisEbT661fNoA,288960
spotify:track:7l3tAaGLd3LYlwoNX0xYXS,275120
spotify:track:7DhnBXTRbyW3JRueLlOmLm,204346
spotify:track:5D7wwMcfoV4IkayimXqixE,137960
spotify:track:2ST72jD2KVe7f3fbcGyX1b,211253
spotify:track:4pEMBjS9eKYGgMITqF6Mdo,109280
spotify:track:23KUlJNvJmKrRVmo3XBvxM,419093
spotify:track:0JcNysfWVWaMS7R6vzGB2k,194742
spotify:track:20VuO95A8RxUPlShnfYArW,395373
spotify:track:0yyWxyeHt09K786RjTs6KH,171759
spotify:track:3pf96IFggfQuT6Gafqx2rt,242240
spotify:track:25NeGSHqObqSJg79oir7pB,265706
spotify:track:5FMXrphygZ4z3gVDHGWxgl,236760
spotify:track:1n3HHtF3Y8KIl9W7iuPrKy,115946
spotify:track:7tAFzqPUa2G7EziujIPP7K,188227
spotify:track:4D01oA1mGouaAT7fubvKRT,179360
spotify:track:5WwRKYnVy9dekqXAGPbAvU,375400
spotify:track:3CLSHJv5aUROAN2vfOyCOh,132346
spotify:track:3MmyrLEMNBwGicrY8x7jTs,233056
spotify:track:6bmHdVrNxawHecz0zUFSDh,328706
spotify:track:4SJHHpKhcuXwDsCsPqshXj,217142
spotify:track:36rhJ2LhrKRdwjBzfZ5lLy,240550
spotify:track:3guKaqnwnfFfwR8P6ZQ9UI,171180
spotify:track:3QRM0qZB7oMYavveH0iEqx,250466
spotify:track:7uzDP9C0T7YbHiYSHMDCWy,251053
spotify:track:0HdcunWW5FsRqKr3lwJOIo,240991
spotify:track:2aCKBrLn7rbhStk5k4FwnF,156440
spotify:track:5qfZRNjt2TkHEL12r3sDEU,282693
spotify:track:3HWDWyIqWuLsTHECx9DvXF,229093
spotify:track:2oy5kjcc7itM64xk00Gz2c,156560
spotify:track:2RWFncSWZEhSRRifqiDNVV,233270
spotify:track:61TeCsBeZZrH4IDr9yIvoj,322493
spotify:track:2QbFClFyhMMtiurUjuQlAe,214265
spotify:track:07UpuwCLhS4UgARw3ROgG3,121670
spotify:track:1gyzKH0CE7Jn5d7tEGHb3e,267488
spotify:track:4EhhvoyUaV6ovdH7GJadJx,164613
spotify:track:2SECUGFCU9r4HCSgYRHaIx,195706
spotify:track:15os4xnRiXxcNJvpwjLiX9,131960
spotify:track:6zws4OjURj5NQox7MvKunh,185751
spotify:track:16XKdDcOxtThlW8g3uADn6,164306
spotify:track:0R8P9KfGJCDULmlEoBagcO,273426
spotify:track:754kgU5rWscRTfvlsuEwFp,208680
spotify:track:66tkDkPsznE5zIHNt4QkXB,249956
spotify:track:7woW97CfcWaKtuC6W5BP2K,384306
spotify:track:3Hbx885eAkJuQP1horIdSH,170695
spotify:track:5A8jUZatix87xG0Zj6HSKG,223092
spotify:track:0ib4aHS9A7qMdbSxU8ycOh,158095
spotify:track:5B3NOiIZkfykH0dk5YekiM,229943
spotify:track:2mZreZ4DxJE1et4I7Zy9l7,213306
spotify:track:1gpayq8BQ8Z1AZSCHUeZOC,198930
spotify:track:7fD72waADOZymEpuQfbiDE,164266
spotify:track:3v6fEva1dxFx47Up6RseUA,219800
spotify:track:6j370rNNGiu8zOnoSTioPk,319760
spotify:track:4BRtXwhl1UB6bLJUNrxn8z,100853
spotify:track:5Ht48BadOqg22f3lWQLLa8,165227
spotify:track:0weAUscowxeqDtpCgtbpgp,227933
spotify:track:5rBQIzDduJsmDbZ97gqWEW,147692
spotify:track:18KjYhghq6K3ZmfcewWDp6,282480
spotify:track:0dnojq1BIyNqa89hFEqBvM,591773
spotify:track:3wsX49Jaa6GteZPyB0Nkym,180560
spotify:track:3WOKxYHx0gFd739LJeBOFH,138240
spotify:track:482CWaKmMQzrYMQMEMYRtT,178913
spotify:track:1Fem9jSJEleNWT1kgt70ST,185316
spotify:track:7hdhSaQihY7WrsWLorR35n,278282
spotify:track:1HNkqx9Ahdgi1Ixy2xkKkL,258986
spotify:track:2Em0X9ivzblJGTtrtReEI8,220466
spotify:track:0QCCwIK5wNdCFNYv96n2eV,227866
spotify:track:1sZvOfUl5tXwKtDDLYwGyl,296400
spotify:track:5eSllZgRWCIJsDTAqFRwQw,358773
spotify:track:6VAS7m73rDopQe7BdrFMpD,160000
spotify:track:3hxQiIi7AxsrHSA09xenRx,224106
spotify:track:7vhaWm1J3364SZvYcEjHEZ,357386
spotify:track:0mDGNetRxywxqgiXFbagZh,216080
spotify:track:1mOZYaf379z74huZbIdpt1,195493
spotify:track:3SbEAKU2EOJf7z5EBEB4PV,320753
spotify:track:0M8rrUcBYXa24y3AIKQ19z,599840
spotify:track:2BMSH1f6Gk1X1fNoONRLSX,225586
spotify:track:61nSbxyL6VRPp32AMscxiF,289466
spotify:track:4ABWPP59ItFKykdaDF09K5,289680
spotify:track:0RiRZpuVRbi7oqRdSMwhQY,157560
spotify:track:21xVx0n3qonzK2PXah9M1S,162067
spotify:track:4QJznEbuwYc5CnPzI7xAZy,182453
spotify:track:5veJDT0MLsLbhYsx42GXUD,242666
spotify:track:5hTyIlRYTc0sNHk5wDk6Xl,334333
spotify:track:6fchn9w9hi3EE0TnwjKayT,191226
spotify:track:2xNMLXfEmXtGei1BdWiwMH,197120
spotify:track:6NdKkfo7o6IH1Op0jsBDjN,221520
spotify:track:0DeLHrPqVdRayndn0Upt4i,278706
spotify:track:6njJR3OIp3oA0Kc4aC9Tzf,61673
spotify:track:0mUyMawtxj1CJ76kn9gIZK,233640
spotify:track:3KDClBkoakbdF0pSdF2PP7,174626
spotify:track:0NmFlfHH8L1eIENrUZMIut,221656
spotify:track:5Ous5CT0aTtQFIExWJD371,226266
spotify:track:71awpJoi5bqGMBrTkHDDoL,292266
spotify:track:50a8bKqlwDEqeiEknrzkTO,195046
spotify:track:2ySokxMhynpB3Vb8UWKvO0,155893
spotify:track:3T949qFxbbMfLyuBU6ik6K,244866
spotify:track:1L9qsoNnyT3r8fgr2Pr7Ty,246910
spotify:track:6IBa7bykcOeZnKwju0Xkfp,162293
spotify:track:2nAphVyGgouPNVbE31mVgr,206447
spotify:track:66huBJ9AKGOV4H4C71crGh,279786
spotify:track:44p0C72gL2FbjWbzkUFfTf,252440
spotify:track:2kqAtjOtQPAR0OiYUJR43k,192710
spotify:track:1oTHteQbmJw15rPxPVXUTv,208266
spotify:track:2N7hUtY4w1BVL1bjhpUeJa,296933
spotify:track:2pnappP4F4nlPnYxGn5Ktt,219534
spotify:track:3wYRLYuO1M88d8woWUIxct,210606
spotify:track:2SmgFAhQkQCQPyBiBxR6Te,232549
spotify:track:4fxF8ljwryMZX5c9EKrLFE,249933
spotify:track:1dJhW3HRdLnySFEUhf6VRh,123525
spotify:track:6iX1QW1gGIVNEItnqyvFfH,311703
spotify:track:7MXlTgQeo3IVlMpLnZuhxc,240306
spotify:track:6TL3MOcVW8i1UiJkvhpDbR,159134
spotify:track:3L55aSsDkT5ojgy3WXjh7s,187132
spotify:track:2maDH3cNcC3tASCURXyia8,110026
spotify:track:7n5hCsmJC5uRZE5Rgj343H,456393
spotify:track:3oEHQmhvFLiE7ZYES0ulzv,280000
spotify:track:3rlzrcfNvBwVKmRT2PM85c,216709
spotify:track:2NlmmAjGYrrjAp0MED5rGx,211933
spotify:track:0fUFpFczhuhJBz2Z28IL2x,216626
spotify:track:3Vby4nGmtbDo7HDJamOWkT,208946
spotify:track:5GChYjT0HJVDtJMjcfhYmS,269591
spotify:track:0hUl5Kc8jBjV02xtjQVlRB,158117
spotify:track:68XWgDvehwnYLyo19lB7P0,218893
spotify:track:0X0rXpmcHjt3Y28RnvViqs,287000
spotify:track:4ie9a7aQFIUFnOOTeZxtLc,296466
spotify:track:3KiexfmhxHvG5IgAElmTkd,173946
spotify:track:2Y6uY65ZwKl9WbVOvKyZg6,188640
spotify:track:4i2qxFEVVUi8yOYoxB8TCX,223280
spotify:track:4UW8c9JSzoyjErfmmMkInw,200240
spotify:track:3RgR3cFZ6xh7MlB9DURK6e,228173
spotify:track:1sRByD63uI8ZJAOSPDczXF,246533
spotify:track:0vek0LcCbvcMtj0GkXMMJy,215000
spotify:track:6zEgnpM0qYmHLDnh8WPejL,157733
spotify:track:5t9KYe0Fhd5cW6UYT4qP8f,219026
spotify:track:0ihi06naIlWfRm2IV5Cwgm,169769
spotify:track:2074PxLJhsulJcP0ivfUSj,181413
spotify:track:7FwSZyO5ynlN0OJGVOjE6k,206146
spotify:track:4QIo4oxwzzafcBWkKjDpXY,243725
spotify:track:6YYlDwGwQvWIePrUk42Pxi,268267
spotify:track:0nFZ2HQRnIxiwraCm2X6Uq,166960
spotify:track:4t9a07PAghtQMRAIP9FQ7Z,266086
spotify:track:0DwK4LYHOevYpJqaCo0DNl,194519
spotify:track:20LZsv2s3dXvoBuPUEOlAv,219642
spotify:track:6U5fVCyYkdDUnqPxAQ05dE,160800
spotify:track:3pDhN3qB33AOPhQEkUCaWt,224693
spotify:track:04ijIUVdT4Qy1SBWFUPROY,236533
spotify:track:68qTWgabevPj41WbvHtKwY,305040
spotify:track:4qEoqyPbLYnLOii6mKlIjI,198106
spotify:track:0AS63m1wHv9n4VVRizK6Hc,208733
spotify:track:7ksmqYjUIkT7OFvvhw7Q7s,192000
spotify:track:2twKCCzVkqTr7MKEbv3tcj,161934
spotify:track:6JhSLKkmSeLNNsIZkOxUaq,306626
spotify:track:6cblRiEGDRNZgowcm951R3,216333
spotify:track:5x9VIW2fS21JMswOt6AORI,175333
spotify:track:1xXQCSt0xkfeGhe18ey2p8,156656
spotify:track:3RO8tQsiLI0cJFcWGTUZKk,118302
spotify:track:3l5CJMLostGmMxYxmp6j6r,135600
spotify:track:0UiSGMxQHbCIEJjThfLuMn,236400
spotify:track:2CEgGE6aESpnmtfiZwYlbV,202613
spotify:track:1hqA7MdNedh1kkqewLQUPz,128000
spotify:track:48XgkAh1fkcZqA2EZWCDX6,203946
spotify:track:3f5iOyyal4wzpBVeeA8CLm,254373
spotify:track:5Di0EOfzgABjIldD2GaMVm,498852
spotify:track:1OfOS5ZTxgH3kK2xSM78bo,290898
spotify:track:0wz1LjDb9ZNEYwOmDJ3Q4b,149373
spotify:track:5izGeTxueiFX1UPFGohY9w,363640
spotify:track:01wKeKPgYxdPYA8rfMveYc,426996
spotify:track:1EoEU4HY57qaITp06TkC6B,164457
spotify:track:3bH4HzoZZFq8UpZmI2AMgV,216014
spotify:track:0eo85yo2kaUvjBHOa4iQX6,220147
spotify:track:3PjtWE1L78oCmgK1JFI6IC,108483
spotify:track:2pmytOddxLVaASHQqTH9LO,189746
spotify:track:12DUfI1CRgShCN6c3wz3v9,193786
spotify:track:5N6pQ2vYtd3Rb9w7LC8PZ9,200360
spotify:track:6XXYdF6pJR1K3wKvuxmu7n,226002
spotify:track:14wf185UxfNbSy8dwt4r4q,249142
spotify:track:1n9hIe71hmoQKQpA7ClT9O,172693
spotify:track:7ER7vcy7u2ajg5IV45WBFw,251283
spotify:track:0lj15qHIbi7gsO6CLfWbvF,273933
spotify:track:65vseJi4kug0grGTTSmH2u,112205
spotify:track:7pzXijdd8NNUGazWOHH52m,190906
spotify:track:6rH2JRSsG4PInKoUOcshrX,221826
spotify:track:2y71gY6AgZz2EqrREktVVB,147586
spotify:track:5Em7MA991Gn3yhheaul0CX,288066
spotify:track:6UOVthBy6VkgGrq8Yj90Hw,258200
spotify:track:6MbSMSXrSlvsyHf4kcaLQi,175028
spotify:track:6y1KehXCLHzgv1W1P0H6jM,181333
spotify:track:06DD9eZLen9nXEkWQpZN3e,207857
spotify:track:3yD272quA0vqP500G8qEX5,287133
spotify:track:6HIVJXpdvp1C1ubfnkFnz8,218786
spotify:track:6lKRMylSZMtA7EqPl0pcdI,198960
spotify:track:2CGRGQilSOu5uZAHrcvZp8,248000
spotify:track:5XMrKeD3OVDlRZHUYsasau,167080
spotify:track:241RmK77gecJ1y7jOoQ5lu,171360
spotify:track:0vayo1iHR8vz0S9UGe9Z11,238426
spotify:track:15W8qc8Ok22EJGNwEKhiw9,187960
spotify:track:46QazXxQS0B31CnbRCy8CV,255573
spotify:track:7r8ku3BunFqO8MdxIMefaO,152773
spotify:track:1J6o9ecCndpMLAYqNoNvfB,190057
spotify:track:7kv7zBjMtVf0eIJle2VZxn,180026
spotify:track:0gdmDP6xy3ZV7JNoHWAN9k,173320
spotify:track:4LKwfNItOlbKVe3PBzRF18,144186
spotify:track:5Dh1gxn07tASYJPzdQjsDX,219800
spotify:track:20cWhGpoXZh9u3UZq2V97X,356746
spotify:track:0B2RttXEiyXsMeQ7mMP3EI,228253
spotify:track:4qobOJfBSSVkUGM2pAJBiX,446668
spotify:track:1E87TPiD0aEU7Fa8FzZMzG,181104
spotify:track:6kUi9j6l5ZMZVuUl20uHB0,188160
spotify:track:7GUqTaobt7S0eQp6QXE4dE,253133
spotify:track:2Mw8xQJpIDAgrktDXEqxCs,198160
spotify:track:103hWeG0MVvCo25lKFiQbj,149200
spotify:track:5Eh00DCKRf5t8HAl84oNAl,160786
spotify:track:37CaHR9PfgqWraGBxOmkCm,257653
spotify:track:6wvZKqzwmBZBBuBmgFi9Rd,171434
spotify:track:5khNhIjTdxCV80sHF3Ha1B,281693
spotify:track:0f6Fb3g0DRpCIbhljotYwO,192106
spotify:track:3EmmCZoqpWOTY1g2GBwJoR,198774
spotify:track:1sW8AxMW4vuoV5LCDZj7r7,286733
spotify:track:6tMqYyCVU2aKgUahMvJz2S,194747
spotify:track:4g8ZUOxhPMXN5wVSP7gCau,284293
spotify:track:5LzZBMRQ8Ui4eu5uGIO4Zh,338000
spotify:track:4iYRa2btalAzPZoSYfROqF,254200
spotify:track:4bcMsXF12DIVhaCpcs9K6U,199122
spotify:track:0bV0jAPUTN9xdVcW0nFos2,362093
spotify:track:6uW0PIRcyZLvkoonm763xD,219666
spotify:track:4XX1pFUkQOZTYp6Hb6a6Ae,229164
spotify:track:70JYDcGk3giqtHTs0a5Gyx,354733
spotify:track:6FBmHx1FuaSnTnnnaThgbF,287400
spotify:track:6dyxvpVG0QyTjiRWS4esTA,252400
spotify:track:0utlOiJy2weVl9WTkcEWHy,216520
spotify:track:0V14qqVDBdlvbS8Myou2vn,82397
spotify:track:7AD1bh1BMsojsTEMJqfURN,364585
spotify:track:5Nm4YGqbJGSLwN7mo4j7IE,209475
spotify:track:5lVDYVBrFroQbZnN2zeZX2,218026
spotify:track:7MK25nxsUmI9L7pTEO19W4,277373
spotify:track:6WYHJTCeO3kyRfRmQW9enw,259693
spotify:track:2gFvRmQiWg9fN9i74Q0aiw,225983
spotify:track:0rmGAIH9LNJewFw7nKzZnc,222706
spotify:track:5jhfa76FhqtD3Boij6MAKS,237807
spotify:track:0LTPPsp9xmM92ZT6pGvsrz,307386
spotify:track:6io3AG4PaHu5Ksx41r4zHw,178000
spotify:track:2a2VEHsDL9QQroBeO2KGC0,220200
spotify:track:5BgQb3f67Hnc9qTkL3wFc3,241066
spotify:track:0tgGNtJNQfD6I6F1DuqEoc,287159
spotify:track:0RYJnTy9kC4KreZKEGRDdd,160280
spotify:track:2ad23zCS3KMuCiVhsFdoVs,133053
spotify:track:1fVtXWaLht2ACju6yLRrRf,417240
spotify:track:2Gq636OOGgxCTqEuzCZhsa,160000
spotify:track:4f8Mh5wuWHOsfXtzjrJB3t,212013
spotify:track:3sPx5qKo178pOlAU2izE1i,172866
spotify:track:7rGqI0ZGTmnWiKpylL5Dcw,125600
spotify:track:6Uj1ctrBOjOas8xZXGqKk4,172626
spotify:track:0rlB9MM5FKeRnvJiWOVRYY,346506
spotify:track:1sCxVKWImDZSZKvG0U9B23,214647
spotify:track:51wFQM8W0YfXTmHusXUr5i,202653
spotify:track:5Az8KU81g2aLBbJN67F2CI,244693
spotify:track:0P7DoyGrr4Wp9w5TotEtUC,274493
spotify:track:18fr7t1FKDUiOg8DXxiZwL,241640
spotify:track:65r94rVdiMwqXyQFEr3tqT,212881
spotify:track:3lB0GMiI5KxDbTOG8V3bOx,253346
spotify:track:07JBuNqqO998jP1Zt0gp0l,281733
spotify:track:6i0V12jOa3mr6uu4WYhUBr,195920
spotify:track:4tjwSCrAGVif9JecvUFq0x,324422
spotify:track:3kYL4qisRMMWiaby6ewtf1,174915
spotify:track:01E0FRixFbsbB98fg4x6ev,698280
spotify:track:1pTeiezsVvWQeGXc4Kd3ib,63040
spotify:track:7aKPWgHj4qfiF5nnXcovwl,205166
spotify:track:3pMo77B4r1NwwIK78lO4xf,289654
spotify:track:5P29BFj3HVX4iEsK7lCa0t,349893
spotify:track:34X8sCTs81AWXD8hhbTZVn,172690
spotify:track:4lq31N4E4eWqVMZv93sbhJ,243293
spotify:track:0RHazYjaRGLIYPvn6mtRWY,194181
spotify:track:34MoKBRdC9JDjcL4b4X1Ic,246973
spotify:track:3NQHzcvs6Eb3eNspR3HXBh,206040
spotify:track:1P54tVkiHPUtl5Ntt1jaBI,193756
spotify:track:7g0sWXrygkH9Jix9xoQ1Mf,60745
spotify:track:6eMUX2F0DsESGThHTZ2wG5,235133
spotify:track:1k2VJbQqwLA1SKtUShXBBH,167571
spotify:track:5tFAwDNw4K6KYKCWtta7pe,156910
spotify:track:2m2cV1O4bIhDz44NlGBCWm,229841
spotify:track:0CK1XbEwqBkR49QnZ8SHyn,105293
spotify:track:0jePqZlutXGa8xz6NNyKAy,217373
spotify:track:1OxL1FWSEd7QmJoWLRP2NO,181509
spotify:track:0oX75M5oIgft6yF9F8ror7,157333
spotify:track:7AOhUY89PYUxswAQax48ZB,274093
spotify:track:62LJFaYihsdVrrkgUOJC05,226240
spotify:track:6KpGyJIyA75C0XyAkIcpZn,193132
spotify:track:6Pgkp4qUoTmJIPn7ReaGxL,181672
spotify:track:42ydLwx4i5V49RXHOozJZq,230226
spotify:track:3VDRXEOQDjBsQyzbFs1qGa,276893
spotify:track:7ptv3yXdBWwzO7rVA62rwy,172670
spotify:track:1wrT33b6HuKlpk9ziscEUY,283493
spotify:track:0cG9ocYqYOIVtgiWTmTe3g,295373
spotify:track:6r7FXNO57mlZCBY6PXcZZT,326887
spotify:track:0lPXFrKyl8HkdQ2E6NmNja,204173
spotify:track:45Ia1U4KtIjAPPU7Wv1Sea,211933
spotify:track:4Dvkj6JhhA12EX05fT7y2e,167303
spotify:track:0hSKd5ygOftNq1hmAMFBW8,277293
spotify:track:1q9jq5X5vwmewjOa2mHtQ1,180934
spotify:track:2qwGNZ1cLhF5i1r73jXjiO,260858
spotify:track:5RubKOuDoPn5Kj5TLVxSxY,130013
spotify:track:3bArFoDq6YzwFoz5kkG1D8,268200
spotify:track:69MW0kQ44PPTyMiqtb5iuJ,39266
spotify:track:6A8llSO9QFF4djCCmuCrNu,227880
spotify:track:0FDzzruyVECATHXKHFs9eJ,267866
spotify:track:3K8GvH8b1sF7XJPapM3YtC,273733
spotify:track:5dIx6x1PhqImwdKimgBJIR,395333
spotify:track:5BPVh15Wqx68dBRtf8NoG9,268200
spotify:track:2MnJoNVtf0pw7HUn3I1Tih,162253
spotify:track:1oFprMb1Z5ngadqfFeWgjZ,260466
spotify:track:4OMJGnvZfDvsePyCwRGO7X,185917
spotify:track:5uHzp7pDABZ7fmAWgrJdbF,171052
spotify:track:4xigPf2sigSPmuFH3qCelB,213706
spotify:track:0X5mtNbqxbiTYkwj0CQc2f,188306
spotify:track:5qrzhg9Fmu8Amg2uMhHfe5,337640
spotify:track:3z4LAyePFKp502yAK1plZT,107294
spotify:track:1ZCJuvgtyPZGLNWfHTpWeB,179047
spotify:track:1ozuMsJLTvFIMvlW7AWq95,241501
spotify:track:1zlclNkERGFrCxznXOgkD3,226186
spotify:track:2upjcGvuiTCGSaGPZZ2dtD,277173
spotify:track:6RtitJfjDEzHxFtxwhuIbh,175453
spotify:track:6bGYLwrxv3j5sTwN0TLBdq,152346
spotify:track:2EUBIv38m3Wp2uuiNO1W83,206266
spotify:track:5YLY2ydLdwqGt2pK4gcvqu,200213
spotify:track:2Asa5boIOZADugCzoy0lRS,140130
spotify:track:1ooxC9IBbVi6msUvXvycV3,261399
spotify:track:5DHQKZCOZhGNTbYBCekWx0,270453
spotify:track:54bFM56PmE4YLRnqpW6Tha,174321
spotify:track:6bI00brFpeprqCDqKouEJS,171337
spotify:track:39badcyKTjOtBvv4aywpfs,256959
spotify:track:0GxQ1A5L9xnMOytbP6eKBG,199849
spotify:track:3ZMIt1rkP7nFnqwlVDIPVa,268480
spotify:track:2df5CkXBJO7jTGXm54dFJy,203636
spotify:track:7gHFBNy0Qn86xGKJ9OdFTw,179373
spotify:track:029NqmIySn1kOY305AAhxT,313533
spotify:track:4tTzdneIuunKksESB71cws,232176
spotify:track:7d9aNPQ3idYpe9zjQHSLwQ,340075
spotify:track:1ysAvOdJgUjc6CqOQxepaz,224960
spotify:track:1crBMdfJtjvEkf1pslu5PE,210093
spotify:track:6fTxvdEyWl3zZg2XTWO4s8,156665
spotify:track:0CFtlafteObzOEuJdESQkb,249706
spotify:track:4N1c5rmWOzRmB9SMacr5wB,252200
spotify:track:3giA44zxPL9lXeYhzdcMpX,175866
spotify:track:1iArQTuOzxvrtniGmkyy92,290106
spotify:track:0kErPGykp7EJo7L5fx8YjB,219739
spotify:track:2IJk5fQC6Qiu2gRrCR2977,300226
spotify:track:0RX1lRc1r5GQLsWWbVccTj,198506
spotify:track:6jmTHeoWvBaSrwWttr8Xvu,236480
spotify:track:2POTQjCiCtUyUZFNQYlM7z,228173
spotify:track:4tU1GfEahdy2NKGviJJuM4,58933
spotify:track:6LLHwhhlnhnLBjcY3dc7GZ,343280
spotify:track:21j1PsCiTaO8ZW88UZrh3A,747325
spotify:track:6d4uxTsF44xXW6KWnp5pJh,191560
spotify:track:6Ro7YjjxBvRgG1KVQFc10w,367304
spotify:track:5nMkd5cq4JPZqAoQTXv8Wm,156481
spotify:track:5yyiFAYlTO7APkqso7UJYI,202457
spotify:track:2GVahxIzxivfRZc8lR39Ms,192668
spotify:track:6IA6qT22LlOMX4NjzVlNjZ,220394
spotify:track:3nH0k9gxjfBO5snZz76EDX,373173
spotify:track:2ocHIEjY9cZgRy3v4WHGhS,153326
spotify:track:7E2i5HMe2AYz7OzyBc0vM9,164000
spotify:track:03ksBSATYMX1491yJ3mqok,396626
spotify:track:3QHThjKGMW7y89xIEvB0J4,308800
spotify:track:3BwekigMK5Sy4xSEzczLIh,92500
spotify:track:2gNfxysfBRfl9Lvi9T3v6R,108546
spotify:track:3QFehvGrS4MmrAWW5Hqw3f,302800
spotify:track:6ZvsmvXknoN8uK2MSEGpwT,176568
spotify:track:6lbzLUoma85KVbQqBpvBrw,297440
spotify:track:0IedgQjjJ8Ad4B3UDQ5Lyn,279773
spotify:track:2CPqh63wRVscbceKcPxwvv,183414
spotify:track:47MY3jWjVQrVfZXIHbgFwW,119866
spotify:track:4lejz024CsCP6S5kPD6Upb,185068
spotify:track:4lGXmcamckp4IE9fmMjKsY,227906
spotify:track:4wVOKKEHUJxHCFFNUWDn0B,220487
spotify:track:2aoaTP39LTDPGHxSKj9OW5,235866
spotify:track:3jagJCUbdqhDSPuxP8cAqF,263226
spotify:track:5edBgVtRD0fvWk140Sl21T,257266
spotify:track:4vGQNeWAh2WKPYsqhp5wSg,243106
spotify:track:6yMGxqKj0218mFR5KqsMRq,219560
spotify:track:01bfHCsUTwydXCHP1VoLlI,191026
spotify:track:5Wx9xfNURyR3OaMNNlEk8j,245816
spotify:track:6exlZ2feJgEip3oaJ6uuuj,227928
spotify:track:4alHo6RGd0D3OUbTPExTHN,225626
spotify:track:7sapKrjDij2fpDVj0GxP66,257133
spotify:track:54WpJSyO81dpA40MKJHd0C,178620
spotify:track:69Ej1xrGjOcHvIMtMKxK0G,204600
spotify:track:5tyznRXlcIx0XlQ7S8iCMW,203626
spotify:track:6UkTcCaLN5BhP75ZgQh0Qs,261066
spotify:track:0igZAhUvrCLICcI9iRX6lo,230146
spotify:track:6ZOatDDSBGseqa7xrD2zeu,173531
spotify:track:1fiDe8sb2DMEU4JGPOIEB1,238362
spotify:track:1rGj0o77vbS4rCTqqtGZoH,91360
spotify:track:6KIS5YIZAyeiFNx1aE1OhY,270466
spotify:track:1NZs6n6hl8UuMaX0UC0YTz,351640
spotify:track:09OpntwPHuNICsyEt1ETpE,248973
spotify:track:0Ex5cmVTs8mBEDWtSfi8XM,187452
spotify:track:1g5osHp8wkyeQLz0BraMwL,289488
spotify:track:60kRDGKxEmfKbzw1LdktNc,372866
spotify:track:1zCRRFgpXlWPBVf0lHQGEI,183760
spotify:track:75ZvA4QfFiZvzhj2xkaWAh,223346
spotify:track:1QrHTp5iAAqjLAFQ14aEj1,107750
spotify:track:1vcmEqKQAHlnV2fcNdJjEt,297506
spotify:track:1msXkHv84LKikJGKcfdGBu,380497
spotify:track:4ySncWxaMZr4UpebQEPZ2m,167717
spotify:track:16cb7NuPz7j0BrQGXKo3zd,238773
spotify:track:1BY1Vd2Bt6JPOhMvsIwtVv,359733
spotify:track:0UKOuD790dW7MG7KSL36ti,334933
spotify:track:58k32my5lKofeZRtIvBDg9,172672
spotify:track:3OalxlWH0v14kyBcNBMINt,208733
spotify:track:37M3f5O3nMjnAGK2I5Qve3,726253
spotify:track:5OMM4LPgi7lQcocFWb7GBR,227453
spotify:track:1iqMrA8It4zXM4ms2EVr5g,268946
spotify:track:4rUunvFReMhGPFSlznb8LJ,271733
spotify:track:3TW48DvQ7ChwY1Yy1tkMaP,266560
spotify:track:6Qb7gtV6Q4MnUjSbkFcopl,217346
spotify:track:5x3dGnrug2oN9CGbKO4WDU,291280
spotify:track:2hNzhAJqtVIHlcTwmPJFf0,188110
spotify:track:3Q5cLvkKsHJvYltf8k7HkO,231618
spotify:track:6VTbbVjKOC2qWagIDbkJrC,215746
spotify:track:3HaE5D0wBDeyf38f5w4CLa,243840
spotify:track:7fPHfBCyKE3aVCBjE4DAvl,235653
spotify:track:0rzNMzZsubFcXSEh7dnem7,221093
spotify:track:0Xfo7PfltbOrAiBs0eSCTH,218506
spotify:track:3a8b6uo4vnQSJroGhaNhgG,148275
spotify:track:1TbuDl6GklIG7zy5fSiNni,183666
spotify:track:0GnSNtOfVCCQ5Wx9rzlWYV,295026
spotify:track:1n7xFAY4xoPeqRvrkzAtsw,173173
spotify:track:2QfiRTz5Yc8DdShCxG1tB2,161560
spotify:track:0Jl5bIEve3A4axcjY3EgDZ,250840
spotify:track:1mXK8Cog4ScFTqbdQAzXli,210606
spotify:track:4Fpsa3pYc3gozrxHRRPvR6,322000
spotify:track:10S1XKZuwy0CtJxN52EN3y,324551
spotify:track:2uuMXKKmdXrY2XxsqTsGp0,146746
spotify:track:3lynkOKoS6iINbzjMtNkpW,219813
spotify:track:5pkkKZbPEE0yuJR0p6MlRo,87745
spotify:track:0eEgMbSzOHmkOeVuNC3E0k,225773
spotify:track:2ygMBIctKIAfbEBcT9065L,213066
spotify:track:2csy9kJxDFhxAGEwHUBIzr,208426
spotify:track:3xQ254OSkFQBk1F69d3Gwc,205002
spotify:track:7FYkZkF9fog6WS818wJnhl,128266
spotify:track:4CZv4bLziFAXyyMZzQmv2s,242933
spotify:track:0ZmkjefPVLvloVSgtmRu5M,219200
spotify:track:22UDw8rSfLbUsaAGTXQ4Z8,284733
spotify:track:0yLdNVWF3Srea0uzk55zFn,200454
spotify:track:6h6jpIeK8bZvVwKT4edHYi,278204
spotify:track:7aGyRfJWtLqgJaZoG9lJhE,136838
spotify:track:0cJPLFrlV7TTCyPLupHzcH,511400
spotify:track:6VrBWh90BiwWmwKtvwWFcq,248826
spotify:track:4UZdlMYVg0olME7lTHMITS,274373
spotify:track:1s65HRPwZtSG5dBIBZ0dix,396626
spotify:track:1SzhA6XOtmLzkBfoZsEYXB,888000
spotify:track:7EXDfmnGVSA6tmFHldB6hv,101173
spotify:track:4smTDf8dKkZXxz66uv5w43,261466
spotify:track:1NAa5SLZgH2tXhQLWeXUUL,256676
spotify:track:1Qkh1nTmuupvuQONuVmiff,146181
spotify:track:7kYbxvrGXv8cmKjkqgqhrw,167674
spotify:track:1o0nAjgZwMDK9TI4TTUSNn,225665
spotify:track:1KSqYYJFyfTecXFk9M0prc,232786
spotify:track:522KZdvyEk9XHGlnQhdS1k,221910
spotify:track:4k6WZXbHUFEZR02X9FhOuT,174520
spotify:track:6a44RET0b0enJMb5PVQlr8,208693
spotify:track:2s1sdSqGcKxpPr5lCl7jAV,216120
spotify:track:4aWmUDTfIPGksMNLV2rQP2,228200
spotify:track:4jjJEsNPG6jYom7xguXQHC,228453
spotify:track:6RvRzl1YJTDnUvdOtV21IK,245560
spotify:track:2e2P8zydI5GtcaVhTkOYa9,216666
spotify:track:0fzgd6DgpsSYg5igdOUGJR,271000
spotify:track:0vKxcIyx1USl3cHykJRuHX,227840
spotify:track:6wr24yG2CWv8Xbp5smMkGS,184426
spotify:track:535rcofAUexzCqS9xHkVkv,223532
spotify:track:285ieonEuLkll3zknYK2TY,183533
spotify:track:2NsZDjg0pR9jFD5UiTxZUl,170250
spotify:track:4iJyoBOLtHqaGxP12qzhQI,198081
spotify:track:5C92m5JXcTQDphwsxiHfJX,181093
spotify:track:29he0Joo5sz2607A6ZBT6H,214093
spotify:track:573ZzAdwkuwfugbjyI6N6C,119293
spotify:track:3pyodt4pb554dMz8fCv7oi,218754
spotify:track:4VqPOruhp5EdPBeR92t6lQ,304840
spotify:track:3UrDYCWfY6fTsiA63NNL27,298093
spotify:track:0mmI8HaXjgzxrtKDmvAN7R,245173
spotify:track:3HwZWkSgeELMMII0gMxOVi,325653
spotify:track:1HibhNhwk2tljwC4BGGLXV,269333
spotify:track:65jrjEhWfAvysKfnojk1i0,161960
spotify:track:2FY9US9teZoPxktwRfEAPa,223361
spotify:track:0UtY0CNrsMq1ExfTdLoZ3x,186426
spotify:track:1SOTqkhpIWoLX1AS9Y2RpU,130612
spotify:track:11VApNQCWLJdzxWrlmwzUa,206220
spotify:track:01FktZ7VbCd1yDX33vkUdC,337386
spotify:track:7e0j6jReCfN5KJkDNLHyHQ,307626
spotify:track:08aT74j464iQCEMh85sL1l,235733
spotify:track:5UQBTbxRaVg4MzeEXDjKX7,219160
spotify:track:7E6IYKyvJ7dfYl3iTRmozl,209760
spotify:track:0qXP5fMhxGzxALOkXYUxfP,224520
spotify:track:6R5FVUNnMuhI7cQn28kDuP,270600
spotify:track:1xq2ApYq9WpvBfjv0p9tV9,308053
spotify:track:6F3VxUPgfcvDDpk2UxsJ5a,257573
spotify:track:6Rz80wUWSUbGGVHvkH7NpU,183890
spotify:track:51LGgA2Qu3KFf9t1dy1pOw,327600
spotify:track:7grgNctk9nq7MHc1hmCPEN,324480
spotify:track:3dOTLrWI8zVubqK8eAKyVa,207129
spotify:track:5PygHCDWEWN9B7DOxk481f,1019573
spotify:track:0ULXIAoxSZBcOwygC3PA0i,249000
spotify:track:7IoVZ7yynM2uKQOTR0s0Ua,108078
spotify:track:1kjnAj3eGMGusiMlmIRKvj,206173
spotify:track:68d6ZfyMUYURol2y15Ta2Y,645720
spotify:track:1eRqy8jW4ZLMJR6dl3xsgI,193893
spotify:track:3gpU0uqDonMBKEcJu4Rzsf,196998
spotify:track:37oaImGdDkQgIIUZDvFGdr,164300
spotify:track:601KiLiZtBJRTXBrTjeieP,233817
spotify:track:2sRFg7qcMwGPVEmBREeIja,256840
spotify:track:0Y4hwUppbGc8aIBmiTz30A,196552
spotify:track:1CAgWNDbR6lOgHa2JlkaRi,221348
spotify:track:4Ai0ANRDYwx6mCD4Uty1WS,203880
spotify:track:3QyB8F5ZhYoai6qjC3evt4,182013
spotify:track:60kXdgdz1PRqbNQIAEU6s9,167533
spotify:track:5nQiEhwdWUQrD2zEpg2YbI,184866
spotify:track:5kHiHWLcbsvTDtmHxBiaID,138842
spotify:track:5RBW30fFFVav2n0IqFj0fY,210773
spotify:track:1KTnaTJgCt0F3WwMNjL5T6,178834
spotify:track:2iWTHXaFtRSMhd5OLpYD7f,268893
spotify:track:31FWi8Z4i2Hnaoxm889wbs,165812
spotify:track:2rPbBONzBW14kNvVF9Qy7E,277533
spotify:track:03yY4Oq2DYAZtuA2LrArHC,281426
spotify:track:40nm9EIJxkoEUoNeF9TZZy,138229
spotify:track:2fYwXajnfsfp4APMSop4Uc,56173
spotify:track:5YHR8wBR5jXfGtP766NiAT,203105
spotify:track:0uIbS3hBnqjJ9cVG0XmMHr,182439
spotify:track:0TxMRiAvI1s0L821BJJWzx,241466
spotify:track:1F8Xb0s4xo9OpsNYWR8U6o,154720
spotify:track:42V7F468ieBbxKwaxBlpls,170693
spotify:track:73KcRbt40HtKVRioSG4vMP,266894
spotify:track:5UU5FbITNm5OunvHQdsKME,248000
spotify:track:0icidvfDmXmaS5vMQlIPF8,167042
spotify:track:450FSv8M9o6zfYHfvWdpJS,175609
spotify:track:5KgWXLYmWDXFmRiWAkYECD,174545
spotify:track:3YS9LsXzgK7cAtrOPkZawe,128880
spotify:track:5rGF3shNm1HUsYohxh1jkD,209814
spotify:track:4JGKZS7h4Qa16gOU3oNETV,271560
spotify:track:0BYD8TGSXsa2LbNfnJ5BRh,163000
spotify:track:2XU0oxnq2qxCpomAAuJY8K,209438
spotify:track:40YQDJrYZFIP24QVfUi9Ar,270680
spotify:track:1jAFNfpwOGw8jvEG6CBjdB,67626
spotify:track:04F42oEuKrRComYJfJuyVR,129240
spotify:track:0FHpUs8anxUWl3pMXMhmXj,286813
spotify:track:3Nxw6eeFpBwUbxVuSY6NC0,293732
spotify:track:4RflGBhUpxjrs2fMJD0QVX,233200
spotify:track:01M85JZm3JMyHrWzvkfO5X,148954
spotify:track:34DdiMOZFVqMHu0uJ2Vd8a,280173
spotify:track:2mjtPZJEuPaUn4YD2s0BC8,268213
spotify:track:70gbuMqwNBE2Y5rkQJE9By,212160
spotify:track:6maecoweUaj0a70V2slM2x,128345
spotify:track:2SwllFsHCxegPjCkUw2LI9,196453
spotify:track:1rIKgCH4H52lrvDcz50hS8,201122
spotify:track:0kquzTsZG4m9qmLJaPSY9U,253960
spotify:track:0bxcUgWlOURkU6lZt4zog0,318378
spotify:track:7AO0oQarj64OqvJe6DMudw,119889
spotify:track:4epGT7atan4jwOBVneXKKQ,241250
spotify:track:3VvA1wSxukMLsvXoXtlwWx,186133
spotify:track:56SnVQVuJuqnYA6rLdcg32,269880
spotify:track:5VarZFY00sO54HErJ3TPCI,230146
spotify:track:2Z5wXgysowvzl0nKGNGU0t,209386
spotify:track:3rhX0zbugBoUkTADNGGkj2,205466
spotify:track:2IqdaLqyxogjlaWa0vI4CO,127500
spotify:track:5nSUskJwcSRFS9dIqrVfrv,162244
spotify:track:0LoQuiekvzqx7n8flgEKzF,262613
spotify:track:14wPnCr1Z8CIHBVpnpcTVt,169693
spotify:track:3nRTjZW3LYfLcIHxpf8MEX,318800
spotify:track:7cMFjxhbXBpOlais7KMF3j,227866
spotify:track:0s3JGOUVkEBDSD4oBGUHSv,197493
spotify:track:3U4isOIWM3VvDubwSI3y7a,269560
spotify:track:5P5oru5iaMtaBdWzyPwb88,167906
spotify:track:4LOgi2TAAoKU9ImfzRrCPO,243360
spotify:track:4smXi4e9oFaDg8VmptZOSu,138461
spotify:track:4RtPruLRZbyirtJGqYHPQm,176727
spotify:track:3cw3Z7mS55gd3NUjh4k0bL,246306
spotify:track:5biyLW6RFOyajxQ6MzyoM4,262240
spotify:track:4z7qpJIh016sedB7oCOWrL,203893
spotify:track:3YOOWcLwujMc07Zloku0HA,262092
spotify:track:1nMcjRXgidsKzTgcnKO1M2,275093
spotify:track:3nYGWwvtwNM5OKR3meujcm,177053
spotify:track:11C7aIjyjob24pGzfbxobb,161290
spotify:track:7H1qlREWSW4MgamNSrgZbw,106586
spotify:track:6WUjz18yIeTGDR1E69WHtf,163706
spotify:track:4ttUYy7HMYQ0nhfllLJNPR,293746
spotify:track:6O2XEpgv50VOewT7slhcAw,109906
spotify:track:2olVm1lHicpveMAo4AUDRB,234333
spotify:track:2b4SSorCTQ2VzmllaeWuuT,227706
spotify:track:7Ezwtgfw7khBrpvaNPtMoT,191900
spotify:track:2nx3Gx5PEyDS9NHAvRmOiU,241360
spotify:track:3ROmYjCVAJeoqi5ozYFi6J,243452
spotify:track:0MHXrqn909p0LRTPsNsGEi,165789
spotify:track:3DR8bSMWkmSEn3vtyD31XR,199071
spotify:track:1uqGSvSc207Zlgi4sGr9RQ,308866
spotify:track:4FylEaO7ZcbRNLhRairniu,221826
spotify:track:09nZ9ZDWq1rTkmM3WjvMvF,134066
spotify:track:3MODES4TNtygekLl146Dxd,263333
spotify:track:3HH0DEGkDuUPDLug2Xa0Hr,374053
spotify:track:7gpSmyuBoLrnFOsgoJjpFi,173200
spotify:track:26xuPpQyR8pScKkQswGZ7B,155964
spotify:track:3QKJELWORZZ7rUZDWeMWSA,138013
spotify:track:5n7UorKbGXUZWzndI25cmp,266400
spotify:track:75ncCwXqalTnnl6t1ruQRq,174000
spotify:track:3lwNHGO5yJLNpHsMlvL9IF,235573
spotify:track:05j96TmQibUyoaUAlxMW81,160040
spotify:track:4lEVoOnIybtRqi4knZwdPZ,209952
spotify:track:2vTDA7mOYWtuduCylWfiFd,242760
spotify:track:0uTEaevJy8TUD8MgzuEOc5,156205
spotify:track:6cy3ki60hLwimwIje7tALf,221714
spotify:track:2AT8iROs4FQueDv2c8q2KE,201726
spotify:track:4zN21mbAuaD0WqtmaTZZeP,186661
spotify:track:0nbXyq5TXYPCO7pr3N8S4I,196652
spotify:track:6iVP8SnhHnFNy7WYrIw1JB,252818
spotify:track:2KNCPZQDalFIK3zZXlp6fd,225666
spotify:track:0VFKMaDnEAmi90P9dOwtyz,394026
spotify:track:3JbqwFY5q0ORO3siv5zL3A,183333
spotify:track:26egMh6SCmrRUYTmD3MZjc,156679
spotify:track:5W3cjX2J3tjhG8zb6u0qHn,226413
spotify:track:2p4FOWHHd2A6TBmTkdt1G0,522000
spotify:track:2srNZtipTzan2Y2JZCwCj5,193282
spotify:track:2yUEzYXAXQSTJIrYhWM2YS,273973
spotify:track:6SIrNxmmdbv1KUbFBu1PaN,231601
spotify:track:3WfSNAoj2D8C9noPSGZZFM,232211
spotify:track:0MBYW7CcBJmsY3HTP05VQg,238266
spotify:track:5dRfBz5ZXJc5gZJsNM04nn,172600
spotify:track:3uEu7hcvgrSOrgnMxzqugh,171960
spotify:track:1YIqazOPARc41ThBqS7a8F,181322
spotify:track:15kZDQoTtpkya2kG8ZPJoi,288571
spotify:track:40iJIUlhi6renaREYGeIDS,291175
spotify:track:0DNtDpmYq7iw7v2RbMdBAy,207531
spotify:track:4YEU9N2XAE0DfUwxWI5ijA,217146
spotify:track:0hhXziDUO0wNYPsstDQWN6,219604
spotify:track:42LkdR03b16tGNXw5orQZl,182600
spotify:track:603SVMNWO4gyUG2tmcmDfU,193280
spotify:track:4Pz6d9chtIKUQ628KWDZpR,315560
spotify:track:5A1bsHKWh4bFtVBfMdDOSk,230785
spotify:track:6i8ecOsx4J2Px1maiqzqoG,222733
spotify:track:5xC8uOesnn0udeXAYlAnoY,180880
spotify:track:6ccAXgG6HuweRLBXU3amQ5,272840
spotify:track:2Mz7HwloqFNdA6iZeZk5PJ,204240
spotify:track:2vAwpcT3V607tEib9booQZ,291493
spotify:track:7DqFbVWo3iioZKMYNQU395,118016
spotify:track:6L4fEE9awoUnSEy1bmQebb,236960
spotify:track:5y4761pjcksXs1hNsCmc4n,250400
spotify:track:4jVwWdl8GYpURRDRV0ZWMG,243104
spotify:track:4lhqb6JvbHId48OUJGwymk,255093
spotify:track:1mIw66U48qA1daRyXmzd9d,457891
spotify:track:0I3q5fE6wg7LIfHGngUTnV,270506
spotify:track:1mhVXWduD8ReDwusfaHNwU,334333
spotify:track:0hh6SdTCpJuGql8wq69nm9,114986
spotify:track:0C3PenkD2aq1IdDFkJcA0x,212866
spotify:track:0xxFisCrlitQsf8TCOwI1v,172646
spotify:track:6ZfXA2xakAvphXOSOJ3u1W,248586
spotify:track:6c9eHvNPci0RsK8Er0QI6v,211951
spotify:track:2clwOnKvcZ1mG5IOqXVTuz,300373
spotify:track:6KP15dlTRpJgM98psYINLe,169797
spotify:track:5DoLhdU27owX1NMrKLUbUl,260545
spotify:track:7HDOS7qOhBxmcsWTv29PSK,228280
spotify:track:6F9yAYUaNbUhdlQyt5uZ3b,257026
spotify:track:5GjPQ0eI7AgmOnADn1EO6Q,126533
spotify:track:46Ss23auH6pTkXQEchIDuD,150040
spotify:track:1JjktbRKjLJXfyTdCwegTm,258000
spotify:track:1JKh2bRSYxx04pBEmFM6Bt,269946
spotify:track:1qAn5FdJiog9J76fc0Gqwu,219906
spotify:track:5dR0d2a4czJTua7k1daBoz,208133
spotify:track:6OPZtIV3uoZQT1YkoiEQH9,226986
spotify:track:7rDi4fIeHSM3KAUYAKYMMN,228000
spotify:track:06ri3KmX1noEbR56tLQbZp,180506
spotify:track:1qRA5BS78u3gME0loMl9AA,153693
spotify:track:2uViGylyj39rq8G0pqyX9y,238173
spotify:track:1iDcKYNvo6gglrOG6lvnHL,377746
spotify:track:2ISPUUp4pzssWuR2Ic09vR,75333
spotify:track:5nCtCCB5i1OfbADvynNw0i,237664
spotify:track:28gKFaRNe013GtaKLtiHbH,283826
spotify:track:4VZXB1paIf867OlmQg89GU,271934
spotify:track:4AKYLQ6pvyqwv3PHJFwrog,251333
spotify:track:2b8fOow8UzyDFAE27YhOZM,189486
spotify:track:34OtxJIAJ7nCh8GQpV9kMd,208804
spotify:track:4Eckt6jkYUqG2maj1IRrsu,173244
spotify:track:4KfSdst7rW39C0sfhArdrz,261933
spotify:track:16WL3s4JszXh14ORSeGNAE,300613
spotify:track:6ftHPJyEHGqMaml3ZEwPm1,236426
spotify:track:44mkUovCUkI5Pbx5Zu27sg,234128
spotify:track:0J2p4KYdr6Mg4ET6JPlbe1,252853
spotify:track:7lQ8MOhq6IN2w8EYcFNSUk,290320
spotify:track:2duFPm9rvnojzCSkzhi4l6,227396
spotify:track:0Vl9aGb0dmeiCQ2ATgNK2B,159333
spotify:track:6gQUbFwwdYXlKdmqRoWKJe,265773
spotify:track:0B0EWRPZQqoegKo3D5bMLC,260866
spotify:track:0hCjoLB3jzDuyUBVKROzPI,266133
spotify:track:2Til97fBo9aqwyC1Q8VG1g,205600
spotify:track:2P2tl8JT698TJJ55ScKyku,162093
spotify:track:4Exknuth94DX8UKqaoxKoj,138946
spotify:track:1cXXhzPnbrXjNQYbLdUJdy,150200
spotify:track:65NTcXUtOb27NHKQ4fAcw0,210800
spotify:track:5wJ3WJ7lB2JkwZ6PcNzall,137049
spotify:track:46An5rnGjzodq0IJltXAuU,126413
spotify:track:7pFzuCKW91X6vYAoQx2A0x,167248
spotify:track:4nSOXAhk7BLou5LjjdvpP9,243480
spotify:track:6EpSiJhGpNzjhFM8jBsXVu,61468
spotify:track:6SOGMBFb8Bm2gjF5Hmq4Qn,224874
spotify:track:5VkN3EMfXUYXM9TJtb4CXl,435860
spotify:track:3JvKfv6T31zO0ini8iNItO,244360
spotify:track:5FjC0o2EGdlAMdc3hfeTMd,263396
spotify:track:7pt9UpYjDqpx7Ctcr0yeDS,137800
spotify:track:3gpgMfFAQDkVgcY1u76Ccx,213760
spotify:track:3op7HNwLli54MBjFGzIlZO,217404
spotify:track:21L1dVOTGhvAKvBXXnTIHj,30622
spotify:track:50H91sLfRgD5hYXg5gjtQo,150200
spotify:track:4jSSPIBpwdh1KpAYqZTJbC,254000
spotify:track:7E1ErYYCn0lYjHODZ1qGuB,948786
spotify:track:4OfESCGOUVZMuGvppCU51j,207066
spotify:track:7floNISpH8VF4z4459Qo18,126345
spotify:track:5dtgD8iB0N5dTUSlBua3u8,192493
spotify:track:0WaNRLE2lbXTAJ1mMkd8z6,145853
spotify:track:0W3TCDzYM7xFrZSaXnQvs4,134581
spotify:track:4FmCUATNIarCQh72JYdvnm,187040
spotify:track:5FX89IUKm9QJT9ymrmyK4k,192029
spotify:track:6EzSy7WxNCazx3csu7lxdV,219546
spotify:track:0HRmSc1gAuf3FDsogmndn6,217386
spotify:track:34gCuhDGsG4bRPIf9bb02f,281560
spotify:track:3VClLWqNn80Llv0PJOsKgr,217080
spotify:track:25XGKLBPKlaH6aGaHSyTNn,238426
spotify:track:17jEoYoOfRD6dvNCMmC9n4,196672
spotify:track:497WIWYi4SyX8p9Pe8voQS,185466
spotify:track:3aJBJ4DAfTknfkzbd0G9Um,295813
spotify:track:1DpthWlF7iOTKyYmCoiRTF,314320
spotify:track:5gkSbR9E0jDgv65XeT5v5R,233813
spotify:track:4TnjEaWOeW0eKTKIEvJyCa,159381
spotify:track:2KoHxhRyWxJzA0VafWd5Nk,179916
spotify:track:22VuXpW5Qp9dGjrkzzbEmr,219826
spotify:track:2bbwjxA68m9PHZFWgF1fze,182610
spotify:track:10cA6m379GINGe7ZF6g3q1,136806
spotify:track:0W5qBuHbbBfCzszFxrQWMc,171266
spotify:track:791IxyB6uOrIyEThsgM59U,208320
spotify:track:2vvdTrdryjsl8DmPIMDWZU,214520
spotify:track:3c3XJ9P1BjOtmNXKvdVyHK,206066
spotify:track:0LKU0dIedse9oAb2lp03EX,166080
spotify:track:6yTWD1RLVTcPZVTwXrHC4H,216218
spotify:track:558DB0S2SXZJfCKLX9x3fS,362733
spotify:track:5UWwZ5lm5PKu6eKsHAGxOk,250546
spotify:track:0Wh99eifNTNqDFRtzWhCE2,256560
spotify:track:4lJ6YVXQ0jUk5ILu0PSrA4,214080
spotify:track:7uX3gufAoBVqKVoD3dBLLD,179015
spotify:track:7Dj5qxfo9DmBCPMUYZFLxE,202666
spotify:track:5ycQatSgvV36zWAG5EqyWn,248933
spotify:track:5fK0Q3j2iUcQtiRDXlPW0K,211817
spotify:track:2vOLFdPlkZR5HLtG14eZnI,168440
spotify:track:4eBCTzBsSjYgrLH5clQf2x,349280
spotify:track:6TIU9Ehmi6dMzZK73Ym4yj,247106
spotify:track:4oH5EzxHxhte4YceEkNPNo,219473
spotify:track:6UBjSnyP1O5W5ndJoO9vUk,324422
spotify:track:6gJlhoxLX6YGf2PsmIGdWl,242760
spotify:track:4WJNMSihHL8e4hs9SkBq9C,166706
spotify:track:1gkn90ExKRNAOlhDs4RoW0,429973
spotify:track:5AKIqJbeNNVu2j2GGJ2jbs,302720
spotify:track:7gwwt1IaAWwmB7af0AcuBM,212406
spotify:track:5uD4fcXch2qE5LYeyDipA1,142410
spotify:track:2aQHcpFfrUoTc9CtxPGotZ,247010
spotify:track:5FYSMHOBKBIwypVyJw3lsf,124598
spotify:track:5wNZtFOmq64IAq7tKkIv8d,200266
spotify:track:7fBv7CLKzipRk6EC6TWHOB,242253
spotify:track:6cuQsekkJ92W3bXwObcUth,231826
spotify:track:2RtnoUsvJg3wMgMeEhG6fr,215600
spotify:track:1l1YTy9nJ0trwhsCGcimly,190058
spotify:track:1Rsz7swxLNpavCmCg9Gwug,225186
spotify:track:6PtIXICwmoxCgLjw2zApDs,220538
spotify:track:7tamubsvZAPYY2YrU7xyVl,220470
spotify:track:28mbjeJVctbEkbLsxtWBYG,129066
spotify:track:3TMvz08PqjPCVzINmbK06s,141506
spotify:track:5UiT4e4DHwZrcVIXojU5um,188039
spotify:track:0PyWKgNmGiYTFe6MXN5U4K,222360
spotify:track:4u9f8hqstB7iITDJNzKhQx,198706
spotify:track:0LX3DnrnDI7dkiKsfWbgj5,179040
spotify:track:5mh9HEpSuOl0ahjsPdoEZ2,335032
spotify:track:2goLsvvODILDzeeiT4dAoR,239026
spotify:track:4ohps6RKcqCWMfK8GFcYE5,275706
spotify:track:53KH5aEFGi0PMlwAvpCT5t,125027
spotify:track:2mIrfke7vosXAEWfz6ucyo,208266
spotify:track:4FapqmBF1lcrZf98FHfr1O,281493
spotify:track:3yEPbndiOIRsH4FA2dBrTH,244904
spotify:track:5cY8y2XgOfkAh4kSWLFKkz,185586
spotify:track:5fc7u1TuL53FPkhr7g0yK4,224960
spotify:track:0SFPtB9dEuvMNAehjjmAE3,207777
spotify:track:39Uy8JIX1MsL8qV2kfxjwO,411693
spotify:track:3EvG9DpfqplKE1tgnqEoCh,171939
spotify:track:50c90QkLEHoUknqxwUrPls,207040
spotify:track:5lWSa1rmuSL6OBPOnkAqoa,220666
spotify:track:7zoQhAYWNKRyARI7xPnJW1,250749
spotify:track:4w8niZpiMy6qz1mntFA5uM,212500
spotify:track:1UI0l2L66HJ9AtoEOlHzv4,245066
spotify:track:7sFYVcKSb24qg0dAkqLEFj,151400
spotify:track:3AYcyxEACnmE6d96RPubID,235613
spotify:track:5LRSzLW5nw0j1tglHlNOHp,167053
spotify:track:2bfXIY8f38PYFStQRDVEPS,313106
spotify:track:2w5oAUNGeqZ70CW8lw39xk,240483
spotify:track:7LbfuQVct78YoghmoPtsQ8,265067
spotify:track:4K16RdghGJ79g9UlbgEpIy,160560
spotify:track:5hYTyyh2odQKphUbMqc5gN,175517
spotify:track:4fFxkU9C7prSviiYtvlV8V,215733
spotify:track:1KRnYEDkU2qkZfdTKGXOMd,221520
spotify:track:7pgTTUqYd3BOOs01LffcBT,225173
spotify:track:0g31yfQdoNIeOznZRBfaWP,196706
spotify:track:2k7VTgCWttkVQs4oJGd4DW,272040
spotify:track:73oXwjjKdg5itO3dgpIl1h,145466
spotify:track:6jEZLz3YpnEBRpVkv35AmP,192600
spotify:track:7uvaAkNt835m6iPWoWc703,756133
spotify:track:4nurwYAqPASTUzhoumpvi2,268786
spotify:track:6UZqzprpRF4X7cG6S9FSTA,318261
spotify:track:1mjHyr9e7uP0QisX3y7a6T,123093
spotify:track:4Iyo50UoYhuuYORMLrGDci,318186
spotify:track:0InFikIQwLyFjk0oBVYqS7,102474
spotify:track:426eL4gFMqgtu3hulUEMFs,158240
spotify:track:6YdueMw0uSDFj62Ly4Oegp,815160
spotify:track:1BZKg63WffTZDtTqc3hdbS,325122
spotify:track:0Qh7NOFNMZAd7TK2wlde99,211761
spotify:track:5MXXbGYNmRHR7ULMvZYo5R,289266
spotify:track:1tlzqnqw4LBTQilphq8tuz,212528
spotify:track:60qMYYZrgQ9ugeP78CCtVk,226067
spotify:track:3ZLRQgkLV8DjyLQhYCbMn0,251600
spotify:track:57x0IGrEHEdoy5QMBlcitJ,154065
spotify:track:45EaIq9lKyoQxxTjFkiGbl,193560
spotify:track:4NSZXO11Me867dx0RQ7vnv,211760
spotify:track:1UQR4BdfIjKiljYq54imZx,82626
spotify:track:1diS6nkxMQc3wwC4G1j0bh,165506
spotify:track:4BLUUWg6rVjW062tTBpDVI,216520
spotify:track:0vg4WnUWvze6pBOJDTq99k,209493
spotify:track:683b4ikwa62JevCjwrmfg6,274040
spotify:track:6ewMpZ67VVndT6RiQfhjPp,185364
spotify:track:7tzxJBTk35iJREdh8LkWOm,309880
spotify:track:2xLPl4ZbEHwk1veAgXgIpt,277130
spotify:track:7G8ui29Y8betGzDM2d2Xvk,182000
spotify:track:7zEhsKNj7fxOq6I4q5FHiE,262373
spotify:track:2FqqVHvC4eKrsk97vpMRid,155133
spotify:track:1kl0Vn0FO4bbdrTbHw4IaQ,217186
spotify:track:6OnYQKTc5fbSGbIpaH4KxL,192846
spotify:track:2WkHXAVVMgRnBmQ3HYAVla,263920
spotify:track:1aCMg6cmE6wPaIl719QuE8,305199
spotify:track:3uP1USIwwDpOA8uw0LjY2P,319393
spotify:track:2FlcxnvybdwpaMmMhaRtSN,183290
spotify:track:01iyCAUm8EvOFqVWYJ3dVX,230400
spotify:track:15YDmHGqqTIrO2db1wDqYN,221621
spotify:track:0olaaJrCBTMJJvqPdvNpsx,290767
spotify:track:2Oycxb8QbPkpHTo8ZrmG0B,169333
spotify:track:0mCVNGC4Vvb6gDDQrDpaRh,317293
spotify:track:1vxw6aYJls2oq3gW0DujAo,177933
spotify:track:4EZz8Byhbjk0tOKFJlCgPB,209893
spotify:track:7IRuf7FrdQvOGs0g9mSNGr,254069
spotify:track:76N7FdzCI9OsiUnzJVLY2m,221426
spotify:track:0sIbNWvmQCgnhdpZHe0m7u,161346
spotify:track:2IVsRhKrx8hlQBOWy4qebo,216880
spotify:track:7HAKvufAePvt5x1u0lZjeR,255723
spotify:track:1UjyF6okUHhnVxaLV8ojsA,253520
spotify:track:3A0Nm2OfhpzBnk9S8f3kIX,237213
spotify:track:2uzyiRdvfNI5WxUiItv1y9,402866
spotify:track:7CqleiaEqHVazV19P532X9,221320
spotify:track:0tMSssfxAL2oV8Vri0mFHE,242652
spotify:track:7AynK0ajks63ph3fiUPAfm,227466
spotify:track:0UPLR6uenfxF1sonHICT8X,177906
spotify:track:2xDHUsWEsH33sKbFqDZPFj,240200
spotify:track:4CZXfVRMUleTRBs6L2A8RL,246160
spotify:track:6hDegaGv8VwBoMhGqoPfxR,218106
spotify:track:0Y8kxAuBh8Oc8n6cyDTQ8Q,291133
spotify:track:5aLELbBB0Pa7TlGJJyBJo9,252946
spotify:track:0G3uQxxQxp08QHIMxKfEgO,151404
spotify:track:2BTvetSjuhWKaKyb1zgkvH,294906
spotify:track:3wT6QL2H5CIx6yvWC1McQp,186400
spotify:track:5ajVHIX0J3vyUmPhqCBx9U,203440
spotify:track:6r9zwDnLXcLWcNgx9SDy3Y,188764
spotify:track:3OpKgmwd2dSYS9mVbfQdG2,208200
spotify:track:1YaGoZZEzt40MvThA1ekan,193003
spotify:track:43jBqV3j3Xi1g6wO0bhIMd,193181
spotify:track:6W1BLmVBxkqZwFQcORQLnv,336933
spotify:track:39omrgA6koXAzZsajitFbm,266086
spotify:track:189GwT4G33hniLGF8ZhmWw,192119
spotify:track:2kP1ujXHn0mNqFbiT3zob8,216176
spotify:track:08Wc3X7XNSyF8WYBPt2L8E,169693
spotify:track:7fLTytvnvxy653VWxflTRf,279360
spotify:track:1nYeVF5vIBxMxfPoL0SIWg,208505
spotify:track:0oHMsEtxN7G9ru6wIsJ5oO,277626
spotify:track:0uPkCpuoERqrkBL06Art50,295240
spotify:track:56RHRxBAMWgGaHBCGxvVbW,245986
spotify:track:5b88tNINg4Q4nrRbrCXUmg,232720
spotify:track:2Vim06YsRb4uJRpbeq6NR6,266840
spotify:track:40NZobC8kyAi9RgVYS0Bn9,263933
spotify:track:6hhRhOIkpUIu1CFNNJfsnt,128932
spotify:track:1i5gQ9q9NA42pvRZscaZaG,158000
spotify:track:5vsMTYFLTKFa35jmE3bIV6,257253
spotify:track:5ZJWdVFtOzi5PDMwUdarmI,161280
spotify:track:49fecVFD7InKQVPDTAHGxK,139800
spotify:track:2FBUoWkIuQXwayw2RNo5l6,267066
spotify:track:6kex4EBAj0WHXDKZMEJaaF,216408
spotify:track:37YWwmlRl1GonSwjRuOiEq,370986
spotify:track:1ko2lVN0vKGUl9zrU0qSlT,438493
spotify:track:3GaGWoU1KfVqgl7vnRHP55,153960
spotify:track:2sU72iYtAADBnkHdwSmYti,235226
spotify:track:7nZmah2llfvLDiUjm0kiyz,189466
spotify:track:3ao7thlAYIVPJw3e1u51PE,261066
spotify:track:2QWV6LlwgXF0ZIcg4VxkUh,130098
spotify:track:1r299qCKBLgUS9XJ9m1kEx,202640
spotify:track:0YPXkQthLWrhNGoKTbwCJ8,278626
spotify:track:7D6KI3vUblWWhXgyPNMHVe,155387
spotify:track:4GAhAw0RCzNVP976NRMOqO,161360
spotify:track:3OLLurynfCXVLXmsrLqecC,216000
spotify:track:4UOt0ObZ4Oqi7LSU1Gzzkq,153120
spotify:track:17S4XrLvF5jlGvGCJHgF51,242106
spotify:track:6fAADiK2jnjdm5QRI7hSYc,239853
spotify:track:4Qa0qkS8ENgVxSunKyB0ib,346133
spotify:track:4gvrJnKCKIPiacNsWVQwEU,188368
spotify:track:5K09WxKdlkroDyEVyOSySy,165333
spotify:track:4NOZ35Dhucr6UlVyLOtktd,246053
spotify:track:07dMgF79qMQLXIJn4Oa31A,206093
spotify:track:241bD3HXJCfaltbLpyCOkH,202552
spotify:track:2Sc2fikZMUod9wXnwTTzFx,141600
spotify:track:2WgoP4y31gKIifZ6RDpJvJ,165093
spotify:track:2VLwcTEAT3oytBlWR7Hq9z,178808
spotify:track:4FxumkF81ICxITeqxx4nK9,206270
spotify:track:5plxNg9DXwKRqlD969WYjX,167205
spotify:track:0Otf1ZfYNIjhqFIuJk0fsy,193866
spotify:track:7wMq5n8mYSKlQIGECKUgTX,202533
spotify:track:54l7a6Nt13d6m0EnKOnm4U,255720
spotify:track:3weWxbl50a933TorZ3wx9r,129280
spotify:track:0dsViRiDTIuexAL42Nc1Kh,156197
spotify:track:6wyThJ0Sa5CHXnGK4Xg7QB,157812
spotify:track:2oiMNaVCul7qmMzpRStjCg,286320
spotify:track:0NtvtG6ViV6t7NlMh6JVtz,402200
spotify:track:61Hl37BKbYcSelJ3Sd8oU0,366266
spotify:track:2cn8rNlgnQOJoqWqXRvWQu,215752
spotify:track:2qT1uLXPVPzGgFOx4jtEuo,205920
spotify:track:72p3zTBbRGM9oLBeDupNqR,82840
spotify:track:4pZ32dvFXW0PZD6ojA4Vri,178291
spotify:track:6tu2FHuKL9C8pwNrityweQ,225080
spotify:track:2g2GdzaXNjsEnlJmjnAgYH,220982
spotify:track:5sNESr6pQfIhL3krM8CtZn,205733
spotify:track:1L9ybuuZdLY3biLEgfN4zB,320760
spotify:track:5J3Mf6dyqeGy67yuQ7ql9B,82397
spotify:track:3GmNTDbkK0DiZCRFVOwJAk,202408
spotify:track:3wprLJCiuEe0P9HrvlVbE9,216826
spotify:track:2rR6GBiy34I8ghxTccYUpk,166410
spotify:track:3oQBfDHP8C6TLV75Bc1ULr,219293
spotify:track:58KCe2r2GuXpqitlVSp3Il,334880
spotify:track:0PgZvzLzdbwJC0a0UZvZle,157418
spotify:track:5S4PZ7AuYlYiVIVik3wHUf,146005
spotify:track:2BzAGK3lEZAQz5cU0Ae1wd,158601
spotify:track:5LKkteRQ1wWv7XCIEA5F2q,197217
spotify:track:3FlSyheHttoFTqcN7Hhif8,187973
spotify:track:70qaYolYp1FuKqdRKDMdNd,322213
spotify:track:5mb3e18hyqxyyMLbYXy39e,250600
spotify:track:1b6KCNUhNs5XMWerWnI7bZ,117016
spotify:track:6TrZ8mGusevBllV2kpDLxV,102093
spotify:track:19WKGmbQas2P96TzAOldOS,259618
spotify:track:7xTPSVMwbf4UyLwMKbRlwM,489448
spotify:track:3oh3k9Mmrn3grtXMPWtt5w,127164
spotify:track:6iBq6XeCnfLQwUCWzKlsWi,218973
spotify:track:6pHCJmx9FXnMwEqB0LWUEH,259440
spotify:track:2wME1HPxLnQBJAikvZoE7q,197506
spotify:track:7HjipY3Vy2HAN11D2juKHT,171973
spotify:track:6lrh9jZ1xoMwoErgPSj2rY,351266
spotify:track:4SSnFejRGlZikf02HLewEF,193143
spotify:track:4Kzk0koKwzCMiIx4rAqCZp,165759
spotify:track:0JuSGEldfovcc8IS9va1wa,242400
spotify:track:1bdnIyWyMKKPHnX7SI8aW5,149266
spotify:track:55TYdavMK951y7WHfYpGmK,120006
spotify:track:0BDXJ5EZauAOFbnnTTYod0,250730
spotify:track:1UPyhGntpIx9jGJ5UVtKVS,189375
spotify:track:45WkcBtgPS8xulUwEg63X1,214706
spotify:track:6wfK1R6FoLpmUA9lk5ll4T,154160
spotify:track:2obYlOGofygYwoQLjvQJz8,294986
spotify:track:1z7bAhwYhVWgokyjocxn43,195146
spotify:track:4P1ss9omKdq26iWHK9Ev62,196680
spotify:track:3xMQOd1C3TXsjQ3pmzOmkC,410186
spotify:track:2NQPjHQ3VIDP97Q3lciKIQ,75400
spotify:track:2NM0qHzx4Ohy8iXHEEgwlO,278191
spotify:track:0fGdFQpbiOEVicfILQrtIV,241826
spotify:track:1lk1AQ4NL2F5INzLcCWa1u,219440
spotify:track:2q6YXRcGHRM25TPrNfhRfH,305000
spotify:track:7wCmS9TTVUcIhRalDYFgPy,234973
spotify:track:4eE0qw6dWYV3hEBORcQnLC,180415
spotify:track:1x7Ipvv9SLExxCo94vzLWP,208866
spotify:track:3hxEr4b6w3wyI18x1AbVs5,179506
spotify:track:6sdmgx6xwLYWu1qqBvhWEG,252958
spotify:track:6onJ9L9XvgDuXJab5LtQTI,167237
spotify:track:7em1pV18G2tClxSrVGdeec,378096
spotify:track:5I9sHwLDX28tLtzVgKLtpr,164546
spotify:track:2O7w0qgKXSLBg0mKV0XfOt,195986
spotify:track:0LpZy8WZPTtyHHzqlsYjDq,219929
spotify:track:3QJnjJH53Ocg22MaLutrgJ,231333
spotify:track:3Wrjm47oTz2sjIgck11l5e,211560
spotify:track:0kUUX7FklcEBqjdpCFKoVU,163561
spotify:track:07aAviYHmmianooIQN2JWq,135906
spotify:track:2CxXqVDtLzXMiB5yxAmsId,145242
spotify:track:1qHmHkMJ1DvgSkB28s2a8F,307880
spotify:track:57Xjny5yNzAcsxnusKmAfA,219826
spotify:track:7pYVIpuFrH2cDMseplG8Jn,277346
spotify:track:0mDYDLR1KToBR4plxAj4O4,190224
spotify:track:1Jmqubf9kGkWeYQXQKImL5,130173
spotify:track:5MIi3HfMBwCYIXMfvg8FVa,114480
spotify:track:4uycp1e5Xs37axn2vL9buC,73802
spotify:track:0XNVo38mZc3jP2Gj3uRPhI,214533
spotify:track:5w5qlaujBlgCnKIvkhxGZv,152533
spotify:track:20QRXRV7wUFOIgBQCGnUy3,236400
spotify:track:6FNAlo5u9LaCNPoHaCQhM2,173440
spotify:track:5B3kUEYyQeQFLhkKuH6jFF,417760
spotify:track:1dTRCTjb4WLBUYVH0kXYdC,163858
spotify:track:0HoaLXRp7jJtdQFunUyUGc,302400
spotify:track:580t2NTEMOuCHV1sN3uhyD,231826
spotify:track:5BkHXfc2s8tRf72DX3dadK,238040
spotify:track:3YelntUJuFb94u4VDS4EPc,189509
spotify:track:5aXacxWAOHOZjH2uxMJ0q0,308666
spotify:track:33In6oEvWfEZv8vNOT3QIW,121237
spotify:track:494uOK9gF9ZoI8lW9FkXfk,186093
spotify:track:1c5CllrZr45UBhWpIqM332,116630
spotify:track:6pWgRkpqVfxnj3WuIcJ7WP,126959
spotify:track:6b2oQwSGFkzsMtQruIWm2p,238640
spotify:track:7rE9wYXPgLqZsXVxn2JhU9,190640
spotify:track:7gT0nZPYYMhFIrAGZMJN15,202372
spotify:track:6SQLk9HSNketfgs2AyIiMs,362653
spotify:track:1xrIpksF4fArFD1G78gtvl,260026
spotify:track:2qTPEvJeijDPmmTbU5O5i5,230680
spotify:track:7pqVxvYvqMka8A92vUW9p9,160783
spotify:track:3tZbhEHEoNUWnijqMDuXmv,117874
spotify:track:3ZqoPVUvNGziAnOZ1lXETk,278973
spotify:track:7MsqZr6iZaYqezNXtgCmTF,290679
spotify:track:4EkNINvDLeGgIL4zYGsYPb,255213
spotify:track:18bH4uo8CFY2yVwHbjal6l,249800
spotify:track:4bb2UdCvi9LynD4rWvE06T,176600
spotify:track:6f3Slt0GbA2bPZlz0aIFXN,164000
spotify:track:4NlzIHsuRtQIvfypjURECj,197880
spotify:track:1BfR5GMOgW0peHkPxrwf11,234600
spotify:track:2uun7r1VosRzqTQZmffCu6,246026
spotify:track:4XMYsVnMNAf974nIYUz98R,125266
spotify:track:6iBnzic7nLl98CKPdM5ZII,218906
spotify:track:3iuDPdkt1l3L4MH1kPIuGc,312733
spotify:track:1jo3TwNGCXfNdB5uba3ZVv,253579
spotify:track:43Q1jBoHh3pQkh3Oy7TA1g,204988
spotify:track:4n77IVBkb6OprKsdX76Qbk,257515
spotify:track:4fixebDZAVToLbUCuEloa2,224400
spotify:track:6aBUnkXuCEQQHAlTokv9or,296146
spotify:track:1IWR45a70faZVTduyIRpG9,332493
spotify:track:0z5BHnl3alLvRpGR4iIRgu,231373
spotify:track:4ehkZtzPTbjsRULRfQSWYu,175432
spotify:track:33a2zTGZocgU9XVDDILHM3,202826
spotify:track:55qBw1900pZKfXJ6Q9A2Lc,227760
spotify:track:4ljodkPWnZJW7OtvbKr9MM,129373
spotify:track:5hhVpGIBlqAU5yJEOmrk5o,353720
spotify:track:74QsNphVZaWfzSfNRnsOBq,165170
spotify:track:6U0FIYXCQ3TGrk4tFpLrEA,204533
spotify:track:1tT1tIZAINzFZyjoPKtg7C,166933
spotify:track:4FuZofNMHdtsEdrsqwF3xR,200108
spotify:track:6pClsmWOdlx8XwSz93AEKf,247026
spotify:track:6Tqk92cgZ40qzMSpJ6mK3M,315773
spotify:track:0sSJHJo1rs2BSKsv8LX0to,144761
spotify:track:5Hk4Mpex0s2ndUpDQ5v2rU,248893
spotify:track:6GUq9y0Iy5QrAuPYxTrFp2,383513
spotify:track:0QmLrmOKoP4eo1o6mwzZmd,185438
spotify:track:4lLtanYk6tkMvooU0tWzG8,222091
spotify:track:0W1uTK6I97CbjFKAVtRGfK,259213
spotify:track:4BaEOfLHGeP9gw5ToeiY7a,187560
spotify:track:68qkDbsvprJRG5xw2R02dy,235746
spotify:track:54s6sdPuMjVtdB5d5KFzTC,196505
spotify:track:57LnIuJ7BbBTXW8u6MZU15,240920
spotify:track:4J0phvYcKa1Hr1EBwH0pu3,206933
spotify:track:4vtS9LgWyqUt1InXDcTqJn,229293
spotify:track:64qNBr9qKaMNzTzuzaQLpd,186864
spotify:track:0uqfVuRiMJMeenFk34VoOb,192706
spotify:track:2x0sv0ZnbAdt7g7t7vHDBe,327026
spotify:track:06SwHKAUATo6FNLFreCluO,105586
spotify:track:3XQY8kDjI8LARMIC9xkxQk,246386
spotify:track:701oRFDRzsz3WdhCFOtUJj,317438
spotify:track:0AxlHaQceaVwGXGCEfydF6,248573
spotify:track:3H7sv3Krffn15BufUuXzf3,425653
spotify:track:34b3a3Pz9Jlz0092LMyNAB,232600
spotify:track:4QtiVmuA88tPQiCOHZuQ5b,201526
spotify:track:1iB2QNCB8idFXULtjrngtV,184737
spotify:track:0DZkk6jRkexRCRYrkvC1D8,278093
spotify:track:308kjPoIVBzDNExO54sqAi,277160
spotify:track:6ne6deQnsyAQ0goycbfMqA,81360
spotify:track:1LGqJ3nvxpVXDWpEzq4DJD,181440
spotify:track:1XadOBWghF0LhMuXI4GJ6M,170309
spotify:track:2ldoyUu1SRf96pQ6G5n3gY,164866
spotify:track:1cqlBqJC2FL38DYTXgvQIW,244933
spotify:track:54GBh4TNwKdj77GjMLjLH9,207093
spotify:track:7MmVXDISr1AEsJTjNiAlMG,217226
spotify:track:4MGa3uO14yw16f8IPKnLZ6,281026
spotify:track:2hbA72TFulrNGTEBUMAnzG,281040
spotify:track:37y7iDayfwm3WXn5BiAoRk,173104
spotify:track:6nxQdXa1uAL0rY72wPZu89,210293
spotify:track:73AA7MGpI602u0T9SyL6uu,185714
spotify:track:4Q7uDmFtF2IRxFwAvuPXRn,205838
spotify:track:4q7TmlB1O6B4WlyuFfvR6T,212333
spotify:track:6kISMRfweKSvgHR0urMQFG,193146
spotify:track:4Yu2UoU9qNlYL9GeIH65P5,182160
spotify:track:3dK54dSsNcIUcYKzNh5FgI,196866
spotify:track:2Cir0hXicvjgjTFzCEJPG8,203854
spotify:track:3PNOYDruQplC92lNc7mE9W,211080
spotify:track:4bNa2MHnPB7zckROAHh8mR,159746
spotify:track:1ntmYvp0QXyTgNYfktWVnh,156520
spotify:track:6og0RD1Xq1Ya7BOt0TxHz6,60942
spotify:track:79MSEdtXuudhGhC5AtG07g,99213
spotify:track:1Z82Fapx508VSDzoj3aU0k,333133
spotify:track:2kKP6f4FdVxOHvUG8ctLKY,333106
spotify:track:6swPSes7JPneC4hwx5fdDf,212906
spotify:track:5lIv2UqGojyfDDQviYKCO4,254537
spotify:track:3oyf4dalm17kzTE8LJDbgR,312000
spotify:track:4IJovoHQkKgwmH9SzAKcB8,272960
spotify:track:4WiQA1AGWHFvaxBU6bHghs,151324
spotify:track:6PGoSes0D9eUDeeAafB2As,213400
spotify:track:7MXctppZ1i8H2XxLe6LXKj,165052
spotify:track:2THkQauDWMvJgXFGPY4iKB,197973
spotify:track:33F4IHQ2JcXWSDXNA9b4tK,242319
spotify:track:5qHYXcVvc9xsFB2uH7GpMN,217692
spotify:track:1rjnHhnDtoboZAXJyJgzaz,177553
spotify:track:1ue7zm5TVVvmoQV8lK6K2H,219428
spotify:track:7vgTNTaEz3CsBZ1N4YQalM,271386
spotify:track:4cVHMHgmWgudD399ZdhQ3L,247600
spotify:track:5WHzAAzTRz0wTcZHpC38JK,138026
spotify:track:4UJ1AKSbXAbPlPVFe66wK7,217760
spotify:track:2r77vqSZkOktTSgmAOoHsV,221214
spotify:track:6r7phAWjhQ34OOBSASkUv6,357893
spotify:track:4n0MBJuHpZ9dnD1BtsOIxB,176629
spotify:track:3cuW0sgJND4ZkdN1m7m7Gg,184636
spotify:track:33CTDLhlEupx5Md3KU5Rdr,70070
spotify:track:4upoD8pOuoKN4bJKiKzptS,204626
spotify:track:2izvld81knjp0VaqQzaYID,167619
spotify:track:2R7858bg0GHuBBxjTyOL7N,302600
spotify:track:2txVWU6tG6NdEyTnm1P1WQ,67880
spotify:track:02ePjHjIiszSYqeLykvpTN,220920
spotify:track:3aEJMh1cXKEjgh52claxQp,223760
spotify:track:0KTja597ZMQUsQuUljoCX4,130720
spotify:track:7nKInY8Ahul1UVJT0UYYfk,182533
spotify:track:1g4aaEkMBWqTWEPIy60LvW,163809
spotify:track:2xN6A2Ru5r7gOL8ECeSExi,229715
spotify:track:0Rz1KXsP4bhGxs0ffySSSn,263826
spotify:track:3qbqWUDl9j09PeBaQ6CZgr,222258
spotify:track:2ygfHXyt3gvyhvKrNJU61n,224549
spotify:track:4KAZuTL234Q5CIRW5nhVbi,180937
spotify:track:4zYHsmc2V9RyR8eOA0mlx6,201272
spotify:track:1X1vW0xDpkOS35ZxcPqLv6,266217
spotify:track:20pJKlNIU3J1CrvhBr1kQ8,336149
spotify:track:4eH2CirfJ3Z5zln4xKLnEf,488680
spotify:track:5MT96Zz0ymUJNm8obKZQr0,257327
spotify:track:7K4ILOybyllMESx2URrKJK,242666
spotify:track:0HPD5WQqrq7wPWR7P7Dw1i,199693
spotify:track:5TdHTkOiLNT0aLHQBj0Alc,170173
spotify:track:3CeXl5AGvmRDP6RSGAbLUV,193400
spotify:track:5sPoju3oZHg9Wq5KXxBH3a,177206
spotify:track:7bfocP7GYoLOutUYpTI8tx,230826
spotify:track:01lewSOj9ZaXplh9TpNKL4,357026
spotify:track:6MhK1gPrgtgRedEjSUz18I,231133
spotify:track:3IAfUEeaXRX9s9UdKOJrFI,193805
spotify:track:0r6iyod0kJyXH0igY0DpAb,253800
spotify:track:0vNyzpMhFeoK09TimhwgQN,281613
spotify:track:7dQC53NiYOY9gKg3Qsu2Bs,243000
spotify:track:56jz6JfJcpY6NM3NdGafje,187733
spotify:track:6JSgHa8UZF1sRx57AodPf4,200000
spotify:track:7izBD6BO8NxNadqORqE0rO,535093
spotify:track:2ABSAMW7VzfI0yVrkdxTJG,214651
spotify:track:6Z5XZ8fjmWGbkdahOgreVe,137466
spotify:track:6syYp9BgY0Rab73NFuQRWG,150366
spotify:track:1yxBux8qTmKfHxFgQsBPVI,177464
spotify:track:1YHpvwQMonEo2hUmpj6aD0,266162
spotify:track:0ggJjxlYGGquJRLbuHkQzK,183602
spotify:track:4VGhcfORgiIg0gk4uV7rKM,137560
spotify:track:5rX6C5QVvvZB7XckETNych,297586
spotify:track:2jmPAcUIEMRjhdssVy79Vu,239897
spotify:track:7aCBZdR17fK5SSeZXWBtk3,178013
spotify:track:7vHshinTU8161w69EPbabY,351578
spotify:track:7iNIg7XDEaYECfWD5dJ9Va,189466
spotify:track:0rOfDS4AE5jAWkNVo3adEW,198040
spotify:track:2UyRCO4EonAfmIcHMneM1F,177750
spotify:track:5337BdskAAG3MYToonX7hq,210123
spotify:track:7ws9U1clOAmsZmc0LAQxFt,152933
spotify:track:7j6HOBg8OT1rRJBbpzHAVJ,164615
spotify:track:7w6PJe5KBPyvuRYxFkPssC,443240
spotify:track:44pBlSEASFjEdU3qEHhbFs,86739
spotify:track:2e78W1biaKWQf3F5qn0CG7,206173
spotify:track:1B7qSNRqIzxtHToq6fG0dt,157826
spotify:track:4dAUGcD3zfZhJPyLXFSAUW,192428
spotify:track:1k05duHMfJ9x6gqfj3zzwR,100093
spotify:track:1cTZMwcBJT0Ka3UJPXOeeN,210925
spotify:track:4bMZ60QNM6OEehI6b8RtS4,275893
spotify:track:7BRwN1pRe3sn653D4oPPSR,251960
spotify:track:7gHs73wELdeycvS48JfIos,212626
spotify:track:6hmtNel4OKlBpBcTO7ao3o,253773
spotify:track:59o6ojGNGJOYiVJSzC6Lsa,162992
spotify:track:6w7EejAq22cFNV5Yo4Vrlt,256255
spotify:track:3HXdy2r9RzawSwqQCwkjnP,173226
spotify:track:2ZTYlnhhV1UAReg7wIGolx,193795
spotify:track:322fx0gDLh68rI09LLVhht,236902
spotify:track:2PjATT0QzhCGOhFJglaO9w,178973
spotify:track:5nK7nAG9ig8NU60i73J15L,266690
spotify:track:08B2aVRIBL0Lm9Jck5BAVz,152066
spotify:track:4QTY7Kpd3hfY9NxAwPELwI,243600
spotify:track:15JINEqzVMv3SvJTAXAKED,263373
spotify:track:4unOsvr9C2NqI9aJXrxpCy,184250
spotify:track:5rKEC4enuOXJ37zx9OCz2G,246890
spotify:track:18asYwWugKjjsihZ0YvRxO,164818
spotify:track:3QWMEFpgmZZaZSUTPBzbOm,175906
spotify:track:13VEtVCYfLTVsq5STs3SlW,155867
spotify:track:5hixQFzlu1sabD6p3kiS7v,124281
spotify:track:48EjSdYh8wz2gBxxqzrsLe,250973
spotify:track:2gpQi3hbcUAcEG8m2dlgfB,178202
spotify:track:6j0T6VieddC77k8YZD1TCD,174857
spotify:track:4OURH8h9ylAU1aD4eSspiI,261733
spotify:track:799f6Ih1Pu4AUApMyXhxUc,192946
spotify:track:2O07FF1DMc1oRDlkIo33FC,251424
spotify:track:0Q2b6AxWV5tD117XktdQxl,221000
spotify:track:2aPTvyE09vUCRwVvj0I8WK,158205
spotify:track:2hPNuVVSV1tqiD2uPlfehz,321853
spotify:track:6uZtMNTfU5u8w6fsnXeOdb,248013
spotify:track:7JZ5mOTea5T4LH0UdwCsWx,146815
spotify:track:13tDqkfOj8lETcYTWcAoWu,146625
spotify:track:5GdeEPWOJ66ciNYjDl8bkx,264973
spotify:track:2WW5wZEUdesox3w7x3f1eE,97773
spotify:track:7ABLbnD53cQK00mhcaOUVG,197920
spotify:track:2SCHvVxxf591F0EsSNCsRK,304654
spotify:track:3f2k0XTc2ZXG17jEMDu8pp,220626
spotify:track:18UvJu8g9fmxYJRoddiBpl,232421
spotify:track:4GUzyWtooDC3cx30yeCyzk,182266
spotify:track:2zhfCGN6y15c4ArUHXi9g7,268853
spotify:track:3nIJi5VL4mQi4O1j7x8DB5,233653
spotify:track:35mvY5S1H3J2QZyna3TFe0,172324
spotify:track:03mMSLEJCPoGJwQhHpN5y0,197346
spotify:track:5xEM5hIgJ1jjgcEBfpkt2F,244506
spotify:track:6dMGbaiPX35uFCjjSuyeB0,151760
spotify:track:5erj647SYiDcIR8Zwi6tc9,184611
spotify:track:6EHGGXkOd5APGB3bxEqekX,93635
spotify:track:6sPOmDulFtLzfX25zICNrC,177533
spotify:track:4Ys8jQvZOISzmp34BsImRf,128198
spotify:track:1bUazU9SSOh02AdlOPeTvm,181894
spotify:track:6Uhmf736HHPm5i9wrNyZuR,246733
spotify:track:4vmERH5UYG1FLcR2sTBcjY,155512
spotify:track:5POcQCBI2uqf3a2179ch57,185080
spotify:track:2lCZaD1qX0I8z5YvswX909,238933
spotify:track:4nmne9J3YCEdhvjTzwiAgu,195866
spotify:track:6R1rMzfZjHXEaNORVeDLkW,228706
spotify:track:6jDx3MNG0yJdrvEBZohKBE,354626
spotify:track:5t3Vk8bRKylx4fjj7qlbib,176471
spotify:track:1yF2tJM1eeMlyTc1OoM48G,258173
spotify:track:6Dm2KfuPBa3eXOgHaT88r4,233626
spotify:track:4Du0v6mNyVjT3o2L3OsRVl,234683
spotify:track:6k2900NjJeVqZM55G3Danu,213988
spotify:track:4kutxqmGjpw472LhgGeHGC,124680
spotify:track:4NBTZtAt1F13VvlSKe6KTl,197946
spotify:track:20FZrLl9zSbO9b3DhaqO6M,252520
spotify:track:3ZXFQUAsYrxLvoP6vlBOvF,298032
spotify:track:1ij8r4wpJY12dKUVaXTqXA,178615
spotify:track:4WQJPsbGOdqe24mUVHa8xb,270733
spotify:track:7k52Mhew7PyFnqvlwa9rw3,141560
spotify:track:0MO8oukmPLqkJB1qxw5x8v,101360
spotify:track:43iC3dWHlMrBRwH9OlHFuj,204333
spotify:track:4uz6AXTY8ZoP2SzICAl36i,320000
spotify:track:3ASrlku9X40moDdtdoPDqb,167346
spotify:track:1m9Ho33kOmtYcpP7XoY7Vo,335560
spotify:track:6Agiwgwq5BtflpNynGYsUv,233693
spotify:track:25tYB1LmGP8eptIhtmXfgo,175693
spotify:track:5qlWsSCpHCZrpvbupaukRd,162253
spotify:track:3MFFDRC4wTN9JNGtzXsZlN,198466
spotify:track:0vR2rIVORmgeKiGIgNT0fV,189671
spotify:track:6PCUP3dWmTjcTtXY02oFdT,261153
spotify:track:1uBsu3PbD2909UBIfEMLvK,222933
spotify:track:1LmOriW0wjmaPOdLuj3dfp,173666
spotify:track:2AQZ89Q1ZZWsJNWwXZpLtY,242666
spotify:track:6Bz6Rsp8GyeK4yL7APYYX3,250809
spotify:track:4cOdRhWoQg8wrtggw6YZLY,136150
spotify:track:67kE6u6aXe0JbaBvcb3n2g,288746
spotify:track:2K06amHdw8ZPWI75Xvo9Ij,180401
spotify:track:4i3lONxFN6PJlQvWs9Qqfu,121333
spotify:track:5dQ67pN5eoJeXZQq7SRERL,172064
spotify:track:476iPKiGJEafkAR7l7JepP,283360
spotify:track:5ZK62nSchTamBy8F6HIZov,197226
spotify:track:56NkIxSZZiMpFP5ZNSxtnT,183573
spotify:track:1mfSkhW2ohvJPlMhk9APPW,248263
spotify:track:2QWP8NYYplOqEFBYGCcq0S,209346
spotify:track:4png6t6dDtgxes2DPZIGoE,185426
spotify:track:6sBB5CBuzKJhDooro1IraE,169093
spotify:track:4t2OeILB07eMGTXSUbMPEu,210232
spotify:track:6JTYWbcbmoEvWM7jSQhTT0,153746
spotify:track:1exUq8aG2OMbSeZeTwz06k,1024133
spotify:track:3CclvSD4a5DMLpOw1gEfKa,69813
spotify:track:5E0gsHgrsCwG4FxTit0ltJ,220866
spotify:track:1nSPlJY53DG3avK6UfpDpZ,318328
spotify:track:4FbOFnXreQcBPQzePG2hAE,203000
spotify:track:5owteWmvd2fjKpvL7AXfkj,134240
spotify:track:4KGCepP37Xm5L9rwmE5Llq,209746
spotify:track:2O6g3yvCX7vdcj6yKfdYl1,269733
spotify:track:3uRaD26t3RkJ8n549udQ83,287493
spotify:track:0CK2CndBKpmNEJ8xXljR6g,177586
spotify:track:0CS31HRSJOKSkFRwJKhRU0,280293
spotify:track:5pHxNnUvlzYsJc9WI4irxv,164186
spotify:track:2Rbq28aQomoEswOXeK27CE,231679
spotify:track:7qwt4xUIqQWCu1DJf96g2k,135016
spotify:track:0enPNaMvwhom7Kvuugmmx2,287933
spotify:track:6fKQblT3h0U2ydiDbnsyfa,278106
spotify:track:39PRMLzu72Nz6lSOCF3bWN,252253
spotify:track:1aJtdcYdncvyNrVKCcj0eD,216866
spotify:track:6ITuEsxEy2qPhqMowdDAeI,194666
spotify:track:2qVWvLTpfAfiJdhZgGApYk,207438
spotify:track:47Slg6LuqLaX0VodpSCvPt,220734
spotify:track:6dunCMoguaMM27BSSdXgYU,112725
spotify:track:5153LWKMJiMNIRCChGN4Ja,167195
spotify:track:1mnPNAxWN8MvWYsjHWpnnc,180967
spotify:track:7v7RTZrtBsoENSPD0SCMLy,171667
spotify:track:3UqHlIBI771FNCiLY5MKrp,280000
spotify:track:373yGkNo74RZgmQgTiR8xK,160133
spotify:track:2XiSB3m4WSkxD3xIUrYHfV,258613
spotify:track:1ZxDfdEIqo2EqoRWgzLtv3,247213
spotify:track:6dyUkkcyYuDiHOwIRXYOJm,366613
spotify:track:5djrYgESK5AUcNaUTBV32p,174843
spotify:track:67auii4kHlzGm94O3rUNU9,155880
spotify:track:6lYDFEsQRgCDj0cBKodzG0,215080
spotify:track:24cOJjL3zc1eGXBxVEAuNj,224559
spotify:track:5cbPYBpKPqgtAYmt5mUlvH,220368
spotify:track:2A4Ou2oJ6S8dklYnlrHDze,238866
spotify:track:7wUWBknX69yRIFrCKz5VEE,170434
spotify:track:7be5IEj6GYti0jauRKODoG,305573
spotify:track:2lWcmStzB7MbGipxM1l5l6,203026
spotify:track:1OVYqKDeUvIRpGyfOKW5fE,353840
spotify:track:0qp8MuZNKelOGTK2HPlXBA,183120
spotify:track:1hQgzgaxymIbhqoWpMYDnf,291040
spotify:track:4fzsfWzRhPawzqhX8Qt9F3,311866
spotify:track:6ROdBdytf5vS5jo2nHBvO5,270426
spotify:track:4wIq5dVgdWXSuc0pxZ1Cgq,144093
spotify:track:3VjkXOiRAcPdQ9RKK3BSgS,175373
spotify:track:5JemkdKwXNsNnogI0Mg0ZZ,228800
spotify:track:0rtRzLtNiHsXetEh0TwYci,207000
spotify:track:54KFQB6N4pn926IUUYZGzK,371320
spotify:track:1Xf1lWBSml62NG1du3Ro14,289106
spotify:track:7glCSQqV5o6NU88Cn4zPZn,208079
spotify:track:2iUmqdfGZcHIhS3b9E9EWq,177280
spotify:track:1U9nKdWvYxGLyoi25KSSdh,142373
spotify:track:6yyrsrci6u2nreFlhXSy3J,254865
spotify:track:3e7KcqiZN4wSrpoHUeYXjY,260880
spotify:track:51qZbpRRkHCjKBh0MVjrkT,262746
spotify:track:5k3U0OGYBccHdKJJu3HrUN,213600
spotify:track:3ZANDXVX912sQOC8MjbxER,216906
spotify:track:2tGYZL7TeXIA6XzBsvjwy8,209466
spotify:track:6JVZ8mwbwSU8iiJUE2kyql,185438
spotify:track:3DcdHtF2DpPBpFnjmFRAqo,146015
spotify:track:7p6ZeiNtEHJKmc4YWBZELG,223973
spotify:track:6PQ88X9TkUIAUIZJHW2upE,231041
spotify:track:1VJwtWR6z7SpZRwipI12be,190920
spotify:track:0oo5zVjH4CyTsm5FctRlnL,125493
spotify:track:4SSUj4OC7giqpMNCqSQSCf,228453
spotify:track:4k7LBWQmHRsbbFnrKiZPqV,140000
spotify:track:75FNVaypSR71qCbydLQsKZ,239400
spotify:track:209ucYTS6vWEV5iydrHiOt,233015
spotify:track:63m3fusWaHBnB3isFfAlRd,101539
spotify:track:1devU3Tqs5bMqo1GtWQhoa,160786
spotify:track:43T696K5X1s1mtxIuuUvvz,198586
spotify:track:5VnxAQEiSXQ3FsXhHwCSgE,302716
spotify:track:1RBY0rTVoWMVb3eCTbTSjP,191893
spotify:track:5lU0HnotLXdJgnEeAFzSrg,211146
spotify:track:1TEL6MlSSVLSdhOSddidlJ,171573
spotify:track:7qrkNSuzkfXjKnqGJcS2qf,292546
spotify:track:6lknMmJZALXxx7emwwZWLX,120157
spotify:track:4SbQ9hU0Ve1gT1kAni022P,259519
spotify:track:3Are429awGXrH2Phx99QjJ,166451
spotify:track:1Xm9G0H8dtDyRvcqlDvugI,223626
spotify:track:0puf9yIluy9W0vpMEUoAnN,199386
spotify:track:045sp2JToyTaaKyXkGejPy,290706
spotify:track:3Yls95V4qCzVfR20gr8cOW,308333
spotify:track:4uLq7Jp2wtgnocqoAgTdih,361773
spotify:track:0N4jis8aNOjiIfkBl4mGje,225666
spotify:track:3iVcZ5G6tvkXZkZKlMpIUs,219333
spotify:track:1wvKOjpbllXw9DUGCner0u,101459
spotify:track:2ioR8qBXTD2tj5YpsMoNba,188066
spotify:track:60HDLY1Dh2Hy9wTVI3WPzO,259500
spotify:track:7lTQFGOcLDZXWH4QzUoN06,206447
spotify:track:6d5CfH0P84foEd1fkmp7po,211440
spotify:track:6TzpJImasQyQjp46Umdqav,313666
spotify:track:7me5d5XmtCCfbDk3SsyXqM,159857
spotify:track:1I8LCDxPanFo2hfv0oObPK,199013
spotify:track:2yCXyFNRkDs6pmP0UmeOXJ,350573
spotify:track:4TIJ7zSBNejpoIPaWpWRKc,288533
spotify:track:0BFgCEE7ozbyB1PpLpLyhM,146173
spotify:track:423CCwsHi7yy81oj01swra,353506
spotify:track:2ZTPL4fDK3vvI1h54nF4c6,264906
spotify:track:7wIYDzWW82O6Rc4vGuzjND,195840
spotify:track:673LL4gFJTCnN49guuWI0i,228533
spotify:track:4N9V7YYPoN4DoSnjjfHW1k,249253
spotify:track:3AZXqe3LGCFD4r6YFJgaK3,209493
spotify:track:0DtItzol85j6j5F9j9V36Q,400400
spotify:track:0dkoVKRAhINwHhdR9zJUm7,198267
spotify:track:5eW1QM1wczip1HASwYJGZx,276293
spotify:track:5nvjZnTa1PUFV8hfrcMKYc,283360
spotify:track:5ZUNNSWjSOJH3u2adOv9mT,401729
spotify:track:09mEdoA6zrmBPgTEN5qXmN,228373
spotify:track:2AxCeJ6PSsBYiTckM0HLY7,313373
spotify:track:0i0hqOQdyFFd4cR5s32w8x,230778
spotify:track:6fnzVPHWtCxm4lxLyn5p4Q,294813
spotify:track:0I0yviJU4PiG5XrtdToCe2,219066
spotify:track:2aQpISWUBToaF84DDiTeRV,169523
spotify:track:0QTfK8O0JjfXVcgGwZ2K7Y,76493
spotify:track:4VChUrHgPF9Fn5Q2k39mDM,166440
spotify:track:7Kohy4v3KLWfUXlv9N3feB,262106
spotify:track:5mPzlwYXl0wTmho0rYbl7O,300093
spotify:track:6hWuImKdrd2E4fZvUBhJop,537826
spotify:track:7bYZBVrnRfqeaPbhRyEvK3,235613
spotify:track:7ERzS9KIggtCp9oslPzEc0,341826
spotify:track:4vL3rV6ph7GfzW8QE1xXls,128500
spotify:track:3Qr0t5gUkblSNrq2P0S50t,392195
spotify:track:3mllfcExeUlQwZyWh1m0Ic,156223
spotify:track:4mIHgQ3ofK2RK34UdbqMbe,143480
spotify:track:4Ut21iFBOHdE1jmEzv6JhS,124546
spotify:track:6qqdFWe7C4LsBjWbXQdsHA,243187
spotify:track:0CHlNAa924gG90E8dRjxFX,257880
spotify:track:4vHh0TJyN837p1DIL5mBoU,273240
spotify:track:4H7WNRErSbONkM06blBoGc,204426
spotify:track:6OdD1XrpFD5BuxiAMFUWZC,198624
spotify:track:0uYB35eSySrt7Xhl7jTKJk,244293
spotify:track:34cHrVZPJ6toBLGcuF3vnX,196440
spotify:track:0CrRr0VPgnhcRFipnfwBUI,65733
spotify:track:5FHXxdJeq1iAE9PjDTEgyd,290573
spotify:track:6SSE9qXlda0y5WwRguRC4k,181804
spotify:track:5oZps6mYqU5s7A4WjUZggJ,212613
spotify:track:1pHVfiNHMMZYquR35fTZdM,262933
spotify:track:36c4JohayB9qd64eidQMBi,251293
spotify:track:1kDWbI0qgA2a11idtF2xNx,220306
spotify:track:2tpWsVSb9UEmDRxAl1zhX1,257265
spotify:track:7odIekt1GqLVEAAWdnd9mJ,275506
spotify:track:5zqXco5gN08t20hf5AO62z,229506
spotify:track:1MfC8OLECebDZsBa2Jcnjg,107906
spotify:track:6sH6Gvv0uVq7PG5xKxQqbZ,267871
spotify:track:33bURv895AN4FkBvgFo2dx,278800
spotify:track:75YcS2AAxSDjKbfye1hhnw,133125
spotify:track:4aMT5LHe8A2uIc11H8Cx2m,255106
spotify:track:61Yh6AEwsba6RYsrWiNmI0,212746
spotify:track:7C5FDFYx6OcTCz008N9pNS,219840
spotify:track:4ZReuzjoiFMVWwly2NccJh,265346
spotify:track:5JS6b6Si538KTOoaXKTjC3,202893
spotify:track:7vMS7xSaSUwpirgzD346Q6,524533
spotify:track:0IhavkMpMP22ara9jXo9R4,220133
spotify:track:0MDHWPQAFo8LAh9IgWKC2r,189643
spotify:track:1QJb6LWvPXZpTMiqqODqkH,326240
spotify:track:1TPLsNVlofwX1txcE9gZZF,254919
spotify:track:4iaqHmdTqv006ftHflMEaG,194171
spotify:track:6qoIFQfdmaQF9A1gb67tR7,155946
spotify:track:2KjUp5M2Y0KnOo1BIto101,329973
spotify:track:5YS2nRTRldMXq0r8zz2Amh,234763
spotify:track:0tKcYR2II1VCQWT79i5NrW,187146
spotify:track:60ZYLVPmSNY9r0Uquaivvs,335506
spotify:track:41L3O37CECZt3N7ziG2z7l,210426
spotify:track:2C05mj3y2hFJHJPlSI1vGo,281120
spotify:track:2mC33mxgLJN3IT65MGN3B0,395785
spotify:track:6OGETRw6ijcPLySxhCaUkt,69624
spotify:track:43tSc5PlZvGJ39Cnrs94AL,165750
spotify:track:2SfE58UZe7Y3TVjozT1fPC,149613
spotify:track:645og273nQFbY3Tmc1twSR,196600
spotify:track:4KhmfiOWx5TuKcICIfXzLw,195048
spotify:track:152lZdxL1OR0ZMW6KquMif,219080
spotify:track:5B2P8JdWgH9fozSqSRSIwd,236508
spotify:track:4SpqtLElDsO6KGbd4ub96Z,164160
spotify:track:7KDCuqrHJ66MGogGrdFj4e,319333
spotify:track:68UW3plyDDNg1dkNIZRezJ,175081
spotify:track:2yDaWqECegHdiFOuez5gdO,238080
spotify:track:7wqSzGeodspE3V6RBD5W8L,229525
spotify:track:3lTyliusZgm29TXJyfFO3B,169066
spotify:track:7JqCjgNaHhNcvL9DDLynJP,286773
spotify:track:5uBKhKWTJ4E47rcLQqu3YH,279720
spotify:track:1ylzYcU6FGnuBqqdqqH7QL,240333
spotify:track:7nQYmGq7BKQmmHuX5BWauX,210333
spotify:track:45X4LNePuohdGmuLxpf6oO,222693
spotify:track:01LSU6meTykNfXu66aBTvZ,132285
spotify:track:5ut9BH3m0lH2kRfZc3YSKV,153000
spotify:track:6zSpb8dQRaw0M1dK8PBwQz,202735
spotify:track:1NeHmdijTHQVTRIFwmY2qY,167706
spotify:track:5AYOSsWHGgbKUFDfTL98Uy,151666
spotify:track:6FBPOJLxUZEair6x4kLDhf,206429
spotify:track:4JehYebiI9JE8sR8MisGVb,261640
spotify:track:2fGxYYMQbVqgIdaqfz2OwA,248773
spotify:track:2YJgM8lj4u5YEZRSHSfL60,301720
spotify:track:1MfqPCs3Y722VK6zkWZ98Z,227466
spotify:track:33SNO8AaciGbNaQFkxvPrW,176386
spotify:track:1HPzBInBPVJfSUDNLsTGGn,250546
spotify:track:0ffz9KBdCb7oJkSK0W7bbf,335800
spotify:track:2FIm6YsSGL5acOqSuJDh5s,263288
spotify:track:2xCGBWfzTe8l2kvHpgvB6M,197933
spotify:track:6ygf36lTU1bMocl46hZOAG,251428
spotify:track:6aJ90LBl96bly9zuEH1U2X,237546
spotify:track:6IfZeWIUoiscFJiyaWnqRZ,140969
spotify:track:4esOae7i4rqTbAu9o5Pxco,224920
spotify:track:2RCgdy763cEILNpQsWZUe9,123240
spotify:track:3YE4sUxcxMztblbryEslaG,242880
spotify:track:2l7UFx0Uy74r6qWVff5bnR,344226
spotify:track:3v19cKJVDIstaTbo6nonuD,279640
spotify:track:29SyMC0plk6qw8NMF7lfRL,131573
spotify:track:47oS7xB31QQUyPCgHpM3VZ,331760
spotify:track:7zXqmgoZNRHNFgFAOoxhx6,323440
spotify:track:3Dqb6Cn8oqPmpCEJndHwCm,220333
spotify:track:3SVAN3BRByDmHOhKyIDxfC,264066
spotify:track:2dhxr61mXoJihwHDGuFoJR,184426
spotify:track:31I3Rt1bPa2LrE74DdNizO,237506
spotify:track:50dlj4bfi0GN2WUSrUraDo,110409
spotify:track:7ahLXEQsn8588vLthwT4ud,194666
spotify:track:3xnzkgl56WCFFzLxQ8c07L,147657
spotify:track:3EWiHeo9wvbbqGtRonD5C9,163293
spotify:track:2Zbw0nOYZoKU27sOYbrsv7,201290
spotify:track:20ep3Lya1JrbshZfANTj8e,165506
spotify:track:2BU4dK1fu1CFLjTBz7ju7Q,343413
spotify:track:17BKOMSxP2Hjut7sXLf6kY,724986
spotify:track:4Tuae8qX3iXY11D7LMPrPR,203012
spotify:track:0NhXCoKVynm5F7DgXSfqxv,166747
spotify:track:40IS4XOkOmA8KqN09rNUy8,320429
spotify:track:41q8ZiB3LZl4HRmmzUTIo4,199506
spotify:track:2hnA4tmaBMisNvz4TOl1Rk,173776
spotify:track:4LFTLsnrGGZFtHdjlrV8Gx,402202
spotify:track:4bgHKMSPTsTJgsalDgMop7,184120
spotify:track:6lABOtUhsaBW1olzfu6e9C,115288
spotify:track:5exsngywf8qMS6f00gKVWY,176173
spotify:track:414WKzUn1UdqvNSDbA8IwA,162580
spotify:track:4OgTZ8MgYI8xYMcajRzBef,212885
spotify:track:2t4EzKLHKz7EkuC22tQJ6X,138306
spotify:track:5ewOYDtXiwy22isWZLMUwx,204346
spotify:track:0rurOLe6Zi1jl1fbf586vW,189146
spotify:track:7cSMwVu41EfdTlKZxqbx4T,155620
spotify:track:5VW1EsUBGGCng7GhBvtElx,184974
spotify:track:7KZ8mOQ127yokqUQYELcIa,373320
spotify:track:0CZ1zfFjhjixiBKB8kbCdt,135853
spotify:track:6roY6Z2b0Q7DH3ZM4SRoTz,569266
spotify:track:05MmOZOVOgV8W3fI2OmbyJ,171000
spotify:track:1L94M3KIu7QluZe63g64rv,340907
spotify:track:1v2zyAJrChw5JnfafSkwkJ,225786
spotify:track:05CNnC9ugYgnJgg6fIgyeQ,240093
spotify:track:2HNhRDgs16dUuvg4MROylL,121913
spotify:track:6w5Q8usjTRZygQNLXcF4ma,290306
spotify:track:4KHDdWCH1NCtFv2mVGNkCH,311445
spotify:track:4uexN8lwDjGX5SQycpz97I,192800
spotify:track:2jjVsWQEUeZ06qSqF8xiBr,166866
spotify:track:1lpLrlyweOShEKXT1bpcDd,179499
spotify:track:2BSJVr8EVZJokP7RZ6SzzP,330057
spotify:track:1JjzyWwzTrrPClPJewJPGf,162179
spotify:track:4NVa0Glsh2hztWIzGooe51,289613
spotify:track:7kOnT8JJowZBrtwCE2sHdv,251266
spotify:track:5shVe2S14Z10SVAdH8aDUw,254693
spotify:track:3iDPALl8BoUbuXZgy6EOWY,227220
spotify:track:5EovvTdzWLCqcoNZARVXJI,223853
spotify:track:7vW9h4uB6ly04vHam6vx1L,200600
spotify:track:2hdNya0b6Cc2YJ8IyaQIWp,212306
spotify:track:1sTDXvAhC6dJQUCJtmmahR,293693
spotify:track:1BMirA3vwj2NLamWkJsVYq,381520
spotify:track:6EjUn5quLcTVFBUGLGwGwA,168133
spotify:track:6Cgj3VVfcYJN9vZbMVcKRd,194734
spotify:track:4m1iSsOGPktVHoARDrEorD,187950
spotify:track:2Qxu0Sdo8m91TYnLIQjC0v,182230
spotify:track:2S55wdtM46ufVMrRCQwm5o,117241
spotify:track:67OKX8DNYygddabwIjExsp,196239
spotify:track:39K8KN3Jl5uLz2ykGsNflf,391332
spotify:track:2IG3TLWJaGV0jT8wS0ecgL,222400
spotify:track:1boXOL0ua7N2iCOUVI1p9F,270846
spotify:track:3h3pOvw6hjOvZxRUseB7h9,204990
spotify:track:2d4e45fmUnguxh6yqC7gNT,231933
spotify:track:1HA2V2EfAgJUBVOju4YfiB,177697
spotify:track:0341MMlmVNkWqwtBVbTzYh,488440
spotify:track:3ZTFBBRgYBRAPLrB4gKRYR,65586
spotify:track:52jLJcez4Oa9VTtA9OkSEN,477966
spotify:track:5ztQHTm1YQqcTkQmgDEU4n,215266
spotify:track:589o5lc4qN42CDPBoyimp2,134400
spotify:track:05f8Hg3RSfiPSCBQOtxl3i,428851
spotify:track:1HRIp8ZhUUvOiQ6xZic1jL,213120
spotify:track:2hhFpD32iXUd4GaCu6T4wn,195693
spotify:track:2EEp2vTGSRDSLHWUF80EZZ,185133
spotify:track:7pn5QXr2LTeGsgHyCaJxDo,208626
spotify:track:3Jf7yOgheeCMN3mpCqSgaL,123017
spotify:track:73CKjW3vsUXRpy3NnX4H7F,290706
spotify:track:6UU24wuWgGwuSBAxDH866Z,233300
spotify:track:2d3fdQ6OxmUIsF20eCpcrv,15160
spotify:track:6ewQE1dNPv9qqlnB1CxrvM,271880
spotify:track:2x8oBuYaObjqHqgGuIUZ0b,183547
spotify:track:79f8XMkvX45qpV68aRuXVt,212964
spotify:track:04cYBzXtB1s6lfS9ukWdDW,194168
spotify:track:6YR6cKIRb8MgzJ0dqtnZvC,339373
spotify:track:77dMSg2VHi2wwXjXNrmcrZ,227518
spotify:track:3zvBkrRyrDFmcJAfmZLEOT,297800
spotify:track:2bDhzzaqOMMicaNndH3h6e,356215
spotify:track:1g3dCqSycgMkrqFZXQqdpX,191613
spotify:track:4RcV7ENKupTF0FReXnhlMp,252440
spotify:track:2pJZ1v8HezrAoZ0Fhzby92,237333
spotify:track:18CctEeOpjEDIAvWM5S7RE,244842
spotify:track:0qSITuCPLxjoDtESBy70WO,131746
spotify:track:0EPxmvsG1BY5td4aTOkWBF,144039
spotify:track:5WvAo7DNuPRmk4APhdPzi8,260000
spotify:track:7iVoCNMy12azW8e0s0ENdS,95493
spotify:track:3SyKG06yOK3omo29EwZ8dP,252760
spotify:track:7qqBSxtz8bAb8KiivHBUgb,180267
spotify:track:501PoxE6Qti2ekECimQeXK,249800
spotify:track:6Ehu8vSEK1aaHbDn8TMTED,185360
spotify:track:6ic8OlLUNEATToEFU3xmaH,251240
spotify:track:3s3oiCHAHLWmKZUYk1ozJG,198066
spotify:track:0WFgSYnXkvKNQudrPe1Oym,115299
spotify:track:6LgJvl0Xdtc73RJ1mmpotq,387213
spotify:track:3Hi2DWIdJ73D9L96KHGtEM,248546
spotify:track:25wkmsggPrmVeDHv0QBMgW,222170
spotify:track:6VEfBf7UNqAbANc1GK6K5U,243480
spotify:track:4ok8XivPnr6blFeIVwnvyA,215901
spotify:track:6zMAtRpsP0jQfeCtaTk60K,86440
spotify:track:0qB213IfGN0JXXm9aRjldF,167906
spotify:track:5QDLhrAOJJdNAmCTJ8xMyW,199053
spotify:track:3Pj6u2KTgepyyidp5xfbHp,166355
spotify:track:5je0CDv1Z1hT82Nek1Fjhl,216226
spotify:track:5S3spo9YyDf7oWzpcPbGFX,432360
spotify:track:1OO2Fp9PsnaayiekeXuGJX,277066
spotify:track:4e0gXCaaThfBmO16YF5Bs3,149641
spotify:track:41YLlcEhVyq9GQbqazSurn,160072
spotify:track:5Y3Wen2jen5o9ks3Hyx0JG,174026
spotify:track:78TnMTAFmWUWWCgNXR7D3K,328093
spotify:track:1EujTZPE2yBYbbwu2vWXvr,205971
spotify:track:7FlwylpJSe3ea6m1IrkizS,245360
spotify:track:4TvKF723nAKffBUx6cDjkc,154909
spotify:track:2MHCiOohBZEQuLgDTPvSzF,205920
spotify:track:575DUgIvWa7EAQuszH2dpb,219184
spotify:track:6MumccCPd4N6qBVdl0gSeM,209586
spotify:track:7CvM2Tp91SQ9xUOfeDIDiz,289346
spotify:track:62Wi2wMk3QdwQXVPm5yGeb,176066
spotify:track:2lSsCHDvvVbkmYBSkCfYHH,237093
spotify:track:1NT76WD8FONQqTXKZ4MIRT,209733
spotify:track:2XHNKLy2NWZQsamDoEF6NJ,320506
spotify:track:7uQmJ1jgNzBpATSoWKSPFu,198933
spotify:track:1VoHrSS3QQ6TbpabLrFiYb,210466
spotify:track:7GNBEiGfBrp88IfxiiHbeK,332360
spotify:track:0JfsIu62NVXNQl2s7ATN37,202670
spotify:track:6WrI0LAC5M1Rw2MnX2ZvEg,183290
spotify:track:6jERw8z5uKwludyHaGEjt4,301586
spotify:track:7rvd1z9njlBvp9BQWWITaB,210000
spotify:track:4CWUGKyUi4aJOq7tF6HAIF,256613
spotify:track:3OEsUZFJ4c7z3gz6o7v9C2,186093
spotify:track:1DcxnVNFAyVl2sDQ646pXS,129039
spotify:track:49dFIRQCQxPWgoH0m38XQ5,160289
spotify:track:5nHimcXKoQiJtKytX9Gx21,118361
spotify:track:51R2M1JgyFfRS3e6v5wCt3,149173
spotify:track:7hTtKMRuhLeX6xmHpFDWMV,132329
spotify:track:2prnn41CblB8B4yWACDljP,158095
spotify:track:2ihCaVdNZmnHZWt0fvAM7B,266600
spotify:track:5ZOUxrcH0VVDgTshD5QJri,246666
spotify:track:0uI4aw6ms90qFNawk9H9CO,181240
spotify:track:4feXcsElKIVsGwkbnTHAfV,162493
spotify:track:3UlgJO6PEqjRfN0fHOaRUK,221453
spotify:track:0RWqE2ZaulvnN1i40qIhDh,331760
spotify:track:2xRZlk8t0R2GvMQMvJ1HEB,301853
spotify:track:4PTG3Z6ehGkBFwjybzWkR8,213573
spotify:track:4eruRiSfDY1jdT03hjyi0i,306581
spotify:track:7CHi4DtfK4heMlQaudCuHK,168387
spotify:track:4BjPsq3MXBNo4Qxg40igEr,232727
spotify:track:7mQAjg2u5udWhnQ07jIHI7,208601
spotify:track:5SFlCuDJBOtpfrh1ue6uCt,177806
spotify:track:00L9p3dKK3ufNyua3pzVeC,196440
spotify:track:7FfpP3YZ6fOWMdxkIAtud9,230520
spotify:track:7LnQr99Fv8j4NzWdB7BUCo,184273
spotify:track:3ZzhV6JIDKWvWR7wiKWD0C,426614
spotify:track:5VJjhHyG8NZ5xdgG6uTb3P,208893
spotify:track:5y7DaS3jAc9eZzcSOoUIwU,230693
spotify:track:1NcXkWB3UwXfMt8izByICb,241760
spotify:track:2prZtpX84GOxTm2ZHP2Oa4,264093
spotify:track:19HA9J80qZfIkAnp2g8N2S,234280
spotify:track:7aS418hRnOnYrXeyrZilwk,213986
spotify:track:6aPDvttLmezuUlv60ExTH9,178958
spotify:track:5qaNm5YlJzVvavbwugBTcO,355053
spotify:track:1RIsAtnYOlo8zGMycNFioq,388453
spotify:track:4rUuanKJphrXkijshlCoUC,177026
spotify:track:0CokSRCu5hZgPxcZBaEzVE,220454
spotify:track:69rFDYwypeey2F9cDEL3da,177791
spotify:track:02wdwZ0ffTX0AAGYRNqMwF,223416
spotify:track:6MN6yRVriszuyAVlyF8ndB,205720
spotify:track:2wqbJHHd0eUYQh0TLklWk3,290173
spotify:track:0W5VtyN0myl8xV2YtkGsXr,205573
spotify:track:0xCGbO3PTLLivhIkt47d0q,406960
spotify:track:0RdUX4WE0fO30VnlUbDVL6,403453
spotify:track:6xNwKNYZcvgV3XTIwsgNio,127560
spotify:track:6YQic2pBfDoSPiee4Zfllp,186218
spotify:track:7sKzXWpG08BSfjAnbNuNbR,223773
spotify:track:1xuYajTJZh8zZrPRmUaagf,301426
spotify:track:3PwRuzdphgedcWVUOVYJ7I,164705
spotify:track:2m4tyeCztx46FUfzCiko6a,246933
spotify:track:5sMcmy7UVizJoSm9YNZFyZ,150315
spotify:track:2Awqfmn0K0zckSURSdsC1Z,162280
spotify:track:2CdJFOTRiWMEnmvqIMRoEU,304750
spotify:track:4MviAiEvoQmei4fTICIsNv,216373
spotify:track:3B54sVLJ402zGa6Xm4YGNe,233901
spotify:track:7LjbI0rtohUAcYffhHgc9X,27786
spotify:track:1RUnGL5KkkO5krVJFtlbp4,146160
spotify:track:0KtMedzR54O2hl810LzmKU,155883
spotify:track:5JqZ3oqF00jkT81foAFvqg,169333
spotify:track:7ErDvFvM8iRtFCGZ0B0cdt,129440
spotify:track:04KTF78FFg8sOHC1BADqbY,228240
spotify:track:2W5EvgsEBmBWqZz4GumrXA,350840
spotify:track:3Lf16tRdqj4H7MBtCSztDS,206250
spotify:track:4vsmIkU6VJa9dXXqasvzx0,330826
spotify:track:47tVypatkDLBvnITbKdDGa,316466
spotify:track:0OlnLZY4cmQzT6ZGttvWBM,183636
spotify:track:48td6xvpokdYwvbl3JIiXP,246026
spotify:track:0WSEq9Ko4kFPt8yo3ICd6T,226652
spotify:track:25ssjNC8xGik41T9AnsyBx,52706
spotify:track:3R3dCLLjNrtLAUEs8CU6g0,247652
spotify:track:7C4RWcVSnCltMEdnn5Bw1U,265400
spotify:track:6zGDIDjfDkPyNxrEERO3XG,137933
spotify:track:4NZrZgrRoR4GwR7flWOXRI,129599
spotify:track:6GnhWMhgJb7uyiiPEiEkDA,208080
spotify:track:0o6R6EjRb2ZNnc0NnrLRN1,391293
spotify:track:6OWGSWN5sUCqBvooGTsHO5,279520
spotify:track:4c9WmjVlQMr0s1IjbYO52Z,240533
spotify:track:4Rm1048wiQ6d9YsvI3v9K2,276346
spotify:track:3KywmC2h0A1Q7imC6XPdjd,475217
spotify:track:1jlKdNbOA90rjnt88GJnwO,234133
spotify:track:2d64G7VaZdHQuAquz5HQNu,183893
spotify:track:4cG7HUWYHBV6R6tHn1gxrl,169153
spotify:track:1OxcIUqVmVYxT6427tbhDW,221332
spotify:track:50JXRlI4j4Fkh6PT9vUYsn,201904
spotify:track:6eOT73H5zfEwTCe1Y0FDCc,285093
spotify:track:22ff60cZy4APp7bzESHLR8,191533
spotify:track:2E21OSb4BlF2WIuilhcX5q,196000
spotify:track:6M4nkEPZMj58acftDRTuKL,210933
spotify:track:5pMP0zL6X5s4JFe23MjH8f,294920
spotify:track:6D3QBRfDNHQ2u3r6imNLRn,45386
spotify:track:1ArdfXwdvwzapms9p1wxEb,286973
spotify:track:6syO6UTl8QiiWADJy3Uy2d,134826
spotify:track:2pA1xHmhDxle8pPhhIaWCp,169840
spotify:track:2IhNiST8ZiY4KPcPSBzMcB,142182
spotify:track:1v2ECI79z8S4PQv9xYwIfU,292133
spotify:track:5orygsZ5Ga0jEOvftsXqw2,190373
spotify:track:7zvKFw17XyoBUx9mHiwzPy,196173
spotify:track:0GSUry7Qw9ofdMV9RfvMFC,90494
spotify:track:5jq68GFT3eBI341pgT5Zwh,185905
spotify:track:6fTbZV7MNPMNpXzQMEcDZh,308546
spotify:track:42zePe03Iq8tvFcJAIKkp8,168346
spotify:track:4I8s6vwzHT2geqH91w2Dyg,206702
spotify:track:0v1XpBHnsbkCn7iJ9Ucr1l,224493
spotify:track:0MteK167vtyb6hoJNC3Uz3,236583
spotify:track:4umIPjkehX1r7uhmGvXiSV,212866
spotify:track:5XKqMEwLr1ahJtx0KISeIE,228026
spotify:track:67HxeUADW4H3ERfaPW59ma,195106
spotify:track:0ug5NqcwcFR2xrfTkc7k8e,231000
spotify:track:7hdmHCriN4sKW87PqX1j7E,296120
spotify:track:4cOdK2wGLETKBW3PvgPWqT,213573
spotify:track:2ZOTtG7v1OrSNs6EINIGb4,237893
spotify:track:01vHGJRvJ6EZW9KO8NtZpi,306373
spotify:track:4VxaUj96W2jw9UOtKHu51p,256786
spotify:track:15J419FaKaBT7bYJmpLDpf,327920
spotify:track:4bHsxqR3GMrXTxEPLuK5ue,250986
spotify:track:6rbhaJsE4uLzpPf8WYSHDK,187213
spotify:track:3V4CvdyRs2nBcyhMFhYVO6,303493
spotify:track:45PqOIkZ9PdCjsCJQYzx9G,278906
spotify:track:1NKwmnPXpm2WaZbiPBcfYY,133718
spotify:track:6ZDHFz6h8d93EPAIq5hDuE,265384
spotify:track:5OIScqa8b8bZnx3k2sOj9G,315933
spotify:track:1rA9hzT9WnHYnOzsxnQEFB,290613
spotify:track:6FY8Imjs6YSglIAqnbU9mM,250293
spotify:track:32xx0fAv3CIeGmNaWTHvEF,220160
spotify:track:4ctYJYvxvcbGKH7cXoaVy2,207646
spotify:track:7eFJEG6vPVRfvEB8QqKuKx,131266
spotify:track:0LS3cTpTm5zPTmBcyIDfOJ,225733
spotify:track:0pxdZOkKRrtDM1vpco67cL,195015
spotify:track:4aMcEiAspJpRm7xsjvwjVK,187570
spotify:track:1OiIfgUVLKDe6hbpQvxkx1,227874
spotify:track:0YAQnYt2oB8OdoaeqnHyTI,238053
spotify:track:1Hv5uEwnI5UQEFvHWJaL3T,112507
spotify:track:5I3enoB7TzO5XYLN2LhbUW,75146
spotify:track:3BW34zpQNgRUwuQ4eUyzMN,220499
spotify:track:4lJwHpa0HhJqzjAcWyOEwr,196379
spotify:track:4X99feVnw46VIk2VNqWWL3,195573
spotify:track:7vaQQAp6GpQvWDwve6MAFt,206666
spotify:track:618hiI74zBL8UVgAvfmkLj,264240
spotify:track:6wO13Xb3EdHUNixFOEJ0KV,172400
spotify:track:2HHtWyy5CgaQbC7XSoOb0e,243773
spotify:track:2d6Rpz91tksIznqw75Fdpq,167213
spotify:track:51tuwnX8OPvQCXoBnjMkfF,270160
spotify:track:6DmfWj5kOa1fX8AwN9byOn,471160
spotify:track:0e0rgt92kTiEsyrTQ4CaBU,193760
spotify:track:2slVnSSokIKR7MPidOysSh,231161
spotify:track:0EC4pUdeehtjl7Yh5GiV3u,190640
spotify:track:1ulDt6ySVbMbzZCBO6hSfb,219760
spotify:track:2N4idqj9TT3HnH2OFT9j0v,181586
spotify:track:4tReFKumS5bcFahdXDiM1b,217466
spotify:track:3mtaZo5dUJ8GLKdlK0Ucra,201373
spotify:track:69c6RP870A6VFj6nLdGS4U,240026
spotify:track:2lRhq1ZfHNiaVNHkTWeXUv,261733
spotify:track:30FURVTCpbKyykjSEQzGkH,240440
spotify:track:6lTaVAtnxa69VgRwxOcMsJ,257040
spotify:track:500HSQBjUOuQBcU212N5pt,214986
spotify:track:3vmEdpP9uCGAak2Mx5H5Ol,318600
spotify:track:3DGN3thV6Qw94iRNcnaZ0M,507213
spotify:track:4IbO7Eh1QlgNCvoX5wgGBr,262826
spotify:track:563bJjZFweYZdaZvfB1bWV,177986
spotify:track:5tjqwBcn9WsaoaqS2oGJq2,308337
spotify:track:01603hsBl5VJTRQGhVhSvo,223733
spotify:track:4udyi1vzp9S4iyM7AOhlGr,276160
spotify:track:3UoULw70kMsiVXxW0L3A33,201882
spotify:track:3zb4J3s8pk5bzrbZJkvAwH,190000
spotify:track:62VWmsNoDmqT0Mj9oHHFVh,278626
spotify:track:5Y9fnynLlIvqtM710MHzfz,226800
spotify:track:28SPUzsMdzEyba3ffuPnrv,164281
spotify:track:69ag2gM05lwYtR9qlJmTBC,276666
spotify:track:4okhECas0o1H2cEfSPQpJ0,204788
spotify:track:3AIa10wSpvJpugn8gZmeYv,209293
spotify:track:7K4S4lmQqvIIF2UvzB2VJA,127306
spotify:track:7zW4IqrzU6dTLw3CM72Qbo,180035
spotify:track:30d77Mz5bNTSvi1RT7wk8q,70727
spotify:track:7rvGZDlfqCjY9EWEUg3Xs6,193573
spotify:track:4wvMwGmbq2PRQACVTUtdl2,172975
spotify:track:3RHcu7ZJ7fVW6ySDMOCrpF,276198
spotify:track:7kuQl2yrm66lkf8wzzgfdv,194954
spotify:track:709CndJJB3GTUhQD0LLFse,217426
spotify:track:7jLbU0psQwmWeOm64xdtut,139640
spotify:track:5W83ErFkO3aKAIS1WMi6u0,258799
spotify:track:5xNmWMhsZncmM9zziHww42,271706
spotify:track:1AEicwtTHcsYWCsZW3IspB,215160
spotify:track:305WCRhhS10XUcH6AEwZk6,213800
spotify:track:2biG396b4oY4gHJJRtjUIo,199933
spotify:track:5qZKuuKGngifO5psg19XdO,143800
spotify:track:0kk4q5pI27ErcCwYowqekd,179346
spotify:track:3VZmChrnVW8JK6ano4gSED,238600
spotify:track:7IB0e8it5K5D3uZokOhEKy,183931
spotify:track:2Ur5w6pRsWBq5xnqiwhVgj,362240
spotify:track:4Pu3GoxEHmOjdh6FyQfjwb,213880
spotify:track:41RtcX3L4Ee6AzgZEBkMFC,166060
spotify:track:4lhSRK6MTgBfBRAKLlOUW9,152053
spotify:track:07p7PALHp6ZcD5tmlbO94N,297489
spotify:track:5I7tnPSjWx6T82svLCuxTC,254240
spotify:track:3XorCFmcupSm5QS6hA9g4N,232066
spotify:track:4rHIGjDTXXL9Eudf3YF036,145978
spotify:track:00DiMUseXsW3L8eR8G8xOa,183733
spotify:track:1obr8xebMPyKI8JdvaRWbc,198333
spotify:track:7m1EF6LilQOZ50GZYFZmkf,321093
spotify:track:7avreNC8Af4ifQDk8CGJOz,164000
spotify:track:3trowLiYwwOoiwapLISNyk,239760
spotify:track:0IajnzlicUA89rZSkqfLPS,133560
spotify:track:1FlY15vdP570PJucy6JdYm,108000
spotify:track:3YxunxpAExKBEvhuf7wQOK,125120
spotify:track:4POgt5ayni68MeLqclubcC,183800
spotify:track:2yJBTToYK5LtQoFGzozCgM,203933
spotify:track:2VUo8O3ymKRYNgj97ZG2kM,119866
spotify:track:1JRK7srBWUtAW7dPabKBwJ,204887
spotify:track:6lNwrdMlAT0TsOzgRtAvpF,259506
spotify:track:43qcs9NpJhDxtG91zxFkj7,349546
spotify:track:3g66v3lFNy6cLk22PgJOUS,332186
spotify:track:4IhKLu7Vk3j2TLmnFPl6To,218893
spotify:track:20MkLpS8Zgbq11Aey8dinb,180133
spotify:track:2Dee9NA7hkbP5GX0pMMZkP,233275
spotify:track:4rpzPAbwJboZQw2p9T5T3f,185293
spotify:track:0t7WhYsl5seMz896jS113q,194466
spotify:track:4Ce66JznW8QbeyTdSzdGwR,941360
spotify:track:46lFttIf5hnUZMGvjK0Wxo,227073
spotify:track:7MJQ9Nfxzh8LPZ9e9u68Fq,320626
spotify:track:2VOzEIIxnfu2t1ZNu9ebcB,140000
spotify:track:5RXIOm3I9Pl9qKqMyZmuoy,167560
spotify:track:1aDNYyeU62BuQsBAY18i48,506160
spotify:track:07K4GcCDSTiXUF5ssyTRUM,246466
spotify:track:3UI9I3e1g1y5T3SMfdgfGO,230280
spotify:track:2LRI7QEXFN2RuKyc6crXar,276706
spotify:track:5rgy6ghBq1eRApCkeUdJXf,250626
spotify:track:4WwhyFhrnjr4Ypo7KI2Zil,196506
spotify:track:0gvgO9wprV1bxtBh7QOwsE,269813
spotify:track:3dmqIB2Qxe2XZobw9gXxJ6,273600
spotify:track:1FTnBp64Iy26qERGibjknm,240000
spotify:track:1jSAARNT7fzLTcPc4IUQQz,174179
spotify:track:0mq79YEocpPOpBEiBEruNU,203973
spotify:track:3U2qtOplwv1pPSW5ZSXtA0,145080
spotify:track:228BxWXUYQPJrJYHDLOHkj,192600
spotify:track:6LOZws7T3jqZz78unPgFF9,199505
spotify:track:7xTY3rJMgj0nh6OOPHgsLw,217103
spotify:track:0GSXh7IeBpk5uJDv7KsuKZ,252960
spotify:track:41yAdAowbHEK8JDSTDmDmA,408946
spotify:track:6XpPi37XwkrWnevdtpZhey,163750
spotify:track:5aswWmjJLHBSYFknQjegfg,168213
spotify:track:7kDD0sZCzLWalmbxLX4xMa,135111
spotify:track:2lpygKqzPFtItQ4ss3cgfb,480186
spotify:track:3pMbfN9l3T4gfUH3UPGPvE,140538
spotify:track:4BWJGWmzbjsnA94Weyi5j4,110861
spotify:track:5fO4ybFbomoSWPB3n2d6pe,162526
spotify:track:1dYcAIkICjPy2iboLdVNWM,208520
spotify:track:2zG2E6xxFdCRseX5fi3Hmr,101533
spotify:track:3pHe3ybCjJYGWaGTcOOf2k,262848
spotify:track:786ymAh5BmHoIpvjyrvjXk,328506
spotify:track:7ft4a7E2QPLyNL09p4zo2E,399647
spotify:track:5yzuAVmDCCuRM5bDT9H4Y0,110000
spotify:track:2WsxnbacvWdBqXlUJpnKJ2,153658
spotify:track:4dkoqJrP0L8FXftrMZongF,228133
spotify:track:6OKaib6HaebKVCL5VOoIGR,195474
spotify:track:6wefD5q8rXOg3xHTUZjyio,186405
spotify:track:6aP62822amG9iAvSIPffBr,213960
spotify:track:2xhGZ3WzOa3tir28y7Cb88,124000
spotify:track:5hcr7SC38zdGTJTKbFLP7o,125916
spotify:track:6hyB4KYtsoGjw7OwiYhfJB,201680
spotify:track:70C4NyhjD5OZUMzvWZ3njJ,339000
spotify:track:2aEZr9RoRqpKA1a3JTlILU,202693
spotify:track:1OWThvdY4xq7pEEvP965os,187212
spotify:track:0zM9DHPrxGo9ZCUjlfqhvu,357973
spotify:track:0n2pjCIMKwHSXoYfEbYMfX,178200
spotify:track:5lByoyTJti3jYo22bLQKOH,234773
spotify:track:3yvlcIteooc31cPjyWPTw1,295515
spotify:track:1X3AXnqZemoPkaOJMbeVTd,197859
spotify:track:0GqChhBLTIHEr07iKnbb3W,145920
spotify:track:4cluDES4hQEUhmXj6TXkSo,199986
spotify:track:3T07pNAEVr9adeIG9i1ex4,267106
spotify:track:1syRCnqTNhYFEzvtSxxvdg,237533
spotify:track:6GXlXAfXR7C6u1VjR3VMsm,148560
spotify:track:4b1jRoCii1vgpPAJdQsxlp,329453
spotify:track:4jAIqgrPjKLTY9Gbez25Qb,172213
spotify:track:1tGgr16UGaofnLbGB35qcn,163500
spotify:track:7dSPxqWg21WTYNois8tTKf,166112
spotify:track:5QO79kh1waicV47BqGRL3g,215626
spotify:track:1H2MHpoULD3mMGSwkANcZZ,259200
spotify:track:6Jp0GuFxAYbTdre1uUPgaB,517159
spotify:track:7rknFhrVDyxzTJkPSf7LoW,307546
spotify:track:6cLWKCBNawunqBHmyzdG7v,234949
spotify:track:5xzzxWj8a1YBbNZhNLqWuQ,253770
spotify:track:38DAUnVJ0zqOdRuW7RG3sl,211906
spotify:track:3zHZDl3HldA76rGBedhAJB,122880
spotify:track:0qCM5QaraqqZq1m9K3OuYc,330368
spotify:track:0HBrtXJohbIW4IhPZ50GmH,160613
spotify:track:1a4ymEvqTLyMiPgrIm8x2J,192323
spotify:track:2g4mmpGFOaVgnZCqpKQDIU,111072
spotify:track:07sZYHns2X3oOClU6tHvuc,225985
spotify:track:6UGlSlhwl2MNhsrg5Wepq3,339053
spotify:track:2ZTIw0fZhFp3nnvF41nvVc,286840
spotify:track:3nCFiwtuVqVJmnSasApvr3,267746
spotify:track:0iZI1vKI4dTBofmpav5nV3,272480
spotify:track:7xq4NAM0ukz7QqK0cBqpzt,252306
spotify:track:0vS05UkNkb0dZxbHkxCp6v,97084
spotify:track:0AiuEo7FCxP2y2WTOpLPe5,147893
spotify:track:7IaWt6uVIfpiqdMwq8iEL1,197920
spotify:track:343HgC6SVFtTAgMPlGoNjn,223366
spotify:track:3R9B4XUKlqZ1Thh7OFD6ck,146480
spotify:track:5rGphVLnbPdyBQ5X3rjb2X,224093
spotify:track:5uEBV49JqN5uwsaUl9j9l3,232506
spotify:track:3Gf5nttwcX9aaSQXRWidEZ,291781
spotify:track:6SRsiMl7w1USE4mFqrOhHC,143746
spotify:track:05eCpOQMu8Su0RUPG2ey3K,189173
spotify:track:1MIoqrkFISWV3q3JvifC4S,191320
spotify:track:5vJBDEkzpgbWC9Gz4KWYIw,239560
spotify:track:4lUqjfYRhR0u6CQneKvcQE,255306
spotify:track:2xW7q9aRB7GKk69FhBfjyC,251400
spotify:track:6lALxD08pudH1TkaFv5TEM,247160
spotify:track:3oshLPqyQEEWBCktWl8jfS,132206
spotify:track:37ZdYk0gwLkLll6X7QNu2O,280240
spotify:track:3AA8xNhDC0MpqwkGX3EP5V,266600
spotify:track:1zZLRpTzRTqPQ7G7uxYI9Y,262493
spotify:track:3XIEWK1V9n25PS9Vb6axj5,188133
spotify:track:2CVIWfTIOdSgWj6igBUxkU,184706
spotify:track:58qmrrvUkA09szrox83VDp,187212
spotify:track:1ALrWvDxlsHoMnyyTk77DJ,256626
spotify:track:50lSpRL1slxzBxPSVIcueK,248922
spotify:track:5LxvwujISqiB8vpRYv887S,176333
spotify:track:4I0Y7ogXkiME8HrtQHZuIH,130391
spotify:track:7c5F8o848t9Nal1IN5QH1P,344143
spotify:track:0SIAFU49FFHwR3QnT5Jx0k,160000
spotify:track:1DIaSOrYK8WdDcUDrulkne,315088
spotify:track:1ecPv9ymYtafPtVeYyV3KJ,377133
spotify:track:5TbDM1PBTyODDCTGEoDCxL,216880
spotify:track:2vHOCV5YErCA8ypUwHozcA,203520
spotify:track:3UroqLcI69FDBw4l41iVGO,232353
spotify:track:4adB36k21bp4VfOYFF8Hl8,147657
spotify:track:67csrS6po7IyXfwds4azjr,119800
spotify:track:30R3VP6XcNlGvg0NqgjuUW,189253
spotify:track:1AHfovSnGPVYKaahRtA0U6,234093
spotify:track:4UqKJx2oFJvgLIBrBV82Ou,301666
spotify:track:4vevrGPaGIdakuoWhzSnwl,268800
spotify:track:0yuBwKZJLISISw2jxv0KMu,240413
spotify:track:1WRXRYmdy8gOFk72mimv8o,233373
spotify:track:3SgshUlk02dwRHeLm0ztOi,264066
spotify:track:7COGuXyTr12KvdaYXMqheC,280274
spotify:track:7GX5flRQZVHRAGd6B4TmDO,182706
spotify:track:1Ay0JYaG7HK42EWhSHRo0s,195108
spotify:track:1ok4gxOv8cg5WLjWK6TQhD,235779
spotify:track:51d35hVRQw3jSSevEgba5d,22335
spotify:track:1DWUuD524YMW5HnKib3wBw,198360
spotify:track:3l0La6OOdycSjsDQ1uVJUb,319733
spotify:track:2yBVeksU2EtrPJbTu4ZslK,223866
spotify:track:1gSP2PYlWu3429ySMUjc8s,383506
spotify:track:3gM8KetN3T4mQE4AO2vAHD,216549
spotify:track:4gtmLfdvLaKO1PY4cvdfaI,182950
spotify:track:0f7M6BmKtvYmATYpzl6uM0,291000
spotify:track:6vzLbfskWigBsCzNdB0kfE,175883
spotify:track:1gQUv2qZs7LUWo1IeO7lhq,100240
spotify:track:5Cdv9z9pet77Wo8MEjNt4a,77588
spotify:track:6OKhBvddAlWxxFnjbpilhu,161440
spotify:track:3ROPrLWea9uICOW4V2Px1y,311026
spotify:track:3wPmnfALFXL8sAXUP7h1QK,250426
spotify:track:7kmnMuwg84s4110iG7ErVo,227555
spotify:track:5uOf2nY9chvvmR5f2B3gAP,214160
spotify:track:7klPHv3HnXdUY3dSfTccNc,210385
spotify:track:7v3l2PEaxnex3NylNusT4Y,252733
spotify:track:2ECIJ9Ek8W7C5dcJZjzDY3,130092
spotify:track:6lN6xrvdb1zlu3ZBoV2CNQ,237600
spotify:track:5gaUkg5JNk8c4mr2jnpX8H,301026
spotify:track:5qHirGR7M9tdm6C17DlzSY,121346
spotify:track:7npLlaPu9Mfno8hjk5OagD,215229
spotify:track:3allsG34v7kEwK1ambKoon,213640
spotify:track:2WE7vQVhCBf8E9COHIK7uP,316626
spotify:track:47lg2VjLtUlHr7imOjo8KU,141335
spotify:track:4f8hBeMXMvssn6HtFAtblo,259306
spotify:track:6tY5UzJKw5Ihy2d3C8EIQo,293653
spotify:track:0zjTkRarpooMGylbCGBWLC,256000
spotify:track:1lI3pfm02Fw6zajcGyxJsg,250697
spotify:track:2rKmNEYrQxaOPZrOWKZpOc,194826
spotify:track:0QeI79sp1vS8L3JgpEO7mD,280000
spotify:track:2OxkfL5jW8bvYTCNDLlRSY,153066
spotify:track:6gV8ALkSHfJi7Bprabr1FC,171500
spotify:track:4kUoXpXkqkNh8qwqdipjJf,151800
spotify:track:400ZJAUFuEuIGXhr7ie4xf,313706
spotify:track:6B8jpGs3PXJb0rQqvSXywZ,161664
spotify:track:3MZoXL2XpBKRgoSGfw2zpi,206586
spotify:track:57KORKnC0OQM7HE7IN2FkZ,261200
spotify:track:1kTH8Ok1XWldpvIuzrCHFg,358626
spotify:track:3P2Fa2EoEbQZkIEwMi0cty,198213
spotify:track:2H5nsVLjDwWsxfyajm0lVS,234586
spotify:track:5U1kk8ViEMLjn7H8OdJGwC,126513
spotify:track:2TqTeNGmzUX3sMDmyvgYDa,282386
spotify:track:1zwH02KhFWC4wOtiZ1We1g,208000
spotify:track:2GjgVelkVqRXhe76MsmMCc,410133
spotify:track:582UuerUL1zx7IyudPW9Mo,111428
spotify:track:0ZGmRAxY2XT3G0TJqWVOjA,319481
spotify:track:75kMrDKPJJpgEQaXVh7QMB,232226
spotify:track:2jZgzSxNSg1hTCq0ewWHGJ,187253
spotify:track:0K3dGPXHVALEqW8EEQGc3T,203136
spotify:track:0e6NZpthnjcmTMH0hglQva,170240
spotify:track:6kD1SNGPkfX9LwaGd1FG92,186173
spotify:track:2zPcVDSpYNVKQ5c7jR7MXj,151693
spotify:track:0uHbPoDjquncfYsLt00Aj2,191200
spotify:track:1ELY3KTgI83N1k0xXqabMe,219240
spotify:track:3UcCgd0nJqfSMvQw8YiSA7,194240
spotify:track:72vzpLLJZgvG7TqKar57TX,265107
spotify:track:1s9DTymg5UQrdorZf43JQm,206333
spotify:track:4HA2jo7wkMdN1lmLO6ryzE,209520
spotify:track:54OBgO0Xwu20Jak9TMXbR7,155333
spotify:track:001b8XFtRhhFrMbWROVgO4,308533
spotify:track:10zSgbysU2KyVTrcRmtu62,283884
spotify:track:2mmYwg4OgThj9vHgwc1rgL,179847
spotify:track:23EA6tBKaiVnXv7QH1R6kn,178543
spotify:track:2SyIScNy0qAkOlPEgzNjNi,237804
spotify:track:5vbFDDuHmTqHR8tGxiipf2,181428
spotify:track:7CzWvXHsAFAJeXAEHNXRdf,150613
spotify:track:1Te8WIfLudxjHTr66BL0JK,196613
spotify:track:45vbV4YznRHi1uKS9l0xkI,360013
spotify:track:0rFcav2bUNH6NC9576Viiu,157800
spotify:track:3iS4VBJ3Bg1HyL3e6WNpgi,160745
spotify:track:2qzHQhCHRYfTDV0KytteNH,216691
spotify:track:4thWXXJQxP4g18cup6ltFO,119136
spotify:track:0IktbUcnAGrvD03AWnz3Q8,189613
spotify:track:6IVlHRrjTKep5SS9kbcpTa,208786
spotify:track:1GVd8euqs4yQxGyIOLJX0c,179986
spotify:track:6Yr3gCsYtKUccCLgd0uNwd,161812
spotify:track:5G1sTBGbZT5o4PNRc75RKI,193653
spotify:track:7l1qvxWjxcKpB9PCtBuTbU,197469
spotify:track:7dEQgmYcZSVWsHmutkOLDF,255306
spotify:track:64lsIF5pw0sJY0gV5kz0RN,278769
spotify:track:39hfj6Tnqgsxn7jGTfWl18,226773
spotify:track:7zXa0myk5r5ex9QfXbjqhY,174315
spotify:track:4Evftn1bpsuYYJMdXpUlzE,198293
spotify:track:0k1xMUwn9sb7bZiqdT9ygx,290240
spotify:track:0PgNhIg5n0UAOBVn43b8b6,282400
spotify:track:3U0VWhffr8bNtIb9NXLsAF,293746
spotify:track:2BTVL8ifb1uwan0Y34ZEgp,331395
spotify:track:5r6xyRtNLEXZ5L9cWpzryO,299360
spotify:track:4uyDe8SeM0Nsgzp9KMtXWn,250506
spotify:track:36xxq7VDZZsGwARsn6Clo7,276346
spotify:track:1JmjxKr6SAlEBPOO7i14qI,186429
spotify:track:6nDpDm5ACJ0DNSoLcTiQ1E,193080
spotify:track:5AgzF3Ov3TFxeQ5JDkyQYC,255773
spotify:track:4HMNQIpQMjPV8ZIylSUhUC,236600
spotify:track:3rbhipSZ0E0mUfyZjiRjXJ,304826
spotify:track:1Ov37jtRQ2YNAe8HzfczkL,220433
spotify:track:4EAql3BjJv4GtJZnQb5juh,122933
spotify:track:4pbG9SUmWIvsROVLF0zF9s,145746
spotify:track:5cXKhFw5kjRSfifazrnPbp,303894
spotify:track:2GiJYvgVaD2HtM8GqD9EgQ,218106
spotify:track:68qRMRZ25zC1C1QlGsVdg0,101653
spotify:track:2erTdgDOZmjJNaNhjhWXhJ,146066
spotify:track:4o1fYjTGtSgtHYO4vu5ylH,52373
spotify:track:3SFkIDUvwPqqUUvEFX6stg,214612
spotify:track:1iLv1ieT9BZ3qsti9yTCnG,225000
spotify:track:4SRAf6doXKEuMJxrHB8ILC,218160
spotify:track:07RgAeKIlahtqeCw25SkTu,308000
spotify:track:1XgpK29CGGjZnxPYkiRbh4,206920
spotify:track:6wtjixtDQYPwKU3a4TV2XZ,105365
spotify:track:0v7U4gz43SlqzeZzswqsHu,239329
spotify:track:53L6A3I9vf7rgEZnMzx54E,244293
spotify:track:4UkwRZsMDj5fAItm7K3wL9,208695
spotify:track:4r4IO9piVuLrxsZ3zmb3q1,54000
spotify:track:52azQMKZMOfuSpjQXS2naJ,191680
spotify:track:2Yrvgx1OgSlTlEcaR8izUh,239533
spotify:track:27AjaJC9188WpLuszZi9xU,281426
spotify:track:1cT6ZXE6quK2IWZN6vHMDF,272453
spotify:track:5CLKcBDWf6lTTLMfPDBEeC,201400
spotify:track:2ze7s5CrESggiWA3RpDYIy,243160
spotify:track:3p0GBN1o2XyWsI7l6o3iGB,124546
spotify:track:574y1r7o2tRA009FW0LE7v,65314
spotify:track:6vvaD9ncuEG8TtD3qMh1Py,183195
spotify:track:1Dsd1Nu06UbNmelEhPxKgB,243413
spotify:track:7LnQvFT5urInmHOmlqCvMc,163809
spotify:track:0RaRyvHA4z1VWq9BJhA65s,222533
spotify:track:5LsUdPeqmKVGlPJre2sIRt,121240
spotify:track:6oHK3oUl8uuFzhWddQxkHQ,148666
spotify:track:67cSeGUFzjP4yvopzF6L2z,122317
spotify:track:2MX30RliaxJDgmQ3C3rrJX,212027
spotify:track:4PULMUg3AwudcRCzvVmgXT,221820
spotify:track:3q29jfyDi9wy4dugVyHTEU,320960
spotify:track:7mHWHfg1GwNASYcyjQ93Wo,207080
spotify:track:28UMEtwyUUy5u0UWOVHwiI,201680
spotify:track:75WXfSu3uWvQl3x6vrpcSy,482493
spotify:track:4e9hUiLsN4mx61ARosFi7p,296466
spotify:track:3w3DMgfAvubFLJ1edEibLr,279200
spotify:track:2hA2Tx7IZNXCcoMUtluKm8,209186
spotify:track:3ExNcJ7LkInTekJg13FQSq,192600
spotify:track:7zx1i0jGcFwMBurajgKlO7,174193
spotify:track:5GHO0VvfNWHv82DZLFmMIU,188359
spotify:track:5795tkQ1pTLZ2D3jctqhdQ,160306
spotify:track:0ysAPJc8ipXpoCPBcIKYwR,72688
spotify:track:4F2kiSEs28UWaayRQEQrD2,33600
spotify:track:2i0AUcEnsDm3dsqLrFWUCq,200466
spotify:track:2gW3UvXLxDWJxhDp6PxbX2,280212
spotify:track:4Fr2ajO25Vnp3UeMe4gjkO,156014
spotify:track:4kRLRWnn5u9wO2wOKAAdEN,129776
spotify:track:0Yb5Kfpf3boElZNa61wPdJ,197800
spotify:track:6sLY33z3QsMa9HnzCvXcGT,234293
spotify:track:3FBLqXJ0Fvj4SrM8U9GuWH,257105
spotify:track:6BAlnEh3wnUMpIBiuQQHYg,128733
spotify:track:11zf7m4vw9Ze7cer9Nyhk1,187895
spotify:track:3Qmqr7nA6Ry3l66gPO5IxM,185146
spotify:track:5vyR3lTiw4zz8B4PvnAO4c,145635
spotify:track:7nHruG1y3zBupJG6F6UQtB,238125
spotify:track:015p8TgFahkz0viuux9YGJ,313426
spotify:track:7iu3AhYybLdIK8dvoIqWYI,220959
spotify:track:4h3MNzf6KD8AVoYoj8xUBF,184493
spotify:track:1ML2r3gzmd9776dmnlGYlh,229386
spotify:track:1w5sLDYzYAGI0AkLc6FPlO,199655
spotify:track:6O0IdUwj1thWqpQBSjmkRr,228213
spotify:track:3xW8q9WgpTGfHr78ZHb0d0,218293
spotify:track:7xzcR7ChznJF5KgDS7exYA,164693
spotify:track:1iEvo2sy2wByXdz36MjoPQ,225999
spotify:track:7sVyX3iRZR5bbwNrBYyRzw,213221
spotify:track:4dRyFbHcM38r6aK5QwVzMT,425500
spotify:track:1zfeSZ8cKSibTWANpHzFQT,163946
spotify:track:2PuOeoetBKEfItvqrARt6A,138941
spotify:track:7q2qscYxUz7zeJY7AUOOct,294765
spotify:track:2vu98KA90bQ7cAjV1sWF0D,297026
spotify:track:0XKDfockCN8aLSMPesxsDZ,101466
spotify:track:4okba5wu9mMLXx79DXLKi3,204520
spotify:track:36gPq8WG7tDxrblyGVUCiT,161466
spotify:track:2d55u3Yx0y70mzPmG0Xl2y,200000
spotify:track:0MrRAUcB8AZiB9ue2VOBYe,228146
spotify:track:7BYMy6plyNwKu7avGed8n4,165533
spotify:track:7q1deBagSVG5uBI2GDawqK,213744
spotify:track:2KA6dhXmz72kvaEK0liYZL,215609
spotify:track:2dNhNlpZAtV4lwAFW45LIv,182496
spotify:track:27Mbi3m5yNYlyZeQRbutCr,217240
spotify:track:1pj3RzpA5AoXkZln0NockI,169840
spotify:track:3eAjS25afRXGFSyjPQo7l2,185386
spotify:track:3brPoiEss4oQsy6BxUzbFe,421800
spotify:track:6UaRii9AH6Zss9xNMEQ2M9,263373
spotify:track:2ZbFPXkcaYPq3tu1mLJkjk,201320
spotify:track:4rnkECscLCpjPM4pYyBNMJ,237933
spotify:track:6ydKe8Q3UZd1UNzfsxii9K,371200
spotify:track:5oady7OSE7dH7LHiqmb3Cr,222986
spotify:track:7DZHv7iv1Grc2DlXoOIU0G,209320
spotify:track:5saUoeceT2zau6ScmU77e6,212608
spotify:track:7MMbYOpnyQU4CzPqK7Tu2x,206933
spotify:track:3yMiNNWzQKxivxkWWlskYZ,276360
spotify:track:5rwdhliMmo0aAQ08vU0AOZ,189960
spotify:track:1LOZMYF5s8qhW7Rv4w2gun,267946
spotify:track:4ACxa9buEUnOdYEoPcnMpi,259893
spotify:track:0KDtOeDIcJKX02BqXxV8uM,321360
spotify:track:3i3a2ZlzQNY8G3uw7lepIz,237546
spotify:track:0ni5tY8ZKNgnRd6alB7uV1,208866
spotify:track:0K08V3QlZporxrJf8FIZ8M,220940
spotify:track:0nBNS50kcZQRlGDJdflZqr,231453
spotify:track:2tDoreKvv4UqcfZACXXqaM,510064
spotify:track:2gCQ6k02Y2Dgd9r6yHilC7,165800
spotify:track:2bQAQZiFa15fLnEFUPLj02,393844
spotify:track:6EsH66Uto1zwZlDGQ6RokU,230634
spotify:track:0yVs7eSL8mPnIu2CGKHpUQ,147933
spotify:track:6hTcuIQa0sxrrByu9wTD7s,269920
spotify:track:6YXG34IWbilypPwjBTOrUC,243773
spotify:track:41hMxxMGTD38PTN10YMDKR,233000
spotify:track:5lZZmityu9TAjNvSY6GLhR,204360
spotify:track:6m2LNopVJKsvBB9l7Z1rwn,161593
spotify:track:1cCA9TANe3idTlNUSJdHoL,146386
spotify:track:7cEfPAbju7glmdAgT4e1AU,139933
spotify:track:69DChsBgBBFCN0bzC4Sxw8,156873
spotify:track:7zLs45mEmYf0BvpaqQzC4R,127548
spotify:track:6c7boNZjFpOFPLFcVJaOns,233290
spotify:track:013IyoXroYhBDQ8pEx1Gjn,218015
spotify:track:6EylLZvd69kYDDtT35gZOB,242418
spotify:track:4HW5kSQ8M2IQWZhSxERvla,173946
spotify:track:0XLOf9LhyazPX9Ld8jPiUq,186112
spotify:track:2swRdG3vAk5bYBR3oSf1cg,164623
spotify:track:4J4gApJKSC0himDViFotdy,285000
spotify:track:3uwnnTQcHM1rDqSfA4gQNz,214739
spotify:track:1sUTfgduT0WIQO8kXKXxLC,335240
spotify:track:2oSSdWH52JwRKbGgkZkk83,273240
spotify:track:411GLjM61AhutwQGmDRIne,395000
spotify:track:6jizk5lOUnfpaZXYMdfeC6,217306
spotify:track:0VjofSmIfyEkTsl1tTm90w,153573
spotify:track:3j4viUIDSuB4xfYYlp3Lpa,213240
spotify:track:0s6OWiWGuiCcm1Muzch5A8,188933
spotify:track:6jk2NO2nHWHnKo1skOuJ3w,256727
spotify:track:43yfBfBRUM7N2GtxQg7HRm,247693
spotify:track:2gymv96H9JoyBhheWPRKPH,157842
spotify:track:7aSSsHnGQ54rbMZpXApmtU,356600
spotify:track:2e3fohSwZ9nU6Q2tks0fFz,195466
spotify:track:1rLYWSXPrJGWnlGlSwPEia,230493
spotify:track:1gmdTQbEgRZoCbVqSLEJj5,138201
spotify:track:5DrNFzZZZVfXaEZCaceKnp,414720
spotify:track:2DAvUcwx1DVjkOrW78t7o0,183586
spotify:track:5J8YZkLP6FGDKwfkr5NybJ,139440
spotify:track:7p9WNRXxNuCNPEIN8fucTy,280213
spotify:track:2YAQa5dl4GWo0GuVliWvdR,207528
spotify:track:0PXZcf3Sscsg17IIsdmlfY,181099
spotify:track:0egDphqMcXZ9YeqvSBVRu3,154218
spotify:track:6goUTcMn0V30hWtKFIj6Kh,277773
spotify:track:4P76CEIXrrWT2cgS1YrTMr,205720
spotify:track:5OQGeJ1ceykovrykZsGhqL,207506
spotify:track:4vSlIeLQxLnmSMGO8VggwM,99104
spotify:track:3J07YIMTnaBv4p6QerX7hT,160266
spotify:track:5HeKOKc4phmLn8e4I7EkzD,229120
spotify:track:7aQjPecQdIuNd1sz3KCDhD,193953
spotify:track:6KgBpzTuTRPebChN0VTyzV,159735
spotify:track:3x4yV0hW5Ve3TKhFkXSqFn,266000
spotify:track:1rQKFTdEYJpCb0cRTdiSJg,220984
spotify:track:2gHQFshhIeL502tTFJgfp4,200173
spotify:track:0TvCPywvY8QGAWdteEiCdF,231349
spotify:track:3IVpF7FvRxuOFH9RvY4wrK,190560
spotify:track:4PYfFHKfjYz6dwAtZhBy1z,108650
spotify:track:1zng9uqqXoPkmU05nsAlsw,394400
spotify:track:2CCzZYCwAJ8l147yQRNMC6,187276
spotify:track:1IJcROM3wuO4phCdjlEl5t,254208
spotify:track:29MOOOmMRPeWyPwKQFoF5t,254453
spotify:track:3Y9xtYyVyF13po6xePV5Cp,242331
spotify:track:4FTC95WU1bbgeOP9IzsKnk,303386
spotify:track:6v6WjsyLdY189IewecL2x7,248600
spotify:track:0Dfctnkk9xIikDKJ06uwzo,163493
spotify:track:6keKIzkXWdbwJWMBJQUwYl,161373
spotify:track:74rZrZDSsUl5L8WCxLe154,276198
spotify:track:5N7T8p059zbKJNfxs8cYPI,155306
spotify:track:7Apo6o7oxgFyXaSmdx6NHN,210266
spotify:track:390rIaMZQjcnRLcHY6DkKS,186466
spotify:track:1oT20g6f8rvymheUIdFr19,219840
spotify:track:4bEwaORm2IBfu3omjEna7I,249343
spotify:track:2hConpLOB6gmyM8vDkVOof,232160
spotify:track:2xVkTWrII6Dvv7ELDgWcPJ,239266
spotify:track:1rwGdnrtWnPYBipRrjnzEm,197440
spotify:track:7wSKp8C7XInC8r11VjeHQo,117209
spotify:track:3lAoqK9lSnZ7JePkZ24TMp,163828
spotify:track:0GIfaHgivfBCV67eYF996A,461160
spotify:track:2Dsv2vdCfLucFIoECqAK6U,225050
spotify:track:2PMSOgAP1A2TYbRqGCS9ak,247941
spotify:track:6C9f7KlcEcshGFYNgqjd0q,213600
spotify:track:6DRGwsUFQrNerxRexK7KMB,194880
spotify:track:6lH7E41rJRKTkMzo5p4uJB,184266
spotify:track:5kcV3Xy1nIT8Ufi9Nw6hvo,215266
spotify:track:22eADXu8DfOAUEDw4vU8qy,271080
spotify:track:1jvzmNw7sVTSDnprPuEi0D,115706
spotify:track:1HhLogd8ljnRgXM8FlAR8o,286813
spotify:track:1y3bE5i57eUm3hfLAc7h08,232906
spotify:track:56odhRyx6Y9ba0zEE4aygN,140032
spotify:track:5dgQ2szPYHnTu21U36EEOF,169677
spotify:track:2OFrAsP5Vrcb0DtsPNsm54,190845
spotify:track:47kkvqvjIhLm2DVPsDSiv0,222666
spotify:track:1j8bp1BNjMxUJV7nLkSUrb,170946
spotify:track:4HYDUMY0xSpeBr0AMY9cUz,219048
spotify:track:06F6S9PzxFdeOZNoXf7GJl,269573
spotify:track:52jgoqbfmNJmPngHkEIgZn,187212
spotify:track:7AU0zo4WShS29olDPT5DsN,257146
spotify:track:2pfV8fZZdLRsZYatVGKlUq,176017
spotify:track:49vwUeeauJgEQxDViXA01C,204382
spotify:track:2pWBSBT4GLSqt4mb0dkokU,253240
spotify:track:4yA2SM7XCLkSgkBUSoZb5S,228800
spotify:track:7mPx5N0Yg9s5U0Cd13WA8q,260386
spotify:track:5VEd2Yb0Mqy1GOuEp7LErd,156866
spotify:track:5RByQFt9Mlo8hDYJ921tCv,342626
spotify:track:5eqK0tbzUPo2SoeZsov04s,220306
spotify:track:2sEUPmxQjBQOAGn7CT08pn,152380
spotify:track:5x5tNtUgmS8bu8cOduZFW2,200666
spotify:track:7eAWmk6IDva2iA0q2Wx9Lv,207280
spotify:track:0g4fzRkbLeCDUCoe5iUOcf,139840
spotify:track:5mokboUpvSxFY4vHmpCheF,337133
spotify:track:5oV1YjM2rtyZ55txHHsFUu,170000
spotify:track:6PyFYTEo8X3inQ4hQvA8md,214390
spotify:track:75dqA2rQHnUtP7XjvkmKh2,214600
spotify:track:5rNNZ6fVYxkhwqUfImVhU1,151500
spotify:track:1TAphH00pfmhWQ2l6EGu8H,323008
spotify:track:7jcLeqojncPZAFh2VUO7mD,123386
spotify:track:79STtcr7TWvQ5ab9aixtVI,405106
spotify:track:4JE6agBLHGA5TaF6FlqfBD,218754
spotify:track:77wOpffkkQtZpdrvhPKbFq,330360
spotify:track:0HdgslFKTE3hi2lCdOf2GJ,180923
spotify:track:78lAdJFOmJZ5I6Ml9YjteG,407320
spotify:track:0G0p2EdivB5o84Gav20SmM,230133
spotify:track:56gp2gaiMdwoSSojS7D6K4,323226
spotify:track:6Rg1H1aIrg99gsOKCEEDjh,247292
spotify:track:4kVmLlBnLcfXIZIIhq3VUq,123207
spotify:track:4imAhbWPPmdJ7MAVfnGwJK,319599
spotify:track:65IpX5n4xwWeoXQNdtXHos,535360
spotify:track:6FHq8CGv2DXFGpOsmw1IW6,229460
spotify:track:0lwFbpeYLBeAczn9zetRdT,309000
spotify:track:693iqPOQvhI7PobtR8CC8v,265746
spotify:track:1q1T0TbFO2fWkDmgCKwTB0,228000
spotify:track:0IZqXrLiteh46feVPLbkcx,162802
spotify:track:5DBk5uUWxH4Exe1DERvXD8,259265
spotify:track:5VIfacsWytkcgr7aTt8Tql,160800
spotify:track:7woZGXjtaYwuvSoU1zToB3,256666
spotify:track:4vkASA2z0cdO5Us1kuidiq,118000
spotify:track:1iAWDVZem3Vx3Pb8fTUTEL,152137
spotify:track:7ajbuRiZBfqFxaq38BsmUO,212173
spotify:track:27vVZtQP6tIGI14KU6wycR,202773
spotify:track:3ubZ2SxShewBQ6Ou6R7iyX,220333
spotify:track:2245x0g1ft0HC7sf79zbYN,272506
spotify:track:3d3aPk50dBMA2YbA7lC92r,182400
spotify:track:6KtAN4uTzHaxsNuIZ9Qnd1,247066
spotify:track:0ZzVPCGdkpKcxAzMNDD5UZ,185431
spotify:track:52S8hL96G4VqbSXVar0gqa,206773
spotify:track:5xZYegRNGeLvC1eUQKHOxJ,310080
spotify:track:3h7tr47MIwSz0i53YzliBg,340293
spotify:track:1B33c5qmXg3wXMCu7zp9oi,121077
spotify:track:3ujORpm8Hf7QWEtfqSAZL8,161144
spotify:track:6wDeZntXr5oWaXbAFLUHRf,340826
spotify:track:3GfGTJ2xzC0rqKgdjNJLOC,300213
spotify:track:2OsuNPRc9qt34UOatyrAlZ,354213
spotify:track:4EdxXgcjlUv31rBSC1b5p7,203160
spotify:track:5a2AbdlDvBRpu7yg6fTehj,102946
spotify:track:0RgcOUQg4qYAEt9RIdf3oB,170160
spotify:track:7bHT9osSq1rwT2yaImzqCi,299506
spotify:track:2p8ltfqJwkWXKW7ECRwmjY,182746
spotify:track:4aKyooqwVbEyTbFcuvhysb,239599
spotify:track:4vHb7FSiLF1llpDilBKn6W,218200
spotify:track:0aMHIW1lqrulVCx0LLlr6a,307187
spotify:track:2qpdiWvU5zZd2qPXbqB8Fv,316680
spotify:track:5WvQjVukHeE6bc3r8nxVd4,192573
spotify:track:1vcAHEXL5Cl9TUk0ESvWnN,248106
spotify:track:58vWVeAtv2LKwlYyRLPWV5,374400
spotify:track:4gitetlGHZ9LfuJhwUhEhF,225992
spotify:track:0vnzk4L0JyMODSqLp3pHwo,242733
spotify:track:2DKqDAq0v3eKtzO8TpEPUB,193706
spotify:track:1VHMqJDeMy5VOhk3p1uMll,215413
spotify:track:0j00zu3FKBWSu1Hyt2Ivcj,209820
spotify:track:0akyEssGRVHstqCSWXusJL,207400
spotify:track:0UV5zxRMz6AO4ZwUOZNIKI,234800
spotify:track:5iw28wvyHgj4ppOu5AdcEU,212010
spotify:track:1kIu9zpYtWjgrLlsactlna,262560
spotify:track:52LlhCHf2ZTHTAbPZpAQHz,153046
spotify:track:4emicu3yCflgo7z6cAuw5j,221760
spotify:track:1ES0vABdY3IKTZ38GXgLkZ,169784
spotify:track:1v1oIWf2Xgh54kIWuKsDf6,248826
spotify:track:6PhxW0gdxdSAVzpmlzLSrj,192618
spotify:track:28HHPAwdeLxYcmXAnihqcx,152344
spotify:track:6Ep2XErOa5SCBGzARBpCr4,281973
spotify:track:2PTAzTzFwsxqMcL7T0UB40,234857
spotify:track:4DhTBCvoemYivBVHkk7RKI,262186
spotify:track:4OMu5a8sFpcRCPCcsoEaov,401066
spotify:track:3F2Fp02Tqe5JNDjnLwQXt8,268973
spotify:track:5tsiVaup3IdqXrqItieZLY,50565
spotify:track:029AjreWZkfhdUn1bruyrG,175694
spotify:track:3ZFTkvIE7kyPt6Nu3PEa7V,218093
spotify:track:5XPhP1GxobXtSswjufdZhC,259933
spotify:track:3dXjAh7UEuCJnLIeFKNkxd,172986
spotify:track:0Xek5rqai2jcOWCYWJfVCF,196760
spotify:track:1pKn0aqTVilaBJDKWJ6Aaf,267266
spotify:track:5rAQdqNBIySfxnWqSVDPva,308760
spotify:track:2OuNnwnNQyWrF47pthWxNb,224866
spotify:track:5q4ZfZEOAHjPLgwpTNZDHC,189231
spotify:track:4mZ21gpJNLhZsM41GAxE29,236160
spotify:track:5T8i1ksDzL4CAxuzJBpZ1F,93040
spotify:track:4cPpDhQcoVxxkJSoWsmId2,259826
spotify:track:3bZxkMftdwmU3IkjRfwoCi,160133
spotify:track:7av4raprzW2bWdjyAaH3hz,232600
spotify:track:41YOS7VuxHEEwYHLfa7VWM,236466
spotify:track:0QVgZCAnasHo3TevIz7XLW,234600
spotify:track:1chxAv59LZcOE5FyrlUze2,324853
spotify:track:4LkJXlCD9AYjScPywhUjZs,295400
spotify:track:7tVCECq0bdGu5BaPTlEhPs,226660
spotify:track:2W2WpVIkC7w8kvlK3acXGR,293000
spotify:track:3VYUrIrAwG0ZfW8rDucGQi,168386
spotify:track:5Okf7KBikV8we3uqCMFjiL,252453
spotify:track:0HU5JnVaKNTWf6GykV9Zn8,239146
spotify:track:0wepIheFRGnHEDmZwfINp6,188626
spotify:track:5nLKrvpQBb8sE3MvEfQGFI,180000
spotify:track:0Z27rTTijg45gBZn56hBSa,133093
spotify:track:1SuznrYulmD8HMZrenI0VU,200627
spotify:track:5PkTujqwUcpoiH20ysOjS3,235400
spotify:track:6JZeWqHruRlacyKaWSW6IW,223132
spotify:track:09AvsbivV1FQBRAEBJh7UL,175163
spotify:track:6yFn1gA36FwRVkbtZzXzAX,250560
spotify:track:1zxiR3uVhsedq5yHVLyunh,125793
spotify:track:7oSUp4yZ0FbuSvVmCxH2ty,182293
spotify:track:7wSj4FQxskWcmNPdHFVLkU,577426
spotify:track:6vn8dvUpDC4YeaAh3BI25r,187853
spotify:track:7LHNQh6DEjcgSHPnDlDGAe,88597
spotify:track:2XIc1pqjXV3Cr2BQUGNBck,203200
spotify:track:0N6RqVOdEMq31N77qbGa2R,308760
spotify:track:5NMdW6znfRyozoAvLkl4cW,275945
spotify:track:3E3zYgQul8EaJioNvD2tv9,146946
spotify:track:5GkQIP5mWPi4KZLLXeuFTT,167989
spotify:track:3N8zfz3w1n8b0ICGB76MhJ,154500
spotify:track:5RwV8BvLfX5injfqYodke9,199604
spotify:track:4qgZs0RNjdzKAS22lP0QjY,337505
spotify:track:3zx8RgLWCCUM866Bo4SH4e,119400
spotify:track:10fj46VSvjIqMVOcJl6Jsx,206636
spotify:track:6oydH4kg19T0VMEW5xjZhN,183933
spotify:track:0tWhm0f8lAffVXCCJMCvV6,253866
spotify:track:49axn2E7AUp7H4st1huyqV,184666
spotify:track:4WmB04GBqS4xPMYN9dHgBw,199422
spotify:track:5Zpe48RJ5Vs1YuFRodYdeS,155644
spotify:track:20I6sIOMTCkB6w7ryavxtO,193400
spotify:track:2u2T2sB5Geli45Wh7r4lhr,177093
spotify:track:1K7mCFat5IIGHllMOQIWJe,313186
spotify:track:5uNqPoC9cyY471DkUo9f48,295813
spotify:track:10CL95IWr1AhnWxWvD3aDE,170893
spotify:track:4kox3aFipUUpl36R97nvzC,216200
spotify:track:3zHq9ouUJQFQRf3cm1rRLu,252534
spotify:track:0qcr5FMsEO85NAQjrlDRKo,223840
spotify:track:1tDWVeCR9oWGX8d5J9rswk,130427
spotify:track:4xfRuUNzl6A3yrCUAJYA77,100000
spotify:track:3LTMnFa0hhwisyq6ILahyj,348624
spotify:track:2y2li8wh4OIpzadkmhKwhE,275413
spotify:track:0zC1dB6UXJZDAnztHgQ1lp,232200
spotify:track:6txWz9UapYHVxEd7dDIHXT,217106
spotify:track:3hRF7lXitZxZ05LEfXBLzP,146320
spotify:track:10avizu2eFpmz90oweAJdp,241506
spotify:track:5p6xhgQCwzX0G9PadMU9GA,212533
spotify:track:7safX55XidhznxK5eDdDm5,241360
spotify:track:3DPFmwFtV5ElQaTniLOdgk,268333
spotify:track:2PDYhBpqYGfvOYD1L8kE1y,236133
spotify:track:2LEF1A8DOZ9wRYikWgVlZ8,248133
spotify:track:6lruHh1jF7ezgbLv72xYmf,223000
spotify:track:7mIcuiUK2oq4PJSuDeY2Lw,221600
spotify:track:04ndZkbKGthTgYSv3xS7en,174369
spotify:track:3xgT3xIlFGqZjYW9QlhJWp,171029
spotify:track:6IlSNchcDRJTOHOU6tg1t3,117931
spotify:track:4UHZMWgKDjJ1zS0t6f6qPv,170346
spotify:track:2cu4KvdykqkUOUsHu3NiTD,283280
spotify:track:5rhneBPYMdfbeapETTW0vT,190906
spotify:track:6FKU84JHM1lbiy5Dx0Dyqd,217800
spotify:track:2ENFNsB2OIRyfcd9BgT18P,183469
spotify:track:3NNBzFAVJlBadxy6JvU7pV,142841
spotify:track:6d2UQWWWZj3k4BE6WcN4IT,133813
spotify:track:1qlYwqTgvZBLu3Pc3m6cOE,351426
spotify:track:2cebuDRXBsi89lb1Jz3TFs,184026
spotify:track:40gk32E7YaTFoQwDIWv2SY,135693
spotify:track:6c2a2TS9QAtX4PA7LrweQ6,139684
spotify:track:1HMqKoLg6nYWCbpq8C0QVf,198825
spotify:track:668JOhJXCQeUkAsjfREN78,164200
spotify:track:2izJeWBNJcBr1tcNoimOl7,184640
spotify:track:18q9HXSEKJ7w1nTAST38jB,186773
spotify:track:2mQAEGJforwYykwmMIvSLo,222400
spotify:track:4FKzLOsMTwz9A00P9lVyrh,180813
spotify:track:3VaJpVf2jc9by82sJDIKzy,152842
spotify:track:0UREO3QWbXJW3gOUXpK1am,177266
spotify:track:1paqKeBaEwoDxskfwST0FC,204626
spotify:track:2mrZYZGmPFV3QOyYPZ1zsn,198186
spotify:track:3hFh4tsMFhskEXlJ5DCzsG,428266
spotify:track:6PwjJ58I4t7Mae9xfZ9l9v,197200
spotify:track:6rEJ6ncZKq9EM3TwyMhTDo,236973
spotify:track:4rqFUchzaQgOUXUo6yWQiD,367304
spotify:track:1PtJclc46wTk367PlsU6Uj,285413
spotify:track:0iizrCBnUUJuAwCPJaWWY0,174866
spotify:track:6P904NxAPwCV72BH7qTPCL,208506
spotify:track:4aoT4eYesZWIwifnIFRgcs,205161
spotify:track:7102UhVPxGoYGNE2w3duPh,183750
spotify:track:59dEBZGaS07uCAbjUdSw8G,205125
spotify:track:0MWEAuS9cmbmbXOZkzCblX,354626
spotify:track:5gb9UJkh8TfrNMRYOJNbew,213106
spotify:track:6u0oZNQF7IL1yHMvXCEX62,237240
spotify:track:4NguIJhKOfPPIaFhuPZJpw,211200
spotify:track:6xGgtxLqEZRDYU6DhJ5x0Y,186195
spotify:track:0WQ3l6AqrCJLDpxjhDHbFh,362066
spotify:track:0cAPfvvqFZsqsIz3ZDSKIa,297226
spotify:track:13P5rwmk2EsoFRIz9UCeh9,237626
spotify:track:5Cz7hhZOzPVHk2D6Djh2ID,220852
spotify:track:7zA4mSMq7WcbRv0wQxv6RA,197120
spotify:track:11DjZQEZ69EXLo77HVj6yW,154120
spotify:track:7sp3ANvVq6FH67nXb6q1yA,229459
spotify:track:03K1QRoyz3n9uZQp2ByUw2,101653
spotify:track:5fl9iJbPf5ZPenmUJxH2k9,250650
spotify:track:3072JgV07RFOWeeEeHFYsp,125581
spotify:track:0ijhkvBpA7OBlY4clWSUZw,235466
spotify:track:2pC6LUWFEf2S6BIuBjrWWF,209893
spotify:track:6BLBlxHF62xVcCHyPw76H1,179866
spotify:track:6FBzhcfgGacfXF3AmtfEaX,129697
spotify:track:4fTmfK5efjGjADhAUAjgKl,185506
spotify:track:7ayulkxeQSsV1nPVd7tTkS,283240
spotify:track:5E3QfFdYBev0Jlmp3jy2RV,218547
spotify:track:4lnnvbDykBh9Sm5vjmNTYP,365625
spotify:track:2SpEHTbUuebeLkgs9QB7Ue,161533
spotify:track:0He0xCEpiZkxdSjgb0ERpT,319026
spotify:track:2KAQMHnDLzc3jr9tlLSJIC,471546
spotify:track:7rfiXyFb5M9BqdkvKvVEiB,228706
spotify:track:7djCla4Gp1Kt3W5TPPeONJ,124733
spotify:track:4860hLxw5LtLdcu9Tw3lqM,147767
spotify:track:1XtZ3GROvmy4JrT6uMvsD8,385880
spotify:track:4HG1YiGBseVKzjyKcmAJen,247893
spotify:track:5oxVimkWhxcePBKHoLGGLz,417385
spotify:track:4nvSVT0e63jr8WPzwkDXXE,292813
spotify:track:1gv4xPanImH17bKZ9rOveR,202960
spotify:track:1IfSefpyslw8J6qlK9yc6z,181093
spotify:track:2dCcDpm6O6ocomusl5ao6p,210426
spotify:track:3pbtBomO4Zt5gGiqsYeiBH,245600
spotify:track:3e9HZxeyfWwjeyPAMmWSSQ,207320
spotify:track:47KegqqrzpKw0jdHFWqtNb,188200
spotify:track:2WmGTOwNxN4jWc3SUKhYeo,340529
spotify:track:7DrluKkTviBwCc8AV3VGmf,231920
spotify:track:2npStoMbQxG1LcIeF4PZrj,229226
spotify:track:0OMRAvrtLWE2TvcXorRiB9,203160
spotify:track:07G5C1wAil4Mp1qjbd3eTR,224373
spotify:track:7IfpWTvwmgaQDvAVIThyuv,369360
spotify:track:7b4vbqgzMhbFa0wdjfftQJ,281266
spotify:track:1GFvYZ72Ca67UG9Kdjjk3C,263426
spotify:track:5KboIqx30dztT6wmEVFn17,208954
spotify:track:33uYlkI8CliIYMnRYMMAcz,261253
spotify:track:4hmzXn5PlyspAkeT7RSEAV,237120
spotify:track:0SvfyHYDp2uIsHt53LDlI9,219400
spotify:track:2yWAPCnRMbpbGqVHAZzqgJ,280314
spotify:track:3njZlgsB9MI6DVTg8wDPsg,190333
spotify:track:5gKFXRkTRYMWxLAEDNig4C,169354
spotify:track:3jJZVeExYzVYiV6Y9Fl3DX,310346
spotify:track:1JpcqmUlzNlK7lpFOkszzv,190489
spotify:track:0R85QWa6KRzB8p44XXE7ky,197026
spotify:track:0bVpPI7PzrScltqKCm5DKp,240840
spotify:track:0yeSJJDdoKqNaDN7549ELm,251573
spotify:track:618v3huzqDQQBfMogznSb3,217864
spotify:track:1D3ODoXHBLpdxolZRHWV1j,201254
spotify:track:40khceskXhbjyomqRHMW8Z,137142
spotify:track:3kljpK2yGxT8uXEfehavtX,187106
spotify:track:5M9jOReAKGZ2AttVefFjTY,223139
spotify:track:18RdChpgvaAO7GXDjLks2B,178298
spotify:track:494N6mCMlYpGzQLW3qE6Y0,204048
spotify:track:62Chy6UjYOxsUO87aCUamR,260853
spotify:track:1AqemxWsT0iGg5Lvkm16Bt,192973
spotify:track:3bMkh6PigsCN1DVYKCLLTw,218666
spotify:track:78zZHe4iXo4ETwIPVsP6EJ,137826
spotify:track:5vdQUAFncALEH9EQvyAqIX,182769
spotify:track:04xYrikbiBH39wHO7Sjae0,297705
spotify:track:66hayvUbTotekKU3H4ta1f,250285
spotify:track:1POm7x6Wzx5MFnDbP1mbaJ,234826
spotify:track:383QXk8nb2YrARMUwDdjQS,316717
spotify:track:3zFLkm57FVXjHx0aRhzw9V,232000
spotify:track:3WPZOSnJ2lWvmjE3RvdxfI,170906
spotify:track:6JZqIYmwDjYcw8nawqst7a,308266
spotify:track:4VKI2yBkCE4mWhFBwZp0LU,175533
spotify:track:6QdnKD1zwEgyOWtkrdzlOF,230026
spotify:track:3qhd68Y3ectdiZelDFlj3U,291466
spotify:track:6saUECrkwa8uF0AU2vnwoT,191693
spotify:track:3SLJPQDV8WbM9ogPA8QFUf,332347
spotify:track:0Y0TGevOSmanL4Bmy0DXsE,153507
spotify:track:11SyFXAlto6hoUX39CEuCQ,273260
spotify:track:61AK5ICbKk20h1dFS3mXuu,456640
spotify:track:1UYvkIoRbxxiuSL4CNIdpu,214640
spotify:track:0BDru6q05rArjvXF0DKUf7,217986
spotify:track:5NTqsAiK9MGdWiWTASCzvH,290241
spotify:track:5hEM0JchdVzQ5PwvSfITeX,210322
spotify:track:50zfAsiLVjj0XqQ4XmslWI,246733
spotify:track:7no9sVJ77HEAEpN1iBuOUp,196666
spotify:track:6kblAEj0T0312fv5QWsXzo,235386
spotify:track:6BmzbaB08O0FjHXeS0cR5b,204653
spotify:track:1TDk2Jmi4dVZhm2dum3Jim,222026
spotify:track:0kA5scXMiaO5Ms2GQ4pRWa,235520
spotify:track:7MwQPN0I5Faflhp0NXlIDV,128220
spotify:track:5S77ELEkmvTrKzIKwJkPhi,290333
spotify:track:78RIER8V6EhrqVPOBi2GYa,294586
spotify:track:1nxpWsjFJ60eYk1A4i2cz7,202733
spotify:track:3o61TmQm5zWVCQmRd45sz1,204171
spotify:track:3l70h6Gfgmny5PmjISeDJu,212156
spotify:track:1SDiiE3v2z89VxC3aVRKHQ,444148
spotify:track:48uN3s1XheNSqCLlwgprd4,61924
spotify:track:3HzhSjlNmmgBUEs2YUeFB2,114146
spotify:track:3ClBKQkKoaUQ6UOhe2xlJK,342040
spotify:track:5RClLxkUvnMWFUQ3VAQEHj,160666
spotify:track:02UjN28wB5uyeqUhZTiuZ2,257733
spotify:track:5uoSTLEtTPF47NWRekbvLH,164300
spotify:track:0W9pySnXSqu0oeSbHkdYAF,164516
spotify:track:4KaIJ1FWXUoAAnOts1YWjD,204280
spotify:track:5xu6aPH06QRtfTqwckG7Pb,246773
spotify:track:2RiQvYKU1NYS7udLEpLTkN,312093
spotify:track:24vWp4GbpSN9amdGG5lAom,221053
spotify:track:0cTabhruc2gXnv8cw9OOgf,191760
spotify:track:2UvKV4NiYtVmp9kNUX14IK,147911
spotify:track:2UCoJsWNQvhCJjDYIdRlZ0,180600
spotify:track:7llHqGQvs1OLZe0s7aPYFo,204852
spotify:track:1Ej96GIBCTvgH7tNX1r3qr,225933
spotify:track:49MHCPzvMLXhRjDantBMVH,290573
spotify:track:6lvWkg6JolSaQcGIzk4Q9e,189787
spotify:track:6LxbbZYulsV3tCZvKpJgSh,210657
spotify:track:7FEwp8BavoEVE3AnxJDchc,260640
spotify:track:6cvMmviJTZTBOFh2ohwZg6,178349
spotify:track:4it6vaFbkGRUaQlwWUMg3v,165957
spotify:track:0AH6WMe3OlAlUb5miXt2FQ,235493
spotify:track:39N9RPD9MRb5WmoLzNzPeA,173627
spotify:track:7Fn84f1WeWabP3aFXW5TA8,273866
spotify:track:1Pt2STlAgfB1CiEV8mf3CN,209666
spotify:track:1xdoNSWRU59XRgtOgoQ1KH,113193
spotify:track:0so0moYLqkFWE6dquoCOsh,221360
spotify:track:3LyD4tClF8T46O9yJ79Ovr,159013
spotify:track:1lNRVjK8MukRZpeurYssIx,300209
spotify:track:4Ywdfr8W4AClH1nGUd6GnH,255946
spotify:track:4MzXwWMhyBbmu6hOcLVD49,205090
spotify:track:6i3K9JRY0Bc6kZZeyMuikL,202102
spotify:track:5paHM9dgKmjUGy8n7HufaH,157240
spotify:track:7vp3LY4mkrd2G9li4HrccO,155016
spotify:track:2x6tGll1ccZ2zGizq1QYtP,232997
spotify:track:4AOCixIsN5aoszu3dcwalf,144375
spotify:track:1yyI2PZyzvWNt3TN5sZme3,304826
spotify:track:6OZh916QF8XNunWaP97WEZ,212424
spotify:track:1HhXBDM4vhNiOiSU9BBBug,258546
spotify:track:53pxuVsqLU3rIADN6T2COo,142182
spotify:track:02Hk9cT3I8WehA7J5l9yCL,185360
spotify:track:4D2GYpZI6ttU2LrCVLMz3v,325520
spotify:track:5VMRCRRiAW0isLbufLlrKF,209680
spotify:track:6U1ueRYXTjFHuJ9Ld2LBIW,170706
spotify:track:2ixsaeFioXJmMgkkbd4uj1,200733
spotify:track:5eBuYL9L5S15DqrpKQjUv1,154452
spotify:track:49E5m0yZWoxb7Yms94Ik8B,173640
spotify:track:1jRHh8JcdUV9zTiAmyzhU9,261543
spotify:track:2Xz4hxOYFPVdbZQuEq49FY,221257
spotify:track:7B1QliUMZv7gSTUGAfMRRD,300333
spotify:track:2lCqD2RNc5APdjpw0yZin6,160426
spotify:track:225xvV8r1yKMHErSWivnow,298760
spotify:track:17PNchTVekILI9AOHYClrM,199254
spotify:track:7zWOfe80NQp9zQ9QbWjb1p,186000
spotify:track:1UGD3lW3tDmgZfAVDh6w7r,351946
spotify:track:3YuCqcgs5IQxAds0H8W3Ym,210000
spotify:track:7IG7laqVpcvIIULrwWP5SA,155675
spotify:track:2CVtnS0sHqMWbuTrLq6qKV,265253
spotify:track:2hDMI3I7WGgHmP4EGAk7la,273200
spotify:track:4kZOi9K2i06Syi2DiSfEqT,321533
spotify:track:1PH5Es89c1cENU8WVuWwbp,316253
spotify:track:39Xb2mnMH7w8rpg5S3u9FS,170109
spotify:track:0rv9L63GjFjMawFOSaZYjf,319053
spotify:track:7qpyx5qCAd4s1CtYaqjrAs,169677
spotify:track:2YXFWcEsz7QIHU4nlnruyF,226920
spotify:track:6hwqHKyOBZvKUUmUJeC5gK,214800
spotify:track:4UCTgh5jvtqoaMX6MAhUNn,224933
spotify:track:2DX0WG5OGLQLaXb41Cq1IA,295666
spotify:track:7CZyCXKG6d5ALeq41sLzbw,229573
spotify:track:5B8sDKrg4VN8etjH0vFz40,289733
spotify:track:1oV1tu8utgHQjLJsEK9sVl,302520
spotify:track:0hCZGlW9JPpl6qDhxuBCDc,225818
spotify:track:3yhVmOZSpZqnhRrEiYI0EJ,241000
spotify:track:4u9T7zIjixFR27cfDnNC6f,234680
spotify:track:7LaCgCP7FCol0RYwMDQKwK,242573
spotify:track:5XNpdKmlLJPUbwKQceX2tW,408480
spotify:track:3hE50x93isXFOaKVoLyaau,121260
spotify:track:5Mfz3Aoj1txhueNZUXSUnV,65182
spotify:track:7m4SPpC6LcflHyDp8bbYbZ,116280
spotify:track:33pDmPx2pkJ7JCAQpRDQ9B,298026
spotify:track:5PEMK25bTlaTzSZB56pxyv,236026
spotify:track:4dhARBZ8YLvm8oRDnCIeXr,317800
spotify:track:2hSmv6Dx5L55TwddgzdLBu,439213
spotify:track:2nA2F3JwEj3FoR9Pxgnkln,249546
spotify:track:4E2h8AM3q0ev6NKxxHr1Zr,206373
spotify:track:0EeQTuwvEz6WFkgrDkj8Kx,275880
spotify:track:3JPB5TGQS921t1vW2drw6C,281120
spotify:track:4Oun2ylbjFKMPTiaSbbCih,187541
spotify:track:4XXVKcnpCRRSScVm8UGGgo,198240
spotify:track:1P49MJhU5vzttesFxw3dOM,180266
spotify:track:7icHdqnBpCxst6WLS7G1ij,242973
spotify:track:2q31jbhT4UKTd0hD79yPJQ,185340
spotify:track:0ejq05gB5hHaNWS6JAttwE,209773
spotify:track:3cahGAUUQ0n55EjLBs2Wjo,201173
spotify:track:1FEIfJgaGwiLKr4L8W5Iqj,331800
spotify:track:2FzgbCcszptrQpdJOr2Soi,265266
spotify:track:0KoiMHhqKLoL4xM54rcWYY,212500
spotify:track:1vP2JEXRsGrFbwOZ0foOQ5,184381
spotify:track:3vJm9PTjLLQf2vcSj9zEHm,154726
spotify:track:3gwc6B1PqKKuQKz784qtO6,256130
spotify:track:3pHpV3pa96s4vuBP7sQq0V,284496
spotify:track:1nCKdqgqZop5e28AN54vuX,149293
spotify:track:6qL5UWxRSQYml9O99ozoLv,148640
spotify:track:1bpaA5Pn4jlo1cRAOBNQnh,298466
spotify:track:4wkQmYpAaMe41Rc3sYZ7Vz,232800
spotify:track:4N3stlRuz5cBNI4J4vDJ18,486186
spotify:track:2qy4Rc8zGRRc73hbkPNJ5U,113853
spotify:track:3BXw4ZaQ1vP3RqxGOR5Htt,131558
spotify:track:5yCdJ5dHefpBzP6jKm5zEb,326986
spotify:track:6liqFYyuPXOxhDorB94vbW,288197
spotify:track:5SiltGpJtokC0aH5YRjmir,153023
spotify:track:0aQEENDvw5OFFl9nwfLG3C,233186
spotify:track:0nV0BAyQmckvuF9xJOKCoS,202933
spotify:track:6uC9fa50cFyDOc1BTOLXiM,311093
spotify:track:4T2dFITIUExvNmPOQcGDVv,243200
spotify:track:5lR23GryHOflIeSkJ0zGnW,178874
spotify:track:0YVTnsGX5iPRyIhDRYJ3As,234717
spotify:track:5cZuz175oCOEY9TzSS98lD,163835
spotify:track:0OwX5aROoW1Iip8FV51Efg,205593
spotify:track:3F9ByoUqu31xU0I3G5xfVg,284373
spotify:track:3AKwyujeGxTQSZNbx9Ka3c,239078
spotify:track:0CY6SdWtU5DA1PeKMv2qKw,148158
spotify:track:5QK7CP97wyCmJKpwexUlQQ,282840
spotify:track:0pQskrTITgmCMyr85tb9qq,254293
spotify:track:3BZGi1yUqQyCNC868AqUGG,286160
spotify:track:7Gl2RyA6Vn4KdgpacprbUg,251173
spotify:track:5IMtdHjJ1OtkxbGe4zfUxQ,276493
spotify:track:3dFfcTFKgz4zJTCiFUP5Wk,289466
spotify:track:3X5M53Xi5k1SijRtZMM3TA,417920
spotify:track:2KTrV1P4FIooFm8wFRcUBQ,164780
spotify:track:7EQGXaVSyEDsCWKmUcfpLk,211920
spotify:track:2TmUt0ofWMa02MdYkKhK4C,149647
spotify:track:1ugnPMoZiN8oJ0TeEeiTPl,210429
spotify:track:4xj5OL6pyQTOsDRewbO5zv,217306
spotify:track:4jTiyLlOJVJj3mCr7yfPQD,206306
spotify:track:4qGfJb2KByjvzrwo8HNibg,167533
spotify:track:5RqR4ZCCKJDcBLIn4sih9l,147800
spotify:track:3tk754Rq836sIejR52qyUG,194080
spotify:track:43LdgobPlcCc5g9Kmactvy,274360
spotify:track:5jgFfDIR6FR0gvlA56Nakr,138386
spotify:track:0rRfh640JcRzqGCe0x9Ga7,239106
spotify:track:4dVbhS6OiYvFikshyaQaCN,260026
spotify:track:7jP44G0vKQLkfJ3x19pqPn,233901
spotify:track:7hVhRCDV100Jq26NGR7adw,225853
spotify:track:7GQumyB48MXYwHpqVJj8f3,207773
spotify:track:3mLW9wLxYnbls1LiT8DGQ8,174000
spotify:track:3F0mcxksBp33QrL6oyjvLN,99996
spotify:track:7FMwthFzjUwa7BeFwu4Yz7,219866
spotify:track:2HPB3px8MJZRMfu1L65Z41,193440
spotify:track:09bBwB9wctmnYtxMOdNGRd,217013
spotify:track:6R6ZoHTypt5lt68MWbzZXv,157706
spotify:track:2qEoAz0i6yEz5dPggABcLH,226187
spotify:track:7s62tntSuPkk9eoRYQeOUx,268200
spotify:track:3U21A07gAloCc4P7J8rxcn,145506
spotify:track:4BgjY38EalGawPHZdyfMuC,267240
spotify:track:5f3EtD85N6tTekD3HVja4j,195733
spotify:track:0ESdtt9cjGZUkUbaubSrv2,167239
spotify:track:1aiDlPLPljMFUylWjMZras,180626
spotify:track:5qN1G8fSHq4Sv5FRoOkNGu,178534
spotify:track:60eOMEt3WNVX1m1jmApmnX,246786
spotify:track:1gcESexgftSuLuML57Y69q,330643
spotify:track:4Pa3HPhg2DwwWcc32ebnNs,290476
spotify:track:4nH1lpWkgzQPpTYPPjWKaI,313546
spotify:track:7nP3UkswQXsoYi0Wm32ApT,235813
spotify:track:1RG3gmMs5h0VvDbwpC0gtZ,183510
spotify:track:0Uy8lcDHiPDicBQ7rnDgcK,213826
spotify:track:0vswnzoKvhNkT1ehc0Tt19,235106
spotify:track:0uwPvNe0myDCnOye73uYZs,96817
spotify:track:5JLbX9Z0JwzwOuF5EkhWPY,223200
spotify:track:6GzMz3s0K1YKwRVI36CgRx,270000
spotify:track:35LdDKNMwvKftENaj1WIwF,259680
spotify:track:0wEC0GNF74lAqrEFZJMl1m,179013
spotify:track:3SdingSsFcZDZAyvcJbgAw,131866
spotify:track:1rKAq1z1qMcwtE5b7c2P4g,247638
spotify:track:2dOsIrGQ49JsIJTUIjx6DK,387867
spotify:track:4O799OM270z43L7pKzNqrt,280990
spotify:track:2v738AcSrqklWKhBpV5alf,117360
spotify:track:3oNnzH6hmqIGIhJ1NcHlrh,160535
spotify:track:6BdiFsPMPkSEEO4fFXFVWX,313693
spotify:track:6CIXGq2OfAbpao8vcx96wJ,110491
spotify:track:2769RhOZs0ezRncRW1vryp,222860
spotify:track:1YOrbwtu2GN1UoDaZJBpOT,220666
spotify:track:7liWX1fWlrWRTqvLVSKC2T,188420
spotify:track:4vTjD2aIaRySj7tVo70w4D,140840
spotify:track:5I2I0xdHPV5opTDQbItBIb,245190
spotify:track:54fgYLd9UtdPZVjx548Ver,277546
spotify:track:3q92L28Xi8qahlIZIkzbqg,106666
spotify:track:2eRYuzlSOBk3HlMsCSOLPJ,214373
spotify:track:1c7UYTut2SBOPq64o2t0uN,268973
spotify:track:5dqd0XHTV2porbqWrWtvrb,401960
spotify:track:6ZQkqX0aZK5gFkzv6iS4vZ,332840
spotify:track:5MYsvAONqcsIVOwu2HTQ3p,146480
spotify:track:6r862ZdyJEHbiZsBOd186U,251333
spotify:track:217a9W3cZ3ur40RFQW2pTo,322640
spotify:track:0XGLsSU6wtfnKXiMNvQr61,246047
spotify:track:1Z0jkAvtK78wrDc5odDtdX,270800
spotify:track:2nTsKOXIVGDf2iPeVQO2Gm,387213
spotify:track:6hPAoJvuIsgPlxnoZnjPRk,383906
spotify:track:0KZ3rYFSmd5l0eBoAhf5aO,180004
spotify:track:3zwtnySywGlO8RX5tVuf36,191613
spotify:track:2JCxYaz4o7pSXrT1ZMBWOZ,215360
spotify:track:6vQ0VbsRRFOYVmjAMM8c2a,392812
spotify:track:40tAOP3DPqmVD6L1h45Jp6,274933
spotify:track:2BGtcLXPn7yJcTHaAiHyUf,242400
spotify:track:4ObsUll5eY9caJrdkauYuj,176933
spotify:track:3roVlQAELe3DGGTfCwcdvL,144160
spotify:track:7sDHD9tCtnPqGNTRHy0kSR,170160
spotify:track:4rVxIA2PfuPaFsVH5AOqIm,274066
spotify:track:0fQuzbQNLcD1ofo7B2NcFI,246000
spotify:track:5rlgpm7n5f9mWc5LQU42bI,245240
spotify:track:3VRiEEDSuej1Qohon4LB5v,141813
spotify:track:6bHzB3gk9n4Mr6nzPeghsw,176653
spotify:track:7CUYHcu0RnbOnMz4RuN07w,228200
spotify:track:54wTJDx2pWxJqsqEoXqye1,229146
spotify:track:7I2lPuuiOkpKtZlhr4zUpT,140773
spotify:track:69f1steoIMhN1skPkBR6rB,183099
spotify:track:0v1p6H03NUVHhOu3nXD7GC,349026
spotify:track:3ZhOHtPZ1JhDVFz4YaFqBn,145960
spotify:track:6CSLNGruNhqpb5zhfs5n3i,215653
spotify:track:2GowimtqavfhVavMWvwqhT,77600
spotify:track:1MglqgabKH4iSkw8xHJ0J9,402266
spotify:track:31CwFUc5iyzdVsDHrTzQG6,273133
spotify:track:2ETAQQzVNh9oSkpn0Jb9on,330520
spotify:track:1c0hsvHLELX6y8qymnpLKL,266086
spotify:track:6zC0mpGYwbNTpk9SKwh08f,225026
spotify:track:0e8nrvls4Qqv5Rfa2UhqmO,143901
spotify:track:0IuQQaradATpRx4qcJUnof,258800
spotify:track:1WsRuvitfegWXQJKRgRZrj,161653
spotify:track:6hp0D02uXVXvmaDSLhFjAa,344706
spotify:track:2JpTwRVXioTZSdizBGAhUH,203586
spotify:track:7KA4W4McWYRpgf0fWsJZWB,180386
spotify:track:6cEJheMNRySY0kBB31jtdk,181903
spotify:track:65eBRMPIMrQVndALJMc4fX,204594
spotify:track:6AltnldoaBof2CWM1db5xf,350053
spotify:track:0BPRWLAi1caowvmfxqRD6f,152044
spotify:track:72s2xlg3A340jhKao6DJNR,240666
spotify:track:6RaDqX3NAvfzieaKDBh2t1,261133
spotify:track:7bk6iZ5dsrMySXB0aVFYXO,274000
spotify:track:2FkCjtQ1lYsf71s2FAS8hE,157360
spotify:track:0VPOujDDCh583hkbpb3FI1,146269
spotify:track:4I58RPHVzDldHfK3t5HiZA,224086
spotify:track:5l7LdqIGDXXybjAVAKhFPJ,206472
spotify:track:4ncIigVZwwfITUprl0G39y,262500
spotify:track:2UWdUez9MB9yzL7Y81Mcip,315200
spotify:track:7x4ASXYEKfQBCewcZhK776,189653
spotify:track:5dbcQ5D5EnBK4mO3Oygzeu,201880
spotify:track:33zcmmElV1YbRZe57biUjg,179693
spotify:track:6UqRGwjwYL0stXbaodTxwo,210853
spotify:track:4mcnw76WNHc8K84vXH3YqF,397388
spotify:track:3GgYsEaTyCeTH3e5JyEyXf,157826
spotify:track:0Q7ZM15J0cJA9rd7pQYdRq,205520
spotify:track:0rzBZWKkXaEHgzW3xWDPGq,172666
spotify:track:0xySiFrYAFBURjqBfNxGGQ,166600
spotify:track:4lERyoQEhToCvIE3CiTyTa,199996
spotify:track:09LwgRZjXRle2DGbRiXYLV,272593
spotify:track:0P6AWOA4LG1XOctzaVu5tt,171805
spotify:track:1rxX4SkYDqluMJcYSijMSH,196727
spotify:track:0LUvPUrXYMMUCeAVPNktFR,22360
spotify:track:2rhCy1DpgdeZncDwkD4YCS,55426
spotify:track:4XZIuf6EJw8HKOkRC9Jlj4,175253
spotify:track:6MO2bfLHKykUgCChFdw91H,296011
spotify:track:249gnXrbfmV8NG6jTEMSwD,207481
spotify:track:45sziCSqS4BWSQWUlLRpyf,246826
spotify:track:6tKZbih1sT2ouzr8Atkbrv,149226
spotify:track:4HbbBVfEoAn3TzVcoXvdUK,178080
spotify:track:6wVViUl2xSRoDK2T7dMZbR,263213
spotify:track:1tvdNGCcgAhYaYq7ouIYGJ,185077
spotify:track:05iMQqncVBIm4AE26EvaTL,193373
spotify:track:7AalBKBoLDR4UmRYRJpdbj,367933
spotify:track:0WSlOSMLJWoWUpWci9nnRb,186853
spotify:track:26QKsGW4hMuwiEE1ftUMHe,210933
spotify:track:1MrZ8hGkUWMmT816wPaMgE,261200
spotify:track:4V3aY13j3FUamYQ16TpWyO,253373
spotify:track:2eJtqofMIEczrYc4mJrBYy,307466
spotify:track:6vXoU9YnObvGb5hPP6GyeK,364795
spotify:track:3vrObxEsMe6cG3Umc6ZSRI,27493
spotify:track:0GQU8fwVx2QKrImdgb9PG5,216506
spotify:track:33B24yVZup1NRafDRJU87o,242413
spotify:track:2cnKEkpVUSV4wnjQiTWfH6,232786
spotify:track:5mFyCVEII6mp5YPPYQfTck,222466
spotify:track:62uYBzWnNZQC57wazPwahz,171786
spotify:track:1yEzWCIc2MUt9Fw1p25YUo,225446
spotify:track:1I6q6nwNjNgik1Qe8Oi0Y7,262173
spotify:track:0zuMhwo38rwp8p0BSCROsz,187083
spotify:track:2WaYW84yWij5NSCpgSeU2R,177400
spotify:track:1Qdnvn4XlmZANCVy3XjrQo,277840
spotify:track:5cs55AliUE2gqePMIaDw4S,184075
spotify:track:0Uyo3tsKFD735CfP3UmOsP,183058
spotify:track:5E5MqaS6eOsbaJibl3YeMZ,230480
spotify:track:21Qsj3cMVCx2xF2EVVNbEu,110093
spotify:track:6LcTp8JrfwRweubbBHfCfw,315000
spotify:track:773xZHHSHJvC1z3AAtWgH6,308388
spotify:track:4QCFAZTbG6IS12snB4MbmH,118400
spotify:track:0S8ibKBl3tjRmYbZhGHNhG,156560
spotify:track:40RgCkrCqCH9YbHiCsKwLg,236318
spotify:track:6x959m2QDvatSwUAVCHIuf,230106
spotify:track:43uplr4bhcs8FJIU5KBzB1,275066
spotify:track:1QlGhMVQkxVaPx1xn1iytU,991840
spotify:track:1MQpJgQp0goNJtEg9fBtnt,247946
spotify:track:3wmaxxaH5UVCTMPKq9fyEp,96200
spotify:track:0O21yXz2ywoj4NIIGi38UP,225573
spotify:track:7dmdwwxTx9aoUsfXbRHIoQ,207280
spotify:track:166qsYi2wR3u6qfg7wrh1r,211875
spotify:track:6jA05EM7TTFpWKwBQr5Isf,244840
spotify:track:7IjWg3f1OCHn3598sxxCcG,194180
spotify:track:7GatRcyMDn5qX61851iS6i,267440
spotify:track:1kyZdBlUpvZFPZdhxQvsVj,262142
spotify:track:04sN26COy28wTXYj3dMoiZ,180933
spotify:track:31PJaHJxAHhNDmZBwgHJuV,30000
spotify:track:22f9Q6TpT4ClLRY0HHEgp0,277152
spotify:track:25YMD8Bf1CiQvAsYz5Bq0p,192000
spotify:track:3oQomOPRNQ5NVFUmLJHbAV,211933
spotify:track:5piJiL6aRhvrKBa9YuEfS9,170132
spotify:track:2RBQAtDa21nzhSNdJwkopD,167880
spotify:track:2U6u4NcGmeIgkDjTMrIidr,147644
spotify:track:6XQqvsGfqDZSYxWLKPlorG,330614
spotify:track:6aGjEZ7kq3YXgD0EDt80O5,200186
spotify:track:68drjp77R32xEkzP1vxlF6,203933
spotify:track:2bGlApShelovL2azxX0ksl,317346
spotify:track:1gzIbdFnGJ226LTl0Cn2SX,252200
spotify:track:1RwKYqANWKV9scG89okwJz,202346
spotify:track:2fYYmPNwDaNpw1KRSxpQ5H,293838
spotify:track:44sz0rNbTA687rs9CYi0IN,273666
spotify:track:3QQl3tSiEooVLQvC8IT5EE,140706
spotify:track:3SPcBPzvbmWLl8NU5efx4W,280360
spotify:track:5at039gZfHTvOK3gSLni5m,318640
spotify:track:0QFb3DXhyDXfPN33aVdBgw,171071
spotify:track:1piW2sFcLX1jhvWD46TwSR,180906
spotify:track:3ub7q257Qem7gm1Gp1i8R5,216007
spotify:track:4mLbifiule87a2oLrvwLVu,258000
spotify:track:4a925uZhSr6NAeD7RvgLhH,178916
spotify:track:2YpnY3013jldehP8lvJwSy,59071
spotify:track:3gsCAGsWr6pUm1Vy7CPPob,286920
spotify:track:2coU3tZNFgqqRdrhfqKPm5,186800
spotify:track:2BA8DWfjstSO3HEm6vLcQu,282226
spotify:track:6Pa10qJeYr5qu777xSieyM,249986
spotify:track:5bbCUTcTiUu1ZZjfmKTry1,304280
spotify:track:5IrtNw1BTSo4dbZ4ZO5bPx,222253
spotify:track:5WjHfw8Y5D947Qk5qw71YY,257506
spotify:track:3Ro71R8Vpy166E2PuQDSc8,333520
spotify:track:1c831kwhC1pxEZtvmpdaA1,209333
spotify:track:0TI8TP4FitVPoEHPTySx48,354773
spotify:track:3vv9phIu6Y1vX3jcqaGz5Z,226738
spotify:track:27y60AoHYM5EPoOMsRKJi8,228240
spotify:track:5cHnoalJPx909Umw8EoroV,282506
spotify:track:3qoftcUZaUOncvIYjFSPdE,194165
spotify:track:5F9VGq7c7TePZmthVkwyrW,486120
spotify:track:2Nh2cMryoXl7BrZoIeN2Pr,193093
spotify:track:3WMbD1OyfKuwWDWMNbPQ4g,208600
spotify:track:3N0BPCQ4x4gLHetbCjqUtJ,185546
spotify:track:4VQu1ooCteGDynSZYUgvT4,212706
spotify:track:7HrgGbnNKZKhBL70aFKpXk,234105
spotify:track:3j5LR2qMBHWISv09dbBFun,134600
spotify:track:2OTeU0j9uY5aHUMuKXon9y,307473
spotify:track:2xTHxR4fJHIesUAc3MC0oD,73650
spotify:track:0mEfpwoi2q2et2SG6SUcOt,210800
spotify:track:1xIzXeqR5X2LzKUO70HrA0,269760
spotify:track:0T3Wt63oKZDsYPV2eL5Rjy,254653
spotify:track:0u90NnJ2p3Q2MIP9IaAsg5,524753
spotify:track:5Q30xdABnojqN3wBIhrsQp,320266
spotify:track:6MeUuP0JM9aTv4On3jQGWP,282200
spotify:track:09QfIIP4NUx4A3thmovb2o,225413
spotify:track:6EZtuEwiWDJIbZAW4WE7vd,294297
spotify:track:3VBEljRSHiKjD3H5uNNSRH,301949
spotify:track:6BOHQeYRHWUVy0Gcgj5iBJ,218720
spotify:track:4UToPzhX7rihdPPI9rMc5b,515465
spotify:track:0870QNicMawQH2cnzBVZ3P,251733
spotify:track:0w9EYJLrHej7Ef2p8dnfkC,217226
spotify:track:4uhhD8ByrWrVWYQt4X3YUQ,180930
spotify:track:0fea68AdmYNygeTGI4RC18,242573
spotify:track:0Al3wN3keprGTSgG8NBwjr,198688
spotify:track:1Ob94QesoxHSBrypyBbdfd,207106
spotify:track:5YYW3yRktprLRr47WK219Y,218106
spotify:track:2IQENbY9YbzpwKmexVJ1jq,168208
spotify:track:0APAKxMXB7jdDs4kw1l30y,193293
spotify:track:5nayhWICkQGMTkisxVMbRw,193973
spotify:track:0yOBoHL98lOPc1HGrAvNt8,209600
spotify:track:5HCyWlXZPP0y6Gqq8TgA20,141805
spotify:track:0Ch9reL20qs7i2bzHLWTo5,310173
spotify:track:1DFD5Fotzgn6yYXkYsKiGs,152913
spotify:track:39Nvaklb6u3Li7NF5anRdq,199573
spotify:track:4OTw5splgMdlYklwHMHxLK,199200
spotify:track:6CA3LmoOFveuZpASuQlEJh,312197
spotify:track:1JlxQG0qBaEI2V1f0zkQLT,235146
spotify:track:5f53FRJzkiXliPOv4iiXKe,195760
spotify:track:12YYFvwwuYiw010ONgfYlW,197080
spotify:track:3HVWdVOQ0ZA45FuZGSfvns,219946
spotify:track:2JkD6FDEJOoxnK2qKJiL3K,198053
spotify:track:5SjPfAiNn5rqPkQNcglgVR,350133
spotify:track:47K5fP6VdTpxF4Nxk0chwQ,164586
spotify:track:59nnGpAU3AiL2tD0o2It11,256253
spotify:track:2CenT9Fgll9XRNxUTlakHn,273026
spotify:track:4IU1RL4BKvFyXtbTwaHAvW,211680
spotify:track:4uGIJG1jYFonGc4LGp5uQL,174840
spotify:track:2iuf8q0JzFh6oJdFYXsx1v,424973
spotify:track:7nFta4LZyL0MTDDqbjiQW2,116599
spotify:track:3pMsqOoZTtzUiZXmDVtrCD,324706
spotify:track:3bwAS8cN7Xtzvv5UurJOOX,334906
spotify:track:3P3OLKIFatyta4M4fgbcAq,181253
spotify:track:1ISamB2lPDAeKb4Js2hLgq,219198
spotify:track:6RkyopJ2y0DnoIrq57zrap,161480
spotify:track:2zqgYOw4G8t8JT59TTsmPU,555306
spotify:track:1tZle6M0TfiGwlYSqqSg4k,206000
spotify:track:7BxqcOxl8isx15pEEbQv0p,234746
spotify:track:5PhD2FeeahQQSqPDgXTySy,214960
spotify:track:3BFpYgwm0tCdI2S3LGZwUf,284720
spotify:track:3zvvgfdSZr56uTEWkhEYOe,256486
spotify:track:52bzQkgk8TznulGvKOPQTK,277226
spotify:track:5HfJPu0s1j3I6zEXt29wvt,212493
spotify:track:2tnVG71enUj33Ic2nFN6kZ,157605
spotify:track:5UFtKaL5KBumqv4tpgdm0p,244240
spotify:track:2TJl6vnxE2qlko7a3vgP63,207373
spotify:track:1vRtCw9u1ceYFfVhcBBV8r,373520
spotify:track:6cFf4Jfy7ThUwGzbqFcZsx,284531
spotify:track:0qnuHpV8KFtfbb6NQ2sDvd,173226
spotify:track:0rF4U1f5uhLpwZ8a4M7ihr,169626
spotify:track:58AGoOGbwsQMhBbH0eFLRR,210795
spotify:track:16vteDeKePbpJBUgDroiIJ,785373
spotify:track:5bKzMikaHN7rOMFNcHwR3T,219120
spotify:track:6iclNZVKDyJwVXTjxHUWaV,189831
spotify:track:4hfYGVqQ0ElgeibMocRUvi,281666
spotify:track:6ggAYREO7PlFwI2vbOG3dp,197346
spotify:track:5TAf4lnZCZTLlZHNZMLFLi,239440
spotify:track:0YveezON7jpiaHA8fnUHxN,510573
spotify:track:4qWCFTuNnmGNdY4egtb4ZY,228226
spotify:track:0xIVvRmjztR1AwuHrkhH41,148386
spotify:track:4DTrKnvkHtwQN6kBu4XXIF,186453
spotify:track:0hNjBjs0DJeuWC98ZRz7JS,194956
spotify:track:7i98s5v5kMUYXpKrVcIB80,255453
spotify:track:2W4yABdLc4Jnds67Poi5Nl,223257
spotify:track:0Ttc4DYOmDzSY4VwcJZPQN,254119
spotify:track:3a1lNhkSLSkpJE4MSHpDu9,220293
spotify:track:1IJlHDdH5q5uOZlvX1ZOia,195600
spotify:track:1DsQHMz4FMnhWf3v48MNDo,174333
spotify:track:5GIRptRAjd93IEotFU77Kl,248421
spotify:track:4nVoM4pJT8CUTAJbenU2bx,230296
spotify:track:21IAkNOuOumRAh3gcTRznl,148168
spotify:track:474I5bhxMtzky69EftO7lC,174576
spotify:track:3c8iiZGfEammKJuWTErE5x,186146
spotify:track:6ogAAhi6YI6gJCszC0OOn0,237160
spotify:track:3RzILsQvsNZ5dyYhBEKGjn,316220
spotify:track:4EoIcPCpUzBc3sMl7Z06lW,267453
spotify:track:3Fb962k5BJZy1cmCLuKZJq,369040
spotify:track:06DVnefYLJ8rXRzsJcdujr,227142
spotify:track:5Nn2Dj7OQsGL6pgQ9iIzPp,317933
spotify:track:2LIh4uzqq9cXMPzzmcToHl,268105
spotify:track:59qrUpoplZxbIZxk6X0Bm3,190306
spotify:track:1a4MGSJFwu94VfjBZq6qkc,437520
spotify:track:2X4tARsfmiJYBokirkcMIu,219567
spotify:track:15ifyO8wYntwyXAptfxhKr,402693
spotify:track:0aqXQPoDVb26K0v3pUjBJq,284960
spotify:track:3DGl2F6Rw8EZV35H4K9sgz,222383
spotify:track:3UwaOCsbeFayKB6csnxoMX,524893
spotify:track:2TjjcQQWZlbY5Hy46zQvAU,246453
spotify:track:2ZWlPOoWh0626oTaHrnl2a,249191
spotify:track:422Avi2VjqZKCVzstKmqog,217250
spotify:track:7IJC1qatyg2t8SZiwJRvID,274586
spotify:track:75BdorOxqofBDoLW9mkjIE,237400
spotify:track:3q1g0u3lNlM9jtBz3WdjbC,203364
spotify:track:2DNyZP4Py6f4zMASLBnIu6,247693
spotify:track:1Hbte6Mj6ROBir1Dae8RKM,309560
spotify:track:14YoY1OyRuuejlMTF3nQLg,198545
spotify:track:63OQupATfueTdZMWTxW03A,264066
spotify:track:6xtphuj19xftkTUHDZ4sFH,196072
spotify:track:6Lf1V0MAQmiKwt7FdtDVeX,241040
spotify:track:3nFJbZCHP4d9vduKjJLdBL,230466
spotify:track:2IWV366qnydZGfWfz0mxuc,222792
spotify:track:25lUUKmQZgYv9hHMO9ysr5,206173
spotify:track:48Q0XT3uUTxKAnv4AaMbUl,259440
spotify:track:7KokYm8cMIXCsGVmUvKtqf,204852
spotify:track:5PmK5pRspJq5ki30zgyv7G,142857
spotify:track:1kPpge9JDLpcj15qgrPbYX,205933
spotify:track:6uT9XRrPvimLt62FNjMNBv,226220
spotify:track:4VBw9PKWNG8dLPJSvhfO2V,198320
spotify:track:7w7BrPbOjF5OxChs2dxFve,165854
spotify:track:1aYjm9O8FgoTLCL7OKNKu8,164226
spotify:track:4af41CetTarIqcfUkOJZGo,204773
spotify:track:0Bf0iAW3tpaCr70YQoJTBo,238986
spotify:track:0Fq89FN4m3m9UbZriy29T1,276226
spotify:track:2p2Z3vpqwE5ZWU3ydMX5Hd,260652
spotify:track:2Di0qFNb7ATroCGB3q0Ka7,285906
spotify:track:5TXAySV8WBjAIMg3lPDCLN,392675
spotify:track:6ItRcZaLxV5oSSJyhbwFkj,425840
spotify:track:0JhKJg5ejeQ8jq89UQtnw8,199903
spotify:track:1zU8j1x3yi9xalMF96pzKp,405906
spotify:track:1xl3tncP1hSU9EPkIY535i,228406
spotify:track:0uguTAc0yJY2vfmqiuYoob,142760
spotify:track:4BC2WQKrZdqMX6rHsvVbUy,226626
spotify:track:51dqvo5QYezL3rjL6qjksA,178293
spotify:track:28PORYgAQ5vrbwtobRlCoq,124586
spotify:track:1BYZxKSf0aTxp8ZFoeyM3d,184153
spotify:track:4Meu3nD8EGUY13fSRqluxf,142727
spotify:track:6puxHBNwu2Nmm7uD3Rd2MP,222896
spotify:track:5NBb5bidtCJWq8oI1n6E08,60836
spotify:track:437LQoK9MPMR7dQTQdfOPv,263986
spotify:track:6IQPJAekSXqz4sCSpQ2NR2,135575
spotify:track:7cHROTw8JRjEaO3hDf1GZN,187413
spotify:track:2KMLGJ1mPfRE4GNdL92rl3,190306
spotify:track:6M47gaKejso9772SKTa3yH,219802
spotify:track:2CBfYM9el9Sh15s9NCeYFP,433106
spotify:track:0sCeNwt8xRCMR4NhKpMyBe,333946
spotify:track:0d8ONGx43ZprlHlmLZODpD,276386
spotify:track:1BcPCi42PxlNzEaYhBHTlS,145080
spotify:track:3jiuQp3Q2qYHjOkd08msYy,167773
spotify:track:76cj8PiqfWCpOdwIa3mn40,315560
spotify:track:2OPxM2L3KtuehqY24vTMGs,203840
spotify:track:4iya38ctQ1httyA6NOG9oW,270887
spotify:track:2o0hVSbnkdvDDKKVNaUxnB,245186
spotify:track:1WoOzgvz6CgH4pX6a1RKGp,213053
spotify:track:7sSqDlt9r1chzQEv6FPWKt,217133
spotify:track:4W2CRPuOl8wN3aR7QmOmQE,278306
spotify:track:79EODL17p2jtIM0DjmWfou,336480
spotify:track:33yprbW0kgrhWVXJrK3o4z,94270
spotify:track:6CeCOC2zx1qS8mQNYHe6IM,130293
spotify:track:1DrlLvlYd1FIjNavRm6NdX,181259
spotify:track:4H7n6hM4bmW6FrfWVR1KHh,247786
spotify:track:7ju0I6nbkKwHRnsYKLtOhG,174332
spotify:track:1CaBwYdWhxUeE4j3w0WqbL,183362
spotify:track:5IyL3XOaRPpTgxVjRIAxXU,193880
spotify:track:77LZ92TrNFB8WCYtCaCwsy,201584
spotify:track:0NqQmmLEN9rlnkh2JW0UIs,166520
spotify:track:4go0k3KkfSCbrVDGH3aUUN,359640
spotify:track:6OCFXXVmoPFtidXA7ey1SI,478037
spotify:track:20oKVcx1qPC1pQLNEJEFQn,173880
spotify:track:7pyEd6g5y7SYdKNgRtleEB,220746
spotify:track:71dkXboU04Jp5oaqkjK5xd,228293
spotify:track:1mCsF9Tw4AkIZOjvZbZZdT,184480
spotify:track:7yNf9YjeO5JXUE3JEBgnYc,97960
spotify:track:1lHtE5JDCas1EwXhQIMOIj,232800
spotify:track:58IL315gMSTD37DOZPJ2hf,234320
spotify:track:7LWXh2JPLzKt1dla81mWWt,213693
spotify:track:1UYj8qTWjneZJDVjUMwMub,255413
spotify:track:1VWOGyCnOzOO7NhfCRUIPn,232493
spotify:track:0AGAl2fZLAoGxGd5dO77Cp,129066
spotify:track:4zoZQvmST8gliv9S9L8lUw,230440
spotify:track:4DJORZgsbqnEJ4f4B9TBGV,212573
spotify:track:3whrwq4DtvucphBPUogRuJ,199095
spotify:track:0LzCpSTfg6smSGgAOJVOba,232394
spotify:track:1GK8IGST7h1RoDYl2x8981,176500
spotify:track:3yfPrsdIvnb8kHCBaliH1F,161995
spotify:track:3BCUqGVPvirkRa6g6ipBaF,145427
spotify:track:1xP6kdUFIsA4Ua6Z3ZqUAL,70791
spotify:track:4uKDB1adPk8DgV7WwBePQi,225012
spotify:track:3WQ21NytGoT7OgfMSX80co,124080
spotify:track:6rPO02ozF3bM7NnOV4h6s2,228826
spotify:track:5Z9KJZvQzH6PFmb8SNkxuk,212352
spotify:track:5TB8vwPKrGBnjWFpx7pUkX,198520
spotify:track:0eHT54ehADNQkSypa0YGgp,185806
spotify:track:5nofWp3plvxYX1xgHpe4fi,243720
spotify:track:704D4dPfn1ubgJ1UHXwg3Q,256640
spotify:track:6c0WeFkPm4XVmXmO6jPq1K,199402
spotify:track:4TDEAas4nTWjhq1TRHxDlZ,197933
spotify:track:3ZJvPgz9jDR606JsRLTmLL,285831
spotify:track:0NMqKInTO3J9kQjxPKeVIB,204466
spotify:track:2q0k5EsonFQ2dgzpfUJRpu,232093
spotify:track:54e7d5mmUFy1wncwUwj7ra,191686
spotify:track:7gfyrnHMieXMjIW4n2p5wf,209133
spotify:track:1vFuxAu8x3ap8biZjtxA5a,340906
spotify:track:6XvpjZugZzMHa2nZ1uPOka,214133
spotify:track:5eWTNSMTX5BxuYYuOU4vYq,269653
spotify:track:4vsJWPwWPS27gRM4oLjBNO,130925
spotify:track:3MbWaYdtpVVtpGQqWBmeMq,234306
spotify:track:0otd4iqoLmNaiSPb2CxBVA,186776
spotify:track:5U3i59kbTLrxo46TU1FRnF,544640
spotify:track:5zOoNBMAXnU0EAPZDDAqFl,180943
spotify:track:5AaQcVukQzCMgu9zS9liHs,69053
spotify:track:2M4ZS9fZq86hVmO5ZOKvyb,310600
spotify:track:1xWaf4Gu6CihGd2s0NaaPV,172975
spotify:track:1cDLMjThGJp4btQTYNALjU,398222
spotify:track:0T9DJgyr6WPiZYAa10zXIh,184062
spotify:track:4nK5YrxbMGZstTLbvj6Gxw,223480
spotify:track:2uFlBIfS4XKyOVPKiIrj5L,242493
spotify:track:3ghp1BWC3uPcgeTsD3tUke,185095
spotify:track:1o5F39mDlu8Q5xgOplu0oU,225134
spotify:track:5oDRN9AlSnP71R5l4EcaHT,247693
spotify:track:6gpGuilhRqdP4duCYXmvMW,255975
spotify:track:44v49uDhKS3cFIlbo9pxV4,220146
spotify:track:3kWAZLngspbSJJR2pGLzoG,234880
spotify:track:3RqT5175BrzANXK3yaafEm,310160
spotify:track:6GNRkaWUB0Lwc19SdkTgx8,329160
spotify:track:6MSoJM9UIFHozmBCduQRje,351677
spotify:track:1m3vmoYlc3tm1cNV0QWzzN,171428
spotify:track:4yIIRHAMpWMwFmLWHktiER,370800
spotify:track:0UrheRSNBXBiZgudI7tVQ2,211800
spotify:track:0Psz3az3RIYfJpnsajBT8N,190826
spotify:track:2HdvZsLXBmO9sc4cV8d4BA,191866
spotify:track:0Jh9EBGN205Yc7JN2zZ2f1,265960
spotify:track:7uTvsM2ziinj6SpUlvmnYx,205053
spotify:track:2IelzQCLKetKXGmnXxP3S1,352466
spotify:track:5QGBKfTb2aMuQU24LNYKtK,209290
spotify:track:22QadBPe0QCuqraFVAr1m3,230440
spotify:track:2NZhNbfb1rD1aRj3hZaoqk,149760
spotify:track:2Y40huo5ewaKYxsFintYtF,145301
spotify:track:4H4UcF9pCpX3vAImo2dBam,181266
spotify:track:5bM8OF0VuPSuGh7CfSbCZ1,192920
spotify:track:7E12QRk94o3DBLzkySXFqn,180800
spotify:track:1ae0SQx8MpBXo6QsmrpsEj,430626
spotify:track:6uE2tuOfXsoXlgNyYU8tsv,129839
spotify:track:2uzwM68YN2gH2772udPXFM,126750
spotify:track:5DeuAlTIDflXOomztXYM5D,206640
spotify:track:1M6rfxGVEdWPMwSKIvcw1c,329106
spotify:track:0rmIgD6iaVAkWnYPDqbD55,248760
spotify:track:5pMmWfuL0FTGshYt7HVJ8P,201360
spotify:track:3q2ALqmTj5lZxKU0IdM6El,220806
spotify:track:2FJWHG9W5cFIkWWT3Q1prz,240733
spotify:track:5NMPnWUDvXr8Vnauv7I7YZ,183430
spotify:track:4P9kOK2PafbamK95SJOCbO,267906
spotify:track:0xQ8FPMnv2mG9VhTgpxn2R,168840
spotify:track:46D8MyZ8htLBj7BjblMyeX,128375
spotify:track:1yS1BKWvmWe7mHqKNkvVRg,206718
spotify:track:78XG7U0UueeC86XpzF9O7f,277640
spotify:track:1FDfYtx6RKAjftgKjxPBwr,97560
spotify:track:6MWtB6iiXyIwun0YzU6DFP,149520
spotify:track:2T9ossvqwuHlGz49pOH3fB,176250
spotify:track:0T5p4InF1JeJBYHVU5xvJz,133600
spotify:track:64Ny7djQ6rNJspquof2KoX,136026
spotify:track:14A7iordd24zLljUxI7Hc3,178375
spotify:track:3JfkNCiXjHEVkbFfCQ417E,218504
spotify:track:4RVwu0g32PAqgUiJoXsdF8,298899
spotify:track:1m39XApxHXb2UkGItyyIUO,238200
spotify:track:4wGecpdpXwzaFPgZDecKka,217359
spotify:track:3mfCW22S8GrcIiUtB9n0Jq,227866
spotify:track:7sO5G9EABYOXQKNPNiE9NR,172800
spotify:track:6uuBSo3wXnosEWVXRzZDTf,180800
spotify:track:2Jnp1EKZPudKfz7HqGCJU0,278520
spotify:track:6ori0s2JhWYgcndRRQg6iJ,146626
spotify:track:0o221VNm4azkzYYLtxDGgV,181754
spotify:track:3Q4U2lpNqKR0URvGkB78L2,240013
spotify:track:6SyNJfr2yZ2K41y8msXQIt,301055
spotify:track:6xmQbeqFHDoBQwHzwlWQAA,270001
spotify:track:3mtDbFQgVbZ4tejp0MyATu,822906
spotify:track:435j8ueVosOip0Vjm3vvj5,94893
spotify:track:0mAeTwKRW38d8TRsWqvw9Z,199200
spotify:track:4gek9UL5WceAq1qiZlhmGM,226345
spotify:track:6Fj36toK6ky8HhyZdVTsce,229106
spotify:track:7rMVC05KYlLQPxSEoXIKum,85418
spotify:track:5boJKR3VLBW0dc5167wKDE,228693
spotify:track:4IMgOqQbfYAfYoznPKzv9I,233040
spotify:track:0Ohi2pjBS1yak2BSgJRaIs,261906
spotify:track:6YAoJWrh22Luk5X7k3oGJl,184967
spotify:track:4WXkhqUlgfz8exzkAojjfm,200303
spotify:track:6pb5BBnIM5IM7R1cqag6rE,132840
spotify:track:0cOa970mzTWAxKtltpkpLc,165275
spotify:track:7IgRvUDTdjsligNmNpnUrz,234706
spotify:track:4ue5ET9msGNJSO6sSbrCVE,258000
spotify:track:5aaXqH8rgKZxg61HjECldi,246271
spotify:track:4Hzg7Hcqo2aUooTQ0pnBYC,155773
spotify:track:7xWM8ZsNUOMVBHQOE77Re9,150177
spotify:track:25OUeDZIDX1UIQlsrWcCgc,308760
spotify:track:51zC0cKP0zSmXgj4kgfbl0,193447
spotify:track:41hGwRqxcXui4YHRVs053g,193225
spotify:track:5NUCLgfK7d3zJeOJN0hZIv,64557
spotify:track:6hHc7Pks7wtBIW8Z6A0iFq,449160
spotify:track:3bygXv7MxNgL7zJFq7Cg9W,238213
spotify:track:03UFZFo8kHANrtGx5hk0Cm,230781
spotify:track:7vWFaMq63AwkFDhS2OAg5u,307640
spotify:track:3oDFtOhcN08qeDPAK6MEQG,251440
spotify:track:03tqyYWC9Um2ZqU0ZN849H,263773
spotify:track:0G21yYKMZoHa30cYVi1iA8,273480
spotify:track:4Ibxu9kzAMZhvlIIf136ck,324706
spotify:track:1FRF0NHXBW4ecdulGkTzJY,215791
spotify:track:1NkwZ9TnIs8js6G0M6M7RU,202480
spotify:track:39m6vOwUEgjErRnsm93wu2,326293
spotify:track:2LjCekcEthvqyps9l4SXnp,173023
spotify:track:5OCJzvD7sykQEKHH7qAC3C,197546
spotify:track:3RaoyjVKcsxbJhfT2DGCwT,207933
spotify:track:11be7lG0UF9YKRVfyVFrxX,186666
spotify:track:1fkYmLPG2Oi2AkUmcspWKl,203733
spotify:track:6zSe7ZKNjb6Zl5AP78y5QN,278600
spotify:track:4vn4pHD5h0VHu1jzRTS8Dj,351666
spotify:track:5yCLtExDoFHmzYPdLk7X2s,208800
spotify:track:1PpkW9b1QMjZq8vKdqx0Fo,148571
spotify:track:2edtq2PJhvklyQhhM6SIqo,272600
spotify:track:1K1p01A3Sr6BmYyxLbrGig,186195
spotify:track:4eDYMhIin1pSLIG96f1aD0,148386
spotify:track:77XyampNioV5UdOSqNUY73,196182
spotify:track:4dM3MXdicOj6IL0xEIvmSq,294693
spotify:track:0lJE8f0lx8mUSfMyxeYpiC,160212
spotify:track:3etpHv2vYdcbFpbsbBQCuk,200026
spotify:track:59O2aquWmHZ3y2M0mp3Zy3,362613
spotify:track:0IAlzMN0zyxafTNv6UtsAs,171920
spotify:track:3f3omU8n47Mqyab5nCaGyT,219493
spotify:track:3TcL0dyCMyr0kyTTc4NLgI,195613
spotify:track:5QhOF5HXgZ0OFUZSE5kEv1,208200
spotify:track:7DtdhIJlSSOaAFNk4JdXCb,289813
spotify:track:1UrlAq5vq6umcitBAY8qgl,260693
spotify:track:6rpi77GqamZNoltbZ5ksdi,255960
spotify:track:6ddWWAGUgZPBmi6Ezakha1,116693
spotify:track:3bQmU3UGvZMsYZ13ffNyVf,201200
spotify:track:0mycuJBYYe47OPAiVmeWO6,256571
spotify:track:3QdK03gu5s1lPB46113tqR,142727
spotify:track:73vKhTHeRYG7eO2hZJF5uB,219079
spotify:track:2ufVrg4boLsNDFS9p9zZwr,254001
spotify:track:2tGENA8xef0wABdHvyXwv9,330240
spotify:track:4hZs470BKE5r0hm8W4DvS4,196226
spotify:track:1ZXfToGBX4iSwghR23xf1h,279226
spotify:track:2d2v4GYvG2SjV2NdjbUY0w,272293
spotify:track:1KcECJIr0lCMA30DO8VTlv,214360
spotify:track:0yO7Rg00ZJiMMb8pHiBojc,216360
spotify:track:06lC5NkXlLK9Ag99zuMnvw,178514
spotify:track:2H2riBoltlfKrU7i495hvf,213893
spotify:track:4nNZ4ra9sJnsdixXELkfW5,218666
spotify:track:03NjjdWYKWqR49hWCUvM2d,286186
spotify:track:38woaO9J9HFdlL5qBdAm68,179826
spotify:track:1MZqHpFyB4j5tFCFNvURou,146106
spotify:track:5T1jIyeY7953QsRW4ulhoP,230000
spotify:track:3ukklzkdKjDzqkroiXTvf4,117495
spotify:track:3YMT7YnliDwUzG3FL4y4kq,230615
spotify:track:0vx5QGlapdhh4fCRwpBBS7,159853
spotify:track:5SkiVFWCP3NPEgNk3PaL2I,176186
spotify:track:3nRmDz7qGCvsMS30rGGY0x,212600
spotify:track:6s6t4J5Cwqt3k5Rn5EwvDn,269986
spotify:track:3AhXZa8sUQht0UEdBJgpGc,369600
spotify:track:1XcXhu1X0xBFMDFyq0b7Ue,158571
spotify:track:2BL0DoORvMTLnZbvyCarRa,283053
spotify:track:5OMxCPO4sV2eWCdc19G5SA,188032
spotify:track:24IdPCimVnJJDRuB5YSDiS,305706
spotify:track:6GHbyrCv7NaTozPaeyp2qS,162000
spotify:track:5JiH89mHrv9oWHlD0T326z,192080
spotify:track:3oEkrIfXfSh9zGnE7eBzSV,294720
spotify:track:400nZFg9JEXd9DTBJf1PE3,322906
spotify:track:2p1AlnJxp15v7ohNuLwjbl,206884
spotify:track:3E6iea9uEmB7gRru4lyP6h,285053
spotify:track:3xMSaDC9TU6AQJIsxQB7MK,230386
spotify:track:4vLYewWIvqHfKtJDk8c8tq,562640
spotify:track:2R3E4xKmy7lyieBKONkIMT,316053
spotify:track:4mJ78WZV4nJ8sL1DAINYTp,214264
spotify:track:7fKgMBgTOV3NJaATz78fQW,180459
spotify:track:2Ejz00Zzp8rWeZitfG2Dut,232519
spotify:track:40raAOaR57uIMomRKtPsZz,142400
spotify:track:4GUj9MfPPkjpZskxb45uiX,160119
spotify:track:4B3gkbr7aGC2sujjgivK0s,125320
spotify:track:3ThMRY8TlrPnpoaQ3hdNsF,198653
spotify:track:6cmt9CRoK0KGcNg9Tpje53,66133
spotify:track:44XWtXS1N27SIgdlKwE24B,207600
spotify:track:74IgSPXYXx7v95NpCzGgsW,182466
spotify:track:19XDJlw6WxC4XOKC1LGKid,204321
spotify:track:1krIwuDavTIZ3ug1Z18Gk5,237946
spotify:track:0BxCStBKNEeV8vXvWLOJXQ,154573
spotify:track:0y7Nk5lVh2Qpxp2nlON7Ml,299106
spotify:track:6HZILIRieu8S0iqY8kIKhj,185946
spotify:track:0n3hdlinZYNly8NqAtvJHu,270973
spotify:track:41sGGCCoHI2GLV9qadX80A,255845
spotify:track:1jyKRuaRzjZdfYL72autvr,260773
spotify:track:2K2PX4pb2vIHhvuL1UTCi1,177853
spotify:track:0t66WOHS2gTyP9UnjFTqra,141206
spotify:track:7EYSBkg6kxb4U8VAU4orw0,159000
spotify:track:74Y8JTthhfO9YNjGULBfOR,257533
spotify:track:43GS3mtezoIFiuIZCLLiDY,260173
spotify:track:2zzLRQ78kKfPTx8FJQCdC2,202133
spotify:track:7rdyAfIm1t6h6I1gyLtD17,180866
spotify:track:4pLwZjInHj3SimIyN9SnOz,226160
spotify:track:51ebj80qWDECmAGfxnxiFh,153372
spotify:track:0hwnopM96Kzas4AMa12KUU,145738
spotify:track:1WygPWqmNs4s2fxtjmtI3O,354666
spotify:track:4Y7fEQ4PAzhlLnLviRw2P4,281853
spotify:track:3Hya20ZNnlLzGLCpzJR6bv,241920
spotify:track:1FI5hblwy9ZwyPg4Jr5hni,210960
spotify:track:77Oww6V7jooOd7aNEMnFJ3,251733
spotify:track:7jxHeJLVpnP7S08JFF4GBi,267826
spotify:track:1fWnUfflxP1a8AEOTT1A0j,153080
spotify:track:1JLn8RhQzHz3qDqsChcmBl,304786
spotify:track:0WCEaydwN65cvwaW8aqptF,203992
spotify:track:1YhyOTcVjHe73cm6tYrHkA,254293
spotify:track:6YfsfDOZqr0eNqXbEIi0wP,100000
spotify:track:6Hwnp80LRzYPmYiF725R9Q,120046
spotify:track:07A4mFpXnuUrcRIc1S8ilz,198226
spotify:track:0dUkdZ8oXfdDhSFGJOQz5v,265640
spotify:track:1CB3RNZX2u4Zo3bOWbbvp1,300306
spotify:track:6HBbnKl4JUA6gnP8fOESDg,222960
spotify:track:6Ij7bvAoCREsqNzADigENu,180050
spotify:track:5jO8BB4eIdrZ4EZE4zkHwX,252306
spotify:track:6TEiFwaiHERpdfG6WnGed1,167986
spotify:track:2XVilv6s9GETnw9PG4T9Mz,219600
spotify:track:6itnhgWDgGf2GRXVkVIMq4,164185
spotify:track:70SjyVMzhmMeJQD8hOmIBp,160760
spotify:track:6IdzGMDAoQvS4NlZhF6EdF,184666
spotify:track:1FL7eUG80aeUeyMO2N4btN,51800
spotify:track:7Bxv0WL7UC6WwQpk9TzdMJ,228506
spotify:track:58r4JuwHhXLAkttkaUZfLw,307946
spotify:track:3S0OXQeoh0w6AY8WQVckRW,242946
spotify:track:5hDRSakbHLt17ZpxDHadGo,141113
spotify:track:7fevdpMAUNXzmNCGtOIpi1,267093
spotify:track:7xX3wvvcZvxGCa06KlgTCp,204746
spotify:track:4DQ1VuWATAvpueRqTTqFQp,216880
spotify:track:3GnLo84IkdSWCPYt6tnLll,177604
spotify:track:2jSxww1dgoXxQREvNiiIE1,151387
spotify:track:1lSayCmr2lS6ndxELoabIG,167419
spotify:track:3Gr4OWY7lAXAq7PpgUbctG,276773
spotify:track:3Np0hqLTJD2sHBS7CAGUmo,149624
spotify:track:4p5eACHBSDSKxvPrN1Ej5p,117495
spotify:track:0H9WU0OIXPpbOVgzzOanXb,158535
spotify:track:0f6pHbsLzpWxl5CfhOUjBA,241000
spotify:track:1Rph9i0FWKDa9Aq9H4iiMx,206360
spotify:track:68RO16eZBKH9wfX4zs93lz,266373
spotify:track:4xUEvE5baa3Z1PmAQyIBq5,158973
spotify:track:3I7a9joX0lJnK9XzE38GnD,255506
spotify:track:2DnJjbjNTV9Nd5NOa1KGba,258411
spotify:track:1EOH8v7K8YQFrvzU2iXz7r,154282
spotify:track:0MIcPSq9n2z5H8TAfEstri,200986
spotify:track:6bLopGnirdrilrpdVB6Um1,210920
spotify:track:6hdkw1wzhIRYPlYDUtCY5m,210306
spotify:track:4TYtTnLsCL1N2iFipRwkNL,135321
spotify:track:2SSYqDX8KTgy01NlqtUo0F,219226
spotify:track:7dxZacYc50KtL4REJI3bxH,291133
spotify:track:24Ded77bQjGDC4Mvfr9LSV,267668
spotify:track:0QbRfr3pJtHGxhIpIMYmbN,174466
spotify:track:1XTL4lvBVWxcbtR9hWhS6q,244853
spotify:track:3XqufDF4TZWPH8bjptbxN6,226613
spotify:track:5e5rkvVUUsmyIjUpZYcBlS,165653
spotify:track:3mnm9ikE1FSrOBmTQKkdPN,128046
spotify:track:1JURww012QnWAw0zZXi6Aa,234146
spotify:track:3a6PN6BRB8PP3ms48s7kU1,283573
spotify:track:6n5lHdpuBDdA7pYDpiKzEI,256360
spotify:track:0IsKMHr152VeRfJe25P216,85124
spotify:track:2wyBWY6rCZXnVZ6H0VADtu,172773
spotify:track:7jqzZyJJLrpkRFYGpkqSK6,272800
spotify:track:63osXDFvysJCP5CKwhnCNZ,161612
spotify:track:6vVgOdyL2TD9jMqXB296Io,193773
spotify:track:7bimKKshu7lWrksVv5lTEh,158973
spotify:track:34oDLc9uo3Z8e1Vt9kNp9x,164527
spotify:track:60YyZTvq2C1DYqbApsc0G9,209763
spotify:track:2cR9cH9ta7MStHBKs0aOcz,122136
spotify:track:1S1c300Ip9sd3468pjyZrw,203093
spotify:track:38NoAPQ4QRwFLEpecbqA6S,192693
spotify:track:0N3W5peJUQtI4eyR6GJT5O,234693
spotify:track:2vpVR1L7Qfkd7D6qFNuorq,202733
spotify:track:1XTz8npaJxxzKW8JG4s5iC,137000
spotify:track:74tLlkN3rgVzRqQJgPfink,386906
spotify:track:6AGOKlMZWLCaEJGnaROtF9,210463
spotify:track:1LbGorB0xOfpiXQJFKB2Nd,249800
spotify:track:6FBUuddymQuBmVQS5zVnUZ,309093
spotify:track:71dmuXNeiMCMgfrTFdS2QL,271680
spotify:track:7FRe9xGRvw7Rg7cEMo8xeP,250440
spotify:track:1Pmp486RrLRkaEkE3HFHXP,180348
spotify:track:2CdxmZfz23dIjK7iuxvvMO,222093
spotify:track:2qu4H3mIZ1Gdj33TISErup,90973
spotify:track:6qLl3OmST6aWsEuxePXCPE,215066
spotify:track:5xlRxcBGa6RqPRBzKP8fwv,306000
spotify:track:5fxTVTAnkYdCDALHd19UdO,269019
spotify:track:2WTtJDfCUjAyCZHRSfCLDn,133946
spotify:track:0UQKuWXzpF76p4fIehRJbT,222813
spotify:track:6YchGW4sOM8nOJInd6hBAJ,178559
spotify:track:2QFbHUL5dCLxomqDZ8lwRj,307733
spotify:track:5Bz34yoWRV2ISTmLqDkl0z,194395
spotify:track:19mM8MZLnS27poKhi2vDhn,70285
spotify:track:1V0Zy7533bjXFSVtn3crzY,258440
spotify:track:7Hak5ai4Zs9BR4OMrPZbgH,238354
spotify:track:3t6j6WNv2OSn6qm5Vxynub,216306
spotify:track:3eiIQPGp6biDu91bKgAEzg,189133
spotify:track:4B8RgJYRFMljcAkehZiWO9,341773
spotify:track:7IeA22SJ0arGoCkJH0dmNg,181486
spotify:track:3TjlMH27nWbY3veJ8fHdaD,244320
spotify:track:7xf3S6Bv8hDqOtevZou602,217786
spotify:track:7tSO7DrrYpiMXX3zM4b3oM,200991
spotify:track:5xgZljS0W0NKVALCb1Kq04,122000
spotify:track:2eRmD96ncTEgQwJmXa6rrg,228573
spotify:track:6BrhbVyGXfBiiv5rLbccD0,188836
spotify:track:3hxIUxnT27p5WcmjGUXNwx,164571
spotify:track:6QnDvLtCdxeq3TLQKmjUIT,141990
spotify:track:0Ns3nvzgfC6Yh3j5apV66n,235626
spotify:track:2u6Lstxqcg5KtJhCivR87d,180653
spotify:track:20398M7vt8Tu8G8jhtw9iL,184493
spotify:track:0ugHpWav8m1jMFWGFaLQ1A,190848
spotify:track:1mR8wJWe6poR0csXfd8Hiy,342375
spotify:track:0pUVeEgZuNyFzIMKp67RbS,299240
spotify:track:5nReLwfRjgFbjbBU7PE1Hh,170006
spotify:track:2jfCdqczpoWUo1GohXGXYS,155387
spotify:track:4zXa17K83Pp6N2yXdVc2sv,179666
spotify:track:1dTaOv1L4JiCfpNJ8oI8hO,126640
spotify:track:31er0BSLvpfLCQmuTGO8vm,195200
spotify:track:7snnTlaWaN39nfN1PhUaT8,133846
spotify:track:3aln8WgAUps6efYtdEYxP3,214306
spotify:track:1Se5mRtgUDaEpbMpoD0Uha,170240
spotify:track:6eOxmWWVvps0mf0wPBoNn4,320933
spotify:track:6smhpAoDKenJyDztNHf0HH,204586
spotify:track:0prUfCa2zmNWLH1kvI69gO,228266
spotify:track:2Ux3BFgzXm0YoD37nBQjJt,161852
spotify:track:1HNgmnOOopiBhsvqqjBlfM,477920
spotify:track:5LRxdeykOfvKb1aWGrrGyo,161190
spotify:track:1cVslC4fikp7edjoOqaumo,200746
spotify:track:6eKEJZFWllRX4UALhPU967,331186
spotify:track:2b4JNDQTc0DUGpNqUKChDR,203174
spotify:track:2mNLwOxMnm0TxXJBF1y5Ln,196226
spotify:track:5Yk00noy73QBlKoXCmxQQA,207573
spotify:track:4ORh6sdHXglB2affjypq1z,115993
spotify:track:1EIvjDvoKjwhokJsigvleb,217746
spotify:track:4KW1lqgSr8TKrvBII0Brf8,135920
spotify:track:7379uubtjZDDT6Phsj4nhj,214146
spotify:track:6hl3QoeDknHZ1mg5s3Aw2V,258946
spotify:track:1Q1b8eVkUPGlpSArl8JAVw,187013
spotify:track:7FCUq2agshqTOvrUjgxBh4,97000
spotify:track:2S7dIlkIskYF2mv1R66O1m,309973
spotify:track:0EANX0OVKSCcmarY50Xa4p,241013
spotify:track:6xy6jNeNTYwjnKTDzMyHw2,306440
spotify:track:3qjmGhjdyRilE0OoZ4bITU,348093
spotify:track:3v9xlH6BpmRbqL7hgNJhfT,134386
spotify:track:75fx8Plnl85B2WGRSVWw0G,189426
spotify:track:2Z7ueSo8317heXyZI3hsqN,123251
spotify:track:6kwAbEjseqBob48jCus7Sz,257200
spotify:track:28AgTOIZke8nitD0NNeb3G,190447
spotify:track:343YBumqHu19cGoGARUTsd,210937
spotify:track:1D6lLNdK9FChORg20kZorf,257320
spotify:track:6g9pbZC0f40ZmHgq8xsAn6,488470
spotify:track:1d6KS9GH06JAd19uiBy9IE,230000
spotify:track:3QVHSV8YKYq4L8tI5rnFgj,213413
spotify:track:6sFpmdsk4UDMcDWdy4T1Kc,253493
spotify:track:0U2ecxStCgfedp9aCSA45b,194373
spotify:track:79AvlfcadO8KbmtcSGVtpy,205132
spotify:track:0uwYX5jJ7vj5nRCoxAt7kN,142933
spotify:track:6KXu9qk301hOEvE8Np7Xhm,244887
spotify:track:7BRylIM9bbVY1L5SdpdW7A,192786
spotify:track:7DVhr2t5x2GLwhU3yFS3p1,175500
spotify:track:2B4GHvToeLTOBB4QLzW3Ni,287120
spotify:track:4KXtFUFmPObTROXShFLHZX,162901
spotify:track:7sKbyYeJnITO1Eh9xd0lKd,186653
spotify:track:0y1QJc3SJVPKJ1OvFmFqe6,213706
spotify:track:0VZpqCugL1y5mBGPkw0foP,250106
spotify:track:19OXtYzrJyCrQvTbfukt4H,198569
spotify:track:5yiImOvhyoK3QXUHVWcUUl,224053
spotify:track:3B7fVNn9gquWqOeZiv8n1V,607373
spotify:track:1hZJcuz9iMoz6tLkFlIaUy,264213
spotify:track:1qVEtpM3m04SV6qjKJa9EM,278920
spotify:track:6Gw2dHX6FsQcIuiWxe0vWk,195000
spotify:track:5qFeMRz4TvetPmzjre9Dq7,250840
spotify:track:1yr0RkfCTdLRjFCKy1wmOI,209000
spotify:track:3bTSOkuIH2QDYER1awc7Zz,231004
spotify:track:3PGAgwFWnFCisvjb3rLyuh,253804
spotify:track:1OMJ8DfZ84L9B2X6bioWpX,182946
spotify:track:5Jt2AQv1c3RUF5ENtAYF1i,295253
spotify:track:2WiwbDbxegMt5yTQjrNBQQ,195266
spotify:track:5qEOSud6t8LL2Cb8KkcH9r,112340
spotify:track:0GeR6j3KxDNkLgjRbNgYxm,283600
spotify:track:0oerlffJSzhRVvtDfLcp3N,308666
spotify:track:6yzOUcuVFcVxd8kZvIah3j,58174
spotify:track:0qgZvYWLIqDn0tXimF8gPa,165600
spotify:track:5WyuRWUcOOhAic0tj9Pl28,221120
spotify:track:6yovvJamfQjnEf3CW4DyXF,209875
spotify:track:1tgYWMpHWhhvr0hgOyCZsp,293665
spotify:track:7JDWhC422Gtk1Bq0mL3OTC,180161
spotify:track:1BvoHRSykrB0chFcQ5uLcG,201315
spotify:track:3ao3OVxHlb3C08vAaApUlm,163880
spotify:track:56AMYGJzxBO6p8v0wEe9de,279906
spotify:track:5Qv2Nby1xTr9pQyjkrc94J,228746
spotify:track:06ClI3XK2FPR5uP8tPcFS1,214040
spotify:track:0Cyui3k9S61bue3uMkBD9S,180000
spotify:track:5aZzmPUv5a2nna9sxBrmpL,128973
spotify:track:2KCB47p9nvR5ZyT5hJKZi9,306426
spotify:track:4FiZ1qTuKXVtk45SAEkLjB,175535
spotify:track:58XWGx7KNNkKneHdprcprX,252493
spotify:track:22jLbAyWZ1leSTpMzr6KUb,200341
spotify:track:1ShyiEm2kD0XMA7fNhMIVk,260573
spotify:track:2YLnhsmArUvFQpisSeNFDQ,210320
spotify:track:65mDJezzjQJ0MAxFDuQ06j,445160
spotify:track:2Dt2toE5iJMTO8l8ESx3FZ,156216
spotify:track:2ZEq4HT450Ye9IFGPTl9qV,190955
spotify:track:7lgDVuPAdtUl1D1QoSUBlr,236560
spotify:track:3CEyM9wliTj7TeuuG84KZU,216774
spotify:track:49MMefftWPcltNP4OOJGSs,237020
spotify:track:0ZLkb9lDDlTPwYZPvuGnHB,172352
spotify:track:6sBA8b9bT8Z8G8TkVDvNTK,303333
spotify:track:3HBYPaUeNpGm9OLg5vszjF,150360
spotify:track:04pr6orXAsttpWeg0Votmq,245400
spotify:track:4qKREVjzOFA7jCb7rbwDaw,201000
spotify:track:3Yqsx1OFZqPbULxXPLHlpq,185351
spotify:track:7xYnUQigPoIDAMPVK79NEq,229866
spotify:track:19JzJOMs4wkuKxY8WEOMea,122704
spotify:track:2yelsinARsJjVqlw8w6s7L,142360
spotify:track:7nVxqvmAzg6UMOOt3osUHb,248040
spotify:track:54SVSLkZTLxmGGlvhxTt4I,219705
spotify:track:2ypbIXW3a7fsLdLtLpZWDZ,168960
spotify:track:77OuOZhDxJSQLYnNIpX2AG,190013
spotify:track:1qjCxgC8o48ZN7oxS7We2H,222400
spotify:track:0FfqyjhB6Kspvit1oOo7ax,151536
spotify:track:2vX5WL7s6UdeQyweZEx7PP,211026
spotify:track:3RyZEdTyJlARGByMo3cUiQ,240006
spotify:track:7wiMWdyPmX8uozK0aDzuO4,138942
spotify:track:0yrS0EfzPSpWm7UNaeGc2l,261250
spotify:track:3kiKvrMonNxyh8nzkhCrbU,264253
spotify:track:6x0SCnJPEqbgX085BuJHGU,175626
spotify:track:6wd7niU4QKRjXCpH1MZcxZ,223602
spotify:track:3cyAoKvbHmoOjp0Ww8mlB1,295280
spotify:track:4GITtbZtRCQXhWLMXrWXHt,174506
spotify:track:5rBUuAPGWc6ldmatX7XpUH,183226
spotify:track:6eOHOpNXzYUx79NDB4dMRd,280306
spotify:track:7BMWunZCzpUdESUgWSuNRa,164386
spotify:track:61UQzeiIluhpzpMdY4ag3q,259934
spotify:track:5jqdBB4hQyDsypExH3dxhj,303573
spotify:track:2jQiSYrwJehQAcuaaQrXnS,230010
spotify:track:2yBb1CRq98SSWRuDSn36SZ,391656
spotify:track:7h0wz5amgGNqbcGOo9ebXD,215360
spotify:track:1bKQ48M9onID2kbSpRy8kK,273333
spotify:track:55aVNuzd8RYrZDh9OAS0KK,378706
spotify:track:6pbvHpoZ7GFHzU8XWWOMMP,167850
spotify:track:2wmCnbkaFjrRLVXWgxm9j3,223680
spotify:track:47TP5yZVblci1Bj4Z5iSDT,382119
spotify:track:4nnyasRMJanQOBNaxemVhI,209400
spotify:track:0qUnBLZ8bJqUNEeQgayL9t,235800
spotify:track:5omgFpiMt1CGHjQGfkwzvz,254266
spotify:track:4TQeNHx85xcP9YRkvJC6K1,207786
spotify:track:5bITfqKGaPakO1l99hOMsI,235315
spotify:track:3iXNy7VaY9OqJFBwzhmbOh,215200
spotify:track:6HFywc5eQYRRYHYTatCb5Y,229040
spotify:track:1CtKHwDqsH3ctcCCI18N0g,203453
spotify:track:0tURbnatc9qCxlYpXuPK8I,172960
spotify:track:1rn6JIHBuBZiwvA57jeoOB,303946
spotify:track:4ehBNy9cwxA37DcTG2WH4j,145466
spotify:track:16YO5PuLc5VD9DX1OWv9Ms,107586
spotify:track:5T7LRFc3HfK4AN0r14ZbkQ,223933
spotify:track:17VWTx7LD7liGlpnlGhUbn,237120
spotify:track:35a7EjRYYLLyH4prB1zExl,219680
spotify:track:1000nHvUdawXuUHgBod4Wv,114893
spotify:track:4hdog9vyyqG9pcppG2Izek,223295
spotify:track:7MF7QAodbGzNYav5ZfIhAY,279333
spotify:track:4PgAKnWiS4ro0C2fPXjk05,199880
spotify:track:42AcnfPuSV3i6iWA0OfwTw,212853
spotify:track:7cNz65PfCatRXoX7QtqM2A,230520
spotify:track:34yKNc15w3sQNZQ6IrKGbw,146845
spotify:track:6cU4urQRUieTBH08yKHAqj,167121
spotify:track:62DSMfJvHuwe6qLy2D9tmk,502878
spotify:track:0Vc3nfRMdvY5iX6AHVWSMN,204778
spotify:track:5fTI7JCaMRK09WtwG8ZrRK,192013
spotify:track:3iEBmAit4pwTxnvEfK0bNU,266989
spotify:track:1UBQ5GK8JaQjm5VbkBZY66,258026
spotify:track:6CDbJbX2ghlCbO6kwzaKTI,195160
spotify:track:4ovuxN731AgVS5qdVPjOig,255190
spotify:track:4ahWVoHIxMfoLksp36A1mf,218666
spotify:track:4uFn9xEBDusHN12PQ9AxnU,170240
spotify:track:0jx8zY5JQsS4YEQcfkoc5C,206240
spotify:track:0aiBkiwROTevNB0au6vLMH,319059
spotify:track:7rJZgIsiJSFLyP5REfEcVB,573092
spotify:track:6pbKWWP8WwTaP5TbSq1vCA,208505
spotify:track:3XumWK9DLhZmHZHAxHpvzJ,341760
spotify:track:5YqftpyEhsJQg2Cm053VAZ,372393
spotify:track:0Th8lfTKVv32mZgXtGOxcd,342558
spotify:track:3yKz2mZ3INxo2mYsx2xINQ,332266
spotify:track:2VLh6hqn4BZj62Ae6plpYn,195880
spotify:track:79yy6tiJjxW2VJiorFLhF8,206395
spotify:track:60HibhiSF8eBC2w4DWgorI,214560
spotify:track:389QX9Q1eUOEZ19vtzzI9O,285000
spotify:track:3cLU69qc9ceP31WZO3kktl,143000
spotify:track:5CCOfiidezFf8VEaRJ6OlE,129360
spotify:track:6WFwC46XQapcmnToEcromu,316107
spotify:track:3B30FE1ywQwRa5vcg2W1Zg,155964
spotify:track:27iqphH3mWVjAn56iGMe2F,101213
spotify:track:37b2LyzvKZduFJd8GmJhJW,164986
spotify:track:2dYMjaq8Ll2dXQfxYkuKLT,175240
spotify:track:3UDmHZcBTQp8Iu8droNtUl,205293
spotify:track:7wcNUNueQ3wPAARNQu0IO1,237933
spotify:track:525GY0mXYnxajolwgS8Eaz,179760
spotify:track:4pWMA5bhf4DEdWfqR3WN7f,184261
spotify:track:5Z0MrFDEIDB075We9w9276,171266
spotify:track:3tAFhUlDu5rRmpKDsw0oCn,158106
spotify:track:20LxTsa6936zOlzTWqoPVt,161600
spotify:track:3FAclTFfvUuQYnEsptbK8w,241293
spotify:track:5csyFWmmFlqKXh3ehjom3H,290133
spotify:track:3FbtxqqkmdqPkLQ8xy8QRH,366956
spotify:track:4f1MOhX1eEls7hVsEEPKIO,266400
spotify:track:50e2bNMGDAiXUCxr5ilEyr,273240
spotify:track:55BE5KoEnvJcI2wCp5kgn2,283093
spotify:track:1IWIqSlleSAzNQeKSpe4IJ,204210
spotify:track:46M2hXnaQpueG7vSvgVtVH,93893
spotify:track:2rxePraWVAXyZRHVW1ICss,339840
spotify:track:1cCbsojaA6GIT7Y3zuMJ1q,107533
spotify:track:64v76SFBt8hFgSDNFtbKWh,236875
spotify:track:2gmWJA9oF4GD2Vw5QoRqu1,274400
spotify:track:5VWC7v2dC2K0SIIjT9WTLN,451680
spotify:track:6pwvH9LfroBLqd3dez9vBz,282426
spotify:track:0XkmeG97T4mtYlWRJcrxec,147672
spotify:track:7dITAq1YP5e0kTcaDq4YWI,205413
spotify:track:2Z4VK9otSeq3MxWcEgptUa,178294
spotify:track:1CxkJzZB7IDqE5HtevW6JT,413658
spotify:track:6R0GRYk2vs2XuBVemYK5YZ,189974
spotify:track:4hNJyZPPb1MgxcxpuPIH2t,260040
spotify:track:6AypJqbchqHePz9l6OiISY,256812
spotify:track:2JJ6XjVqjISFC3F3srBS8T,105826
spotify:track:4F9ms4Va7gxcapFSrcCNfM,0
spotify:track:3jiKUMXqwEodB7gVv1RMZU,249444
spotify:track:75rTS9ah1yctiZjIwsU7OX,168946
spotify:track:1hGy2eLcmC8eKx7qr1tOqx,225373
spotify:track:6c61kVcF2zmFExhWYwDrDX,241306
spotify:track:4mn2kNTqiGLwaUR8JdhJ1l,269906
spotify:track:2UVuIquASNE8Sm2TSAW716,252466
spotify:track:3VSt7R9LHTomKGP1RhkvuT,199776
spotify:track:7uKcScNXuO3MWw6LowBjW1,203786
spotify:track:6KMcxyWLbfzuY3WLDhrneD,79720
spotify:track:03SpDsGp2ykkDBSDBaLTwT,190280
spotify:track:3ypMsqUwfNFMiooMLVHfkp,202573
spotify:track:1hsRoc4GvW9lAisQ6PfU2u,145320
spotify:track:2MlQuvVsq23rnanz6OYaB5,256160
spotify:track:0a0KZCfAVPiPs09O6cv4Eo,224493
spotify:track:52ooD6LHuXFubM6d1CDD93,174357
spotify:track:2iXdwVdzA0KrI2Q0iZNJbX,207680
spotify:track:4ANNaNMqxxnOBr5XDZkJGr,221600
spotify:track:5l9c6bJmzvftumhz4TMPgk,303213
spotify:track:0ehxWIhybOYQ3acRhmcNVF,255253
spotify:track:7zrpoAJte9o12TzawqgdD0,250983
spotify:track:449DFUJKZlzSO684XlVjEn,260600
spotify:track:5hxas1Dkr8qGxoE4auVlzG,129600
spotify:track:43LB5xjUvXPLIQHfIXuJBx,210000
spotify:track:1eQkeRWuEFcdf5Bb0P3Tsz,130573
spotify:track:4exnhbQudkL2FsvwH6DLxg,71262
spotify:track:0GmiGIxXDNrePrHBpijYDp,352441
spotify:track:65DU3ad0BY3N1TNn58ofmK,163426
spotify:track:5ZLzl6T8JwqMTMdoE0nCbU,201866
spotify:track:6CrKz4Pj28TszsLrp92rms,188920
spotify:track:1it9umP1j9qSqzKbSLLqqy,230533
spotify:track:5fJRHZyjnb6891ny5IOkL6,221013
spotify:track:4a01ClusxuZiloOK5UgLUn,163280
spotify:track:2n6OfaTIml6ZPTbSL5Shk7,86625
spotify:track:2UVbBKQOdFAekPTRsnkzcf,190288
spotify:track:27uqXX6GcgnvzE2QzNaj4z,129600
spotify:track:1eqwjXdMTed8Pz3PLNcHe9,217866
spotify:track:4zKYvJ7otMr3j9GtfLPm4c,291507
spotify:track:5coMCdmqJMnK29H53TKnGE,102328
spotify:track:1MH7CE7NBhn3kdmFEfeBhn,234893
spotify:track:4Cf26EZzXjLYa0fDeH3wDa,246600
spotify:track:1cG0umU5TKStygKsPFZ9pY,191379
spotify:track:15YgfiMf7ArHQOLQ1fZEEC,233306
spotify:track:1eLAEzLXUu6SFHS5rSCrx1,304680
spotify:track:6jFQjqARYER5qgtM2ScmmS,215720
spotify:track:0FyoSf9dSi0XFc0bED1wlM,180990
spotify:track:0oiNDJWFLPQoAm35OwT66P,207906
spotify:track:26UinddFbmPE2woBqQ246S,158906
spotify:track:00W0z4GR2fU8v11dhszOdw,254400
spotify:track:4q3LEGg1hj5nZKeOGjLu2P,1019573
spotify:track:4HNTvgMTB1eLpLeqHm0YpD,120242
spotify:track:0NYDGYRt3gmyy3ZSQH5UAc,235909
spotify:track:3iSVyeQpYebMCGNSeNjUFQ,151275
spotify:track:0K2WjMLZYr09LKwurGRYRE,204906
spotify:track:05fHQeRbCSjKVS6z0WbQKJ,267000
spotify:track:7KnusT8A8lDwwTek3qzH2W,166770
spotify:track:5ml7wqgv2ZZ5JJ6U8ZLon9,243906
spotify:track:67Hna13dNDkZvBpTXRIaOJ,330773
spotify:track:6nTiIhLmQ3FWhvrGafw2zj,176346
spotify:track:1olCzMxaeiQKNO64ssWVGr,161040
spotify:track:5TfbOG2NmBUYaZxaGeNqS6,170293
spotify:track:0Z0s6dw0zw2ENU1gVjlLV6,334000
spotify:track:78U5Pv1dT7ev2eQATEzM9G,226413
spotify:track:5xpAlNlkAvdpnw69Rka2Vx,236086
spotify:track:2eqiQLfYiUtx38mfXFbyfj,72750
spotify:track:7w0qxWodxSGc4mxJmwAP9t,85013
spotify:track:6zmBhUfnNb8ByO2oZlSEum,231893
spotify:track:1lL5wgXpI3Wwn6Am13dQIj,651826
spotify:track:6Twg3ltDIP0p232hRdR6T0,374240
spotify:track:7DmiPcLRXzfTaaWAoxUPvO,258493
spotify:track:309zcIa7rkb1QMKX4fw1Lf,309346
spotify:track:74tXc7WOWxEDZahXcyPG9D,256279
spotify:track:6w8dBm5KlXxWejYrbGS1EJ,223533
spotify:track:4S9RHp3Ge0xepqcixPQ6Fc,196933
spotify:track:1iNeZGJsoC0D7ZyJTdIbDS,284280
spotify:track:7t3pqWBCWF415rddNzYWSz,170840
spotify:track:5ctNuquTVDsfMb9jKzsYu0,181000
spotify:track:3arKRnq9OUd7yq6LRwVW8I,289533
spotify:track:4T6dVW8hYP38MrVFQLOz5Y,123569
spotify:track:61jablzueEGEB3IQEkbpTi,214133
spotify:track:0736ecsK67zf74RJ2ibusE,213120
spotify:track:4CDIEKHMb2MBgvgHBkhiJD,281320
spotify:track:3eekarcy7kvN4yt5ZFzltW,175720
spotify:track:0zJOWqwFy2o6OVh23a2pEg,231732
spotify:track:55ItYh50tubp0w8jSbr6sj,243000
spotify:track:33trZRsRCHDPemnACBcLJJ,244226
spotify:track:4qO03RMQm88DdpTJcxlglY,212600
spotify:track:4MasfbWMX2BS1vadg6LEOP,173452
spotify:track:20EdcSlpuRRJU0cAQ4zafz,186586
spotify:track:4CVOUJki8YUWol3jhLphgs,148837
spotify:track:3RoycW4yhd2HCsWmLR7xIi,252464
spotify:track:2IB6UYpGAFtP2H0YJCWpcw,184893
spotify:track:6wGKkvlvUHbdi6hlp3C8q7,182773
spotify:track:1vyOl6icaFMQmtQ1CVwkWV,195245
spotify:track:1zBnlHet9lBKXf2XzjjiLn,467080
spotify:track:2H5CLUmtvo2VHEeWzMtUqW,278760
spotify:track:5ypTWakSUT3kLLYtbUFGfO,161333
spotify:track:5IATbFZds3cbOx8YxuMuko,339400
spotify:track:1ynmMEK1fkyiZ6Z6F3ThEt,216533
spotify:track:2UEYVPCkE3f9GKJGdTRYi0,252959
spotify:track:7AtlMCIauSQZqiXSlbBPW6,209426
spotify:track:7ySyut7tXxU6nHUeoLJeMw,239560
spotify:track:7KysI43rsjlhjTeWO6ePUq,229800
spotify:track:3OgPv1D0HINMvsjppJvYD6,264906
spotify:track:1R3mCl9ya7FanRNWTeiQUE,372600
spotify:track:5rdjEoAiqqsjZdQaYSaDta,228000
spotify:track:51c94ac31swyDQj9B3Lzs3,299533
spotify:track:3zIIjuvnDALIs9WNl3w3uT,362400
spotify:track:1r0faljjM2b876iNoaDUh5,287320
spotify:track:06SrULbZYAkAEYVAHVR4T7,128560
spotify:track:5CFPbfscI48vxl55VLulwF,197373
spotify:track:1u73tmG4xQschbK8cXxSD9,493795
spotify:track:1psO8ZpTON3hDYwpBfZekL,165466
spotify:track:1zgTTXWby9R40Gj9rHgH8e,184586
spotify:track:2XvrMHbSO077Ajg7QTTNdY,244960
spotify:track:7LEydI5NfjY6mZfKwYIptZ,164985
spotify:track:4qapBKNzXkr6EXQJN9Lhwc,230568
spotify:track:4RyK6N4IQ85xxLgguQAFH5,209440
spotify:track:4VvZfyQXdHJ1HLWZOrWc7E,234968
spotify:track:2Tlv01jTgfA79TGMFrJx1O,219693
spotify:track:2stkLJ0JNcXkIRDNF3ld6c,124160
spotify:track:1NCuYqMc8hKMb4cpNTcJbD,322133
spotify:track:34pxg2QzQfVR2jrGA7D1ap,258493
spotify:track:6KtGGYABmzDA2O0YfRb9I9,41706
spotify:track:1DkQMumDKBy6wj8QyaVGbx,322560
spotify:track:1ymX19hR5uehyYdyeQuoWC,230600
spotify:track:653FedMz6mHD3dtDPt1t7R,171186
spotify:track:64CvAy6EPQpxCNbW2LNze9,230148
spotify:track:5HAcVd1Rir12cOSxQgQIDq,221000
spotify:track:60duIJNZHIhT3FAjq8LaNv,77267
spotify:track:20gGDikkrfmLU0SAvljr8d,145972
spotify:track:1c8gk2PeTE04A1pIDH9YMk,228093
spotify:track:4uDOJaEKr2MoeuIjgXM5kf,144160
spotify:track:1vBpwxsLVwaR4evBIaFmqD,220800
spotify:track:0Lkpzy8Xw7ENpI8LgyQUoC,223600
spotify:track:7dyzZ1pOznrXBXwzunv2si,227626
spotify:track:3Payc7tABRZBDd2qNB24NE,115493
spotify:track:7itr4N5bXkAWesPUomCNf7,502600
spotify:track:0oakHTPj4SF7Si0NAsLwi8,135133
spotify:track:4Me1GwI6kq6ZVLVcyMT7VC,182169
spotify:track:1PXaDEXL5dteONn3UCoAVH,106221
spotify:track:3nhmni2lW0t0eVBXEQAAyF,196613
spotify:track:7AyA8djMns03exRAMJMgq0,148800
spotify:track:2DyNl7fJK4tTZx5RNAQmN9,277306
spotify:track:5X95UM2l8CHywHaYRDJPQs,201280
spotify:track:24PmMF7OU613qIG4l8D3RM,147445
spotify:track:6rnMwp1TDEw8wwbX7S9Ot9,203037
spotify:track:4knc1Fp3kbuq8bH2byOvLu,214933
spotify:track:409MhLjCRKF2KKMzxAmocY,175797
spotify:track:40rChMoUd1VXb4TKgTuTSP,140480
spotify:track:4sVrOA0sytAzv102tnQmr7,125508
spotify:track:0DWdj2oZMBFSzRsi2Cvfzf,197933
spotify:track:3Bo79uipvzIBiOAG4zJPcm,326229
spotify:track:0xGl8HKFncXK7aFZRTGZsr,134416
spotify:track:7qrO2oI0A9DW6wQPjSADxx,210491
spotify:track:2dLLR6qlu5UJ5gk0dKz0h3,190185
spotify:track:6vir4wPTvvv6oOa4BOnbj7,140019
spotify:track:2BjhPg0NvrTFHywcDjA5Kc,51573
spotify:track:037Q3LMK7nqfCsTsD0E0JP,323933
spotify:track:2qRzC35MvOx1qXQQzCcRyB,549742
spotify:track:4iLsvtyr4Ut9EHWqCjLN8X,256466
spotify:track:6LbbHFEajG9e4m0G3L47c4,180943
spotify:track:3SMxd9vNy41n9Xk4UFw36S,156186
spotify:track:4AX0P9ppXayrWr563KABpk,144776
spotify:track:3N8YmS2jHNmziUhqTR7Wk4,334800
spotify:track:5gbxzSqABThINGDb7vIiwe,332066
spotify:track:5eMEHPo1Whp95EyHXGcaPQ,294975
spotify:track:0R6Jlsq25eZB3Wftpxi3oF,112013
spotify:track:3TilMZ5wdTBPrDYPNY9Kc8,341026
spotify:track:5JypFayfT1V5OG4xJ8q7jK,198586
spotify:track:07IZD41kFwKZbEkd1frD2M,222853
spotify:track:6JX2ZPH0GJD7s45xjSoV4o,190800
spotify:track:3xIUBiuGF75JlUX1uKPH2w,311666
spotify:track:2pN8vPfn5sa8StXHg7fydH,202613
spotify:track:19L8E51SOAjb0DdA349YuW,201167
spotify:track:0DQqzCHlPyKQXfF8uL01SI,210525
spotify:track:5yqduRsxFbE8YI7ij77rWb,148946
spotify:track:3oxrprnUWYcQrSI4vtsAj4,250346
spotify:track:0n0Cv81yKXOUzOyK2pSkmU,235909
spotify:track:0dIipTYASaFwX1QxVrVFV7,231253
spotify:track:2jiPHbFX5XM8TjaTfYJ0eo,313684
spotify:track:5gmkw2031VVIboYqPIjSWB,176040
spotify:track:0UY0JLj9kxOlgF6FHogCmX,174973
spotify:track:3RzwSBpUjTE33KkB3MzqE9,186400
spotify:track:4S4wQojpQXuHj2M3M06dWV,76778
spotify:track:5ujrjQsZYp7oark6k7SFVa,169000
spotify:track:0dA58RZci59FbrNbNbhGJj,254668
spotify:track:24LS4lQShWyixJ0ZrJXfJ5,212560
spotify:track:4zkAKgPCPmXhXrU313WdJZ,254858
spotify:track:5d4ERnrRRe9o4I7aFLFTvP,43613
spotify:track:2j7YeBhugXhe99Om0g0tL9,242786
spotify:track:2RGe02P8xxSF9syj0ltPjX,270926
spotify:track:3CCS6y9BPowg2jYiaY94UZ,175813
spotify:track:0lNl8IqOKHfJJviqQKqtJr,171226
spotify:track:2bxutv2pOziJT1llPRP7ZO,288680
spotify:track:1zv2P1cwzIu997ujUYVxZA,250093
spotify:track:2UkVoxfYfqxcxW8XaZKd2B,233674
spotify:track:24Mi1vVBzYLMZ26gwhnOIE,194492
spotify:track:0pwJFVFojIUyjv0uK7mUku,175986
spotify:track:35SnuWHCBTJkfJYetXUF7X,337920
spotify:track:2tGfajs07TbFHp9AvG8K0O,321533
spotify:track:5zGzSO40FsFK65IloXM7DN,174424
spotify:track:1CP967dCzbdR2RMejYyPFz,252666
spotify:track:3mxWDt0eKXfl4C1e4oIP0J,188080
spotify:track:2JWKzkQbYsNzx019WyGzaH,288266
spotify:track:0NSbiBKXoODbsPwjSivfBr,244400
spotify:track:4COGASZEbAxmH6k5gYMo6G,335736
spotify:track:5sTC1imYc0QzNe3i5snLy7,277306
spotify:track:5IJbTPhcj0IjdzUaYqwe2I,224493
spotify:track:34nrwvgin3so12LUpuHNQt,398317
spotify:track:664gdARxaClFsoF5SXKOws,199453
spotify:track:0Q2LHrREFF9rtX3PuMUoNL,136914
spotify:track:53TfrRoPkFT2nzQo5HeoEC,360560
spotify:track:5lVxdKsJkQClhBLK7lfurE,247419
spotify:track:6hXYNf8WmAI8SOhEzohUrn,257266
spotify:track:6oK5X3MwR63x7n5K8gDHIB,143546
spotify:track:5uPYEStMW3KsXnnLV7iCTw,244253
spotify:track:2xI7o9zYcqynmueNH4foku,321040
spotify:track:0r9l1ijV7WaxpodvjDjKnn,208093
spotify:track:3UUwbJd2j4RORlalTUhaDk,113893
spotify:track:7rWsqsveFPcxBhm0jcc9UU,161560
spotify:track:79nEEoEPY2w8EXj9hjn5oc,153999
spotify:track:3QhwYRECYVYuJfG23GkS2x,265199
spotify:track:073ILU1C3APNRGF66VhtyA,207038
spotify:track:1LszjjoVwDDZcWUQbzeDLG,223146
spotify:track:7LBZfkcgTohIQQ1DqnSuPV,221282
spotify:track:1ot6jEe4w4hYnsOPjd3xKQ,230640
spotify:track:3FTZd0Wufi3wX6wNZnk0bJ,248066
spotify:track:3yePZLjcJ4XNbh0vlKTZBo,428266
spotify:track:7GaiJ4RAaCKJ8OZrpIfTZ0,202968
spotify:track:4rHZZAmHpZrA3iH5zx8frV,484146
spotify:track:4EmVQUv4JM33dunWGzW5ay,329893
spotify:track:3I0FBDc1c1BLNtXWKVjmFg,258826
spotify:track:6miK1DMb1WONHzH1jh5PLk,160186
spotify:track:6zfczP87XO2SxWlQtnjFNa,277653
spotify:track:58zB7AczXbwRfmPmiVjeqh,327739
spotify:track:5pjUDgYsjPZaZDmer8bcpA,190682
spotify:track:41IvihfHQoSZ4jtvFWFNr1,201961
spotify:track:5RPYEOYXCro8dqj10KdI6d,203480
spotify:track:0Gq4qNJmjp0gMrpVQmfzO5,284666
spotify:track:0cW5cXANjlv8hgLAQwdvgE,199627
spotify:track:23j0uDLxDS0ZN8uhCwCP3B,273546
spotify:track:6eutiaXHf2U91Msh4FsLFJ,174656
spotify:track:1q18s5RRwVJk1ROw2fPY5A,244560
spotify:track:4mb4Ykp6StyjfDG0kyn6YM,318461
spotify:track:2pAho4WqtK5hQtgImHzT74,338333
spotify:track:0ctJ5G15SHK0idO1ieRtIU,265009
spotify:track:4BD36FTaGzlWkD3pu8XEOH,349466
spotify:track:2N3MnCb6sHMa8xGhHNopBb,504706
spotify:track:7LHsZmK1rJBrYwAE1MYNfV,217706
spotify:track:6Pgmqg15yVexuOgtzuxwoX,180138
spotify:track:5EHRc2WJASyZg3alJqsbqU,161239
spotify:track:22ESUp0CWrTUL2NDTnbExY,95968
spotify:track:1yNyoWWWikbLhwIGWjZuDW,197793
spotify:track:0fD6vPYWty2Jy4VVozWzfp,170868
spotify:track:2s6NUf9GkCeUtYbHdgMcVk,196613
spotify:track:42d65HLPpUBlMaKeaMt3FX,203053
spotify:track:6kJAKtakKe9NITyedJ53Mp,177666
spotify:track:4UZmRayMrFI8pHeK5zb7GU,231282
spotify:track:5ipR6UJ4ZZc5RzMLd4F9ar,217423
spotify:track:3bOF87CrSbm77MZuqmvCHK,145226
spotify:track:0ppuz64FCc6gyXk0MojsdJ,152293
spotify:track:5BQizgx9tskhfxQhjaSSzQ,195173
spotify:track:3Vo4wInECJQuz9BIBMOu8i,217288
spotify:track:5UJsYyBi0CdSJl0ul5aTgO,330373
spotify:track:7JFMaCszgik6Ay4WWeG1i3,276933
spotify:track:2twux6m8Ix8fvvzx0l6dkl,83356
spotify:track:0F8XMCjDI668Qy2zU2t1T9,315906
spotify:track:4MjstyMMO5I6hch9GASIGb,174360
spotify:track:1qfDfZAvrkSAFrAR2FTQDv,121080
spotify:track:7cQ0LAxT5HHCLGbxcjaxac,223019
spotify:track:1fn6EFBBNiDVhL3DxDDJTD,213600
spotify:track:6qLEOZvf5gI7kWE63JE7p3,194853
spotify:track:3muCRarlut4Dtweo9gE7U1,239516
spotify:track:4Pnzw1nLOpDNV6MKI5ueIR,199000
spotify:track:40mbXBIBxVQwq8S2v5mw4D,423320
spotify:track:2IOFZdYYkFxEHVz1w34PoL,259186
spotify:track:5F2lWCeBZMxpo6SG1Q3PlL,184986
spotify:track:1KRdD8IpxMXGB2883OVP2Q,58506
spotify:track:1KKTVzxdyFKdKTWYnTSDES,205760
spotify:track:5SlKhhXtzd3Cj74HYmHZNz,189573
spotify:track:2T5G4PNpZCvQq6bRn7JwSy,165086
spotify:track:019KRrap2TW8ASDAWbe6OU,325573
spotify:track:75Mwp7YsQRk0ZBq1lOdL2T,178000
spotify:track:1vt0n3GcAYrsSMue1C6OtC,187626
spotify:track:6lYY2HktYKpV1pUamfRlU1,254080
spotify:track:3jft7L9axJRK2PxhI60HDG,369452
spotify:track:1ElniqXubqdYAjuG0NugB2,167804
spotify:track:5BWMtYr3qsILJaxqnhnkbj,243466
spotify:track:0OprBk6IHvo04oyirQjdkL,376733
spotify:track:0pg0vTfzdsscT3agn1cvYE,182908
spotify:track:1yJzoX4xPsACzVxUarXRKa,99680
spotify:track:5jJXjQcZUdL7sj3hCW4LrJ,258266
spotify:track:15IuOb99czEVjmWHXCEGBJ,214213
spotify:track:0PSN9gw4qdAqqDTaR3COV5,227466
spotify:track:0YOTE8vEGduSABT8QE55rK,194011
spotify:track:48P0YIgAKt8Kn7EcQkJviG,141853
spotify:track:5JGEAz15LkPoOtFHttDtVs,295520
spotify:track:7166FiVEnGCG27MITo4kXC,229025
spotify:track:78W8wiUIlQ2SnWY9TVowKZ,174202
spotify:track:6hEkG6ndeFqzSMa6C4yza4,234093
spotify:track:7JIuqL4ZqkpfGKQhYlrirs,267653
spotify:track:1c1Yiulh0VyQAF5WEhLjGd,538053
spotify:track:6zXWPVZdwcifpDHfVtDfgD,187666
spotify:track:65tzGxRAwbrZd2yhHcGgLf,166639
spotify:track:7LpcB50dBOGO3Ph6zlJyyH,265026
spotify:track:6mYHFgxnHqtTZVGmDcvryy,236600
spotify:track:322vI2bPcLJeDxltXD9hzD,150760
spotify:track:6aXY8SXfIcDU1FTNqo5fHz,230680
spotify:track:6CjXprEeDRVgH09AqkhGN7,116869
spotify:track:79UX8fkSsowWI1HOd8VoYt,159863
spotify:track:1fewSx2d5KIZ04wsooEBOz,203266
spotify:track:5nBnFYU73ycjPZbiJzNrBm,230053
spotify:track:0Ntw24cRl6jtTdhUlH8klo,217024
spotify:track:5tfYoMU6AtoyQVFbNAb1XQ,209600
spotify:track:5N6l51sD0KZKwAWJEo8dg2,89173
spotify:track:47UuB6VMYtx9iIU99AbLet,99850
spotify:track:1aAW4DTTPsvSSZ3qgA2Wwn,293560
spotify:track:5Jm4w8jmPEBTLjI9vH4fXo,217240
spotify:track:2pxekFMXk1rfgFuQtcuSdx,245200
spotify:track:2lnZw7ybSlGnT9gsjnWPce,193482
spotify:track:7MHN1aCFtLXjownGhvEQlF,213026
spotify:track:7bYtMsUV1EkDTHbXULos0a,268880
spotify:track:02tvc9CFnTyHuSRlGeNv9w,206974
spotify:track:6jvNnYLscndCf0fPJB1pms,333386
spotify:track:0gZbixi81nr2DAVXt64gyx,279520
spotify:track:74E23qVoVPj6oGPjHLo4dN,165917
spotify:track:480dDrqG7LO6qDaphHeXlM,210133
spotify:track:3F4JxbEkur9ZXAtQ5GFVXB,244306
spotify:track:373zqV0VLz9mnrSaY9kaiX,394266
spotify:track:1jVjOcs7QeQZJXScbqvofI,143640
spotify:track:6PUTy3CwaxVbWuAIfAzw8X,414896
spotify:track:371VkfwKiXJxgH5ZPoQNHD,264503
spotify:track:6L5zmkVKqeD7AwUYnFt45C,350973
spotify:track:5TxsupFF2Vc70TQdLyyOE3,247893
spotify:track:27KxaaTmjsTcnJVaz0dOOo,186466
spotify:track:7A4rW6quroPut2I6OsCys9,146666
spotify:track:0DbNuTBlJ5ixoDdHZ523DT,160666
spotify:track:3u4V9vgAvQG1dcRdRvESVb,280601
spotify:track:581IpQMQrx09Kn4YjiSlsr,227915
spotify:track:2VprRdTmbgyjXnDzHIcfNl,237653
spotify:track:2Lhdl74nwwVGOE2Gv35QuK,243773
spotify:track:6iNFe16r5xPX9ltRdSZXmx,302493
spotify:track:2FVHqaD384a38HgEPpACDu,211733
spotify:track:4F1p9de1hUXV7l0DBpPUhL,389333
spotify:track:0GIDR7iLJgV5fJwdcv8TXo,225200
spotify:track:7MYSVvlHKd9AUsLeMucMsJ,167282
spotify:track:020DdY7OHn2cAA0YLCeGTn,212033
spotify:track:7DRP2VOMpy1rrk3iYFLCW9,171692
spotify:track:63QpuNHIZ8APaK37LkV8Xd,308040
spotify:track:3ZC8BXItb2bvgs8oKgz5qG,388480
spotify:track:5zhuWncJsBKrQ1HhmAKNAg,144733
spotify:track:7pkYsT6Nhtr9EfblK6Kffy,159326
spotify:track:3vhKrSxe3fRuS5Ogis76VO,230760
spotify:track:7pO5P9AWsB9cQE6McCNgIH,294146
spotify:track:1haEW65uXhvn0oy4Caiaje,162760
spotify:track:0FdkCswS3joJwBptQWeQTA,227108
spotify:track:6MIulZ9FG6Td02EpvFC5ZL,179583
spotify:track:2qG5sZ7Si6sdK74qLxedYM,161626
spotify:track:0s3z0b2wJQDyElh873Fl3P,166812
spotify:track:5u57fbSIOxbNFRSQYxDqtM,129287
spotify:track:5WoaF1B5XIEnWfmb5NZikf,259333
spotify:track:7uUOlaDR5u2YtjEGjHefeR,164880
spotify:track:2eVp1v42sCDuornFLQRA5D,387013
spotify:track:14Bcv6siTBPw3TlP84dasC,193733
spotify:track:3SOmxtpEeIkxOd52YFNkzL,197226
spotify:track:6PUabSMXmPnZna361Wwmf7,258466
spotify:track:5OUOVN3xDF1qt3ZppKbmKl,113009
spotify:track:3o4Eli2iCh3LXPZwBE6SCN,444033
spotify:track:2rdVCNThL8kxzsRzusmt5t,157333
spotify:track:76tGvMdmFKuiMew33ZNNA9,456000
spotify:track:1RzkRugBccBZDTIACA4kv9,212920
spotify:track:4qwaQvUrRwK2t1G6Q5pwbY,239120
spotify:track:4UOH1cWPXvo6Y3ADe9CNsc,198585
spotify:track:4OafepJy2teCjYJbvFE60J,198160
spotify:track:2aWOkuQeCtgoJSa6QbNKb5,271191
spotify:track:4AN9FuUhpHnaiVw8ZsLu2V,192186
spotify:track:2ov4LhWJZ2J7zGnHQqoWvZ,146773
spotify:track:2YlZnw2ikdb837oKMKjBkW,225053
spotify:track:4DhPiE7UXmkmlmiu34yMC0,182386
spotify:track:3nfM0SzLDappHV27JG7uCO,262946
spotify:track:3BDlCFBcu0ECQ4ZXd7Kzqv,243960
spotify:track:6G2jbsh1hXiEJ7Vz5EdPvJ,226506
spotify:track:3cGmUgp7hF5Eb8NyuEmtCA,364360
spotify:track:45B8Oz8UC2hxGbPqwhcys1,875640
spotify:track:1gyGGugJsqfmxlOxwi0rjg,317786
spotify:track:5H95n43z0KFcXGCEc0ewe1,196413
spotify:track:1xTfQiHbhB2Bj2B9dlAojb,313266
spotify:track:5FIgvhOU2KiC6irF1RBGVd,125217
spotify:track:1g7zNtcGrWt8gcBRwDQEkf,285255
spotify:track:6RMWuShjqxuHL9HGL8pZeb,589933
spotify:track:2v8zd4ZM8o6WU5UoCe2irQ,167413
spotify:track:7pCcxxrnJt55nwbhpaTQDX,202133
spotify:track:1DizTjtL2t4SuUy0EGPsfL,225266
spotify:track:5Ck0J7PzWuGZ3jKFDneU6E,208235
spotify:track:0OEBOJhSObnFuHuasXdt52,173133
spotify:track:0RTzJVkunbGwuRjXDFHnjf,251147
spotify:track:64kNRze29YqCFzFEpQCaHQ,288469
spotify:track:3IDc87lrpEHWFBASmgTgFV,193573
spotify:track:6yCM4N4v44c3xoMORrhLwW,211580
spotify:track:3EfugazgSddQvzZpkof5I4,200104
spotify:track:6sayXgNAqCmfUAqGAxP4xA,225720
spotify:track:2AnisDuhsGRXHpuUAqGYsL,162826
spotify:track:7oFu48CWolFumGa8jMB6iI,84339
spotify:track:1S483mPdQLHWrHvgIZDiTJ,90671
spotify:track:6OB0RIqwXwXBFpi3Qn1ndS,290146
spotify:track:1PAnGhRo2tHpM2DNibEEe6,279413
spotify:track:23khhseCLQqVMCIT1WMAns,285014
spotify:track:1hliCPPIRYsWxfbe46vlGW,132682
spotify:track:1O7AygpAKsR69St8qJFkW0,158289
spotify:track:5OtNHOdnTdfMALthM3bJQN,176134
spotify:track:5DSgzNSlB4EHCIi8YAXxWn,258292
spotify:track:4IbOPxstIn2KbdlWf5xRZ0,188226
spotify:track:1CwyfupBufLXfYdPr8LhDF,252426
spotify:track:5MAjVARSIDzwz8jFG36hFu,186642
spotify:track:7GYs93LBamRL5UWyA86NJR,173368
spotify:track:52DXCWIJK7O2IePRP3CuRy,177586
spotify:track:1NcOzP3w30OQCDcpTzEElD,191213
spotify:track:2prdoDFprbunA2AQsgZPsH,263200
spotify:track:0P4eZjsvrnwmWqTO8xUlCT,232186
spotify:track:4KRXcKUesQHKUkX6tHbF01,170861
spotify:track:2YmCtK5uufxEsjMXeKStmv,295373
spotify:track:4C7Ss9bTPOWJMh3rarF1mN,206493
spotify:track:5qqjxVx7vgzHR5AZ5Ipz0u,232000
spotify:track:6dVZCbi9CYtD9LjAHXRjIG,258426
spotify:track:1RMJOxR6GRPsBHL8qeC2ux,209831
spotify:track:5g3ZD7PmrEQlQZKDW91yGG,235666
spotify:track:4ItljeeAXtHsnsnnQojaO2,262748
spotify:track:2CwMxEXxMiLRrKPLjQLmne,257040
spotify:track:4XyKqXYeL0FBPFbDrXLvJZ,143280
spotify:track:4FlYcJnfkeBpowEHJ72Bmt,160080
spotify:track:4ij09Y7hdZ4xLVWveyHXhT,276440
spotify:track:1ScjfK4x6R3KCkY6hWkPXW,198250
spotify:track:4tSTpnw8UYNlroCEo774tm,169066
spotify:track:7MnxdIXJd4N4mHCTPNKhkX,245973
spotify:track:4MlXFjRO6N7NXvMqPlH35o,187173
spotify:track:54JlHrwB7tNAX7Ypihnfob,57640
spotify:track:4JNTpbntShpUpACDUzwHV5,224160
spotify:track:58AcCy6AFUNtVZ0XPBxicC,229250
spotify:track:5Zlo5ZYjrr6DwQw1kBi5bA,205833
spotify:track:5qVqk68C5AmFL2faVr8iCg,184897
spotify:track:73i820uzxBoRl6A7s137kE,173609
spotify:track:7FXuCkl1kfxwS5icDjTwbM,141000
spotify:track:1HZ66Dzpu0ot4pWqVNMqgb,176666
spotify:track:5WyD2lZhEeTNg91oEF0TYK,132479
spotify:track:6RRNNciQGZEXnqk8SQ9yv5,171360
spotify:track:3bwSthhrcY3PgfIjtO8gcr,158054
spotify:track:19Ncb0rPLiCYtkR0sN8eYX,166968
spotify:track:7ikRId3U9AXd6tfF2fbItC,145222
spotify:track:6uWfadBhaf5shMcgHOPTLh,235306
spotify:track:315ICgo5Ok82TstbOKUBHL,227786
spotify:track:7jOm5sMLcrN6qOsknR6v88,121653
spotify:track:3M1H1CWjrSq7nxABHc8EXv,233266
spotify:track:1a0YeR9LWUZ3EBS5TaTDsW,141074
spotify:track:0S11HEtyphdIwD6hyqKJ6k,146960
spotify:track:0I1eFRytp4XRhLCjT6tZm7,198213
spotify:track:5HIXwsSwowXq6zerUeqD7l,165533
spotify:track:0RH4Tn9KHGOUK01s1e4KVT,156186
spotify:track:2V6rCM3zyWN7yjxr0LDqS1,190160
spotify:track:69RoAhDqFOiQb2pQvb24Ii,169666
spotify:track:35KcXRWo7BTYdJiyMOy2Zu,248626
spotify:track:1dfuJYDSIc41cw5RPsaCF1,139240
spotify:track:7qUaWgZjXo5DTYPKRgfUqD,121782
spotify:track:3UYuDTslR35thjQzaVwRMe,244253
spotify:track:5SxlUF7J8tyFIEF22EomeP,237000
spotify:track:7CC6UbCs4iGsePSzFxYxNn,156091
spotify:track:3WHV9CtzCL6gtxhTgkrgtU,329293
spotify:track:4LwrgltRSrddxeyhIPSoqa,196773
spotify:track:4mPP0bb1je8NWfZhvtKjCe,57965
spotify:track:0nHAhqeKMiEau6KG2xfhT2,150146
spotify:track:5blPaxcTrwlL8qR78qkbu4,265862
spotify:track:39YibHWQJLIgjQ0xWKlq6t,198106
spotify:track:0iA3xXSkSCiJywKyo1UKjQ,165381
spotify:track:4U3hlwVmWzZVnPM1Z8gGGm,186933
spotify:track:7dxwAzkcETcbXsdnxo8coc,153053
spotify:track:4DE42oDol0KHxympBsaiYu,124693
spotify:track:7kCCtz3tsrJDXHROROt5bw,182186
spotify:track:7FDaS1k08rwMoAThmzUkOZ,172360
spotify:track:7hObovvcbBpXgZHQ9if4WU,206586
spotify:track:4R5K7JheGKpqtCM5Y5hnBb,326240
spotify:track:2JpoMxTbzx4xbGT81AnPQI,201712
spotify:track:2suYa6nliwLWFZAIeB0kde,235040
spotify:track:1oOfEs8lO3cKyIzGFr60Km,213613
spotify:track:7EiZI6JVHllARrX9PUvAdX,313546
spotify:track:7L8rQCRJuBvUf5meKASD2G,214160
spotify:track:39j04METolm8GSqMYXWDlG,355653
spotify:track:669rKV0iq5ckzGdYYml22M,256600
spotify:track:521qezMfJ71NGibQanQvvN,160133
spotify:track:1XWLdjLUzNDxW7ggw8uQnM,157524
spotify:track:5i0XNenvOBafOrjc7BiTjo,248546
spotify:track:58Mh6zmqSo9IvysPAXnG0h,183451
spotify:track:3DU3qgvv1GJHtWIT1PMIKc,246093
spotify:track:3s465xPy3IlYzrnnpbnESM,452687
spotify:track:4pVxvjxukmMk9bYhncOGhU,193000
spotify:track:3s4U7OHV7gnj42VV72eSZ6,227833
spotify:track:6VnLn1tg0c8H8QpwPADBaz,144253
spotify:track:1gLLVtr9kIjmyoRzENZ11w,107767
spotify:track:4FMsajq8hKiOmcJ7UzOhag,226693
spotify:track:69gIo7QQHFuhAiiJSXCYqI,211493
spotify:track:7jZu8Z2cnsqHMbmhm6Rqnv,51786
spotify:track:3QPSfH8sdxnWskVkLKgal0,297773
spotify:track:4euYSSvpQZSAQ4gThyL2QD,221890
spotify:track:1MRhIdcloOD0uiiG3ybXGX,206200
spotify:track:22WRYBnzXfM9g7uNd5w79q,254160
spotify:track:4iG3mNdz7pTEZ4IIsNk1lh,209053
spotify:track:2EWpa5XnAuSn0sIkSSIhYk,274093
spotify:track:24YmWQgunJGAU8El3ndkyn,198221
spotify:track:0wwPcA6wtMf6HUMpIRdeP7,267066
spotify:track:4F4skIPOcmPAEVQauG3GVB,205113
spotify:track:1iCVobzc6lYXEdvTN0bloD,433386
spotify:track:0cOBMETjhxublnnwhbnzJO,159480
spotify:track:0uFRDicafe9Gto0v2pk3kT,216837
spotify:track:26nZ6cCKbFbvs78cSqJch9,116333
spotify:track:2U5cq89GCnsR1yixKkC8d5,202826
spotify:track:3yQvp5jSVCH1kDFVUeyoBY,73801
spotify:track:1pLQZ6MwbYaLqzJT3imTBU,282840
spotify:track:2YwlwV98tjcKF664eEAAyV,261500
spotify:track:6q6aChVJ5LLXFUSfakwpxW,225661
spotify:track:6xeiRrAIeb2H2jxKt9bE1X,241226
spotify:track:6XbtvPmIpyCbjuT0e8cQtp,186000
spotify:track:4s7RbBqaJbfKDO8o51Ycar,256480
spotify:track:0aZbmXygE2961ROgMhNCcN,176538
spotify:track:4F0l8i4pdtHiU6BdRfbqxw,243705
spotify:track:1IhMuuTCpO0K7BM2MmIZ0w,140318
spotify:track:7bhfPxNDc3Wtzu5Fx8FnNx,237640
spotify:track:1MNvyiwFyPEjAWsFHjRQJ1,240605
spotify:track:1DSfSCGnvhEP8XA2oKkcCq,289160
spotify:track:0Q6mJSyGsUmg9WXgOcOf7A,246000
spotify:track:5lSOVaPDk7x9Ey6c9DqGZx,301466
spotify:track:0s4tqgoKwkwwqCGU8z6PGD,324786
spotify:track:4j4w4CXm6BSr0s25wAWrrX,196500
spotify:track:4Wmjt3ICd1G0geHb2Loho1,171946
spotify:track:2Q6bndA2CeuoWUnErmWmmA,205973
spotify:track:7MIwTQZ4wRnxAeY1Y1lnCI,202280
spotify:track:3PU9c5u48Q1kX0iFCGXkCu,137250
spotify:track:2SbsvihBJmgNKZ4qkXFWrp,334040
spotify:track:5RgFlk1fcClZd0Y4SGYhqH,201373
spotify:track:6zk4lFEYIWs1UZZ03NVetT,181133
spotify:track:4eTOyWkfoZP2vHT6jCfOcS,342733
spotify:track:3aDUSpF3LexOr1lFKvPV2h,246200
spotify:track:4PfoTZ8nDhWEZNeDpLxy7G,261971
spotify:track:3UWkbO4emEOu9YUeOGq3vU,169500
spotify:track:6gCjnVBvnBeGktC94VCj1o,149122
spotify:track:1qb6AZktWeSLdmHvS0vfEO,116008
spotify:track:1OE5l6sedVcIFELMuxQOPI,249733
spotify:track:5kRPPEWFJIMox5qIkQkiz5,224866
spotify:track:2alc8VZAzDgdAsL2QMk3hu,106000
spotify:track:675O3VntvhGApD7h4YQ89G,184013
spotify:track:7fd3aMiuwHWKsTdZafjOfZ,156145
spotify:track:3xNKMv6WosCyRM7WfP4ztl,142439
spotify:track:4tD2tUs8Bf4X5dMS6CxccV,351666
spotify:track:2E5ufno5JwzZiA96JiHUGN,318986
spotify:track:3atYho4CmCXX4VCqri7uKn,196424
spotify:track:3ia3dJETSOllPsv3LJkE35,284906
spotify:track:1FY96pASVVaEI32SYk0HHV,254746
spotify:track:6YTBfxkdGce9pLEy9jG9Jo,159466
spotify:track:6RUEWqkS2N52Mk6epH9E40,201466
spotify:track:3tUgoxgfnuItRdoNXnzzuM,160707
spotify:track:62vpWI1CHwFy7tMIcSStl8,292986
spotify:track:7IJdhXX43QDoTNQeBRxZHu,228693
spotify:track:47ZS1OjnJpJVfGN9yHXfMn,367680
spotify:track:73JqQIGZUZxCVfY54RSpCH,344773
spotify:track:0pKGbgGzZ4yLydQvcgI8HN,272173
spotify:track:5jUA1njy3h6ynHLvPdEVHt,659000
spotify:track:0PbAyLrJRDxckQBLQ2Addc,376733
spotify:track:5emb8RDOZtpXlw6D0eEQbz,311533
spotify:track:0ylKmOzyNa2K9PplguhNUE,168250
spotify:track:2O9KgUsmuon6Gycdmagc6t,95708
spotify:track:4bfp1cAvf5vXzYFZXucS55,374186
spotify:track:0pz2M8f78gt3rwgWmbpOX3,172466
spotify:track:2ivO3DvrG9agUG65KoND7k,171031
spotify:track:3LXFi1Xk9qJsYXYEjDcuVH,319053
spotify:track:7thTA3hqO2MgOlzo0rPInX,177480
spotify:track:3iJya7m7trpGv570Ske30n,185176
spotify:track:7k4t7uLgtOxPwTpFmtJNTY,200960
spotify:track:30b7etegIkCs41boVC9O4P,312586
spotify:track:2Y4DwuII6ZzFZxmvD1s5o5,134068
spotify:track:07BUBegoXmSQcokCOMAWwt,385866
spotify:track:7ITB6vhFPoDZaCAwMmb1HK,141613
spotify:track:6EhPXpRYkwGwg8lx3XiGTI,209333
spotify:track:0R3TWpoxAhT3HDXM7tpRzS,126120
spotify:track:1xjdDc5vuFbdYnCMCKNIZG,200480
spotify:track:3wOYvjH7WoG3MBhO9JOu1g,334226
spotify:track:7HhNin1WKaDDINfSuJh6nH,158320
spotify:track:69Z2hUoeaxVx3Hxf8unmks,212754
spotify:track:624OsUC4x3pIHUrKJBSuDC,126720
spotify:track:3ztOzed3fKKnQhjlSlt8zC,416266
spotify:track:53eoKURfQkzGx6Y3YBgmN0,117693
spotify:track:3ErnpA5sFpJbCQTkwp7CEK,188639
spotify:track:0emHuukZSuaOzOlsAWHj2W,231640
spotify:track:2zrcunkMh2pG74NKLQagf7,215386
spotify:track:3yxRe1MUvZthHSaXIFMU9m,189160
spotify:track:3HWzoMvoF3TQfYg4UPszDq,173325
spotify:track:2WHO5UQ4YtMjdaakhUIy94,192024
spotify:track:7q74lDbsPKSGMdRizk4wel,245028
spotify:track:3oHNJECGN3bBoGXejlw2b1,230733
spotify:track:75TDPu9k7Yv3IovdYaNCwk,174105
spotify:track:15EPc80XuFrb2LmOzGjuRg,176702
spotify:track:7xTamod7V4HMKinUqkOJ4V,194920
spotify:track:4d2ETTRKavzvVAdo98g1T9,276291
spotify:track:3dYXHyIqyiTNXxAr1jqSIv,110177
spotify:track:0WbrOgZJb6yHPumYXEbs5U,372773
spotify:track:2tLZ107KERJF7nwCAucg7p,217344
spotify:track:2Bo0hh0yoQReC4reJav5DT,272066
spotify:track:5qV1NWiLmRvTXQhqMfUiEX,193400
spotify:track:1D4tG72gv14PUOULq956MC,263200
spotify:track:3sDmwlRdEdsb1BLDChJSJV,205946
spotify:track:6uJwPeBGb3swi85TSr9iIz,276906
spotify:track:6iYMfxznTBlcVOgRHab2W0,221826
spotify:track:1KGi9sZVMeszgZOWivFpxs,214400
spotify:track:5Ywni2cDKsHSKbburrGFgL,283533
spotify:track:4tdhHu2wIhQb55kYHkrelF,243200
spotify:track:6TYQRlRci6AkVrN9a5C7ne,475000
spotify:track:4if5nPuV6Sx2X6g3mLcjUF,162414
spotify:track:2YxwTmbJP4oBy4W7DJ6hsq,350466
spotify:track:0qKWC1Uw547IkBl97OCQB6,220826
spotify:track:1djou52IdL1mVEE7gTauxo,206306
spotify:track:1T3E8z6VMXSsACrBSQHTkN,211304
spotify:track:0CeE7kE8zAnfKIVpdmOaJl,227866
spotify:track:7oSbbHH1hdPi1PPtn9luuo,218437
spotify:track:6kX7bsPmvh5PerCXlWXTUL,255293
spotify:track:4SrJyRdyHYxxkcVMQ3QkGE,254666
spotify:track:1vHhHl765mOehIJlhAsy9Y,75970
spotify:track:5sDnUmDDyuCRbl4Th2m9my,290280
spotify:track:2DKrHjjGpq9mWY6iYRsbCW,228290
spotify:track:18admrko96XeSCmgD76wlM,221626
spotify:track:5Us3svqTvNAdnQfEYfoL5g,141864
spotify:track:1RSy7B2vfPi84N80QJ6frX,450800
spotify:track:1s0ndZpf2KeKEA08CsIFia,153773
spotify:track:6eYUbXmncekAKMYZcsSkyD,246040
spotify:track:0K9hAButmnk18IT63Lkgkb,256000
spotify:track:30chBEF8YtdVjCImxQybXF,218426
spotify:track:06Pzw36xNa6wN08SUdrb40,227933
spotify:track:1dZCiUTIbbvwOCALmzBh9y,123506
spotify:track:7i86nU8E2Fpn0UgGbXU6l9,370533
spotify:track:4beDjVImBfBTSaFM7dKNEy,188066
spotify:track:6awchu8ArsCp5nXhrP8ny2,378813
spotify:track:0TRmtiR9q6XnYDzXmoMpGC,228433
spotify:track:2qEX5sB6zxV9gZc6K0bVn3,482746
spotify:track:5jzEwSyyymBlf1fa1o39T2,193636
spotify:track:5ww2BF9slyYgNOk37BlC4u,162637
spotify:track:03T4ttRCiLXST6MZjeMwmR,197533
spotify:track:5IyUsG4A523M7hMKHKfTdy,190037
spotify:track:19j1B4c3MYVNBCgPGAKE3q,127377
spotify:track:59iNA6gwthoTJ6IgpBGGHW,212160
spotify:track:6ZvS1jDmWOeBRrENxTJ8ml,234853
spotify:track:1yie7EwiBU5xcfXlRKGtT3,82386
spotify:track:6fownaaKFJpajHCK3jkezJ,200000
spotify:track:6oCGHGu19poEz8iF3ZXHrj,180040
spotify:track:5sn5E8HsUitOsC70O26l4i,168906
spotify:track:33i3xxHB4YSYGYbtJrwwO8,194080
spotify:track:1rkyWnXTe27SST08eKpixJ,353600
spotify:track:403vzOZN0tETDpvFipkNIL,247493
spotify:track:65Qrbg8lrpnboMq7MVC7N8,275400
spotify:track:1Tu24oNxMH9mt7gdJV5j9h,197466
spotify:track:3YCbx1QqGrnxMsPEZLC1CT,162840
spotify:track:1qasZQjHj5Toth6lw0aX3m,160920
spotify:track:78R5LxpWwANLDIo3t4nBhr,259196
spotify:track:23yv078f5kc08Kj6DMpO0t,185066
spotify:track:6zBwONi5nTvra9JIg3ECOT,193920
spotify:track:6MmGGt46TqCOVFHuahd5Ai,214074
spotify:track:0rFWuqFgHAfuzE8uSB9TWR,182733
spotify:track:0PWfEtrDhIzFLHSN0kecLs,195420
spotify:track:4KVgUYybueThEzTFps5WhW,532062
spotify:track:7bY3XxDtJKfPiNJNgb2RHa,203243
spotify:track:1Tja3miBbbENpqIOAqGWXa,317613
spotify:track:1GKnITjJOrmVtagGvvvUU5,96000
spotify:track:0gDzUmgchXcsVtKkAAAGxe,264560
spotify:track:1NhLJcFWLjrBax77kFft28,188000
spotify:track:53l4LGUeZKCDZI1u25kQDN,302840
spotify:track:75EveQXAVJzwuEO9gjfyGZ,243413
spotify:track:0qgiFuYhYuwtFXEwYakddE,310333
spotify:track:5EIkdrmuu2xkoQWOWjoeFY,178080
spotify:track:4CbiA1WryCtUGGi7LVMuzR,73534
spotify:track:0gfWmjRdqIWwMzqnyhed0K,199923
spotify:track:1T6CF1qnG0hK0absyeVL5H,237344
spotify:track:1JDS6yAk0wCsfkFLN9Tr7i,111428
spotify:track:4zLBcDtvYNVtF9fnG6lme3,179960
spotify:track:2M9ro2krNb7nr7HSprkEgo,296800
spotify:track:5zXqfByfTrpbKJgy7btRd0,218333
spotify:track:3ZnlYvqCnjJ7OeZhVKkWPg,239066
spotify:track:5HKGNFseOONBgVch7TLSKZ,191533
spotify:track:1v4CFnP8Du7CeMFYpWPIii,240560
spotify:track:4C426PqeHP8XqHU5mQIAKS,237106
spotify:track:4EpZ4eYuZOwPSSwyqpdHnJ,252230
spotify:track:27eKJ4RlK36novSUJQXlVH,196013
spotify:track:45T1EKlWGKFfiE0iIVfb04,292500
spotify:track:3XVozq1aeqsJwpXrEZrDJ9,254466
spotify:track:1Yv6PMPkvLdCIFbm9kanaz,172866
spotify:track:2L6hCTpUlR2p7Su3hiSB0s,142462
spotify:track:3rUHyuFsFizq8gIQO0z2jH,61640
spotify:track:3XYfgj8YBThUA46t1cxBpw,253053
spotify:track:2zkV839IqOgZC7LAtXAa0U,237426
spotify:track:451cGmEwgrP4FFuFrIkXJf,209493
spotify:track:1WvJiky1CYAy6ZhhBVrckj,165714
spotify:track:5bmSver2b3ZXyuyLKtgnFI,202240
spotify:track:3PdR3n0YudDEp44YmS9xs2,178577
spotify:track:1FgyYm1kcXjkdR1VZmaiVo,252080
spotify:track:1est72o2prNA80flC5ncoN,63080
spotify:track:6U8wLl0pMsgS1Lcql3nQjH,401933
spotify:track:3G0EKJZy0j3rMG077UawaC,284426
spotify:track:5oQkgZOzEEpxnED1h8oZB9,253786
spotify:track:5uhjPyX4OHAo6hioZmpiNw,199772
spotify:track:3c1nWxMzw76sU66l3VN9rL,135106
spotify:track:6abr2lKyMZTy21gSPWm7aG,153488
spotify:track:46q5BtHso0ECuTKeq70ZhW,225699
spotify:track:1EHUQesfVKwbthtNcpBi9g,161384
spotify:track:5ltXoDLlI0rFZAmOXbAp5T,324600
spotify:track:5kjByc6Lo2Z2j4TUdRfgEX,165166
spotify:track:4Zc7TCHzuNwL0AFBlyLdyr,233506
spotify:track:0E3gdEF4z9cBFfFqA7i72k,129800
spotify:track:7Lh4K1i0C3FWWNQ4ZvFVIC,427674
spotify:track:4LoIgQo8l6wxTnRTOL1lvL,184659
spotify:track:28er4u4YDwm0wAMKOiErk5,123284
spotify:track:7ENBXir2EaAuMnCZUQIDoL,167500
spotify:track:7DVassGvnqQRSfVSVPxtpV,187682
spotify:track:2XWWdrHadT9sas6pLAk3cU,280485
spotify:track:3XYb2V17gl1d4g4ip3Uaxy,223979
spotify:track:5Gjk9pp4t8ComfGlw6dC8H,267693
spotify:track:5jrdCoLpJSvHHorevXBATy,215672
spotify:track:0UoHcljfQxt61p77GDqFYv,308013
spotify:track:11vvmR5PpAYqTTHr2D3eFz,138924
spotify:track:3ibAzRj9JnowdoLkyllk3n,231560
spotify:track:4dyBuBbYZj1iiK0ywYjYzT,127746
spotify:track:56WQE2cD0r8KWY1djTiHE2,91320
spotify:track:0M3HkE321xpCbCYqVKzr1q,257720
spotify:track:4U1TYTYFoFXfhTEGwLlTH1,208689
spotify:track:2G2yuVA0dZzE52KcsdRYSV,126953
spotify:track:4XNeNA7nW81yDR7La6XRs3,246293
spotify:track:0wFMaHtHKDGyeTXsnzanOy,296160
spotify:track:3S4oBKazEuCC3VAoZ4nCVs,419773
spotify:track:3Wu6MhnZuLuzfH5wFC2g9i,227080
spotify:track:3CFS6vCzVVsWL5veYusCe7,130677
spotify:track:72uS4v9EdiXZeascM5RTl7,273293
spotify:track:43ZaUd0mvXxMMNgOoEMUub,188146
spotify:track:0m9LriWYZaNi5PesRbFqsb,130912
spotify:track:1ThmUihH9dF8EV08ku5AXN,145626
spotify:track:6X7YGe6XCEk32LwnA2B8Mc,237901
spotify:track:51e862j4kozAvx5VU9eIIJ,206000
spotify:track:1fLa7ba2l141LWPUt7Bcok,178800
spotify:track:1sNSlzvQ5jPir46X5X1TeH,214880
spotify:track:1xCkZYGKDv7ELjSlIKedOy,225000
spotify:track:1wb4P4F0sxAQ2KXrRvsx6n,212200
spotify:track:4XTqOeJ9nLeNCHy2fXYi5T,210891
spotify:track:3wk725e3qlHYz4gdb2Vkj1,231960
spotify:track:63VM05yv2P76lK0zGOC4rZ,247533
spotify:track:1HOlb9rdNOmy9b1Fakicjo,183750
spotify:track:7je9mWoP7be7n10VOmhrQe,251000
spotify:track:51T3xqyo06pNvrXPx1WeY8,63760
spotify:track:2ibR1hb5ArUlwruwdVhYMu,218586
spotify:track:2Irmo6HKQExmR2CTq48mzr,108939
spotify:track:7nW1isr9BWDhJYEgMSw0MK,249887
spotify:track:0B5kY9i9bmP7554oU4jRoO,245413
spotify:track:3SUusuA9jH1v6PVwtYMbdv,193373
spotify:track:5hYb2O44wOiLu8cjIWpFeZ,225306
spotify:track:0Nj3EM5QMCIdTbWM3wzJGR,265691
spotify:track:3Q5oNMl4OYrycajbOofpyY,350013
spotify:track:7uW7OUBDdPhuoudLwAQZKB,211826
spotify:track:3yDhZq8f17SmumVmEyCaRN,254240
spotify:track:73uKvp7fmeceY0EDZrclqP,177613
spotify:track:2wH2ZanAfGj9REJSbC4nIQ,248693
spotify:track:7JB29gnUowzSGRdIpeVqRQ,272727
spotify:track:2eKBklE5CLx5g7XXSXpj3o,268666
spotify:track:1XCBWtTJZuHbwa6GLUutjo,280840
spotify:track:7995sD2beFHf1qZke4qhWf,116796
spotify:track:5uzNa0SBGOe5pPnstWHMCt,273720
spotify:track:3MxXNVIAnYIPYs5yuA7zkn,144500
spotify:track:2F3UwFDEzjv6cn6ilEyWJq,213840
spotify:track:4ggrH4V2eKpf2xDfHMuRrq,173251
spotify:track:4DEv9TcIYHtcrbDlne7mYZ,166846
spotify:track:7KbF6AdprOXEEHlsq11Z6d,175733
spotify:track:5NpZjhChvYiJzbBlXynlMy,248237
spotify:track:1iNq1La77twkspVJIdFijD,221213
spotify:track:4c3gImEhDIspAQ2Ekc8vD4,643544
spotify:track:53cGGBxGPaRjP0HVUESyW5,196440
spotify:track:6S3yaMAF7jB4GfjXdYLsD0,209531
spotify:track:6qI0MU175Dk2DeoUjlrOpy,172133
spotify:track:00ejRwWpMEP0bQiWHIFvNR,210573
spotify:track:1LJGpXcyLRgdaq2x5WpqCc,432333
spotify:track:1qx1VXOn7Sl7yjG2vrVaDX,81310
spotify:track:22WV03i2lBbwNVCE1g671p,156780
spotify:track:7x6hO9VMAee9x1iWaeNkL6,369293
spotify:track:4WaopyDgvKQP6T852K9boe,136144
spotify:track:79bj6j7yTkU13sFA1yNjzV,250898
spotify:track:3DAFQyYYpTDEuChTS8eTU7,214306
spotify:track:2JBjvv1NMNoFEKYK0u6jB4,190030
spotify:track:6jRZ33ifS5VOTMwmPxhPhN,204000
spotify:track:0s7zwTaaSvP6b7paLliVRH,211200
spotify:track:0L7UzdYmOkLhHoDLEcUa8f,234866
spotify:track:2BcvvHttiZRvguFM4hR398,250000
spotify:track:4ZLzoOkj0MPWrTLvooIuaa,179080
spotify:track:3O7p9Itz8PXUoAjD2vmuM6,253531
spotify:track:3GTP12PgbWAWbEHoCSLKyJ,322309
spotify:track:30eUwpiUQoWM2VJ6bdBzPM,417666
spotify:track:0NGFuO0CGKZQyJnsQRZlwI,219133
spotify:track:54VUXw5zhdz9JIavhfTtgm,511378
spotify:track:1b11chGCTSN26rsBt0WNYP,378480
spotify:track:4alXoLhVbPKGMXoToEqdye,155387
spotify:track:5RqSsdzTNPX1uzkmlHCFvK,172797
spotify:track:6CyETucl2nue4lpqvBDxF3,412986
spotify:track:48XnOS1vTyzqaPps0Dalzp,194437
spotify:track:7dNxJbThVkQKPuDCrg2AvJ,387706
spotify:track:119c93MHjrDLJTApCVGpvx,252026
spotify:track:0TxQOJfZ8GgotoZWbhqi5Y,229155
spotify:track:79mdw3IznNCFsF7R9O2KGz,284466
spotify:track:54MEhzzgWrZGTpDoA9X3vg,143060
spotify:track:3si7UdDU8EfwcyTb6an8mo,244693
spotify:track:595iu783RJjMMa6QT7WWX1,172960
spotify:track:7I60v3Ctgf1eMefMc69zAo,79906
spotify:track:1g99YoPWqouj3VYbUh8H2g,172913
spotify:track:3hWfKBt3n7j1xqIy6LA5ve,198095
spotify:track:791qSfAXdS5tBhiCedt6ty,439800
spotify:track:07L6tEZIfCX3GZAWCpGj0e,159187
spotify:track:7hR5toSPEgwFZ78jfHdANM,250373
spotify:track:3eFL9jPBBALueXfjhe0jCd,278400
spotify:track:0gb1J5UrTpzaU1s3nupgCd,189126
spotify:track:0CAfXk7DXMnon4gLudAp7J,231400
spotify:track:059bcIhyc2SBwm6sw2AZzd,231848
spotify:track:7a014uMHF3nlqzXCxV551C,403506
spotify:track:6HUnnBwYZqcED1eQztxMBN,174933
spotify:track:0CoPoNohPHCjvggWHlxgk5,179800
spotify:track:1mtK9uKamVJuJzxP2OCWM3,242758
spotify:track:2SrTIQZs2Dzv9WC538a8xM,228553
spotify:track:6YjqkGsBgRHqdnbCS4pbjs,294240
spotify:track:1XzKTLfnKEvQWGUKKF6tZq,280242
spotify:track:3jC87fox2sHZKY1VKHw7bx,277386
spotify:track:6SNGzhVrisdq63Ndz58ovT,286320
spotify:track:0ytvC9tG03obop9RXqG3af,120666
spotify:track:06JxXPvEIW1FktcFJs4tk0,362706
spotify:track:6wWL6ft6FV7WoWd9R4Mv9L,152106
spotify:track:6H8zkIkIPhR9F7UbwQwcZY,134242
spotify:track:6YfIoEAfsXC7GLxI60qrXw,324598
spotify:track:3yzHIAzk3zVE1WgspS8W21,210133
spotify:track:01XFgRZfZI7oBagNf1Loml,196664
spotify:track:5dKBaysNJtfpyNTRa5lqDb,137760
spotify:track:0rdvxChAjvco05muND6SfN,236000
spotify:track:0DnA2DyUwy0W4xMYtRxocL,200293
spotify:track:5CPXR6lDTvngxtmMZxnWmC,493933
spotify:track:7gaA3wERFkFkgivjwbSvkG,214994
spotify:track:1U1JiljrzzpFkKSdguygUP,297769
spotify:track:01a0f1DnpiXK1i1Wj4dvK8,271933
spotify:track:6g7ctmNQAn62VjLIkw71Hs,178813
spotify:track:0wbnC9AUenxp613TYaJsGK,255378
spotify:track:4D65zMx01EirTnqzJMJ9PF,259840
spotify:track:44BFvgFGe0LGpMZjM3SbJT,158876
spotify:track:6kH9bJTKlGXLjRIOSuKYX4,194652
spotify:track:6K9LWxm740uE2m94xspjm6,391866
spotify:track:6GsD646HrIDJJpzoY9T1Rt,196727
spotify:track:3nvuPQTw2zuFAVuLsC9IYQ,280040
spotify:track:27iMmSpPF5BeoRqJlEhE1g,189520
spotify:track:0Wz6TToEPwxzH482fuGEwO,144129
spotify:track:38A98InxiLisshLueMkkBb,127520
spotify:track:72YPaG6qMvhZZCmibYD1TQ,215446
spotify:track:15EizJru9cFp78KS80meBx,351506
spotify:track:5bewALWDdkPXsfa8EmqNfy,558266
spotify:track:4ypfgTIFurOsdXJIEYIAYY,275973
spotify:track:2wSAWEYUHkt92X4SBAPqZE,252773
spotify:track:4uQ7wYsuL0DryknoDc11Hk,183160
spotify:track:1j2sRZpFUzG6wPJGfRvet3,217602
spotify:track:6X29iaaazwho3ab7GNue5r,173201
spotify:track:2pIVtQtYOsSptesL6eTMms,174000
spotify:track:1pKubpcbRCOLY4wbvSDqzt,281693
spotify:track:6oIjJi274wP86uqFxQRlKV,203880
spotify:track:4lH5AKFeldnkq8wRikIqWP,186462
spotify:track:6AhwAWzSlISc5ZvGonkgdN,205925
spotify:track:4158HY8dqnGHTTmjHpfPS8,126857
spotify:track:7DFawVSjI88xR9mjnWwURg,204000
spotify:track:06h3McKzmxS8Bx58USHiMq,211880
spotify:track:4cktbXiXOapiLBMprHFErI,189486
spotify:track:6D2TCm4nf5nxAcdGJ7w3QP,217360
spotify:track:248fjiJS7DJXcakCqWOWiX,163959
spotify:track:7dIh8FF0EzYKS8STv3v4F4,349680
spotify:track:0VKkyBKCXyR99navhVRqcP,249608
spotify:track:6vdR1blfDqVah7Tka7B6cM,228000
spotify:track:4SUk1ZTtA6OC120afxrpRZ,183832
spotify:track:3tB9hk5uxd7P1vZjpjzmLX,325240
spotify:track:6PmnGYDsruYLBNY4Rpx4t9,287333
spotify:track:0fWBklZaXNiXcz9XMObOat,135757
spotify:track:0RxphrRef802DdWKfTZiVG,873733
spotify:track:0bdwFfNW02aFQG8igfpTbk,198760
spotify:track:6rNOKdqa2lThuBIJOZXSVa,181906
spotify:track:3xnoVm06HRKetBphMbd3uQ,286928
spotify:track:7fEl6vOERWBJ1ho29gDwaM,155960
spotify:track:0pnrxdaIdL7YgUgGdPrA0J,128780
spotify:track:4L6cv7W4EpaB62kPoyCQK7,228173
spotify:track:1RylS56S09lV59yV7lFDhT,182090
spotify:track:4CoGNqLap7UGU5Q3VdKug0,156173
spotify:track:3yJKzKUDLo65qDDBDZm9im,211653
spotify:track:7GmELLCacoDxgw74xfeUE4,169186
spotify:track:42ahuAFlYGjIGBpVdHcLij,182594
spotify:track:39J10NL0mFTAdJbapoo2rC,270786
spotify:track:1OytgrjpKNnFaQu1Te54nO,167500
spotify:track:0355Kh4dKR6pxjD9vP9mPJ,214186
spotify:track:5xDyoEMonnJwwPbUiAyA6S,203133
spotify:track:2gEmgpnxseKEVRTwkSGopN,122933
spotify:track:6c32C8T3KlXrbvWSoD5aON,222728
spotify:track:5yY9lUy8nbvjM1Uyo1Uqoc,237735
spotify:track:4OjJAGDDZTLlTNeOMBl7UM,218520
spotify:track:4Xunts6NLofGZCFEICTDTg,185933
spotify:track:3iho8kP4fRLItE4brZVJ3E,198751
spotify:track:06mv1npEiuJd706bVUDYXD,190538
spotify:track:1XgQtMoo2drLvh0qRHMvJB,193626
spotify:track:5u8Dwz4h41DDOKfeFfexMR,224200
spotify:track:2JdzB67NvIa90K4gEZPLeX,134200
spotify:track:4vjVdfdBHnUiaFCcUa3gfn,189466
spotify:track:7gaQtc0vrSpmRJpSMDiPEk,383440
spotify:track:5aVKIdM550lRzk7rFbPcF7,236653
spotify:track:7kjsCbksOZotNNHOvKsJJh,387000
spotify:track:5kDvGOJLmYttWjHMcwxlT5,203293
spotify:track:3jU8QBJTDS2SGBWq9m3ngq,231480
spotify:track:0rBMP6VVGRgwnzZCLpijyl,227426
spotify:track:3tEKJVfb9pWCZEwb7VRROq,299040
spotify:track:7datu36O7lY60kKBOan48U,293466
spotify:track:0dhMVWyuExZRNEDcSaxcpk,233613
spotify:track:6quMGNh47CpSR5kmZSYSTK,94967
spotify:track:56KTP8IFphpwj7LsHXZ3eH,168428
spotify:track:3SjAiqAQ6sMmsJBeVw0nMf,210132
spotify:track:5nU7dvOfzYs9QVVL7YVNPE,139986
spotify:track:49kjlZP49LMD1MrrcvXDET,252440
spotify:track:3ax9FIwTAvliEVqpuYXS7L,312026
spotify:track:74IbfPi8ahQyDTVRqdbwmk,269080
spotify:track:4K0i7HcQ6TpG85MTVQ0ZVm,241678
spotify:track:4Xlq6iQXgx3hLgyqavhWXx,128040
spotify:track:5O2P9iiztwhomNh8xkR9lJ,226600
spotify:track:3go2x80EMi82f7PjU3gJRV,170622
spotify:track:4MPTj8lMMvxLwT3EwuXFop,228373
spotify:track:49sMsFUxaaGDlaKZNBfVSd,211893
spotify:track:3KGjaHIYe8WPqGxiXRojAU,172400
spotify:track:1a5Xu1FTcrMxY0VsenlqZq,274127
spotify:track:0RDDMvevLZkkBhAHP2mNpb,225320
spotify:track:3FcseYxP7eeE7ihwgz2U2c,127200
spotify:track:15rnlmuET7NJdI4pZsjtpB,84000
spotify:track:37znWYCfD6gnDf4tzEz9B4,171618
spotify:track:4xUFYX1EpXjPfakn5ncyNb,134426
spotify:track:559YUIWxUc8Mx4lsla13Ff,190496
spotify:track:18a9EGG4xhRELv7bgAw5hb,271093
spotify:track:2nILGstCPTvCM0RMeVa4Wu,378106
spotify:track:2dyyOwe0KxTZTJjjXDeLmU,194773
spotify:track:1eyrmeiDpdTkOmA839nPVQ,191379
spotify:track:4GW5srkYuTxEUucdkl1rwB,183306
spotify:track:4BoHTlFIrDSrPNp768Tyek,288653
spotify:track:5zFglKYiknIxks8geR8rcL,227395
spotify:track:6y6jbcPG4Yn3Du4moXaenr,245172
spotify:track:4MHWQwkmfYm3oscaCJGpF6,209188
spotify:track:2iJuuzV8P9Yz0VSurttIV5,283400
spotify:track:7nFIsRhhyB1RcCBaKD4LTT,168773
spotify:track:3YcusdF0VAb25wLvmvJDJ6,226213
spotify:track:5NnZ4JJxWiqqhYNu3rwmFj,278907
spotify:track:4xjiRftxO1geMTZGSqBJJM,152390
spotify:track:5bpjnItVAZvbTtFl8zMslP,226506
spotify:track:6WeJGp7MB7sEEf9InLEvh1,239206
spotify:track:3Y1HyEI4ommUvkLuhMm7Sn,263093
spotify:track:3wowK80ug94yqlI86A9Ej9,390693
spotify:track:71cTWbVp96fpLDTEmeW0t2,182026
spotify:track:0D1pEisM3QkiacGXJe5dmd,140426
spotify:track:6Zg0cE6vhEp6CoNdXh7NZd,354733
spotify:track:49ekRB1AYfDn0qeBfctJbJ,165703
spotify:track:0rTz8iOc321J6LMlZ0OWPM,124587
spotify:track:6KUE0HSSudAp9AOycaF6SH,226321
spotify:track:1556U6jWdrkER5VIskeahD,198937
spotify:track:2awExtNBABpwOFC78XViJd,188387
spotify:track:6C1ZUDfuIL0xHQeoGSdIMP,138066
spotify:track:3PdcxgzpWzAsUGgkmykIFc,157500
spotify:track:1hWboP4YuMX2d6Lj81mZd6,224666
spotify:track:3hWZ9vTXIEUffGVD73qIAb,321413
spotify:track:7p6GVOfojcPP4rVQ5SZNBY,192016
spotify:track:75FEaRjZTKLhTrFGsfMUXR,298933
spotify:track:6JY1IdkZGeIcPegKxjSKeb,188960
spotify:track:2LibFNLagdslaPFEeIVgFn,111004
spotify:track:07nR5SxojJrk7yPxJ5mP0W,422893
spotify:track:0RTPZ8Yd44dsoR3uSkK9GT,197533
spotify:track:5oAgI7Pzg6vxuKrfapg3Pi,255102
spotify:track:2JUo9CBUz3ObTIsSzg93Fr,212586
spotify:track:2rjjNUYONZqC7wSd1i6OFq,159011
spotify:track:2O3FCy9JdGflUnZ8LLrd4u,257519
spotify:track:12WiGqEs3t5hrzBJTe1K0P,309773
spotify:track:1Ch9GzbQRNGweMmLqG855b,212793
spotify:track:3le19nqmsSVmvbLyt6nwmq,236486
spotify:track:671TY6NMiQKR73dQV876gK,277120
spotify:track:4lRwcnL0ubD1LESS47tkYH,267101
spotify:track:1CZOrmHUUjeDP7N2B4Ba6S,294573
spotify:track:6H0AwSQ20mo62jGlPGB8S6,210200
spotify:track:7wGoVu4Dady5GV0Sv4UIsx,218320
spotify:track:6tZ27OZyhFcOx7Ap5nkBa3,155715
spotify:track:6G4r4pGTHyoPEESnyxv0OQ,258560
spotify:track:1LKN8wTnVvbvcEvPaAGXuI,211680
spotify:track:5fRgvfgF4TM947Gi6qOlcF,279920
spotify:track:6Z0F3Mqj7tq1CBZo5qMlUg,174120
spotify:track:2SAqBLGA283SUiwJ3xOUVI,261492
spotify:track:3qedTMyrm1Hoa2IYDw21Hc,174687
spotify:track:2fR4zRSGngibmf0UViZoVT,186826
spotify:track:2nruW43pcr20cNm3DBCDbz,234813
spotify:track:6qUEOWqOzu1rLPUPQ1ECpx,310386
spotify:track:4Km5HrUvYTaSUfiSGPJeQR,343150
spotify:track:62rUQJCEgkwseP5u4eMp7e,189986
spotify:track:0ZRpZMW2kl3b52w9dn2oUM,284600
spotify:track:64bKFxw7jm4SZ3sxt8bQZh,184986
spotify:track:2SL0h7FKhJ1O5DcvmvPqU5,166653
spotify:track:4i5NFoPWqTqlsR4WyoVFtB,183266
spotify:track:0osPX8TruIebOhKuG6GK8C,272160
spotify:track:6e5jcPUhUNTUeOBRHcGirg,236800
spotify:track:6lUBD8XA38zIFt6C0giPsP,217106
spotify:track:0JUGFWlY548mp2vMFTJWxT,182787
spotify:track:2C9vKaFna37vUc0C3lLppw,161622
spotify:track:0oQvQUrB8VgJHimnat5rJg,93573
spotify:track:2cNvI8Wy4pBTsQh93dqr42,94533
spotify:track:6i9jy9c1xTtSmdkGpFljaO,212266
spotify:track:046c21xzSSCRsbjYUvPT4W,203880
spotify:track:6752EZMgXswvRBH3N2PilO,219682
spotify:track:7inXu0Eaeg02VsM8kHNvzM,155600
spotify:track:47rxOOkLfGLpMqoK2tvJB7,265453
spotify:track:3JPweQejF6fiEtWEJe0qsa,296133
spotify:track:32a3DfNHsfgEAT4HhkXFwv,162771
spotify:track:5sf1wqBZsHkpy7dPnDb7aD,212240
spotify:track:1wEeNtO7z41aUqC80shxqK,255220
spotify:track:6dHkwRSI5ja8OdEBLF73WV,183146
spotify:track:23gcQr3NRKzLXsP9H5jFQ1,65790
spotify:track:0wncUWg5piLmDhn8wry8jM,215440
spotify:track:3qonjOrhFCfTnaaMruHzxW,199133
spotify:track:1iFIZUVDBCCkWe705FLXto,311866
spotify:track:5zLXUaYlIqhTcm7OJVSqgb,284426
spotify:track:5ccHGEJaxXIIC3wzxrVXR6,231706
spotify:track:7gEw6TDaj60NOibnidPBix,97293
spotify:track:38X3ygtkKxwkikXg32wFvX,177345
spotify:track:1BQbD2AkFo0kCM5bvzMydh,196026
spotify:track:0FVuUna31PTRmWGLs8W1o4,201000
spotify:track:0RAiBUgOC5pgFUHsldtix3,359906
spotify:track:4lzxJ4jCuFDXXGkE1LmpKR,267500
spotify:track:4TQnD9qrhuNN5bea2kCWQ5,193677
spotify:track:5QLymkcpnbobWowet9czv2,123733
spotify:track:5X7TqFJySUyxjUyKorkdXF,197333
spotify:track:4Ev1EbYD7rsCNoMnHTUhLz,179706
spotify:track:4buvG5Kmstm8UMjSgUrv2X,214853
spotify:track:2flxduIqEbsicdmPyj1WVW,256266
spotify:track:79R4NmcyCKcVkwzL2PUS8x,197040
spotify:track:7llNWna9CEKr88Ng4vAwiI,483666
spotify:track:5FlBGGwGuqYmqr0qeBWrxe,264960
spotify:track:6CMngrzUTdolgXSy1UCfCx,230266
spotify:track:1GPo65hWmGTQDLDCvVLAj2,162493
spotify:track:3qQ0TTpIt0OXH7plhxeISL,193680
spotify:track:7EXT7f6B8K0ZBgW83nFKbH,244293
spotify:track:0cs671lxX2eoDzr2KMuo3N,201693
spotify:track:4ciRwt5dGHKKm8Et8r1xJ0,143466
spotify:track:1OutzYv6YiN93lrT3pJsWR,226053
spotify:track:0iJfN2CqrX7O8hkzgAMMAf,355633
spotify:track:2c1ccPqUnFYD8W7LY65bKG,209400
spotify:track:1Lhwn4PqeGpM4LTVUowW76,337733
spotify:track:6DvgsZ0NiEPV9qYM931T1F,220626
spotify:track:4guuv4bFzNo8hV53fYlUpQ,167046
spotify:track:0PpcE48eM1V7EIkA34972n,160746
spotify:track:1eGSgC6ZhJ8D4nrZZ83LyA,300490
spotify:track:5Nuxdf0f5PpaeaPm4jrhiE,248386
spotify:track:7bsYIRvIUztsOGVn2iW1ZT,224600
spotify:track:1lxFHYRFBnRvwd1oU1O0Q6,199495
spotify:track:6rdEEYHsLavlklAypD5cre,262373
spotify:track:5n2KTD9pcBcXLnxo24a7eP,213493
spotify:track:5Q61HhGVt070q09Q4QKsAW,166346
spotify:track:2NpVOs9QHwonu65YWd59Yu,254537
spotify:track:1IPHnu3hVkawJMzkP97tcm,212000
spotify:track:6tOgeTNf9Zvts2JXwXFeQZ,272251
spotify:track:6vxU64pcIuQ38O015Zy4qj,213884
spotify:track:5jnvGKrWWmV6sikCueDxv9,291093
spotify:track:5Sn2fm8aisVlR7S6u1KW57,242333
spotify:track:0FMhMAFPLg8EljnROSoVnj,232533
spotify:track:6SwRhMLwNqEi6alNPVG00n,227360
spotify:track:1q1vvCImOp88UbKQkKsiMi,246960
spotify:track:62HY7V5hRKtfIZ7uCYqYqu,182973
spotify:track:5VIlWNT4PbYNoZLwVNz4lk,222376
spotify:track:3Z7yTubQLmrY2C9XArfUFW,135428
spotify:track:2SPU97neddixGZ3wCMLAwx,214645
spotify:track:1hENTuRVwnmNk4S49oga7a,366840
spotify:track:1cg5R4vmQ7ptlscudWC6mk,183110
spotify:track:6r46lnXFbE9fr2d3KNaGbe,234828
spotify:track:2vwvGMStv1nEuoOTd4xgMu,141613
spotify:track:6CjtS2JZH9RkDz5UVInsa9,235613
spotify:track:5Z10YWrfpP2UAUwmmHIR8y,133293
spotify:track:5K7dEG6yDQ981HO7kFMVqm,211668
spotify:track:44fpTaUuSFvwzeJe4yEDDe,202946
spotify:track:7EkWXAI1wn8Ii883ecd9xr,147062
spotify:track:6AIte2Iej1QKlaofpjCzW1,419500
spotify:track:0fv2KH6hac06J86hBUTcSf,195320
spotify:track:7gHckJGOcn0rqVeMVyePlq,219359
spotify:track:0avt2NdbcwDOlsPkDlxl0F,255426
spotify:track:6PbY8O3q4hKwTZcsqmo5ba,250960
spotify:track:04w8gONnFBDA75VEXUAuWo,274826
spotify:track:0VLxbNBLN4qQW8esgArA0p,220107
spotify:track:3AZC1WiG25zB3wAAB3R0xz,231746
spotify:track:4ElQE5JDPUuESlyHCHNOXA,175660
spotify:track:1lsBTdE6MGsKeZCD6llNu7,180493
spotify:track:2Sdkwd9ptjUCcYR9uPECmx,200533
spotify:track:4EtMZkeLHmDU48IHG0sFgp,186559
spotify:track:7CPXR2W1McHKi0OfKwHRMc,171679
spotify:track:6t1fPsimLlOGPKngZSMlxr,145253
spotify:track:3kRY8NFOd90Fn5BRj77E6k,302554
spotify:track:4KbXLyluZKq3sTHL8XKsRL,219520
spotify:track:79yOF3p0RbIAnrxxF8wiPS,251146
spotify:track:6YdQgWSpsxhVeX6Xmv3IFJ,179978
spotify:track:3MISrN0By6rv1f9BUgv6Rv,219400
spotify:track:3R47KOuGuGvmoeQqbODPa3,309320
spotify:track:4FAKtPVycI4DxoOHC01YqD,216148
spotify:track:4M7pLnko9ZAbjNnXTlXAVR,253173
spotify:track:0RHEzMQT9Vw9GvSdVA5TLC,368253
spotify:track:4xVZmLJtBTedcXbDB3qYdX,263280
spotify:track:2A3xfi4bAhiQBW61hA5P6x,180000
spotify:track:0HZhYMZOcUzZKSFwPOti6m,246587
spotify:track:291JIUH9vV7qveI5F3n8JQ,228266
spotify:track:3GdyyoZkXABn4MprQtmIwb,443419
spotify:track:4PZ1FyZW38n1aQDEU4YLDT,182013
spotify:track:0XYZhJIcwKNjd0tjbSXwaQ,177655
spotify:track:5CiJgYqEopAiCRBOjMb5j0,84000
spotify:track:5YgTlbMcCbpzwEA8D67rxM,195348
spotify:track:1kK7yrknQvA2wEU5zyG41m,181289
spotify:track:0k1WUmIRnG3xU6fvvDVfRG,257604
spotify:track:59K3lQfY5lhdPT5pfJuCXE,406533
spotify:track:3gEebOzxHpEwElicl1XBy0,199495
spotify:track:3ysjRj0oVHNHgikfrbCMlL,178973
spotify:track:7g5v5k7Mz2b0kSQcook1DE,188933
spotify:track:7mWytvxR0Tm7pozPB8NZm5,218146
spotify:track:6XALorRRo9aQdBIQN0UWyn,413524
spotify:track:3FdszHMbgPXCYxDYhW5B0N,227558
spotify:track:4dIlsObD9oacRCF9hJloyA,250400
spotify:track:5LYJ631w9ps5h9tdvac7yP,305866
spotify:track:4ojwGTehgBRAg52jbFgzJg,187492
spotify:track:2vWhIFkeTKgVAKMBiymE8A,394614
spotify:track:5tWPl23tRGaEbSz3f0lTsW,90569
spotify:track:6VzcQuzTNTMFnJ6rBSaLH9,377960
spotify:track:1x8AFBt9UEMRY41fSxi7aA,253306
spotify:track:23CK3J62Tkaq06UI8CCr2n,226320
spotify:track:7zXTkSIG2rCEV1zkN7eprO,469013
spotify:track:2kUQUEjI5ot3zuMSNwslr5,163160
spotify:track:26WPI2aksB9XdqmeLfca5z,295666
spotify:track:3aAoy02NwrmZcqXYYjqNh2,224946
spotify:track:71ZgxJIApKmssV44AD1Zva,164373
spotify:track:3ar3aROxAAetyuNaY5qXdu,172053
spotify:track:6Fl9MoM9BDk6vwbHqBBZeK,41454
spotify:track:3ffCVski3WLnW71lkV6z1n,141613
spotify:track:3rcjhifzy0XkdBHXL3xsfr,216160
spotify:track:2R6go62CuxqqX0w1TgXxes,216693
spotify:track:52Ihu3LJ5du5OQUXmw7Y1G,109041
spotify:track:4gJgHqy4BVCIEcGvx0hGLw,365533
spotify:track:4kWv6rJBBINfQJxQm2Ix8C,383920
spotify:track:1xNmF1Uep5OGutizZSbKvd,320466
spotify:track:2Ul7mIL48u4VC7XFvwoZcW,221973
spotify:track:5lsrpG2CGrEnewuzwBTCIg,278160
spotify:track:5KsLlcmWDoHUoJFzRw14wD,240626
spotify:track:3pEmfIpJfZna3yd4a3cU4u,215203
spotify:track:5le4sn0iMcnKU56bdmNzso,239666
spotify:track:6T10XPeC9X5xEaD6tMcK6M,268306
spotify:track:2ZTTsaqHShWqGQolKpYIB2,211106
spotify:track:3mMQtGwPlUHzci5Uv92xDG,260653
spotify:track:24RQ6qDJAQ1sa94p1qfdYh,136363
spotify:track:4jnFqNWeJCeCRHc4HCdxfd,239226
spotify:track:7jIA5OMm6AnHwe4Pa4bGz9,286040
spotify:track:6GrmeGFtX9DkTpAgH8RxR4,167000
spotify:track:2PKb7tFxkwMoS7Y6muOTAR,219545
spotify:track:5j3wzSS6z80VEs71O0gysC,201197
spotify:track:7dq9mcfMbxuQR1idoUY3dr,241213
spotify:track:1AauFM0V5DBNNwdTJfKGnr,221506
spotify:track:1I2102akeUyCRl0vU8CjCh,153129
spotify:track:0KpfYajJVVGgQ32Dby7e9i,216666
spotify:track:1KypMTzxfo8NNIZ30lanZa,248160
spotify:track:2LjiPAQOVazT8sRyXL3XRs,268910
spotify:track:5TQQJmzxNslWko5ZijDckT,287966
spotify:track:0ShdJEt3nvxq8WNDgYLzWm,103544
spotify:track:0viZ7D81W8pD65TkzaFkXT,247026
spotify:track:6f49kbOuQSOsStBpyGvQfA,223773
spotify:track:3mtRV6ZVcVOvJQUsJh6w9V,257560
spotify:track:4MDFHo8E4bJP32ZAzq0onr,178266
spotify:track:0XDfOjVAOc0QF7Vzz5kMoh,183161
spotify:track:60TB2Ifv7CCjjyROXXnChC,276226
spotify:track:6tASfEUyB7lE2r6DLzURji,265600
spotify:track:6GRMKQ3RrivYgLEO6h7ebu,246760
spotify:track:7tDcQO0Im18gKP5V6IsfDK,221627
spotify:track:37esF4fOVA2xOu4zHl1eaI,241613
spotify:track:2HJ8F34qs7nvSFzm2WzC8N,137450
spotify:track:0Aib8Oub4XnSgHy6WctHk4,388293
spotify:track:1ohGUdXoJ2fjoKtx8iKilK,180733
spotify:track:5g0mfnsy2PFjPc85cLzhsT,280493
spotify:track:2xm9ihELo6xwrRKrBbPql9,182360
spotify:track:5FzBxhIsZBFXDTVGWtV4IQ,160093
spotify:track:6iC7vapdKp0XlKhxOkp8QJ,179512
spotify:track:2sSMfqZ49niglM5UZP0YsI,200028
spotify:track:5v98VA4TXznJNrw0XRphIb,201313
spotify:track:1ZCJ664OBJ4dG4eOje5J0I,229333
spotify:track:3OHgQv9BZkVc12tk6UetWH,239040
spotify:track:3Iqrx2eUM6mgPZTc4lUEEd,187434
spotify:track:5BcFVNnArXRztrsDNPaOpq,311946
spotify:track:2Gy7qnDwt8Z3MNxqat4CsK,153205
spotify:track:4yKXfJ2IvlmMhmK6OyOOi1,188333
spotify:track:4sz1Ng2Cgidfqqiy0pNL6R,267426
spotify:track:5aayWOEE7u7bxZ3r7dwIrX,165176
spotify:track:1oFiPGBafH9Woo9AMwgBSl,249600
spotify:track:6GifecgpowoFIJCJCBtR8l,219002
spotify:track:4OJFkrRQqol4FsPesF8eu4,235666
spotify:track:5IybPVqcyjgkuM1IAtjJeZ,94760
spotify:track:1h8rqVZnl80iJzZCMeCc8G,130069
spotify:track:1hJrWWK74fKL7eeV3CFOvF,266560
spotify:track:04gBqA2mubcTgFqL9Domlj,149266
spotify:track:1XZkxBNZT13KoAexAKB2lp,206013
spotify:track:1yL6dxT2nDcaZXRkRgPULr,175520
spotify:track:3iltRlox3jEeSKuqdW88EK,172866
spotify:track:0gBsFURSrkTWWrIaZnYo9D,216860
spotify:track:0BUL18qo9Br1PhG1n6vEJ5,279213
spotify:track:0H949NmTv9xUgMiJpls5f7,220666
spotify:track:378HOooPNo6LRIfVHb15nW,199360
spotify:track:7MA8T4pKN6VeBIEGE9hggN,146681
spotify:track:0VWBsKl936U9OO0zypvRCZ,334600
spotify:track:3JL5hLTAXhR6mNu4vkaGWU,264080
spotify:track:3UOuBNEin5peSRqdzvlnWM,270666
spotify:track:3tka6vtNbu9C2xsbthEkNG,234389
spotify:track:086myS9r57YsLbJpU0TgK9,161123
spotify:track:79GfJKbTExs3wNS37eXwc1,172024
spotify:track:37DKByVOJNvz9kQhQ52Imx,294760
spotify:track:5rzmEiv5KA1OskLzcqRDFK,512280
spotify:track:2tOwu9vUs0ofbIYm6CqS0i,154181
spotify:track:00iMJ6zxaMRSOwjUVnaz8j,337240
spotify:track:0cWxS0BGCUG3R6ezFTINXr,208426
spotify:track:4J1e3hbf0e5YUZjkxyJWD3,306804
spotify:track:39LmTF9RgyakzSYX8txrow,212266
spotify:track:22zsrrUQWR7G6LVtszuKam,273706
spotify:track:66LhCsc06aTa2Ig7iYPDSP,244440
spotify:track:0Be0IFTqpOBkJeGQYaXvY6,215000
spotify:track:50RJdoxw8iajGNtHQe6QeS,252933
spotify:track:4ymjwUvyl84rHQUQYuG5l3,249280
spotify:track:0juvhjhqBclichzepAQAHU,222374
spotify:track:0fl226orGuKX2sjg7y7dyU,222240
spotify:track:1smRP4zRit7A6ZDQXkFJWC,183328
spotify:track:2CEYIgQM8cloUeNaFOwT1C,217426
spotify:track:6GVrDwaAuGOida6c7eYjLl,222171
spotify:track:2x9kIjm8AejYJCunY9yKOA,314772
spotify:track:2s4AcE9n80mSHl87lp4gIm,219000
spotify:track:0saHrlzioEATUXFPq9cLpm,314306
spotify:track:6Gogp5ASlCvUDIwT4t2mQy,197080
spotify:track:6tPiCU4LFsXUQPRIykOAnl,184293
spotify:track:55XrFge2dEZwYzNl128DwN,120546
spotify:track:1ClQpnPU9M6mQpXGvhGPvQ,209786
spotify:track:1aYjTQMHRpyhu0Yv0HBZuV,238625
spotify:track:0WNGPpmWqzPnk0psUhJ3SX,211066
spotify:track:4GZ7swGhoOMcnMvShyD4po,155586
spotify:track:7GNZl77EH2bAa5vd4t3fsh,166875
spotify:track:1GUz4aRpp2qq0h33pwzrAr,164781
spotify:track:51onxSRterfFRprwfHxlI0,239989
spotify:track:1O9ML3Bv8XvQ3xWUVL0jj7,210026
spotify:track:2raqbAGJUgfAYmzmRKQTnN,76747
spotify:track:7uh618eKXqy4Pbrug5hlvw,51720
spotify:track:2Az5xyDIqKgE7aE3yOTf5F,258973
spotify:track:2Qxks8Ku4LFGjskoOtHi4O,227000
spotify:track:7JtgJBM6bncMsd3L6i7eah,224840
spotify:track:0u8aj0c4IxeVSLTUuuq9V5,179000
spotify:track:3OP8UeYimRl9HCNxMg7Ihl,189160
spotify:track:6GETCaMrDCu3uFe2TMkyGA,204706
spotify:track:1zsG4eaZmkA1dvjDDsAGLK,173720
spotify:track:1s32M6QoeNRv3o6gr11ECU,180240
spotify:track:51ODNNDZm21HU7wI7cccRr,255631
spotify:track:6FE2iI43OZnszFLuLtvvmg,175426
spotify:track:317QZc9FByYZWcNHAmduCm,255426
spotify:track:15BlympuVSfZFROojEMY2M,218933
spotify:track:09CpjjO2UdmurSP1XPr8MK,230213
spotify:track:31QuJZfFiMk1uOawow8ejS,214280
spotify:track:4lrC9aBnzlG9U5DDoHMnyt,256706
spotify:track:2vZD0yoLG27eCoT6tXRx2L,248293
spotify:track:2cebGDEkFRmNxMWcNJn6v8,266733
spotify:track:2fHOqQ9K6eY0wsbVZiYZPw,211436
spotify:track:66JW6e9yEE8A0Y3pLpW6iD,189000
spotify:track:08bNPGLD8AhKpnnERrAc6G,202620
spotify:track:5YPpKosiAzKoclFFqE0rdA,412960
spotify:track:2TYPFvOEMx2joCNV39NYbC,255853
spotify:track:4L0aj6GxRyDoPuCZq7qsIc,94945
spotify:track:0VaGR19qdoi0tf2EbTY3yN,211428
spotify:track:0zH7pOLsYwovBegb5Pc3fX,170000
spotify:track:6WRGlxDn5cFZiiGpBdDVOc,285740
spotify:track:6vRFYuiw07EPyNQbgKBauX,213920
spotify:track:05d3KM9JTyNnnWIjo8PKvf,156306
spotify:track:2oFxITGDiTZ1JRwP8yinRt,316160
spotify:track:5fbQCQt91LsVgXusFS0CCD,209039
spotify:track:0lT8upJpuuABx1EnK1ZY0x,201871
spotify:track:7dQFpbs34ufIEU745DVclf,147626
spotify:track:3sYDVtqO35oRSOIMx7dOqR,295093
spotify:track:2Luer8kLzFkQcjw8CU8x35,236413
spotify:track:6XK6Zw6JkFsHXzAcMWNiIr,263360
spotify:track:1neU3WI1TrSIoRBOQjGsUO,287173
spotify:track:4FMAXCbwoTlU0lglpAPMyw,180000
spotify:track:3MBNAfBXIq9fI2Sez8EcNX,200337
spotify:track:1t4pPnbkOjzoA5RvsDjvUU,251250
spotify:track:2DVUJ7LTIOEQqjfOZXs8iU,221039
spotify:track:2CFafx1QnpbK4CQVOhzxkT,276133
spotify:track:6hGBWw0Pv1oe8uYCVXz1yK,244866
spotify:track:2tn9zXqIZJbgL1swqwOktz,227973
spotify:track:7IZhGuH9p2w3Bwpgajolkf,165933
spotify:track:31LsKkZrE442GPFmWBk94n,375106
spotify:track:0irwAAQbkI4JOMsV1FJsn2,106993
spotify:track:0YswyaiOtSU9ON1GNTcbPb,262000
spotify:track:6K2B3kpXl7llpb5kCGkP95,229146
spotify:track:4ea9w8c4ROqiZpJVhfBA3m,279906
spotify:track:1G5rzVAFlgMqG4gaRujcaA,168304
spotify:track:4RGWHfQeJftd5XrP8JUgFj,162663
spotify:track:61SuldN9cUeac7RCtxgxAz,227306
spotify:track:3ET8TZWF5sP4SPfJK1lKun,166600
spotify:track:17hSLQssl4Mo6htOKxSpN1,107704
spotify:track:67bicI79foBzqKtlYxIbgd,220571
spotify:track:0PiyZrUsneOKBDVQrwA7Ff,167573
spotify:track:4oR2kX5BI50GBnQGRdRRsM,298226
spotify:track:30SYDyOtOMuPiNkUYVaeWE,131612
spotify:track:2igC6RqmAsZWtvXXylt2u9,132479
spotify:track:0rqD0zvqI4GrvyUxyQ7Ij3,344466
spotify:track:63bkENlGneIECKtJuHOKOp,128052
spotify:track:4pfTeuww2MlnrSN8vph1CW,126223
spotify:track:5C3C2xkLNwU9YmfgAB6lX1,195920
spotify:track:0CymBlrKWUK2WJPORMD0g7,236840
spotify:track:1f2D1QAOidg0ClSzpTQ1OH,286986
spotify:track:4h9wh7iOZ0GGn8QVp4RAOB,148485
spotify:track:5xm20JNLHy9vUVrnmZS6Uj,125533
spotify:track:6habFhsOp2NvshLv26DqMb,229360
spotify:track:39keRF62MGkp70Je4XLR4N,243786
spotify:track:7bs26A9QpVsAfYuE3MQfLC,162653
spotify:track:6ITLE7JzvrfBwsFqbGtWoL,161684
spotify:track:3m1sNBYotVRdWHvxCFzo7o,103950
spotify:track:6Fsme6JdS9n1apzVi800jL,222000
spotify:track:1fxwD70zSHgakPFIAC0pz7,199160
spotify:track:29wJiSQcze8HEmxkUQykyp,272133
spotify:track:6ttYXJAIwZlgxk3ASLDMmQ,226329
spotify:track:1e1Tcs9pU5yGcXzJFwXViL,160670
spotify:track:7bfmIUThdzAAjmcFJoWIhk,152255
spotify:track:4OzDHAB3TIBySxhz47hzeT,224451
spotify:track:1P7tiVl5hgemZuH8oNyP6C,193928
spotify:track:3RauEVgRgj1IuWdJ9fDs70,190360
spotify:track:3qhAqp4xBxqg8zEAFmcXmF,203226
spotify:track:3ocm1Cf1Dk1ODrdBdybh82,169997
spotify:track:1RYzDEcBam49OzcAP9YvdX,189666
spotify:track:3I7OmVsk4Hm5LBbs2GmhlD,252026
spotify:track:2Rk0ZQH41OKKuZr5HYAYsE,202666
spotify:track:6q41qt2R9K8BXEzmzImEGO,261545
spotify:track:5pKVGrmItsCubKWTrYpxSZ,194026
spotify:track:2qgO0N6UBmitUik8nW19zz,248733
spotify:track:6lMmEPTbkiVeWixfw34yIF,282493
spotify:track:0v5imW1qbUjo4h0fo5KF7h,114064
spotify:track:5MG69A9XyXDbBbeOxdR3Tl,123949
spotify:track:1v0uVPU6BWcbog5BiWLWVa,258637
spotify:track:0J1rqXgA2di8SAwf6flmcY,334880
spotify:track:6eIygPhGcBFKKcxlGTJlY0,213080
spotify:track:3mrbmvFWPVmOkzyeHRW2YV,216146
spotify:track:2Pdf0RyQ6z3XidS1opzZBC,208640
spotify:track:6U9OkV9oa8kN8LyBGf3wvJ,117306
spotify:track:0OMQJcQqanNF0uW6ABnAm4,160467
spotify:track:0Yg5GYQJvhGvHP62rSY0Tg,216200
spotify:track:2yg9UN4eo5eMVJ7OB4RWj3,136186
spotify:track:21REQ1bCUWphT2QK3bLWYQ,199666
spotify:track:35oMq2Dp0GvnS9L6oBbCPY,85173
spotify:track:2LxUVIA86AjulMdEDQT8DX,308746
spotify:track:7K2kv5hSuJPi61vYJeGKEO,355186
spotify:track:3DQVgcqaP3iSMbaKsd57l5,173680
spotify:track:60OquKw8DFe1lHZxF4Gt6j,382746
spotify:track:45PF1Y3RcW5MK0jxWvhc4D,204043
spotify:track:7g08472fj2rjZQ0rG4FFw3,195146
spotify:track:6Q8s3YuAWkx0Qui0Jgkr5m,185173
spotify:track:2IFioAFD8QEIq17UwOaSFb,203389
spotify:track:4IRHwIZHzlHT1FQpRa5RdE,192826
spotify:track:0wtV4bNxm87xBX7hdcRkRl,265547
spotify:track:74hHbrJCc81drMDOvrXm4H,236680
spotify:track:5fnOrhQ4KgT5irGCjIccGH,234493
spotify:track:1I8tHoNBFTuoJAlh4hfVVE,271640
spotify:track:2RGk67GArzQcQa3AWSulJb,234466
spotify:track:2gywMK0AQvj8QZJFcEO4R3,180266
spotify:track:5PQmSHzWnlgG4EBuIqjac2,282373
spotify:track:2Cc10ghvGOGKBOFYi7pMhN,262320
spotify:track:5vlEg2fT4cFWAqU5QptIpQ,182306
spotify:track:00GOPLxW4PGQuUYdPJh8K1,180675
spotify:track:6UwVBumIzgJg1GJwRbgYDy,158400
spotify:track:5LHqxKauqQUsZeDKwllkmf,239613
spotify:track:5JkbyYRxPW7Wg1evBIVDmK,270520
spotify:track:59uqWPaagd0khPaauWM2lU,274773
spotify:track:7q5ZgQ97PZzLljNxLG3ggL,205610
spotify:track:2bAtGpjZV0Zv4If6gPA0x2,283493
spotify:track:0x5BKBAcia1th7UzcoHnD1,195280
spotify:track:4HsLlyememg36ZrxcTzN8t,191346
spotify:track:0kN8xEmgMW9mh7UmDYHlJP,261240
spotify:track:2QBKd9JccPZiIErgxkfXiX,240250
spotify:track:358niSk3CiKlHfjwHcAuNz,294613
spotify:track:1ukRyVJ6HxDUeDrp9K9ak6,102680
spotify:track:2v9dMIXI3aEzwv56Gd89yf,325906
spotify:track:2xbH0CuDbid800YW5nMPzR,217490
spotify:track:0WOFXBxSb7SXQoAnxSqUqL,245760
spotify:track:69Je4J4Gw5AIikOzGqdsDS,236666
spotify:track:2FkSd709jZmvngPNUg7jkQ,112205
spotify:track:4nsoxc0lgSfH2RXiCwkZIE,276706
spotify:track:7bpFz80AvhZHPBntp2b6Zc,141290
spotify:track:70y8ayO7a32MwwPC0AQruT,355093
spotify:track:2icnkjMudyHcjCHbxvYo2l,237605
spotify:track:7ajWaI3IxzbXW4sZR8cLm3,137371
spotify:track:1H7zdcRD0gLGQY0w5ejGgX,213920
spotify:track:1hgeQMOPwoiQAj6fVxizgf,189036
spotify:track:7f1X6tauagdeqpfNuNOYWr,192146
spotify:track:4zlNLXctD93zdv3Vg3TEgb,174484
spotify:track:3qjBxDSgJyhM4c0RfghkvW,249573
spotify:track:6gSw5vz7dcafda23VqMrnl,194336
spotify:track:7rLegaz7zKB6EtDNzcslKE,239999
spotify:track:5JWPUEov2wlX7c0jhYZpeB,249586
spotify:track:2iUrcZcAuVIahQD0dg9HLe,423573
spotify:track:0rKLO1hXpmoIthQgJKoczN,242845
spotify:track:5xBJYmDmlQieAhy06dMFic,373520
spotify:track:73GF9PvQPOtqdN7pFO1dTW,186786
spotify:track:0Fyj9w0HVfjoxm9S8nGClt,266226
spotify:track:1EZlbnF29d4kFAT0EC0bTj,226626
spotify:track:5Pi3kKFhVDUqrzd7HqzlPU,264212
spotify:track:5AnCLGg35ziFOloEnXK4uu,278746
spotify:track:1HCl4MVXDxK6zjlIRMziZl,232421
spotify:track:6vnfObZ4Ys70SBAtti1xZ9,209115
spotify:track:6Lr2bN5bhrrqeSC1OOj6sZ,161749
spotify:track:7erwmNbnZygmlqYHhSXKoT,267680
spotify:track:7fZJWsOEdr8aP8okxyTBGd,181115
spotify:track:5SrfclddwYE4JkwY8UqF7H,170160
spotify:track:2ZIHKdsXfOS3cZoGRD2vGL,214554
spotify:track:3vwBYoGucbkHtlDHzXqfLG,163000
spotify:track:5G4Pm0YyXWhAby1bDRMA6y,461225
spotify:track:5dqdsxEK65vh5sZmtwqMTl,120236
spotify:track:0G71WvIkF2K6HViJeFvOcM,190453
spotify:track:5jK7mjd6fltKJRpB0n0w1U,132080
spotify:track:31u6rUeIEXGrYVoh10U7eu,239441
spotify:track:0OLvknj6YSKHVhcZ0CceAK,125051
spotify:track:7wqCpXDlwPYJsJSuRf6cLy,313573
spotify:track:7m2iTdEKAtiGULWnTIRhX2,159077
spotify:track:6KEWtSOGKpIXGw6l1uJgsR,207573
spotify:track:1R0a2iXumgCiFb7HEZ7gUE,236413
spotify:track:1UGYiBDr73Oshjlstk7Nse,183637
spotify:track:7IMHomgWWQAxCueJX8DKFi,187580
spotify:track:5dONhl6aXFuN86UBdayF6W,177973
spotify:track:0NKgG3pqlu47LgKCVIeL49,144813
spotify:track:6tuK0GEmQvC1pLIvk9HLaw,181426
spotify:track:3juYl7RDkfwMGX5a17ach5,298393
spotify:track:290AyPe2wEZprtlExNMkNG,161914
spotify:track:39Jv2S5ezgKIGXIGiJNQrb,171889
spotify:track:5pjWzUc1tVcewUTdDJd6Ce,266704
spotify:track:3ZKpdWRhiIp2t5WqFwVEG3,253986
spotify:track:1CKhZVUyHhXKtN6Bo68xqq,180040
spotify:track:1P6p83zUu3kQoOktOcMpfh,295093
spotify:track:0iYBNrznkCwhN3xCmNVJpo,266933
spotify:track:6eqn72foCxS1wWWPSpnA0q,232306
spotify:track:6QFjg371WnvjbBVCK1QBJ1,278493
spotify:track:6VH153hUoK92d0cqsf5l9i,331133
spotify:track:4GAJeN7nuUhpDa2rtFmR0v,162186
spotify:track:6Crs7sKlsu8nU3L8h2nSde,65901
spotify:track:3XPl3dGn1oWe7VmKoB8nhU,183859
spotify:track:3Y4m9Td603gbfMB86UNafs,211120
spotify:track:6VuJLPtBlEOaR5oYI51ueN,165600
spotify:track:2SgbR6ttzoNlCRGQOKjrop,243533
spotify:track:48zFZh27QU5qsrBjn4C2FA,176133
spotify:track:2mt1IqcFyY1zmYZT8Q3xw9,188343
spotify:track:0AWSQtb26cTvlWl3xbH9JD,271560
spotify:track:1wcE84DVQUF16xudVFzezL,190405
spotify:track:3KWpkpZRx6mJ3W5jGCLXnY,227327
spotify:track:7ra4MPNKZjY5AlXbRUyAf9,240718
spotify:track:6vjymPak0JRQC2P84XlI9t,130186
spotify:track:3adeqciqrsp6PQqR0hGDC7,231786
spotify:track:7sIQ5eF9ZmZY6lGGwZKaP9,206944
spotify:track:0xl5SmrxNAmwc92Ihv9e5s,199714
spotify:track:5clFSlfkCRlhnH1cAQjSBi,182186
spotify:track:009s8MccQSXM4pAQwsP59s,132765
spotify:track:7veYmTIhhDuVIpCW6UeoxJ,245045
spotify:track:7ETeA8epqUJlGtDDbR6c0M,162221
spotify:track:5jfAOxAT0s6nSJSSR3KxJj,161536
spotify:track:6cdIJ6TbOBuil7LKlt7Tul,31242
spotify:track:0GgKQVNOLLfgSg2RzH5Gz8,184812
spotify:track:6CTG85NJI1Wm60pxTSRNwL,234486
spotify:track:5xN9iWLuOFKM8aiRypZF37,270546
spotify:track:0xRxGVzKTNkrT15r9JM5a9,158847
spotify:track:24UStI5AYA7g5ufFDh3LH0,269373
spotify:track:0ZFBzRwxmeqnh3IdaZS6rn,197887
spotify:track:5C4NMi4fPpdFPnMZVsyG8H,247146
spotify:track:3JIUGcYAFgwtjWy0DClmx3,106240
spotify:track:7ciLq0Cip0yxiz6KANrOUq,231813
spotify:track:3mQCIoN1zkxocUlp6tcloW,262266
spotify:track:4yc715YXk1VMyoxLZWJkPn,124080
spotify:track:5a7UlwHFIi77lK6uoqE8xu,1144973
spotify:track:3RiRFyvasDtAv8n0AQUKFG,230163
spotify:track:6pGZOkEi79wdJ7x2dPBy4w,243320
spotify:track:3uxhyRdWVXp7GQvERQl6fA,279634
spotify:track:41P2Wi4vVI8hXxz5St5a4J,213560
spotify:track:7s43TQIMJIZtXE6bEJfeIy,110322
spotify:track:6FrItVl9YZNtY431CmwTkh,159040
spotify:track:2vdId18EePzFhwfp4ryqFq,279226
spotify:track:2pkPeaj86ZEVHhgAEncfp0,270960
spotify:track:4h8Eo8YuHropo5SYRSBWEe,183722
spotify:track:56BNLFLPUL9NtIoxuC6dCQ,144800
spotify:track:3YuaBvuZqcwN3CEAyyoaei,293960
spotify:track:7mJoAyRnCYVLGRvLhTnGuU,283485
spotify:track:1x2uQwwfW59xIdKpPGOLKW,201584
spotify:track:1j60CtBKgldM2lFxdnPD2K,389251
spotify:track:0UAZIlLwpKLhm7TDAlyWx2,224080
spotify:track:4g32MdRoqwGKQd3NXIRhpU,142192
spotify:track:2l6eUwcVbsFd6IIXKkK0kE,121908
spotify:track:6DfWymHzCYOH2ABUuHFaMe,335893
spotify:track:0s1aSsYlLIEiy16LjFWbdp,187400
spotify:track:1mISgMoXw5fKI3ESj03tPd,195526
spotify:track:0H20PIDhzGnoOOYE6VC1TX,171696
spotify:track:6ir6C7AHGMVLGQN7hv7gTA,222840
spotify:track:1horDZRb64nwbtDXymIzLw,157477
spotify:track:1RsoepHup9zTCiOPHlR0pQ,247000
spotify:track:1Y2xjVQLAgaaO5kKyxxbVa,149325
spotify:track:6k6j3ZUljY1QLTMbc8VqB0,240629
spotify:track:39qcpH01L186HXM3fjrXeG,179722
spotify:track:5Jt4zdXTd9y1zxihiNYQI1,211813
spotify:track:18FeAoLfHWYas6DuEs7ZYP,220041
spotify:track:5rjBkIfx9piQDuab6fonru,184957
spotify:track:2NjhV99ncY4A5lSkTHvTtU,183533
spotify:track:5jhBwnqzNNrENXnYrAdoCe,206622
spotify:track:2bOUrmH6OljKtXOLjvVEU8,139200
spotify:track:2K4MyKMlzZrNLaynsQWL0e,268893
spotify:track:47uDHNJpq4zUfOM0RFdEbV,272426
spotify:track:2D3z17LBMJ2HEHeBFFjTLi,158800
spotify:track:1RmgLVx1f90AuMnqRHZS5j,263373
spotify:track:0QFcDga7lG9FECVH7kRwNC,301586
spotify:track:4w7yrP4RAeeyhfG9nJqQvS,284386
spotify:track:3w2GGz0HjIu9OcWXINRFJR,219800
spotify:track:2ib0zHW86HotLbiKUPyc5D,173870
spotify:track:1FNvrp5K02oThumS6gllzp,313666
spotify:track:1T7Htpf1kEvU9Adf8J0ekk,214840
spotify:track:6ywkJT7h0rIj8S1QKqAIDE,284933
spotify:track:0f5Wmo9KQOryxerxrH3bVH,181754
spotify:track:16EBOEfr4EOniqDHfGKDOc,126093
spotify:track:0204zlWGmF205r5KBXaGG4,139546
spotify:track:0N9K0RWOVaNKT6R66csxDn,95906
spotify:track:2IWtloZYQDcP8Ashwx8QEF,227160
spotify:track:2FS65JXZAFDAdV4JAspJ25,153103
spotify:track:2p6DTtWuHcfWY0LDp5sur7,110391
spotify:track:1UM78ybxDNUdX1AqYfrrA3,186154
spotify:track:3mWpUEBYnv9SIFWfixSJFx,274000
spotify:track:71AaGUlQ7I5dRgDEQpdnI4,160160
spotify:track:4xwqKpCkR8ZhCvexcyfUs5,216666
spotify:track:4te6xkn2COpz6a6h36mjSM,159360
spotify:track:7y8V5gDcZavd1ks95ktB49,172386
spotify:track:1cAu2tlKS86QMqIGHf75dS,281280
spotify:track:3gcAVW0ZYaajy5PK9dAhut,202000
spotify:track:4m6ObZmZ7wnyrKtmLvlyVE,194434
spotify:track:3d1wvsZjykpYZxbIPz91Ou,169536
spotify:track:72mzHasEwIXJplSrYh2Ylm,329396
spotify:track:5eCOEK1HLF61BPGhVpGbzb,152380
spotify:track:6dAV47lfkoOzYyrx6B5Rt5,248560
spotify:track:57F80059mWaWFvWG3tBTbO,320546
spotify:track:4ntwMws17qmbQUI1NemGqd,156309
spotify:track:6DqdbpfNZttkVXt3V6AUlD,139000
spotify:track:3wgQhWu5ZuP5Ysgit4ti5E,220506
spotify:track:2J4qy8RyfwgXHt73cWOE6P,235106
spotify:track:5UoBGPQQ5IngRDLR0PIUBA,207906
spotify:track:1rHvKz5JPpCf9IJDHsyX8P,67626
spotify:track:1foMv2HQwfQ2vntFf9HFeG,200173
spotify:track:5A44iIZenvd56WXWCO9K5K,264466
spotify:track:3DarAbFujv6eYNliUTyqtz,208666
spotify:track:6fgTy8S5eeuLsVBNxWm4zX,188150
spotify:track:6MDu0AZX00nSST9qyXFsOB,170400
spotify:track:7LRmY1B3Z2N5gXHXFJ5n2a,240333
spotify:track:6w01MOiEQGXgLTQWhE06o8,261426
spotify:track:0x9pfkYTQChVwwXYZFbjqP,90973
spotify:track:6qobH1wRmHQFtHMxLAY6jV,298866
spotify:track:7pnQ23WgZca9jEfMts9qsR,158117
spotify:track:7qsjpvsj1f1uSgu6NcmOVU,165662
spotify:track:6YYmoV9YbBefsspGmqFHbs,188894
spotify:track:0qKxqVcFCMmrjjvIgjjEE6,193138
spotify:track:4Y586ZU9WDoZODu5s1obf5,187453
spotify:track:0IBzvfDLFn9K39wMASeBiQ,218522
spotify:track:5fmvZgUFuUq1SnzT3S6y4o,184733
spotify:track:7LoGfKBAaOl0nxhodJ1240,260000
spotify:track:09MoQoHYnyusI79AeulNQK,192880
spotify:track:5bJ1DrEM4hNCafcDd1oxHx,345133
spotify:track:6nu2t71KArI9WyNE2iQbyb,97567
spotify:track:1OWGLpptXlHLw1yibeHiHa,150000
spotify:track:4N8UFEJSemqrX1JqFSXln1,211000
spotify:track:5uRkew0DtfAQmv0oEYNwFF,180280
spotify:track:6JjPBQfI2Y8nIjnm65X6Pw,235746
spotify:track:7o4QDgTxIq7Tq5jjEjzvE4,165226
spotify:track:1mohfLaTJtB2RplHLQVM70,345240
spotify:track:55XrKecG9mBBLI3PL3KzXU,267733
spotify:track:0XgpiStoxq1IJncYlPrvZ5,296266
spotify:track:1wXs9LAIwk2GmKwH7i8FZa,230698
spotify:track:6VRghJeP6I0w1KxkdWFfIh,203782
spotify:track:1tjHKKI0r82IB5KL29whHs,184200
spotify:track:4JUMHmGDJe1NMdcrmRGNRQ,211653
spotify:track:0QwlA5yM2pNXz9yUYjNZYU,248400
spotify:track:0mEsOEi4rWBy0IXE5oTKr2,237500
spotify:track:08l1JURDZhRhQsOM1OTL8w,73386
spotify:track:6i7BrJ729QLUemr0i4rLU2,401966
spotify:track:1bw6CKTvONe3xVM6ckLeLD,197693
spotify:track:2WxVxmxKgXTgvQaRmAG4ub,235362
spotify:track:1nePOaot9Rbm5UJAtZB1di,233306
spotify:track:2LxdNADWier3MKTei8FbOY,157205
spotify:track:6FuGJB290AQMAHTfjOYVaK,192745
spotify:track:3yOlyBJuViE2YSGn3nVE1K,170746
spotify:track:06pQZG3BrfGCVvB9xmia1f,374546
spotify:track:3tslVMAgeJbPNL69ws5WZf,166779
spotify:track:33gwZOGJWEZ7dRWPqPxBEZ,199758
spotify:track:4gChz67rTHfVzKCZAHsifM,294240
spotify:track:5EpwOn2sBvXXKiwO68g7a1,171800
spotify:track:2HudfMAHpahXeWpgeZkk3r,369026
spotify:track:2hbPcZwIoUBP4RSmb8PWSV,440052
spotify:track:4CWZOyb9YHIH06yfsvY6k1,209014
spotify:track:7HbLCeZXxuZslEqqUu59Z9,316786
spotify:track:3GJqifyIDLB0SAscrYgfuJ,469266
spotify:track:3PK7tZzJxuoJYoik7j3p1H,256177
spotify:track:2lpIh6Gr6HYjg1CFBaucS5,212746
spotify:track:4tVphly4D1PB8tJC9gHMcJ,146093
spotify:track:3a2IwR0Ay1vXWGSXztrwD4,212880
spotify:track:2Y0iGXY6m6immVb2ktbseM,299960
spotify:track:7vrJn5hDSXRmdXoR30KgF1,178946
spotify:track:4QfyRuZnEXHBmfvEdCdgYR,638526
spotify:track:16VhHtoaOjTU4AJBNSBNQ1,236760
spotify:track:5YdXKg8juylmVbtCMheEtl,225373
spotify:track:11EVeW30HHEMZZsWgWzdfN,312351
spotify:track:6L3kq3nfseC0GL1NRPGJaC,112883
spotify:track:3tPGzLQOB9GnSisO0l4tGW,307306
spotify:track:7pcvZtwUb97IBprbeX2RGx,167080
spotify:track:5Ig7DEh90IPEw02jUvRC5P,236240
spotify:track:6uU5OBhGUE1ngSKDj4wtoq,172733
spotify:track:4xlrALxuaCf9yZBHJeTSG6,184133
spotify:track:1ZPpGPko8oULTmi34rozMh,246334
spotify:track:3yw4kKq5dcfCEV6lvIwwPx,248213
spotify:track:6bgCOmI9PJAu4LzsGL8r7H,203293
spotify:track:3RmKpob8xzv1pzHEQrMJah,230133
spotify:track:6tLxC8NgMMmAnnRavkfbsA,132548
spotify:track:0BE86KuNuUl4MHE5zZFR2V,260000
spotify:track:2u9OxJTn3Of4aMYp9K71kE,154333
spotify:track:5LIwaG8Wl9LfExcmiRQm7J,356493
spotify:track:2bw4WgXyXP90hIex7ur58y,179573
spotify:track:6olPOwti5o6kUtvo62mRf1,193400
spotify:track:2Y2MQ09ZUmrfP8UlFlmAcr,243906
spotify:track:1QbNKuZG3geiOiVq1HlRLe,229482
spotify:track:6kbzFdX9KkJpAADAqArxgW,209680
spotify:track:4LpUpiYoZ2M3Z1kmhn4EQo,181586
spotify:track:2rdivMPSp3CC4wwpL7qciy,251333
spotify:track:2JoIjuzRplpYGvvLpSW2on,154024
spotify:track:0rch4LXVKv8auzUU8TQh4x,198857
spotify:track:3FDrI0FLKzrYQiWxPhqV2W,272666
spotify:track:2MkJAnAXTfOJ3ASd9Fw5Hc,146102
spotify:track:21AnCQUMUBi2YzgHR4wU1M,129639
spotify:track:0Jf3QiP8WrXEoFsaUsJi0b,256333
spotify:track:1UlTQp0mvyG3HLTfoRkgl5,202171
spotify:track:63PJVrlNsmWDJGIwh6iFdV,310066
spotify:track:7tt9J3ha3ONbMf8DTipRqe,143133
spotify:track:0WnUB48NWIl4R96uGuF2XQ,151346
spotify:track:5nPdMALTEd7HOjn16oNf2X,275440
spotify:track:43NI5sAcvDLG7QQAmUc7UU,217666
spotify:track:4xTMKnLtz1PVfZRElleujx,224680
spotify:track:5PGnB8aUHVm6tvYRHy4i30,267133
spotify:track:2f0pn9DkEJwAzXApnFh5cr,219801
spotify:track:0wYDNtnJnV9GDlg5DPkz7c,146573
spotify:track:7aB1NvTLtOjrDrOc3CYMOi,218493
spotify:track:3R8CyhJfVjvgIROd5RSGhQ,220853
spotify:track:3kgKVcBpBGuSeaEC0AZGlb,204026
spotify:track:6vguNXPmOJqOuvU9goAjtf,223477
spotify:track:5Mpv9nVsGrDmCGTaYhKlRI,262386
spotify:track:7lTXqBURoqMMzzYA6fFF6s,144053
spotify:track:71VHd0a2dvd91M2bwXE7W0,221973
spotify:track:2Jz1X6ZB0gkkCVgmeVGVGp,202866
spotify:track:0vPIxkes0dlATamjuRJdcb,282946
spotify:track:1RqNYDlHoHNdr3QGLtzKtb,271813
spotify:track:6QtSKqW50GaPLjCoPbTTxU,224000
spotify:track:3NNatBZ65onPjc4eeWhwNm,332066
spotify:track:0mokWCo8yhf7cin2dSyW1h,293290
spotify:track:7Feaw9WAEREY0DUOSXJLOM,163804
spotify:track:4VcZ2jEE3t9ij9XJV9n7in,273985
spotify:track:71auqopz4kjWAp5IvrVIsv,190133
spotify:track:48lm2sNdS1rlteMIwLyhJF,201093
spotify:track:0I1eXIH6Y4pjr3GmDrfYhl,138041
spotify:track:3afv9TL8ixr4T9VbiKnrwe,273533
spotify:track:2uZX6rf2otrXvGx8vby7Xd,174000
spotify:track:7s8fyaidK2GOeM40SitjhO,104373
spotify:track:7uzmGiiJyRfuViKKK3lVmR,131064
spotify:track:3kEA66ZM9mCxwhynOxgsLh,322933
spotify:track:0DWDipIn5NVK4It1XnvkMQ,227925
spotify:track:0INj8SIk0MUuI0VIvKD4Ca,172799
spotify:track:0ZogPPD0uFaPXVhlZJOtSK,180639
spotify:track:4VR8erwUal5AIAhX4aBkhv,241813
spotify:track:5gKfjl3XR7Oqf07gkjwLQk,184480
spotify:track:5kqIPrATaCc2LqxVWzQGbk,237300
spotify:track:4HBZA5flZLE435QTztThqH,228482
spotify:track:1SbxVIpWqOlFS8fvNGo8Xi,195420
spotify:track:3xrjxWfJ0oZ7GPcPIYmmkP,196722
spotify:track:4yBiZFLXn0n9AUJ5sWO88k,258866
spotify:track:0vQMprYSgbvxezqtY12p7z,296880
spotify:track:4nlwBYSTOX0vQ79A94NREf,259354
spotify:track:3ubbcWmXOy6YreLqxb3LOE,173000
spotify:track:6BZTfI0xjpG4HBBLnYNlXZ,185226
spotify:track:2nvcTDmZkRWKNMAL29sLHo,211787
spotify:track:5nhRf04mKndhxKDPDUqO4h,214130
spotify:track:5UjhWsB5rddZEPlNUcGDLV,224170
spotify:track:52ojopYMUzeNcudsoz7O9D,363240
spotify:track:3D61K05MPVei1pPgEHhTA1,282214
spotify:track:5fvpClzorIwjrfqHBzzEVT,222999
spotify:track:7xIXHiCgvuaVXWXUIHMlFq,225626
spotify:track:0eu4C55hL6x29mmeAjytzC,161803
spotify:track:6aCs8gCrp4yrwvw7ylhau2,221026
spotify:track:21HG0QIgIcVQ2EZeXubaqL,420693
spotify:track:3ntrdR24dLkKrzSGRv1FlH,211666
spotify:track:3pmDiW1zYv5sitM4xUJ5G5,83304
spotify:track:1ly10TNmCejjiwCM0K0vrN,227280
spotify:track:4ftS7lkyqKQ3KtVdCnmINL,128400
spotify:track:3R9i4jbxzjlo7t8nToxIIN,113142
spotify:track:0zNEiQuUejW9MZTY5bSDvx,108078
spotify:track:1Ag8YqvKOcwapkaRJG66p8,265466
spotify:track:7HXGvnCUR9vDcIQ5ffEQqr,212680
spotify:track:78Mwiql4RDWH6uynTuOTlK,203760
spotify:track:3kfXUGIdBNpyr2gBvU3Guj,308906
spotify:track:5zNFTtuzuYNsGSfF3s1x7f,473133
spotify:track:0ivpUENLpheuPoa6VuY1ax,442226
spotify:track:2IetGxzkjAYQsoFtvX0fNA,141066
spotify:track:1xOciQno6i6vGvwr6tSuJS,231213
spotify:track:3ihmJ6AKx2BC6vWhx25eaH,298800
spotify:track:3mMLeulcoXJR2RZWpB4LNo,182731
spotify:track:1mskmld5ZKEhRaNvYVPoqZ,289853
spotify:track:2mHchPRtQWet3iIS3jANr1,199453
spotify:track:6Gds0xbRf66IPJ3Qo0pmPL,223840
spotify:track:4AINuhTujSI5LmfO7sJRA8,145919
spotify:track:7lRIjZhz6NmqTAXKYZ97XM,217213
spotify:track:3jPqE7gf3RPv48f5G2vj5p,185227
spotify:track:5CPWcXuqQ2QSXJmc1sT19u,231496
spotify:track:3ABx6PStRO5lyN3Emo8dns,340046
spotify:track:0d2iYfpKoM0QCKvcLCkBao,173799
spotify:track:04YutdH0j1INpsva3gOipt,251428
spotify:track:6wOdpwaVrRtWlVSQNMBNQU,342244
spotify:track:6YZdkObH88npeKrrkb8Ggf,199693
spotify:track:76zoc2IdQM1s4bH5juv5zC,166000
spotify:track:7sIx70dGj3VBiHWr0KZXfD,194733
spotify:track:2Ja92YrTrjKGcH7Oo3pi7F,182186
spotify:track:6V6goat94tTJOWXXKZstNX,274586
spotify:track:5f2TWu6R2YYCJtLQ0fP78H,155531
spotify:track:1x6bkwDyWIOZNFY5blRSs1,281933
spotify:track:5X0bLSho0KTiSQYCI0IOcl,290186
spotify:track:57JwzSgH8ywJU7mrhf7RSL,181786
spotify:track:4DhQgym33Zzn9K4HFBIVJE,246250
spotify:track:6DwrBbzfjSQAbWpbK3qC0o,231226
spotify:track:0ntQJM78wzOLVeCUAW7Y45,203346
spotify:track:6u3W9HIPWtRydDaZf176IL,148129
spotify:track:2ZCs3CbZkxpTIcqc2fFV1U,299520
spotify:track:1UbDqlLHBY7SxKVamO6hqJ,152672
spotify:track:1jydx5vyrBOaJaO9V6L43z,247933
spotify:track:0fzw4BBD5FRJtPuQbUUKzJ,445746
spotify:track:7BdDfn4GpUbtWniECxgLgY,193443
spotify:track:2C0KFbb4v9CNWR5c9jWcKC,197546
spotify:track:6G6ykEzZ1r7V1qrmNdBOVV,210560
spotify:track:0wXYhZtSSoX2jbAfIP2N2j,218773
spotify:track:0o3r27hQXI3cqZbvfpljRh,188200
spotify:track:0TYtHWzASro5sMrV1UvpUC,169436
spotify:track:4j6rSruR2yQO6dOkf0OXbU,335286
spotify:track:1IlbkW24QMlXRs5GF15FMM,279640
spotify:track:0BhdkcP35mwXs8Km26wFRL,157600
spotify:track:3B1CJVztXz8KnCsvlgOnT9,224426
spotify:track:4VHvZjaD1sdWA7vC4Dm2Au,248146
spotify:track:3BoPOp7YNORLqMUjE5XAh9,290793
spotify:track:09jscLcwa4usINbtfzo5FL,230053
spotify:track:08uXaXe243pD2BPI5uB3JM,278253
spotify:track:3lWFlhKZpFfukKfwO393AO,266813
spotify:track:3Lfiu5sZ4M4B6JaKMBc0FU,191146
spotify:track:73CMRj62VK8nUS4ezD2wvi,242973
spotify:track:0MArhYeFvgi8V2Pj3ecwBs,277573
spotify:track:6zgtBUEkAfilJ2YEOvNexR,237720
spotify:track:1eCie6lwjb4crxeAvkRaSi,302933
spotify:track:7wq8Aa0nwrQj2RguFrjCQX,222466
spotify:track:4d0vDZBKQFL4sVB47XbAnL,156800
spotify:track:3A7qX2QjDlPnazUsRk5y0M,194896
spotify:track:2XDdHuoRmBeOaBIOSclj2k,173160
spotify:track:4GBZUZe04pHVN0TLhejCSS,506876
spotify:track:0BO6iWcPj20UGEl224pHWA,206423
spotify:track:3SKxKQHqWRb08nKyK0Ovdu,314106
spotify:track:35r28RDot7nPE7y9K9H7l0,257265
spotify:track:3NdDpSvN911VPGivFlV5d0,245200
spotify:track:6EtKlIQmGPB9SX8UjDJG5s,91869
spotify:track:0pDKLaGgbcfwrt9Mb2phbc,275960
spotify:track:3kwgqoBqTwoAH4nT29TYrq,211253
spotify:track:6RyaV7owmVU6fzEPE17sF1,210520
spotify:track:3pz7MGe9F6hg1wyX29iLFO,111000
spotify:track:4iGnpp1h0i33lpoP42Y8Jt,213666
spotify:track:3jbAzLVcHiI5hYSkcKe1Ty,164166
spotify:track:7qvxFz3JodM0A7xEM7k3YD,237733
spotify:track:33QyoRmhHKADVNXnn4VgvY,168386
spotify:track:3ejqlgVNAYr7PWuBSXl4K2,154866
spotify:track:6izekfcd9z28jzqNahqfCy,276106
spotify:track:0jqK7sGTLsHPkQrrcrGuKD,158733
spotify:track:6C2PfemHQul77DVpnvuAIs,170240
spotify:track:3VahJnLWVm5OuhXqqH4puE,217986
spotify:track:69Kzq3FMkDwiSFBQzRckFD,221533
spotify:track:4cRPlIJxFb4ydBUgawsnXM,174645
spotify:track:6P4jqP9uYgJ4LyyQOR2OcU,229653
spotify:track:6Nq8YtPAHuL1outooeiFde,241373
spotify:track:5YjKdeES9QRJ8NmF4Xc8pV,310893
spotify:track:4YkX9Qiys9ICKCpio9jTpc,203600
spotify:track:0K4BwjwHzoA2oEx63WgEiY,460613
spotify:track:75eL0pWirJSefakRN3nlpn,103040
spotify:track:1qRbIDeJnmfnglzlJI8kOK,360640
spotify:track:3p4WMekidOIiyf8SFvfrIC,189486
spotify:track:0D5AiwyGN6UdrGNThCQgC3,196306
spotify:track:4k6ktr10Hczmh55NY3LfJy,368280
spotify:track:2KCEA2C1ihuP0mGmcXwkFA,165224
spotify:track:3I8yVFjvJoOBM9tX4ZpxEL,140182
spotify:track:0pQoNBSZeRFuhLVH8gCVDT,224360
spotify:track:4AUkDT2MwtAWxcS3NKbFHg,164706
spotify:track:3pY7e7SrjgmWgyDfeZMrDD,311413
spotify:track:53CiQVc4STl3kWrhTyyfym,311986
spotify:track:6IMlcKjsIM3l3yXWykTa3y,363373
spotify:track:5OcEw7p7RRk9uY54DKR5l0,243629
spotify:track:3pG9D3c68vx9gglZkfwNYZ,232346
spotify:track:50WeOnXhM1H7AZEeIDoWfZ,260906
spotify:track:5a07Tbe7iWAbJRiO4BtaNo,196874
spotify:track:5ZoYsrmeVPyJI4rhdBBJi1,154181
spotify:track:6lYdV7rTtv3dVpQ89htlRU,221250
spotify:track:4lGF1MDPkeWbOSROAxXTFS,221333
spotify:track:28WmNsclKsrVmdv3tDmoYU,414720
spotify:track:2yWyFT6bW1Rd9cjVvYi4v8,360426
spotify:track:06FCvd7rrRcF3DdvWH5Isp,307880
spotify:track:1rxJQtnghhmKzN6UoiW85B,435133
spotify:track:1z0Xw6hVTeuCOdUGxqKgHj,343133
spotify:track:4GcFycJt14aqnUGiEgG3JH,348552
spotify:track:2mZF9Se9RWzjxK6EnXvIZG,207733
spotify:track:1fMGRxKRtIKNyaMMGrzInM,174666
spotify:track:5L5Ox4ze5TZaQNw5CvD6CL,199893
spotify:track:1VtTcdFpCjioThcfvYABve,241733
spotify:track:7FjIYiD53wxlQmzTT6Wdpf,231440
spotify:track:0f0k0OJ9VbaLHX4J1t2qUy,221293
spotify:track:17aDyX39gb1iV1ZWvD1ffE,231896
spotify:track:1r0dZYmg4dIJsKdUx2xFma,334440
spotify:track:2cNAQlfTfPbfxAZjeqhoUa,264960
spotify:track:5sIPAtxuLfNke8waQQiyLy,155520
spotify:track:0PvKGTPfI1yLizE2oSwgul,166216
spotify:track:5Q1VDBYMNLvwlXRMawBJRf,290106
spotify:track:3PNZewolG8dAXl9KulmUA4,288170
spotify:track:6fdFRfSm64gAIM69xFjVbn,240160
spotify:track:3ZuHoaPp0mQllnIzOyc2k6,209472
spotify:track:0CF1X2oxbHWyFNPG2CPeNX,280546
spotify:track:3FqceZZ27OFGazqsonHPNP,119125
spotify:track:76VIeWBjKpbdopgWSmLSv4,178320
spotify:track:2oZGyWCAxsjH166841NdfX,92905
spotify:track:5lKHrBigpyKZM6uMvbOGh2,332653
spotify:track:3QPXyIxIQaPejnwkaIlJCO,352373
spotify:track:2sCl0FFOzZSmYZs90zOpd1,126880
spotify:track:7qXOUUDmgkYql3k9AJUeIw,390760
spotify:track:1o8ShSYbZPEyT1Mx76xiDf,173052
spotify:track:5i7ThJfYLAzp2DyZuFpF6j,213671
spotify:track:2NRhy2p5nQkv62kaec3BW6,190320
spotify:track:65ndJdPZmiV8egz8h3kPuf,119893
spotify:track:0WnVjkW8k8Zo37JAI7K8zF,236333
spotify:track:0F58GE2TtHBim5o4ZTQUwK,156546
spotify:track:45ROR8UMn60YEVQnDy0uVF,278991
spotify:track:5hcZYfxB15rBWrNW09gXku,226360
spotify:track:0AX6pLXtyR2vPLv2KYErAg,204400
spotify:track:6LBpjWMfy1NUfyxAJbcMRs,217072
spotify:track:0FjMLXne5a6RXzlZyl6ftr,288800
spotify:track:2ZW6w3NPw4lZf4Li0UBOwL,124000
spotify:track:3lBRNqXjPp2j3JMTCXDTNO,253746
spotify:track:1ikC0IM4iDcdPtVpQ22fik,181454
spotify:track:5xHooj89TQoQHj3dALvSh1,231666
spotify:track:7jVH8CXr0MSpGheHOjN4NA,91731
spotify:track:2kF9Ijd7I2Kk2P4bYqUmzG,242346
spotify:track:5naar7XewEOAjOywIp6Jjq,155146
spotify:track:6DjKJgwe9c90Bd2iya0fre,178760
spotify:track:23bMOre1jtsW7IT115CWnS,291666
spotify:track:2S5CHSeaE3s6zCePzAHJuH,217120
spotify:track:532zdGjRSFbfAA1Xh5cFwq,78666
spotify:track:5NzJLjeohvqIjR8BIZLBbo,236472
spotify:track:3pepZAOvUCBt3qWi9Ax6Aq,290666
spotify:track:1hJZvoGEYJAggWTWSPEzVu,174222
spotify:track:4ObkiTmpsSU31gqGhTb8SH,336360
spotify:track:2RPbEp0DyBVlkRvvYKopO7,330783
spotify:track:7gwFh2UvZlmckqWEnz2ujS,194149
spotify:track:5hQIEzgKHmeDSkPxnIvDml,100048
spotify:track:74UB6CQRH9ykJEh9ma3XwD,192293
spotify:track:2BDJWePEkczB34ZoDliNSr,146000
spotify:track:2lE7oRoKssULAtbWViL385,222013
spotify:track:4kWO6O1BUXcZmaxitpVUwp,215759
spotify:track:4UQy41kC5LjzwQuiuWOpwA,202670
spotify:track:5RCqpfWW51P98Ljj1NoK8Q,278240
spotify:track:1iSqfoUFnQwV0QW1EfUit8,222997
spotify:track:6h75vVC2Caz1cWcHq2s57w,216853
spotify:track:1CbxG199T0fzfUV5EO7aPV,193740
spotify:track:7eqoqGkKwgOaWNNHx90uEZ,307151
spotify:track:0Eq4BMgsdV6DkLSJfX8eBt,226213
spotify:track:6niUhtqSinCCVZrr6cU89q,176520
spotify:track:1njQxBJxiSqKXhA4FY7dzo,193626
spotify:track:2SmMlziW8PCEkdIuxAhpw9,260013
spotify:track:5wzkhHeVrfsjtiZaXtYxf7,277760
spotify:track:5T7ZFtCcOgkpjxcuaeZbw0,200106
spotify:track:5l5cCeCW4Afh1EOHdZFlzj,180706
spotify:track:4jhsuQCUCJKA5f0bXb6XdJ,232400
spotify:track:5WJbTupx9xYSXZP34hZGxN,241146
spotify:track:7tCHpjktA50ihtkLz6bAnn,175493
spotify:track:7r6xGsyES2DTacyP6O585i,125480
spotify:track:1r7MrNL4fRwFjq5h9u5Zdf,164302
spotify:track:2ZMgBKEVB1acqNMIPbXudM,344320
spotify:track:5nbHP6pmI0iiDCBE9eT8As,210760
spotify:track:0I2ELF6uHlL4ABu9aFiou7,175240
spotify:track:0K9oqDmJBgSFjXU1bUY9Fk,304760
spotify:track:2Pr1nZpt8A8WP7QYpyq6L3,190320
spotify:track:4iXyz1JCWdvmtXRCs3nYol,159755
spotify:track:6DIvN1ckp7bn3nQlOYcYk0,197537
spotify:track:7E1dQbOk1qcx9gEPUMBKsk,248293
spotify:track:548ZUCDH35rjSNif5muIux,232506
spotify:track:6jMcnR3U9NDwtziD5fmSYY,201509
spotify:track:1jSAaae1vy4vo5u2d8nxU1,75666
spotify:track:1yg7fwwYmx9DQ2TdXUmfpJ,269840
spotify:track:08ilexedmUuccTWTeK7Dvb,133691
spotify:track:32Qerv3fdQZGsoWhpqVRnT,449973
spotify:track:018zKykEOCw3QKUM89vHy2,137000
spotify:track:5ArQzSBevAdXTxRY6Ulhbq,206902
spotify:track:2jRANx1treWGj54y8mkHyz,294920
spotify:track:5ZGu6K46odinheCZ4h2sSi,367570
spotify:track:02WacdrRpm4zlP8H7X6bnQ,260004
spotify:track:3GwbwmAOFeT0NPDbkkhj75,60772
spotify:track:0Z2FwZQNfEwRK6ES3hB7QF,318461
spotify:track:01ZpFhrMMqKPVCwyqXneVp,283463
spotify:track:2yJ9GVCLMmzBBfQAnfzlwr,313573
spotify:track:3Sa3BLllDDw05udxXlba8p,191173
spotify:track:4V9JDRqKjN8F2HWdlEDxvI,173693
spotify:track:1tQ5TSr1tyeQUbHKBee0jv,232800
spotify:track:2KRVjE0iQtwVOPhLeKg8Q6,148872
spotify:track:7pqZZcz4K6Oitb9G8hXJUG,214545
spotify:track:2a90ygVM4bOjZR0lTuWBR7,203880
spotify:track:5zxNyiVvRZYfrq0eaRwiub,155040
spotify:track:3ftbZrMKs5gYztvF0xIWlp,549546
spotify:track:7CtbxAGq2P0jtYh6SH9DMR,159665
spotify:track:1JwLS4gJ8MsZ8PUjnRsjXs,165040
spotify:track:0MuXZVMXHl01DBU5DdO3EP,227520
spotify:track:4jQqM4NI79HEcWHUJb8Hvf,243440
spotify:track:2imEJFMzabMMNbgqkhJ11a,205773
spotify:track:0p7Q8NAXdV1pVuclR2bKqy,171200
spotify:track:3f9KhpRN6mMYoVnpuozgHD,257693
spotify:track:4DtJ9jQObJ6HZuMqrVWXQd,61986
spotify:track:5nU8PdMBWJbKncx43iXrLB,286840
spotify:track:4VUwkH455At9kENOfzTqmF,180000
spotify:track:7x1cPQLMzaKknLtdAU59dc,181693
spotify:track:23375X0SDPn584EseVu41H,255140
spotify:track:1KnckjAZIi2mE9EdBLTJmX,207826
spotify:track:7c4U2q0RQBPduq1aBTCQoY,214077
spotify:track:165h5L67yY7yPEthDEs9jq,259333
spotify:track:2plFaDNZayLbtA9Ht1yCEo,167575
spotify:track:0t7ckm739LZNz9dzcJhnB0,563000
spotify:track:5EwwwdsQfKI8ZnFG93j5Zu,218437
spotify:track:25P1KiKC76NMw31LP0UJAT,302880
spotify:track:3RuXekS5criwismaaj87iF,236400
spotify:track:7iqQz931tn59mK6IZ3knRx,274293
spotify:track:4ojis5yaA91tAYKjpVzJVJ,430724
spotify:track:6GlqpEZ2cafra1cbNMcjhQ,223160
spotify:track:5kjXJAtTIaDc2C3PET8oju,255986
spotify:track:5waZVuaH6oSWwWsTkQbnmx,168466
spotify:track:6yLqoieklk9gwabLaUDJ4s,242390
spotify:track:00cxhG668jV6gU6VK2FUVI,333680
spotify:track:5PzuuRqFP96YS3tHttnli6,209346
spotify:track:4gqs87MmAn64W2smpTDSWQ,225226
spotify:track:0QVlQTzp10Tj4Xql9ZRJzo,274520
spotify:track:5GRsvU8laifexpX2FX1p2W,195217
spotify:track:644rGY6maSElnKVsAg1gJj,140760
spotify:track:5oQw0ckCu0BHtHtb99snDh,212080
spotify:track:2QjOHCTQ1Jl3zawyYOpxh6,240400
spotify:track:3Wg0RVsWSfXnbuOGhxGXJK,228960
spotify:track:3CPeWqqaHR0hmyfsWhMJQs,193346
spotify:track:54Lq2hQmktw1ajq1pDYamR,264586
spotify:track:5yAu4njFSdM47dfsTkQPZ2,261812
spotify:track:3XKE0vmzbNmQ0wUqTlrNjx,428333
spotify:track:0ZRmhs9YjaMmj5QGCw0lDe,157800
spotify:track:6zfTUzKLKRXeSzIl7DYPvq,222133
spotify:track:7sFqwdXin2bgiuElcWdtYl,285860
spotify:track:1quHYUV0FxwiikkUClTsZe,121653
spotify:track:5EjmboHrnHXGomjC4tGGwp,231026
spotify:track:6X1D6qbVmK48uoOD9nIvVV,205733
spotify:track:3WzTqTiSXXIFeKEYqd7U5b,202253
spotify:track:3GsM4lOH4PfLa1e0PZeiDS,183789
spotify:track:06clUaNA5FOlAPRMXwCbLs,195495
spotify:track:6jrFTDTF8VWnxuPPRGCf9k,396360
spotify:track:2RChe0r2cMoyOvuKobZy44,353026
spotify:track:7AD7hNwGOOSRe33QtnyprD,149002
spotify:track:3sFwPlcZw2K0AHItkjDy14,261666
spotify:track:5RlsSt263xeZXUx9e73z5p,244426
spotify:track:4kxOKof62prdZmQ4bm9yz0,172693
spotify:track:7bywjHOc0wSjGGbj04XbVi,196800
spotify:track:48RrDBpOSSl1aLVCalGl5C,250188
spotify:track:1GUZSBYYU1QPbiDY4dLyiF,154880
spotify:track:3Pqjb9scCy2iX0rv78Z5bI,242600
spotify:track:02KpkaZbiutsR0ucxce4Sh,127733
spotify:track:6BFBDnClPEfm56r8fdC28C,234386
spotify:track:5C36ZFzzQlMWLMrwLabYtL,184146
spotify:track:5my7LnuM7Yk04MyM9OYILn,222240
spotify:track:5uCax9HTNlzGybIStD3vDh,211466
spotify:track:29KUIgVQRMdwKgD5NQzWQA,185546
spotify:track:7cC1wC4UcN66T9ve8KXqwi,223280
spotify:track:2ZZjAZLVSnHJnSNFN5AUCd,203400
spotify:track:4NsPgRYUdHu2Q5JRNgXYU5,215500
spotify:track:1KbilM5UyhJ9JHcEb0pcBj,156914
spotify:track:63SVJ0bvz2p8XBfBuCqUHW,206769
spotify:track:6hFERL2sg92Y9IfH9nwpcL,180048
spotify:track:1TxOJErR8b3SsCDdiVkYsx,251250
spotify:track:7o7fbj6F7MwwqWU2vWbndn,265760
spotify:track:5DiXcVovI0FcY2s0icWWUu,272293
spotify:track:0OyhRK9DCHJaRK9iFS5mFA,283226
spotify:track:6HMvJcdw6qLsyV1b5x29sa,246933
spotify:track:6wdviVWctiZnY6tVn6bh6A,198506
spotify:track:336FxXrYgThJetXXzpjUSo,218826
spotify:track:09GNeyAQ3sUr4wk1Fjn0EB,177786
spotify:track:3WZCUO10KxZp5XExAAmbd7,153512
spotify:track:58uDCyprC3aa3x70fUv8dk,244180
spotify:track:0CWooErv4VPjoj3sTvUhhb,286406
spotify:track:1pxXqJZBrCREdC0s4Xs6Xz,178840
spotify:track:6DNtNfH8hXkqOX1sjqmI7p,185351
spotify:track:0zkiQH567SDLqfWNBaU3hv,183750
spotify:track:4UyAtnwhaKv7EG1BdkBYRI,187973
spotify:track:7xdLNxZCtY68x5MAOBEmBq,238626
spotify:track:6CN3e26iQSj1N5lomh0mfO,296880
spotify:track:7mimnm2QlSzW3J38FRMETP,266826
spotify:track:6TvxPS4fj4LUdjw2es4g21,233720
spotify:track:0AXKoQuC2NQ8S2QRF0Gu02,203506
spotify:track:3gYRjyhYpTxtPEpOoIpafP,375773
spotify:track:3d9Uj2lyXlTfOFVCxRD2xe,120000
spotify:track:4MIXgItmCtVLCnT4BvU5tU,262693
spotify:track:1vjTW3yaO0ymjGP9XuGN7N,260318
spotify:track:2kFvEGeKe2FmuQPZQkJjdS,407106
spotify:track:41G42rZQ8V7abA6vF4vCx1,187746
spotify:track:5MOlRExH9m3x8oiXufD6tN,253000
spotify:track:01R7vKgX9DQFEzHS5SKg5U,71283
spotify:track:6y0fcycM5dL3w8jIIxfTMM,217338
spotify:track:2bjweVDsMtSvyDFpQ6JnBa,294480
spotify:track:5Ejw3lC6Srj8VK4fHgTZAi,199825
spotify:track:1ZMiCix7XSAbfAJlEZWMCp,240133
spotify:track:515Qg6thtweWKE1DL4j5Ma,146666
spotify:track:1CIEt726rz2di9hejBhhgW,264079
spotify:track:50kodYGdEXj0eFX03whgIj,116528
spotify:track:4wKBgfRjc3KRfb2iC7sfb9,216826
spotify:track:0zePbRMJ9sd7wsZRlbPQua,204014
spotify:track:3JHpk0DOTOzyh0777JFAky,214013
spotify:track:6H2TKJ9KJfcq6MRmw2cF20,239280
spotify:track:5LFl6vXC2CwcciAbymL4jZ,232493
spotify:track:15049rGLXHwrWtE4euUb5C,346280
spotify:track:2ECIwi1a7mfokdDkkJ08Ne,346460
spotify:track:5GjCLHeNC77C0IbTkOU3tI,327280
spotify:track:5g7uidL6cVNS7GxcCAXa19,269081
spotify:track:6ta5yavnnEfCE4faU0jebM,154600
spotify:track:2HzbZaA0LiN9Op5DGHTtlH,260626
spotify:track:1N9VY22tQUnD84bNWUsyKe,206480
spotify:track:6tMmSixgoQX2v91v6mb3sA,567386
spotify:track:7JAzAyjbJFPznEFdqpa1Si,247546
spotify:track:0Wh3GWTTUHE8jeJnGtXqqq,267240
spotify:track:3SK45LddxlEkzI8OWO9Eyo,187053
spotify:track:3qvuhGBr6BSdGPQsdf2gLr,442866
spotify:track:0301nLjG0ti26rx5ZmfqtP,250133
spotify:track:2TKA7AOxNJk89Qp5iwzxzr,149533
spotify:track:1kWyaTEjKCG1FmncJHm7L1,94093
spotify:track:5bzDxUepQf2egywNTiOc5h,268499
spotify:track:5NEezfzkU8pzjtpBQHdA4a,209986
spotify:track:5M5ySjWYS4s6hi2pEvEwb5,170840
spotify:track:35SnsRKTwj8HxlMuXv593F,169379
spotify:track:136JkcXtryT9BtLgYo0Q0G,206293
spotify:track:6N0AnkdDFZUetw8KAGHV7e,221400
spotify:track:2PmXD1CyQHqxhbi79osKTn,236480
spotify:track:6RwucU6fyMucxMaGcMPUxV,289560
spotify:track:0s5DNDV6LAKn2u2Ufa3VjQ,204453
spotify:track:1NhSbkW7HBh7YLNW5Rq1EQ,345933
spotify:track:03Mh2iAAdKKREZTe8rWbbT,162986
spotify:track:7tBZa65xUKMMan9tIMPqbi,218413
spotify:track:0eFCpnBgRqi9xaKB3YthFm,966544
spotify:track:0owIthsU5nNNPLK6MjdVOe,116760
spotify:track:2qUcyIoQ74y4epSmYk77Az,81200
spotify:track:5X4ojuZG2mZ68EcLyBQ1D3,104120
spotify:track:5yMXpZhVnUAFT154F3MQ8G,225240
spotify:track:7vuR4gXjY0mMd0d3BoBXYG,214733
spotify:track:0HMjXBAZmSYOTTi33WpMso,187426
spotify:track:3FxQDHfu0ExhG1yBIcIge7,274560
spotify:track:3wtgWxfOBqZ6LsAoMZSbDe,194641
spotify:track:5kErKPSPv8EgdZ04R3el1K,212680
spotify:track:28SKEi3NKRYoDO44vea0ws,176213
spotify:track:71n2JpYIDKZ3YXDo9KuQNB,128893
spotify:track:5S126DaCBZ8z6yh7B1Lszr,272996
spotify:track:61HHDBLqF3AmSvLfHKNGd2,233293
spotify:track:2BPfKiV9U0CR1dpUgeUwuH,215773
spotify:track:1IeJrIPWT37P8T3DInh4Sv,192703
spotify:track:0bJsijV1n7s0a62xuCMlsD,298946
spotify:track:6DUrxuETjZR8rOTMa0HDIY,244263
spotify:track:6vWby8qMGPK8NS3MiAO2tP,96000
spotify:track:72PoJMDfdaw9gGECgA9kTZ,156200
spotify:track:4Hbk7bsJPmM0CkVOElCBdB,205466
spotify:track:03WRjlKnkfxTFkVI6yOVZ1,230928
spotify:track:7fsrMc5Iq6EZNbbAqNRULg,271266
spotify:track:40dGpyoJ9Zx4MrIlDEwmTn,129384
spotify:track:65MkHc392RDLt4qUZANmrR,232421
spotify:track:612R6rJlv9N3wpljUpT8Ja,236746
spotify:track:4M4xrAyXs4f7IW9IgIldJz,306320
spotify:track:4w3tQBXhn5345eUXDGBWZG,162466
spotify:track:6bzwsAtj4TqaBysLDrGiO3,363413
spotify:track:38f4I5R0FFmHSTv49zmBxO,214831
spotify:track:1QRvbZIBvpQmoCyGNyaIwq,213986
spotify:track:2lFFiNm0XtgJ6wkdncTB4k,234332
spotify:track:4IvYW5NRB5U8FE1nHTQkGn,262157
spotify:track:7c3SbTuufigBWURcICnAWy,268400
spotify:track:319J2YqAVDmQXpUJGCxDkv,183991
spotify:track:0AK6oKtH1xi0y66ZkN6OGT,177540
spotify:track:1jUPOeAOtsjjV1jUWc2H1g,166973
spotify:track:42Y1NxPssrt8uw3xibumiy,212783
spotify:track:1kA6aaaOThsvoUuFjntfVa,247120
spotify:track:1GYJpuLq41vEVKXiHGEY9j,173052
spotify:track:4OwGX89t0TrUJChp2gHsPV,72426
spotify:track:3PzsLpCMpHViX7vxPtf4uE,146000
spotify:track:07RBdAGV8DiWF8AwodW9B7,190800
spotify:track:6jc1163Wzty6vWXhOwUGBo,293213
spotify:track:1z16mv6PcJpWhKnIKLl4yI,34936
spotify:track:6Q6YqGj1Ku1CUGHWSFwSHY,202133
spotify:track:43mNwDn0zOH2HKl5B4aqcx,202313
spotify:track:0m7w37m6u2NHtO2MxNgyTn,270733
spotify:track:58Zt987fK6gWxtO0MwEzPn,256239
spotify:track:4mWJSCa5i4HKPP71NbEqhF,307493
spotify:track:6eN1f9KNmiWEhpE2RhQqB5,405600
spotify:track:6lanCCozUAMy9YWSXki2KT,63372
spotify:track:3B3rrD6hquRvaNUpWkzQvf,401440
spotify:track:0bE2c4OxQGReOLbeB1g6lg,162206
spotify:track:4aBiGqTiHfKKoBPmuyo3jE,228960
spotify:track:4ADkfiY6Dejdr3ukiLF4MJ,122160
spotify:track:55LRDFmsuazr533WrtHHW9,219466
spotify:track:3mVw7DhPvERMA9dNOweuTq,231729
spotify:track:5y6m69cZZlKJ2q8yKoAep0,237006
spotify:track:6xhblLundMJAiG9jF7nlxs,195474
spotify:track:14BCtl669GHcfIngAIsNLs,151009
spotify:track:3fsTb3a8l5kJrtzpl04Ljr,276800
spotify:track:6obwWXkBEYouAdP0BGthKt,132800
spotify:track:2k1erWqdB28heZ4V4qB9Eg,187866
spotify:track:4jn3R3KF5hx2fCiXlj89yE,185241
spotify:track:1LKAyeuVvWjOjyg2ag2TpE,220453
spotify:track:4Ij5HnQief1oYBWs8fw0cU,225786
spotify:track:4NxV0L8V6Wd2Axr05il530,203080
spotify:track:7sPt2cfrg7DrVP52zfvS1i,211493
spotify:track:1Tzu1gujQfDjbZuVRLBWR3,146733
spotify:track:1LpjlPR8Gv52B04UQNLZAw,150586
spotify:track:7jC9faDccdogwPwfpXkdIK,135000
spotify:track:1LJEBzs8kmYREDeJKQo8qv,275440
spotify:track:5gFAT2DbEt4TOMXyAMEixG,218909
spotify:track:31vVcYpecILSQ02PIGdqYi,79293
spotify:track:0BvqWOelf2ecOmAHpzKS1C,235800
spotify:track:7cO6rxZSi7Ura92FtspKaf,420746
spotify:track:53Y0kdCa1CZ9gRqEuknfwy,193333
spotify:track:6OrPGlYOSbh8IqDRXryKVN,172261
spotify:track:6ED43xPAYPXD26yPFxUUuU,144000
spotify:track:0cXRafInOlc1QH519RXltN,237920
spotify:track:69dHU91GUwNouYPGpf48uw,117266
spotify:track:19yZJYRwvcnNuRqDwoB2mJ,158662
spotify:track:0zTGCdMONzCEzG6Sqx4lgt,125933
spotify:track:3dWaMQpvkug0K5SIzwQZTv,143376
spotify:track:62ZQaNo7N6hf6U1myRbXcP,37066
spotify:track:6LoQHIo74tOzQ8EsLEkhgF,231986
spotify:track:7im1uVdOHRYhJVYFHvZ7xl,213933
spotify:track:0OkoFxzb616mT2znU5aENH,185800
spotify:track:0dFvdkW7tIDW7ZyhZxNJOG,133173
spotify:track:7AfZO99SLUostJ2ZS8tN6D,331384
spotify:track:62nQ8UZVqR2RMvkJHkcO2o,318226
spotify:track:1dNV3tqYMJirOkGTFIbs6F,246333
spotify:track:7tLqwPzWbxVKwOvpNN6f2V,122906
spotify:track:3q7cXyhLWyYgf5uxZPW9w2,284906
spotify:track:0dHTulr6JLqScsNIsAgGn3,315257
spotify:track:05Sgj1Hx03ZXc57gsV1kfX,241840
spotify:track:28eg5bkYvIHT7HPmzZFwLN,281453
spotify:track:4jVPe6yOAPfgH9nMhLDIto,142733
spotify:track:6ZY9VnSf3uxgC4btnVN0DP,270601
spotify:track:0RFWzalaT4pGTkNA3j1phk,152149
spotify:track:0NZPBYD5qbEWRs3PrGiRkT,156943
spotify:track:682gCd5497AbCthzaUqPUO,162200
spotify:track:6tJFtthY0rI1x06qb8NjK0,198861
spotify:track:5D2eCwqbHcqOnfHOCM6TnV,187893
spotify:track:65pB4zmU8L6vepOlXcshLn,236889
spotify:track:78qd8dvwea0Gosb6Fe6j3k,134239
spotify:track:7Bgd2DI9qPezeNARpmWjAr,419973
spotify:track:6NGsHLZYGVAkXTFr75WWnn,218266
spotify:track:4SCH5CuivFcShLpTg8lYOf,187924
spotify:track:5p9XWUdvbUzmPCukOmwoU3,201706
spotify:track:4U0gBPfjAzs7V0IR6UhOM6,220080
spotify:track:1oVnIYWKugITYu99VMguwr,245160
spotify:track:2P5XvmueTEf8Lk9DpCtYPm,228437
spotify:track:5RjjRF8MEnoe8aD2hcbQl6,248706
spotify:track:5Txwlv081K39njx353jh7r,147320
spotify:track:24o76WATbnSIhV26hHgUHn,224266
spotify:track:3OZqqgl3jpCodZrMCJuZBK,410333
spotify:track:6dTEviMGUJLTwto9AM2r5h,263866
spotify:track:2ro1HWV6SK7r6c6PhRSEpj,94347
spotify:track:4VE3be9hPTaqPqu9P8o94t,116727
spotify:track:49X8pWDpmFpAITVUaudkcN,218973
spotify:track:6xepovPqjvrkEw9Y5AMmTm,207466
spotify:track:07cDm2mEYe7KHCHjKYSGdU,180793
spotify:track:7aFBy1CBLGnZE1Iv6TvEZE,199994
spotify:track:0ECs7wpW9157Tk5yBUGbE0,194490
spotify:track:2fscHtYDKLd7xYRCTe3prP,312442
spotify:track:6s1ozQ95CoGrIrYaQdlWnp,226097
spotify:track:3QpkYrCkZjfOSvSD4IRwcG,199538
spotify:track:6De0lHrwBfPfrhorm9q1Xl,205714
spotify:track:4UiRGdHTNr0HSvPinP81bO,119546
spotify:track:4MT6TnoRf0ILh0UlbYt8Vs,265640
spotify:track:2KpjKWyj0TI0FmGgENEKr6,242240
spotify:track:6kXNnS7JJz0nAv4XEwEmQJ,254165
spotify:track:5VizzlCG9Dk90xauIBB0Ym,230833
spotify:track:2vfBdSeNMzwxR9csxfzspk,168910
spotify:track:5773XHHdECHO8d5BMWjtIS,191586
spotify:track:3jS7bB0oXVOwGFZn3aE5NV,249493
spotify:track:1rbWklbXlVEDjCL5uuWuVg,287906
spotify:track:2xPbLfsLvlgaiS3ncWxgEu,325066
spotify:track:115qX5IourtxBolGxwQkk0,205868
spotify:track:4HGBMY1Fxdo433tjW6cTL4,95493
spotify:track:3h4crsrQtBOhLrewXZ8w3D,135692
spotify:track:4bPXC8WtvFNqfkWNWUvAt1,235650
spotify:track:5HiKQLlJ3LAuz8J9yHB0HX,230573
spotify:track:5M8mO3tGdHn9yU27dNA1WR,440650
spotify:track:6vRQqxOhUFd78p5tL8jXr7,134144
spotify:track:6ZG9u0gsqCstdJbjNyttU5,176840
spotify:track:3yaDAvsk2BvZfO5B5f8io0,328520
spotify:track:5qo79ju0ksdDG3dXUeZAc3,247760
spotify:track:2drEUEg0TYQR6dDEHkpuPE,292267
spotify:track:4k1lhyylpkVm2XJ5C1aZip,138226
spotify:track:30hSAQpWnmEPep0sbitqF0,258000
spotify:track:1Wrzhfa5bNlqvsnCztz190,194080
spotify:track:31dzIMOW5SH3UejDcmY6Ws,197946
spotify:track:5JPXVcoVUZd3JYTQEFf9ug,170106
spotify:track:3WBhIsPj9gT77yEW3rH6ts,218106
spotify:track:452kwm6lHY2DU7ajY2cTf2,171147
spotify:track:54GmZq1zZW5TTYReBHuwvw,96519
spotify:track:1abdPLYtlNaciLQaKPU2XP,256973
spotify:track:0ObLFkX9bnGBZMFVeLFRN4,246293
spotify:track:03BNPuzC2y91UJmxUeRiBf,65410
spotify:track:2qeESyQyH7MRHCBotCQsNq,209546
spotify:track:6VXpxDMdPfMrFF8UmZRm87,169364
spotify:track:2oSpQ7QtIKTNFfA08Cy0ku,246933
spotify:track:4fLTtg48X0QtKrj0Jv8I3v,240000
spotify:track:6sRdLRDjRvyr4viO7SXcjT,194976
spotify:track:12nhoRghPNDChpsFaQld4a,335426
spotify:track:56iNnCnBQ5fKbzmIH1DNZu,214132
spotify:track:69Sy7207dnixZ6w7RSV9Kb,192881
spotify:track:78NVr2S2pG8GET0mUqN3Tt,54000
spotify:track:1CF8B0hiqoQDRxrsTTkgdc,246026
spotify:track:6ikh8e4YxgOlb11LWUaBp4,217066
spotify:track:5RGf8qn1TBWVplLyyKUsuV,217051
spotify:track:7wC5eZcFS1Q1BsQ35DU6H4,210375
spotify:track:2GISbjz3wIJX7S4iv1XXAy,190986
spotify:track:3Q5gcEfnPdZu2dcJIppHqa,225500
spotify:track:30St98Bok3jJmXdkkHVPQe,235223
spotify:track:09MPjASnrLwo4ejyNz56Rv,263200
spotify:track:3UeeePOBaR56sFLyXnIQBj,204154
spotify:track:7vAzIVfyFp8hOVCOQChwA0,271560
spotify:track:5Ue0yZP0pmesWTQMvZmqL1,298773
spotify:track:1pqnQ41XbfKjaFu6M0eGJp,157944
spotify:track:3EIKHNH3HuuGWnlJ0fBaVy,282426
spotify:track:2lRe5wBRm4xaSKTbDn2vLD,323586
spotify:track:5d4ZCmvSLvjMOSdIKkCyQ5,304906
spotify:track:59osEAhiXkRXH6hZTD4VqC,416129
spotify:track:0DdwRcqERKUL9Rp9bLOjPX,221306
spotify:track:07TnWCHrFkvF61GzJuLVt0,304213
spotify:track:45VKzsyZZYP227WtgP3DnN,284506
spotify:track:6pGHTRfuXLZjta0Kdc9wNG,149146
spotify:track:3S2XkZJH5P3AqYk8ChYsWB,242015
spotify:track:15vzANxN8G9wWfwAJLLMCg,221520
spotify:track:5kqQ7QdUAmpLIVxBEE6baO,357857
spotify:track:75u9uswC5UMdtv4SQ3xSYf,227560
spotify:track:5VuxWXbt7XENQCtE9TzpTv,194560
spotify:track:0LdkRYiS3semGItm03H3gm,268666
spotify:track:0ocOBqYDHVPL0kithZCBNa,320400
spotify:track:0vigaWzrt5hQlfUuirda0o,251120
spotify:track:2fj1bxYjFzfVH4xfbzogGn,127077
spotify:track:2DDPBHhQ959NrLgttEEOuB,164293
spotify:track:6Nz1C2R2faRxsixFPnkOCZ,258760
spotify:track:6tf0bXVfaNy60dE3Yn4Q8o,255233
spotify:track:6vg5JXMGc0EZNeTZy3QPgX,219400
spotify:track:3mQTPYezPCB9uUM3WpkIff,159466
spotify:track:0elUIsGYwL3DuJEUj2jTBG,259970
spotify:track:6jjoQBAnIZJ9dG8tBtDSwt,278960
spotify:track:3PApylD8eVyKu9K8z8tvAk,323695
spotify:track:26PnyFUmYdeRG7nQrsTpHc,299333
spotify:track:3nwP3Wij9UeBx21NFCJ7kl,143666
spotify:track:4NCgtdRbOrwIy1HPQ35AX2,164533
spotify:track:3X6iIrFuQoCshIWBseEKPl,264560
spotify:track:1mgBqsopsnMbShCHOh2z33,240240
spotify:track:7hcagAQDiI0TgUOv337NIr,119777
spotify:track:0mUMfBLicWZAHsA1bmzBeb,312226
spotify:track:574xu0k2sGQBDGPaYV0JBf,205720
spotify:track:6D8kc7RO0rqBLSo2YPflJ5,174866
spotify:track:5INTO6jNK8XdJhGSTYwIrX,247293
spotify:track:3fIsVx19pqTGejb7cwlLQB,260106
spotify:track:5Cr8DxrjyP2fS93XjGXlFl,266826
spotify:track:02MWAaffLxlfxAUY7c5dvx,238805
spotify:track:72RAGmuU3dZIRH9r0qp9Ri,280474
spotify:track:1yrNoXJopuBtsL5Vj62ESi,266760
spotify:track:7r4XUa5f0wjW85DMXAvTUj,110573
spotify:track:0Szp49tpFasIjX04Mcsydp,193117
spotify:track:3GXo1eWlT2flv4x01l5OTu,215626
spotify:track:3MmvQKMKdN3UhVS3eGzJIW,150449
spotify:track:4euxFlxLWVGmZZLyYARTyE,344493
spotify:track:3rXJbXaRGLK1A6vPmRafRR,388146
spotify:track:4vFXO237XjPm910TDvvsfg,179746
spotify:track:41Z5crbsvWuLfLKYC1Ryii,223626
spotify:track:6MU6uCQdsnXg0MAamYETO1,311640
spotify:track:7nDIflSHQXzaa8zupxwv3U,259853
spotify:track:7lnTgEWVbln5lTNtsyOHdY,214158
spotify:track:3s7MCdXyWmwjdcWh7GWXas,215320
spotify:track:1dBubDq1rKvxmPAWN2dXmC,816733
spotify:track:5YWtE521SHAyxgvIhseGB6,254201
spotify:track:3njYteZvn759aNUXMCxiRX,167288
spotify:track:01F8B0dhzGdWvmcSO6vUdi,315506
spotify:track:5BbjRjVnJ3dOLlDlreRBBh,175240
spotify:track:7o5V0BUS9x8zdXMb2CiGpi,204174
spotify:track:4VlVJff7viYXRb7TbmXGGP,224267
spotify:track:7e7kLujXF3G5IcHoskemSI,213866
spotify:track:4Zau4QvgyxWiWQ5KQrwL43,386706
spotify:track:5jSmYkPW4w6P72RN6K1RSY,147096
spotify:track:5pAbCxt9e3f81lOmjIXwzd,207030
spotify:track:5pou25fVNIsU5Hgp2fkVbB,134150
spotify:track:3Q4WeJmzxuDpzMu9QjQqbM,268120
spotify:track:3szf2z1Cy1QMrtHrbn8rz9,184960
spotify:track:01a0J96fRD91VnjQQUCqMK,180160
spotify:track:4MSGvOyqjifxU0TtDxhQil,287600
spotify:track:47DeTufpEGrePu6TaVEuoN,108968
spotify:track:0pk1hxhJLBSZZ5RKBhcwOa,250280
spotify:track:1VGeBBGNjnscSsWToLV8cJ,226853
spotify:track:6fnzq5PYuEwkqr4vM0RakO,160035
spotify:track:0GfS3y8Jd7SHWd9R51s7Fo,159404
spotify:track:60APt5N2NRaKWf5xzJdzyC,229160
spotify:track:6PqMi24DPibrFj9Ioc4hKL,247453
spotify:track:1KMxL9MAan0Wo9duFdfuyI,333759
spotify:track:6w7VRetn0acWLZAg2QFvVK,139960
spotify:track:1yclhzJfclEDk1gEpey3qE,352986
spotify:track:7yngji6ogBXvAJdeOSBHAP,288066
spotify:track:6mVD1SfTvlFAPVi7txFL5H,209626
spotify:track:2D9uc4pL6wor8560PWMj8h,145080
spotify:track:1GLcGInllpE4JUTStzaCOM,214000
spotify:track:4gnAKtZkXPYjWcTnsagfA9,184893
spotify:track:2JRicL2f8tJl9TiQlH7vbJ,456866
spotify:track:25U7raB3ZSszayTYClh4hF,308026
spotify:track:5ybKwxezXlSMYwYh4lApzn,326306
spotify:track:1Ojz92vyPK4fJ5K8RVnV5u,167880
spotify:track:5sCNS9a5UWmKCtUUu6W5uD,480706
spotify:track:65mKzK0PXnK82BCDbEjCZF,288170
spotify:track:5MFzQMkrl1FOOng9tq6R9r,214480
spotify:track:1AsQFm7ORbr4NEZ0dUltOY,245456
spotify:track:44td4RZLrXX00qlN3swpSn,272677
spotify:track:3cUxncrTWSA9lhlQbuIwUY,211053
spotify:track:3MRQ3CSjoiV1HFil8ykM9M,277480
spotify:track:4xx4xYffuHfFKsCW6s2KnH,191241
spotify:track:0OtkNB4TnTzrlid4zipYDV,716693
spotify:track:7kriFJLY2KOhw5en9iI2jb,1412451
spotify:track:4atI4s4twgaBjdjfupti2e,144133
spotify:track:0IRENLxmja3m2Ro2nmApwT,97560
spotify:track:5cKjlmUVhUhOePHAT9Hkeg,117795
spotify:track:7JrjgfeHi2922jBM7npBT6,222000
spotify:track:2dYJKHEqAUTCk2U9zntaS1,220538
spotify:track:6xVQAgxCjmn7cRnOpK0AgP,242918
spotify:track:2NkKDtph6GZ0ZL0dnJSRpX,194706
spotify:track:3ANHYa1qBH8UY0x8dilDmJ,143000
spotify:track:4Ed5gtBYbVldOnCiDcQrvf,174785
spotify:track:5QOijyvdnZRstMYqrqdusk,152760
spotify:track:08GOw3NsrJ0LsCCeyqzt3b,229453
spotify:track:57yJ604s8wEXyjkqPsZdKC,210813
spotify:track:37sSud1ZrTpwXPGJP0dbXI,201266
spotify:track:2AfDvCR8szG6wJDO6mxqVT,173440
spotify:track:6UEkiwJ6dopoqNcUeFn0RF,218173
spotify:track:6mSzsSdu0CWIV70jEjWMhI,174857
spotify:track:3zkWCteF82vJwv0hRLba76,206880
spotify:track:6jKOxnQ1Pdsr4KblSSeA0j,184768
spotify:track:5PaCfGN1JkRmHQ22KKhMck,254213
spotify:track:2P9jPXmb9oozwLLIGTnbEn,463600
spotify:track:582JLMTy2WCHPgKFJ4xCq7,368000
spotify:track:1DxEbt6OSbrkRthk6pjZue,161451
spotify:track:1ri9ZUkBJVFUdgwzCnfcYs,226088
spotify:track:07POri5O6Xu0aVZzlvOcpy,210973
spotify:track:5rsiXpifJ6NLCpdhTgOWU6,153093
spotify:track:3WEmAizxrtQwXEJQRwCrK1,242121
spotify:track:0j8ppsOOawdPCJnSTcXgOy,120000
spotify:track:0xvSe9t4CPJ1tKvjal8Zvu,197926
spotify:track:6DpVRGSelmlUqjOaXrlS3N,292666
spotify:track:5oWjpE4N00WgaxmcDvWdsQ,240333
spotify:track:5YeFqlrYAzPof7mHRfcEHZ,185440
spotify:track:5fdNHVZHbWB1AaXk4RBGVD,443773
spotify:track:6rZNDWPFxpmbBhjm4RwpUB,161693
spotify:track:0RR8wuHHc5NqSFxhPDDBNV,191826
spotify:track:0j3p1p06deJ7f9xmJ9yG22,163453
spotify:track:1ZRlc5AM2l2fUc2YQMk08W,152453
spotify:track:67BBamyXyAaWjHtJwEBPDa,227426
spotify:track:54IbnYEdA3ymfxv07WgN3b,186181
spotify:track:21F4HpxlEVp0i9TKnhTa8f,170500
spotify:track:4laAKIq9ZxBCwf99rauPYb,160766
spotify:track:1qLlkVWv58M8mcoRZPHD3I,306600
spotify:track:5CI1FP2Volc9wjz2MBZsGx,316066
spotify:track:6WbADFqMvR8N5u0BvtsWQE,181672
spotify:track:7xX7bER73YZSE4m76OpMXV,157830
spotify:track:2GFAmPwmQByPEeWcjiR8AE,228240
spotify:track:4Xk3GnjNzSEQROXpNm4Dtw,167413
spotify:track:4o1DxRjMCHDwBiOKv88rOl,251929
spotify:track:13XxxfnZmFEkU90QN8bOjz,173333
spotify:track:6xzKp8AsgjlZoSTc7QqYn7,225973
spotify:track:1im6qBIKkKI74toy5Htaur,195573
spotify:track:2sgoPhEpJivhaR5tGKvBhM,120428
spotify:track:0ywBGfsIHLkTxZcv6jCGha,211703
spotify:track:3MtP9T0WF4xbIo8vqHYeXM,164173
spotify:track:5ADfF85XEcYvIhG7hS9gKZ,260079
spotify:track:5ROzFLXFHAaWvOZSjJ5Yik,124506
spotify:track:0nAQxtpIgxt4ABmliIB5ca,165714
spotify:track:4SNtyKNyYJ8ERT7YLlnFBr,246480
spotify:track:29Bjl63rfik8188v8J08hQ,209520
spotify:track:0ACACkoHUwgfgY5CxVIL4N,255066
spotify:track:6iW38RGqdDGOofmz2HeXLW,166451
spotify:track:3ZE3wv8V3w2T2f7nOCjV0N,235986
spotify:track:6pD0ufEQq0xdHSsRbg9LBK,194563
spotify:track:59Zl5fFDhkGhFv0TGeyqbv,274640
spotify:track:4c2xt1trwYZpMqPWY35Xi9,262453
spotify:track:0ny5rfasD5O8ua0h9vZ9bn,48933
spotify:track:4gRA0i5sxx3jAhHaVjPnUN,228326
spotify:track:6KqWBiEZxRmPPGDc0PkRoV,229164
spotify:track:5ZgZhzQGCqVwPydT4CkH0W,505240
spotify:track:1sD9vqr4ariNYWc4ifbpOi,358000
spotify:track:0ClPIeT6MSgfSgQ9ZrJbAq,196606
spotify:track:4gs07VlJST4bdxGbBsXVue,269720
spotify:track:7LXdlneKZlL7JPR3EDUE4i,158920
spotify:track:6SJz41lrjvWoyWrZoFyf7d,262640
spotify:track:60C8zGPTdAAmDshHnMuyfc,180943
spotify:track:6uniYKFsdWmwPNa2t1I45M,262440
spotify:track:4mqP0ZskIHaaV4NHAXBsEy,209240
spotify:track:6yTmOtPBbom8Rbyp6SHQAc,141052
spotify:track:0iRfffwrWG4TfNc65SpxDm,163204
spotify:track:2RcbRwAFUxaiO3rszuEqsz,195160
spotify:track:701DK0It9f7iurRnzKvF0y,249120
spotify:track:5nLJL6DLanZaAq8DVkBs62,267171
spotify:track:3gyroWpKKzkVkOhLJ57Tv5,253373
spotify:track:2f8U2ig4DAx6MBn8xleACT,190112
spotify:track:5IhzJOXNE7ki0IIJbZbnGq,189786
spotify:track:73b1ehwd8q7rNwPVyj2Ebb,365510
spotify:track:63wEUQ8SN2S8nx2r21zTnl,209840
spotify:track:5dPPEPCJ53ETD645XP52BR,537333
spotify:track:34g9r2iFszMArxeu1bubA7,82400
spotify:track:1Als47O3HnJ8NGg5je6s4A,297200
spotify:track:1Bzbqi9YrA8FehT7aa3Pmh,218000
spotify:track:09IOPhEh1OMe0HD9b36FJk,246986
spotify:track:7fanCwOck16J9MPJ3SR39P,172546
spotify:track:26xgfuQnTaa5UQJhdQACz6,164703
spotify:track:4o6Uwrxpqa9zLxoLUvtQ4Z,112250
spotify:track:33k6iSq1SIVBOaXE898Jv1,185773
spotify:track:5I2NfzSxaCBzYVYMGAV8Cp,168247
spotify:track:17OqI90oTFZ3J8PVu6j07V,309173
spotify:track:0qGXYXHQHdY5i6aVgs0Qjf,221360
spotify:track:2wz7AsHWwJU3wfmGiOiKoa,250720
spotify:track:7gARZ2i5u5DHC1b1n1fML5,227080
spotify:track:455AfCsOhhLPRc68sE01D8,230746
spotify:track:0tgBtQ0ISnMQOKorrN9HLX,187306
spotify:track:47wwrdACTUPslHhCcyYM5S,240000
spotify:track:36dRGk4xB4VlCdaB0eagnH,84933
spotify:track:5BGfqsNVHVGlgAzXhliMBk,408189
spotify:track:7A7S87aWrf6GhfJtqKCvmS,269453
spotify:track:7D3KO9gj0szuA7rXZL8jjk,220689
spotify:track:1ntHK1TLfunJ7x0VEdpvRb,63533
spotify:track:6ws029JdM7CyhLgxto9MSU,145147
spotify:track:3vbVPTqsL1J9To9HXiGwX0,236706
spotify:track:20zpRrOA5tEEn5YkvYEvlc,238053
spotify:track:1PBFuWxDnAj0iRkPaePboA,321640
spotify:track:5j6ZZwA9BnxZi5Bk0Ng4jB,370373
spotify:track:6n2GPvMJtFZ4ckoc9EWHMx,225493
spotify:track:7z38bideBRvGAgjXe2SECm,265373
spotify:track:6wbBrsE2H2pupmnfoVSY6w,297040
spotify:track:4B8EvhnnrkT6L5yyXpDxlq,210000
spotify:track:0vIx1UujIOIF512NlNDm5k,191078
spotify:track:1n96u41GF5bgJ8NNk7mFy8,342573
spotify:track:2SHKnOAz5CbUYhyxipfWr9,184690
spotify:track:2uFfbLiZxTsjSuX3WnvJO4,43733
spotify:track:45jM2fuCq0NHD9p7xn0ptd,243700
spotify:track:4ipnJyDU3Lq15qBAYNqlqK,189440
spotify:track:1eIDsKCLwZF6CJK8pOgHX5,158309
spotify:track:30Jf4qTyfEJWDZj5VgIti5,218226
spotify:track:1FziCmj3MpjjF7WWAMMixG,252728
spotify:track:0ykWScVgdKaW7Z9aNuPLkw,209733
spotify:track:2SbW7MZDaBTq65mePW7swh,29667
spotify:track:1leXuBiWQMgbvOIIedqbLB,223186
spotify:track:2ZMoRKrxp2GPQ8cDAghyRa,268800
spotify:track:36PNa2n55qLfQd7KLXyeoy,251786
spotify:track:76OGwb5RA9h4FxQPT33ekc,179551
spotify:track:37HqnBxcaM0op7poKdfKik,246813
spotify:track:1iGOI54dl6Ps1kYlSpPZzg,88453
spotify:track:2Nam7nPhDG9KDGmdM12DHk,299971
spotify:track:3YBfHJTZPHn5DqgMnD6g5g,90000
spotify:track:1Jrdpneg6p0j2crsbuxW0R,191293
spotify:track:0CZUctybGtQ8kX8bGXDn8w,156110
spotify:track:6j9pCKVaJYNF7AdaNVTAaE,76280
spotify:track:7CAktr74xIvZnE8eJHGYPX,251800
spotify:track:3nQbCPy1vMFtXb4XEpOmgC,218920
spotify:track:4lkchZbpUEkOyqf9NUcuWw,181293
spotify:track:2qVbYgmLy0TlROQAgHxjQL,134576
spotify:track:5jafMI8FLibnjkYTZ33m0c,257480
spotify:track:7Jh1bpe76CNTCgdgAdBw4Z,371413
spotify:track:7B3UAPLYAbwXVgbHSKEaTw,249240
spotify:track:0F61NAIzwH4nsV67zmgvxQ,57773
spotify:track:4ob9T2STzBxGOUQHwCkJm1,317830
spotify:track:4qjXwaq6K7MzPZSvjcLQYd,239906
spotify:track:61BywQA7q8KjpGjp3rHuRv,299200
spotify:track:43wOnyLJcwYfKVNxXZWPDz,283666
spotify:track:38Ke0TTmH6PzUklnVtg5XH,372759
spotify:track:4FUfoWMypAyWbOavmYyeNu,218866
spotify:track:7CzEXcRHME6lwRXDFjA4bT,244093
spotify:track:2TqdfkGay7FLvdronHYAh4,151970
spotify:track:7My9ca9QEIR8MvIOdIrTWA,215120
spotify:track:3ynkDyWXMgspdVxrp022vu,219666
spotify:track:4lK6lXhFBHIQQyF9Kdck4d,198385
spotify:track:4UAPxdGgrbJjht2mwHnMUu,200546
spotify:track:3uYDO9dPLTVrgfwg7EYXSf,147904
spotify:track:0zUb5MPkQCcDxqTkXiEIud,188360
spotify:track:62oTd25XqwmcLDTnmvxNUF,199173
spotify:track:1fUl0jZAnH3oWVqAcQfPNc,274960
spotify:track:4qR8C5AzqUp0pe0fBskQoH,213666
spotify:track:1O9tDv6pIzQuLLBjzO7Nek,118181
spotify:track:24mEsJJhJeManXMz28UkNR,202280
spotify:track:4GLqtPto6Ky3FD2J1Hnckw,250026
spotify:track:2li2YIAG0WR8wlkgyUbmST,119901
spotify:track:6NVzt2cA5Mgjd3pQjU1xwD,178840
spotify:track:6vTPzTw4pN6kE7IkrqTSCd,200306
spotify:track:0AsI11DYiHFyQBM1BxWwSw,269110
spotify:track:4Sc5qEOSFI5rfS9IDyu0GO,285227
spotify:track:1lYH57YIoyfDmzSr9ggUgp,331373
spotify:track:4mWahKerLaVddUjb8d1Q4Q,241346
spotify:track:3EH5Jz4jPbDAxlO8pQ01Qj,153750
spotify:track:17xGX76BVzLRSbpYteAGR4,278000
spotify:track:60EkFnRSHQ8nnofL3Wns5X,85124
spotify:track:16sbugRbf9xEKlekuQ7Whm,257560
spotify:track:5YD4Em2NnI7iwViBYetZf1,232706
spotify:track:6gniSmkKkkwdjqBbUH3ebT,140968
spotify:track:3pMeuv4OBarYqVR2bqCPVN,208733
spotify:track:4l1IyA8O54OeAtlBGl13be,242200
spotify:track:7eUDIVvnoFyhkNqxXsmaqr,326906
spotify:track:0IfjReTYtafqN3uCfO3Xva,134933
spotify:track:77zlKibPvqudmNxMNpAtv6,159773
spotify:track:1Tr4K5MU5XYE44umXGDndd,259600
spotify:track:1lcwoylQLJUtl2pNNdZQ7p,295160
spotify:track:5pKUwnltLk7khjRuB5wpmq,150915
spotify:track:2fXKyAyPrEa24c6PJyqznF,351626
spotify:track:4mVLzFbc3gaCoWCEENLouc,258333
spotify:track:6kotXaSQaGYxE62hVpdHWu,209466
spotify:track:2c9Qmto7CoW21egdkLDdMg,156120
spotify:track:3n5te2xbUAPjzAnhLgA42z,190348
spotify:track:0h9fnCSnbUgOEgibnQByFv,258533
spotify:track:4QDvf8oOrSAz1bt1tDiwAR,201800
spotify:track:341zzm98KLs7O1GGjErHzO,319680
spotify:track:008YILXYfsMa2KuPY8bBtl,199000
spotify:track:5MnGlFK8BsRbmRYSP6mGyz,268066
spotify:track:4mJfDc1mot6O8NvPbXaTgq,315880
spotify:track:0nW8XVX13zTx58XcPvoLWb,161480
spotify:track:3Zm2gmffkeAwqLQxFOEsYo,368200
spotify:track:27j9AVfI5LAXWa8lr1q9Gm,204434
spotify:track:0Ll60pqkEBHqzdeclRHdnl,252706
spotify:track:2uHzhOP2cyjkWR52u7Z6O0,254546
spotify:track:6bSIFXOpsy4HWgZJnunobH,159892
spotify:track:0wYc8rgyT5EJV1yPCegv6z,186506
spotify:track:3RZMzCvYsmJ0u2ioKTOsmJ,179386
spotify:track:1y2jGfgALBBNZL6tXPI2Ke,163751
spotify:track:5NlNLQh2CDpbiA6FwWKipV,315453
spotify:track:0fcq51a3gOI6gPvzc0YLsk,170053
spotify:track:7pLv7INPq3DtgRGYPdHIAC,167706
spotify:track:2I3jWxB1atY6KAnwnIZbcD,215346
spotify:track:392OK8Qdmos0wNDrduiwy0,291640
spotify:track:5sS4g0adkAUXvLJHQ1i2kj,295400
spotify:track:7iCZekjYO87ggJxL6zkrPh,170965
spotify:track:3k1a7MqMDrEg4mw4lqIK2Z,101173
spotify:track:64JkfFIUe4gQTCXCQESF2X,369800
spotify:track:0Ar9dEwCv3KU7AhBDrZwYM,187178
spotify:track:5HhDLsqfNwRiG8p2VpizLd,127733
spotify:track:2fdfsGuqb6SBX5ocoBWHUd,197800
spotify:track:71N78jUmfhLeRDlLd8elfl,194631
spotify:track:6NoQrUkllYALouhkRYjoI5,192186
spotify:track:0sGUOyUDs3xySpBS0mWUCy,206393
spotify:track:4yCh9DjpjMGdNcTJdxToGK,299173
spotify:track:6GyDY0yE47rfk8pcuKhioh,290493
spotify:track:3yNZ5r3LKfdmjoS3gkhUCT,194839
spotify:track:1mGoy7Gp6uGHen73sXTiN3,222346
spotify:track:4piZ5m1vZGDkfyHga5U97m,179893
spotify:track:1hHGUdFaiJHw9hVZGJWYO2,180066
spotify:track:01Y5NXtQsIZTdc7sJ4qkt4,90960
spotify:track:2yi7HZrBOC4bMUSTcs4VK6,206506
spotify:track:63BajtvIkjP4GVtOChXObp,119950
spotify:track:5aHJug2wnupoGfgfxRudsk,185438
spotify:track:6eT7xZZlB2mwyzJ2sUKG6w,256532
spotify:track:6HOtn3ccKCgz2vQkWFIYnp,128985
spotify:track:4QxDOjgpYtQDxxbWPuEJOy,155306
spotify:track:7DJ9gWNLHCrUnG5fsp28WH,117835
spotify:track:26G5nmIx7Yvq79bIIluyZV,160266
spotify:track:6uqDDKscp822fKTscDwlQE,187364
spotify:track:6jicmftAt68SCq9LKBhVwI,143571
spotify:track:1AK5AYYFRCnd6qKrmh1N5t,309546
spotify:track:2RTT0nECi5fRsU9bO9IuwH,246733
spotify:track:3XQZbu3ujvI0TZgDS5afdQ,152200
spotify:track:3WoQufgfhW4koent5xzRio,239684
spotify:track:5T3JxG8cWXvHZiENvVYgg2,285349
spotify:track:6m4ybPFarMfc6PeyqFgwEx,473000
spotify:track:4cbSl44e72kzAsjKCZ1isb,203076
spotify:track:7pamxApUs3CE8t7tKmUJ6Z,217773
spotify:track:2O9kd5h4L3ZJlMByDnJmBQ,174640
spotify:track:4xqttklZFV1w1RKjbVh4na,190866
spotify:track:11xOwUHV7P1q7UpEQuMIrx,176283
spotify:track:0yh6HZzFXHrfrZxX6a9MjJ,141688
spotify:track:77KnJc8o5G1eKVwX5ywMeZ,230866
spotify:track:5eS6pTvDNOvh2kyxeZtK3r,387506
spotify:track:7JvmJDDMZMvWaWARsWK9Da,170054
spotify:track:4XP6qLtHI0n9UjIPTsuqe8,222730
spotify:track:0vbPYSrUlvu6zyRfAYu11K,274939
spotify:track:5RGFGWglZ2zRDWXOK7HyNq,264480
spotify:track:5EgYDyMDCi8X0zDydTF7Rb,253303
spotify:track:4S9wfqgMGwvpRFLV5PvpXk,293000
spotify:track:7pinBiweLBj4Zh4cjNSFey,202733
spotify:track:7e41gTSV9fKdsDqOgS47Wg,461268
spotify:track:1GtAULL8LO40vUalHk5h1S,196133
spotify:track:2LqPmrNUWC5xo33ONwdooI,437138
spotify:track:3qaRqV7dTbQV2VVMhd0ejd,238985
spotify:track:2fMiy8J2vId3hKY8UHPdzn,173666
spotify:track:413uLsfa4ScE0QnqxHkSA6,241586
spotify:track:4tljir1112UOLjqP2lXn4J,233840
spotify:track:6twxIDqQC2Oy0ZT7BLmgaY,442500
spotify:track:6LNoArVBBVZzUTUiAX2aKO,339249
spotify:track:5wysW5SkWMTlex7pvxkBgE,297200
spotify:track:6DVdsmiWG46btffaXgJH3i,343893
spotify:track:7GmiJVBAzWNikX5VkNQg85,208226
spotify:track:4hlQ8SVztDWxxD1rqR9T3y,283040
spotify:track:4OW3mOKba9cViQB4TaYlBQ,328440
spotify:track:7gNlaZaMIjRUfnAYd9Dvmt,169733
spotify:track:3Qjm0halGOZZGIS1tNaXlI,268880
spotify:track:3PfBnnkOf0LbCw2jixUCQG,265093
spotify:track:1RwwZazEU8glvGcJtTobfP,546000
spotify:track:2RPs5rAbwaMrjlguUC9jux,277173
spotify:track:5Yx9t9RgATAtYoHN8gbRM0,124021
spotify:track:0g2d9az1nHhDQ4fecenUB0,296786
spotify:track:6lnOwEEMWd9iO8ZYcdNvzp,66293
spotify:track:0lwkTJnLBVWvEnxtku7Msy,218280
spotify:track:3MpGQae6zAFd7Z1FdLV9fV,168293
spotify:track:4wNIkl5XGiAACjFBlDWuSd,180644
spotify:track:7lEK5tGV7rwigWmv6mtPaH,227834
spotify:track:5SoJgMbosyJLHLk7ThuFmr,294986
spotify:track:3lLQgfDr2em82Uk7YopVyo,172544
spotify:track:4WMuY659P2MKnoW40oGXe8,249746
spotify:track:4V8MJ9W3DfxSWDTpmDXHD5,259386
spotify:track:335SGs7Q58sUqkbgqF5Z3J,186832
spotify:track:4RVbK6cV0VqWdpCDcx3hiT,324674
spotify:track:5tU9JM1v72X7oM808Am6Fq,386706
spotify:track:6v3QCw4ca5cR4VkzpG0PHy,275945
spotify:track:4wajJ1o7jWIg62YqpkHC7S,318186
spotify:track:71MEFMeMFgELWkgmsPVeN5,232200
spotify:track:3SESmwaRfVQddNhwCSKQur,236334
spotify:track:7dQ2lz4Bltpn5lkqghcODN,263317
spotify:track:0zMAvsQmaQ4DGsmXtKixpn,262173
spotify:track:4p4XgwnZJCYOWSvz8ruiOY,332640
spotify:track:042Sl6Mn83JHyLEqdK7uI0,245896
spotify:track:2JzErxvclrRRG9bj9dEXR3,216774
spotify:track:2rM4g5n1YwiMNz5QX6zFmb,168107
spotify:track:3SSdgcic8a3hVaPytpQsiJ,328906
spotify:track:6Wp2paa3hhokVTqWWgcBzY,235422
spotify:track:31Tp5iKrVUayn65qhg06nE,187720
spotify:track:6XQW0CeP0azpbMb6jRiP6j,247333
spotify:track:2k3MqTGANsyR1knJbR4kIg,329386
spotify:track:3D8sT8D3f5egWSQnF0fbqu,170405
spotify:track:5YmRpp60mnuZWSSJBA3Zrk,128906
spotify:track:7pDspg2l98EwYQRcBpmQWK,84315
spotify:track:6U2qUexVHvmKtJ3Zuzq6OT,263594
spotify:track:6t4GpyK8VRghd5SjTC2eTa,223573
spotify:track:3EAbMbWQmh6f04u2Kh7wTH,168476
spotify:track:2GmzrYAysC8yL2ePz0Mqj3,231680
spotify:track:6PrKZUXJPmBiobMN44yR8Y,203226
spotify:track:074OTSJiAus6qfpGKx3IJP,231746
spotify:track:5hrsqusQlSqlWpvtjJpxPq,291906
spotify:track:6zWU7YALeEDMcPGhKKZJhV,194157
spotify:track:5mVcyopMGY8dSpN1ZyaBUD,196360
spotify:track:1vvNscyy6bSdvRXSROSrel,190000
spotify:track:3N5nNiaprUraccNMFqhYlf,172668
spotify:track:1vFu0ewXXis09aVD0SdrD9,263653
spotify:track:1CAO7hiNOxJRPW4nFv2aRO,198933
spotify:track:6xsEAm6w9oMQYYg3jkEkMT,200106
spotify:track:2mVWxh2qzGfmNmI1VW4t9J,216106
spotify:track:0baNzeUcPQnQSagpe8T0mD,126312
spotify:track:3Dl9MaoQbHCrAnj3n7C9AL,78787
spotify:track:6V09NBV5gP0EhqnxXE0lNL,165067
spotify:track:1Nw4OIdz16ELHuwgc0FA9A,168466
spotify:track:17U1wjTa7sxkiDfa7bL7y0,122560
spotify:track:5ncEOkLeJzjjzmcDJShDie,213156
spotify:track:4Z0XtXsWNYv15BaDS0sGC3,63271
spotify:track:7rEknBdEbWoO1jP5k3LUBB,286367
spotify:track:1IbNYr8ByXsgwGbmOxLBXP,547244
spotify:track:4gwltSjdrzKtKz9dlk2Wja,187415
spotify:track:1nCV2d1RAch7t2kRmwet5N,184933
spotify:track:0Zbbxnx4SGGHoIow4PpISP,236853
spotify:track:3nNmRE0DxHC6ZaKkrpUumS,216327
spotify:track:5rlgdGJRuzjf4fuoD85VOt,201186
spotify:track:4VbvvkVr4i5ZDraIWH2z6W,344440
spotify:track:4Vfan2rTFpBwHOWuD5pA06,221088
spotify:track:5jEUZSxLX8EbuhcXncEnDE,149000
spotify:track:61ZVP6ytLwYnbLonbJtzR6,241746
spotify:track:4Is1ApX0upMPWpyzQNW48i,231706
spotify:track:1SgUjGzbmmMOsGFTVwQ59L,132000
spotify:track:4fPBB44eDH71YohayI4eKV,189226
spotify:track:2f6s0AcBRBE0vIOU0NMdXw,151800
spotify:track:5FX1YsjAPJ9Q48RXmRFX5H,230239
spotify:track:23M7cQkNJLiddeubvVgaQl,257600
spotify:track:558S2P5A4Ku4bnXheLaXeG,224352
spotify:track:5fNVP880fIctVU6IxMVm9J,234960
spotify:track:7HQrFPtLEpgTJaEVujH8OO,220880
spotify:track:4oh6NKtMdiXIhgGGQBR09b,229738
spotify:track:75gNMvFoQmXRfr9zw9vV0d,34697
spotify:track:4P0UmzUN00aoPLrgnqfZUX,236480
spotify:track:6xKmaLfne8mU7DYcqvCtSB,217849
spotify:track:4fSIb4hdOQ151TILNsSEaF,199604
spotify:track:4LU9AG50VYWy7y7da84Lve,181750
spotify:track:1D3n0cdyEgTVz1vOfhsKag,195400
spotify:track:03SkEXcFEOOGNJnr06uSmR,221820
spotify:track:2ufCG82qQ5JzHrg1EV3fv0,196133
spotify:track:7ECJKJFSrIglu445WkOJlW,134000
spotify:track:2jSAkK7caZ2eszBM6fEOZ9,229986
spotify:track:78JmElAFmrPNhLjovDR9Jm,141506
spotify:track:4dd9GGN2kHb1d28yGL578m,103291
spotify:track:4X1H8gRrj5C0WpX6P8r5Gj,160014
spotify:track:73223dUemWwR8scrzhudMc,147421
spotify:track:4PPwkLq2ld1k09Bl5NkyZB,169600
spotify:track:5GCz9BOkt17aI6ZOR3EiUl,175666
spotify:track:4qlb4cHm1GmndU5p3Z5s4T,239360
spotify:track:3zhH1Ng7NRBX8ZQAULwXNm,188426
spotify:track:11Ca0AKqxwzUYwE9d3S4Sn,155527
spotify:track:2LseyBkPJv7r7wCt2yMEgX,196760
spotify:track:4fQMGlCawbTkH9yPPZ49kP,176333
spotify:track:6AxRGtu8gdKPeynxdHsmzC,162797
spotify:track:6J6dW5xRL2eGCiteRZoptJ,190813
spotify:track:28t0Fp23qgptKwnTn55Hq2,228547
spotify:track:1QZx8T9htiF9ZnHqBrqFMK,257000
spotify:track:6D9aRudDG5gakuvR76xZvV,452000
spotify:track:2fvLQe9ZlRaEJ5o4sG3TbM,407240
spotify:track:770DL6JrLIdC2fAqyCMC4M,134000
spotify:track:7tMEUrMaMzE0YptCGfsXzt,186409
spotify:track:5CTAcf8aS0a0sIsDwQRF9C,180813
spotify:track:0mfELboTCH1wqCRfByB6Lc,174000
spotify:track:0eWsRPDRjvZYlE7nXPQ26C,329823
spotify:track:2FRnf9qhLbvw8fu4IBXx78,262960
spotify:track:0V472Br1hpLSczZdow8MJd,431626
spotify:track:3MlQPB0wJuopo3NTZGlMpI,201026
spotify:track:04MNKrAnzrHDUzuXAtNoLr,183973
spotify:track:54nXfazEeJzQSPxbIM6WsN,140000
spotify:track:2nTePC0sPbtVnnjYgPz7ff,169848
